Stock,Entry Date,Exit Date,Entry,Exit,Invested,Profit,Return %,Exit Reason,Cumulative Profit,Equity
AUSOMENT.NS,2016-04-26 00:00:00+05:30,2016-04-28 00:00:00+05:30,22.43880653,20.58081818,5000,-414.0122949,-8.280245898,Stop Loss,-414.0122949,99585.98771
HUBTOWN.NS,2016-04-26 00:00:00+05:30,2016-04-28 00:00:00+05:30,109.5999985,105,5000,-209.8539479,-4.197078958,Stop Loss,-623.8662428,99376.13376
THANGAMAYL.NS,2016-04-26 00:00:00+05:30,2016-04-29 00:00:00+05:30,95.50769806,89.03761292,5000,-338.7206097,-6.774412195,Stop Loss,-962.5868525,99037.41315
MANAKCOAT.NS,2016-04-28 00:00:00+05:30,2016-04-29 00:00:00+05:30,3.930743456,3.681962252,4937.613376,-312.5071416,-6.329113233,Stop Loss,-1275.093994,98724.90601
SHREERAMA.NS,2016-04-28 00:00:00+05:30,2016-04-29 00:00:00+05:30,5.244122028,4.981915951,4937.613376,-246.8806463,-4.999999545,Stop Loss,-1521.97464,98478.02536
SESHAPAPER.NS,2016-04-26 00:00:00+05:30,2016-05-02 00:00:00+05:30,41.99236679,40.22784424,5000,-210.1003929,-4.202007858,Stop Loss,-1732.075033,98267.92497
JMA.NS,2016-04-29 00:00:00+05:30,2016-05-02 00:00:00+05:30,28.56776619,27.77422142,4844.755401,-134.5758111,-2.777762755,UT Sell,-1866.650844,98133.34916
SOLARINDS.NS,2016-05-02 00:00:00+05:30,2016-05-03 00:00:00+05:30,664.3016968,650.039978,4821.07645,-103.5024248,-2.14687375,UT Sell,-1970.153269,98029.84673
UNITEDTEA.NS,2016-05-02 00:00:00+05:30,2016-05-03 00:00:00+05:30,478.4470215,457.4528809,4821.07645,-211.5476791,-4.387976031,Stop Loss,-2181.700948,97818.29905
CGCL.NS,2016-04-28 00:00:00+05:30,2016-05-04 00:00:00+05:30,26.15576744,24.6359539,4937.613376,-286.9061926,-5.810624907,Stop Loss,-2468.607141,97531.39286
GMRAIRPORT.NS,2016-04-29 00:00:00+05:30,2016-05-04 00:00:00+05:30,11.35169888,10.72104931,4844.755401,-269.1529195,-5.555552288,Stop Loss,-2737.760061,97262.23994
VEDL.NS,2016-05-02 00:00:00+05:30,2016-05-04 00:00:00+05:30,36.75721741,34.74835968,4821.07645,-263.4817694,-5.465206206,Stop Loss,-3001.24183,96998.75817
POONAWALLA.NS,2016-05-02 00:00:00+05:30,2016-05-04 00:00:00+05:30,92.62359619,90.02666473,4821.07645,-135.1707946,-2.803747171,UT Sell,-3136.412624,96863.58738
SASTASUNDR.NS,2016-05-04 00:00:00+05:30,2016-05-05 00:00:00+05:30,80.09999847,76.84999847,4617.4525,-187.3498241,-4.057428292,Stop Loss,-3323.762449,96676.23755
INDRAMEDCO.NS,2016-05-04 00:00:00+05:30,2016-05-06 00:00:00+05:30,46.56990814,44.42550659,4617.4525,-212.6195368,-4.604693537,Stop Loss,-3536.381985,96463.61801
WABAG.NS,2016-05-02 00:00:00+05:30,2016-05-06 00:00:00+05:30,574.098877,548.4815674,4821.07645,-215.1249773,-4.462177266,Stop Loss,-3751.506963,96248.49304
GABRIEL.NS,2016-05-03 00:00:00+05:30,2016-05-06 00:00:00+05:30,84.02787781,80.0587616,4663.551398,-220.2861472,-4.723570694,Stop Loss,-3971.79311,96028.20689
GOKULAGRO.NS,2016-05-06 00:00:00+05:30,2016-05-09 00:00:00+05:30,6.363330841,6.089907169,4484.683229,-192.7007389,-4.296863994,Stop Loss,-4164.493849,95835.50615
MANAKSIA.NS,2016-05-06 00:00:00+05:30,2016-05-09 00:00:00+05:30,26.34025574,25.23617554,4484.683229,-187.9803297,-4.191607747,Stop Loss,-4352.474179,95647.52582
CENTURYPLY.NS,2016-04-26 00:00:00+05:30,2016-05-10 00:00:00+05:30,179.082077,177.3852844,5000,-47.37471864,-0.947494373,UT Sell,-4399.848897,95600.1511
LFIC.NS,2016-05-03 00:00:00+05:30,2016-05-12 00:00:00+05:30,23.37709999,25.69723511,4663.551398,462.8490861,9.924820091,UT Sell,-3936.999811,96063.00019
LTF.NS,2016-04-26 00:00:00+05:30,2016-05-13 00:00:00+05:30,60.0444603,61.39566803,5000,112.5172686,2.250345372,UT Sell,-3824.482542,96175.51746
JTEKTINDIA.NS,2016-04-27 00:00:00+05:30,2016-05-13 00:00:00+05:30,48.50172424,46.41359329,5000,-215.2635791,-4.305271583,Stop Loss,-4039.746122,95960.25388
JPOLYINVST.NS,2016-05-12 00:00:00+05:30,2016-05-13 00:00:00+05:30,83.94999695,80.34999847,5126.400484,-219.8336461,-4.288265164,Stop Loss,-4259.579768,95740.42023
BSOFT.NS,2016-04-28 00:00:00+05:30,2016-05-16 00:00:00+05:30,84.4136734,84.62332153,4937.613376,12.26295908,0.248358025,UT Sell,-4247.316809,95752.68319
MASTEK.NS,2016-04-27 00:00:00+05:30,2016-05-19 00:00:00+05:30,129.3471832,123.7176437,5000,-217.6135324,-4.352270648,Stop Loss,-4464.930341,95535.06966
PUNJABCHEM.NS,2016-05-02 00:00:00+05:30,2016-05-19 00:00:00+05:30,163.392746,167.473877,4821.07645,120.4181027,2.497743065,UT Sell,-4344.512238,95655.48776
TANLA.NS,2016-05-16 00:00:00+05:30,2016-05-19 00:00:00+05:30,34.63460159,34.72634125,4949.876335,13.1111641,0.264878619,UT Sell,-4331.401074,95668.59893
SOMATEX.NS,2016-05-19 00:00:00+05:30,2016-05-20 00:00:00+05:30,6.300000191,5.5,4895.62284,-621.6665218,-12.69841534,Stop Loss,-4953.067596,95046.9324
CAPLIPOINT.NS,2016-05-13 00:00:00+05:30,2016-05-20 00:00:00+05:30,199.7459259,187.2144318,4934.606843,-309.5832691,-6.273717015,Stop Loss,-5262.650865,94737.34913
NAGREEKCAP.NS,2016-05-13 00:00:00+05:30,2016-05-20 00:00:00+05:30,14.39999962,14.19999981,4934.606843,-68.5361426,-1.388887601,UT Sell,-5331.187008,94668.81299
USHAMART.NS,2016-05-09 00:00:00+05:30,2016-05-20 00:00:00+05:30,13.50665092,12.88178635,4294.342695,-198.6712066,-4.626347284,Stop Loss,-5529.858214,94470.14179
GENUSPOWER.NS,2016-05-05 00:00:00+05:30,2016-05-20 00:00:00+05:30,52.35691833,49.90774536,4523.777588,-211.6150866,-4.677840201,Stop Loss,-5741.473301,94258.5267
KARMAENG.NS,2016-05-02 00:00:00+05:30,2016-05-23 00:00:00+05:30,17.60000038,17.39999962,4821.07645,-54.78516746,-1.136367947,UT Sell,-5796.258468,94203.74153
STAR.NS,2016-05-02 00:00:00+05:30,2016-05-23 00:00:00+05:30,962.1717529,915.7333374,4821.07645,-232.6852257,-4.826416426,Stop Loss,-6028.943694,93971.05631
BALRAMCHIN.NS,2016-04-29 00:00:00+05:30,2016-05-24 00:00:00+05:30,93.61838531,90.51526642,4844.755401,-160.5865342,-3.314646889,UT Sell,-6189.530228,93810.46977
AVANTIFEED.NS,2016-05-05 00:00:00+05:30,2016-05-24 00:00:00+05:30,138.4731903,133.713089,4523.777588,-155.5076446,-3.437561674,UT Sell,-6345.037873,93654.96213
AUSOMENT.NS,2016-05-20 00:00:00+05:30,2016-05-24 00:00:00+05:30,21.86712074,20.81902313,4434.576916,-212.5505925,-4.793029786,Stop Loss,-6557.588465,93442.41153
ASAL.NS,2016-04-26 00:00:00+05:30,2016-05-25 00:00:00+05:30,38.04999924,38.29999924,5000,32.85151183,0.657030237,UT Sell,-6524.736953,93475.26305
INDNIPPON.NS,2016-04-27 00:00:00+05:30,2016-05-26 00:00:00+05:30,168.4317474,167.3018799,5000,-33.54081315,-0.670816263,UT Sell,-6558.277767,93441.72223
PFC.NS,2016-05-13 00:00:00+05:30,2016-05-26 00:00:00+05:30,39.91212082,38.27676392,4934.606843,-202.190292,-4.097394149,Stop Loss,-6760.468059,93239.53194
VMART.NS,2016-05-19 00:00:00+05:30,2016-05-30 00:00:00+05:30,129.7452545,124.1247635,4895.62284,-212.0756119,-4.331943429,Stop Loss,-6972.543671,93027.45633
SHAHALLOYS.NS,2016-05-26 00:00:00+05:30,2016-05-30 00:00:00+05:30,8.600000381,8.5,4849.437869,-56.38902503,-1.162795082,UT Sell,-7028.932696,92971.0673
WEBELSOLAR.NS,2016-05-20 00:00:00+05:30,2016-05-31 00:00:00+05:30,5.085000038,4.65500021,4434.576916,-374.9984854,-8.456240415,Stop Loss,-7403.931181,92596.06882
EKC.NS,2016-05-24 00:00:00+05:30,2016-05-31 00:00:00+05:30,16.18036079,15.10493088,4424.821711,-294.0963866,-6.64651382,Stop Loss,-7698.027568,92301.97243
CESC.NS,2016-05-06 00:00:00+05:30,2016-05-31 00:00:00+05:30,34.23480225,34.3673439,4484.683229,17.36266329,0.387154731,UT Sell,-7680.664904,92319.3351
ZENITHSTL.NS,2016-05-19 00:00:00+05:30,2016-05-31 00:00:00+05:30,0.75,0.699999988,4895.62284,-326.3749338,-6.666668256,Stop Loss,-8007.039838,91992.96016
KTKBANK.NS,2016-05-20 00:00:00+05:30,2016-06-01 00:00:00+05:30,67.37406158,70.01399994,4434.576916,173.7613766,3.918330426,UT Sell,-7833.278462,92166.72154
SILINV.NS,2016-05-30 00:00:00+05:30,2016-06-01 00:00:00+05:30,78.56478119,75.50263977,4738.298036,-184.6799348,-3.897600645,UT Sell,-8017.958396,91982.0416
KARURVYSYA.NS,2016-05-23 00:00:00+05:30,2016-06-02 00:00:00+05:30,59.84898758,57.29876709,4677.341254,-199.3058193,-4.261092113,Stop Loss,-8217.264216,91782.73578
PREMIERPOL.NS,2016-05-31 00:00:00+05:30,2016-06-02 00:00:00+05:30,3.436715841,3.273924351,4315.399389,-204.4132629,-4.736833014,Stop Loss,-8421.677479,91578.32252
NAGREEKCAP.NS,2016-06-01 00:00:00+05:30,2016-06-02 00:00:00+05:30,14.80000019,14.10000038,4580.978197,-216.6678259,-4.72972838,Stop Loss,-8638.345304,91361.6547
KOTHARIPET.NS,2016-05-31 00:00:00+05:30,2016-06-03 00:00:00+05:30,19.26640511,18.46549416,4315.399389,-179.3926061,-4.157033683,Stop Loss,-8817.737911,91182.26209
KAMDHENU.NS,2016-05-30 00:00:00+05:30,2016-06-03 00:00:00+05:30,2.634544611,2.557482719,4738.298036,-138.5978464,-2.925055481,UT Sell,-8956.335757,91043.66424
ADANIENT.NS,2016-05-26 00:00:00+05:30,2016-06-03 00:00:00+05:30,39.55224228,38.45801544,4849.437869,-134.1614218,-2.766535534,UT Sell,-9090.497179,90909.50282
CUBEXTUB.NS,2016-05-20 00:00:00+05:30,2016-06-03 00:00:00+05:30,9.649999619,11.14999962,4434.576916,689.3125013,15.54404207,UT Sell,-8401.184678,91598.81532
REDINGTON.NS,2016-05-10 00:00:00+05:30,2016-06-06 00:00:00+05:30,37.62165833,37.03713989,4952.625281,-76.9477183,-1.553675353,UT Sell,-8478.132396,91521.8676
SEAMECLTD.NS,2016-05-31 00:00:00+05:30,2016-06-06 00:00:00+05:30,90.53794098,86.61231232,4315.399389,-187.1111199,-4.33589346,Stop Loss,-8665.243516,91334.75648
FILATEX.NS,2016-06-03 00:00:00+05:30,2016-06-09 00:00:00+05:30,6.662471771,6.303798676,4643.718209,-249.9938225,-5.383483908,Stop Loss,-8915.237338,91084.76266
AUSOMENT.NS,2016-06-01 00:00:00+05:30,2016-06-16 00:00:00+05:30,22.29588509,23.53454971,4580.978197,254.4996814,5.555575041,UT Sell,-8660.737657,91339.26234
SOTL.NS,2016-05-24 00:00:00+05:30,2016-06-20 00:00:00+05:30,101.0374146,103.3263931,4424.821711,100.2432826,2.265476197,UT Sell,-8560.494374,91439.50563
JMA.NS,2016-06-16 00:00:00+05:30,2016-06-22 00:00:00+05:30,32.02764511,30.78971291,4835.477878,-186.9008406,-3.865198958,UT Sell,-8747.395215,91252.60479
ELECTHERM.NS,2016-06-09 00:00:00+05:30,2016-06-22 00:00:00+05:30,63.95000076,73.84999847,4393.724387,680.1854707,15.48084065,UT Sell,-8067.209744,91932.79026
GESHIP.NS,2016-05-20 00:00:00+05:30,2016-06-23 00:00:00+05:30,232.5937347,228.9240875,4434.576916,-69.96462246,-1.57770682,UT Sell,-8137.174367,91862.82563
KOTAKBANK.NS,2016-04-26 00:00:00+05:30,2016-06-24 00:00:00+05:30,139.2632904,145.8305664,5000,235.786329,4.715726579,UT Sell,-7901.388038,92098.61196
TFCILTD.NS,2016-06-02 00:00:00+05:30,2016-06-24 00:00:00+05:30,6.459823132,6.161939621,4317.77731,-199.1067924,-4.611326108,Stop Loss,-8100.49483,91899.50517
JMFINANCIL.NS,2016-06-02 00:00:00+05:30,2016-06-24 00:00:00+05:30,39.93705368,41.73293686,4317.77731,194.1611342,4.496784347,UT Sell,-7906.333696,92093.6663
STCINDIA.NS,2016-06-03 00:00:00+05:30,2016-06-24 00:00:00+05:30,91.75,95.5,4643.718209,189.797747,4.08719346,UT Sell,-7716.535949,92283.46405
BIRLACORPN.NS,2016-05-24 00:00:00+05:30,2016-07-01 00:00:00+05:30,348.7341309,505.4594421,4424.821711,1988.568077,44.94120231,UT Sell,-5727.967872,94272.03213
MAGNUM.NS,2016-07-01 00:00:00+05:30,2016-07-04 00:00:00+05:30,3.099061966,2.908350945,6413.389789,-394.6691389,-6.153830531,Stop Loss,-6122.63701,93877.36299
CHAMBLFERT.NS,2016-06-02 00:00:00+05:30,2016-07-05 00:00:00+05:30,53.40927505,54.76544571,4317.77731,109.6371908,2.539204385,UT Sell,-6012.99982,93987.00018
UNICHEMLAB.NS,2016-06-22 00:00:00+05:30,2016-07-05 00:00:00+05:30,246.1369629,250.8179321,4861.243447,92.44987331,1.901774192,UT Sell,-5920.549946,94079.45005
MUTHOOTFIN.NS,2016-06-24 00:00:00+05:30,2016-07-07 00:00:00+05:30,237.2067871,233.9279633,4674.977812,-64.62053193,-1.382263928,UT Sell,-5985.170478,94014.82952
GOLDTECH.NS,2016-06-24 00:00:00+05:30,2016-07-08 00:00:00+05:30,6.75,6.300000191,4674.977812,-311.6650554,-6.666663841,Stop Loss,-6296.835534,93703.16447
KHAITANLTD.NS,2016-05-23 00:00:00+05:30,2016-07-11 00:00:00+05:30,10.80000019,10.75,4677.341254,-21.65443988,-0.462964721,UT Sell,-6318.489973,93681.51003
SHAHALLOYS.NS,2016-07-07 00:00:00+05:30,2016-07-11 00:00:00+05:30,8.800000191,8.699999809,4610.35728,-52.39062235,-1.136367947,UT Sell,-6370.880596,93629.1194
AJANTPHARM.NS,2016-06-24 00:00:00+05:30,2016-07-12 00:00:00+05:30,899.3111572,978.1297607,4674.977812,409.7305139,8.764330664,UT Sell,-5961.150082,94038.84992
SRHHYPOLTD.NS,2016-07-11 00:00:00+05:30,2016-07-13 00:00:00+05:30,95.30789185,88.68170929,4606.826736,-320.2848617,-6.95239652,Stop Loss,-6281.434944,93718.56506
BANCOINDIA.NS,2016-05-25 00:00:00+05:30,2016-07-13 00:00:00+05:30,34.16337204,39.88623428,5032.851512,843.0759078,16.75145602,UT Sell,-5438.359036,94561.64096
TNPETRO.NS,2016-07-13 00:00:00+05:30,2016-07-18 00:00:00+05:30,18.18324852,17.42736435,5081.234647,-211.2287489,-4.15703591,Stop Loss,-5649.587785,94350.41222
JPOLYINVST.NS,2016-07-18 00:00:00+05:30,2016-07-20 00:00:00+05:30,106.75,97.15000153,4870.005898,-437.9583062,-8.992972809,Stop Loss,-6087.546091,93912.45391
INDIANB.NS,2016-06-06 00:00:00+05:30,2016-07-21 00:00:00+05:30,79.38961792,125.5851364,4501.982916,2619.630129,58.18836229,UT Sell,-3467.915962,96532.08404
TRIVENI.NS,2016-06-03 00:00:00+05:30,2016-07-26 00:00:00+05:30,44.89523697,53.64638901,4643.718209,905.1713904,19.49238411,UT Sell,-2562.744571,97437.25543
GRAVITA.NS,2016-07-04 00:00:00+05:30,2016-07-27 00:00:00+05:30,17.26124954,23.49191475,6018.72065,2172.532947,36.09625822,UT Sell,-390.211624,99609.78838
REMSONSIND.NS,2016-07-13 00:00:00+05:30,2016-07-27 00:00:00+05:30,8.933883667,8.570943832,5081.234647,-206.4256186,-4.062509074,Stop Loss,-596.6372426,99403.36276
CUBEXTUB.NS,2016-07-27 00:00:00+05:30,2016-08-01 00:00:00+05:30,12.44999981,12.19999981,6533.031313,-131.1853697,-2.008032159,UT Sell,-727.8226123,99272.17739
INDOTHAI.NS,2016-07-05 00:00:00+05:30,2016-08-02 00:00:00+05:30,2.212843895,2.23441124,4690.553911,45.71619042,0.974643748,UT Sell,-682.1064219,99317.89358
BAJAJHLDNG.NS,2016-07-11 00:00:00+05:30,2016-08-02 00:00:00+05:30,1446.337646,1566.110107,4606.826736,381.495273,8.281085764,UT Sell,-300.6111489,99699.38885
HEG.NS,2016-05-09 00:00:00+05:30,2016-08-03 00:00:00+05:30,26.1523571,27.86616135,4294.342695,281.4148916,6.553154036,UT Sell,-19.19625729,99980.80374
THOMASCOTT.NS,2016-07-05 00:00:00+05:30,2016-08-08 00:00:00+05:30,11.69999981,14.75,4690.553911,1222.75133,26.06837812,UT Sell,1203.555072,101203.5551
BANCOINDIA.NS,2016-07-21 00:00:00+05:30,2016-08-08 00:00:00+05:30,43.22902679,52.8027916,7121.613045,1577.196004,22.14661192,UT Sell,2780.751076,102780.7511
MUTHOOTFIN.NS,2016-07-26 00:00:00+05:30,2016-08-11 00:00:00+05:30,240.3594513,309.6761169,5548.889599,1600.230501,28.83875183,UT Sell,4380.981577,104380.9816
BPCL.NS,2016-08-08 00:00:00+05:30,2016-08-12 00:00:00+05:30,111.0267487,106.1227264,7306.057145,-322.7066179,-4.416973636,Stop Loss,4058.274959,104058.275
PREMIERPOL.NS,2016-07-27 00:00:00+05:30,2016-08-12 00:00:00+05:30,3.825608015,4.169280052,6533.031313,586.8923766,8.983461865,UT Sell,4645.167335,104645.1673
JBCHEPHARM.NS,2016-08-03 00:00:00+05:30,2016-08-16 00:00:00+05:30,127.1315689,125.0380936,4575.757587,-75.34899286,-1.64669984,UT Sell,4569.818342,104569.8183
CHENNPETRO.NS,2016-08-16 00:00:00+05:30,2016-08-19 00:00:00+05:30,208.2172241,208.0632935,4500.408594,-3.32705849,-0.073927921,UT Sell,4566.491284,104566.4913
NITCO.NS,2016-06-03 00:00:00+05:30,2016-08-22 00:00:00+05:30,41.45000076,54.34999847,4643.718209,1445.209968,31.12182744,UT Sell,6011.701252,106011.7013
ADANIENT.NS,2016-08-19 00:00:00+05:30,2016-08-25 00:00:00+05:30,41.07348633,39.09854126,4497.081535,-216.2341158,-4.808321,Stop Loss,5795.467136,105795.4671
KOHINOOR.NS,2016-08-22 00:00:00+05:30,2016-08-26 00:00:00+05:30,66.5,63.75,6088.928177,-251.7977817,-4.135338346,Stop Loss,5543.669354,105543.6694
WEBELSOLAR.NS,2016-06-20 00:00:00+05:30,2016-08-29 00:00:00+05:30,3.900000095,3.734999895,4525.064994,-191.4452851,-4.230774262,Stop Loss,5352.224069,105352.2241
AUSOMENT.NS,2016-08-29 00:00:00+05:30,2016-08-30 00:00:00+05:30,19.00867081,18.10349655,4333.619709,-206.362719,-4.761901895,Stop Loss,5145.86135,105145.8613
PENIND.NS,2016-06-23 00:00:00+05:30,2016-09-01 00:00:00+05:30,43.45000076,43.25,4364.612294,-20.09035152,-0.460300942,UT Sell,5125.770998,105125.771
BPCL.NS,2016-08-25 00:00:00+05:30,2016-09-01 00:00:00+05:30,109.4713669,107.3761749,4280.847419,-81.93189993,-1.913917781,UT Sell,5043.839099,105043.8391
SHAHALLOYS.NS,2016-08-30 00:00:00+05:30,2016-09-02 00:00:00+05:30,9.899999619,9.199999809,4127.25699,-291.8261835,-7.070705417,Stop Loss,4752.012915,104752.0129
MASTEK.NS,2016-08-08 00:00:00+05:30,2016-09-06 00:00:00+05:30,118.132103,112.9423828,7306.057145,-320.9660292,-4.393149723,Stop Loss,4431.046886,104431.0469
TATACOMM.NS,2016-08-02 00:00:00+05:30,2016-09-12 00:00:00+05:30,254.8287659,274.2672424,4862.296055,370.898582,7.628054273,UT Sell,4801.945468,104801.9455
GABRIEL.NS,2016-08-02 00:00:00+05:30,2016-09-12 00:00:00+05:30,94.60148621,104.007103,4862.296055,483.4267949,9.942356233,UT Sell,5285.372263,105285.3723
GRAVITA.NS,2016-08-01 00:00:00+05:30,2016-09-12 00:00:00+05:30,24.42228889,26.98081398,6401.845943,670.6694655,10.47618877,UT Sell,5956.041728,105956.0417
SUMMITSEC.NS,2016-06-22 00:00:00+05:30,2016-09-12 00:00:00+05:30,331.1000061,397.3999939,4861.243447,973.4230604,20.02415783,UT Sell,6929.464788,106929.4648
FEDERALBNK.NS,2016-05-04 00:00:00+05:30,2016-09-12 00:00:00+05:30,44.70678329,65.59520721,4617.4525,2157.419929,46.72316454,UT Sell,9086.884718,109086.8847
CGCL.NS,2016-07-20 00:00:00+05:30,2016-09-12 00:00:00+05:30,26.28625488,41.95075226,4432.047592,2641.144514,59.59197096,UT Sell,11728.02923,111728.0292
KHAITANLTD.NS,2016-08-11 00:00:00+05:30,2016-09-16 00:00:00+05:30,10.55000019,10.39999962,7149.1201,-101.6466433,-1.421806346,UT Sell,11626.38259,111626.3826
NAGREEKCAP.NS,2016-08-26 00:00:00+05:30,2016-09-16 00:00:00+05:30,13,13.10000038,5837.130395,44.90117432,0.769233704,UT Sell,11671.28376,111671.2838
BAJAJHLDNG.NS,2016-09-02 00:00:00+05:30,2016-09-16 00:00:00+05:30,1637.53186,1573.510864,3835.430806,-149.950121,-3.909603083,UT Sell,11521.33364,111521.3336
THOMASCOTT.NS,2016-09-06 00:00:00+05:30,2016-09-19 00:00:00+05:30,12.60000038,13.69999981,6985.091115,609.8092061,8.730153925,UT Sell,12131.14285,112131.1428
MAGNUM.NS,2016-09-16 00:00:00+05:30,2016-09-20 00:00:00+05:30,2.812994957,2.717638969,5538.328571,-187.7403971,-3.389838553,UT Sell,11943.40245,111943.4025
REMSONSIND.NS,2016-09-16 00:00:00+05:30,2016-09-23 00:00:00+05:30,8.375516891,8.003272057,5538.328571,-246.1476982,-4.444440143,Stop Loss,11697.25475,111697.2548
INDSWFTLAB.NS,2016-09-20 00:00:00+05:30,2016-09-26 00:00:00+05:30,39.15000153,36.54999924,5350.588173,-355.339488,-6.64112947,Stop Loss,11341.91526,111341.9153
TDPOWERSYS.NS,2016-09-14 00:00:00+05:30,2016-09-29 00:00:00+05:30,35.45801544,33.30539703,6222.360656,-377.752898,-6.070893651,Stop Loss,10964.16237,110964.1624
JSL.NS,2016-09-26 00:00:00+05:30,2016-09-29 00:00:00+05:30,22.51775169,23.79605293,4995.248685,283.5732746,5.676860001,UT Sell,11247.73564,111247.7356
IOC.NS,2016-09-16 00:00:00+05:30,2016-09-29 00:00:00+05:30,50.55142975,50.84399033,5538.328571,32.05243872,0.578738482,UT Sell,11279.78808,111279.7881
TBZ.NS,2016-09-14 00:00:00+05:30,2016-09-29 00:00:00+05:30,59.45576477,56.25463104,6222.360656,-335.0155976,-5.384059461,Stop Loss,10944.77248,110944.7725
GRAVITA.NS,2016-09-14 00:00:00+05:30,2016-09-29 00:00:00+05:30,28.42289162,28.65548515,6222.360656,50.91955066,0.818331715,UT Sell,10995.69203,110995.692
POWERMECH.NS,2016-09-01 00:00:00+05:30,2016-09-29 00:00:00+05:30,238.4532013,233.7203217,4271.718731,-84.78615717,-1.984825372,UT Sell,10910.90588,110910.9059
STEL.NS,2016-09-12 00:00:00+05:30,2016-09-29 00:00:00+05:30,35.5,39.09999847,6222.360656,630.9996864,10.14084077,UT Sell,11541.90556,111541.9056
VOLTAMP.NS,2016-09-01 00:00:00+05:30,2016-09-29 00:00:00+05:30,699.3370361,667.6518555,4271.718731,-193.5407003,-4.53074541,Stop Loss,11348.36486,111348.3649
SHARDAMOTR.NS,2016-07-12 00:00:00+05:30,2016-09-29 00:00:00+05:30,163.7110291,205.9957581,5084.708326,1313.323329,25.8288823,UT Sell,12661.68819,112661.6882
SUBROS.NS,2016-07-08 00:00:00+05:30,2016-09-29 00:00:00+05:30,91.79595184,120.2807922,4363.312757,1353.962402,31.03060628,UT Sell,14015.65059,114015.6506
INDIAGLYCO.NS,2016-06-06 00:00:00+05:30,2016-09-29 00:00:00+05:30,37.15724182,52.16306305,4501.982916,1818.109943,40.38464776,UT Sell,15833.76054,115833.7605
BALAXI.NS,2016-09-19 00:00:00+05:30,2016-10-04 00:00:00+05:30,3.165525198,3.395200491,7594.900322,551.0494617,7.255519341,UT Sell,16384.81,116384.81
INDSWFTLAB.NS,2016-10-03 00:00:00+05:30,2016-10-06 00:00:00+05:30,42.29999924,39.04999924,5673.482419,-435.9058675,-7.683215269,Stop Loss,15948.90413,115948.9041
CHAMBLFERT.NS,2016-10-03 00:00:00+05:30,2016-10-10 00:00:00+05:30,49.28284454,48.09283066,5673.482419,-136.9953971,-2.414661525,UT Sell,15811.90873,115811.9087
STCINDIA.NS,2016-08-12 00:00:00+05:30,2016-10-13 00:00:00+05:30,111.3499985,125.1500015,7051.637108,873.9345752,12.3933572,UT Sell,16685.84331,116685.8433
BIRLACABLE.NS,2016-09-12 00:00:00+05:30,2016-10-13 00:00:00+05:30,32.99705887,34.99547577,6222.360656,376.8478502,6.056348563,UT Sell,17062.69116,117062.6912
HINDZINC.NS,2016-09-23 00:00:00+05:30,2016-10-13 00:00:00+05:30,103.5642242,110.8039017,5292.180872,369.9509429,6.990519634,UT Sell,17432.6421,117432.6421
MAITHANALL.NS,2016-09-30 00:00:00+05:30,2016-10-14 00:00:00+05:30,246.3816376,233.4458771,5673.482419,-297.8745108,-5.250294066,Stop Loss,17134.76759,117134.7676
BASF.NS,2016-04-26 00:00:00+05:30,2016-10-19 00:00:00+05:30,899.0595093,1148.643677,5000,1388.029184,27.76058369,UT Sell,18522.79677,118522.7968
KAJARIACER.NS,2016-06-24 00:00:00+05:30,2016-10-20 00:00:00+05:30,552.6452026,611.7253418,4674.977812,499.7751512,10.6904283,UT Sell,19022.57193,119022.5719
GESHIP.NS,2016-10-03 00:00:00+05:30,2016-10-24 00:00:00+05:30,272.1438904,276.9255676,5673.482419,99.68536039,1.757040086,UT Sell,19122.25729,119122.2573
ADANIENT.NS,2016-10-20 00:00:00+05:30,2016-10-25 00:00:00+05:30,37.9776268,36.02937317,5174.752963,-265.4650146,-5.130003625,Stop Loss,18856.79227,118856.7923
SUPREMEINF.NS,2016-10-14 00:00:00+05:30,2016-10-26 00:00:00+05:30,93.84999847,89.40000153,6052.289288,-286.9756985,-4.741605776,Stop Loss,18569.81657,118569.8166
ASHOKA.NS,2016-10-25 00:00:00+05:30,2016-10-26 00:00:00+05:30,110.1546707,106.7277832,4909.287948,-152.7268654,-3.110977946,UT Sell,18417.08971,118417.0897
PRIVISCL.NS,2016-09-14 00:00:00+05:30,2016-11-01 00:00:00+05:30,300.4161987,384.8048706,6222.360656,1747.897597,28.0905864,UT Sell,20164.9873,120164.9873
REFEX.NS,2016-05-31 00:00:00+05:30,2016-11-04 00:00:00+05:30,1.616494775,2.92870903,4315.399389,3503.091184,81.17652316,UT Sell,23668.07849,123668.0785
BLS.NS,2016-08-12 00:00:00+05:30,2016-11-04 00:00:00+05:30,23.10701752,42.76754761,7051.637108,5999.862312,85.08467212,UT Sell,29667.9408,129667.9408
GABRIEL.NS,2016-10-10 00:00:00+05:30,2016-11-04 00:00:00+05:30,110.1411972,107.3240891,5536.487022,-141.6080734,-2.55772429,UT Sell,29526.33273,129526.3327
MSPL.NS,2016-10-13 00:00:00+05:30,2016-11-04 00:00:00+05:30,12.10000038,13.30000019,6728.970668,667.3358069,9.917353483,UT Sell,30193.66853,130193.6685
KIRIINDUS.NS,2016-10-24 00:00:00+05:30,2016-11-04 00:00:00+05:30,343.8347473,320.7532349,5773.16778,-387.5508366,-6.712966805,Stop Loss,29806.1177,129806.1177
TFCILTD.NS,2016-10-26 00:00:00+05:30,2016-11-04 00:00:00+05:30,11.46362019,10.47731495,5260.937337,-452.6397387,-8.603785025,Stop Loss,29353.47796,129353.478
KOTHARIPET.NS,2016-10-03 00:00:00+05:30,2016-11-08 00:00:00+05:30,20.5567646,21.00171661,5673.482419,122.8027592,2.164504092,UT Sell,29476.28072,129476.2807
TAINWALCHM.NS,2016-10-26 00:00:00+05:30,2016-11-08 00:00:00+05:30,54.61064911,49.03612137,5260.937337,-537.0242178,-10.20776686,Stop Loss,28939.2565,128939.2565
UNITEDTEA.NS,2016-11-04 00:00:00+05:30,2016-11-08 00:00:00+05:30,347.8857727,329.9553833,7309.18166,-376.7227167,-5.154102528,Stop Loss,28562.53378,128562.5338
ADANIENT.NS,2016-11-08 00:00:00+05:30,2016-11-09 00:00:00+05:30,34.58819962,33.04026413,5817.552413,-260.3545695,-4.4753283,Stop Loss,28302.17921,128302.1792
BLBLIMITED.NS,2016-11-07 00:00:00+05:30,2016-11-09 00:00:00+05:30,6.800000191,6.5,7309.18166,-322.4640927,-4.411767387,Stop Loss,27979.71512,127979.7151
SILINV.NS,2016-11-07 00:00:00+05:30,2016-11-09 00:00:00+05:30,97.5330658,92.58003998,7309.18166,-371.1824823,-5.078304242,Stop Loss,27608.53264,127608.5326
CHAMBLFERT.NS,2016-10-19 00:00:00+05:30,2016-11-09 00:00:00+05:30,51.86803055,48.79042053,6388.029184,-379.036227,-5.933539376,Stop Loss,27229.49641,127229.4964
MBAPL.NS,2016-10-03 00:00:00+05:30,2016-11-09 00:00:00+05:30,7.234635353,10.35404778,5673.482419,2446.278309,43.11775604,UT Sell,29675.77472,129675.7747
REMSONSIND.NS,2016-11-07 00:00:00+05:30,2016-11-09 00:00:00+05:30,10.41355705,9.929639816,7309.18166,-339.6571384,-4.646992703,Stop Loss,29336.11758,129336.1176
AUSOMENT.NS,2016-10-04 00:00:00+05:30,2016-11-10 00:00:00+05:30,18.15113831,22.43880653,8145.949783,1924.239102,23.62203492,UT Sell,31260.35668,131260.3567
THOMASCOTT.NS,2016-11-09 00:00:00+05:30,2016-11-10 00:00:00+05:30,13.55000019,13,6763.365466,-274.5278409,-4.059041941,Stop Loss,30985.82884,130985.8288
MASTEK.NS,2016-10-03 00:00:00+05:30,2016-11-11 00:00:00+05:30,103.4425507,115.2586288,5673.482419,648.0728813,11.42284109,UT Sell,31633.90172,131633.9017
KHAITANLTD.NS,2016-11-01 00:00:00+05:30,2016-11-11 00:00:00+05:30,10.69999981,10.64999962,7970.258253,-37.24434018,-0.467291511,UT Sell,31596.65738,131596.6574
CHENNPETRO.NS,2016-11-07 00:00:00+05:30,2016-11-11 00:00:00+05:30,209.1699371,204.057785,7309.18166,-178.6377568,-2.444018567,UT Sell,31418.01963,131418.0196
VAIBHAVGBL.NS,2016-11-09 00:00:00+05:30,2016-11-11 00:00:00+05:30,54.18402481,50.66613388,6763.365466,-439.110644,-6.492487301,Stop Loss,30978.90898,130978.909
VOLTAMP.NS,2016-11-10 00:00:00+05:30,2016-11-11 00:00:00+05:30,809.7128906,767.451416,8279.513255,-432.1339616,-5.219316019,Stop Loss,30546.77502,130546.775
RECLTD.NS,2016-11-09 00:00:00+05:30,2016-11-15 00:00:00+05:30,46.96308517,45.79628754,6763.365466,-168.0357843,-2.484499546,UT Sell,30378.73924,130378.7392
BLS.NS,2016-11-11 00:00:00+05:30,2016-11-15 00:00:00+05:30,41.98624802,39.91858673,7111.349446,-350.2066184,-4.924615518,Stop Loss,30028.53262,130028.5326
MBAPL.NS,2016-11-11 00:00:00+05:30,2016-11-15 00:00:00+05:30,11.27787209,9.766158104,7111.349446,-953.22294,-13.40424834,Stop Loss,29075.30968,129075.3097
KTKBANK.NS,2016-11-09 00:00:00+05:30,2016-11-15 00:00:00+05:30,87.31524658,82.00505066,6763.365466,-411.3233041,-6.081636519,Stop Loss,28663.98638,128663.9864
ALICON.NS,2016-10-13 00:00:00+05:30,2016-11-15 00:00:00+05:30,341.8215332,379.5975952,6728.970668,743.6454072,11.05139915,UT Sell,29407.63178,129407.6318
20MICRONS.NS,2016-10-14 00:00:00+05:30,2016-11-15 00:00:00+05:30,35.67812729,34.12075043,6052.289288,-264.1869407,-4.365074571,Stop Loss,29143.44484,129143.4448
TNPETRO.NS,2016-10-03 00:00:00+05:30,2016-11-15 00:00:00+05:30,21.16479683,22.08865738,5673.482419,247.6521098,4.365081117,UT Sell,29391.09695,129391.097
TARIL.NS,2016-11-08 00:00:00+05:30,2016-11-15 00:00:00+05:30,16.89799118,15.84842587,5817.552413,-361.3388815,-6.211183945,Stop Loss,29029.75807,129029.7581
NAGREEKCAP.NS,2016-11-16 00:00:00+05:30,2016-11-17 00:00:00+05:30,12.44999981,11.85000038,6530.796,-314.7368613,-4.819272586,Stop Loss,28715.02121,128715.0212
CHENNPETRO.NS,2016-11-17 00:00:00+05:30,2016-11-21 00:00:00+05:30,205.5796967,198.0870667,6485.833591,-236.3849746,-3.644635208,UT Sell,28478.63623,128478.6362
GABRIEL.NS,2016-11-18 00:00:00+05:30,2016-11-21 00:00:00+05:30,98.50912476,93.21638489,6485.833591,-348.473607,-5.372842243,Stop Loss,28130.16263,128130.1626
ASHIANA.NS,2016-11-17 00:00:00+05:30,2016-11-21 00:00:00+05:30,131.894989,121.5342026,6485.833591,-509.4836219,-7.855329846,Stop Loss,27620.67901,127620.679
BANKBARODA.NS,2016-11-15 00:00:00+05:30,2016-11-21 00:00:00+05:30,153.4093933,141.7914581,6530.796,-494.5874758,-7.573157634,Stop Loss,27126.09153,127126.0915
MBAPL.NS,2016-11-18 00:00:00+05:30,2016-11-21 00:00:00+05:30,9.814149857,8.266440392,6485.833591,-1022.827874,-15.77018374,Stop Loss,26103.26365,126103.2637
WABAG.NS,2016-11-09 00:00:00+05:30,2016-11-21 00:00:00+05:30,484.2605896,466.4648132,6763.365466,-248.5425036,-3.674834738,UT Sell,25854.72115,125854.7212
JSWSTEEL.NS,2016-11-08 00:00:00+05:30,2016-11-21 00:00:00+05:30,149.5566101,146.3883667,5817.552413,-123.2404377,-2.118424191,UT Sell,25731.48071,125731.4807
SBIN.NS,2016-11-07 00:00:00+05:30,2016-11-21 00:00:00+05:30,231.080719,235.3328857,7309.18166,134.4978471,1.840121827,UT Sell,25865.97856,125865.9786
BANKINDIA.NS,2016-11-10 00:00:00+05:30,2016-11-21 00:00:00+05:30,109.1304245,102.9772873,8279.513255,-466.8265637,-5.63833343,Stop Loss,25399.152,125399.152
REMSONSIND.NS,2016-11-21 00:00:00+05:30,2016-11-22 00:00:00+05:30,10.02270222,9.31543541,6369.763772,-449.4918027,-7.05664792,Stop Loss,24949.66019,124949.6602
TIPSMUSIC.NS,2016-11-18 00:00:00+05:30,2016-11-22 00:00:00+05:30,5.232400894,4.9570117,6485.833591,-341.3592583,-5.263151659,Stop Loss,24608.30094,124608.3009
CALSOFT.NS,2016-11-21 00:00:00+05:30,2016-11-29 00:00:00+05:30,5.699999809,5.300000191,6369.763772,-447.0005551,-7.017537402,Stop Loss,24161.30038,124161.3004
TECHM.NS,2016-11-16 00:00:00+05:30,2016-12-01 00:00:00+05:30,327.9599304,351.2113953,6530.796,463.0156294,7.089727338,UT Sell,24624.31601,124624.316
PRESTIGE.NS,2016-11-22 00:00:00+05:30,2016-12-01 00:00:00+05:30,152.0433655,145.959671,6257.300232,-250.3726659,-4.001289,Stop Loss,24373.94334,124373.9433
TATACOMM.NS,2016-09-30 00:00:00+05:30,2016-12-02 00:00:00+05:30,312.8123169,347.6521912,5673.482419,631.8914041,11.13762866,UT Sell,25005.83475,125005.8347
IFGLEXPOR.NS,2016-11-15 00:00:00+05:30,2016-12-02 00:00:00+05:30,64.16259003,69.78330231,6530.796,572.1047929,8.760108153,UT Sell,25577.93954,125577.9395
NAUKRI.NS,2016-11-21 00:00:00+05:30,2016-12-02 00:00:00+05:30,179.4217529,171.0983887,6369.763772,-295.4929558,-4.638993947,Stop Loss,25282.44659,125282.4466
BAJAJ-AUTO.NS,2016-11-22 00:00:00+05:30,2016-12-07 00:00:00+05:30,2043.648193,2121.911377,6257.300232,239.6284441,3.829582012,UT Sell,25522.07503,125522.075
NAGREEKCAP.NS,2016-11-29 00:00:00+05:30,2016-12-07 00:00:00+05:30,12.85000038,12.80000019,5922.763217,-23.0458585,-0.389106531,UT Sell,25499.02917,125499.0292
KAMDHENU.NS,2016-12-01 00:00:00+05:30,2016-12-07 00:00:00+05:30,3.647153378,3.467381477,6500.369598,-320.4098302,-4.929101729,Stop Loss,25178.61934,125178.6193
SUPERHOUSE.NS,2016-12-02 00:00:00+05:30,2016-12-07 00:00:00+05:30,141.7810059,142.9129791,6494.181811,51.84925973,0.798395568,UT Sell,25230.4686,125230.4686
DBL.NS,2016-12-07 00:00:00+05:30,2016-12-08 00:00:00+05:30,230.575058,220.1324158,6280.659218,-284.4482731,-4.528955692,Stop Loss,24946.02033,124946.0203
BPCL.NS,2016-12-07 00:00:00+05:30,2016-12-12 00:00:00+05:30,115.6746063,111.9599762,6280.659218,-201.6892617,-3.211275357,UT Sell,24744.33107,124744.3311
JSL.NS,2016-10-06 00:00:00+05:30,2016-12-14 00:00:00+05:30,28.27010345,37.36570358,5237.576552,1685.133626,32.17391879,UT Sell,26429.46469,126429.4647
SAIL.NS,2016-12-07 00:00:00+05:30,2016-12-14 00:00:00+05:30,43.44987869,43.82588196,6280.659218,54.35109247,0.865372417,UT Sell,26483.81578,126483.8158
NATIONALUM.NS,2016-11-22 00:00:00+05:30,2016-12-15 00:00:00+05:30,29.8297081,34.99254227,6257.300232,1082.994286,17.30769255,UT Sell,27566.81007,127566.8101
SKMEGGPROD.NS,2016-11-18 00:00:00+05:30,2016-12-15 00:00:00+05:30,25.10668564,23.91889191,6485.833591,-306.843866,-4.730985797,Stop Loss,27259.9662,127259.9662
INDIANB.NS,2016-11-09 00:00:00+05:30,2016-12-16 00:00:00+05:30,191.4361267,195.1484222,6763.365466,131.1539877,1.939182325,UT Sell,27391.12019,127391.1202
PGEL.NS,2016-12-01 00:00:00+05:30,2016-12-16 00:00:00+05:30,14.78366089,14.17912388,6500.369598,-265.8146741,-4.089224007,Stop Loss,27125.30552,127125.3055
GOKULAGRO.NS,2016-10-03 00:00:00+05:30,2016-12-19 00:00:00+05:30,7.979021072,10.31555653,5673.482419,1661.393384,29.28348519,UT Sell,28786.6989,128786.6989
ZENSARTECH.NS,2016-12-14 00:00:00+05:30,2016-12-19 00:00:00+05:30,176.9124908,174.2393646,6628.860244,-100.1612721,-1.510987838,UT Sell,28686.53763,128686.5376
INDHOTEL.NS,2016-11-22 00:00:00+05:30,2016-12-20 00:00:00+05:30,83.52671814,84.7168045,6257.300232,89.15384025,1.424797228,UT Sell,28775.69147,128775.6915
AUSOMENT.NS,2016-12-02 00:00:00+05:30,2016-12-20 00:00:00+05:30,25.01140976,23.3439846,6494.181811,-432.9448928,-6.666658024,Stop Loss,28342.74658,128342.7466
GOLDTECH.NS,2016-12-02 00:00:00+05:30,2016-12-20 00:00:00+05:30,6.900000095,6.550000191,6494.181811,-329.4149251,-5.072462316,Stop Loss,28013.33165,128013.3317
BHAGYANGR.NS,2016-12-15 00:00:00+05:30,2016-12-20 00:00:00+05:30,19.70000076,18.64999962,6759.642122,-360.2858725,-5.329954841,Stop Loss,27653.04578,127653.0458
THANGAMAYL.NS,2016-12-16 00:00:00+05:30,2016-12-20 00:00:00+05:30,80.28410339,79.28167725,6564.537188,-81.96471587,-1.248598546,UT Sell,27571.08106,127571.0811
SUPREMEINF.NS,2016-12-08 00:00:00+05:30,2016-12-21 00:00:00+05:30,74.65000153,71.34999847,5996.210945,-265.0705159,-4.420633603,Stop Loss,27306.01055,127306.0105
BFINVEST.NS,2016-12-20 00:00:00+05:30,2016-12-21 00:00:00+05:30,147.9499969,141.3000031,6290.877319,-282.7596934,-4.494757711,Stop Loss,27023.25085,127023.2509
REMSONSIND.NS,2016-12-21 00:00:00+05:30,2016-12-22 00:00:00+05:30,9.399189949,8.84082222,5869.629028,-348.6908392,-5.94059416,Stop Loss,26674.56002,126674.56
CANTABIL.NS,2016-12-21 00:00:00+05:30,2016-12-22 00:00:00+05:30,13.68637657,13.01183414,5869.629028,-289.2886798,-4.928568373,Stop Loss,26385.27134,126385.2713
MRPL.NS,2016-11-22 00:00:00+05:30,2016-12-22 00:00:00+05:30,73.43524933,74.85067749,6257.300232,120.6063715,1.927450611,UT Sell,26505.87771,126505.8777
TANLA.NS,2016-11-21 00:00:00+05:30,2016-12-22 00:00:00+05:30,35.3227005,48.99305344,6369.763772,2465.182946,38.70132448,UT Sell,28971.06065,128971.0607
MASTEK.NS,2016-11-18 00:00:00+05:30,2016-12-22 00:00:00+05:30,117.1183777,146.4311829,6485.833591,1623.297558,25.02835657,UT Sell,30594.35821,130594.3582
INDIAGLYCO.NS,2016-11-21 00:00:00+05:30,2016-12-22 00:00:00+05:30,53.74849319,61.02810669,6369.763772,862.7110372,13.54384665,UT Sell,31457.06925,131457.0692
ASAL.NS,2016-12-20 00:00:00+05:30,2016-12-23 00:00:00+05:30,60.79999924,57.75,6290.877319,-315.5784748,-5.016446177,Stop Loss,31141.49077,131141.4908
ADANIENT.NS,2016-12-15 00:00:00+05:30,2016-12-26 00:00:00+05:30,38.91171646,37.20365524,6759.642122,-296.7199499,-4.389580758,Stop Loss,30844.77082,130844.7708
MANAKCOAT.NS,2016-12-23 00:00:00+05:30,2016-12-26 00:00:00+05:30,7.662461758,7.015630722,6781.402282,-572.4559025,-8.441556462,Stop Loss,30272.31492,130272.3149
ESABINDIA.NS,2016-12-23 00:00:00+05:30,2016-12-26 00:00:00+05:30,463.7351074,443.6988525,6781.402282,-292.9989608,-4.320624978,Stop Loss,29979.31596,129979.316
NAGREEKCAP.NS,2016-12-23 00:00:00+05:30,2016-12-30 00:00:00+05:30,11.64999962,10.80000019,6781.402282,-494.7801071,-7.296132666,Stop Loss,29484.53585,129484.5359
MBAPL.NS,2016-12-20 00:00:00+05:30,2017-01-03 00:00:00+05:30,10.3900404,11.27787209,6290.877319,537.5571235,8.545026332,UT Sell,30022.09298,130022.093
CCL.NS,2016-11-16 00:00:00+05:30,2017-01-04 00:00:00+05:30,222.9968109,237.0018921,6530.796,410.1598034,6.280395275,UT Sell,30432.25278,130432.2528
KMSUGAR.NS,2016-12-07 00:00:00+05:30,2017-01-04 00:00:00+05:30,21.94626045,29.19547844,6280.659218,2074.607101,33.03167755,UT Sell,32506.85988,132506.8599
KHAITANLTD.NS,2016-12-16 00:00:00+05:30,2017-01-04 00:00:00+05:30,11.30000019,10.75,6564.537188,-319.5129774,-4.867258243,Stop Loss,32187.3469,132187.3469
CHOLAFIN.NS,2016-12-19 00:00:00+05:30,2017-01-05 00:00:00+05:30,165.6967926,180.1800385,6931.787388,605.8945338,8.740812433,UT Sell,32793.24144,132793.2414
STCINDIA.NS,2016-12-20 00:00:00+05:30,2017-01-10 00:00:00+05:30,120.4499969,228,6290.877319,5617.134845,89.29016669,UT Sell,38410.37628,138410.3763
PGEL.NS,2017-01-04 00:00:00+05:30,2017-01-11 00:00:00+05:30,14.82362938,16.55730057,7180.415444,839.7727073,11.695322,UT Sell,39250.14899,139250.149
ZENITHSTL.NS,2016-12-20 00:00:00+05:30,2017-01-11 00:00:00+05:30,0.699999988,0.75,6290.877319,449.3484947,7.142858967,UT Sell,39699.49748,139699.4975
GOLDIAM.NS,2017-01-04 00:00:00+05:30,2017-01-13 00:00:00+05:30,12.72356033,12.01533985,7180.415444,-399.677225,-5.566213099,Stop Loss,39299.82026,139299.8203
WEBELSOLAR.NS,2017-01-10 00:00:00+05:30,2017-01-13 00:00:00+05:30,5.224999905,4.909999847,11908.01216,-717.8994414,-6.028709339,Stop Loss,38581.92082,138581.9208
RUCHINFRA.NS,2016-12-22 00:00:00+05:30,2017-01-16 00:00:00+05:30,3.799999952,3.700000048,6942.622969,-182.7004325,-2.631576471,UT Sell,38399.22039,138399.2204
GABRIEL.NS,2016-12-30 00:00:00+05:30,2017-01-18 00:00:00+05:30,98.14411163,99.6954422,6286.622175,99.37049688,1.580665962,UT Sell,38498.59088,138498.5909
SHAHALLOYS.NS,2016-12-14 00:00:00+05:30,2017-01-19 00:00:00+05:30,13.30000019,16.10000038,6628.860244,1395.5496,21.05263271,UT Sell,39894.14048,139894.1405
SUPREMEINF.NS,2016-12-26 00:00:00+05:30,2017-01-20 00:00:00+05:30,73.34999847,109.3499985,6386.757291,3134.60487,49.07975562,UT Sell,43028.74535,143028.7454
KIRIINDUS.NS,2017-01-03 00:00:00+05:30,2017-01-20 00:00:00+05:30,321.4496765,309.3119812,6828.434443,-257.8364913,-3.775923947,UT Sell,42770.90886,142770.9089
NAGREEKCAP.NS,2017-01-05 00:00:00+05:30,2017-01-20 00:00:00+05:30,10.80000019,12,7537.681922,837.5200656,11.11110915,UT Sell,43608.42893,143608.4289
CANBK.NS,2017-01-11 00:00:00+05:30,2017-01-20 00:00:00+05:30,46.8598671,46.24083328,7380.206983,-97.49489181,-1.321031944,UT Sell,43510.93404,143510.934
PREMIERPOL.NS,2017-01-20 00:00:00+05:30,2017-01-23 00:00:00+05:30,5.634405136,5.393855572,7937.468548,-338.8742121,-4.26929833,Stop Loss,43172.05982,143172.0598
GOKULAGRO.NS,2017-01-18 00:00:00+05:30,2017-01-23 00:00:00+05:30,9.917848587,9.470426559,6385.992672,-288.0900796,-4.511281087,Stop Loss,42883.96974,142883.9697
SILINV.NS,2016-12-26 00:00:00+05:30,2017-01-24 00:00:00+05:30,99.15322113,113.9660416,6386.757291,954.1383308,14.93932347,UT Sell,43838.10807,143838.1081
PGEL.NS,2017-01-19 00:00:00+05:30,2017-01-25 00:00:00+05:30,17.04692268,15.9777441,8024.409845,-503.2889098,-6.271974133,Stop Loss,43334.81916,143334.8192
NDGL.NS,2017-01-20 00:00:00+05:30,2017-01-27 00:00:00+05:30,396.1288757,381.2250366,7937.468548,-298.6370382,-3.762371295,UT Sell,43036.18213,143036.1821
MBAPL.NS,2017-01-13 00:00:00+05:30,2017-01-27 00:00:00+05:30,11.99773693,11.99773693,8985.425471,0,0,UT Sell,43036.18213,143036.1821
HEG.NS,2017-01-04 00:00:00+05:30,2017-01-27 00:00:00+05:30,27.63093567,30.1260376,7180.415444,648.3989047,9.03010292,UT Sell,43684.58103,143684.581
KIRIINDUS.NS,2017-01-23 00:00:00+05:30,2017-01-30 00:00:00+05:30,326.0759277,308.1678772,6848.248464,-376.1049779,-5.491987913,Stop Loss,43308.47605,143308.4761
MAHSEAMLES.NS,2016-10-03 00:00:00+05:30,2017-01-31 00:00:00+05:30,98.19567108,121.5638275,5673.482419,1350.149383,23.79754237,UT Sell,44658.62544,144658.6254
MOREPENLAB.NS,2017-01-20 00:00:00+05:30,2017-01-31 00:00:00+05:30,21.50798798,20.61182213,7937.468548,-330.7277388,-4.166665189,Stop Loss,44327.8977,144327.8977
KHAITANLTD.NS,2017-01-24 00:00:00+05:30,2017-01-31 00:00:00+05:30,10.89999962,10.94999981,7340.895621,33.67396276,0.458717362,UT Sell,44361.57166,144361.5717
ADANIENT.NS,2017-01-27 00:00:00+05:30,2017-01-31 00:00:00+05:30,49.42695999,46.51792145,8151.023777,-479.7309473,-5.88552997,Stop Loss,43881.84071,143881.8407
MBAPL.NS,2017-02-01 00:00:00+05:30,2017-02-09 00:00:00+05:30,12.1777029,11.88975906,7419.058756,-175.4248962,-2.364516874,UT Sell,43706.41582,143706.4158
IOC.NS,2016-12-19 00:00:00+05:30,2017-02-10 00:00:00+05:30,54.08876801,69.7670517,6931.787388,2009.262425,28.98620965,UT Sell,45715.67824,145715.6782
VOLTAMP.NS,2016-12-23 00:00:00+05:30,2017-02-13 00:00:00+05:30,787.2545776,851.9306641,6781.402282,557.1190978,8.215396679,UT Sell,46272.79734,146272.7973
GOODLUCK.NS,2016-12-23 00:00:00+05:30,2017-02-13 00:00:00+05:30,81.6984024,82.2276535,6781.402282,43.9306584,0.64781083,UT Sell,46316.728,146316.728
PRESTIGE.NS,2017-01-31 00:00:00+05:30,2017-02-13 00:00:00+05:30,159.8652039,170.0046692,7419.058756,470.5544874,6.342509244,UT Sell,46787.28248,146787.2825
FIEMIND.NS,2017-02-10 00:00:00+05:30,2017-02-13 00:00:00+05:30,469.5184021,442.6645508,8941.049812,-511.378513,-5.719445968,Stop Loss,46275.90397,146275.904
MAHSEAMLES.NS,2017-02-09 00:00:00+05:30,2017-02-15 00:00:00+05:30,133.941864,128.8384094,7243.63386,-275.9970286,-3.81020126,UT Sell,45999.90694,145999.9069
ANANTRAJ.NS,2017-02-01 00:00:00+05:30,2017-02-15 00:00:00+05:30,18.48640251,17.50605965,7419.058756,-393.4362736,-5.303048359,Stop Loss,45606.47067,145606.4707
SUMMITSEC.NS,2017-01-30 00:00:00+05:30,2017-02-15 00:00:00+05:30,437.25,419.6000061,6472.143486,-261.2539577,-4.036590943,Stop Loss,45345.21671,145345.2167
BCG.NS,2017-01-27 00:00:00+05:30,2017-02-15 00:00:00+05:30,3.745386124,3.580494642,8151.023777,-358.8506875,-4.40252289,Stop Loss,44986.36602,144986.366
ORIENTCEM.NS,2016-12-26 00:00:00+05:30,2017-02-15 00:00:00+05:30,112.6072006,121.1631317,6386.757291,485.2678601,7.598031959,UT Sell,45471.63388,145471.6339
INDOTHAI.NS,2017-01-13 00:00:00+05:30,2017-02-16 00:00:00+05:30,1.911961675,1.898496985,8985.425471,-63.27844506,-0.704234265,UT Sell,45408.35544,145408.3554
JPOLYINVST.NS,2017-01-25 00:00:00+05:30,2017-02-17 00:00:00+05:30,88,86.09999847,7521.120935,-162.3879688,-2.159092643,UT Sell,45245.96747,145245.9675
CANFINHOME.NS,2017-02-15 00:00:00+05:30,2017-02-17 00:00:00+05:30,374.0139465,370.1567993,6973.669416,-71.91835981,-1.031284328,UT Sell,45174.04911,145174.0491
SHEKHAWATI.NS,2017-02-16 00:00:00+05:30,2017-02-17 00:00:00+05:30,0.699999988,0.649999976,7460.788819,-532.9136232,-7.142858967,Stop Loss,44641.13549,144641.1355
CCCL.NS,2017-02-13 00:00:00+05:30,2017-02-20 00:00:00+05:30,3.900000095,3.650000095,7620.784716,-488.5118288,-6.410256254,Stop Loss,44152.62366,144152.6237
MBAPL.NS,2017-02-14 00:00:00+05:30,2017-02-20 00:00:00+05:30,11.99773693,11.87775993,7620.784716,-76.20761091,-0.9999969,UT Sell,44076.41605,144076.416
GOLDIAM.NS,2017-01-27 00:00:00+05:30,2017-02-22 00:00:00+05:30,12.51190948,12.01084709,8151.023777,-326.4227163,-4.004683648,Stop Loss,43749.99333,143749.9933
ADANIENT.NS,2017-02-20 00:00:00+05:30,2017-02-22 00:00:00+05:30,51.98905182,50.46780777,7338.424996,-214.7285816,-2.926085389,UT Sell,43535.26475,143535.2648
20MICRONS.NS,2017-01-11 00:00:00+05:30,2017-02-27 00:00:00+05:30,35.1590004,33.64881897,7380.206983,-317.0013762,-4.295291134,Stop Loss,43218.26337,143218.2634
EMAMILTD.NS,2017-01-31 00:00:00+05:30,2017-02-27 00:00:00+05:30,439.3577576,446.0685425,7419.058756,113.3192864,1.527407858,UT Sell,43331.58266,143331.5827
CGCL.NS,2017-02-17 00:00:00+05:30,2017-03-01 00:00:00+05:30,41.53679276,46.42900848,7062.786406,831.8570706,11.77802956,UT Sell,44163.43973,144163.4397
TIPSMUSIC.NS,2017-02-22 00:00:00+05:30,2017-03-01 00:00:00+05:30,5.228164673,4.999379158,7474.148737,-327.0702194,-4.376019677,Stop Loss,43836.36951,143836.3695
KIRIINDUS.NS,2017-02-20 00:00:00+05:30,2017-03-02 00:00:00+05:30,296.726593,290.5582275,7338.424996,-152.5515019,-2.078804402,UT Sell,43683.81801,143683.818
BHAGYANGR.NS,2017-01-20 00:00:00+05:30,2017-03-02 00:00:00+05:30,21.04999924,22.29999924,7937.468548,471.3461304,5.938242496,UT Sell,44155.16414,144155.1641
ZENITHSTL.NS,2017-03-02 00:00:00+05:30,2017-03-07 00:00:00+05:30,0.699999988,0.649999976,7797.344086,-556.9532913,-7.142858967,Stop Loss,43598.21085,143598.2108
VEDL.NS,2017-02-13 00:00:00+05:30,2017-03-08 00:00:00+05:30,85.75835419,84.43591309,7620.784716,-117.5167017,-1.542055131,UT Sell,43480.69415,143480.6941
ZENTEC.NS,2017-03-01 00:00:00+05:30,2017-03-08 00:00:00+05:30,70.37077332,69.88004303,7520.860997,-52.44669188,-0.697349571,UT Sell,43428.24745,143428.2475
KHAITANLTD.NS,2017-02-16 00:00:00+05:30,2017-03-09 00:00:00+05:30,10.5,13,7460.788819,1776.37829,23.80952381,UT Sell,45204.62575,145204.6257
STCINDIA.NS,2017-03-01 00:00:00+05:30,2017-03-09 00:00:00+05:30,164.4499969,155.9499969,7520.860997,-388.7340813,-5.168744395,Stop Loss,44815.89166,144815.8917
ANTGRAPHIC.NS,2017-03-02 00:00:00+05:30,2017-03-09 00:00:00+05:30,1.350000024,1.25,7797.344086,-577.5811709,-7.407409043,Stop Loss,44238.31049,144238.3105
ADANIENT.NS,2017-03-07 00:00:00+05:30,2017-03-09 00:00:00+05:30,52.22924423,49.96072769,7240.390795,-314.4779619,-4.343383815,Stop Loss,43923.83253,143923.8325
MUTHOOTFIN.NS,2017-02-16 00:00:00+05:30,2017-03-10 00:00:00+05:30,292.6516724,284.7489929,7460.788819,-201.4689407,-2.700370505,UT Sell,43722.36359,143722.3636
INDOTHAI.NS,2017-02-17 00:00:00+05:30,2017-03-10 00:00:00+05:30,1.988260627,1.894009352,7062.786406,-334.8035038,-4.740388347,Stop Loss,43387.56009,143387.5601
PREMIERPOL.NS,2017-03-10 00:00:00+05:30,2017-03-14 00:00:00+05:30,5.319840431,5.070039749,6993.65139,-328.3968589,-4.695642384,Stop Loss,43059.16323,143059.1632
CUBEXTUB.NS,2017-03-08 00:00:00+05:30,2017-03-15 00:00:00+05:30,11.75,11.25,7485.84116,-318.5464323,-4.255319149,Stop Loss,42740.6168,142740.6168
KELLTONTEC.NS,2017-02-15 00:00:00+05:30,2017-03-17 00:00:00+05:30,12.02553654,12.78211021,6973.669416,438.7408991,6.291392278,UT Sell,43179.35769,143179.3577
GROBTEA.NS,2017-03-09 00:00:00+05:30,2017-03-17 00:00:00+05:30,299.8075562,279.5784302,7628.742443,-514.7395013,-6.747370292,Stop Loss,42664.61819,142664.6182
MBAPL.NS,2017-03-08 00:00:00+05:30,2017-03-20 00:00:00+05:30,12.02173233,11.87775993,7485.84116,-89.65051497,-1.197601085,UT Sell,42574.96768,142574.9677
REDINGTON.NS,2017-02-14 00:00:00+05:30,2017-03-20 00:00:00+05:30,39.80254745,39.85892868,7620.784716,10.79501715,0.141652304,UT Sell,42585.7627,142585.7627
BALRAMCHIN.NS,2017-03-09 00:00:00+05:30,2017-03-21 00:00:00+05:30,139.4167633,132.2047882,7628.742443,-394.631888,-5.172961218,Stop Loss,42191.13081,142191.1308
NAGREEKCAP.NS,2017-03-17 00:00:00+05:30,2017-03-21 00:00:00+05:30,12.85000038,12.30000019,7263.206629,-310.8766469,-4.280156999,Stop Loss,41880.25416,141880.2542
TDPOWERSYS.NS,2017-03-10 00:00:00+05:30,2017-03-22 00:00:00+05:30,31.99350548,33.0005188,6993.65139,220.1290545,3.147555436,UT Sell,42100.38322,142100.3832
MAHSEAMLES.NS,2017-03-21 00:00:00+05:30,2017-03-22 00:00:00+05:30,159.2126007,151.8484802,7093.220269,-328.085393,-4.625337725,Stop Loss,41772.29782,141772.2978
KIRIINDUS.NS,2017-03-17 00:00:00+05:30,2017-03-23 00:00:00+05:30,294.7865295,274.9881897,7263.206629,-487.8086981,-6.716161649,Stop Loss,41284.48912,141284.4891
REMSONSIND.NS,2017-01-23 00:00:00+05:30,2017-03-24 00:00:00+05:30,10.59968185,9.994783401,6848.248464,-390.8131354,-5.706760458,Stop Loss,40893.67599,140893.676
USHAMART.NS,2016-11-22 00:00:00+05:30,2017-03-27 00:00:00+05:30,12.88178635,16.87129593,6257.300232,1937.895767,30.97015798,UT Sell,42831.57176,142831.5718
MAGNUM.NS,2017-03-23 00:00:00+05:30,2017-03-27 00:00:00+05:30,4.052619934,3.718874931,6775.397931,-557.9736659,-8.235289965,Stop Loss,42273.59809,142273.5981
CANTABIL.NS,2017-01-16 00:00:00+05:30,2017-03-28 00:00:00+05:30,12.89452171,14.19472885,6759.922537,681.6305196,10.08340726,UT Sell,42955.22861,142955.2286
MASTEK.NS,2017-03-24 00:00:00+05:30,2017-03-29 00:00:00+05:30,163.7886047,156.8810272,6457.435328,-272.3341782,-4.217373685,Stop Loss,42682.89443,142682.8944
TIPSMUSIC.NS,2017-03-28 00:00:00+05:30,2017-03-31 00:00:00+05:30,5.236637592,5.024799347,7441.553056,-301.0339201,-4.045310405,Stop Loss,42381.86051,142381.8605
CUBEXTUB.NS,2017-03-21 00:00:00+05:30,2017-04-07 00:00:00+05:30,11.94999981,12,7093.220269,29.67885958,0.418411645,UT Sell,42411.53937,142411.5394
RADICO.NS,2016-12-23 00:00:00+05:30,2017-04-07 00:00:00+05:30,107.6932755,120.5405502,6781.402282,808.9877306,11.92950509,UT Sell,43220.5271,143220.5271
NAHARPOLY.NS,2017-03-31 00:00:00+05:30,2017-04-07 00:00:00+05:30,56.42323303,56.93238449,7140.519136,64.43455185,0.902379093,UT Sell,43284.96165,143284.9617
LUMAXTECH.NS,2017-03-15 00:00:00+05:30,2017-04-12 00:00:00+05:30,76.09114075,87.95218658,7167.294727,1117.234023,15.58794588,UT Sell,44402.19568,144402.1957
TCS.NS,2017-04-07 00:00:00+05:30,2017-04-13 00:00:00+05:30,978.6304321,938.180542,7306.080943,-301.9834268,-4.133316195,Stop Loss,44100.21225,144100.2122
TARIL.NS,2017-02-17 00:00:00+05:30,2017-04-18 00:00:00+05:30,18.9971199,21.97088623,7062.786406,1105.592663,15.65377458,UT Sell,45205.80491,145205.8049
JKTYRE.NS,2017-04-07 00:00:00+05:30,2017-04-18 00:00:00+05:30,122.3697281,123.3939667,7306.080943,61.15213406,0.837003238,UT Sell,45266.95705,145266.957
JSL.NS,2017-02-27 00:00:00+05:30,2017-04-19 00:00:00+05:30,53.78694916,71.97814941,7297.791825,2468.174801,33.82084417,UT Sell,47735.13185,147735.1318
KHAITANLTD.NS,2017-03-14 00:00:00+05:30,2017-04-19 00:00:00+05:30,13.64999962,16.20000076,6665.254531,1245.158034,18.68132759,UT Sell,48980.28988,148980.2899
COFORGE.NS,2017-04-07 00:00:00+05:30,2017-04-19 00:00:00+05:30,78.5940094,74.91101837,7306.080943,-342.3699944,-4.686096378,Stop Loss,48637.91989,148637.9199
ALMONDZ.NS,2017-03-29 00:00:00+05:30,2017-04-20 00:00:00+05:30,2.424999952,2.733333111,6185.10115,786.4213652,12.71476967,UT Sell,49424.34125,149424.3413
TALBROAUTO.NS,2017-04-13 00:00:00+05:30,2017-04-21 00:00:00+05:30,31.89115906,31.2186718,7004.097516,-147.6950503,-2.108694945,UT Sell,49276.6462,149276.6462
SAKAR.NS,2017-04-18 00:00:00+05:30,2017-04-25 00:00:00+05:30,59.95000076,54.90000153,7767.806073,-654.335517,-8.423685026,Stop Loss,48622.31068,148622.3107
REDINGTON.NS,2017-04-19 00:00:00+05:30,2017-04-26 00:00:00+05:30,45.25237274,46.3987236,8213.363379,208.0641436,2.533239234,UT Sell,48830.37483,148830.3748
KOHINOOR.NS,2017-04-20 00:00:00+05:30,2017-04-26 00:00:00+05:30,82.34999847,79.09999847,6971.522515,-275.1359878,-3.946569593,UT Sell,48555.23884,148555.2388
PERSISTENT.NS,2017-04-26 00:00:00+05:30,2017-05-03 00:00:00+05:30,263.5404663,260.6593933,7558.907025,-82.63536614,-1.093218449,UT Sell,48472.60347,148472.6035
HECPROJECT.NS,2017-04-26 00:00:00+05:30,2017-05-04 00:00:00+05:30,23.40759087,21.63726807,7558.907025,-571.6823027,-7.563028634,Stop Loss,47900.92117,147900.9212
THOMASCOTT.NS,2017-05-03 00:00:00+05:30,2017-05-05 00:00:00+05:30,13.5,12.85000038,7476.271659,-359.9684242,-4.814811989,Stop Loss,47540.95275,147540.9527
CENTEXT.NS,2017-04-19 00:00:00+05:30,2017-05-08 00:00:00+05:30,5.949999809,5.550000191,8213.363379,-552.1583738,-6.72268288,Stop Loss,46988.79437,146988.7944
KEI.NS,2017-03-09 00:00:00+05:30,2017-05-11 00:00:00+05:30,168.8571777,216.3070679,7628.742443,2143.722853,28.10060595,UT Sell,49132.51723,149132.5172
RAMKY.NS,2017-03-09 00:00:00+05:30,2017-05-11 00:00:00+05:30,82.94999695,105.75,7628.742443,2096.86989,27.4864423,UT Sell,51229.38712,151229.3871
CCL.NS,2017-04-19 00:00:00+05:30,2017-05-12 00:00:00+05:30,317.3276978,303.2774963,8213.363379,-363.6600606,-4.427663111,Stop Loss,50865.72706,150865.7271
SUPREMEINF.NS,2017-04-21 00:00:00+05:30,2017-05-12 00:00:00+05:30,88.25,84.09999847,6856.402466,-322.4258436,-4.702551304,Stop Loss,50543.30121,150543.3012
KIRIINDUS.NS,2017-05-04 00:00:00+05:30,2017-05-12 00:00:00+05:30,286.0812378,274.8887024,6987.224723,-273.365568,-3.912362617,UT Sell,50269.93564,150269.9356
SAMPANN.NS,2017-03-22 00:00:00+05:30,2017-05-15 00:00:00+05:30,11.10000038,10.94999981,6989.45766,-94.4524876,-1.35135646,UT Sell,50175.48316,150175.4832
ORIENTHOT.NS,2017-05-12 00:00:00+05:30,2017-05-15 00:00:00+05:30,45.00901794,42.11454773,7032.513032,-452.2515806,-6.430867295,Stop Loss,49723.23158,149723.2316
CHENNPETRO.NS,2017-04-25 00:00:00+05:30,2017-05-16 00:00:00+05:30,297.2867126,308.0573425,7113.470556,257.7194179,3.622977222,UT Sell,49980.95099,149980.951
INSPIRISYS.NS,2017-05-12 00:00:00+05:30,2017-05-17 00:00:00+05:30,61.65000153,58.45000076,7032.513032,-365.0291405,-5.190593161,Stop Loss,49615.92185,149615.9219
KABRAEXTRU.NS,2017-05-12 00:00:00+05:30,2017-05-17 00:00:00+05:30,110.7136078,106.9051743,7032.513032,-241.9111705,-3.439896512,UT Sell,49374.01068,149374.0107
TANLA.NS,2017-05-15 00:00:00+05:30,2017-05-17 00:00:00+05:30,48.44256973,46.37825012,6737.633312,-287.1158291,-4.261375113,Stop Loss,49086.89485,149086.8949
VEDL.NS,2017-05-11 00:00:00+05:30,2017-05-18 00:00:00+05:30,84.50411224,82.7674942,9749.038815,-200.3495007,-2.055069269,UT Sell,48886.54535,148886.5454
FIEMIND.NS,2017-03-27 00:00:00+05:30,2017-05-18 00:00:00+05:30,370.8208313,403.9745789,7206.310132,644.2900905,8.940637839,UT Sell,49530.83544,149530.8354
KOHINOOR.NS,2017-05-17 00:00:00+05:30,2017-05-18 00:00:00+05:30,87.09999847,81.69999695,6636.201079,-411.4293522,-6.199772239,Stop Loss,49119.40609,149119.4061
ASHOKA.NS,2016-12-12 00:00:00+05:30,2017-05-18 00:00:00+05:30,101.0272827,138.740509,6078.969956,2269.263941,37.32974431,UT Sell,51388.67003,151388.67
SPIC.NS,2017-03-22 00:00:00+05:30,2017-05-18 00:00:00+05:30,20.22707367,27.07893562,6989.45766,2367.658308,33.87470707,UT Sell,53756.32834,153756.3283
KRISHANA.NS,2017-05-08 00:00:00+05:30,2017-05-19 00:00:00+05:30,17.41536331,17.05000496,7661.205006,-160.7250558,-2.097908302,UT Sell,53595.60328,153595.6033
AUSOMENT.NS,2017-05-15 00:00:00+05:30,2017-05-19 00:00:00+05:30,24.72556686,22.81993484,6737.633312,-519.2782775,-7.70713177,Stop Loss,53076.32501,153076.325
IZMO.NS,2017-05-18 00:00:00+05:30,2017-05-19 00:00:00+05:30,58.20000076,55.75,8265.882226,-347.9624999,-4.209623249,Stop Loss,52728.36251,152728.3625
GLOBAL.NS,2017-05-17 00:00:00+05:30,2017-05-22 00:00:00+05:30,11.03058529,10.83974648,6636.201079,-114.8121073,-1.730087831,UT Sell,52613.5504,152613.5504
CUBEXTUB.NS,2017-04-12 00:00:00+05:30,2017-05-23 00:00:00+05:30,12.05000019,13.10000038,8284.52875,721.888517,8.713694391,UT Sell,53335.43892,153335.4389
BLS.NS,2017-04-18 00:00:00+05:30,2017-05-23 00:00:00+05:30,31.3668499,45.06560516,7767.806073,3392.411883,43.67271597,UT Sell,56727.8508,156727.8508
EKC.NS,2017-05-17 00:00:00+05:30,2017-05-23 00:00:00+05:30,34.26717377,32.36072159,6636.201079,-369.2046532,-5.563494066,Stop Loss,56358.64615,156358.6461
PREMIERPOL.NS,2017-05-18 00:00:00+05:30,2017-05-23 00:00:00+05:30,5.412359238,5.181062698,8265.882226,-353.2415106,-4.27348831,Stop Loss,56005.40464,156005.4046
SUNFLAG.NS,2017-02-16 00:00:00+05:30,2017-05-24 00:00:00+05:30,34.84254074,33.38672256,7460.788819,-311.7324897,-4.178277891,Stop Loss,55693.67215,155693.6721
REFEX.NS,2017-05-11 00:00:00+05:30,2017-05-24 00:00:00+05:30,3.698921442,3.480219841,9749.038815,-576.4194863,-5.912577611,Stop Loss,55117.25266,155117.2527
BLBLIMITED.NS,2017-05-18 00:00:00+05:30,2017-05-24 00:00:00+05:30,6.349999905,6.300000191,8265.882226,-65.08531537,-0.787397081,UT Sell,55052.16735,155052.1673
APCOTEXIND.NS,2017-05-23 00:00:00+05:30,2017-05-24 00:00:00+05:30,134.7503052,129.0128937,8586.568091,-365.5997249,-4.257809651,Stop Loss,54686.56762,154686.5676
MAHASTEEL.NS,2017-05-24 00:00:00+05:30,2017-05-25 00:00:00+05:30,78.55000305,74.30000305,8266.001805,-447.2375087,-5.410566308,Stop Loss,54239.33011,154239.3301
SAKAR.NS,2017-05-19 00:00:00+05:30,2017-05-26 00:00:00+05:30,57.5,52.04999924,7212.25157,-683.5961141,-9.478262196,Stop Loss,53555.734,153555.734
BALAXI.NS,2017-03-20 00:00:00+05:30,2017-05-29 00:00:00+05:30,3.24541235,3.495059252,7513.885189,577.9907013,7.692301476,UT Sell,54133.7247,154133.7247
INDIANHUME.NS,2017-05-05 00:00:00+05:30,2017-05-29 00:00:00+05:30,372.3630371,374.6142578,7116.303235,43.02352161,0.604576845,UT Sell,54176.74822,154176.7482
EXPLEOSOL.NS,2017-05-18 00:00:00+05:30,2017-05-30 00:00:00+05:30,478.2041321,456.6012878,8265.882226,-373.4107554,-4.517494264,Stop Loss,53803.33747,153803.3375
HINDPETRO.NS,2017-05-25 00:00:00+05:30,2017-06-01 00:00:00+05:30,155.1060333,164.9830322,8042.383051,512.1310039,6.367901164,UT Sell,54315.46847,154315.4685
KIRIINDUS.NS,2017-05-26 00:00:00+05:30,2017-06-01 00:00:00+05:30,275.0877075,263.7956543,6528.655456,-267.9942537,-4.104891972,Stop Loss,54047.47422,154047.4742
MAITHANALL.NS,2017-05-24 00:00:00+05:30,2017-06-02 00:00:00+05:30,389.555603,405.3195496,8266.001805,334.4960501,4.046648645,UT Sell,54381.97027,154381.9703
BANCOINDIA.NS,2017-06-01 00:00:00+05:30,2017-06-05 00:00:00+05:30,63.39101791,62.40076828,7407.587628,-115.7160932,-1.562129252,UT Sell,54266.25417,154266.2542
PRAKASH.NS,2017-03-27 00:00:00+05:30,2017-06-06 00:00:00+05:30,66.39930725,73.86036682,7206.310132,809.7480441,11.23665273,UT Sell,55076.00222,155076.0022
ZENTEC.NS,2017-06-01 00:00:00+05:30,2017-06-06 00:00:00+05:30,55.84516525,53.44057083,7407.587628,-318.9576717,-4.305823809,Stop Loss,54757.04454,154757.0445
GESHIP.NS,2017-06-02 00:00:00+05:30,2017-06-06 00:00:00+05:30,312.1683655,297.4529724,8600.497855,-405.4213063,-4.713928346,Stop Loss,54351.62324,154351.6232
THANGAMAYL.NS,2017-06-05 00:00:00+05:30,2017-06-06 00:00:00+05:30,116.2114639,111.2449493,7291.871535,-311.6317885,-4.273687311,Stop Loss,54039.99145,154039.9914
KRISHANA.NS,2017-05-25 00:00:00+05:30,2017-06-08 00:00:00+05:30,17.19614792,16.80643272,8042.383051,-182.26401,-2.266293571,UT Sell,53857.72744,153857.7274
UNOMINDA.NS,2017-02-22 00:00:00+05:30,2017-06-12 00:00:00+05:30,63.86205673,96.89109039,7474.148737,3865.580328,51.71933907,UT Sell,57723.30777,157723.3078
ZFCVINDIA.NS,2017-05-24 00:00:00+05:30,2017-06-12 00:00:00+05:30,5860.116699,5605.352051,8266.001805,-359.358892,-4.347433021,Stop Loss,57363.94888,157363.9489
GLOBAL.NS,2017-06-06 00:00:00+05:30,2017-06-12 00:00:00+05:30,10.41226196,10.00958729,7570.001107,-292.7555748,-3.867312179,UT Sell,57071.1933,157071.1933
NITINSPIN.NS,2017-06-06 00:00:00+05:30,2017-06-12 00:00:00+05:30,119.2326889,113.8068924,7570.001107,-344.4800747,-4.550594773,Stop Loss,56726.71323,156726.7132
20MICRONS.NS,2017-06-12 00:00:00+05:30,2017-06-16 00:00:00+05:30,38.93446732,36.95235062,8437.284636,-429.5341358,-5.090904887,Stop Loss,56297.17909,156297.1791
HAVELLS.NS,2017-06-06 00:00:00+05:30,2017-06-19 00:00:00+05:30,470.0696411,452.5708008,7570.001107,-281.8013101,-3.722605929,UT Sell,56015.37778,156015.3778
ENDURANCE.NS,2017-05-24 00:00:00+05:30,2017-06-20 00:00:00+05:30,801.3881836,871.5770264,8266.001805,723.970122,8.7584075,UT Sell,56739.3479,156739.3479
BSE.NS,2017-05-16 00:00:00+05:30,2017-06-22 00:00:00+05:30,95.10080719,97.98360443,7371.189974,223.4433834,3.031306806,UT Sell,56962.79129,156962.7913
ASHOKA.NS,2017-06-12 00:00:00+05:30,2017-06-22 00:00:00+05:30,125.6043396,126.7624359,8437.284636,77.79339682,0.922019348,UT Sell,57040.58468,157040.5847
SPCENET.NS,2017-06-16 00:00:00+05:30,2017-06-22 00:00:00+05:30,0.5,0.449999988,8007.7505,-800.7752409,-10.00000238,Stop Loss,56239.80944,156239.8094
CHAMBLFERT.NS,2017-03-20 00:00:00+05:30,2017-06-23 00:00:00+05:30,69.14369965,96.63704681,7513.885189,2987.717683,39.7626209,UT Sell,59227.52712,159227.5271
MARUTI.NS,2017-05-23 00:00:00+05:30,2017-06-23 00:00:00+05:30,6324.255859,6637.118652,8586.568091,424.7800429,4.947029341,UT Sell,59652.30717,159652.3072
ADANIENT.NS,2017-05-30 00:00:00+05:30,2017-06-23 00:00:00+05:30,62.9312973,67.44164276,7892.47147,565.6608775,7.167094359,UT Sell,60217.96805,160217.968
PFC.NS,2017-06-12 00:00:00+05:30,2017-06-23 00:00:00+05:30,62.53574371,58.09604263,8437.284636,-599.0017786,-7.099461551,Stop Loss,59618.96627,159618.9663
VBL.NS,2017-06-12 00:00:00+05:30,2017-06-23 00:00:00+05:30,30.88047028,29.60829163,8437.284636,-347.5896993,-4.119686775,Stop Loss,59271.37657,159271.3766
SHAHALLOYS.NS,2017-06-22 00:00:00+05:30,2017-06-23 00:00:00+05:30,16.70000076,15.64999962,7772.228883,-488.6735838,-6.287431715,Stop Loss,58782.70298,158782.703
PREMIERPOL.NS,2017-06-22 00:00:00+05:30,2017-06-27 00:00:00+05:30,5.921214104,5.551137447,7772.228883,-485.7653223,-6.250013086,Stop Loss,58296.93766,158296.9377
WANBURY.NS,2017-06-22 00:00:00+05:30,2017-06-27 00:00:00+05:30,45.20000076,41.59999847,7772.228883,-619.0274623,-7.964606699,Stop Loss,57677.9102,157677.9102
MBAPL.NS,2017-05-22 00:00:00+05:30,2017-06-27 00:00:00+05:30,13.79739857,14.75721741,6521.388971,453.6617513,6.956520357,UT Sell,58131.57195,158131.572
BANCOINDIA.NS,2017-06-20 00:00:00+05:30,2017-06-27 00:00:00+05:30,63.47472763,60.15522385,8989.971927,-470.1437398,-5.229646362,Stop Loss,57661.42821,157661.4282
LINDEINDIA.NS,2017-05-19 00:00:00+05:30,2017-06-28 00:00:00+05:30,431.9921875,411.1720886,7212.25157,-347.5983945,-4.819554492,Stop Loss,57313.82982,157313.8298
THOMASCOTT.NS,2017-06-27 00:00:00+05:30,2017-06-28 00:00:00+05:30,18.5,18,8111.716034,-219.2355685,-2.702702703,UT Sell,57094.59425,157094.5942
LIBAS.NS,2017-06-27 00:00:00+05:30,2017-06-30 00:00:00+05:30,24.81847572,23.96266556,8111.716034,-279.714561,-3.448278512,UT Sell,56814.87969,156814.8797
SUPREMEINF.NS,2017-06-28 00:00:00+05:30,2017-07-03 00:00:00+05:30,80.84999847,76.69999695,7622.949892,-391.2832935,-5.13296426,Stop Loss,56423.59639,156423.5964
PANSARI.NS,2017-05-29 00:00:00+05:30,2017-07-05 00:00:00+05:30,21.79999924,22,7625.601323,69.95991449,0.917434724,UT Sell,56493.55631,156493.5563
MITCON.NS,2017-06-27 00:00:00+05:30,2017-07-06 00:00:00+05:30,56.24217606,52.13573074,8111.716034,-592.2658158,-7.301362786,Stop Loss,55901.29049,155901.2905
VEDL.NS,2017-06-28 00:00:00+05:30,2017-07-07 00:00:00+05:30,86.84947205,92.05938721,7622.949892,457.2845554,5.998787371,UT Sell,56358.57505,156358.575
EDELWEISS.NS,2017-06-06 00:00:00+05:30,2017-07-07 00:00:00+05:30,84.83978271,88.06328583,7570.001107,287.6235812,3.799518351,UT Sell,56646.19863,156646.1986
GSPL.NS,2017-06-27 00:00:00+05:30,2017-07-07 00:00:00+05:30,148.388504,156.607132,8111.716034,449.2745337,5.538588035,UT Sell,57095.47316,157095.4732
BCG.NS,2017-07-07 00:00:00+05:30,2017-07-10 00:00:00+05:30,3.957389116,3.768941879,8166.283234,-388.8709113,-4.761908205,Stop Loss,56706.60225,156706.6023
MBAPL.NS,2017-07-06 00:00:00+05:30,2017-07-11 00:00:00+05:30,15.71703815,15.4770813,7519.450218,-114.8017593,-1.526730758,UT Sell,56591.80049,156591.8005
MAHSEAMLES.NS,2017-05-23 00:00:00+05:30,2017-07-11 00:00:00+05:30,153.6839142,186.6545563,8586.568091,1842.122937,21.45354136,UT Sell,58433.92343,158433.9234
MANAKSTEEL.NS,2017-06-27 00:00:00+05:30,2017-07-11 00:00:00+05:30,20.25,22.79999924,8111.716034,1021.475047,12.59258882,UT Sell,59455.39847,159455.3985
INDIANCARD.NS,2017-06-27 00:00:00+05:30,2017-07-11 00:00:00+05:30,156.9294434,163.0003815,8111.716034,313.8080717,3.86857812,UT Sell,59769.20655,159769.2065
COFORGE.NS,2017-07-11 00:00:00+05:30,2017-07-14 00:00:00+05:30,104.4902954,99.91094208,8848.013668,-387.7697993,-4.382563294,Stop Loss,59381.43675,159381.4367
KIRIINDUS.NS,2017-07-05 00:00:00+05:30,2017-07-14 00:00:00+05:30,270.361969,275.1871948,7695.561238,137.3448381,1.784728025,UT Sell,59518.78159,159518.7816
VOLTAMP.NS,2017-07-10 00:00:00+05:30,2017-07-17 00:00:00+05:30,1115.814087,1080.429443,7777.412323,-246.6369318,-3.171195271,UT Sell,59272.14465,159272.1447
INSPIRISYS.NS,2017-07-11 00:00:00+05:30,2017-07-21 00:00:00+05:30,52.79999924,52.29999924,8848.013668,-83.78800943,-0.946969711,UT Sell,59188.35664,159188.3566
MANAKCOAT.NS,2017-06-27 00:00:00+05:30,2017-07-24 00:00:00+05:30,9.005880356,10.29954338,8111.716034,1165.219466,14.36464814,UT Sell,60353.57611,160353.5761
TPHQ.NS,2017-06-27 00:00:00+05:30,2017-07-24 00:00:00+05:30,0.319999993,0.344999999,8111.716034,633.7279804,7.812502037,UT Sell,60987.30409,160987.3041
JBCHEPHARM.NS,2017-07-11 00:00:00+05:30,2017-07-24 00:00:00+05:30,149.8228912,142.7740021,8848.013668,-416.2826329,-4.704814533,Stop Loss,60571.02146,160571.0215
NDGL.NS,2017-05-18 00:00:00+05:30,2017-07-25 00:00:00+05:30,430.348938,659.8879395,8265.882226,4408.846368,53.33788031,UT Sell,64979.86783,164979.8678
POWERMECH.NS,2017-06-27 00:00:00+05:30,2017-07-26 00:00:00+05:30,300.5010681,289.9697876,8111.716034,-284.2810429,-3.504573406,UT Sell,64695.58678,164695.5868
HINDZINC.NS,2017-06-08 00:00:00+05:30,2017-07-27 00:00:00+05:30,118.6983032,137.8052368,7860.119041,1265.247847,16.09705706,UT Sell,65960.83463,165960.8346
IOC.NS,2017-07-21 00:00:00+05:30,2017-07-27 00:00:00+05:30,70.76824951,68.53874207,8764.225659,-276.111201,-3.150434639,UT Sell,65684.72343,165684.7234
PGEL.NS,2017-05-29 00:00:00+05:30,2017-07-28 00:00:00+05:30,18.28097725,32.26025391,7625.601323,5831.219476,76.46897902,UT Sell,71515.9429,171515.9429
INDOTECH.NS,2017-07-26 00:00:00+05:30,2017-07-28 00:00:00+05:30,210.8000031,202.3500061,7827.434991,-313.7656586,-4.008537394,Stop Loss,71202.17725,171202.1772
SHARDACROP.NS,2017-07-24 00:00:00+05:30,2017-07-31 00:00:00+05:30,445.7454529,427.7637939,8818.03685,-355.7252914,-4.034064469,Stop Loss,70846.45195,170846.452
SRHHYPOLTD.NS,2017-07-14 00:00:00+05:30,2017-08-01 00:00:00+05:30,129.1978302,122.3833618,8146.574972,-429.6866093,-5.274444914,Stop Loss,70416.76535,170416.7653
MANAKCOAT.NS,2017-07-28 00:00:00+05:30,2017-08-02 00:00:00+05:30,10.64783669,11.24491215,10485.24507,587.9581675,5.607481407,UT Sell,71004.72351,171004.7235
BSE.NS,2017-06-28 00:00:00+05:30,2017-08-02 00:00:00+05:30,96.45688629,95.84171295,7622.949892,-48.61690777,-0.637770266,UT Sell,70956.10661,170956.1066
MBAPL.NS,2017-07-25 00:00:00+05:30,2017-08-02 00:00:00+05:30,16.01697922,15.86100864,12674.72859,-123.4243149,-0.973782705,UT Sell,70832.68229,170832.6823
ADANIENT.NS,2017-07-03 00:00:00+05:30,2017-08-03 00:00:00+05:30,72.85940552,73.90581512,7231.666598,103.8614761,1.436203877,UT Sell,70936.54377,170936.5438
APARINDS.NS,2017-07-07 00:00:00+05:30,2017-08-03 00:00:00+05:30,708.9940796,684.4647827,8166.283234,-282.5315353,-3.459732257,UT Sell,70654.01223,170654.0122
INDIANB.NS,2017-07-14 00:00:00+05:30,2017-08-03 00:00:00+05:30,271.8115845,256.682251,8146.574972,-453.4473755,-5.56611063,Stop Loss,70200.56486,170200.5649
SOUTHBANK.NS,2017-07-24 00:00:00+05:30,2017-08-03 00:00:00+05:30,27.27243042,26.90074539,8818.03685,-120.1774915,-1.362859937,UT Sell,70080.38736,170080.3874
CANFINHOME.NS,2017-07-27 00:00:00+05:30,2017-08-03 00:00:00+05:30,586.5998535,563.4001465,8806.740672,-348.3018318,-3.95494593,UT Sell,69732.08553,169732.0855
PREMIERPOL.NS,2017-08-01 00:00:00+05:30,2017-08-03 00:00:00+05:30,5.689916611,5.366100788,7716.888363,-439.1717356,-5.691046895,Stop Loss,69292.9138,169292.9138
DEVIT.NS,2017-08-02 00:00:00+05:30,2017-08-07 00:00:00+05:30,5.142817974,4.902498245,10399.6135,-485.9655366,-4.672919206,Stop Loss,68806.94826,168806.9483
INFOBEAN.NS,2017-07-31 00:00:00+05:30,2017-08-08 00:00:00+05:30,16.08000183,15.73432636,8462.311558,-181.9162425,-2.149722818,UT Sell,68625.03202,168625.032
MASTEK.NS,2017-06-30 00:00:00+05:30,2017-08-08 00:00:00+05:30,246.1213531,229.7281189,7832.001473,-521.6606896,-6.660630637,Stop Loss,68103.37133,168103.3713
BPCL.NS,2017-07-11 00:00:00+05:30,2017-08-08 00:00:00+05:30,130.1996307,145.4164276,8848.013668,1034.092232,11.68728113,UT Sell,69137.46356,169137.4636
KRISHANA.NS,2017-07-27 00:00:00+05:30,2017-08-08 00:00:00+05:30,17.02564812,16.56285858,8806.740672,-239.383981,-2.718190417,UT Sell,68898.07958,168898.0796
JBCHEPHARM.NS,2017-08-02 00:00:00+05:30,2017-08-08 00:00:00+05:30,142.5921021,135.5432129,10399.6135,-514.093851,-4.94339382,Stop Loss,68383.98573,168383.9857
PANACHE.NS,2017-08-08 00:00:00+05:30,2017-08-09 00:00:00+05:30,52.3879776,47.27101517,8785.143668,-858.083327,-9.767436475,Stop Loss,67525.9024,167525.9024
CHAMBLFERT.NS,2017-08-02 00:00:00+05:30,2017-08-09 00:00:00+05:30,116.046524,111.3685455,10399.6135,-419.221247,-4.03112334,Stop Loss,67106.68115,167106.6812
MOTHERSON.NS,2017-05-19 00:00:00+05:30,2017-08-10 00:00:00+05:30,45.98141861,51.68838882,7212.25157,895.1464774,12.41147052,UT Sell,68001.82763,168001.8276
KIRIINDUS.NS,2017-07-28 00:00:00+05:30,2017-08-10 00:00:00+05:30,297.3235474,245.2906647,10485.24507,-1834.962388,-17.50042442,Stop Loss,66166.86524,166166.8652
PFC.NS,2017-08-03 00:00:00+05:30,2017-08-10 00:00:00+05:30,59.97163773,59.14066696,7891.070366,-109.3391647,-1.385606256,UT Sell,66057.52608,166057.5261
AUSOMENT.NS,2017-08-03 00:00:00+05:30,2017-08-10 00:00:00+05:30,27.86985779,26.72647667,7891.070366,-323.736882,-4.102572491,Stop Loss,65733.7892,165733.7892
ASHOKA.NS,2017-08-07 00:00:00+05:30,2017-08-10 00:00:00+05:30,124.0160828,117.7954254,9913.647962,-497.2694321,-5.016008577,Stop Loss,65236.51976,165236.5198
FILATEX.NS,2017-08-08 00:00:00+05:30,2017-08-10 00:00:00+05:30,14.0865078,13.00557613,8785.143668,-674.1301745,-7.673524759,Stop Loss,64562.38959,164562.3896
HINDCOPPER.NS,2017-08-08 00:00:00+05:30,2017-08-10 00:00:00+05:30,60.63558578,57.87941742,8785.143668,-399.325491,-4.54546341,Stop Loss,64163.0641,164163.0641
DEVIT.NS,2017-08-09 00:00:00+05:30,2017-08-10 00:00:00+05:30,5.089948177,4.522795677,8953.726296,-997.6777911,-11.14259871,Stop Loss,63165.38631,163165.3863
VEDL.NS,2017-07-17 00:00:00+05:30,2017-08-11 00:00:00+05:30,96.48149872,99.93685913,7530.775391,269.7050057,3.581370997,UT Sell,63435.09131,163435.0913
MITCON.NS,2017-08-03 00:00:00+05:30,2017-08-11 00:00:00+05:30,51.89417648,49.35784912,7891.070366,-385.675986,-4.88749901,Stop Loss,63049.41533,163049.4153
RAMCOIND.NS,2017-08-08 00:00:00+05:30,2017-08-11 00:00:00+05:30,230.8536072,221.0465851,8785.143668,-373.2066356,-4.248156316,Stop Loss,62676.20869,162676.2087
MAGNUM.NS,2017-08-09 00:00:00+05:30,2017-08-11 00:00:00+05:30,11.06126881,10.3937788,8953.726296,-540.3107834,-6.034479563,Stop Loss,62135.89791,162135.8979
MBAPL.NS,2017-08-08 00:00:00+05:30,2017-08-14 00:00:00+05:30,15.95699024,15.20113277,8785.143668,-416.1384036,-4.736842325,Stop Loss,61719.7595,161719.7595
SAMPANN.NS,2017-08-14 00:00:00+05:30,2017-08-16 00:00:00+05:30,8.25,7.900000095,8202.427462,-347.9816763,-4.242423086,Stop Loss,61371.77783,161371.7778
SAKAR.NS,2017-08-11 00:00:00+05:30,2017-08-16 00:00:00+05:30,57,49,8169.111902,-1146.542021,-14.03508772,Stop Loss,60225.23581,160225.2358
POWERMECH.NS,2017-08-14 00:00:00+05:30,2017-08-18 00:00:00+05:30,282.065155,270.4931335,8202.427462,-336.513267,-4.102605826,Stop Loss,59888.72254,159888.7225
THANGAMAYL.NS,2017-07-24 00:00:00+05:30,2017-08-21 00:00:00+05:30,131.088089,166.4596252,8818.03685,2379.373386,26.98302838,UT Sell,62268.09593,162268.0959
IOC.NS,2017-08-03 00:00:00+05:30,2017-08-21 00:00:00+05:30,71.91086578,76.94983673,7891.070366,552.9466776,7.007245556,UT Sell,62821.0426,162821.0426
WABAG.NS,2017-08-03 00:00:00+05:30,2017-08-21 00:00:00+05:30,614.1339111,605.8487549,7891.070366,-106.4568326,-1.349079753,UT Sell,62714.58577,162714.5858
DEVIT.NS,2017-08-14 00:00:00+05:30,2017-08-22 00:00:00+05:30,5.142817974,4.998626232,8202.427462,-229.9755329,-2.803749669,UT Sell,62484.61024,162484.6102
ELECTHERM.NS,2017-08-21 00:00:00+05:30,2017-08-22 00:00:00+05:30,228.0500031,216.6499939,9142.013604,-457.0008217,-4.998907697,Stop Loss,62027.60942,162027.6094
KHAITANLTD.NS,2017-08-21 00:00:00+05:30,2017-08-23 00:00:00+05:30,16.39999962,16.10000038,9142.013604,-167.2315348,-1.829263683,UT Sell,61860.37788,161860.3779
EIDPARRY.NS,2017-08-14 00:00:00+05:30,2017-08-24 00:00:00+05:30,285.4708557,291.430603,8202.427462,171.2412811,2.087690283,UT Sell,62031.61916,162031.6192
TANLA.NS,2017-08-18 00:00:00+05:30,2017-08-24 00:00:00+05:30,30.87296677,29.35912895,7865.914195,-385.7004882,-4.903441337,Stop Loss,61645.91867,161645.9187
BCG.NS,2017-08-23 00:00:00+05:30,2017-08-24 00:00:00+05:30,3.227156162,3.038709164,8974.782069,-524.0746524,-5.839413686,Stop Loss,61121.84402,161121.844
GUJAPOLLO.NS,2017-08-11 00:00:00+05:30,2017-08-28 00:00:00+05:30,163.6507111,167.0155792,8169.111902,167.9674008,2.056128044,UT Sell,61289.81142,161289.8114
SCHAEFFLER.NS,2017-08-11 00:00:00+05:30,2017-08-29 00:00:00+05:30,815.9255981,783.1850586,8169.111902,-327.8008827,-4.012686895,Stop Loss,60962.01054,160962.0105
NATIONALUM.NS,2017-08-14 00:00:00+05:30,2017-08-29 00:00:00+05:30,39.44227219,40.51553726,8202.427462,223.1965463,2.721103568,UT Sell,61185.20709,161185.2071
ABBOTINDIA.NS,2017-08-22 00:00:00+05:30,2017-08-31 00:00:00+05:30,3886.074951,3772.271729,8328.732356,-243.9058934,-2.928487589,UT Sell,60941.30119,160941.3012
GOODLUCK.NS,2017-08-29 00:00:00+05:30,2017-09-04 00:00:00+05:30,82.03520203,81.12103271,8133.467514,-90.63629045,-1.114362236,UT Sell,60850.6649,160850.6649
PAISALO.NS,2017-08-11 00:00:00+05:30,2017-09-04 00:00:00+05:30,8.426229477,8.436024666,8169.111902,9.496298965,0.116246406,UT Sell,60860.1612,160860.1612
SUPREMEINF.NS,2017-08-24 00:00:00+05:30,2017-09-04 00:00:00+05:30,78.25,75.94999695,8101.529956,-238.128353,-2.939301025,UT Sell,60622.03285,160622.0328
TNPETRO.NS,2017-08-11 00:00:00+05:30,2017-09-06 00:00:00+05:30,44.13532639,47.24285126,8169.111902,575.1791251,7.040901532,UT Sell,61197.21197,161197.212
GROBTEA.NS,2017-09-04 00:00:00+05:30,2017-09-07 00:00:00+05:30,307.6599121,299.2288818,8028.280342,-220.0048558,-2.740373361,UT Sell,60977.20712,160977.2071
INFOBEAN.NS,2017-08-31 00:00:00+05:30,2017-09-08 00:00:00+05:30,14.92376995,14.7568903,8084.826463,-90.40564459,-1.118213792,UT Sell,60886.80147,160886.8015
EKC.NS,2017-08-21 00:00:00+05:30,2017-09-11 00:00:00+05:30,36.95575333,34.7071228,9142.013604,-556.2600945,-6.084656167,Stop Loss,60330.54138,160330.5414
JPOLYINVST.NS,2017-09-07 00:00:00+05:30,2017-09-11 00:00:00+05:30,69.19999695,65.25,7808.275487,-445.7032616,-5.708088327,Stop Loss,59884.83812,159884.8381
MBAPL.NS,2017-09-08 00:00:00+05:30,2017-09-11 00:00:00+05:30,15.2371254,13.80939674,7994.420818,-749.082479,-9.370065651,Stop Loss,59135.75564,159135.7556
DEEPAKNTR.NS,2017-02-27 00:00:00+05:30,2017-09-13 00:00:00+05:30,102.6454926,164.6427612,7297.791825,4407.822976,60.39940687,UT Sell,63543.57861,163543.5786
HEG.NS,2017-06-19 00:00:00+05:30,2017-09-13 00:00:00+05:30,45.71831894,113.7917328,7288.199797,10851.94409,148.897456,UT Sell,74395.5227,174395.5227
APOLLOHOSP.NS,2017-08-22 00:00:00+05:30,2017-09-13 00:00:00+05:30,1065.560547,1043.714355,8328.732356,-170.7562107,-2.050206482,UT Sell,74224.76649,174224.7665
BCG.NS,2017-09-06 00:00:00+05:30,2017-09-14 00:00:00+05:30,2.850262165,2.685370684,8744.291027,-505.8689404,-5.785133853,Stop Loss,73718.89755,173718.8976
AUSOMENT.NS,2017-09-11 00:00:00+05:30,2017-09-14 00:00:00+05:30,36.6833992,35.11125565,7731.221358,-331.3376103,-4.285708492,Stop Loss,73387.55994,173387.5599
THOMASCOTT.NS,2017-09-14 00:00:00+05:30,2017-09-15 00:00:00+05:30,18.64999962,17.75,7819.152917,-377.3316239,-4.825735319,Stop Loss,73010.22832,173010.2283
SAKAR.NS,2017-09-13 00:00:00+05:30,2017-09-18 00:00:00+05:30,53.5,50.5,12667.91161,-710.3501838,-5.607476636,Stop Loss,72299.87813,172299.8781
ASHOKA.NS,2017-09-11 00:00:00+05:30,2017-09-19 00:00:00+05:30,129.9389496,127.7881927,7731.221358,-127.9676128,-1.655205651,UT Sell,72171.91052,172171.9105
FIEMIND.NS,2017-08-14 00:00:00+05:30,2017-09-20 00:00:00+05:30,382.2998352,397.9471436,8202.427462,335.720552,4.092941432,UT Sell,72507.63107,172507.6311
KRISHANA.NS,2017-09-15 00:00:00+05:30,2017-09-20 00:00:00+05:30,17.05000496,16.66028976,7441.821293,-170.0991197,-2.285718952,UT Sell,72337.53195,172337.532
DEVIT.NS,2017-09-20 00:00:00+05:30,2017-09-22 00:00:00+05:30,6.19098568,6.040813446,7904.935094,-191.7468107,-2.425659521,UT Sell,72145.78514,172145.7851
INDOTHAI.NS,2017-08-24 00:00:00+05:30,2017-09-25 00:00:00+05:30,2.903847933,4.306026459,8101.529956,3911.978724,48.28691303,UT Sell,76057.76387,176057.7639
AARTIDRUGS.NS,2017-09-04 00:00:00+05:30,2017-09-25 00:00:00+05:30,126.8343811,124.8834763,8028.280342,-123.4871089,-1.53815143,UT Sell,75934.27676,175934.2768
STCINDIA.NS,2017-09-19 00:00:00+05:30,2017-09-25 00:00:00+05:30,168.6000061,157.6499939,7603.253745,-493.8061584,-6.494668927,Stop Loss,75440.4706,175440.4706
COFORGE.NS,2017-09-20 00:00:00+05:30,2017-09-25 00:00:00+05:30,96.92604828,91.9382019,7904.935094,-406.790564,-5.146032943,Stop Loss,75033.68004,175033.68
RECLTD.NS,2017-09-13 00:00:00+05:30,2017-09-26 00:00:00+05:30,65.36728668,62.30622101,12667.91161,-593.2219518,-4.682870942,Stop Loss,74440.45808,174440.4581
IOLCP.NS,2017-09-25 00:00:00+05:30,2017-09-26 00:00:00+05:30,9.789291382,9.192382813,8631.473508,-526.3098524,-6.097566678,Stop Loss,73914.14823,173914.1482
WEBELSOLAR.NS,2017-09-13 00:00:00+05:30,2017-09-27 00:00:00+05:30,11.68000031,11.11999989,12667.91161,-607.3660644,-4.794524015,Stop Loss,73306.78217,173306.7822
BCG.NS,2017-09-22 00:00:00+05:30,2017-09-27 00:00:00+05:30,2.968041182,2.803150177,7713.188283,-428.5100127,-5.555549754,Stop Loss,72878.27216,172878.2722
ADANIENT.NS,2017-08-28 00:00:00+05:30,2017-09-27 00:00:00+05:30,63.95335388,61.2975769,8337.079303,-346.2120738,-4.152678189,Stop Loss,72532.06008,172532.0601
GODFRYPHLP.NS,2017-09-26 00:00:00+05:30,2017-09-27 00:00:00+05:30,304.1548767,288.9223633,9360.700082,-468.7973155,-5.008143743,Stop Loss,72063.26277,172063.2628
INFOBEAN.NS,2017-09-27 00:00:00+05:30,2017-09-28 00:00:00+05:30,15.12640953,14.50657177,9056.998453,-371.1303486,-4.097719024,Stop Loss,71692.13242,171692.1324
THOMASCOTT.NS,2017-09-27 00:00:00+05:30,2017-09-29 00:00:00+05:30,17.64999962,17.60000038,9056.998453,-25.65682847,-0.283281802,UT Sell,71666.47559,171666.4756
KHAITANLTD.NS,2017-09-11 00:00:00+05:30,2017-09-29 00:00:00+05:30,17.10000038,16.75,7731.221358,-158.2415418,-2.046785811,UT Sell,71508.23405,171508.234
PREMIERPOL.NS,2017-09-26 00:00:00+05:30,2017-10-03 00:00:00+05:30,7.09845829,10.1085062,9360.700082,3969.33455,42.40424878,UT Sell,75477.5686,175477.5686
PDMJEPAPER.NS,2017-09-28 00:00:00+05:30,2017-10-03 00:00:00+05:30,27.72948456,26.56828117,8933.288337,-374.0915064,-4.187612582,Stop Loss,75103.47709,175103.4771
TI.NS,2017-09-04 00:00:00+05:30,2017-10-05 00:00:00+05:30,11.37802505,13.61388206,8028.280342,1577.610068,19.65065993,UT Sell,76681.08716,176681.0872
REFEX.NS,2017-09-29 00:00:00+05:30,2017-10-05 00:00:00+05:30,4.050746918,4.240922928,8302.16072,389.7730057,4.694838112,UT Sell,77070.86016,177070.8602
MBAPL.NS,2017-10-03 00:00:00+05:30,2017-10-05 00:00:00+05:30,12.22391701,12.10288811,10944.61573,-108.3625489,-0.990099164,UT Sell,76962.49762,176962.4976
KRISHANA.NS,2017-10-03 00:00:00+05:30,2017-10-06 00:00:00+05:30,16.27057648,15.83214569,10944.61573,-294.9161934,-2.694623554,UT Sell,76667.58142,176667.5814
ADANIENT.NS,2017-10-05 00:00:00+05:30,2017-10-09 00:00:00+05:30,65.24099731,64.00700378,9711.359106,-183.6844132,-1.89143879,UT Sell,76483.89701,176483.897
CAPLIPOINT.NS,2017-09-26 00:00:00+05:30,2017-10-11 00:00:00+05:30,671.699707,671.2177124,9360.700082,-6.717000343,-0.071757457,UT Sell,76477.18001,176477.18
GARFIBRES.NS,2017-09-28 00:00:00+05:30,2017-10-11 00:00:00+05:30,168.6729431,174.5364838,8933.288337,310.5459496,3.47627814,UT Sell,76787.72596,176787.726
ASHOKA.NS,2017-10-05 00:00:00+05:30,2017-10-11 00:00:00+05:30,129.6075287,123.7268372,9711.359106,-440.6341808,-4.537307044,Stop Loss,76347.09178,176347.0918
IZMO.NS,2017-10-06 00:00:00+05:30,2017-10-12 00:00:00+05:30,58,55.54999924,10649.69954,-449.8581378,-4.224139246,Stop Loss,75897.23364,175897.2336
KRISHANA.NS,2017-10-09 00:00:00+05:30,2017-10-13 00:00:00+05:30,16.44107246,15.58857441,9527.674693,-494.0264182,-5.185173025,Stop Loss,75403.20722,175403.2072
MAHESHWARI.NS,2017-10-11 00:00:00+05:30,2017-10-13 00:00:00+05:30,60.35528183,59.96272659,9289.514098,-60.41968981,-0.650407429,UT Sell,75342.78753,175342.7875
CIGNITITEC.NS,2017-08-16 00:00:00+05:30,2017-10-18 00:00:00+05:30,194.5765686,263.8932495,7438.507833,2649.921713,35.62437215,UT Sell,77992.70924,177992.7092
INFOBEAN.NS,2017-10-13 00:00:00+05:30,2017-10-19 00:00:00+05:30,15.25752926,14.35161304,9131.371342,-542.1754213,-5.937502715,Stop Loss,77450.53382,177450.5338
BEPL.NS,2017-08-03 00:00:00+05:30,2017-10-23 00:00:00+05:30,37.69766617,55.28652954,7891.070366,3681.791809,46.65769837,UT Sell,81132.32563,181132.3256
SHARDACROP.NS,2017-09-26 00:00:00+05:30,2017-10-26 00:00:00+05:30,401.0624695,401.0172729,9360.700082,-1.054876046,-0.0112692,UT Sell,81131.27076,181131.2708
GABRIEL.NS,2017-10-23 00:00:00+05:30,2017-10-26 00:00:00+05:30,186.6517944,178.4846344,11572.86218,-506.3836527,-4.375612921,Stop Loss,80624.8871,180624.8871
HINDPETRO.NS,2017-10-11 00:00:00+05:30,2017-10-27 00:00:00+05:30,208.5053253,208.986496,9289.514098,21.43754156,0.230771398,UT Sell,80646.32465,180646.3246
PFC.NS,2017-10-13 00:00:00+05:30,2017-10-31 00:00:00+05:30,58.73705292,66.12075806,9131.371342,1147.884515,12.57077904,UT Sell,81794.20916,181794.2092
INDNIPPON.NS,2017-08-10 00:00:00+05:30,2017-11-06 00:00:00+05:30,321.9068298,525.6513672,8247.000514,5219.775254,63.29301477,UT Sell,87013.98441,187013.9844
THOMASCOTT.NS,2017-10-26 00:00:00+05:30,2017-11-06 00:00:00+05:30,16.79999924,17.85000038,10213.06186,638.3170912,6.250007096,UT Sell,87652.30151,187652.3015
SAKSOFT.NS,2017-09-18 00:00:00+05:30,2017-11-07 00:00:00+05:30,14.79656696,16.11344337,11957.56143,1064.208382,8.899878024,UT Sell,88716.50989,188716.5099
SUPREMEINF.NS,2017-09-29 00:00:00+05:30,2017-11-08 00:00:00+05:30,79.84999847,96.15000153,8302.16072,1694.743239,20.4132791,UT Sell,90411.25313,190411.2531
SHEKHAWATI.NS,2017-10-19 00:00:00+05:30,2017-11-08 00:00:00+05:30,0.5,0.449999988,8589.19592,-858.9197968,-10.00000238,Stop Loss,89552.33333,189552.3333
BCG.NS,2017-11-06 00:00:00+05:30,2017-11-08 00:00:00+05:30,2.920929909,2.803150177,12159.07736,-490.2866261,-4.032268333,Stop Loss,89062.0467,189062.0467
TANLA.NS,2017-11-06 00:00:00+05:30,2017-11-08 00:00:00+05:30,31.33939362,29.6291256,12159.07736,-663.5508468,-5.45724669,Stop Loss,88398.49586,188398.4959
SAKSOFT.NS,2017-11-08 00:00:00+05:30,2017-11-13 00:00:00+05:30,18.42894745,16.95477867,10222.87433,-817.7483929,-7.999202242,Stop Loss,87580.74746,187580.7475
JMA.NS,2017-11-07 00:00:00+05:30,2017-11-13 00:00:00+05:30,35.53908157,34.01643372,13021.76981,-557.9088999,-4.284432209,Stop Loss,87022.83856,187022.8386
AARVI.NS,2017-11-08 00:00:00+05:30,2017-11-15 00:00:00+05:30,67.29189301,82.65338135,10222.87433,2333.692186,22.82814119,UT Sell,89356.53075,189356.5308
REMSONSIND.NS,2017-07-07 00:00:00+05:30,2017-11-16 00:00:00+05:30,11.34417057,13.44735622,8166.283234,1514.011944,18.53979223,UT Sell,90870.54269,190870.5427
DEVIT.NS,2017-11-08 00:00:00+05:30,2017-11-20 00:00:00+05:30,5.687180996,6.20067358,10222.87433,923.0179528,9.028947463,UT Sell,91793.56065,191793.5606
THOMASCOTT.NS,2017-11-08 00:00:00+05:30,2017-11-22 00:00:00+05:30,18.89999962,18.79999924,10222.87433,-54.08948961,-0.529102558,UT Sell,91739.47116,191739.4712
KRISHANA.NS,2017-11-16 00:00:00+05:30,2017-11-22 00:00:00+05:30,17.95121956,17.53714561,9680.295179,-223.2916817,-2.306661911,UT Sell,91516.17948,191516.1795
SERVOTECH.NS,2017-11-15 00:00:00+05:30,2017-11-23 00:00:00+05:30,7.257540226,7.257540226,12556.56652,0,0,UT Sell,91516.17948,191516.1795
TALBROAUTO.NS,2017-11-22 00:00:00+05:30,2017-11-23 00:00:00+05:30,46.16428375,44.24633789,9812.89417,-407.6874639,-4.154609811,Stop Loss,91108.49201,191108.492
CHENNPETRO.NS,2017-11-23 00:00:00+05:30,2017-11-28 00:00:00+05:30,354.3027954,347.3702393,10980.88661,-214.860323,-1.956675545,UT Sell,90893.63169,190893.6317
ACE.NS,2017-11-13 00:00:00+05:30,2017-11-29 00:00:00+05:30,92.14269257,133.5948181,10934.49342,4919.087794,44.98688327,UT Sell,95812.71948,195812.7195
DEVIT.NS,2017-11-23 00:00:00+05:30,2017-12-01 00:00:00+05:30,7.029046059,6.685102463,10980.88661,-537.3141101,-4.893176016,Stop Loss,95275.40537,195275.4054
KRISHANA.NS,2017-11-28 00:00:00+05:30,2017-12-05 00:00:00+05:30,17.82943153,17.53714561,10766.02629,-176.4923287,-1.639345139,UT Sell,95098.91304,195098.913
REFEX.NS,2017-10-18 00:00:00+05:30,2017-12-06 00:00:00+05:30,4.1458354,4.668818951,10088.42955,1272.622331,12.61467233,UT Sell,96371.53537,196371.5354
TORNTPOWER.NS,2017-10-12 00:00:00+05:30,2017-12-13 00:00:00+05:30,183.5123444,209.1196594,10199.8414,1423.28601,13.95400138,UT Sell,97794.82138,197794.8214
BCG.NS,2017-12-13 00:00:00+05:30,2017-12-14 00:00:00+05:30,2.685370684,2.520479441,11623.12741,-713.7010684,-6.140353136,Stop Loss,97081.12032,197081.1203
NAGREEKCAP.NS,2017-09-14 00:00:00+05:30,2017-12-15 00:00:00+05:30,14.80000019,72.05000305,7819.152917,30246.38656,386.8243387,UT Sell,127327.5069,227327.5069
POWERMECH.NS,2017-10-11 00:00:00+05:30,2017-12-21 00:00:00+05:30,285.6541748,371.1244202,9289.514098,2779.504447,29.92088088,UT Sell,130107.0113,230107.0113
MANAKCOAT.NS,2017-10-26 00:00:00+05:30,2017-12-26 00:00:00+05:30,12.98638058,19.50444794,10213.06186,5126.095357,50.19156278,UT Sell,135233.1067,235233.1067
KIRIINDUS.NS,2017-12-21 00:00:00+05:30,2017-12-29 00:00:00+05:30,525.7010498,501.4256592,12069.01855,-557.3132102,-4.617717738,Stop Loss,134675.7935,234675.7935
SBIN.NS,2017-12-05 00:00:00+05:30,2018-01-02 00:00:00+05:30,294.4389038,279.8138123,10589.53396,-525.9933442,-4.967105693,Stop Loss,134149.8001,234149.8001
BALAXI.NS,2017-11-29 00:00:00+05:30,2018-01-03 00:00:00+05:30,2.826004982,2.826004982,15853.58122,0,0,UT Sell,134149.8001,234149.8001
GLOBAL.NS,2017-12-26 00:00:00+05:30,2018-01-03 00:00:00+05:30,9.080752373,9.156750679,15339.15722,128.3759231,0.836916405,UT Sell,134278.1761,234278.1761
APCOTEXIND.NS,2017-09-25 00:00:00+05:30,2018-01-10 00:00:00+05:30,157.0400391,170.2405243,8631.473508,725.545149,8.405808677,UT Sell,135003.7212,235003.7212
WEBELSOLAR.NS,2018-01-02 00:00:00+05:30,2018-01-11 00:00:00+05:30,12.85000038,15.68500042,10063.54062,2220.244139,22.06225645,UT Sell,137223.9653,237223.9653
JPOLYINVST.NS,2017-12-29 00:00:00+05:30,2018-01-15 00:00:00+05:30,81.09999847,77.34999847,11511.70534,-532.2921803,-4.623921172,Stop Loss,136691.6732,236691.6732
KOHINOOR.NS,2017-11-20 00:00:00+05:30,2018-01-16 00:00:00+05:30,67.94999695,83.59999847,11145.89229,2567.082253,23.03164419,UT Sell,139258.7554,239258.7554
ADFFOODS.NS,2017-11-13 00:00:00+05:30,2018-01-16 00:00:00+05:30,45.75546265,55.14558029,10934.49342,2244.020139,20.52239689,UT Sell,141502.7756,241502.7756
STCINDIA.NS,2017-12-14 00:00:00+05:30,2018-01-16 00:00:00+05:30,176.5500031,170.1999969,10909.42634,-392.3813235,-3.596718207,UT Sell,141110.3942,241110.3942
BFINVEST.NS,2017-10-31 00:00:00+05:30,2018-01-16 00:00:00+05:30,263,368.7999878,10279.25586,4135.152639,40.22813224,UT Sell,145245.5469,245245.5469
APARINDS.NS,2017-11-22 00:00:00+05:30,2018-01-16 00:00:00+05:30,690.8779907,744.3812866,9812.89417,759.9347316,7.744246686,UT Sell,146005.4816,246005.4816
SHREYANIND.NS,2017-09-28 00:00:00+05:30,2018-01-16 00:00:00+05:30,132.4734344,177.0361176,8933.288337,3005.065121,33.6389581,UT Sell,149010.5467,249010.5467
INDIAGLYCO.NS,2017-08-16 00:00:00+05:30,2018-01-16 00:00:00+05:30,74.71643829,239.3255157,7438.507833,16387.90526,220.3117295,UT Sell,165398.452,265398.452
IMPAL.NS,2017-08-11 00:00:00+05:30,2018-01-16 00:00:00+05:30,448.9437866,735.7102661,8169.111902,5218.086385,63.87580985,UT Sell,170616.5384,270616.5384
VBL.NS,2017-10-27 00:00:00+05:30,2018-01-16 00:00:00+05:30,29.21213531,37.29030609,9310.95164,2574.80176,27.65347582,UT Sell,173191.3401,273191.3401
BALPHARMA.NS,2018-01-17 00:00:00+05:30,2018-01-18 00:00:00+05:30,105.6708527,101.12043,13714.83208,-590.5912675,-4.306223101,Stop Loss,172600.7489,272600.7489
PANSARI.NS,2018-01-10 00:00:00+05:30,2018-01-19 00:00:00+05:30,23.25,23.14999962,9357.018657,-40.24539506,-0.430109168,UT Sell,172560.5035,272560.5035
AKASH.NS,2018-01-17 00:00:00+05:30,2018-01-19 00:00:00+05:30,40.90415192,39.79995728,13714.83208,-370.2275535,-2.699468365,UT Sell,172190.2759,272190.2759
PANACHE.NS,2018-01-19 00:00:00+05:30,2018-01-22 00:00:00+05:30,72.63782501,67.51624298,11330.6889,-798.9095577,-7.050847173,Stop Loss,171391.3664,271391.3664
RMDRIP.NS,2018-01-19 00:00:00+05:30,2018-01-23 00:00:00+05:30,4.103920937,3.905720472,11330.6889,-547.220045,-4.829539051,Stop Loss,170844.1463,270844.1463
GESHIP.NS,2017-12-15 00:00:00+05:30,2018-01-23 00:00:00+05:30,303.9925232,332.2408142,38065.53948,3537.213434,9.292429537,UT Sell,174381.3597,274381.3597
NEXTMEDIA.NS,2018-01-03 00:00:00+05:30,2018-01-23 00:00:00+05:30,18.95000076,17.79999924,15660.55718,-950.3780438,-6.068609391,Stop Loss,173430.9817,273430.9817
PASHUPATI.NS,2018-01-17 00:00:00+05:30,2018-01-24 00:00:00+05:30,7.18863821,7.015650272,13714.83208,-330.0347648,-2.406407624,UT Sell,173100.9469,273100.9469
KIRIINDUS.NS,2018-01-22 00:00:00+05:30,2018-01-24 00:00:00+05:30,633.0996094,605.1431885,10531.77934,-465.0624509,-4.415801319,Stop Loss,172635.8845,272635.8845
INDRAMEDCO.NS,2018-01-23 00:00:00+05:30,2018-01-24 00:00:00+05:30,53.36394882,50.85981369,22365.46697,-1049.512879,-4.692559653,Stop Loss,171586.3716,271586.3716
PUNJABCHEM.NS,2017-12-06 00:00:00+05:30,2018-01-25 00:00:00+05:30,433.43573,447.5476074,11361.05188,369.8951438,3.255817752,UT Sell,171956.2667,271956.2667
SBIN.NS,2018-01-17 00:00:00+05:30,2018-01-25 00:00:00+05:30,283.366272,288.9486694,13714.83208,270.1861561,1.970028904,UT Sell,172226.4529,272226.4529
MBAPL.NS,2018-01-25 00:00:00+05:30,2018-01-29 00:00:00+05:30,12.82906151,12.10288811,12857.98263,-727.8104458,-5.6603782,Stop Loss,171498.6425,271498.6425
ASHOKA.NS,2018-01-24 00:00:00+05:30,2018-01-29 00:00:00+05:30,158.8447876,152.1999512,14922.48943,-624.2414551,-4.183225982,Stop Loss,170874.401,270874.401
20MICRONS.NS,2017-08-29 00:00:00+05:30,2018-01-29 00:00:00+05:30,33.64881897,51.14662552,8133.467514,4229.504794,52.00125022,UT Sell,175103.9058,275103.9058
THOMASCOTT.NS,2018-01-11 00:00:00+05:30,2018-01-29 00:00:00+05:30,18.89999962,18.79999924,12283.78476,-64.99381938,-0.529102558,UT Sell,175038.912,275038.912
DPABHUSHAN.NS,2018-01-23 00:00:00+05:30,2018-01-30 00:00:00+05:30,73.82601166,70.93868256,22365.46697,-874.7115305,-3.910991582,UT Sell,174164.2004,274164.2004
NAHARPOLY.NS,2018-01-24 00:00:00+05:30,2018-01-30 00:00:00+05:30,74.44268036,70.61073303,14922.48943,-768.1372193,-5.14751391,Stop Loss,173396.0632,273396.0632
KRISHANA.NS,2018-01-25 00:00:00+05:30,2018-01-30 00:00:00+05:30,15.88085842,15.58857441,12857.98263,-236.6485896,-1.840479929,UT Sell,173159.4146,273159.4146
BANKINDIA.NS,2018-01-17 00:00:00+05:30,2018-01-31 00:00:00+05:30,144.7747345,138.1820831,13714.83208,-624.5365036,-4.553730587,Stop Loss,172534.8781,272534.8781
PNB.NS,2018-01-17 00:00:00+05:30,2018-02-01 00:00:00+05:30,162.8845825,155.4617615,13714.83208,-624.9992642,-4.557104749,Stop Loss,171909.8789,271909.8789
RMDRIP.NS,2018-01-29 00:00:00+05:30,2018-02-01 00:00:00+05:30,4.039796829,3.730837584,12752.54585,-975.3007672,-7.647890692,Stop Loss,170934.5781,270934.5781
LGBBROSLTD.NS,2018-01-30 00:00:00+05:30,2018-02-01 00:00:00+05:30,445.7478027,422.9225464,16088.8139,-823.854429,-5.120666038,Stop Loss,170110.7237,270110.7237
INDRAMEDCO.NS,2018-02-01 00:00:00+05:30,2018-02-02 00:00:00+05:30,49.95313644,47.66488266,13377.34579,-612.7895925,-4.580801021,Stop Loss,169497.9341,269497.9341
MUTHOOTFIN.NS,2018-02-01 00:00:00+05:30,2018-02-02 00:00:00+05:30,373.6543579,343.4988708,13377.34579,-1079.608385,-8.070422952,Stop Loss,168418.3257,268418.3257
MAGADSUGAR.NS,2018-01-31 00:00:00+05:30,2018-02-02 00:00:00+05:30,92.94535828,85.35167694,13090.29558,-1069.483566,-8.170049023,Stop Loss,167348.8421,267348.8421
HINDPETRO.NS,2018-01-30 00:00:00+05:30,2018-02-02 00:00:00+05:30,180.0936127,171.6159363,16088.8139,-757.360329,-4.707372053,Stop Loss,166591.4818,266591.4818
BPCL.NS,2018-01-30 00:00:00+05:30,2018-02-02 00:00:00+05:30,139.8163147,137.3833008,16088.8139,-279.9695314,-1.740150226,UT Sell,166311.5123,266311.5123
CANFINHOME.NS,2018-01-29 00:00:00+05:30,2018-02-02 00:00:00+05:30,434.6160278,401.9444885,12752.54585,-958.6514909,-7.517334202,Stop Loss,165352.8608,265352.8608
PONNIERODE.NS,2018-01-15 00:00:00+05:30,2018-02-02 00:00:00+05:30,160.053421,143.6467438,10979.41315,-1125.472276,-10.25075074,Stop Loss,164227.3885,264227.3885
INFOBEAN.NS,2018-01-24 00:00:00+05:30,2018-02-02 00:00:00+05:30,17.0574379,19.00038719,14922.48943,1699.765258,11.39062799,UT Sell,165927.1538,265927.1538
ADANIENT.NS,2018-01-03 00:00:00+05:30,2018-02-02 00:00:00+05:30,94.5350647,105.8020096,15660.55718,1866.467593,11.91827067,UT Sell,167793.6214,267793.6214
CUPID.NS,2017-12-01 00:00:00+05:30,2018-02-02 00:00:00+05:30,1.981069684,2.327886343,10443.5725,1828.307683,17.50653507,UT Sell,169621.929,269621.929
INDOTHAI.NS,2017-10-05 00:00:00+05:30,2018-02-02 00:00:00+05:30,4.742602825,6.920891762,9711.359106,4460.450702,45.93024162,UT Sell,174082.3797,274082.3797
KOTHARIPET.NS,2017-08-24 00:00:00+05:30,2018-02-02 00:00:00+05:30,20.56431389,22.66104698,8101.529956,826.0302803,10.19597884,UT Sell,174908.41,274908.41
SPIC.NS,2018-01-29 00:00:00+05:30,2018-02-02 00:00:00+05:30,39.93791199,35.85495377,12752.54585,-1303.726443,-10.22326411,Stop Loss,173604.6836,273604.6836
MBAPL.NS,2018-02-01 00:00:00+05:30,2018-02-05 00:00:00+05:30,12.78064919,12.10288811,13377.34579,-709.4040507,-5.303025442,Stop Loss,172895.2795,272895.2795
NAUKRI.NS,2018-02-02 00:00:00+05:30,2018-02-05 00:00:00+05:30,266.1392517,249.8517303,13141.58368,-804.2550042,-6.119924535,Stop Loss,172091.0245,272091.0245
TECHM.NS,2018-01-16 00:00:00+05:30,2018-02-06 00:00:00+05:30,422.0343628,459.1557617,13714.83208,1206.332465,8.7958238,UT Sell,173297.357,273297.357
IOC.NS,2018-01-29 00:00:00+05:30,2018-02-09 00:00:00+05:30,74.42643738,73.98884583,12752.54585,-74.97881851,-0.587951766,UT Sell,173222.3782,273222.3782
GUJRAFFIA.NS,2018-01-17 00:00:00+05:30,2018-02-12 00:00:00+05:30,66.69999695,67.15000153,13714.83208,92.52979763,0.674669563,UT Sell,173314.908,273314.908
DPABHUSHAN.NS,2018-02-07 00:00:00+05:30,2018-02-14 00:00:00+05:30,69.54479218,75.21990204,13220.38344,1078.83173,8.160366414,UT Sell,174393.7397,274393.7397
MANAKCOAT.NS,2018-02-07 00:00:00+05:30,2018-02-15 00:00:00+05:30,17.61371231,16.12102509,13220.38344,-1120.371284,-8.474574803,Stop Loss,173273.3684,273273.3684
AUSOMENT.NS,2018-02-07 00:00:00+05:30,2018-02-15 00:00:00+05:30,83.13315582,74.84366608,13220.38344,-1318.249402,-9.971340152,Stop Loss,171955.119,271955.119
TIIL.NS,2018-02-06 00:00:00+05:30,2018-02-15 00:00:00+05:30,546.0687256,541.6970825,13220.38344,-105.8379557,-0.80056646,UT Sell,171849.281,271849.281
SRHHYPOLTD.NS,2018-02-07 00:00:00+05:30,2018-02-15 00:00:00+05:30,172.2674713,171.7093811,13220.38344,-42.82971425,-0.323967262,UT Sell,171806.4513,271806.4513
TDPOWERSYS.NS,2018-01-23 00:00:00+05:30,2018-02-16 00:00:00+05:30,34.72031021,39.37018967,22365.46697,2995.270628,13.3923903,UT Sell,174801.722,274801.722
TERASOFT.NS,2018-02-07 00:00:00+05:30,2018-02-16 00:00:00+05:30,61.15653992,59.95935059,13220.38344,-258.799828,-1.957581859,UT Sell,174542.9221,274542.9221
TANLA.NS,2018-02-12 00:00:00+05:30,2018-02-16 00:00:00+05:30,30.64604378,29.12067223,13807.36188,-687.2455436,-4.977384887,Stop Loss,173855.6766,273855.6766
KOHINOOR.NS,2018-02-14 00:00:00+05:30,2018-02-16 00:00:00+05:30,76.44999695,70.44999695,14299.21517,-1122.240608,-7.848267154,Stop Loss,172733.436,272733.436
ELECTCAST.NS,2018-02-15 00:00:00+05:30,2018-02-16 00:00:00+05:30,31.37333107,29.64552498,12573.56135,-692.4567827,-5.507244632,Stop Loss,172040.9792,272040.9792
JAMNAAUTO.NS,2018-02-05 00:00:00+05:30,2018-02-19 00:00:00+05:30,66.11438751,66.95294952,13050.30533,165.5235827,1.268350269,UT Sell,172206.5028,272206.5028
KRISHANA.NS,2018-02-05 00:00:00+05:30,2018-02-20 00:00:00+05:30,15.58857441,16.07571602,13050.30533,407.8209189,3.124991397,UT Sell,172614.3237,272614.3237
BPCL.NS,2018-02-15 00:00:00+05:30,2018-02-20 00:00:00+05:30,136.7786865,130.4443512,12573.56135,-582.2921384,-4.631083605,Stop Loss,172032.0316,272032.0316
PRESTIGE.NS,2018-02-15 00:00:00+05:30,2018-02-20 00:00:00+05:30,315.1125793,293.6749878,12573.56135,-855.3986426,-6.803153209,Stop Loss,171176.6329,271176.6329
FIEMIND.NS,2018-02-07 00:00:00+05:30,2018-02-21 00:00:00+05:30,386.6450806,370.7194824,13220.38344,-544.5369011,-4.118919119,Stop Loss,170632.096,270632.096
SOTL.NS,2018-02-05 00:00:00+05:30,2018-02-21 00:00:00+05:30,275.92453,261.2578125,13050.30533,-693.6865741,-5.315481566,Stop Loss,169938.4094,269938.4094
DHAMPURSUG.NS,2018-02-05 00:00:00+05:30,2018-02-21 00:00:00+05:30,165.7984619,170.1172943,13050.30533,339.9433312,2.604868795,UT Sell,170278.3528,270278.3528
TERASOFT.NS,2018-02-20 00:00:00+05:30,2018-02-22 00:00:00+05:30,62.95232773,60.30853271,12389.18606,-520.3059125,-4.199677929,Stop Loss,169758.0469,269758.0469
GUJAPOLLO.NS,2018-02-20 00:00:00+05:30,2018-02-22 00:00:00+05:30,203.7431488,193.9230804,12389.18606,-597.1373993,-4.819827522,Stop Loss,169160.9095,269160.9095
NAGREEKCAP.NS,2018-02-16 00:00:00+05:30,2018-02-22 00:00:00+05:30,43.09999847,47.40000153,15300.10334,1526.461563,9.976805578,UT Sell,170687.371,270687.371
MKPL.NS,2018-02-19 00:00:00+05:30,2018-02-22 00:00:00+05:30,0.845555007,0.83888799,14883.24845,-117.3511877,-0.788478322,UT Sell,170570.0198,270570.0198
TIRUPATIFL.NS,2018-02-15 00:00:00+05:30,2018-02-23 00:00:00+05:30,3.478476286,3.499882936,12573.56135,77.37808507,0.61540309,UT Sell,170647.3979,270647.3979
GESHIP.NS,2018-02-09 00:00:00+05:30,2018-02-26 00:00:00+05:30,300.8707275,282.9014893,12677.56703,-757.1564861,-5.972411616,Stop Loss,169890.2414,269890.2414
PGEL.NS,2018-02-22 00:00:00+05:30,2018-02-26 00:00:00+05:30,32.24027252,30.68146515,13813.34774,-667.871163,-4.834969593,Stop Loss,169222.3703,269222.3703
IZMO.NS,2018-02-07 00:00:00+05:30,2018-02-27 00:00:00+05:30,95.5,104.4000015,13220.38344,1232.056888,9.319373326,UT Sell,170454.4272,270454.4272
RMDRIP.NS,2018-02-21 00:00:00+05:30,2018-02-27 00:00:00+05:30,3.235334873,3.296543837,12807.57132,242.3051074,1.891889582,UT Sell,170696.7323,270696.7323
MBAPL.NS,2018-02-19 00:00:00+05:30,2018-02-28 00:00:00+05:30,11.92134476,12.41756344,14883.24845,619.5061104,4.162438814,UT Sell,171316.2384,271316.2384
USHAMART.NS,2018-02-21 00:00:00+05:30,2018-02-28 00:00:00+05:30,22.3508606,21.58180046,12807.57132,-440.6896318,-3.440852452,UT Sell,170875.5488,270875.5488
PFC.NS,2018-02-23 00:00:00+05:30,2018-03-01 00:00:00+05:30,53.5165329,50.86055374,12650.93944,-627.8551624,-4.962913352,Stop Loss,170247.6936,270247.6936
ONWARDTEC.NS,2018-02-27 00:00:00+05:30,2018-03-01 00:00:00+05:30,99.05263519,91.67920685,13751.15838,-1023.629313,-7.443949704,Stop Loss,169224.0643,269224.0643
KRISHANA.NS,2018-02-26 00:00:00+05:30,2018-03-05 00:00:00+05:30,17.53714561,16.80643272,12532.94356,-522.2049027,-4.166658056,Stop Loss,168701.8594,268701.8594
GABRIEL.NS,2018-02-26 00:00:00+05:30,2018-03-05 00:00:00+05:30,144.5826263,142.5125732,12532.94356,-179.4396695,-1.431744016,UT Sell,168522.4197,268522.4197
GLOBAL.NS,2018-02-21 00:00:00+05:30,2018-03-05 00:00:00+05:30,7.833611488,7.685510635,12807.57132,-242.1376449,-1.890582054,UT Sell,168280.2821,268280.2821
MANALIPETC.NS,2018-02-06 00:00:00+05:30,2018-03-05 00:00:00+05:30,31.33973312,31.55587196,13220.38344,91.17621795,0.689663945,UT Sell,168371.4583,268371.4583
PFIZER.NS,2018-01-17 00:00:00+05:30,2018-03-05 00:00:00+05:30,1808.888428,1917.141113,13714.83208,820.7622881,5.984486599,UT Sell,169192.2206,269192.2206
PANACHE.NS,2018-02-19 00:00:00+05:30,2018-03-05 00:00:00+05:30,54.170578,54.04746246,14883.24845,-33.82572664,-0.227273816,UT Sell,169158.3948,269158.3948
CIEINDIA.NS,2018-02-19 00:00:00+05:30,2018-03-05 00:00:00+05:30,215.7394409,221.2454224,14883.24845,379.8419495,2.552144115,UT Sell,169538.2368,269538.2368
SKMEGGPROD.NS,2018-02-28 00:00:00+05:30,2018-03-06 00:00:00+05:30,44.3209877,41.50289154,13934.81812,-886.0284821,-6.358378518,Stop Loss,168652.2083,268652.2083
MBAPL.NS,2018-03-06 00:00:00+05:30,2018-03-07 00:00:00+05:30,12.58700371,12.10288811,13386.67687,-514.8722653,-3.846154429,UT Sell,168137.336,268137.336
SAKSOFT.NS,2018-02-07 00:00:00+05:30,2018-03-07 00:00:00+05:30,17.64979744,16.84869766,13220.38344,-600.0548316,-4.538861026,Stop Loss,167537.2812,267537.2812
LGBBROSLTD.NS,2018-02-22 00:00:00+05:30,2018-03-07 00:00:00+05:30,468.8791809,449.1802979,13813.34774,-580.336114,-4.201270574,Stop Loss,166956.9451,266956.9451
INDIANHUME.NS,2018-02-28 00:00:00+05:30,2018-03-07 00:00:00+05:30,368.1600342,341.796936,13934.81812,-997.84046,-7.160771321,Stop Loss,165959.1046,265959.1046
SIKKO.NS,2018-03-01 00:00:00+05:30,2018-03-07 00:00:00+05:30,0.57469964,0.597753584,12375.30667,496.4325855,4.011477039,UT Sell,166455.5372,266455.5372
ELECTHERM.NS,2018-03-05 00:00:00+05:30,2018-03-07 00:00:00+05:30,154.1999969,147.6000061,13555.62048,-580.2008616,-4.280149789,Stop Loss,165875.3364,265875.3364
LAXMICOT.NS,2018-03-05 00:00:00+05:30,2018-03-07 00:00:00+05:30,13.21071434,12.2946434,13555.62048,-939.9877746,-6.934302828,Stop Loss,164935.3486,264935.3486
BEL.NS,2018-03-05 00:00:00+05:30,2018-03-07 00:00:00+05:30,44.68717957,42.61873245,13555.62048,-627.452534,-4.628726031,Stop Loss,164307.896,264307.896
MKPL.NS,2018-03-05 00:00:00+05:30,2018-03-07 00:00:00+05:30,0.855554998,0.844443977,13555.62048,-176.0457069,-1.298691618,UT Sell,164131.8503,264131.8503
SHRADHA.NS,2018-03-06 00:00:00+05:30,2018-03-08 00:00:00+05:30,11.41019821,10.08661556,13386.67687,-1552.854114,-11.59999699,Stop Loss,162578.9962,262578.9962
THOMASCOTT.NS,2018-03-01 00:00:00+05:30,2018-03-08 00:00:00+05:30,13.60000038,12.60000038,12375.30667,-909.9489943,-7.35294097,Stop Loss,161669.0472,261669.0472
HIRECT.NS,2018-02-22 00:00:00+05:30,2018-03-08 00:00:00+05:30,66.40463257,63.13721085,13813.34774,-679.6819849,-4.920472557,Stop Loss,160989.3652,260989.3652
SHAHALLOYS.NS,2018-02-20 00:00:00+05:30,2018-03-09 00:00:00+05:30,25.10000038,36.15000153,12389.18606,5454.203906,44.02390827,UT Sell,166443.5692,266443.5692
KHAITANLTD.NS,2018-03-07 00:00:00+05:30,2018-03-09 00:00:00+05:30,49.45000076,48.90000153,12936.96187,-143.8891617,-1.11223302,UT Sell,166299.68,266299.68
RGL.NS,2018-03-08 00:00:00+05:30,2018-03-09 00:00:00+05:30,62.18858337,58.7788887,12699.15793,-696.2733153,-5.482830588,Stop Loss,165603.4067,265603.4067
STARCEMENT.NS,2018-03-08 00:00:00+05:30,2018-03-09 00:00:00+05:30,120.2421265,114.6528702,12699.15793,-590.2993432,-4.648334532,Stop Loss,165013.1073,265013.1073
DPABHUSHAN.NS,2018-03-06 00:00:00+05:30,2018-03-12 00:00:00+05:30,72.5814743,69.54479218,13386.67687,-560.0751818,-4.18382536,Stop Loss,164453.0322,264453.0322
AIROLAM.NS,2018-03-08 00:00:00+05:30,2018-03-14 00:00:00+05:30,46.90000153,44.95000076,12699.15793,-528.0035574,-4.157784007,Stop Loss,163925.0286,263925.0286
MAYURUNIQ.NS,2018-03-08 00:00:00+05:30,2018-03-15 00:00:00+05:30,490.1667786,470.4463501,12699.15793,-510.9135226,-4.023207881,Stop Loss,163414.1151,263414.1151
ECLERX.NS,2018-02-22 00:00:00+05:30,2018-03-16 00:00:00+05:30,448.3861694,423.9074097,13813.34774,-754.1125128,-5.459303037,Stop Loss,162660.0026,262660.0026
AIAENG.NS,2018-03-08 00:00:00+05:30,2018-03-16 00:00:00+05:30,1358.760986,1283.713623,12699.15793,-701.4024747,-5.523220348,Stop Loss,161958.6001,261958.6001
ICICIGI.NS,2018-03-08 00:00:00+05:30,2018-03-16 00:00:00+05:30,761.5507202,733.4490356,12699.15793,-468.6066481,-3.690060796,UT Sell,161489.9934,261489.9934
INFOBEAN.NS,2018-03-09 00:00:00+05:30,2018-03-16 00:00:00+05:30,18.71431351,18.21367645,13687.05147,-366.1499594,-2.67515586,UT Sell,161123.8435,261123.8435
CENTRALBK.NS,2018-03-09 00:00:00+05:30,2018-03-19 00:00:00+05:30,73.71592712,75.62617493,13687.05147,354.6812882,2.591363735,UT Sell,161478.5248,261478.5248
PANACHE.NS,2018-03-16 00:00:00+05:30,2018-03-19 00:00:00+05:30,53.82586288,51.14195251,12652.11087,-630.8701754,-4.986283965,Stop Loss,160847.6546,260847.6546
HECPROJECT.NS,2018-03-16 00:00:00+05:30,2018-03-19 00:00:00+05:30,33.39386368,32.08196259,12652.11087,-497.0469494,-3.928569348,UT Sell,160350.6076,260350.6076
KSB.NS,2018-03-07 00:00:00+05:30,2018-03-19 00:00:00+05:30,149.4843903,142.7168427,12936.96187,-585.6899519,-4.527260402,Stop Loss,159764.9177,259764.9177
ZENTEC.NS,2018-02-07 00:00:00+05:30,2018-03-19 00:00:00+05:30,116.7879257,115.1638336,13220.38344,-183.8470904,-1.390633571,UT Sell,159581.0706,259581.0706
DEVIT.NS,2018-03-14 00:00:00+05:30,2018-03-19 00:00:00+05:30,7.363300323,6.685102463,12171.15437,-1121.025966,-9.210514727,Stop Loss,158460.0446,258460.0446
WANBURY.NS,2018-03-16 00:00:00+05:30,2018-03-20 00:00:00+05:30,36.45000076,33.90000153,12652.11087,-885.1268143,-6.995882534,Stop Loss,157574.9178,257574.9178
ARVEE.NS,2018-03-19 00:00:00+05:30,2018-03-20 00:00:00+05:30,30.75,29.5,12442.66234,-505.7992821,-4.06504065,Stop Loss,157069.1185,257069.1185
GLOBAL.NS,2018-03-16 00:00:00+05:30,2018-03-21 00:00:00+05:30,7.67772007,7.658231258,12652.11087,-32.11560221,-0.253835922,UT Sell,157037.0029,257037.0029
MBAPL.NS,2018-03-20 00:00:00+05:30,2018-03-21 00:00:00+05:30,13.88201237,12.52648926,12147.29295,-1186.134681,-9.764600935,Stop Loss,155850.8683,255850.8683
RELINFRA.NS,2018-03-20 00:00:00+05:30,2018-03-22 00:00:00+05:30,443.6362305,421.4568481,12147.29295,-607.298133,-4.999452434,Stop Loss,155243.5701,255243.5701
ICICIBANK.NS,2018-03-08 00:00:00+05:30,2018-03-22 00:00:00+05:30,285.2318726,272.0724792,12699.15793,-585.8854846,-4.613577435,Stop Loss,154657.6846,254657.6846
KRISHANA.NS,2018-03-12 00:00:00+05:30,2018-03-22 00:00:00+05:30,16.56285858,15.58857441,12826.60169,-754.5047218,-5.882343119,Stop Loss,153903.1799,253903.1799
SUPREMEINF.NS,2018-03-15 00:00:00+05:30,2018-03-22 00:00:00+05:30,62.54999924,59.29999924,12188.2444,-633.2820911,-5.195843389,Stop Loss,153269.8978,253269.8978
BALRAMCHIN.NS,2018-03-21 00:00:00+05:30,2018-03-22 00:00:00+05:30,85.59319305,79.69178772,11790.57677,-812.9264739,-6.894713381,Stop Loss,152456.9714,252456.9714
SHRADHA.NS,2018-03-22 00:00:00+05:30,2018-03-23 00:00:00+05:30,10.31481838,9.986207008,11651.59537,-371.19866,-3.185818322,UT Sell,152085.7727,252085.7727
SOUTHWEST.NS,2018-03-20 00:00:00+05:30,2018-03-23 00:00:00+05:30,37.6456604,37.22685242,12147.29295,-135.1386377,-1.11250003,UT Sell,151950.6341,251950.6341
AIROLAM.NS,2018-03-19 00:00:00+05:30,2018-03-23 00:00:00+05:30,45.45000076,43.54999924,12442.66234,-520.1557103,-4.180421329,Stop Loss,151430.4783,251430.4783
DEVIT.NS,2018-03-20 00:00:00+05:30,2018-03-23 00:00:00+05:30,7.402054787,6.854651451,12147.29295,-898.3274062,-7.395288894,Stop Loss,150532.1509,250532.1509
CIGNITITEC.NS,2018-03-08 00:00:00+05:30,2018-03-23 00:00:00+05:30,256.8391418,238.2240448,12699.15793,-920.4051046,-7.247764851,Stop Loss,149611.7458,249611.7458
ZENITHSTL.NS,2018-01-18 00:00:00+05:30,2018-03-23 00:00:00+05:30,0.5,2.299999952,13124.24082,47247.26569,359.9999905,UT Sell,196859.0115,296859.0115
VAIBHAVGBL.NS,2018-03-09 00:00:00+05:30,2018-03-23 00:00:00+05:30,118.4326553,111.6714325,13687.05147,-781.3825057,-5.708917714,Stop Loss,196077.629,296077.629
TIPSMUSIC.NS,2018-02-19 00:00:00+05:30,2018-03-23 00:00:00+05:30,7.683745861,8.256260872,14883.24845,1108.949112,7.450988375,UT Sell,197186.5781,297186.5781
MAHESHWARI.NS,2018-03-08 00:00:00+05:30,2018-03-26 00:00:00+05:30,89.79689026,85.23343658,12699.15793,-645.3677709,-5.081972952,Stop Loss,196541.2104,296541.2104
INFOBEAN.NS,2018-03-22 00:00:00+05:30,2018-03-26 00:00:00+05:30,18.41631317,17.87991714,11651.59537,-339.3659415,-2.912613516,UT Sell,196201.8444,296201.8444
TIRUPATIFL.NS,2018-03-05 00:00:00+05:30,2018-03-27 00:00:00+05:30,3.360743523,3.560533047,13555.62048,805.8547005,5.944801284,UT Sell,197007.6991,297007.6991
ADANIENT.NS,2018-03-26 00:00:00+05:30,2018-03-28 00:00:00+05:30,87.85538483,83.91194153,15736.61509,-706.3477037,-4.488561863,Stop Loss,196301.3514,296301.3514
DPABHUSHAN.NS,2018-03-19 00:00:00+05:30,2018-04-02 00:00:00+05:30,69.34567261,68.79807281,12442.66234,-98.25558047,-0.789666856,UT Sell,196203.0958,296203.0958
THOMASCOTT.NS,2018-03-19 00:00:00+05:30,2018-04-04 00:00:00+05:30,13.19999981,14.30000019,12442.66234,1036.888903,8.333336344,UT Sell,197239.9847,297239.9847
HECPROJECT.NS,2018-03-23 00:00:00+05:30,2018-04-04 00:00:00+05:30,31.80368042,30.21349525,18439.01863,-921.951595,-5.000003598,Stop Loss,196318.0331,296318.0331
DPABHUSHAN.NS,2018-04-04 00:00:00+05:30,2018-04-09 00:00:00+05:30,69.6941452,67.65309906,15498.30914,-453.8797914,-2.928576191,UT Sell,195864.1533,295864.1533
PANSARI.NS,2018-02-27 00:00:00+05:30,2018-04-10 00:00:00+05:30,20.75,20.70000076,13751.15838,-33.13481579,-0.240960179,UT Sell,195831.0185,295831.0185
TRENT.NS,2018-03-08 00:00:00+05:30,2018-04-10 00:00:00+05:30,328.6684875,348.4547729,12699.15793,764.5064027,6.020134619,UT Sell,196595.5249,296595.5249
CANBK.NS,2018-03-26 00:00:00+05:30,2018-04-11 00:00:00+05:30,47.29893875,49.06499863,15736.61509,587.5777602,3.733825583,UT Sell,197183.1027,297183.1027
MAGADSUGAR.NS,2018-04-10 00:00:00+05:30,2018-04-12 00:00:00+05:30,75.93674469,70.96691132,13590.84395,-889.4801864,-6.544701639,Stop Loss,196293.6225,296293.6225
DALMIASUG.NS,2018-04-10 00:00:00+05:30,2018-04-12 00:00:00+05:30,65.1515274,61.93194962,13590.84395,-671.6155561,-4.941676608,Stop Loss,195622.007,295622.007
SERVOTECH.NS,2018-03-22 00:00:00+05:30,2018-04-13 00:00:00+05:30,6.312150478,7.830503941,11651.59537,2802.727886,24.05445604,UT Sell,198424.7348,298424.7348
SHK.NS,2018-03-22 00:00:00+05:30,2018-04-16 00:00:00+05:30,234.7185974,232.0142822,11651.59537,-134.2440975,-1.152152073,UT Sell,198290.4907,298290.4907
SIKKO.NS,2018-03-23 00:00:00+05:30,2018-04-16 00:00:00+05:30,0.642214894,0.655388057,18439.01863,378.2226152,2.051207945,UT Sell,198668.7134,298668.7134
GABRIEL.NS,2018-04-02 00:00:00+05:30,2018-04-17 00:00:00+05:30,141.2245331,138.464447,12344.40676,-241.2585424,-1.954395599,UT Sell,198427.4548,298427.4548
GRINDWELL.NS,2018-03-23 00:00:00+05:30,2018-04-18 00:00:00+05:30,460.9060669,472.4438171,18439.01863,461.5794995,2.503275846,UT Sell,198889.0343,298889.0343
TIPSMUSIC.NS,2018-04-11 00:00:00+05:30,2018-04-18 00:00:00+05:30,10.3483057,9.81883812,16324.19285,-835.2218401,-5.116466385,Stop Loss,198053.8125,298053.8125
GESHIP.NS,2018-04-12 00:00:00+05:30,2018-04-18 00:00:00+05:30,265.6936646,253.2826996,12810.29607,-598.3888854,-4.671155779,Stop Loss,197455.4236,297455.4236
SOUTHWEST.NS,2018-04-16 00:00:00+05:30,2018-04-18 00:00:00+05:30,40.949543,38.27386093,15167.29626,-991.045556,-6.534095064,Stop Loss,196464.378,296464.378
EIDPARRY.NS,2018-03-23 00:00:00+05:30,2018-04-19 00:00:00+05:30,262.9713745,248.0487213,18439.01863,-1046.346131,-5.674630262,Stop Loss,195418.0319,295418.0319
BAJAJHLDNG.NS,2018-03-26 00:00:00+05:30,2018-04-19 00:00:00+05:30,2369.863281,2330.025146,15736.61509,-264.5373671,-1.68103093,UT Sell,195153.4945,295153.4945
BSE.NS,2018-04-09 00:00:00+05:30,2018-04-19 00:00:00+05:30,75.58672333,75.2353363,15044.42935,-69.93843657,-0.464879292,UT Sell,195083.5561,295083.5561
THOMASCOTT.NS,2018-04-17 00:00:00+05:30,2018-04-19 00:00:00+05:30,13.14999962,13,12103.14822,-138.0583778,-1.140681543,UT Sell,194945.4977,294945.4977
SBIN.NS,2018-03-26 00:00:00+05:30,2018-04-20 00:00:00+05:30,227.449646,222.5592346,15736.61509,-338.3541054,-2.150107271,UT Sell,194607.1436,294607.1436
KHAITANLTD.NS,2018-03-26 00:00:00+05:30,2018-04-20 00:00:00+05:30,44,48,15736.61509,1430.601372,9.090909091,UT Sell,196037.745,296037.745
PREMIERPOL.NS,2018-04-20 00:00:00+05:30,2018-04-23 00:00:00+05:30,7.95177412,7.623576164,16282.73873,-672.0464501,-4.127355117,Stop Loss,195365.6985,295365.6985
GENUSPOWER.NS,2018-04-12 00:00:00+05:30,2018-04-23 00:00:00+05:30,51.26440048,53.14050674,12810.29607,468.8141568,3.659666834,UT Sell,195834.5127,295834.5127
JMA.NS,2018-04-19 00:00:00+05:30,2018-04-24 00:00:00+05:30,42.12368393,40.07460022,14951.08274,-727.2872939,-4.864445648,Stop Loss,195107.2254,295107.2254
MANAKSTEEL.NS,2018-04-18 00:00:00+05:30,2018-04-25 00:00:00+05:30,31.70000076,30.39999962,15194.43176,-623.1160315,-4.100949884,Stop Loss,194484.1094,294484.1094
THOMASCOTT.NS,2018-04-20 00:00:00+05:30,2018-04-25 00:00:00+05:30,13.64999962,13,16282.73873,-775.3680774,-4.7619021,Stop Loss,193708.7413,293708.7413
GLOBAL.NS,2018-04-23 00:00:00+05:30,2018-04-26 00:00:00+05:30,7.404906273,7.015172482,14444.90125,-760.2616325,-5.263183314,Stop Loss,192948.4797,292948.4797
LGBBROSLTD.NS,2018-04-16 00:00:00+05:30,2018-04-27 00:00:00+05:30,525.4611816,555.916687,15167.29626,879.0900046,5.795957234,UT Sell,193827.5697,293827.5697
EKC.NS,2018-04-25 00:00:00+05:30,2018-04-30 00:00:00+05:30,52.8428154,50.54529953,15039.34319,-653.8851001,-4.347830167,Stop Loss,193173.6846,293173.6846
SERVOTECH.NS,2018-04-25 00:00:00+05:30,2018-04-30 00:00:00+05:30,8.384367943,8.279325485,15039.34319,-188.4184449,-1.252836926,UT Sell,192985.2661,292985.2661
PRECWIRE.NS,2018-03-23 00:00:00+05:30,2018-05-02 00:00:00+05:30,32.36394501,36.32700348,18439.01863,2257.911048,12.24528861,UT Sell,195243.1772,295243.1772
PRICOLLTD.NS,2018-03-28 00:00:00+05:30,2018-05-02 00:00:00+05:30,75.62693024,82.08555603,15030.26739,1283.601917,8.540113652,UT Sell,196526.7791,296526.7791
HINDZINC.NS,2018-04-18 00:00:00+05:30,2018-05-02 00:00:00+05:30,166.1931,158.3305206,15194.43176,-718.8470841,-4.730990244,Stop Loss,195807.932,295807.932
TEXMOPIPES.NS,2018-04-18 00:00:00+05:30,2018-05-02 00:00:00+05:30,21.75,20.64999962,15194.43176,-768.4542865,-5.057473018,Stop Loss,195039.4777,295039.4777
KOTHARIPET.NS,2018-04-23 00:00:00+05:30,2018-05-02 00:00:00+05:30,24.52671242,25.61881065,14444.90125,643.1865352,4.452689042,UT Sell,195682.6642,295682.6642
ADANIENT.NS,2018-04-26 00:00:00+05:30,2018-05-02 00:00:00+05:30,88.7930069,81.74894714,13684.63962,-1085.619494,-7.933124465,Stop Loss,194597.0448,294597.0448
PFC.NS,2018-04-27 00:00:00+05:30,2018-05-02 00:00:00+05:30,43.61457062,43.31133652,16046.38626,-111.5638979,-0.695258708,UT Sell,194485.4809,294485.4809
DVL.NS,2018-05-02 00:00:00+05:30,2018-05-04 00:00:00+05:30,136.4888763,130.0811462,15647.75592,-734.6136865,-4.694690347,Stop Loss,193750.8672,293750.8672
GESHIP.NS,2018-04-19 00:00:00+05:30,2018-05-04 00:00:00+05:30,264.8180237,264.094696,14951.08274,-40.83759556,-0.273141392,UT Sell,193710.0296,293710.0296
KRISHANA.NS,2018-04-04 00:00:00+05:30,2018-05-04 00:00:00+05:30,17.05000496,17.53714561,15498.30914,442.8067025,2.857129113,UT Sell,194152.8363,294152.8363
SUNPHARMA.NS,2018-05-03 00:00:00+05:30,2018-05-07 00:00:00+05:30,496.4320984,475.7783813,15647.75592,-651.0141549,-4.160431428,Stop Loss,193501.8221,293501.8221
SOTL.NS,2018-03-22 00:00:00+05:30,2018-05-09 00:00:00+05:30,261.5146484,243.7110291,11651.59537,-793.2273406,-6.807886094,Stop Loss,192708.5948,292708.5948
AARVI.NS,2018-05-03 00:00:00+05:30,2018-05-09 00:00:00+05:30,80.86119843,80.221138,15647.75592,-123.8605103,-0.791554463,UT Sell,192584.7343,292584.7343
MAHABANK.NS,2018-05-04 00:00:00+05:30,2018-05-09 00:00:00+05:30,12.66122818,12.14090252,15412.00301,-633.3714656,-4.109598637,Stop Loss,191951.3628,291951.3628
DPABHUSHAN.NS,2018-05-07 00:00:00+05:30,2018-05-09 00:00:00+05:30,68.64873505,66.80680847,14996.74176,-402.3802793,-2.683118012,UT Sell,191548.9825,291548.9825
INDIANHUME.NS,2018-03-27 00:00:00+05:30,2018-05-10 00:00:00+05:30,292.9028625,300.520874,14361.47518,373.5227501,2.600866174,UT Sell,191922.5053,291922.5053
GUJAPOLLO.NS,2018-04-18 00:00:00+05:30,2018-05-10 00:00:00+05:30,193.6477814,194.0607758,15194.43176,32.40530282,0.21327091,UT Sell,191954.9106,291954.9106
SUPREMEINF.NS,2018-04-30 00:00:00+05:30,2018-05-10 00:00:00+05:30,46.65000153,44.45000076,14618.19142,-689.3897367,-4.71597147,Stop Loss,191265.5208,291265.5208
LFIC.NS,2018-05-02 00:00:00+05:30,2018-05-10 00:00:00+05:30,71.86049652,72.25318146,15647.75592,85.50787061,0.546454527,UT Sell,191351.0287,291351.0287
ASAL.NS,2018-03-09 00:00:00+05:30,2018-05-11 00:00:00+05:30,78.94999695,73.69999695,13687.05147,-910.1586191,-6.649778598,Stop Loss,190440.8701,290440.8701
SHRADHA.NS,2018-05-10 00:00:00+05:30,2018-05-14 00:00:00+05:30,9.493285179,9.128159523,14905.97512,-573.3056409,-3.846146505,UT Sell,189867.5645,289867.5645
AVADHSUGAR.NS,2018-05-09 00:00:00+05:30,2018-05-14 00:00:00+05:30,166.0864868,155.7425079,13938.81411,-868.1187832,-6.228067726,Stop Loss,188999.4457,288999.4457
TIIL.NS,2018-05-09 00:00:00+05:30,2018-05-14 00:00:00+05:30,530.6186523,521.9745483,13938.81411,-227.0718497,-1.629061467,UT Sell,188772.3738,288772.3738
INFOBEAN.NS,2018-05-09 00:00:00+05:30,2018-05-14 00:00:00+05:30,17.47463989,16.56872177,13938.81411,-722.6142784,-5.184187639,Stop Loss,188049.7595,288049.7595
KOTHARIPET.NS,2018-05-03 00:00:00+05:30,2018-05-14 00:00:00+05:30,28.75859642,27.43897438,15647.75592,-718.0156944,-4.58861768,Stop Loss,187331.7438,287331.7438
ANDHRSUGAR.NS,2018-05-04 00:00:00+05:30,2018-05-14 00:00:00+05:30,61.95959854,60.52233505,15412.00301,-357.5089209,-2.319678504,UT Sell,186974.2349,286974.2349
BAJAJHLDNG.NS,2018-04-24 00:00:00+05:30,2018-05-14 00:00:00+05:30,2334.826904,2324.823486,14223.79545,-60.94095058,-0.428443665,UT Sell,186913.294,286913.294
RTNPOWER.NS,2018-05-04 00:00:00+05:30,2018-05-14 00:00:00+05:30,5.050000191,4.800000191,15412.00301,-762.9704172,-4.950494863,Stop Loss,186150.3236,286150.3236
SPMLINFRA.NS,2018-05-04 00:00:00+05:30,2018-05-15 00:00:00+05:30,98.75,112.9499969,15412.00301,2216.206539,14.37974375,UT Sell,188366.5301,288366.5301
SHREEPUSHK.NS,2018-05-14 00:00:00+05:30,2018-05-15 00:00:00+05:30,214.0179901,197.7014465,14140.92854,-1078.091971,-7.623912163,Stop Loss,187288.4381,287288.4381
TDPOWERSYS.NS,2018-04-13 00:00:00+05:30,2018-05-16 00:00:00+05:30,36.86354446,34.80417252,14454.32325,-807.4868618,-5.586472973,Stop Loss,186480.9513,286480.9513
PREMIERPOL.NS,2018-05-15 00:00:00+05:30,2018-05-16 00:00:00+05:30,7.314131737,6.94842577,14743.2258,-737.1600404,-4.999991525,Stop Loss,185743.7912,285743.7912
GESHIP.NS,2018-05-11 00:00:00+05:30,2018-05-17 00:00:00+05:30,274.7163391,261.6201172,12776.89285,-609.0974595,-4.767179836,Stop Loss,185134.6938,285134.6938
PRIVISCL.NS,2018-05-09 00:00:00+05:30,2018-05-18 00:00:00+05:30,317.1288452,300.3901978,13938.81411,-735.7164099,-5.278185102,Stop Loss,184398.9774,284398.9774
SOUTHBANK.NS,2018-05-14 00:00:00+05:30,2018-05-18 00:00:00+05:30,24.57771111,23.78787804,14140.92854,-454.4350341,-3.213615236,UT Sell,183944.5423,283944.5423
KIRLOSBROS.NS,2018-05-14 00:00:00+05:30,2018-05-18 00:00:00+05:30,270.4615173,255.389267,14140.92854,-788.0441456,-5.572789251,Stop Loss,183156.4982,283156.4982
JKTYRE.NS,2018-05-18 00:00:00+05:30,2018-05-21 00:00:00+05:30,133.7229767,126.9418945,13414.15853,-680.2309767,-5.070992526,Stop Loss,182476.2672,282476.2672
DPABHUSHAN.NS,2018-05-17 00:00:00+05:30,2018-05-21 00:00:00+05:30,67.80244446,64.2181778,12167.79539,-643.2308409,-5.286338407,Stop Loss,181833.0364,281833.0364
AARTIDRUGS.NS,2018-05-16 00:00:00+05:30,2018-05-21 00:00:00+05:30,138.2229156,131.6873322,13826.45107,-653.7550233,-4.728292313,Stop Loss,181179.2813,281179.2813
USHAMART.NS,2018-05-14 00:00:00+05:30,2018-05-21 00:00:00+05:30,21.91826248,21.05307007,14140.92854,-558.1931551,-3.947358574,UT Sell,180621.0882,280621.0882
BAYERCROP.NS,2018-05-14 00:00:00+05:30,2018-05-21 00:00:00+05:30,3860.429688,3822.145752,14140.92854,-140.2357874,-0.991701408,UT Sell,180480.8524,280480.8524
FMNL.NS,2018-05-04 00:00:00+05:30,2018-05-21 00:00:00+05:30,129.1000061,123.25,15412.00301,-698.3757352,-4.531375544,Stop Loss,179782.4767,279782.4767
BSE.NS,2018-04-30 00:00:00+05:30,2018-05-21 00:00:00+05:30,76.197052,74.5695343,14618.19142,-312.234721,-2.135932634,UT Sell,179470.2419,279470.2419
JBCHEPHARM.NS,2018-03-21 00:00:00+05:30,2018-05-21 00:00:00+05:30,133.7043304,139.751709,11790.57677,533.2817619,4.522948898,UT Sell,180003.5237,280003.5237
SATIN.NS,2018-05-10 00:00:00+05:30,2018-05-21 00:00:00+05:30,386.8395996,362.7674866,14905.97512,-927.5635645,-6.222763404,Stop Loss,179075.9601,279075.9601
DVL.NS,2018-05-15 00:00:00+05:30,2018-05-22 00:00:00+05:30,130.8768921,123.2127075,14743.2258,-863.3671069,-5.856025803,Stop Loss,178212.593,278212.593
THOMASCOTT.NS,2018-05-16 00:00:00+05:30,2018-05-22 00:00:00+05:30,12.05000019,11.60000038,13826.45107,-516.3402695,-3.734438192,UT Sell,177696.2528,277696.2528
ONGC.NS,2018-05-10 00:00:00+05:30,2018-05-23 00:00:00+05:30,119.1777725,111.0426788,14905.97512,-1017.48423,-6.826015889,Stop Loss,176678.7685,276678.7685
GUJGASLTD.NS,2018-05-14 00:00:00+05:30,2018-05-23 00:00:00+05:30,167.314621,159.4406738,14140.92854,-665.4823304,-4.706072367,Stop Loss,176013.2862,276013.2862
SPAL.NS,2018-05-15 00:00:00+05:30,2018-05-23 00:00:00+05:30,342.0334167,332.7454529,14743.2258,-400.3542981,-2.715513576,UT Sell,175612.9319,275612.9319
JPOLYINVST.NS,2018-05-21 00:00:00+05:30,2018-05-23 00:00:00+05:30,48,45.29999924,13370.71893,-752.1031521,-5.625001589,Stop Loss,174860.8287,274860.8287
DEVIT.NS,2018-05-21 00:00:00+05:30,2018-05-23 00:00:00+05:30,7.973679066,7.799285889,13370.71893,-292.4324059,-2.187110562,UT Sell,174568.3963,274568.3963
URAVIDEF.NS,2018-05-21 00:00:00+05:30,2018-05-23 00:00:00+05:30,52.04999924,51.5,13370.71893,-141.2850205,-1.056674823,UT Sell,174427.1113,274427.1113
BALRAMCHIN.NS,2018-05-22 00:00:00+05:30,2018-05-23 00:00:00+05:30,67.06552887,62.21632767,13520.22947,-977.5858646,-7.230541955,Stop Loss,173449.5255,273449.5255
PIGL.NS,2018-05-18 00:00:00+05:30,2018-05-24 00:00:00+05:30,25.81244278,27.20234299,13414.15853,722.3005544,5.384613225,UT Sell,174171.826,274171.826
USHAMART.NS,2018-05-22 00:00:00+05:30,2018-05-25 00:00:00+05:30,24.51384735,23.16798973,13520.22947,-742.2867412,-5.490193363,Stop Loss,173429.5393,273429.5393
MOKSH.NS,2018-05-10 00:00:00+05:30,2018-05-25 00:00:00+05:30,6.683175564,6.33405447,14905.97512,-778.6703022,-5.223880331,Stop Loss,172650.869,272650.869
POWERGRID.NS,2018-05-15 00:00:00+05:30,2018-05-28 00:00:00+05:30,79.25700378,76.69971466,14743.2258,-475.7016942,-3.226578096,UT Sell,172175.1673,272175.1673
REFEX.NS,2018-05-23 00:00:00+05:30,2018-05-28 00:00:00+05:30,2.843130112,2.652954102,13310.82691,-890.3567036,-6.688966127,Stop Loss,171284.8106,271284.8106
BANKINDIA.NS,2018-05-21 00:00:00+05:30,2018-05-29 00:00:00+05:30,86.1000824,89.30851746,13370.71893,498.2467167,3.726401845,UT Sell,171783.0573,271783.0573
PERSISTENT.NS,2018-04-19 00:00:00+05:30,2018-05-31 00:00:00+05:30,321.8256531,362.4102478,14951.08274,1885.442096,12.61073949,UT Sell,173668.4994,273668.4994
DPABHUSHAN.NS,2018-05-29 00:00:00+05:30,2018-05-31 00:00:00+05:30,68.20069885,61.77887726,13868.96564,-1305.91071,-9.416064208,Stop Loss,172362.5887,272362.5887
FILATEX.NS,2018-05-23 00:00:00+05:30,2018-06-01 00:00:00+05:30,19.68278694,20.62123489,13310.82691,634.6417455,4.767861152,UT Sell,172997.2304,272997.2304
ADANIENT.NS,2018-05-25 00:00:00+05:30,2018-06-01 00:00:00+05:30,78.84289551,75.52617645,13452.62377,-565.917491,-4.206744354,Stop Loss,172431.3129,272431.3129
TARIL.NS,2018-05-28 00:00:00+05:30,2018-06-01 00:00:00+05:30,12.41984844,11.7201395,13343.99716,-751.773593,-5.633796112,Stop Loss,171679.5393,271679.5393
TIIL.NS,2018-05-31 00:00:00+05:30,2018-06-04 00:00:00+05:30,544.8765259,511.6910706,14699.78989,-895.2839723,-6.090454212,Stop Loss,170784.2554,270784.2554
MAGNUM.NS,2018-05-28 00:00:00+05:30,2018-06-04 00:00:00+05:30,8.057562828,7.53310585,13343.99716,-868.5445675,-6.508878541,Stop Loss,169915.7108,269915.7108
KEI.NS,2018-05-23 00:00:00+05:30,2018-06-04 00:00:00+05:30,471.945282,444.8315125,13310.82691,-764.7214773,-5.745108716,Stop Loss,169150.9893,269150.9893
SHARDAMOTR.NS,2018-05-23 00:00:00+05:30,2018-06-04 00:00:00+05:30,356.3027344,382.8661804,13310.82691,992.3623886,7.455302326,UT Sell,170143.3517,270143.3517
INFOBEAN.NS,2018-05-22 00:00:00+05:30,2018-06-04 00:00:00+05:30,16.21112633,15.97272301,13520.22947,-198.8305768,-1.4706154,UT Sell,169944.5211,269944.5211
MAGADSUGAR.NS,2018-05-18 00:00:00+05:30,2018-06-04 00:00:00+05:30,59.36032486,56.82909775,13414.15853,-572.002964,-4.26417328,Stop Loss,169372.5182,269372.5182
HECPROJECT.NS,2018-04-19 00:00:00+05:30,2018-06-04 00:00:00+05:30,30.01472473,29.83582878,14951.08274,-89.11253325,-0.59602729,UT Sell,169283.4056,269283.4056
WEBELSOLAR.NS,2018-05-23 00:00:00+05:30,2018-06-04 00:00:00+05:30,5.590000153,5.239999771,13310.82691,-833.4158087,-6.261187333,Stop Loss,168449.9898,268449.9898
AUBANK.NS,2018-05-21 00:00:00+05:30,2018-06-05 00:00:00+05:30,349.8790588,341.8595886,13370.71893,-306.466133,-2.29206922,UT Sell,168143.5237,268143.5237
DHANBANK.NS,2018-05-23 00:00:00+05:30,2018-06-05 00:00:00+05:30,20.5,18.95000076,13310.82691,-1006.427881,-7.560971888,Stop Loss,167137.0958,267137.0958
NATCOPHARM.NS,2018-05-23 00:00:00+05:30,2018-06-05 00:00:00+05:30,741.8461304,693.6851807,13310.82691,-864.1442468,-6.492040295,Stop Loss,166272.9516,266272.9516
PFC.NS,2018-05-24 00:00:00+05:30,2018-06-05 00:00:00+05:30,38.15642166,39.92526627,14136.45909,655.3339725,4.635771719,UT Sell,166928.2855,266928.2855
SUPREMEINF.NS,2018-05-25 00:00:00+05:30,2018-06-05 00:00:00+05:30,38.20000076,35.15000153,13452.62377,-1074.096634,-7.984291037,Stop Loss,165854.1889,265854.1889
RMDRIP.NS,2018-05-31 00:00:00+05:30,2018-06-06 00:00:00+05:30,3.964014292,3.81827879,14699.78989,-540.432275,-3.676462584,UT Sell,165313.7566,265313.7566
ASHIANA.NS,2018-06-06 00:00:00+05:30,2018-06-07 00:00:00+05:30,146.5169525,139.4710236,13265.82671,-637.9471517,-4.808951343,Stop Loss,164675.8095,264675.8095
DPABHUSHAN.NS,2018-06-06 00:00:00+05:30,2018-06-08 00:00:00+05:30,60.6836853,56.85050583,13265.82671,-837.9566006,-6.316655712,Stop Loss,163837.8529,263837.8529
UNIONBANK.NS,2018-05-21 00:00:00+05:30,2018-06-15 00:00:00+05:30,75.09453583,78.07413483,13370.71893,530.5230306,3.967797345,UT Sell,164368.3759,264368.3759
CANBK.NS,2018-05-21 00:00:00+05:30,2018-06-15 00:00:00+05:30,42.95373535,47.15031433,13370.71893,1306.318939,9.769997755,UT Sell,165674.6948,265674.6948
SPAL.NS,2018-06-05 00:00:00+05:30,2018-06-15 00:00:00+05:30,327.4872131,309.6483765,13197.09356,-718.8701945,-5.447185708,Stop Loss,164955.8246,264955.8246
BLBLIMITED.NS,2018-06-15 00:00:00+05:30,2018-06-18 00:00:00+05:30,8.300000191,7.949999809,13685.50106,-577.1000582,-4.216871969,Stop Loss,164378.7246,264378.7246
USHAMART.NS,2018-06-07 00:00:00+05:30,2018-06-18 00:00:00+05:30,23.21605492,28.02269363,12627.87956,2614.468954,20.70394275,UT Sell,166993.1935,266993.1935
RELIANCE.NS,2018-06-01 00:00:00+05:30,2018-06-19 00:00:00+05:30,411.0528564,439.9862061,13141.46617,925.0066727,7.038839204,UT Sell,167918.2002,267918.2002
TIRUPATIFL.NS,2018-06-06 00:00:00+05:30,2018-06-19 00:00:00+05:30,3.275119543,3.246578693,13265.82671,-115.6043195,-0.871444517,UT Sell,167802.5959,267802.5959
SOLARINDS.NS,2018-06-06 00:00:00+05:30,2018-06-19 00:00:00+05:30,1120.64978,1108.334961,13265.82671,-145.7781567,-1.098899902,UT Sell,167656.8177,267656.8177
AVANTIFEED.NS,2018-06-06 00:00:00+05:30,2018-06-19 00:00:00+05:30,490.0146179,521.2196045,13265.82671,844.7910108,6.368174628,UT Sell,168501.6087,268501.6087
HINDPETRO.NS,2018-06-18 00:00:00+05:30,2018-06-20 00:00:00+05:30,153.2804718,146.5230103,14175.37476,-624.9298996,-4.408559987,Stop Loss,167876.6788,267876.6788
MOKSH.NS,2018-06-19 00:00:00+05:30,2018-06-20 00:00:00+05:30,5.885184765,5.446289539,13611.84038,-1015.120509,-7.457628657,Stop Loss,166861.5583,266861.5583
GESHIP.NS,2018-06-18 00:00:00+05:30,2018-06-21 00:00:00+05:30,247.2675781,236.6839905,14175.37476,-606.7367276,-4.280216487,Stop Loss,166254.8216,266254.8216
GABRIEL.NS,2018-06-08 00:00:00+05:30,2018-06-21 00:00:00+05:30,141.1325073,135.1523285,12427.87011,-526.6035953,-4.237279523,Stop Loss,165728.218,265728.218
THERMAX.NS,2018-06-06 00:00:00+05:30,2018-06-21 00:00:00+05:30,1081.135254,1050.300415,13265.82671,-378.3519477,-2.852079678,UT Sell,165349.8661,265349.8661
VADILALIND.NS,2018-06-19 00:00:00+05:30,2018-06-21 00:00:00+05:30,770.5574341,739.5428467,13611.84038,-547.8704045,-4.024954667,Stop Loss,164801.9957,264801.9957
SKMEGGPROD.NS,2018-06-06 00:00:00+05:30,2018-06-21 00:00:00+05:30,38.45189285,37.84635162,13265.82671,-208.9105221,-1.574802134,UT Sell,164593.0851,264593.0851
PNB.NS,2018-05-21 00:00:00+05:30,2018-06-21 00:00:00+05:30,72.51170349,77.3829422,13370.71893,898.2269132,6.717865495,UT Sell,165491.3121,265491.3121
TITAN.NS,2018-06-06 00:00:00+05:30,2018-06-21 00:00:00+05:30,874.463623,844.2761841,13265.82671,-457.950821,-3.452109175,UT Sell,165033.3612,265033.3612
MINDACORP.NS,2018-06-06 00:00:00+05:30,2018-06-22 00:00:00+05:30,161.3001556,158.2558746,13265.82671,-250.3711427,-1.887339162,UT Sell,164782.9901,264782.9901
KAPSTON.NS,2018-06-21 00:00:00+05:30,2018-06-22 00:00:00+05:30,42.10041809,41.71730423,13079.29817,-119.0216309,-0.910000134,UT Sell,164663.9685,264663.9685
APARINDS.NS,2018-06-15 00:00:00+05:30,2018-06-25 00:00:00+05:30,645.9407349,628.6742554,13685.50106,-365.8236905,-2.673074875,UT Sell,164298.1448,264298.1448
GOKUL.NS,2018-06-19 00:00:00+05:30,2018-06-25 00:00:00+05:30,16,14.94999981,13611.84038,-893.277187,-6.562501192,Stop Loss,163404.8676,263404.8676
TARIL.NS,2018-06-21 00:00:00+05:30,2018-06-25 00:00:00+05:30,11.49523163,10.82051182,13079.29817,-767.697587,-5.869562548,Stop Loss,162637.17,262637.17
ZENTEC.NS,2018-06-20 00:00:00+05:30,2018-06-26 00:00:00+05:30,100.4484482,95.67456055,13073.58236,-621.3317807,-4.752574799,Stop Loss,162015.8382,262015.8382
CENTURYPLY.NS,2018-06-21 00:00:00+05:30,2018-06-26 00:00:00+05:30,264.9636536,252.9971924,13079.29817,-590.6957869,-4.516265163,Stop Loss,161425.1424,261425.1424
INDOTECH.NS,2018-06-22 00:00:00+05:30,2018-06-26 00:00:00+05:30,165.3500061,154.1000061,13048.8208,-887.809063,-6.803749371,Stop Loss,160537.3334,260537.3334
SHRADHA.NS,2018-06-22 00:00:00+05:30,2018-06-26 00:00:00+05:30,6.946529388,6.937400818,13048.8208,-17.14771142,-0.131411962,UT Sell,160520.1857,260520.1857
RAMKY.NS,2018-06-25 00:00:00+05:30,2018-06-26 00:00:00+05:30,187.4499969,179.3500061,12783.28038,-552.3843998,-4.321147494,Stop Loss,159967.8013,259967.8013
MRPL.NS,2018-06-25 00:00:00+05:30,2018-06-27 00:00:00+05:30,82.83126068,79.71591949,12783.28038,-480.7880448,-3.761069385,UT Sell,159487.0132,259487.0132
INFOBEAN.NS,2018-06-26 00:00:00+05:30,2018-06-27 00:00:00+05:30,15.73432636,14.99529076,12472.88675,-585.8469701,-4.696963755,Stop Loss,158901.1662,258901.1662
GODFRYPHLP.NS,2018-06-22 00:00:00+05:30,2018-06-27 00:00:00+05:30,224.4973602,211.5366364,13048.8208,-753.3369796,-5.773218831,Stop Loss,158147.8293,258147.8293
VSSL.NS,2018-06-26 00:00:00+05:30,2018-06-27 00:00:00+05:30,60.83058548,55.43932343,12472.88675,-1105.440635,-8.862748915,Stop Loss,157042.3886,257042.3886
DEVIT.NS,2018-06-15 00:00:00+05:30,2018-06-27 00:00:00+05:30,7.702398777,7.169529915,13685.50106,-946.7930175,-6.918219604,Stop Loss,156095.5956,256095.5956
PFC.NS,2018-06-20 00:00:00+05:30,2018-06-27 00:00:00+05:30,41.54250336,38.20697021,13073.58236,-1049.70485,-8.029205928,Stop Loss,155045.8908,255045.8908
SUMMITSEC.NS,2018-06-06 00:00:00+05:30,2018-06-27 00:00:00+05:30,753.7000122,812.5499878,13265.82671,1035.814734,7.808143112,UT Sell,156081.7055,256081.7055
GUJAPOLLO.NS,2018-06-19 00:00:00+05:30,2018-06-28 00:00:00+05:30,184.6996002,176.7150726,13611.84038,-588.4371968,-4.322980439,Stop Loss,155493.2683,255493.2683
THANGAMAYL.NS,2018-06-22 00:00:00+05:30,2018-06-28 00:00:00+05:30,214.5933838,205.7562256,13048.8208,-537.3627636,-4.118094438,Stop Loss,154955.9055,254955.9055
CORALFINAC.NS,2018-06-25 00:00:00+05:30,2018-06-28 00:00:00+05:30,21.95306396,20.33886909,12783.28038,-939.9464989,-7.352936577,Stop Loss,154015.959,254015.959
MUTHOOTFIN.NS,2018-06-26 00:00:00+05:30,2018-06-28 00:00:00+05:30,343.904541,327.5406494,12472.88675,-593.4930845,-4.758265638,Stop Loss,153422.4659,253422.4659
TECHM.NS,2018-06-27 00:00:00+05:30,2018-06-28 00:00:00+05:30,540.5505981,502.7101746,12416.66987,-869.2101144,-7.000348111,Stop Loss,152553.2558,252553.2558
AIROLAM.NS,2018-06-27 00:00:00+05:30,2018-06-28 00:00:00+05:30,39.5,39,12416.66987,-157.1730363,-1.265822785,UT Sell,152396.0828,252396.0828
MPHASIS.NS,2018-06-27 00:00:00+05:30,2018-06-28 00:00:00+05:30,924.5322266,869.189209,12416.66987,-743.2688217,-5.986056082,Stop Loss,151652.814,251652.814
SOUTHWEST.NS,2018-06-22 00:00:00+05:30,2018-06-29 00:00:00+05:30,33.03883362,34.15564346,13048.8208,441.0885596,3.380294407,UT Sell,152093.9025,252093.9025
TIRUPATIFL.NS,2018-06-26 00:00:00+05:30,2018-06-29 00:00:00+05:30,3.282255173,3.23587513,12472.88675,-176.2486443,-1.413054153,UT Sell,151917.6539,251917.6539
PFIZER.NS,2018-06-01 00:00:00+05:30,2018-07-02 00:00:00+05:30,2213.380615,2182.143066,13141.46617,-185.4661545,-1.411304889,UT Sell,151732.1877,251732.1877
SIKKO.NS,2018-06-27 00:00:00+05:30,2018-07-02 00:00:00+05:30,0.675148726,0.671031654,12416.66987,-75.7171232,-0.609802177,UT Sell,151656.4706,251656.4706
PFC.NS,2018-06-29 00:00:00+05:30,2018-07-02 00:00:00+05:30,39.06612396,37.47415924,12368.03852,-504.0039554,-4.075051631,Stop Loss,151152.4667,251152.4667
MBAPL.NS,2018-06-28 00:00:00+05:30,2018-07-03 00:00:00+05:30,10.89259911,9.996985435,12105.42091,-995.3345708,-8.222221911,Stop Loss,150157.1321,250157.1321
DPABHUSHAN.NS,2018-07-03 00:00:00+05:30,2018-07-04 00:00:00+05:30,53.76405334,50.77716064,11110.08634,-617.2271942,-5.555557132,Stop Loss,149539.9049,249539.9049
DIL.NS,2018-06-28 00:00:00+05:30,2018-07-04 00:00:00+05:30,8.216181755,7.246720791,12105.42091,-1428.368235,-11.79940991,Stop Loss,148111.5367,248111.5367
USHAMART.NS,2018-06-29 00:00:00+05:30,2018-07-04 00:00:00+05:30,26.48456955,24.60997963,12368.03852,-875.4154111,-7.078045639,Stop Loss,147236.1212,247236.1212
FILATEX.NS,2018-06-06 00:00:00+05:30,2018-07-05 00:00:00+05:30,20.31660652,20.73423958,13265.82671,272.6955287,2.055624084,UT Sell,147508.8168,247508.8168
EIDPARRY.NS,2018-06-27 00:00:00+05:30,2018-07-05 00:00:00+05:30,203.6041412,200.6473236,12416.66987,-180.3196541,-1.452238451,UT Sell,147328.4971,247328.4971
VEDL.NS,2018-06-29 00:00:00+05:30,2018-07-05 00:00:00+05:30,90.8449707,85.11428833,12368.03852,-780.2005966,-6.308199924,Stop Loss,146548.2965,246548.2965
RECLTD.NS,2018-06-29 00:00:00+05:30,2018-07-05 00:00:00+05:30,42.58583069,40.61219788,12368.03852,-573.1945639,-4.634482363,Stop Loss,145975.102,245975.102
KOHINOOR.NS,2018-07-04 00:00:00+05:30,2018-07-05 00:00:00+05:30,42.54999924,40.59999847,10887.51165,-498.9578471,-4.582845588,Stop Loss,145476.1441,245476.1441
CUPID.NS,2018-06-29 00:00:00+05:30,2018-07-06 00:00:00+05:30,1.779930711,1.70857048,12368.03852,-495.8541777,-4.009157773,Stop Loss,144980.2899,244980.2899
RMDRIP.NS,2018-07-05 00:00:00+05:30,2018-07-09 00:00:00+05:30,3.20618844,2.943863869,11909.22163,-974.3910938,-8.181820142,Stop Loss,144005.8988,244005.8988
DEVIT.NS,2018-07-02 00:00:00+05:30,2018-07-11 00:00:00+05:30,7.266414642,7.217971802,12386.99577,-82.58010189,-0.666667717,UT Sell,143923.3187,243923.3187
CESC.NS,2018-07-05 00:00:00+05:30,2018-07-11 00:00:00+05:30,59.01878738,59.08686066,11909.22163,13.73629868,0.1153417,UT Sell,143937.055,243937.055
USHAMART.NS,2018-07-11 00:00:00+05:30,2018-07-12 00:00:00+05:30,26.43650436,25.33097649,12113.6868,-506.5729672,-4.181823219,Stop Loss,143430.4821,243430.4821
INDIANB.NS,2018-06-06 00:00:00+05:30,2018-07-13 00:00:00+05:30,297.986969,292.7081299,13265.82671,-235.0041182,-1.771499985,UT Sell,143195.478,243195.478
SAKSOFT.NS,2018-07-13 00:00:00+05:30,2018-07-16 00:00:00+05:30,15.97078419,15.31966209,13030.82259,-531.2611067,-4.076957559,Stop Loss,142664.2168,242664.2168
TALBROAUTO.NS,2018-07-05 00:00:00+05:30,2018-07-16 00:00:00+05:30,51.86087036,51.0402565,11909.22163,-188.4440479,-1.582337233,UT Sell,142475.7728,242475.7728
NAHARCAP.NS,2018-07-04 00:00:00+05:30,2018-07-16 00:00:00+05:30,101.5316391,99.43483734,10887.51165,-224.8457107,-2.065170794,UT Sell,142250.9271,242250.9271
KOTHARIPET.NS,2018-07-02 00:00:00+05:30,2018-07-16 00:00:00+05:30,22.4790287,21.56894493,12386.99577,-501.4987067,-4.048590279,Stop Loss,141749.4284,241749.4284
SUNPHARMA.NS,2018-06-06 00:00:00+05:30,2018-07-16 00:00:00+05:30,453.6889648,494.5335083,13265.82671,1194.290974,9.002763263,UT Sell,142943.7194,242943.7194
MAHESHWARI.NS,2018-06-06 00:00:00+05:30,2018-07-16 00:00:00+05:30,90.72919464,98.26135254,13265.82671,1101.302638,8.301801782,UT Sell,144045.022,244045.022
REDINGTON.NS,2018-07-04 00:00:00+05:30,2018-07-17 00:00:00+05:30,44.37230301,42.42564011,10887.51165,-477.6473968,-4.387112615,Stop Loss,143567.3746,243567.3746
CUBEXTUB.NS,2018-07-16 00:00:00+05:30,2018-07-17 00:00:00+05:30,15.60000038,14.85000038,12599.29152,-605.7351542,-4.80769219,Stop Loss,142961.6394,242961.6394
ONEPOINT.NS,2018-07-16 00:00:00+05:30,2018-07-18 00:00:00+05:30,4.778098583,4.64659214,12599.29152,-346.7672303,-2.752275633,UT Sell,142614.8722,242614.8722
IMFA.NS,2018-07-17 00:00:00+05:30,2018-07-18 00:00:00+05:30,138.047287,129.7227325,12133.43111,-731.6725311,-6.030219518,Stop Loss,141883.1997,241883.1997
SOUTHBANK.NS,2018-07-17 00:00:00+05:30,2018-07-18 00:00:00+05:30,21.40921211,20.46399307,12133.43111,-535.6923014,-4.415010861,Stop Loss,141347.5074,241347.5074
DHAMPURSUG.NS,2018-07-05 00:00:00+05:30,2018-07-19 00:00:00+05:30,70.75944519,65.21308136,11909.22163,-933.4849347,-7.838337081,Stop Loss,140414.0224,240414.0224
KRISHANA.NS,2018-06-22 00:00:00+05:30,2018-07-20 00:00:00+05:30,17.29357338,18.02429008,13048.8208,551.3603888,4.225365627,UT Sell,140965.3828,240965.3828
APLAPOLLO.NS,2018-07-11 00:00:00+05:30,2018-07-20 00:00:00+05:30,164.9954224,155.220993,12113.6868,-717.6221845,-5.924060911,Stop Loss,140247.7606,240247.7606
IOC.NS,2018-07-17 00:00:00+05:30,2018-07-20 00:00:00+05:30,64.26761627,62.93887329,12133.43111,-250.8605789,-2.067515583,UT Sell,139996.9001,239996.9001
THOMASCOTT.NS,2018-07-12 00:00:00+05:30,2018-07-23 00:00:00+05:30,9.949999809,9,11607.11383,-1108.216697,-9.54773696,Stop Loss,138888.6834,238888.6834
BANARISUG.NS,2018-06-27 00:00:00+05:30,2018-07-24 00:00:00+05:30,1432.619629,1367.678467,12416.66987,-562.8521028,-4.533035901,Stop Loss,138325.8313,238325.8313
INFOBEAN.NS,2018-07-18 00:00:00+05:30,2018-07-24 00:00:00+05:30,14.18473434,13.81521606,11750.67389,-306.1099842,-2.605041949,UT Sell,138019.7213,238019.7213
TNPETRO.NS,2018-07-18 00:00:00+05:30,2018-07-25 00:00:00+05:30,29.3955574,27.71580696,11750.67389,-671.4688005,-5.71430036,Stop Loss,137348.2525,237348.2525
PASHUPATI.NS,2018-06-28 00:00:00+05:30,2018-07-26 00:00:00+05:30,5.76628685,5.285763741,12105.42091,-1008.783408,-8.333319551,Stop Loss,136339.4691,236339.4691
LAXMICOT.NS,2018-07-18 00:00:00+05:30,2018-07-27 00:00:00+05:30,12.68035698,12.53571415,11750.67389,-134.0380817,-1.14068421,UT Sell,136205.431,236205.431
CUBEXTUB.NS,2018-07-19 00:00:00+05:30,2018-07-31 00:00:00+05:30,15.80000019,15.30000019,10975.73669,-347.3334354,-3.164556924,UT Sell,135858.0976,235858.0976
SAMPANN.NS,2018-07-26 00:00:00+05:30,2018-08-02 00:00:00+05:30,3.150000095,3.049999952,11096.63751,-352.2746998,-3.17460762,UT Sell,135505.8229,235505.8229
SCI.NS,2018-06-29 00:00:00+05:30,2018-08-06 00:00:00+05:30,54.71505356,55.77792358,12368.03852,240.2559545,1.942555031,UT Sell,135746.0788,235746.0788
ADANIENT.NS,2018-07-06 00:00:00+05:30,2018-08-07 00:00:00+05:30,70.0931015,120.4962845,11872.18434,8537.157966,71.90890673,UT Sell,144283.2368,244283.2368
ANANTRAJ.NS,2018-07-23 00:00:00+05:30,2018-08-07 00:00:00+05:30,15.18759918,16.64172935,10498.89713,1005.212405,9.57445713,UT Sell,145288.4492,245288.4492
GOLDIAM.NS,2018-08-06 00:00:00+05:30,2018-08-07 00:00:00+05:30,11.11651421,10.63173103,12608.29447,-549.838635,-4.360927928,Stop Loss,144738.6105,244738.6105
INDOTHAI.NS,2018-07-02 00:00:00+05:30,2018-08-08 00:00:00+05:30,4.632309437,4.976975441,12386.99577,921.6518014,7.440478856,UT Sell,145660.2624,245660.2624
APARINDS.NS,2018-07-20 00:00:00+05:30,2018-08-08 00:00:00+05:30,555.9313965,550.6384277,12292.93878,-117.0398744,-0.952090273,UT Sell,145543.2225,245543.2225
MAGNUM.NS,2018-08-08 00:00:00+05:30,2018-08-09 00:00:00+05:30,8.200595856,7.819172859,12742.27324,-592.6637682,-4.651161979,Stop Loss,144950.5587,244950.5587
CHOLAHLDNG.NS,2018-06-27 00:00:00+05:30,2018-08-10 00:00:00+05:30,616.5953979,589.0057373,12416.66987,-555.5858981,-4.474516147,Stop Loss,144394.9728,244394.9728
SBIN.NS,2018-07-17 00:00:00+05:30,2018-08-10 00:00:00+05:30,239.0297241,280.9210815,12133.43111,2126.45478,17.52558498,UT Sell,146521.4276,246521.4276
KIRIINDUS.NS,2018-08-09 00:00:00+05:30,2018-08-10 00:00:00+05:30,578.1816406,552.2149048,12149.60947,-545.651535,-4.49110349,Stop Loss,145975.7761,245975.7761
BPCL.NS,2018-08-10 00:00:00+05:30,2018-08-13 00:00:00+05:30,119.364502,112.8553391,12574.97593,-685.7362575,-5.45318147,Stop Loss,145290.0398,245290.0398
SAMPANN.NS,2018-08-10 00:00:00+05:30,2018-08-13 00:00:00+05:30,3.900000095,3.650000095,12574.97593,-806.0881811,-6.410256254,Stop Loss,144483.9516,244483.9516
PFC.NS,2018-07-24 00:00:00+05:30,2018-08-13 00:00:00+05:30,38.66181183,41.84572601,11649.19084,959.3452088,8.235294814,UT Sell,145443.2968,245443.2968
MBAPL.NS,2018-08-07 00:00:00+05:30,2018-08-13 00:00:00+05:30,10.16642666,10.65054131,14657.30256,697.9654792,4.761895828,UT Sell,146141.2623,246141.2623
SKMEGGPROD.NS,2018-07-20 00:00:00+05:30,2018-08-14 00:00:00+05:30,34.07335663,34.6323204,12292.93878,201.6621828,1.640471709,UT Sell,146342.9245,246342.9245
JPOLYINVST.NS,2018-07-31 00:00:00+05:30,2018-08-14 00:00:00+05:30,42.70000076,42.20000076,10628.40326,-124.4543685,-1.170960166,UT Sell,146218.4701,246218.4701
CHENNPETRO.NS,2018-08-10 00:00:00+05:30,2018-08-14 00:00:00+05:30,281.6348267,270.0477905,12574.97593,-517.3603784,-4.114205715,Stop Loss,145701.1097,245701.1097
RMDRIP.NS,2018-08-13 00:00:00+05:30,2018-08-14 00:00:00+05:30,3.05462265,2.780639172,12905.48288,-1157.553484,-8.969470535,Stop Loss,144543.5563,244543.5563
KOHINOOR.NS,2018-07-24 00:00:00+05:30,2018-08-16 00:00:00+05:30,37.40000153,36.84999847,11649.19084,-171.3125735,-1.470596335,UT Sell,144372.2437,244372.2437
JMA.NS,2018-08-14 00:00:00+05:30,2018-08-17 00:00:00+05:30,32.24272537,30.97115517,11701.0237,-461.4582961,-3.94374294,UT Sell,143910.7854,243910.7854
INFOBEAN.NS,2018-08-14 00:00:00+05:30,2018-08-20 00:00:00+05:30,14.35161304,14.08937454,11701.0237,-213.8058574,-1.827240615,UT Sell,143696.9795,243696.9795
REFEX.NS,2018-08-20 00:00:00+05:30,2018-08-21 00:00:00+05:30,3.44218421,3.261517286,11487.21784,-602.9195943,-5.248612872,Stop Loss,143094.0599,243094.0599
DEVIT.NS,2018-08-07 00:00:00+05:30,2018-08-21 00:00:00+05:30,7.460186005,7.450497627,14657.30256,-19.03511233,-0.129867772,UT Sell,143075.0248,243075.0248
THOMASCOTT.NS,2018-08-08 00:00:00+05:30,2018-08-21 00:00:00+05:30,10.25,10.25,12742.27324,0,0,UT Sell,143075.0248,243075.0248
GOKULAGRO.NS,2018-08-02 00:00:00+05:30,2018-08-23 00:00:00+05:30,7.357602119,7.009606838,10744.36281,-508.1801782,-4.729737699,Stop Loss,142566.8446,242566.8446
APOLLOHOSP.NS,2018-08-13 00:00:00+05:30,2018-08-23 00:00:00+05:30,1042.251099,1119.254517,12905.48288,953.4806857,7.38818295,UT Sell,143520.3253,243520.3253
USHAMART.NS,2018-07-20 00:00:00+05:30,2018-08-23 00:00:00+05:30,24.60997963,26.00390434,12292.93878,696.2797783,5.664062848,UT Sell,144216.6051,244216.6051
MANALIPETC.NS,2018-08-21 00:00:00+05:30,2018-08-27 00:00:00+05:30,36.55238342,33.88528442,12754.94631,-930.6836205,-7.29664867,Stop Loss,143285.9215,243285.9215
PENIND.NS,2018-08-23 00:00:00+05:30,2018-08-28 00:00:00+05:30,47.15000153,44.09999847,12361.45492,-799.6282926,-6.468723124,Stop Loss,142486.2932,242486.2932
ASHOKA.NS,2018-08-17 00:00:00+05:30,2018-08-29 00:00:00+05:30,143,137.1999969,11239.5654,-455.8707247,-4.05594619,Stop Loss,142030.4225,242030.4225
DPABHUSHAN.NS,2018-08-29 00:00:00+05:30,2018-08-30 00:00:00+05:30,41.81648636,39.92478943,10783.69468,-487.8334813,-4.523806505,Stop Loss,141542.589,241542.589
TCI.NS,2018-08-13 00:00:00+05:30,2018-09-03 00:00:00+05:30,314.2191162,326.6212463,12905.48288,509.3753682,3.946968687,UT Sell,142051.9644,242051.9644
ADANIENT.NS,2018-08-14 00:00:00+05:30,2018-09-03 00:00:00+05:30,128.1956329,133.3918915,11701.0237,474.2871734,4.053381871,UT Sell,142526.2515,242526.2515
ZUARIIND.NS,2018-08-21 00:00:00+05:30,2018-09-04 00:00:00+05:30,116.0042725,110.0600128,12754.94631,-653.585519,-5.12417303,Stop Loss,141872.666,241872.666
MBAPL.NS,2018-08-21 00:00:00+05:30,2018-09-04 00:00:00+05:30,10.89259911,11.15886307,12754.94631,311.7880778,2.444448375,UT Sell,142184.4541,242184.4541
PFC.NS,2018-08-27 00:00:00+05:30,2018-09-04 00:00:00+05:30,42.90703201,41.21400452,11824.26269,-466.5622608,-3.945804258,UT Sell,141717.8918,241717.8918
GABRIEL.NS,2018-07-09 00:00:00+05:30,2018-09-04 00:00:00+05:30,131.65625,127.7448578,10934.83053,-324.8642657,-2.97091267,UT Sell,141393.0276,241393.0276
UCOBANK.NS,2018-07-05 00:00:00+05:30,2018-09-04 00:00:00+05:30,18.06534958,19.439888,11909.22163,906.1370567,7.608700931,UT Sell,142299.1646,242299.1646
NATIONALUM.NS,2018-07-17 00:00:00+05:30,2018-09-04 00:00:00+05:30,38.25572968,47.10998917,12133.43111,2808.273388,23.14492382,UT Sell,145107.438,245107.438
VOLTAMP.NS,2018-08-30 00:00:00+05:30,2018-09-05 00:00:00+05:30,833.3909302,805.9381104,10295.8612,-339.1570656,-3.294110702,UT Sell,144768.2809,244768.2809
INFOBEAN.NS,2018-09-04 00:00:00+05:30,2018-09-06 00:00:00+05:30,14.29584122,14.06739616,12482.13751,-199.4623837,-1.597982586,UT Sell,144568.8186,244568.8186
WANBURY.NS,2018-09-03 00:00:00+05:30,2018-09-10 00:00:00+05:30,26.14999962,24.89999962,12795.08456,-611.6197297,-4.780114792,Stop Loss,143957.1988,243957.1988
SARVESHWAR.NS,2018-09-04 00:00:00+05:30,2018-09-10 00:00:00+05:30,1.508332968,1.335000038,12482.13751,-1434.408389,-11.49168873,Stop Loss,142522.7904,242522.7904
GRANULES.NS,2018-08-23 00:00:00+05:30,2018-09-11 00:00:00+05:30,111.6750946,110.5187378,12361.45492,-127.9985716,-1.035465263,UT Sell,142394.7919,242394.7919
USHAMART.NS,2018-08-28 00:00:00+05:30,2018-09-11 00:00:00+05:30,29.70501709,29.03208923,11561.82662,-261.9178835,-2.26536768,UT Sell,142132.874,242132.874
TCS.NS,2018-09-04 00:00:00+05:30,2018-09-11 00:00:00+05:30,1741.553467,1697.867798,12482.13751,-313.1058204,-2.508431109,UT Sell,141819.7682,241819.7682
PFC.NS,2018-09-06 00:00:00+05:30,2018-09-11 00:00:00+05:30,43.99359894,41.03710938,12282.67513,-825.4291919,-6.720272118,Stop Loss,140994.339,240994.339
SUPREMEINF.NS,2018-07-25 00:00:00+05:30,2018-09-12 00:00:00+05:30,31.75,29.95000076,11079.20509,-628.1121485,-5.669288936,Stop Loss,140366.2268,240366.2268
TEMBO.NS,2018-09-11 00:00:00+05:30,2018-09-12 00:00:00+05:30,31.93454552,30.83951378,11789.91068,-404.2746241,-3.428988015,UT Sell,139961.9522,239961.9522
SOUTHWEST.NS,2018-09-11 00:00:00+05:30,2018-09-12 00:00:00+05:30,31.59629822,29.61861992,11789.91068,-737.9551343,-6.259208865,Stop Loss,139223.9971,239223.9971
AIROLAM.NS,2018-09-04 00:00:00+05:30,2018-09-14 00:00:00+05:30,38.79999924,37.25,12482.13751,-498.6418556,-3.994843473,UT Sell,138725.3552,238725.3552
MASTEK.NS,2018-07-17 00:00:00+05:30,2018-09-18 00:00:00+05:30,461.2692261,510.7557373,12133.43111,1301.715226,10.72833574,UT Sell,140027.0704,240027.0704
VBL.NS,2018-09-11 00:00:00+05:30,2018-09-18 00:00:00+05:30,46.74517441,45.987854,11789.91068,-191.0088053,-1.620103922,UT Sell,139836.0616,239836.0616
GABRIEL.NS,2018-09-14 00:00:00+05:30,2018-09-19 00:00:00+05:30,128.2539825,124.1346741,11983.49566,-384.8903106,-3.211836693,UT Sell,139451.1713,239451.1713
TALBROAUTO.NS,2018-09-05 00:00:00+05:30,2018-09-19 00:00:00+05:30,57.09944153,54.37701416,11219.42082,-534.9274438,-4.767870395,Stop Loss,138916.2439,238916.2439
MAHABANK.NS,2018-07-27 00:00:00+05:30,2018-09-21 00:00:00+05:30,10.84009266,10.53656864,11616.63581,-325.2673275,-2.800013126,UT Sell,138590.9765,238590.9765
KMSUGAR.NS,2018-08-07 00:00:00+05:30,2018-09-21 00:00:00+05:30,8.192608833,10.82417393,14657.30256,4708.102947,32.12121008,UT Sell,143299.0795,243299.0795
AARTIDRUGS.NS,2018-08-13 00:00:00+05:30,2018-09-21 00:00:00+05:30,138.5559387,141.6341553,12905.48288,286.713593,2.221641729,UT Sell,143585.7931,243585.7931
CANTABIL.NS,2018-08-14 00:00:00+05:30,2018-09-21 00:00:00+05:30,24.24443626,29.68966293,11701.0237,2628.014346,22.45969595,UT Sell,146213.8074,246213.8074
INDRAMEDCO.NS,2018-08-16 00:00:00+05:30,2018-09-21 00:00:00+05:30,41.44772339,38.64518738,11477.87826,-776.0900848,-6.761616276,Stop Loss,145437.7174,245437.7174
DPABHUSHAN.NS,2018-09-12 00:00:00+05:30,2018-09-21 00:00:00+05:30,39.57631683,42.81211853,10962.89485,896.3379259,8.176106206,UT Sell,146334.0553,246334.0553
DEVIT.NS,2018-09-12 00:00:00+05:30,2018-09-21 00:00:00+05:30,7.169529915,7.120112419,10962.89485,-75.56406287,-0.689271072,UT Sell,146258.4912,246258.4912
SWELECTES.NS,2018-09-18 00:00:00+05:30,2018-09-21 00:00:00+05:30,192.4046783,187.2333374,12517.02411,-336.4252875,-2.687741788,UT Sell,145922.0659,245922.0659
PGEL.NS,2018-09-19 00:00:00+05:30,2018-09-21 00:00:00+05:30,16.75714684,15.32324696,11141.54936,-953.3762783,-8.556945246,Stop Loss,144968.6896,244968.6896
WABAG.NS,2018-09-21 00:00:00+05:30,2018-09-24 00:00:00+05:30,389.5474854,362.766449,12666.12579,-870.7846627,-6.87490932,Stop Loss,144097.905,244097.905
ICICIGI.NS,2018-09-21 00:00:00+05:30,2018-09-24 00:00:00+05:30,848.0849609,776.9420776,12666.12579,-1062.517025,-8.388650498,Stop Loss,143035.388,243035.388
PHOENIXLTD.NS,2018-09-21 00:00:00+05:30,2018-09-24 00:00:00+05:30,309.5984802,290.569458,12666.12579,-778.5050784,-6.146355177,Stop Loss,142256.8829,242256.8829
MACPOWER.NS,2018-09-21 00:00:00+05:30,2018-09-24 00:00:00+05:30,185.9628143,178.0647736,12666.12579,-537.9439879,-4.247107574,Stop Loss,141718.9389,241718.9389
DIL.NS,2018-09-21 00:00:00+05:30,2018-09-24 00:00:00+05:30,5.307798862,4.847304821,12666.12579,-1098.887808,-8.675800523,Stop Loss,140620.0511,240620.0511
SARVESHWAR.NS,2018-09-18 00:00:00+05:30,2018-09-24 00:00:00+05:30,1.299999952,1.25999999,12517.02411,-385.1388501,-3.076920255,UT Sell,140234.9122,240234.9122
PREMIERPOL.NS,2018-09-12 00:00:00+05:30,2018-09-24 00:00:00+05:30,5.223040581,4.888522625,10962.89485,-702.1360675,-6.404659328,Stop Loss,139532.7762,239532.7762
APARINDS.NS,2018-09-04 00:00:00+05:30,2018-09-24 00:00:00+05:30,577.1912231,543.4423828,12482.13751,-729.8407338,-5.847081345,Stop Loss,138802.9354,238802.9354
GESHIP.NS,2018-09-19 00:00:00+05:30,2018-09-24 00:00:00+05:30,239.4213104,223.8653717,11141.54936,-723.9007205,-6.497307484,Stop Loss,138079.0347,238079.0347
GOLDENTOBC.NS,2018-09-24 00:00:00+05:30,2018-09-25 00:00:00+05:30,32.04999924,30.60000038,11716.07559,-530.056056,-4.524177504,Stop Loss,137548.9787,237548.9787
BALRAMCHIN.NS,2018-09-25 00:00:00+05:30,2018-09-26 00:00:00+05:30,75.25429535,71.22853851,11667.88867,-624.1780933,-5.349537614,Stop Loss,136924.8006,236924.8006
MUTHOOTFIN.NS,2018-09-05 00:00:00+05:30,2018-09-27 00:00:00+05:30,382.2328491,364.03125,11219.42082,-534.2591581,-4.761913887,Stop Loss,136390.5414,236390.5414
BANSWRAS.NS,2018-09-26 00:00:00+05:30,2018-09-27 00:00:00+05:30,32.37662888,30.59591484,11563.85899,-636.0120469,-5.499998292,Stop Loss,135754.5294,235754.5294
TERASOFT.NS,2018-09-27 00:00:00+05:30,2018-09-28 00:00:00+05:30,30.57826996,28.18388748,10806.5043,-846.1860195,-7.830339912,Stop Loss,134908.3433,234908.3433
IZMO.NS,2018-09-26 00:00:00+05:30,2018-09-28 00:00:00+05:30,81.40000153,71.75,11563.85899,-1370.899936,-11.85503851,Stop Loss,133537.4434,233537.4434
BEL.NS,2018-09-26 00:00:00+05:30,2018-09-28 00:00:00+05:30,24.27198601,23.14775467,11563.85899,-535.6155308,-4.631806141,Stop Loss,133001.8279,233001.8279
TDPOWERSYS.NS,2018-09-26 00:00:00+05:30,2018-09-28 00:00:00+05:30,26.65117264,23.96429825,11563.85899,-1165.826247,-10.08163665,Stop Loss,131836.0016,231836.0016
ICICIPRULI.NS,2018-09-25 00:00:00+05:30,2018-09-28 00:00:00+05:30,342.7776184,327.7055664,11667.88867,-513.0411537,-4.397035043,Stop Loss,131322.9605,231322.9605
BLS.NS,2018-09-26 00:00:00+05:30,2018-09-28 00:00:00+05:30,34.24448776,32.41018295,11563.85899,-619.4177092,-5.356496562,Stop Loss,130703.5428,230703.5428
INVENTURE.NS,2018-09-25 00:00:00+05:30,2018-09-28 00:00:00+05:30,1.403613925,1.325363755,11667.88867,-650.4739323,-5.574906914,Stop Loss,130053.0688,230053.0688
LUMAXIND.NS,2018-09-25 00:00:00+05:30,2018-09-28 00:00:00+05:30,1864.170532,1759.032104,11667.88867,-658.0639747,-5.639957607,Stop Loss,129395.0049,229395.0049
DEVIT.NS,2018-09-25 00:00:00+05:30,2018-09-28 00:00:00+05:30,7.168879032,6.925040245,11667.88867,-396.8659268,-3.401351676,UT Sell,128998.1389,228998.1389
HECPROJECT.NS,2018-09-03 00:00:00+05:30,2018-09-28 00:00:00+05:30,29.2196312,30.78000069,12795.08456,683.2755504,5.340140952,UT Sell,129681.4145,229681.4145
RHIM.NS,2018-09-25 00:00:00+05:30,2018-09-28 00:00:00+05:30,230.9769897,221.5590515,11667.88867,-475.7506578,-4.077435697,Stop Loss,129205.6638,229205.6638
KSB.NS,2018-09-28 00:00:00+05:30,2018-10-01 00:00:00+05:30,138.1222229,130.3602905,11058.87297,-621.4657011,-5.619611537,Stop Loss,128584.1981,228584.1981
TAINWALCHM.NS,2018-09-28 00:00:00+05:30,2018-10-01 00:00:00+05:30,88.30448914,84.30857849,11058.87297,-500.4305969,-4.525150062,Stop Loss,128083.7675,228083.7675
TIRUPATIFL.NS,2018-09-28 00:00:00+05:30,2018-10-01 00:00:00+05:30,3.103871107,2.971868277,11058.87297,-470.3167379,-4.252845107,Stop Loss,127613.4508,227613.4508
NAGREEKCAP.NS,2018-09-21 00:00:00+05:30,2018-10-01 00:00:00+05:30,15.35000038,14.69999981,12666.12579,-536.3510625,-4.23453131,Stop Loss,127077.0997,227077.0997
REFEX.NS,2018-09-10 00:00:00+05:30,2018-10-01 00:00:00+05:30,3.061832428,3.299551964,11615.59698,901.8306476,7.763962967,UT Sell,127978.9304,227978.9304
SOUTHWEST.NS,2018-09-28 00:00:00+05:30,2018-10-01 00:00:00+05:30,26.98947144,23.26678467,11058.87297,-1525.36222,-13.79310735,Stop Loss,126453.5682,226453.5682
TCS.NS,2018-09-21 00:00:00+05:30,2018-10-03 00:00:00+05:30,1745.0802,1794.615967,12666.12579,359.5400664,2.838595418,UT Sell,126813.1082,226813.1082
GLOBAL.NS,2018-09-28 00:00:00+05:30,2018-10-03 00:00:00+05:30,4.676782608,4.557881355,11058.87297,-281.1577873,-2.542372881,UT Sell,126531.9504,226531.9504
TARACHAND.NS,2018-09-28 00:00:00+05:30,2018-10-03 00:00:00+05:30,5.417659283,5.261755943,11058.87297,-318.2398773,-2.877688154,UT Sell,126213.7106,226213.7106
STARCEMENT.NS,2018-09-28 00:00:00+05:30,2018-10-03 00:00:00+05:30,108.0729446,98.70728302,11058.87297,-958.3680955,-8.666055739,Stop Loss,125255.3425,225255.3425
INFOBEAN.NS,2018-10-03 00:00:00+05:30,2018-10-04 00:00:00+05:30,14.17560673,13.51431942,11161.12975,-520.662966,-4.664966519,Stop Loss,124734.6795,224734.6795
FEDERALBNK.NS,2018-10-01 00:00:00+05:30,2018-10-04 00:00:00+05:30,68.91436768,64.19743347,10960.85316,-750.2299582,-6.844631045,Stop Loss,123984.4495,223984.4495
SARVESHWAR.NS,2018-10-01 00:00:00+05:30,2018-10-04 00:00:00+05:30,1.164999962,1.100000024,10960.85316,-611.549184,-5.579394003,Stop Loss,123372.9004,223372.9004
CANFINHOME.NS,2018-10-01 00:00:00+05:30,2018-10-04 00:00:00+05:30,247.7613525,233.0868835,10960.85316,-649.192048,-5.922824058,Stop Loss,122723.7083,222723.7083
KEI.NS,2018-09-28 00:00:00+05:30,2018-10-04 00:00:00+05:30,352.2605896,329.9866943,11058.87297,-699.266922,-6.323130069,Stop Loss,122024.4414,222024.4414
SIKKO.NS,2018-09-27 00:00:00+05:30,2018-10-04 00:00:00+05:30,0.569759727,0.568113089,10806.5043,-31.23141019,-0.28900567,UT Sell,121993.21,221993.21
MOKSH.NS,2018-09-26 00:00:00+05:30,2018-10-05 00:00:00+05:30,4.688197613,4.698173046,11563.85899,24.60529912,0.212777578,UT Sell,122017.8153,222017.8153
INDIANB.NS,2018-10-01 00:00:00+05:30,2018-10-05 00:00:00+05:30,215.3230286,200.6329803,10960.85316,-747.7856062,-6.822330299,Stop Loss,121270.0297,221270.0297
JINDRILL.NS,2018-10-03 00:00:00+05:30,2018-10-05 00:00:00+05:30,126.5771332,119.2435684,11161.12975,-646.6481405,-5.793751663,Stop Loss,120623.3815,220623.3815
RMDRIP.NS,2018-10-03 00:00:00+05:30,2018-10-05 00:00:00+05:30,2.739833355,2.623244286,11161.12975,-474.943386,-4.255334331,Stop Loss,120148.4381,220148.4381
NATIONALUM.NS,2018-10-03 00:00:00+05:30,2018-10-05 00:00:00+05:30,44.49814224,41.98302841,11161.12975,-630.8468261,-5.652177156,Stop Loss,119517.5913,219517.5913
SOLARINDS.NS,2018-09-28 00:00:00+05:30,2018-10-08 00:00:00+05:30,1037.621704,992.107666,11058.87297,-485.0842686,-4.386380692,Stop Loss,119032.507,219032.507
SEAMECLTD.NS,2018-10-04 00:00:00+05:30,2018-10-08 00:00:00+05:30,223.6118164,219.3383484,10441.15567,-199.541981,-1.911110104,UT Sell,118832.9651,218832.9651
IVC.NS,2018-10-05 00:00:00+05:30,2018-10-08 00:00:00+05:30,5.8996315,5.611843586,10706.49655,-522.2699606,-4.878065931,Stop Loss,118310.6951,218310.6951
UNIVASTU.NS,2018-10-05 00:00:00+05:30,2018-10-09 00:00:00+05:30,14.5,14,10706.49655,-369.1895362,-3.448275862,UT Sell,117941.5056,217941.5056
COFORGE.NS,2018-10-01 00:00:00+05:30,2018-10-09 00:00:00+05:30,214.9081421,205.6832428,10960.85316,-470.4929538,-4.292484781,Stop Loss,117471.0126,217471.0126
TARACHAND.NS,2018-10-04 00:00:00+05:30,2018-10-09 00:00:00+05:30,5.476123333,4.98892355,10441.15567,-928.9288189,-8.896800779,Stop Loss,116542.0838,216542.0838
THOMASCOTT.NS,2018-09-28 00:00:00+05:30,2018-10-09 00:00:00+05:30,8.699999809,8.300000191,11058.87297,-508.4534558,-4.597696866,Stop Loss,116033.6303,216033.6303
MBAPL.NS,2018-09-28 00:00:00+05:30,2018-10-09 00:00:00+05:30,11.03418827,11.98836613,11058.87297,956.3124576,8.647467607,UT Sell,116989.9428,216989.9428
MKPL.NS,2018-10-05 00:00:00+05:30,2018-10-10 00:00:00+05:30,0.797776997,0.758333027,10706.49655,-529.3543525,-4.944235027,Stop Loss,116460.5884,216460.5884
SAKAR.NS,2018-09-11 00:00:00+05:30,2018-10-11 00:00:00+05:30,62.15000153,58.95000076,11789.91068,-607.0429966,-5.148834569,Stop Loss,115853.5454,215853.5454
MOKSH.NS,2018-10-09 00:00:00+05:30,2018-10-11 00:00:00+05:30,4.807896614,3.989955664,10581.0998,-1800.104187,-17.01244881,Stop Loss,114053.4413,214053.4413
SIKKO.NS,2018-10-09 00:00:00+05:30,2018-10-15 00:00:00+05:30,0.582109988,0.55658561,10581.0998,-463.9604109,-4.384803278,Stop Loss,113589.4808,213589.4808
THOMASCOTT.NS,2018-10-11 00:00:00+05:30,2018-10-15 00:00:00+05:30,8.699999809,8.100000381,9981.931648,-688.4084377,-6.896545298,Stop Loss,112901.0724,212901.0724
DEVIT.NS,2018-10-11 00:00:00+05:30,2018-10-16 00:00:00+05:30,6.973807335,6.534896851,9981.931648,-628.2327921,-6.2936996,Stop Loss,112272.8396,212272.8396
MAGADSUGAR.NS,2018-09-10 00:00:00+05:30,2018-10-17 00:00:00+05:30,51.76663971,78.03327179,11615.59698,5893.807554,50.74046186,UT Sell,118166.6472,218166.6472
INDIANHUME.NS,2018-10-04 00:00:00+05:30,2018-10-17 00:00:00+05:30,236.8243103,238.602478,10441.15567,78.3962001,0.750838342,UT Sell,118245.0434,218245.0434
DPABHUSHAN.NS,2018-10-08 00:00:00+05:30,2018-10-17 00:00:00+05:30,36.34051895,38.13265228,10482.52441,516.9458759,4.931501759,UT Sell,118761.9892,218761.9892
HEROMOTOCO.NS,2018-10-08 00:00:00+05:30,2018-10-17 00:00:00+05:30,2214.095459,2163.618164,10482.52441,-238.9822328,-2.279815656,UT Sell,118523.007,218523.007
TRIVENI.NS,2018-10-09 00:00:00+05:30,2018-10-17 00:00:00+05:30,39.58050537,41.18016815,10581.0998,427.6396012,4.041542082,UT Sell,118950.6466,218950.6466
ADANIPORTS.NS,2018-10-09 00:00:00+05:30,2018-10-17 00:00:00+05:30,305.8730469,301.2189941,10581.0998,-160.9981558,-1.521563532,UT Sell,118789.6485,218789.6485
KOHINOOR.NS,2018-10-16 00:00:00+05:30,2018-10-19 00:00:00+05:30,32.59999847,30.60000038,9353.698855,-573.8460351,-6.134963762,Stop Loss,118215.8024,218215.8024
REFEX.NS,2018-10-15 00:00:00+05:30,2018-10-19 00:00:00+05:30,3.147412062,3.252008438,9705.3313,322.5324381,3.323250161,UT Sell,118538.3349,218538.3349
CUPID.NS,2018-10-08 00:00:00+05:30,2018-10-19 00:00:00+05:30,1.492795467,1.556217194,10482.52441,445.3522322,4.24852082,UT Sell,118983.6871,218983.6871
REMSONSIND.NS,2018-08-23 00:00:00+05:30,2018-10-19 00:00:00+05:30,17.84915543,24.05152321,12361.45492,4295.457566,34.74880259,UT Sell,123279.1447,223279.1447
SUPREMEINF.NS,2018-10-15 00:00:00+05:30,2018-10-19 00:00:00+05:30,23.64999962,22.10000038,9705.3313,-636.0784927,-6.553908085,Stop Loss,122643.0662,222643.0662
DHANBANK.NS,2018-10-01 00:00:00+05:30,2018-10-23 00:00:00+05:30,11.89999962,11.39999962,10960.85316,-460.5400636,-4.201680807,Stop Loss,122182.5261,222182.5261
IEX.NS,2018-10-04 00:00:00+05:30,2018-10-23 00:00:00+05:30,49.74293518,46.65294266,10441.15567,-648.5964858,-6.21192238,Stop Loss,121533.9296,221533.9296
MAHSEAMLES.NS,2018-10-09 00:00:00+05:30,2018-10-23 00:00:00+05:30,201.2331696,204.556488,10581.0998,174.7443754,1.651476488,UT Sell,121708.674,221708.674
GPPL.NS,2018-10-19 00:00:00+05:30,2018-10-23 00:00:00+05:30,72.35759735,68.25414276,11399.51464,-646.4751787,-5.671076349,Stop Loss,121062.1988,221062.1988
SVLL.NS,2018-10-19 00:00:00+05:30,2018-10-23 00:00:00+05:30,40.5,39.33333206,11399.51464,-328.3814381,-2.880661576,UT Sell,120733.8174,220733.8174
GOLDENTOBC.NS,2018-10-17 00:00:00+05:30,2018-10-24 00:00:00+05:30,29.45000076,27.54999924,11783.46832,-760.2243534,-6.451617917,Stop Loss,119973.593,219973.593
SPIC.NS,2018-10-23 00:00:00+05:30,2018-10-25 00:00:00+05:30,26.14032555,23.88765907,10574.57783,-911.2739202,-8.617591504,Stop Loss,119062.3191,219062.3191
AHLUCONT.NS,2018-10-08 00:00:00+05:30,2018-10-25 00:00:00+05:30,280.2029419,263.6060791,10482.52441,-620.8964769,-5.923157937,Stop Loss,118441.4226,218441.4226
DEVIT.NS,2018-10-19 00:00:00+05:30,2018-10-25 00:00:00+05:30,6.925040245,6.534896851,11399.51464,-642.2266413,-5.63380689,Stop Loss,117799.196,217799.196
KRISHANA.NS,2018-10-22 00:00:00+05:30,2018-10-25 00:00:00+05:30,20.21643257,17.53714561,11399.51464,-1510.779451,-13.25301557,Stop Loss,116288.4165,216288.4165
MBAPL.NS,2018-10-22 00:00:00+05:30,2018-10-25 00:00:00+05:30,12.6611824,11.27885151,11399.51464,-1244.583702,-10.91786573,Stop Loss,115043.8328,215043.8328
MAHESHWARI.NS,2018-10-19 00:00:00+05:30,2018-10-29 00:00:00+05:30,93.47773743,93.23175049,11399.51464,-29.997856,-0.263150291,UT Sell,115013.835,215013.835
KAPSTON.NS,2018-10-23 00:00:00+05:30,2018-10-30 00:00:00+05:30,39.58886719,37.24758911,10574.57783,-625.3785214,-5.913980981,Stop Loss,114388.4565,214388.4565
ELGIEQUIP.NS,2018-10-25 00:00:00+05:30,2018-10-31 00:00:00+05:30,118.4055099,120.4386368,10065.17719,172.8279522,1.717088024,UT Sell,114561.2844,214561.2844
TEMBO.NS,2018-10-31 00:00:00+05:30,2018-11-02 00:00:00+05:30,31.73341179,31.28646088,10238.00515,-144.1977236,-1.408455276,UT Sell,114417.0867,214417.0867
SCI.NS,2018-10-25 00:00:00+05:30,2018-11-05 00:00:00+05:30,39.92720032,40.57416916,10065.17719,163.0932291,1.620371167,UT Sell,114580.1799,214580.1799
TIRUPATIFL.NS,2018-10-22 00:00:00+05:30,2018-11-07 00:00:00+05:30,3.14668417,3.57123661,11399.51464,1538.029081,13.4920576,UT Sell,116118.209,216118.209
OBEROIRLTY.NS,2018-10-23 00:00:00+05:30,2018-11-09 00:00:00+05:30,384.8037415,408.4060059,10574.57783,648.6007149,6.133584958,UT Sell,116766.8097,216766.8097
INDIANHUME.NS,2018-11-05 00:00:00+05:30,2018-11-09 00:00:00+05:30,277.6754456,277.8626404,10228.27042,6.895385655,0.067414972,UT Sell,116773.7051,216773.7051
SUZLON.NS,2018-10-23 00:00:00+05:30,2018-11-12 00:00:00+05:30,5.647015095,5.555193901,10574.57783,-171.9439992,-1.626012896,UT Sell,116601.7611,216601.7611
JPOLYINVST.NS,2018-10-10 00:00:00+05:30,2018-11-13 00:00:00+05:30,35.95000076,39.09999847,10177.1422,891.737801,8.762163127,UT Sell,117493.4989,217493.4989
SWELECTES.NS,2018-10-25 00:00:00+05:30,2018-11-14 00:00:00+05:30,179.5233459,172.0954742,10065.17719,-416.4519355,-4.137551952,Stop Loss,117077.047,217077.047
TEMBO.NS,2018-11-07 00:00:00+05:30,2018-11-15 00:00:00+05:30,31.9121933,30.83951378,12937.54372,-434.8757247,-3.361346898,UT Sell,116642.1712,216642.1712
KMSUGAR.NS,2018-11-12 00:00:00+05:30,2018-11-15 00:00:00+05:30,9.384261131,8.987043381,10402.63383,-440.3235109,-4.232807943,Stop Loss,116201.8477,216201.8477
SJVN.NS,2018-10-25 00:00:00+05:30,2018-11-15 00:00:00+05:30,19.3999424,18.29615593,10065.17719,-572.6721329,-5.689637865,Stop Loss,115629.1756,215629.1756
KOHINOOR.NS,2018-10-29 00:00:00+05:30,2018-11-15 00:00:00+05:30,30,31.20000076,11369.51679,454.7809606,4.000002543,UT Sell,116083.9566,216083.9566
DEVIT.NS,2018-11-13 00:00:00+05:30,2018-11-15 00:00:00+05:30,7.071343422,6.876272202,11068.88,-305.3479093,-2.758616132,UT Sell,115778.6086,215778.6086
MAGADSUGAR.NS,2018-11-09 00:00:00+05:30,2018-11-16 00:00:00+05:30,63.92485809,62.20812607,10729.17217,-288.1369474,-2.685546869,UT Sell,115490.4717,215490.4717
ZENITHSTL.NS,2018-06-26 00:00:00+05:30,2018-11-19 00:00:00+05:30,0.699999988,0.75,12472.88675,890.92071,7.142858967,UT Sell,116381.3924,216381.3924
RMDRIP.NS,2018-11-14 00:00:00+05:30,2018-11-19 00:00:00+05:30,2.535802603,2.448361397,9648.725259,-332.7136631,-3.448265487,UT Sell,116048.6787,216048.6787
SARVESHWAR.NS,2018-11-15 00:00:00+05:30,2018-11-19 00:00:00+05:30,1.100000024,1.044999957,10909.06264,-545.4537823,-5.00000596,Stop Loss,115503.225,215503.225
DPABHUSHAN.NS,2018-10-24 00:00:00+05:30,2018-11-20 00:00:00+05:30,39.82522202,45.30119324,11023.24397,1515.69693,13.75000802,UT Sell,117018.9219,217018.9219
MANAKCOAT.NS,2018-11-15 00:00:00+05:30,2018-11-20 00:00:00+05:30,7.51319313,7.065386772,10909.06264,-650.2092426,-5.960266834,Stop Loss,116368.7126,216368.7126
20MICRONS.NS,2018-11-19 00:00:00+05:30,2018-11-20 00:00:00+05:30,44.52967072,42.66229248,11014.47597,-461.8986031,-4.193559496,Stop Loss,115906.814,215906.814
VEDL.NS,2018-11-19 00:00:00+05:30,2018-11-20 00:00:00+05:30,88.01356506,85.47329712,11014.47597,-317.9023622,-2.886223212,UT Sell,115588.9117,215588.9117
EXPLEOSOL.NS,2018-10-25 00:00:00+05:30,2018-11-21 00:00:00+05:30,399.2061157,419.5508728,10065.17719,512.9520239,5.096303959,UT Sell,116101.8637,216101.8637
STCINDIA.NS,2018-11-20 00:00:00+05:30,2018-11-22 00:00:00+05:30,120.9499969,116.0500031,11011.73632,-446.1136182,-4.051255907,Stop Loss,115655.7501,215655.7501
MBAPL.NS,2018-11-09 00:00:00+05:30,2018-11-22 00:00:00+05:30,11.37671471,11.98836613,10729.17217,576.8373007,5.376344897,UT Sell,116232.5874,216232.5874
REFEX.NS,2018-11-15 00:00:00+05:30,2018-11-22 00:00:00+05:30,3.736956835,4.297976494,10909.06264,1637.749344,15.01274122,UT Sell,117870.3367,217870.3367
SEJALLTD.NS,2018-10-23 00:00:00+05:30,2018-11-26 00:00:00+05:30,637.3699951,654.1428833,10574.57783,278.2782572,2.631577939,UT Sell,118148.615,218148.615
GESHIP.NS,2018-11-20 00:00:00+05:30,2018-11-26 00:00:00+05:30,223.358551,217.4713745,11011.73632,-290.2420128,-2.635751569,UT Sell,117858.373,217858.373
MKPL.NS,2018-11-20 00:00:00+05:30,2018-11-26 00:00:00+05:30,0.839999974,0.811110973,11011.73632,-378.7119822,-3.439166824,UT Sell,117479.661,217479.661
KOHINOOR.NS,2018-11-26 00:00:00+05:30,2018-11-27 00:00:00+05:30,36.09999847,32.90000153,10735.79158,-951.6482474,-8.864257849,Stop Loss,116528.0127,216528.0127
SPCENET.NS,2018-11-26 00:00:00+05:30,2018-11-27 00:00:00+05:30,0.400000006,0.349999994,10735.79158,-1341.974247,-12.50000279,Stop Loss,115186.0385,215186.0385
LAGNAM.NS,2018-11-22 00:00:00+05:30,2018-11-27 00:00:00+05:30,16.83717537,16.4501152,11472.81472,-263.7419559,-2.298842632,UT Sell,114922.2965,214922.2965
LAMBODHARA.NS,2018-11-15 00:00:00+05:30,2018-11-27 00:00:00+05:30,43.37452316,41.35496521,10909.06264,-507.9360558,-4.656092576,Stop Loss,114414.3605,214414.3605
AUSOMENT.NS,2018-11-19 00:00:00+05:30,2018-11-27 00:00:00+05:30,50.21338272,48.02190781,11014.47597,-480.7074625,-4.364324401,Stop Loss,113933.653,213933.653
DEVIT.NS,2018-11-22 00:00:00+05:30,2018-11-27 00:00:00+05:30,7.120112419,6.827504158,11472.81472,-471.4869889,-4.109601701,Stop Loss,113462.166,213462.166
INDIANHUME.NS,2018-11-16 00:00:00+05:30,2018-11-28 00:00:00+05:30,296.5334473,278.2369995,10441.03523,-644.2236358,-6.170112654,Stop Loss,112817.9424,212817.9424
UNICHEMLAB.NS,2018-11-27 00:00:00+05:30,2018-11-29 00:00:00+05:30,200.4546356,191.304657,10387.20937,-474.135924,-4.56461314,Stop Loss,112343.8065,212343.8065
MACPOWER.NS,2018-11-15 00:00:00+05:30,2018-11-30 00:00:00+05:30,143.3134308,150.8285217,10909.06264,572.051045,5.243814834,UT Sell,112915.8575,212915.8575
SOUTHWEST.NS,2018-11-22 00:00:00+05:30,2018-12-03 00:00:00+05:30,21.35891151,20.35843658,11472.81472,-537.3992722,-4.684110092,Stop Loss,112378.4582,212378.4582
BCG.NS,2018-11-26 00:00:00+05:30,2018-12-03 00:00:00+05:30,1.413352609,1.319129109,10735.79158,-715.719378,-6.666666104,Stop Loss,111662.7389,211662.7389
LINCOLN.NS,2018-11-27 00:00:00+05:30,2018-12-03 00:00:00+05:30,237.0737915,225.070694,10387.20937,-525.9066658,-5.063021711,Stop Loss,111136.8322,211136.8322
PRICOLLTD.NS,2018-11-21 00:00:00+05:30,2018-12-04 00:00:00+05:30,45.71607208,43.8555336,10578.12922,-430.5054128,-4.069768897,Stop Loss,110706.3268,210706.3268
RMDRIP.NS,2018-11-28 00:00:00+05:30,2018-12-04 00:00:00+05:30,2.098595142,2.040301323,9796.811591,-272.1313675,-2.777754425,UT Sell,110434.1954,210434.1954
ANANTRAJ.NS,2018-12-03 00:00:00+05:30,2018-12-05 00:00:00+05:30,15.07845497,14.40421677,10272.26345,-459.3277284,-4.471533763,Stop Loss,109974.8677,209974.8677
GOKULAGRO.NS,2018-12-03 00:00:00+05:30,2018-12-05 00:00:00+05:30,6.611898899,6.139619827,10272.26345,-733.7340033,-7.1428659,Stop Loss,109241.1337,209241.1337
DPABHUSHAN.NS,2018-11-29 00:00:00+05:30,2018-12-05 00:00:00+05:30,45.79900742,44.05665207,9913.073451,-377.1281847,-3.804351764,UT Sell,108864.0055,208864.0055
ICICIBANK.NS,2018-10-04 00:00:00+05:30,2018-12-05 00:00:00+05:30,305.3688049,339.0413818,10441.15567,1151.33115,11.02685551,UT Sell,110015.3367,210015.3367
PFC.NS,2018-12-03 00:00:00+05:30,2018-12-05 00:00:00+05:30,49.09797287,46.64685822,10272.26345,-512.8214875,-4.992292983,Stop Loss,109502.5152,209502.5152
THOMASCOTT.NS,2018-11-02 00:00:00+05:30,2018-12-06 00:00:00+05:30,8.399999619,9.100000381,10093.80742,841.1515736,8.333342794,UT Sell,110343.6667,210343.6667
AARVI.NS,2018-12-05 00:00:00+05:30,2018-12-07 00:00:00+05:30,43.00707626,40.85671616,10047.86784,-502.3948628,-5.000014635,Stop Loss,109841.2719,209841.2719
DEVIT.NS,2018-12-06 00:00:00+05:30,2018-12-07 00:00:00+05:30,7.266414642,6.934793472,10934.959,-499.0444498,-4.563752364,Stop Loss,109342.2274,209342.2274
GOLDIAM.NS,2018-10-04 00:00:00+05:30,2018-12-10 00:00:00+05:30,12.47037983,14.95251846,10441.15567,2078.236287,19.90427451,UT Sell,111420.4637,211420.4637
KIRIINDUS.NS,2018-10-30 00:00:00+05:30,2018-12-10 00:00:00+05:30,454.6159973,457.8991394,9949.199304,71.85104613,0.722179182,UT Sell,111492.3148,211492.3148
VOLTAMP.NS,2018-11-27 00:00:00+05:30,2018-12-10 00:00:00+05:30,968.2362671,960.6679077,10387.20937,-81.19313036,-0.781664521,UT Sell,111411.1216,211411.1216
GUJRAFFIA.NS,2018-11-27 00:00:00+05:30,2018-12-10 00:00:00+05:30,16.39999962,17.14999962,10387.20937,475.02483,4.573170838,UT Sell,111886.1465,211886.1465
TERASOFT.NS,2018-12-07 00:00:00+05:30,2018-12-10 00:00:00+05:30,30.12932587,27.98435593,9990.693764,-711.2584563,-7.119209868,Stop Loss,111174.888,211174.888
SOUTHWEST.NS,2018-12-05 00:00:00+05:30,2018-12-11 00:00:00+05:30,22.75491905,21.87078094,10047.86784,-390.4080185,-3.885481224,UT Sell,110784.48,210784.48
PALASHSECU.NS,2018-12-05 00:00:00+05:30,2018-12-12 00:00:00+05:30,42.15000153,43.15000153,10047.86784,238.3835701,2.372479155,UT Sell,111022.8636,211022.8636
KRISHANA.NS,2018-12-11 00:00:00+05:30,2018-12-12 00:00:00+05:30,21.92143631,20.70357323,9657.459826,-536.5279734,-5.555580691,Stop Loss,110486.3356,210486.3356
SVLL.NS,2018-12-10 00:00:00+05:30,2018-12-13 00:00:00+05:30,40.20000076,38.1333313,10597.62561,-544.8206177,-5.140968719,Stop Loss,109941.515,209941.515
TEMBO.NS,2018-11-20 00:00:00+05:30,2018-12-13 00:00:00+05:30,31.13002968,30.83951378,11011.73632,-102.7652243,-0.93323361,UT Sell,109838.7497,209838.7497
GLOBAL.NS,2018-10-19 00:00:00+05:30,2018-12-14 00:00:00+05:30,4.637147903,6.050845146,11399.51464,3475.296185,30.48635222,UT Sell,113314.0459,213314.0459
HINDZINC.NS,2018-10-19 00:00:00+05:30,2018-12-14 00:00:00+05:30,147.2047424,148.7244263,11399.51464,117.6841036,1.032360651,UT Sell,113431.73,213431.73
BANCOINDIA.NS,2018-12-13 00:00:00+05:30,2018-12-17 00:00:00+05:30,52.07990646,51.09894943,10480.88804,-197.4139648,-1.883561431,UT Sell,113234.3161,213234.3161
APLAPOLLO.NS,2018-11-27 00:00:00+05:30,2018-12-18 00:00:00+05:30,128.1895142,119.5450134,10387.20937,-700.4647739,-6.743531863,Stop Loss,112533.8513,212533.8513
MAGNUM.NS,2018-12-07 00:00:00+05:30,2018-12-18 00:00:00+05:30,6.102768898,5.816701889,9990.693764,-468.3133067,-4.687495361,Stop Loss,112065.538,212065.538
CHOLAHLDNG.NS,2018-11-27 00:00:00+05:30,2018-12-20 00:00:00+05:30,485.568634,496.7859192,10387.20937,239.9584351,2.310133804,UT Sell,112305.4964,212305.4964
JPOLYINVST.NS,2018-12-14 00:00:00+05:30,2018-12-21 00:00:00+05:30,38.5,36.09999847,13196.00479,-822.6086135,-6.233770197,Stop Loss,111482.8878,211482.8878
REFEX.NS,2018-12-17 00:00:00+05:30,2018-12-21 00:00:00+05:30,4.1458354,3.965168476,10283.47408,-448.1325104,-4.357792968,Stop Loss,111034.7553,211034.7553
ASHOKA.NS,2018-12-18 00:00:00+05:30,2018-12-21 00:00:00+05:30,131.6000061,125.9499969,9604.562529,-412.3545874,-4.293319828,Stop Loss,110622.4007,210622.4007
VGL.NS,2018-11-30 00:00:00+05:30,2018-12-24 00:00:00+05:30,12.47500038,12.125,11481.11369,-322.1157553,-2.805614195,UT Sell,110300.285,210300.285
BPCL.NS,2018-12-04 00:00:00+05:30,2018-12-24 00:00:00+05:30,101.131424,110.6020813,9836.152015,921.1264088,9.364702858,UT Sell,111221.4114,211221.4114
SOUTHWEST.NS,2018-12-21 00:00:00+05:30,2018-12-24 00:00:00+05:30,21.87078094,19.77676773,10466.98189,-1002.158929,-9.574478476,Stop Loss,110219.2524,210219.2524
INFOBEAN.NS,2018-12-24 00:00:00+05:30,2018-12-28 00:00:00+05:30,16.36386871,15.91900063,10460.36644,-284.375492,-2.718599712,UT Sell,109934.8769,209934.8769
FMNL.NS,2018-12-21 00:00:00+05:30,2019-01-02 00:00:00+05:30,59,57.54999924,10466.98189,-257.2395209,-2.457628412,UT Sell,109677.6374,209677.6374
JPOLYINVST.NS,2018-12-24 00:00:00+05:30,2019-01-02 00:00:00+05:30,37.20000076,36.70000076,10460.36644,-140.5963202,-1.344085994,UT Sell,109537.0411,209537.0411
ANANTRAJ.NS,2018-12-12 00:00:00+05:30,2019-01-02 00:00:00+05:30,14.05688,14.36335278,9703.591633,211.5609359,2.180233298,UT Sell,109748.602,209748.602
PFC.NS,2018-12-14 00:00:00+05:30,2019-01-02 00:00:00+05:30,45.83824539,52.58511734,13196.00479,1942.302847,14.71887043,UT Sell,111690.9049,211690.9049
KOHINOOR.NS,2019-01-02 00:00:00+05:30,2019-01-03 00:00:00+05:30,37.79999924,35,11395.74317,-844.128911,-7.407405539,Stop Loss,110846.776,210846.776
DPABHUSHAN.NS,2018-12-20 00:00:00+05:30,2019-01-04 00:00:00+05:30,42.86189651,42.81211853,10627.16781,-12.34194095,-0.116135749,UT Sell,110834.434,210834.434
ALMONDZ.NS,2019-01-02 00:00:00+05:30,2019-01-04 00:00:00+05:30,3.858333111,3.658333063,11395.74317,-590.7082444,-5.183586848,Stop Loss,110243.7258,210243.7258
SHRADHA.NS,2018-10-08 00:00:00+05:30,2019-01-07 00:00:00+05:30,7.348167896,11.31891632,10482.52441,5664.468735,54.03725773,UT Sell,115908.1945,215908.1945
CUB.NS,2018-10-17 00:00:00+05:30,2019-01-07 00:00:00+05:30,162.8660126,182.3370209,11783.46832,1408.740878,11.95523117,UT Sell,117316.9354,217316.9354
JYOTISTRUC.NS,2019-01-02 00:00:00+05:30,2019-01-08 00:00:00+05:30,1.950000048,1.899999976,11395.74317,-292.1989538,-2.564106169,UT Sell,117024.7364,217024.7364
TANLA.NS,2018-12-12 00:00:00+05:30,2019-01-09 00:00:00+05:30,28.94587898,28.24670219,9703.591633,-234.3865957,-2.41546228,UT Sell,116790.3499,216790.3499
HINDPETRO.NS,2018-12-13 00:00:00+05:30,2019-01-09 00:00:00+05:30,108.1212921,114.7723389,10480.88804,644.7284807,6.151468062,UT Sell,117435.0783,217435.0783
CHENNPETRO.NS,2018-12-18 00:00:00+05:30,2019-01-09 00:00:00+05:30,251.9428558,235.4956512,9604.562529,-627.0001362,-6.528148828,Stop Loss,116808.0782,216808.0782
MBAPL.NS,2019-01-09 00:00:00+05:30,2019-01-10 00:00:00+05:30,12.95477486,11.25438404,9857.461319,-1293.850096,-13.12559141,Stop Loss,115514.2281,215514.2281
TVSHLTD.NS,2018-12-05 00:00:00+05:30,2019-01-11 00:00:00+05:30,2687.193359,2575.427734,10047.86784,-417.9104662,-4.15919549,Stop Loss,115096.3176,215096.3176
BEPL.NS,2018-12-10 00:00:00+05:30,2019-01-14 00:00:00+05:30,36.24727631,42.07546234,10597.62561,1703.988269,16.07896269,UT Sell,116800.3059,216800.3059
AARVI.NS,2019-01-04 00:00:00+05:30,2019-01-15 00:00:00+05:30,36.7710495,35.69587708,10709.9304,-313.1545601,-2.923964475,UT Sell,116487.1513,216487.1513
TEMBO.NS,2019-01-07 00:00:00+05:30,2019-01-15 00:00:00+05:30,32.1803627,33.96816254,14669.60117,814.9787124,5.555561483,UT Sell,117302.1301,217302.1301
GESHIP.NS,2018-12-04 00:00:00+05:30,2019-01-16 00:00:00+05:30,228.2709351,237.8617706,9836.152015,413.2673159,4.201514121,UT Sell,117715.3974,217715.3974
POWERMECH.NS,2019-01-08 00:00:00+05:30,2019-01-18 00:00:00+05:30,469.4125671,454.1291809,11103.54422,-361.5151505,-3.255853656,UT Sell,117353.8822,217353.8822
DPABHUSHAN.NS,2019-01-11 00:00:00+05:30,2019-01-18 00:00:00+05:30,44.80337906,43.80774689,9629.957378,-213.9993808,-2.222225628,UT Sell,117139.8828,217139.8828
CANBK.NS,2018-12-28 00:00:00+05:30,2019-01-22 00:00:00+05:30,48.5141983,46.06619263,10175.99095,-513.4761467,-5.045957188,Stop Loss,116626.4067,216626.4067
TARIL.NS,2019-01-03 00:00:00+05:30,2019-01-22 00:00:00+05:30,7.122045994,6.697221756,10551.61426,-629.3951894,-5.964918483,Stop Loss,115997.0115,215997.0115
ASHOKA.NS,2019-01-04 00:00:00+05:30,2019-01-22 00:00:00+05:30,126.4000015,124.5999985,10709.9304,-152.5150884,-1.42405303,UT Sell,115844.4964,215844.4964
MAHABANK.NS,2019-01-16 00:00:00+05:30,2019-01-22 00:00:00+05:30,12.96475029,12.31434345,10249.41933,-514.1859476,-5.01673247,Stop Loss,115330.3105,215330.3105
NAM-INDIA.NS,2019-01-22 00:00:00+05:30,2019-01-23 00:00:00+05:30,125.763031,119.2982101,9969.345642,-512.4720132,-5.140477937,Stop Loss,114817.8385,214817.8385
TIRUPATIFL.NS,2019-01-22 00:00:00+05:30,2019-01-24 00:00:00+05:30,3.014680147,3.000409126,9969.345642,-47.19331172,-0.473384246,UT Sell,114770.6451,214770.6451
DENORA.NS,2018-12-10 00:00:00+05:30,2019-01-24 00:00:00+05:30,237.3673248,248.2944641,10597.62561,487.85877,4.603472399,UT Sell,115258.5039,215258.5039
KIRIINDUS.NS,2019-01-07 00:00:00+05:30,2019-01-25 00:00:00+05:30,443.473175,417.108551,14669.60117,-872.1125454,-5.945032418,Stop Loss,114386.3914,214386.3914
KRISHANA.NS,2019-01-09 00:00:00+05:30,2019-01-25 00:00:00+05:30,27.76715088,28.25429344,9857.461319,172.9377634,1.754384398,UT Sell,114559.3291,214559.3291
REFEX.NS,2019-01-15 00:00:00+05:30,2019-01-25 00:00:00+05:30,3.527763367,4.687837124,12940.67786,4255.427371,32.88411485,UT Sell,118814.7565,218814.7565
TORNTPOWER.NS,2019-01-23 00:00:00+05:30,2019-01-25 00:00:00+05:30,217.3728485,207.9829865,9456.873629,-408.5088801,-4.319703277,Stop Loss,118406.2476,218406.2476
JINDRILL.NS,2019-01-24 00:00:00+05:30,2019-01-28 00:00:00+05:30,111.7144623,103.0608673,10503.81836,-813.6438904,-7.746172513,Stop Loss,117592.6037,217592.6037
KIRLOSENG.NS,2019-01-25 00:00:00+05:30,2019-01-28 00:00:00+05:30,162.8250885,153.6951294,12518.08942,-701.9166738,-5.607218882,Stop Loss,116890.6871,216890.6871
BBTCL.NS,2019-01-25 00:00:00+05:30,2019-01-28 00:00:00+05:30,50.48749161,46.16559982,12518.08942,-1071.588746,-8.560321868,Stop Loss,115819.0983,215819.0983
INDSWFTLAB.NS,2019-01-24 00:00:00+05:30,2019-01-28 00:00:00+05:30,47.40000153,43.09999847,10503.81836,-952.8786822,-9.071736104,Stop Loss,114866.2196,214866.2196
THOMASCOTT.NS,2019-01-10 00:00:00+05:30,2019-01-28 00:00:00+05:30,8,7.599999905,8563.611223,-428.1806632,-5.000001192,Stop Loss,114438.039,214438.039
USHAMART.NS,2019-01-14 00:00:00+05:30,2019-01-28 00:00:00+05:30,32.10834122,30.90667725,12301.61388,-460.391463,-3.742528967,UT Sell,113977.6475,213977.6475
DIXON.NS,2019-01-09 00:00:00+05:30,2019-01-28 00:00:00+05:30,417.4281006,431.5965881,9857.461319,334.585328,3.394234248,UT Sell,114312.2328,214312.2328
MAHSEAMLES.NS,2019-01-22 00:00:00+05:30,2019-01-28 00:00:00+05:30,227.5905762,216.8642578,9969.345642,-469.8541433,-4.712988798,Stop Loss,113842.3787,213842.3787
PENIND.NS,2018-12-21 00:00:00+05:30,2019-01-29 00:00:00+05:30,37.20000076,35.45000076,10466.98189,-492.3983317,-4.704300979,Stop Loss,113349.9804,213349.9804
HECPROJECT.NS,2018-12-24 00:00:00+05:30,2019-01-29 00:00:00+05:30,25.97999954,24.80999947,10460.36644,-471.0788972,-4.503464576,Stop Loss,112878.9015,212878.9015
TEMBO.NS,2019-01-18 00:00:00+05:30,2019-01-29 00:00:00+05:30,35.19726563,34.86205292,10078.99353,-95.99060187,-0.95238281,UT Sell,112782.9109,212782.9109
DPABHUSHAN.NS,2019-01-28 00:00:00+05:30,2019-01-29 00:00:00+05:30,44.75359726,41.81648636,10271.49734,-674.1028351,-6.562848756,Stop Loss,112108.808,212108.808
KRISHANA.NS,2019-01-28 00:00:00+05:30,2019-01-29 00:00:00+05:30,30.17850876,28.25429344,10271.49734,-654.9221056,-6.376111332,Stop Loss,111453.8859,211453.8859
LAGNAM.NS,2019-01-28 00:00:00+05:30,2019-01-29 00:00:00+05:30,16.25658417,15.24054623,10271.49734,-641.9694874,-6.2500088,Stop Loss,110811.9164,210811.9164
ESABINDIA.NS,2019-01-28 00:00:00+05:30,2019-01-29 00:00:00+05:30,774.6303711,741.5745239,10271.49734,-438.3162071,-4.267305853,Stop Loss,110373.6002,210373.6002
HINDPETRO.NS,2019-01-15 00:00:00+05:30,2019-01-30 00:00:00+05:30,115.9968948,111.0026093,12940.67786,-557.1652671,-4.30553386,Stop Loss,109816.435,209816.435
MKPL.NS,2019-01-25 00:00:00+05:30,2019-01-30 00:00:00+05:30,0.87777698,0.855554998,12518.08942,-316.9105252,-2.531620557,UT Sell,109499.5244,209499.5244
TIPSMUSIC.NS,2019-01-30 00:00:00+05:30,2019-01-31 00:00:00+05:30,5.388949871,5.179670334,12292.34575,-477.372492,-3.883493857,UT Sell,109022.1519,209022.1519
EXPLEOSOL.NS,2019-01-29 00:00:00+05:30,2019-02-01 00:00:00+05:30,427.2398682,415.5392151,9803.364678,-268.480958,-2.738661335,UT Sell,108753.671,208753.671
HINDZINC.NS,2019-01-29 00:00:00+05:30,2019-02-01 00:00:00+05:30,143.394104,140.6874847,9803.364678,-185.042306,-1.887538739,UT Sell,108568.6287,208568.6287
THYROCARE.NS,2019-01-28 00:00:00+05:30,2019-02-04 00:00:00+05:30,154.3037872,151.3714905,10271.49734,-195.1933833,-1.900340105,UT Sell,108373.4353,208373.4353
NAVNETEDUL.NS,2019-01-29 00:00:00+05:30,2019-02-04 00:00:00+05:30,96.44494629,91.26964569,9803.364678,-526.0551334,-5.366067168,Stop Loss,107847.3802,207847.3802
SUPREMEINF.NS,2019-01-31 00:00:00+05:30,2019-02-04 00:00:00+05:30,18.60000038,18.54999924,11814.97325,-31.76140709,-0.268823352,UT Sell,107815.6188,207815.6188
APARINDS.NS,2018-12-05 00:00:00+05:30,2019-02-05 00:00:00+05:30,574.2763062,546.7216187,10047.86784,-482.1126268,-4.798158518,Stop Loss,107333.5061,207333.5061
KALYANIFRG.NS,2019-01-28 00:00:00+05:30,2019-02-05 00:00:00+05:30,270.5362244,259.5836487,10271.49734,-415.8384047,-4.048469187,Stop Loss,106917.6677,206917.6677
BEL.NS,2019-01-29 00:00:00+05:30,2019-02-05 00:00:00+05:30,23.59456444,23.00362396,9803.364678,-245.5313383,-2.504561917,UT Sell,106672.1364,206672.1364
SUNFLAG.NS,2019-01-29 00:00:00+05:30,2019-02-05 00:00:00+05:30,46.00361633,43.65699768,9803.364678,-500.0641307,-5.100943881,Stop Loss,106172.0722,206172.0722
GRSE.NS,2019-02-01 00:00:00+05:30,2019-02-05 00:00:00+05:30,71.72279358,68.2722168,9576.603046,-460.7294624,-4.810990496,Stop Loss,105711.3428,205711.3428
GANDHITUBE.NS,2019-01-28 00:00:00+05:30,2019-02-08 00:00:00+05:30,314.9345093,297.9546509,10271.49734,-553.7931385,-5.391552179,Stop Loss,105157.5496,205157.5496
SIKKO.NS,2019-01-29 00:00:00+05:30,2019-02-08 00:00:00+05:30,0.543412447,0.494011253,9803.364678,-891.2160949,-9.090920558,Stop Loss,104266.3336,204266.3336
ONGC.NS,2019-02-04 00:00:00+05:30,2019-02-08 00:00:00+05:30,93.31272888,91.97284698,10378.94178,-149.031717,-1.43590474,UT Sell,104117.3018,204117.3018
MOKSH.NS,2019-02-04 00:00:00+05:30,2019-02-08 00:00:00+05:30,4.149553776,3.970005989,10378.94178,-449.0882938,-4.326917939,Stop Loss,103668.2135,203668.2135
SCI.NS,2019-02-08 00:00:00+05:30,2019-02-11 00:00:00+05:30,36.55371857,35.02872467,9697.404084,-404.5684713,-4.171925474,Stop Loss,103263.6451,203263.6451
GESHIP.NS,2019-01-30 00:00:00+05:30,2019-02-11 00:00:00+05:30,235.6785278,221.4091644,12292.34575,-744.2508664,-6.054587804,Stop Loss,102519.3942,202519.3942
WEWIN.NS,2018-12-10 00:00:00+05:30,2019-02-11 00:00:00+05:30,30,29.91666603,10597.62561,-29.43807352,-0.277779897,UT Sell,102489.9561,202489.9561
KEI.NS,2019-01-22 00:00:00+05:30,2019-02-11 00:00:00+05:30,354.7626648,342.3011475,9969.345642,-350.1867188,-3.512634945,UT Sell,102139.7694,202139.7694
REMSONSIND.NS,2019-01-02 00:00:00+05:30,2019-02-12 00:00:00+05:30,20.48937988,16.31631279,11395.74317,-2320.968283,-20.36697605,Stop Loss,99818.80113,199818.8011
GRAVITA.NS,2019-02-08 00:00:00+05:30,2019-02-12 00:00:00+05:30,59.83342361,57.29132462,9697.404084,-412.0065295,-4.248627014,Stop Loss,99406.7946,199406.7946
SHREERAMA.NS,2019-02-11 00:00:00+05:30,2019-02-12 00:00:00+05:30,5.156720161,4.938214779,10257.06924,-434.6221566,-4.237293778,Stop Loss,98972.17244,198972.1724
KAPSTON.NS,2019-01-25 00:00:00+05:30,2019-02-14 00:00:00+05:30,42.56867218,35.37457275,12518.08942,-2115.555297,-16.8999855,Stop Loss,96856.61715,196856.6171
LATTEYS.NS,2019-01-28 00:00:00+05:30,2019-02-14 00:00:00+05:30,4.5,4.056000233,10271.49734,-1013.453873,-9.866661496,Stop Loss,95843.16327,195843.1633
BLS.NS,2019-02-05 00:00:00+05:30,2019-02-14 00:00:00+05:30,24.91807365,23.16714096,9479.684324,-666.1144612,-7.026757838,Stop Loss,95177.04881,195177.0488
SOUTHWEST.NS,2019-02-11 00:00:00+05:30,2019-02-14 00:00:00+05:30,18.72976303,17.68275642,10257.06924,-573.3772095,-5.590068627,Stop Loss,94603.6716,194603.6716
JSL.NS,2019-02-12 00:00:00+05:30,2019-02-14 00:00:00+05:30,31.81001663,28.41759872,9394.206509,-1001.856577,-10.66462161,Stop Loss,93601.81503,193601.815
MARINE.NS,2019-02-05 00:00:00+05:30,2019-02-15 00:00:00+05:30,18.0592308,18.03938675,9479.684324,-10.41657758,-0.109883169,UT Sell,93591.39845,193591.3984
TDPOWERSYS.NS,2019-02-01 00:00:00+05:30,2019-02-18 00:00:00+05:30,24.52248192,23.35879707,9576.603046,-454.4461637,-4.745379562,Stop Loss,93136.95228,193136.9523
GENUSPOWER.NS,2019-02-08 00:00:00+05:30,2019-02-18 00:00:00+05:30,29.6811924,28.40101433,9697.404084,-418.2582653,-4.313095151,Stop Loss,92718.69402,192718.694
LAGNAM.NS,2019-02-08 00:00:00+05:30,2019-02-18 00:00:00+05:30,14.90186691,15.48246002,9697.404084,377.8215186,3.89610988,UT Sell,93096.51554,193096.5155
STCINDIA.NS,2019-02-14 00:00:00+05:30,2019-02-18 00:00:00+05:30,114.9000015,109.3499985,9310.037883,-449.70181,-4.830289798,Stop Loss,92646.81373,192646.8137
ELECTHERM.NS,2019-02-14 00:00:00+05:30,2019-02-19 00:00:00+05:30,160.6499939,156.3000031,9310.037883,-252.092008,-2.707744171,UT Sell,92394.72172,192394.7217
AARON.NS,2019-02-05 00:00:00+05:30,2019-02-20 00:00:00+05:30,10.28675842,10.27518845,9479.684324,-10.66222451,-0.112474468,UT Sell,92384.0595,192384.0595
PERSISTENT.NS,2019-01-29 00:00:00+05:30,2019-02-20 00:00:00+05:30,269.2635498,291.1665039,9803.364678,797.4441648,8.134392538,UT Sell,93181.50366,193181.5037
SHEKHAWATI.NS,2019-02-19 00:00:00+05:30,2019-02-21 00:00:00+05:30,0.300000012,0.25,9057.945875,-1509.657946,-16.66666998,Stop Loss,91671.84571,191671.8457
KHAITANLTD.NS,2019-02-12 00:00:00+05:30,2019-02-25 00:00:00+05:30,33.79999924,37.95000076,9394.206509,1153.431131,12.2781113,UT Sell,92825.27685,192825.2768
MUTHOOTFIN.NS,2019-02-14 00:00:00+05:30,2019-02-26 00:00:00+05:30,461.2958679,460.2457581,9310.037883,-21.19369214,-0.227643458,UT Sell,92804.08315,192804.0832
AXISCADES.NS,2019-02-11 00:00:00+05:30,2019-02-27 00:00:00+05:30,57.20000076,60.90000153,10257.06924,663.4818794,6.468532716,UT Sell,93467.56503,193467.565
MAGNUM.NS,2019-02-21 00:00:00+05:30,2019-02-27 00:00:00+05:30,4.958499908,4.624754906,7548.287929,-508.0575622,-6.730765532,Stop Loss,92959.50747,192959.5075
TEMBO.NS,2019-02-05 00:00:00+05:30,2019-03-05 00:00:00+05:30,36.20290375,44.6949501,9479.684324,2223.631543,23.45681003,UT Sell,95183.13901,195183.139
SOUTHWEST.NS,2019-02-20 00:00:00+05:30,2019-03-05 00:00:00+05:30,19.40449905,19.77676773,10034.91547,192.5164207,1.918465794,UT Sell,95375.65543,195375.6554
TIRUPATIFL.NS,2019-02-27 00:00:00+05:30,2019-03-06 00:00:00+05:30,3.078897715,3.068194866,8980.390743,-31.21758821,-0.347619487,UT Sell,95344.43785,195344.4378
PERSISTENT.NS,2019-02-26 00:00:00+05:30,2019-03-07 00:00:00+05:30,294.7434387,300.1674805,9288.844191,170.9387625,1.840258691,UT Sell,95515.37661,195515.3766
DEVIT.NS,2019-02-14 00:00:00+05:30,2019-03-08 00:00:00+05:30,7.022576332,8.144237518,9310.037883,1487.019527,15.97221779,UT Sell,97002.39614,197002.3961
BALRAMCHIN.NS,2019-02-05 00:00:00+05:30,2019-03-13 00:00:00+05:30,98.90564728,122.7677765,9479.684324,2287.08328,24.12615444,UT Sell,99289.47942,199289.4794
REFEX.NS,2019-02-18 00:00:00+05:30,2019-03-13 00:00:00+05:30,4.3265028,8.453321457,9334.216094,8903.407418,95.38462929,UT Sell,108192.8868,208192.8868
RELINFRA.NS,2019-02-18 00:00:00+05:30,2019-03-14 00:00:00+05:30,123.1500015,125,9334.216094,140.2215616,1.502231791,UT Sell,108333.1084,208333.1084
JPOLYINVST.NS,2019-03-08 00:00:00+05:30,2019-03-15 00:00:00+05:30,38.15000153,36.59999847,10797.05741,-438.6755247,-4.062917404,Stop Loss,107894.4329,207894.4329
DPABHUSHAN.NS,2019-02-15 00:00:00+05:30,2019-03-15 00:00:00+05:30,42.21474075,47.04354858,9469.267747,1083.158949,11.43867698,UT Sell,108977.5918,208977.5918
JMA.NS,2019-03-15 00:00:00+05:30,2019-03-19 00:00:00+05:30,28.75208092,28.35286713,10455.40429,-145.1700694,-1.38846921,UT Sell,108832.4218,208832.4218
SJVN.NS,2019-03-07 00:00:00+05:30,2019-03-20 00:00:00+05:30,17.56698227,17.10469246,9459.782953,-248.9420891,-2.631583519,UT Sell,108583.4797,208583.4797
NAHARPOLY.NS,2019-03-15 00:00:00+05:30,2019-03-20 00:00:00+05:30,37.09107971,35.57909393,10455.40429,-426.2055115,-4.076413495,Stop Loss,108157.2742,208157.2742
GOLDIAM.NS,2019-02-04 00:00:00+05:30,2019-03-22 00:00:00+05:30,13.86924839,13.10733318,10378.94178,-570.1731884,-5.493558018,Stop Loss,107587.101,207587.101
TANLA.NS,2019-01-18 00:00:00+05:30,2019-03-25 00:00:00+05:30,28.75942802,32.62820816,10078.99353,1355.847896,13.45221516,UT Sell,108942.9489,208942.9489
DIXON.NS,2019-02-18 00:00:00+05:30,2019-03-25 00:00:00+05:30,437.3814697,472.9172668,9334.216094,758.3741707,8.1246691,UT Sell,109701.323,209701.323
20MICRONS.NS,2019-02-20 00:00:00+05:30,2019-03-25 00:00:00+05:30,33.46907806,35.62373352,10034.91547,646.0227358,6.437749652,UT Sell,110347.3458,210347.3458
MAGNUM.NS,2019-03-05 00:00:00+05:30,2019-03-25 00:00:00+05:30,5.053855896,5.14921093,10965.37388,206.8922461,1.886777855,UT Sell,110554.238,210554.238
VGL.NS,2019-03-20 00:00:00+05:30,2019-03-25 00:00:00+05:30,12.19999981,11.69999981,9620.019821,-394.2631136,-4.09836072,Stop Loss,110159.9749,210159.9749
PIGL.NS,2019-03-25 00:00:00+05:30,2019-03-27 00:00:00+05:30,16.13277626,15.33854675,10521.27855,-517.9709768,-4.923080161,Stop Loss,109642.0039,209642.0039
NEXTMEDIA.NS,2018-12-10 00:00:00+05:30,2019-04-01 00:00:00+05:30,16.04999924,23.60000038,10597.62561,4985.176904,47.04050781,UT Sell,114627.1808,214627.1808
RMDRIP.NS,2019-03-14 00:00:00+05:30,2019-04-03 00:00:00+05:30,3.083770275,2.911801338,9474.437656,-528.3496584,-5.576580665,Stop Loss,114098.8312,214098.8312
CANBK.NS,2019-02-27 00:00:00+05:30,2019-04-03 00:00:00+05:30,40.42704391,49.86059952,8980.390743,2095.553056,23.33476478,UT Sell,116194.3842,216194.3842
GLOBAL.NS,2019-03-22 00:00:00+05:30,2019-04-04 00:00:00+05:30,5.320711136,4.840676785,9808.768594,-884.9467203,-9.021996103,Stop Loss,115309.4375,215309.4375
MBAPL.NS,2019-03-25 00:00:00+05:30,2019-04-09 00:00:00+05:30,13.57866001,15.04662228,10521.27855,1137.43476,10.8108036,UT Sell,116446.8723,216446.8723
REFEX.NS,2019-04-03 00:00:00+05:30,2019-04-09 00:00:00+05:30,8.310688972,8.567426682,10011.0159,309.2650074,3.089246991,UT Sell,116756.1373,216756.1373
GOKULAGRO.NS,2019-04-01 00:00:00+05:30,2019-04-10 00:00:00+05:30,5.866196156,5.741911888,15582.80252,-330.145318,-2.118651749,UT Sell,116425.992,216425.992
DEVIT.NS,2019-04-09 00:00:00+05:30,2019-04-10 00:00:00+05:30,9.314666748,8.978168488,10989.49711,-397.0025724,-3.612563601,UT Sell,116028.9894,216028.9894
TIPSMUSIC.NS,2019-03-05 00:00:00+05:30,2019-04-11 00:00:00+05:30,5.489229202,5.57642889,10965.37388,174.1915204,1.588559791,UT Sell,116203.1809,216203.1809
SAMPANN.NS,2019-04-09 00:00:00+05:30,2019-04-11 00:00:00+05:30,4.300000191,4.099999905,10989.49711,-511.1401088,-4.651169238,Stop Loss,115692.0408,215692.0408
INDOTHAI.NS,2019-02-25 00:00:00+05:30,2019-04-12 00:00:00+05:30,2.860551119,3.216948032,10547.63764,1314.133306,12.4590297,UT Sell,117006.1741,217006.1741
SOUTHWEST.NS,2019-03-25 00:00:00+05:30,2019-04-12 00:00:00+05:30,22.54551315,28.3389473,10521.27855,2703.612641,25.6966169,UT Sell,119709.7867,219709.7867
THOMASCOTT.NS,2019-04-10 00:00:00+05:30,2019-04-12 00:00:00+05:30,10,9.5,12922.57587,-646.1287933,-5,Stop Loss,119063.6579,219063.6579
INFOBEAN.NS,2019-04-11 00:00:00+05:30,2019-04-15 00:00:00+05:30,16.71254539,16.35184669,10808.9612,-233.2845273,-2.158251131,UT Sell,118830.3734,218830.3734
DPABHUSHAN.NS,2019-03-20 00:00:00+05:30,2019-04-16 00:00:00+05:30,49.78153229,51.67322922,9620.019821,365.5605026,3.799997395,UT Sell,119195.9339,219195.9339
MAGNUM.NS,2019-04-12 00:00:00+05:30,2019-04-18 00:00:00+05:30,5.101532936,4.672431946,12454.36974,-1047.564027,-8.4112167,Stop Loss,118148.3699,218148.3699
SHREERAMA.NS,2019-04-15 00:00:00+05:30,2019-04-22 00:00:00+05:30,5.681132793,5.156720161,10575.67667,-976.2170046,-9.230775816,Stop Loss,117172.1529,217172.1529
HINDPETRO.NS,2019-04-16 00:00:00+05:30,2019-04-22 00:00:00+05:30,130.7202911,123.4347458,9985.580324,-556.5348551,-5.573385192,Stop Loss,116615.618,216615.618
ONWARDTEC.NS,2019-04-11 00:00:00+05:30,2019-04-22 00:00:00+05:30,60.45297241,57.75016022,10808.9612,-483.2614671,-4.470933499,Stop Loss,116132.3566,216132.3566
WANBURY.NS,2019-02-18 00:00:00+05:30,2019-04-22 00:00:00+05:30,15.25,22.5,9334.216094,4437.578143,47.54098361,UT Sell,120569.9347,220569.9347
TECHNOE.NS,2019-03-13 00:00:00+05:30,2019-04-22 00:00:00+05:30,226.9757233,233.3713684,15002.19556,422.726791,2.817766169,UT Sell,120992.6615,220992.6615
TDPOWERSYS.NS,2019-04-10 00:00:00+05:30,2019-04-22 00:00:00+05:30,23.61424255,23.35879707,12922.57587,-139.7890952,-1.081743273,UT Sell,120852.8724,220852.8724
SARVESHWAR.NS,2019-03-19 00:00:00+05:30,2019-04-23 00:00:00+05:30,0.985000014,1.15666604,10310.23422,1796.869961,17.4280227,UT Sell,122649.7424,222649.7424
TEMBO.NS,2019-04-12 00:00:00+05:30,2019-04-25 00:00:00+05:30,49.16444016,47.60012054,12454.36974,-396.2745178,-3.181811093,UT Sell,122253.4678,222253.4678
MACPOWER.NS,2019-04-22 00:00:00+05:30,2019-04-25 00:00:00+05:30,143.6006317,137.8565979,11888.95137,-475.5587623,-4.00000595,Stop Loss,121777.9091,221777.9091
DBL.NS,2019-02-11 00:00:00+05:30,2019-04-26 00:00:00+05:30,351.2185364,578.7768555,10257.06924,6645.666994,64.79109031,UT Sell,128423.5761,228423.5761
GOKULAGRO.NS,2019-04-12 00:00:00+05:30,2019-04-26 00:00:00+05:30,5.990479946,5.592772007,12454.36974,-826.8455559,-6.638999591,Stop Loss,127596.7305,227596.7305
INDIANCARD.NS,2019-04-25 00:00:00+05:30,2019-04-30 00:00:00+05:30,100.8646393,96.2416687,11735.74391,-537.8891874,-4.583341212,Stop Loss,127058.8413,227058.8413
DPABHUSHAN.NS,2019-04-23 00:00:00+05:30,2019-04-30 00:00:00+05:30,49.83131027,49.78153229,12107.10418,-12.09414809,-0.099892988,UT Sell,127046.7472,227046.7472
GLOBAL.NS,2019-04-22 00:00:00+05:30,2019-04-30 00:00:00+05:30,5.242049694,5.082710743,11888.95137,-361.3802142,-3.039630687,UT Sell,126685.367,226685.367
THOMASCOTT.NS,2019-04-22 00:00:00+05:30,2019-04-30 00:00:00+05:30,10.39999962,10,11888.95137,-457.2669411,-3.846150319,UT Sell,126228.1,226228.1
VSSL.NS,2019-04-22 00:00:00+05:30,2019-04-30 00:00:00+05:30,49.52325439,47.51942062,11888.95137,-481.0564763,-4.046248162,Stop Loss,125747.0436,225747.0436
TBZ.NS,2019-04-03 00:00:00+05:30,2019-04-30 00:00:00+05:30,53.45259094,52.50423813,10011.0159,-177.6148719,-1.774194285,UT Sell,125569.4287,225569.4287
JYOTISTRUC.NS,2019-03-06 00:00:00+05:30,2019-04-30 00:00:00+05:30,1.100000024,3.299999952,8949.173154,17898.34534,199.9999892,UT Sell,143467.774,243467.774
SUPREMEINF.NS,2019-02-14 00:00:00+05:30,2019-04-30 00:00:00+05:30,20.25,22.64999962,9310.037883,1103.411722,11.85184997,UT Sell,144571.1857,244571.1857
INFOBEAN.NS,2019-04-18 00:00:00+05:30,2019-04-30 00:00:00+05:30,16.47208214,16.61635971,11406.80571,99.9112453,0.875891532,UT Sell,144671.097,244671.097
HECPROJECT.NS,2019-03-25 00:00:00+05:30,2019-05-02 00:00:00+05:30,24.79999924,26.79000092,10521.27855,844.2484924,8.024200563,UT Sell,145515.3455,245515.3455
SCHAEFFLER.NS,2019-04-22 00:00:00+05:30,2019-05-02 00:00:00+05:30,1055.78772,1009.454102,11888.95137,-521.7508434,-4.388535432,Stop Loss,144993.5946,244993.5946
MACPOWER.NS,2019-04-30 00:00:00+05:30,2019-05-02 00:00:00+05:30,138.7660675,136.9950104,12917.90015,-164.8698385,-1.276289774,UT Sell,144828.7248,244828.7248
SIGIND.NS,2019-04-30 00:00:00+05:30,2019-05-02 00:00:00+05:30,39.09207153,36.50107956,12917.90015,-856.188334,-6.627921909,Stop Loss,143972.5365,243972.5365
GABRIEL.NS,2019-04-26 00:00:00+05:30,2019-05-03 00:00:00+05:30,137.9814911,131.7074585,14265.13021,-648.6369378,-4.547010286,Stop Loss,143323.8995,243323.8995
CANFINHOME.NS,2019-05-02 00:00:00+05:30,2019-05-06 00:00:00+05:30,324.257782,306.2697449,11886.86742,-659.4179822,-5.547449625,Stop Loss,142664.4815,242664.4815
NAHARPOLY.NS,2019-05-03 00:00:00+05:30,2019-05-06 00:00:00+05:30,32.55509949,30.71236038,13616.49327,-770.7439085,-5.660370063,Stop Loss,141893.7376,241893.7376
GENUSPOWER.NS,2019-04-26 00:00:00+05:30,2019-05-07 00:00:00+05:30,27.50014877,26.03030968,14265.13021,-762.4484602,-5.344840525,Stop Loss,141131.2892,241131.2892
REDINGTON.NS,2019-02-12 00:00:00+05:30,2019-05-07 00:00:00+05:30,28.197052,36.47078705,9394.206509,2756.500063,29.34255342,UT Sell,143887.7892,243887.7892
DALMIASUG.NS,2019-04-25 00:00:00+05:30,2019-05-07 00:00:00+05:30,102.6236954,97.97322083,11735.74391,-531.814589,-4.531579701,Stop Loss,143355.9747,243355.9747
LAGNAM.NS,2019-05-02 00:00:00+05:30,2019-05-08 00:00:00+05:30,14.61157131,14.61157131,11886.86742,0,0,UT Sell,143355.9747,243355.9747
INDHOTEL.NS,2019-04-30 00:00:00+05:30,2019-05-08 00:00:00+05:30,146.2579651,139.4828644,12917.90015,-598.3952694,-4.632295208,Stop Loss,142757.5794,242757.5794
BSE.NS,2019-03-27 00:00:00+05:30,2019-05-08 00:00:00+05:30,59.30477524,59.54202652,10003.30757,40.01865842,0.400054263,UT Sell,142797.598,242797.598
ECLERX.NS,2019-04-30 00:00:00+05:30,2019-05-08 00:00:00+05:30,379.8460693,364.5952454,12917.90015,-518.6538368,-4.01500113,Stop Loss,142278.9442,242278.9442
HINDZINC.NS,2019-04-30 00:00:00+05:30,2019-05-09 00:00:00+05:30,152.9224091,144.8026428,12917.90015,-685.9055523,-5.30972948,Stop Loss,141593.0387,241593.0387
JPOLYINVST.NS,2019-05-02 00:00:00+05:30,2019-05-09 00:00:00+05:30,32.75,30.5,11886.86742,-816.6550137,-6.870229008,Stop Loss,140776.3836,240776.3836
AARVI.NS,2019-05-06 00:00:00+05:30,2019-05-10 00:00:00+05:30,36.55601883,34.74971771,12036.5994,-594.7508409,-4.941186636,Stop Loss,140181.6328,240181.6328
SIKKO.NS,2019-05-08 00:00:00+05:30,2019-05-10 00:00:00+05:30,0.558233202,0.516241372,11662.23621,-877.2653391,-7.522273802,Stop Loss,139304.3675,239304.3675
SONAMLTD.NS,2019-04-22 00:00:00+05:30,2019-05-13 00:00:00+05:30,9.189967155,9.930098534,11888.95137,957.4991743,8.053689046,UT Sell,140261.8666,240261.8666
VBL.NS,2019-04-30 00:00:00+05:30,2019-05-13 00:00:00+05:30,50.82195663,52.23215103,12917.90015,358.4425239,2.774773917,UT Sell,140620.3092,240620.3092
SIRCA.NS,2019-04-30 00:00:00+05:30,2019-05-13 00:00:00+05:30,69.73472595,73.38710022,12917.90015,676.5783538,5.237525806,UT Sell,141296.8875,241296.8875
DPABHUSHAN.NS,2019-05-07 00:00:00+05:30,2019-05-13 00:00:00+05:30,55.75531387,50.82694244,12285.77255,-1085.974523,-8.839285598,Stop Loss,140210.913,240210.913
GLOBUSSPR.NS,2019-05-08 00:00:00+05:30,2019-05-13 00:00:00+05:30,138.9113007,128.4708862,11662.23621,-876.5203307,-7.51588559,Stop Loss,139334.3927,239334.3927
MARINE.NS,2019-05-08 00:00:00+05:30,2019-05-13 00:00:00+05:30,20.36128616,19.8453083,11662.23621,-295.5341636,-2.534112312,UT Sell,139038.8585,239038.8585
RELINFRA.NS,2019-05-10 00:00:00+05:30,2019-05-13 00:00:00+05:30,107.1500015,101.0999985,11113.40971,-627.4956764,-5.646293015,Stop Loss,138411.3628,238411.3628
SOMATEX.NS,2019-05-07 00:00:00+05:30,2019-05-14 00:00:00+05:30,3.650000095,3.75,12285.77255,336.5961784,2.739723343,UT Sell,138747.959,238747.959
NAHARPOLY.NS,2019-05-10 00:00:00+05:30,2019-05-14 00:00:00+05:30,31.94085503,30.33436012,11113.40971,-558.9592405,-5.029592671,Stop Loss,138188.9998,238188.9998
DEVIT.NS,2019-05-02 00:00:00+05:30,2019-05-14 00:00:00+05:30,9.217129707,8.778220177,11886.86742,-566.0394902,-4.761889488,Stop Loss,137622.9603,237622.9603
REPL.NS,2019-05-13 00:00:00+05:30,2019-05-15 00:00:00+05:30,36.94874573,31.39180756,11936.48596,-1795.198,-15.03958541,Stop Loss,135827.7623,235827.7623
ADANIENT.NS,2019-05-14 00:00:00+05:30,2019-05-15 00:00:00+05:30,121.8253937,115.9489365,11749.08442,-566.7372773,-4.823671845,Stop Loss,135261.025,235261.025
RMDRIP.NS,2019-05-08 00:00:00+05:30,2019-05-16 00:00:00+05:30,1.926627278,1.923712254,11662.23621,-17.6451915,-0.151301956,UT Sell,135243.3798,235243.3798
GLOBAL.NS,2019-05-14 00:00:00+05:30,2019-05-16 00:00:00+05:30,5.244066238,5.00203228,11749.08442,-542.2657308,-4.615387133,Stop Loss,134701.1141,234701.1141
LAGNAM.NS,2019-05-14 00:00:00+05:30,2019-05-16 00:00:00+05:30,14.95024967,14.56318951,11749.08442,-304.1823822,-2.588987969,UT Sell,134396.9317,234396.9317
KRISHANA.NS,2019-04-04 00:00:00+05:30,2019-05-17 00:00:00+05:30,24.84429169,24.35714912,8923.821873,-174.9767517,-1.960782658,UT Sell,134221.9549,234221.9549
NATCOPHARM.NS,2019-04-30 00:00:00+05:30,2019-05-17 00:00:00+05:30,516.0888672,493.0907898,12917.90015,-575.6506025,-4.456224277,Stop Loss,133646.3043,233646.3043
AARON.NS,2019-05-06 00:00:00+05:30,2019-05-17 00:00:00+05:30,11.1083107,10.77274799,12036.5994,-363.6046898,-3.020825714,UT Sell,133282.6996,233282.6996
ALMONDZ.NS,2019-05-14 00:00:00+05:30,2019-05-20 00:00:00+05:30,3.266665936,3.108333111,11749.08442,-569.4692268,-4.84692429,Stop Loss,132713.2304,232713.2304
PGEL.NS,2019-05-16 00:00:00+05:30,2019-05-20 00:00:00+05:30,7.229454994,6.909700394,11432.10392,-505.6353244,-4.422941989,Stop Loss,132207.5951,232207.5951
MANAKCOAT.NS,2019-05-17 00:00:00+05:30,2019-05-20 00:00:00+05:30,4.478061676,4.229281425,10921.36313,-606.74007,-5.555534259,Stop Loss,131600.855,231600.855
TARIL.NS,2019-05-17 00:00:00+05:30,2019-05-21 00:00:00+05:30,5.772605896,5.447740078,10921.36313,-614.62321,-5.627715175,Stop Loss,130986.2318,230986.2318
TEMBO.NS,2019-05-09 00:00:00+05:30,2019-05-21 00:00:00+05:30,49.41026306,49.61138916,11651.1035,47.42619947,0.407053284,UT Sell,131033.658,231033.658
MAGNUM.NS,2019-05-20 00:00:00+05:30,2019-05-22 00:00:00+05:30,4.481720924,4.291008949,10806.90228,-459.8692586,-4.255329109,Stop Loss,130573.7887,230573.7887
WEBELSOLAR.NS,2019-05-20 00:00:00+05:30,2019-05-23 00:00:00+05:30,2.470000029,2.359999895,10806.90228,-481.2796276,-4.453446649,Stop Loss,130092.5091,230092.5091
VEDL.NS,2019-05-14 00:00:00+05:30,2019-05-23 00:00:00+05:30,67.64319611,66.21247864,11749.08442,-248.5042294,-2.115094423,UT Sell,129844.0049,229844.0049
SAMPANN.NS,2019-05-21 00:00:00+05:30,2019-05-24 00:00:00+05:30,3.700000048,3.599999905,11002.63481,-297.3689299,-2.702706534,UT Sell,129546.636,229546.636
TEMBO.NS,2019-05-23 00:00:00+05:30,2019-05-28 00:00:00+05:30,50.28181839,50.95223999,10913.10142,145.5074449,1.333328073,UT Sell,129692.1434,229692.1434
ANANTRAJ.NS,2019-05-20 00:00:00+05:30,2019-05-29 00:00:00+05:30,11.80941296,14.01601791,10806.90228,2019.284467,18.68513673,UT Sell,131711.4279,231711.4279
THANGAMAYL.NS,2019-05-14 00:00:00+05:30,2019-05-30 00:00:00+05:30,135.9891357,150.8032532,11749.08442,1279.898688,10.89360363,UT Sell,132991.3266,232991.3266
BCG.NS,2019-05-16 00:00:00+05:30,2019-05-30 00:00:00+05:30,2.496923447,2.284920931,11432.10392,-970.6484171,-8.490549283,Stop Loss,132020.6781,232020.6781
KOHINOOR.NS,2019-05-28 00:00:00+05:30,2019-05-30 00:00:00+05:30,29.35000038,28.04999924,11058.60887,-489.819557,-4.429305375,Stop Loss,131530.8586,231530.8586
SONATSOFTW.NS,2019-05-13 00:00:00+05:30,2019-06-03 00:00:00+05:30,104.8751984,107.0511017,11936.48596,247.6528277,2.074754903,UT Sell,131778.5114,231778.5114
JINDRILL.NS,2019-05-30 00:00:00+05:30,2019-06-03 00:00:00+05:30,101.6919403,95.23841095,11353.07597,-720.4839329,-6.346156183,Stop Loss,131058.0275,231058.0275
MBAPL.NS,2019-05-23 00:00:00+05:30,2019-06-06 00:00:00+05:30,12.47768784,12.53885174,10913.10142,53.4945158,0.490186187,UT Sell,131111.522,231111.522
SHRADHA.NS,2019-04-30 00:00:00+05:30,2019-06-06 00:00:00+05:30,8.580468178,8.763032913,12917.90015,274.851322,2.12767802,UT Sell,131386.3733,231386.3733
TDPOWERSYS.NS,2019-05-07 00:00:00+05:30,2019-06-06 00:00:00+05:30,23.55747795,28.96907425,12285.77255,2822.273309,22.97188311,UT Sell,134208.6466,234208.6466
KIRIINDUS.NS,2019-05-17 00:00:00+05:30,2019-06-06 00:00:00+05:30,515.204895,515.2546997,10921.36313,1.055764576,0.009666967,UT Sell,134209.7024,234209.7024
KMSUGAR.NS,2019-05-21 00:00:00+05:30,2019-06-06 00:00:00+05:30,8.391217232,7.795391083,11002.63481,-781.2522719,-7.10059259,Stop Loss,133428.4501,233428.4501
SPECTRUM.NS,2019-06-03 00:00:00+05:30,2019-06-10 00:00:00+05:30,57.8147583,55.85493851,11408.36541,-386.7237537,-3.389826147,UT Sell,133041.7264,233041.7264
WEBELSOLAR.NS,2019-06-03 00:00:00+05:30,2019-06-11 00:00:00+05:30,2.789999962,3.220000029,11408.36541,1758.278837,15.41218898,UT Sell,134800.0052,234800.0052
REFEX.NS,2019-05-14 00:00:00+05:30,2019-06-13 00:00:00+05:30,7.236195087,14.8812685,11749.08442,12412.96177,105.6504602,UT Sell,147212.967,247212.967
REPL.NS,2019-06-06 00:00:00+05:30,2019-06-13 00:00:00+05:30,34.60897827,34.12153244,12082.23894,-170.1707851,-1.408437509,UT Sell,147042.7962,247042.7962
TEMBO.NS,2019-05-29 00:00:00+05:30,2019-06-14 00:00:00+05:30,53.63393021,53.63393021,12826.18675,0,0,UT Sell,147042.7962,247042.7962
SAMPANN.NS,2019-05-30 00:00:00+05:30,2019-06-14 00:00:00+05:30,3.349999905,3.75,11353.07597,1355.591523,11.94030169,UT Sell,148398.3877,248398.3877
EUROTEXIND.NS,2019-06-06 00:00:00+05:30,2019-06-14 00:00:00+05:30,14.44999981,13.75,12082.23894,-585.2986203,-4.844289401,Stop Loss,147813.0891,247813.0891
GNA.NS,2019-05-13 00:00:00+05:30,2019-06-17 00:00:00+05:30,135.5635986,130.1649628,11936.48596,-475.3543122,-3.982363937,UT Sell,147337.7348,247337.7348
PFC.NS,2019-05-16 00:00:00+05:30,2019-06-17 00:00:00+05:30,55.21311569,65.01754761,11432.10392,2030.048171,17.7574328,UT Sell,149367.7829,249367.7829
CHENNPETRO.NS,2019-05-24 00:00:00+05:30,2019-06-17 00:00:00+05:30,190.1677551,181.6169739,10705.26588,-481.3559832,-4.496441179,Stop Loss,148886.427,248886.427
SUPREMEINF.NS,2019-06-10 00:00:00+05:30,2019-06-17 00:00:00+05:30,20.25,20.45000076,11021.64166,108.8561353,0.987658089,UT Sell,148995.2831,248995.2831
LAGNAM.NS,2019-06-11 00:00:00+05:30,2019-06-17 00:00:00+05:30,14.17612648,13.9825964,13166.64425,-179.7488019,-1.365183098,UT Sell,148815.5343,248815.5343
THANGAMAYL.NS,2019-06-13 00:00:00+05:30,2019-06-17 00:00:00+05:30,150.895874,143.2110138,18037.05717,-918.5954501,-5.092823299,Stop Loss,147896.9388,247896.9388
TARACHAND.NS,2019-06-17 00:00:00+05:30,2019-06-18 00:00:00+05:30,7.395689964,6.820794582,12730.5081,-989.5912823,-7.773384021,Stop Loss,146907.3476,246907.3476
GROBTEA.NS,2019-06-17 00:00:00+05:30,2019-06-18 00:00:00+05:30,373.046814,344.7116394,12730.5081,-966.9595228,-7.595608245,Stop Loss,145940.388,245940.388
GRSE.NS,2019-05-30 00:00:00+05:30,2019-06-18 00:00:00+05:30,102.4836502,97.66925049,11353.07597,-533.3362509,-4.697724671,Stop Loss,145407.0518,245407.0518
JSL.NS,2019-05-09 00:00:00+05:30,2019-06-18 00:00:00+05:30,34.51410675,32.54749298,11651.1035,-663.8798663,-5.697999904,Stop Loss,144743.1719,244743.1719
LAXMICOT.NS,2019-03-13 00:00:00+05:30,2019-06-19 00:00:00+05:30,12.69999981,12.5,15002.19556,-236.2548264,-1.574801671,UT Sell,144506.9171,244506.9171
GOLDIAM.NS,2019-03-26 00:00:00+05:30,2019-06-19 00:00:00+05:30,13.21219349,19.80954742,10521.27855,5253.677104,49.93382772,UT Sell,149760.5942,249760.5942
INFOBEAN.NS,2019-06-06 00:00:00+05:30,2019-06-19 00:00:00+05:30,16.59231377,15.63044071,12082.23894,-700.4194976,-5.7971002,Stop Loss,149060.1747,249060.1747
AARVI.NS,2019-06-14 00:00:00+05:30,2019-06-19 00:00:00+05:30,30.01893997,29.28782082,12343.93152,-300.6396896,-2.435526226,UT Sell,148759.535,248759.535
TIPSMUSIC.NS,2019-06-17 00:00:00+05:30,2019-06-19 00:00:00+05:30,5.122989178,5.000910759,12730.5081,-303.3620108,-2.382952891,UT Sell,148456.173,248456.173
IVP.NS,2019-06-17 00:00:00+05:30,2019-06-19 00:00:00+05:30,84.91252899,79.94576263,12730.5081,-744.6422817,-5.849273854,Stop Loss,147711.5307,247711.5307
APOLLOTYRE.NS,2019-06-17 00:00:00+05:30,2019-06-19 00:00:00+05:30,178.7502136,169.1846771,12730.5081,-681.2531152,-5.351342695,Stop Loss,147030.2776,247030.2776
SKMEGGPROD.NS,2019-06-18 00:00:00+05:30,2019-06-19 00:00:00+05:30,18.67426872,17.47930336,11327.85719,-724.8689184,-6.398994147,Stop Loss,146305.4087,246305.4087
MANINDS.NS,2019-06-18 00:00:00+05:30,2019-06-19 00:00:00+05:30,48.15904236,45.45646286,11327.85719,-635.694422,-5.611779981,Stop Loss,145669.7143,245669.7143
MKPL.NS,2019-06-06 00:00:00+05:30,2019-06-20 00:00:00+05:30,0.785000026,0.782777011,12082.23894,-34.21528084,-0.283186593,UT Sell,145635.499,245635.499
SERVOTECH.NS,2019-06-18 00:00:00+05:30,2019-06-20 00:00:00+05:30,2.501941442,2.38734889,11327.85719,-518.8323131,-4.580145252,Stop Loss,145116.6667,245116.6667
BCG.NS,2019-06-19 00:00:00+05:30,2019-06-20 00:00:00+05:30,2.473367691,2.355588198,12413.71395,-591.1296347,-4.761907975,Stop Loss,144525.537,244525.537
KOTAKBANK.NS,2019-06-19 00:00:00+05:30,2019-06-21 00:00:00+05:30,298.1530151,296.5605164,12413.71395,-66.30429113,-0.534121306,UT Sell,144459.2327,244459.2327
TATASTEEL.NS,2019-06-19 00:00:00+05:30,2019-06-24 00:00:00+05:30,40.40504074,39.7631073,12413.71395,-197.2223755,-1.588745932,UT Sell,144262.0104,244262.0104
RELINFRA.NS,2019-06-20 00:00:00+05:30,2019-06-24 00:00:00+05:30,59.25,56.5,11901.41215,-552.386218,-4.641350211,Stop Loss,143709.6242,243709.6242
REFEX.NS,2019-06-20 00:00:00+05:30,2019-06-24 00:00:00+05:30,15.53737354,14.79568863,11901.41215,-568.1203338,-4.773553983,Stop Loss,143141.5038,243141.5038
GOKULAGRO.NS,2019-05-22 00:00:00+05:30,2019-06-25 00:00:00+05:30,5.294489861,7.109034061,10347.03302,3546.167669,34.27231421,UT Sell,146687.6715,246687.6715
PGEL.NS,2019-06-24 00:00:00+05:30,2019-06-25 00:00:00+05:30,5.640673637,5.011156559,11632.93644,-1298.272624,-11.16031735,Stop Loss,145389.3989,245389.3989
BALAXI.NS,2019-06-06 00:00:00+05:30,2019-06-26 00:00:00+05:30,18.64364433,17.21566391,12082.23894,-925.4199641,-7.65934169,Stop Loss,144463.9789,244463.9789
TVSHLTD.NS,2019-06-19 00:00:00+05:30,2019-06-27 00:00:00+05:30,1899.562866,1787.425659,12413.71395,-732.820817,-5.903316443,Stop Loss,143731.1581,243731.1581
KRISHANA.NS,2019-06-21 00:00:00+05:30,2019-06-28 00:00:00+05:30,24.47893524,24.35714912,12347.40966,-61.43008549,-0.49751395,UT Sell,143669.728,243669.728
WILLAMAGOR.NS,2019-06-24 00:00:00+05:30,2019-07-01 00:00:00+05:30,21.5,24.39999962,11632.93644,1569.093546,13.48837032,UT Sell,145238.8215,245238.8215
CUPID.NS,2019-06-26 00:00:00+05:30,2019-07-02 00:00:00+05:30,1.111825347,1.049505234,11156.81897,-625.3628082,-5.605207091,Stop Loss,144613.4587,244613.4587
RMDRIP.NS,2019-06-18 00:00:00+05:30,2019-07-03 00:00:00+05:30,1.250412583,1.372830749,11327.85719,1109.022343,9.790221791,UT Sell,145722.4811,245722.4811
TEMBO.NS,2019-07-02 00:00:00+05:30,2019-07-03 00:00:00+05:30,52.5165596,50.17007446,10531.45617,-470.5545367,-4.468086173,Stop Loss,145251.9265,245251.9265
OBEROIRLTY.NS,2019-06-19 00:00:00+05:30,2019-07-05 00:00:00+05:30,521.1503906,569.3300781,12413.71395,1147.631988,9.244872184,UT Sell,146399.5585,246399.5585
STCINDIA.NS,2019-06-25 00:00:00+05:30,2019-07-05 00:00:00+05:30,113.8000031,114.4499969,12113.93226,69.19140437,0.571172126,UT Sell,146468.7499,246468.7499
MBAPL.NS,2019-06-13 00:00:00+05:30,2019-07-05 00:00:00+05:30,12.47768784,13.45632935,18037.05717,1414.670178,7.84313186,UT Sell,147883.4201,247883.4201
GESHIP.NS,2019-06-14 00:00:00+05:30,2019-07-05 00:00:00+05:30,213.1437988,207.9195099,12343.93152,-302.557547,-2.451063071,UT Sell,147580.8626,247580.8626
INDOTHAI.NS,2019-07-01 00:00:00+05:30,2019-07-05 00:00:00+05:30,2.513533592,2.447881222,13202.02999,-344.831104,-2.611955164,UT Sell,147236.0315,247236.0315
KOHINOOR.NS,2019-07-03 00:00:00+05:30,2019-07-08 00:00:00+05:30,17.20000076,16.04999924,11248.89058,-752.1070208,-6.686055086,Stop Loss,146483.9244,246483.9244
CANBK.NS,2019-06-20 00:00:00+05:30,2019-07-08 00:00:00+05:30,46.92299271,47.20277023,11901.41215,70.96196269,0.596248259,UT Sell,146554.8864,246554.8864
BHAGYANGR.NS,2019-06-24 00:00:00+05:30,2019-07-10 00:00:00+05:30,25,24,11632.93644,-465.3174577,-4,Stop Loss,146089.5689,246089.5689
SCI.NS,2019-06-25 00:00:00+05:30,2019-07-10 00:00:00+05:30,27.35752678,27.72721863,12113.93226,163.6998128,1.351335052,UT Sell,146253.2688,246253.2688
KIRIINDUS.NS,2019-06-27 00:00:00+05:30,2019-07-10 00:00:00+05:30,517.3936768,492.7203674,11680.89314,-557.0348122,-4.768769012,Stop Loss,145696.2339,245696.2339
AARON.NS,2019-07-05 00:00:00+05:30,2019-07-11 00:00:00+05:30,10.85374546,10.78431797,14018.95396,-89.67418601,-0.639663888,UT Sell,145606.5598,245606.5598
DIACABS.NS,2019-07-08 00:00:00+05:30,2019-07-11 00:00:00+05:30,10,9.5,11234.57884,-561.7289418,-5,Stop Loss,145044.8308,245044.8308
MOKSH.NS,2019-06-14 00:00:00+05:30,2019-07-12 00:00:00+05:30,3.74058342,3.890206814,12343.93152,493.7574497,4.00000153,UT Sell,145538.5883,245538.5883
SUZLON.NS,2019-06-20 00:00:00+05:30,2019-07-15 00:00:00+05:30,3.764677048,4.407426834,11901.41215,2031.948563,17.07317197,UT Sell,147570.5368,247570.5368
USHAMART.NS,2019-06-28 00:00:00+05:30,2019-07-15 00:00:00+05:30,29.27242088,28.02269363,12285.97958,-524.5252356,-4.269299263,Stop Loss,147046.0116,247046.0116
NIBL.NS,2019-07-10 00:00:00+05:30,2019-07-15 00:00:00+05:30,15.89999962,12.39999962,11523.03646,-2536.51752,-22.01257914,Stop Loss,144509.4941,244509.4941
BLS.NS,2019-07-11 00:00:00+05:30,2019-07-15 00:00:00+05:30,18.15255737,17.08055496,12301.06484,-726.4415084,-5.905517272,Stop Loss,143783.0526,243783.0526
SPAL.NS,2019-06-19 00:00:00+05:30,2019-07-16 00:00:00+05:30,274.2858582,273.4490051,12413.71395,-37.87455238,-0.305102506,UT Sell,143745.178,243745.178
LIBAS.NS,2019-07-05 00:00:00+05:30,2019-07-16 00:00:00+05:30,35.14167404,33.05564117,14018.95396,-832.1743209,-5.936065723,Stop Loss,142913.0037,242913.0037
RELINFRA.NS,2019-07-11 00:00:00+05:30,2019-07-16 00:00:00+05:30,51.04999924,47.90000153,12301.06484,-759.0269668,-6.170416764,Stop Loss,142153.9767,242153.9767
TIRUPATIFL.NS,2019-07-05 00:00:00+05:30,2019-07-17 00:00:00+05:30,3.560533047,3.478476286,14018.95396,-323.0836329,-2.304620115,UT Sell,141830.8931,241830.8931
JINDRILL.NS,2019-06-20 00:00:00+05:30,2019-07-18 00:00:00+05:30,92.35387421,92.89168549,11901.41215,69.30639077,0.58233754,UT Sell,141900.1995,241900.1995
TANLA.NS,2019-07-10 00:00:00+05:30,2019-07-18 00:00:00+05:30,65.81575012,63.06565475,11523.03646,-481.4873207,-4.178476067,Stop Loss,141418.7122,241418.7122
VADILALIND.NS,2019-06-17 00:00:00+05:30,2019-07-19 00:00:00+05:30,489.2981873,519.987915,12730.5081,798.4820673,6.272193232,UT Sell,142217.1942,242217.1942
MARICO.NS,2019-07-05 00:00:00+05:30,2019-07-19 00:00:00+05:30,342.5357361,330.0116882,14018.95396,-512.5714831,-3.656274815,UT Sell,141704.6227,241704.6227
MBAPL.NS,2019-07-15 00:00:00+05:30,2019-07-19 00:00:00+05:30,13.45632935,12.47768784,11563.98933,-841.0168694,-7.272722634,Stop Loss,140863.6059,240863.6059
DEVIT.NS,2019-07-16 00:00:00+05:30,2019-07-19 00:00:00+05:30,8.290538788,7.802862167,12368.21897,-727.5391121,-5.882327228,Stop Loss,140136.0668,240136.0668
KIRIINDUS.NS,2019-07-17 00:00:00+05:30,2019-07-19 00:00:00+05:30,519.6321411,495.5558167,13695.87033,-634.5762545,-4.633340119,Stop Loss,139501.4905,239501.4905
TERASOFT.NS,2019-07-18 00:00:00+05:30,2019-07-19 00:00:00+05:30,31.47616386,29.58061028,11506.13384,-692.9209477,-6.022187447,Stop Loss,138808.5696,238808.5696
GOODLUCK.NS,2019-05-15 00:00:00+05:30,2019-07-22 00:00:00+05:30,56.19143295,57.16192245,10661.81755,184.1416291,1.727112926,UT Sell,138992.7112,238992.7112
KIRLOSBROS.NS,2019-06-19 00:00:00+05:30,2019-07-22 00:00:00+05:30,167.4923248,159.8640594,12413.71395,-565.3698132,-4.554396978,Stop Loss,138427.3414,238427.3414
BAFNAPH.NS,2019-07-05 00:00:00+05:30,2019-07-22 00:00:00+05:30,5.25,6.099999905,14018.95396,2269.735149,16.19047437,UT Sell,140697.0765,240697.0765
KOTHARIPET.NS,2019-07-15 00:00:00+05:30,2019-07-23 00:00:00+05:30,16.88171959,16.17635727,11563.98933,-483.173666,-4.178261084,Stop Loss,140213.9029,240213.9029
LASA.NS,2019-07-19 00:00:00+05:30,2019-07-23 00:00:00+05:30,11.53544426,10.84232903,12212.25532,-733.7819003,-6.008569924,Stop Loss,139480.121,239480.121
REFEX.NS,2019-07-22 00:00:00+05:30,2019-07-23 00:00:00+05:30,24.00971603,22.81160736,12798.81194,-638.6734257,-4.990099306,Stop Loss,138841.4475,238841.4475
GLOBAL.NS,2019-07-23 00:00:00+05:30,2019-07-24 00:00:00+05:30,3.894345999,3.793913603,11573.14253,-298.4630625,-2.578928425,UT Sell,138542.9845,238542.9845
HINDPETRO.NS,2019-07-16 00:00:00+05:30,2019-07-24 00:00:00+05:30,150.5080872,141.8043823,12368.21897,-715.2394883,-5.782881836,Stop Loss,137827.745,237827.745
BPCL.NS,2019-07-16 00:00:00+05:30,2019-07-24 00:00:00+05:30,110.9995346,109.3241043,12368.21897,-186.6862673,-1.509402993,UT Sell,137641.0587,237641.0587
KRISHANA.NS,2019-07-08 00:00:00+05:30,2019-07-25 00:00:00+05:30,24.72250366,24.35714912,11234.57884,-166.0270503,-1.477821757,UT Sell,137475.0317,237475.0317
VESUVIUS.NS,2019-07-19 00:00:00+05:30,2019-07-25 00:00:00+05:30,107.0149155,102.0154343,12212.25532,-570.5273946,-4.671761109,Stop Loss,136904.5043,236904.5043
INDSWFTLAB.NS,2019-07-22 00:00:00+05:30,2019-07-25 00:00:00+05:30,32.25,31.39999962,12798.81194,-337.3331792,-2.635660098,UT Sell,136567.1711,236567.1711
BSE.NS,2019-07-25 00:00:00+05:30,2019-07-26 00:00:00+05:30,56.49144745,53.74659348,11723.91949,-569.6516632,-4.858884127,Stop Loss,135997.5194,235997.5194
EUROTEXIND.NS,2019-07-19 00:00:00+05:30,2019-07-29 00:00:00+05:30,13,12.44999981,12212.25532,-516.6725197,-4.230770698,Stop Loss,135480.8469,235480.8469
VEDL.NS,2019-07-22 00:00:00+05:30,2019-07-29 00:00:00+05:30,70.37837982,65.49713135,12798.81194,-887.6899611,-6.935721576,Stop Loss,134593.157,234593.157
REDINGTON.NS,2019-07-22 00:00:00+05:30,2019-07-29 00:00:00+05:30,40.57657623,41.68577957,12798.81194,349.86897,2.733605054,UT Sell,134943.0259,234943.0259
MBAPL.NS,2019-07-23 00:00:00+05:30,2019-07-29 00:00:00+05:30,13.21166992,12.78351402,11573.14253,-375.0554832,-3.240740206,UT Sell,134567.9704,234567.9704
PGEL.NS,2019-07-25 00:00:00+05:30,2019-07-29 00:00:00+05:30,4.966190338,4.671417236,11723.91949,-695.8847483,-5.935598149,Stop Loss,133872.0857,233872.0857
POLYCAB.NS,2019-07-29 00:00:00+05:30,2019-07-30 00:00:00+05:30,587.2472534,551.7033691,11796.3015,-713.9860984,-6.052626738,Stop Loss,133158.0996,233158.0996
PDMJEPAPER.NS,2019-07-29 00:00:00+05:30,2019-07-30 00:00:00+05:30,11.92117691,10.83313274,11796.3015,-1076.646805,-9.126986159,Stop Loss,132081.4528,232081.4528
SKIPPER.NS,2019-07-29 00:00:00+05:30,2019-07-30 00:00:00+05:30,54.17908859,47.65439987,11796.3015,-1420.607052,-12.04281742,Stop Loss,130660.8457,230660.8457
GENUSPOWER.NS,2019-07-25 00:00:00+05:30,2019-07-30 00:00:00+05:30,18.68113327,17.5906105,11723.91949,-684.3910874,-5.837562156,Stop Loss,129976.4546,229976.4546
KRBL.NS,2019-07-24 00:00:00+05:30,2019-07-30 00:00:00+05:30,222.2106171,208.4680328,11703.06388,-723.7743331,-6.184485877,Stop Loss,129252.6803,229252.6803
MAGNUM.NS,2019-07-26 00:00:00+05:30,2019-07-30 00:00:00+05:30,4.100297928,3.909585953,11154.26783,-518.8043614,-4.651173609,Stop Loss,128733.876,228733.876
SAMPANN.NS,2019-07-03 00:00:00+05:30,2019-07-31 00:00:00+05:30,3.349999905,3.400000095,11248.89058,167.8945345,1.49254305,UT Sell,128901.7705,228901.7705
AARVI.NS,2019-07-23 00:00:00+05:30,2019-07-31 00:00:00+05:30,30.49201965,30.2707386,11573.14253,-83.98647185,-0.725701525,UT Sell,128817.784,228817.784
TAINWALCHM.NS,2019-07-24 00:00:00+05:30,2019-07-31 00:00:00+05:30,51.79872131,48.00014877,11703.06388,-858.2246045,-7.333332646,Stop Loss,127959.5594,227959.5594
BAJAJHLDNG.NS,2019-07-30 00:00:00+05:30,2019-07-31 00:00:00+05:30,3241.089355,3093.35791,10805.32433,-492.5153257,-4.558079988,Stop Loss,127467.0441,227467.0441
INDSWFTLAB.NS,2019-07-31 00:00:00+05:30,2019-08-01 00:00:00+05:30,34.40000153,32.59999847,11015.89736,-576.4141858,-5.232566779,Stop Loss,126890.6299,226890.6299
V2RETAIL.NS,2019-07-30 00:00:00+05:30,2019-08-01 00:00:00+05:30,13.78499985,13.21000004,10805.32433,-450.7116065,-4.171199243,Stop Loss,126439.9183,226439.9183
BLBLIMITED.NS,2019-07-30 00:00:00+05:30,2019-08-01 00:00:00+05:30,3.900000095,3.599999905,10805.32433,-831.1793024,-7.692312395,Stop Loss,125608.739,225608.739
PALASHSECU.NS,2019-07-19 00:00:00+05:30,2019-08-01 00:00:00+05:30,41.90000153,40.04999924,12212.25532,-539.205238,-4.415279765,Stop Loss,125069.5338,225069.5338
SUPREMEINF.NS,2019-07-10 00:00:00+05:30,2019-08-01 00:00:00+05:30,19.60000038,18.39999962,11523.03646,-705.4924629,-6.122452753,Stop Loss,124364.0413,224364.0413
SIRCA.NS,2019-07-19 00:00:00+05:30,2019-08-01 00:00:00+05:30,99.39014435,84.84523773,12212.25532,-1787.16023,-14.63415383,Stop Loss,122576.8811,222576.8811
MOKSH.NS,2019-07-18 00:00:00+05:30,2019-08-02 00:00:00+05:30,3.910156727,4.378976345,11506.13384,1379.561396,11.98979097,UT Sell,123956.4425,223956.4425
GOODLUCK.NS,2019-08-01 00:00:00+05:30,2019-08-02 00:00:00+05:30,56.82224655,53.86225128,10613.98835,-552.9058989,-5.209219011,Stop Loss,123403.5366,223403.5366
TARACHAND.NS,2019-08-01 00:00:00+05:30,2019-08-02 00:00:00+05:30,7.113114357,6.811050415,10613.98835,-450.731283,-4.246577895,Stop Loss,122952.8053,222952.8053
LIBAS.NS,2019-08-01 00:00:00+05:30,2019-08-05 00:00:00+05:30,34.33935165,32.73471069,10613.98835,-495.9802571,-4.672892421,Stop Loss,122456.825,222456.825
THANGAMAYL.NS,2019-08-01 00:00:00+05:30,2019-08-05 00:00:00+05:30,148.7312012,134.8640289,10613.98835,-989.6108109,-9.323647044,Stop Loss,121467.2142,221467.2142
MACPOWER.NS,2019-08-01 00:00:00+05:30,2019-08-05 00:00:00+05:30,101.6692429,101.1905746,10613.98835,-49.97164031,-0.470809263,UT Sell,121417.2426,221417.2426
CGCL.NS,2019-08-01 00:00:00+05:30,2019-08-06 00:00:00+05:30,158.7845764,150.8594818,10613.98835,-529.7546128,-4.991098495,Stop Loss,120887.488,220887.488
BHAGYANGR.NS,2019-08-05 00:00:00+05:30,2019-08-06 00:00:00+05:30,21.35000038,20.35000038,10102.13411,-473.1678657,-4.683840666,Stop Loss,120414.3201,220414.3201
BPCL.NS,2019-07-31 00:00:00+05:30,2019-08-07 00:00:00+05:30,108.1967545,103.687233,11015.89736,-459.1304617,-4.167889792,Stop Loss,119955.1896,219955.1896
PNBGILTS.NS,2019-05-15 00:00:00+05:30,2019-08-13 00:00:00+05:30,20.61528397,25.01094246,10661.81755,2273.347723,21.32232813,UT Sell,122228.5373,222228.5373
TCS.NS,2019-07-30 00:00:00+05:30,2019-08-13 00:00:00+05:30,1834.803711,1851.895264,10805.32433,100.6536936,0.931519412,UT Sell,122329.191,222329.191
MARKSANS.NS,2019-07-31 00:00:00+05:30,2019-08-13 00:00:00+05:30,15.70370579,15.11847115,11015.89736,-410.5327008,-3.726729537,UT Sell,121918.6583,221918.6583
PRICOLLTD.NS,2019-08-05 00:00:00+05:30,2019-08-14 00:00:00+05:30,22.59224319,23.34531975,10102.13411,336.7385998,3.333341213,UT Sell,122255.3969,222255.3969
TIPSMUSIC.NS,2019-08-13 00:00:00+05:30,2019-08-14 00:00:00+05:30,5.702868938,5.301749229,11482.16932,-807.6153364,-7.033647684,Stop Loss,121447.7816,221447.7816
RELINFRA.NS,2019-08-14 00:00:00+05:30,2019-08-16 00:00:00+05:30,49.40000153,46.29999924,10556.71335,-662.466286,-6.275308083,Stop Loss,120785.3153,220785.3153
CENTEXT.NS,2019-08-13 00:00:00+05:30,2019-08-19 00:00:00+05:30,2.950000048,2.700000048,11482.16932,-973.0651808,-8.474576134,Stop Loss,119812.2501,219812.2501
MOKSH.NS,2019-08-13 00:00:00+05:30,2019-08-19 00:00:00+05:30,4.388951302,4.189453125,11482.16932,-521.9178079,-4.545463435,Stop Loss,119290.3323,219290.3323
STCINDIA.NS,2019-08-16 00:00:00+05:30,2019-08-19 00:00:00+05:30,94.5,90.59999847,9894.247061,-408.3341655,-4.126985742,Stop Loss,118881.9982,218881.9982
BLBLIMITED.NS,2019-08-19 00:00:00+05:30,2019-08-20 00:00:00+05:30,3.450000048,3.299999952,10318.42285,-448.6273594,-4.347828791,Stop Loss,118433.3708,218433.3708
THOMASCOTT.NS,2019-08-06 00:00:00+05:30,2019-08-20 00:00:00+05:30,7.949999809,8.550000191,9856.599991,743.8948298,7.547174791,UT Sell,119177.2656,219177.2656
GOCLCORP.NS,2019-07-24 00:00:00+05:30,2019-08-21 00:00:00+05:30,203.6181946,265.4134216,11703.06388,3551.713497,30.34857822,UT Sell,122728.9791,222728.9791
MANAKCOAT.NS,2019-07-29 00:00:00+05:30,2019-08-21 00:00:00+05:30,3.930743456,4.378549576,11796.3015,1343.882159,11.39240261,UT Sell,124072.8613,224072.8613
RMDRIP.NS,2019-07-29 00:00:00+05:30,2019-08-21 00:00:00+05:30,0.824864268,0.929794014,11796.3015,1500.589803,12.72084987,UT Sell,125573.4511,225573.4511
MBAPL.NS,2019-07-31 00:00:00+05:30,2019-08-21 00:00:00+05:30,14.67963219,16.63691711,11015.89736,1468.786792,13.33333766,UT Sell,127042.2379,227042.2379
DPABHUSHAN.NS,2019-08-02 00:00:00+05:30,2019-08-21 00:00:00+05:30,39.82522202,38.92915726,11036.67825,-248.3245021,-2.249993127,UT Sell,126793.9134,226793.9134
MANINDS.NS,2019-08-05 00:00:00+05:30,2019-08-21 00:00:00+05:30,35.93098831,33.58285141,10102.13411,-660.1876267,-6.535130293,Stop Loss,126133.7258,226133.7258
DEVIT.NS,2019-08-19 00:00:00+05:30,2019-08-21 00:00:00+05:30,8.236895561,7.70532608,10318.42285,-665.9012047,-6.453517311,Stop Loss,125467.8246,225467.8246
SERVOTECH.NS,2019-07-15 00:00:00+05:30,2019-08-22 00:00:00+05:30,2.673830748,2.482842684,11563.98933,-825.9999007,-7.142862875,Stop Loss,124641.8247,224641.8247
DLINKINDIA.NS,2019-08-02 00:00:00+05:30,2019-08-22 00:00:00+05:30,76.46163177,73.22101593,11036.67825,-467.7592353,-4.238224806,Stop Loss,124174.0654,224174.0654
LAGNAM.NS,2019-08-14 00:00:00+05:30,2019-08-22 00:00:00+05:30,11.2247839,11.61184502,10556.71335,364.0242271,3.448272346,UT Sell,124538.0896,224538.0896
GOLDIAM.NS,2019-08-19 00:00:00+05:30,2019-08-22 00:00:00+05:30,16.93467903,16.18519211,10318.42285,-456.6678222,-4.425752161,Stop Loss,124081.4218,224081.4218
TARMAT.NS,2019-08-21 00:00:00+05:30,2019-08-23 00:00:00+05:30,24.60000038,22,12008.47977,-1269.189085,-10.56910708,Stop Loss,122812.2327,222812.2327
HEADSUP.NS,2019-08-21 00:00:00+05:30,2019-08-23 00:00:00+05:30,13.35000038,13.30000019,12008.47977,-44.97574994,-0.374533253,UT Sell,122767.257,222767.257
WANBURY.NS,2019-08-20 00:00:00+05:30,2019-08-23 00:00:00+05:30,12.80000019,12.19999981,10235.14516,-479.772727,-4.68750291,Stop Loss,122287.4843,222287.4843
PAR.NS,2019-08-21 00:00:00+05:30,2019-08-23 00:00:00+05:30,22.75776863,22.38082886,12008.47977,-198.8979551,-1.656312531,UT Sell,122088.5863,222088.5863
MOKSH.NS,2019-08-21 00:00:00+05:30,2019-08-26 00:00:00+05:30,4.388951302,4.28920269,12008.47977,-272.9192238,-2.272720853,UT Sell,121815.6671,221815.6671
SIKKO.NS,2019-08-22 00:00:00+05:30,2019-08-27 00:00:00+05:30,0.485778034,0.461900234,10819.57616,-531.8224631,-4.915372424,Stop Loss,121283.8446,221283.8446
LEXUS.NS,2019-08-21 00:00:00+05:30,2019-08-28 00:00:00+05:30,10.39999962,9.899999619,12008.47977,-577.3307792,-4.807692484,Stop Loss,120706.5138,220706.5138
THOMASCOTT.NS,2019-08-22 00:00:00+05:30,2019-08-28 00:00:00+05:30,8.949999809,8.550000191,10819.57616,-483.5560257,-4.469269576,Stop Loss,120222.9578,220222.9578
NATIONALUM.NS,2019-08-23 00:00:00+05:30,2019-08-28 00:00:00+05:30,27.84047127,27.91050911,11066.93723,27.84092237,0.251568449,UT Sell,120250.7987,220250.7987
ONGC.NS,2019-08-23 00:00:00+05:30,2019-08-28 00:00:00+05:30,81.88820648,81.1848526,11066.93723,-95.05609658,-0.858919632,UT Sell,120155.7426,220155.7426
ZUARIIND.NS,2019-08-28 00:00:00+05:30,2019-08-29 00:00:00+05:30,58.74822998,56.29266357,10958.45711,-458.0430617,-4.179813429,Stop Loss,119697.6996,219697.6996
UNITEDTEA.NS,2019-08-22 00:00:00+05:30,2019-08-29 00:00:00+05:30,240.1314545,219.8166656,10819.57616,-915.3211741,-8.459861647,Stop Loss,118782.3784,218782.3784
KIRIINDUS.NS,2019-08-26 00:00:00+05:30,2019-08-29 00:00:00+05:30,397.6584167,386.2669067,11735.56054,-336.1823861,-2.864647026,UT Sell,118446.196,218446.196
GABRIEL.NS,2019-08-27 00:00:00+05:30,2019-08-29 00:00:00+05:30,101.7378998,97.04087067,10287.7537,-474.9643815,-4.616793863,Stop Loss,117971.2316,217971.2316
JPOLYINVST.NS,2019-08-28 00:00:00+05:30,2019-08-29 00:00:00+05:30,17.5,16.79999924,10958.45711,-438.338762,-4.00000436,Stop Loss,117532.8929,217532.8929
RAMKY.NS,2019-08-29 00:00:00+05:30,2019-09-03 00:00:00+05:30,63.95000076,60.79999924,10427.39097,-513.6246611,-4.925725549,Stop Loss,117019.2682,217019.2682
BANCOINDIA.NS,2019-08-06 00:00:00+05:30,2019-09-03 00:00:00+05:30,30.41398621,29.76418114,9856.599991,-210.5895818,-2.136533714,UT Sell,116808.6786,216808.6786
CHAMBLFERT.NS,2019-08-23 00:00:00+05:30,2019-09-03 00:00:00+05:30,125.593338,128.4993896,11066.93723,256.0732246,2.313858109,UT Sell,117064.7519,217064.7519
AARVI.NS,2019-08-29 00:00:00+05:30,2019-09-04 00:00:00+05:30,25.09284973,24.34050751,10427.39097,-312.6375281,-2.99823349,UT Sell,116752.1143,216752.1143
NAVINFLUOR.NS,2019-07-30 00:00:00+05:30,2019-09-05 00:00:00+05:30,585.9640503,689.6873779,10805.32433,1912.684225,17.70131249,UT Sell,118664.7986,218664.7986
TANLA.NS,2019-09-03 00:00:00+05:30,2019-09-09 00:00:00+05:30,49.12874985,54.02298355,10294.26239,1025.520212,9.962056268,UT Sell,119690.3188,219690.3188
VOLTAMP.NS,2019-08-28 00:00:00+05:30,2019-09-12 00:00:00+05:30,997.7286987,1048.739258,10958.45711,560.2695646,5.112668318,UT Sell,120250.5883,220250.5883
SOUTHWEST.NS,2019-09-12 00:00:00+05:30,2019-09-16 00:00:00+05:30,14.26762676,13.73741055,11518.72667,-428.0610771,-3.716218723,UT Sell,119822.5273,219822.5273
ESSENTIA.NS,2019-08-28 00:00:00+05:30,2019-09-16 00:00:00+05:30,0.039845001,0.055783,10958.45711,4383.382432,39.99999626,UT Sell,124205.9097,224205.9097
TARIL.NS,2019-09-05 00:00:00+05:30,2019-09-16 00:00:00+05:30,3.723455429,4.223248005,12718.00855,1707.114903,13.42281613,UT Sell,125913.0246,225913.0246
SPIC.NS,2019-08-29 00:00:00+05:30,2019-09-17 00:00:00+05:30,17.03579521,19.52311325,10427.39097,1522.455356,14.60053968,UT Sell,127435.4799,227435.4799
GRAVITA.NS,2019-09-09 00:00:00+05:30,2019-09-19 00:00:00+05:30,38.22560501,42.20941162,11319.7826,1179.728215,10.42182749,UT Sell,128615.2082,228615.2082
ZENTEC.NS,2019-09-16 00:00:00+05:30,2019-09-19 00:00:00+05:30,67.01077271,62.85046387,13619.20953,-845.5374483,-6.208417945,Stop Loss,127769.6707,227769.6707
MBAPL.NS,2019-08-22 00:00:00+05:30,2019-09-20 00:00:00+05:30,18.96119308,19.20354462,10819.57616,138.2898664,1.278144951,UT Sell,127907.9606,227907.9606
CHENNPETRO.NS,2019-07-12 00:00:00+05:30,2019-09-20 00:00:00+05:30,163.2938538,150.860321,12837.68897,-977.488265,-7.614207411,Stop Loss,126930.4723,226930.4723
NAGREEKCAP.NS,2019-09-17 00:00:00+05:30,2019-09-20 00:00:00+05:30,10.25,9.600000381,11949.84633,-757.7946881,-6.341459693,Stop Loss,126172.6776,226172.6776
LAGNAM.NS,2019-09-19 00:00:00+05:30,2019-09-23 00:00:00+05:30,10.83772182,10.64419079,12636.59145,-225.6537563,-1.785716957,UT Sell,125947.0239,225947.0239
THOMASCOTT.NS,2019-09-19 00:00:00+05:30,2019-09-23 00:00:00+05:30,7,6.650000095,12636.59145,-631.8294003,-4.999998638,Stop Loss,125315.1945,225315.1945
MBAPL.NS,2019-09-23 00:00:00+05:30,2019-09-24 00:00:00+05:30,20.68074036,18.95734406,12207.84987,-1017.321573,-8.333339482,Stop Loss,124297.8729,224297.8729
JINDRILL.NS,2019-09-03 00:00:00+05:30,2019-09-24 00:00:00+05:30,72.50439453,82.24525452,10294.26239,1383.019185,13.4348546,UT Sell,125680.8921,225680.8921
SOUTHWEST.NS,2019-09-23 00:00:00+05:30,2019-09-24 00:00:00+05:30,14.89424515,14.17122269,12207.84987,-592.6147696,-4.854374651,Stop Loss,125088.2773,225088.2773
GABRIEL.NS,2019-09-20 00:00:00+05:30,2019-09-25 00:00:00+05:30,110.6622925,105.3546219,11336.70612,-543.7398808,-4.796277462,Stop Loss,124544.5374,224544.5374
ASHOKA.NS,2019-09-20 00:00:00+05:30,2019-09-25 00:00:00+05:30,109.6999969,104.3499985,11336.70612,-552.8838847,-4.876935846,Stop Loss,123991.6535,223991.6535
DEVIT.NS,2019-09-16 00:00:00+05:30,2019-09-27 00:00:00+05:30,7.363950729,7.560323238,13619.20953,363.1798261,2.666673315,UT Sell,124354.8334,224354.8334
KAPSTON.NS,2019-09-24 00:00:00+05:30,2019-09-27 00:00:00+05:30,40.14225769,38.31180954,11494.34833,-524.1311736,-4.559903344,Stop Loss,123830.7022,223830.7022
MAGNUM.NS,2019-08-29 00:00:00+05:30,2019-09-30 00:00:00+05:30,3.051383972,3.623518944,10427.39097,1955.137436,18.75001563,UT Sell,125785.8396,225785.8396
GRSE.NS,2019-07-15 00:00:00+05:30,2019-10-01 00:00:00+05:30,100.5578918,143.9822998,11563.98933,4993.734267,43.18349079,UT Sell,130779.5739,230779.5739
AVROIND.NS,2019-07-30 00:00:00+05:30,2019-10-01 00:00:00+05:30,10.48386955,14.90322495,10805.32433,4554.860978,42.15385713,UT Sell,135334.4349,235334.4349
DPABHUSHAN.NS,2019-09-04 00:00:00+05:30,2019-10-01 00:00:00+05:30,39.82522202,42.81211853,10114.75344,758.6077434,7.500012213,UT Sell,136093.0426,236093.0426
RMDRIP.NS,2019-09-24 00:00:00+05:30,2019-10-01 00:00:00+05:30,0.845267594,0.906476617,11494.34833,832.3492302,7.241378168,UT Sell,136925.3918,236925.3918
CORALFINAC.NS,2019-09-30 00:00:00+05:30,2019-10-03 00:00:00+05:30,10.80023289,9.994952202,12382.52841,-923.258884,-7.456141861,Stop Loss,136002.133,236002.133
ADANIENT.NS,2019-09-20 00:00:00+05:30,2019-10-04 00:00:00+05:30,147.6915131,138.677475,11336.70612,-691.9118008,-6.103287792,Stop Loss,135310.2212,235310.2212
ABINFRA.NS,2019-09-24 00:00:00+05:30,2019-10-04 00:00:00+05:30,1.598839045,1.656978726,11494.34833,417.9768793,3.636368652,UT Sell,135728.198,235728.198
LEXUS.NS,2019-10-01 00:00:00+05:30,2019-10-04 00:00:00+05:30,14,13.30000019,13779.49191,-688.9744078,-4.999998638,Stop Loss,135039.2236,235039.2236
MASFIN.NS,2019-10-01 00:00:00+05:30,2019-10-07 00:00:00+05:30,231.3979034,219.3765869,13779.49191,-715.8562433,-5.195084463,Stop Loss,134323.3674,234323.3674
SCI.NS,2019-08-23 00:00:00+05:30,2019-10-07 00:00:00+05:30,24.58480263,36.0915947,11066.93723,5179.823793,46.80449236,UT Sell,139503.1912,239503.1912
AVADHSUGAR.NS,2019-09-25 00:00:00+05:30,2019-10-07 00:00:00+05:30,256.0697632,239.3833313,10788.39424,-703.0107867,-6.516361665,Stop Loss,138800.1804,238800.1804
BSE.NS,2019-08-20 00:00:00+05:30,2019-10-09 00:00:00+05:30,47.8835144,53.82732773,10235.14516,1270.495554,12.41306825,UT Sell,140070.676,240070.676
KECL.NS,2019-09-03 00:00:00+05:30,2019-10-09 00:00:00+05:30,8.550000191,8.199999809,10294.26239,-421.403004,-4.093571622,Stop Loss,139649.2729,239649.2729
SAKAR.NS,2019-10-03 00:00:00+05:30,2019-10-09 00:00:00+05:30,48.65000153,48.79999924,12619.38072,38.90808149,0.308320054,UT Sell,139688.181,239688.181
SOUTHWEST.NS,2019-10-04 00:00:00+05:30,2019-10-09 00:00:00+05:30,13.39999962,13.35179901,11882.54568,-42.7422339,-0.359706035,UT Sell,139645.4388,239645.4388
BCG.NS,2019-10-07 00:00:00+05:30,2019-10-10 00:00:00+05:30,1.554687977,1.460464358,13131.92672,-795.8752313,-6.060612799,Stop Loss,138849.5636,238849.5636
PAR.NS,2019-09-27 00:00:00+05:30,2019-10-14 00:00:00+05:30,21.90965271,22.33371162,12476.30325,241.4774748,1.935488982,UT Sell,139091.041,239091.041
GUJRAFFIA.NS,2019-09-27 00:00:00+05:30,2019-10-14 00:00:00+05:30,8.800000191,8.550000191,12476.30325,-354.4404256,-2.840909029,UT Sell,138736.6006,238736.6006
ARROWGREEN.NS,2019-10-07 00:00:00+05:30,2019-10-14 00:00:00+05:30,49.29164124,46.84780502,13131.92672,-651.0693749,-4.957912033,Stop Loss,138085.5312,238085.5312
SONAMLTD.NS,2019-10-01 00:00:00+05:30,2019-10-15 00:00:00+05:30,9.699999809,9.5,13779.49191,-284.1129699,-2.061853744,UT Sell,137801.4183,237801.4183
GRAVITA.NS,2019-10-15 00:00:00+05:30,2019-10-16 00:00:00+05:30,41.7825737,39.93294525,13495.37894,-597.4126197,-4.426793959,Stop Loss,137204.0056,237204.0056
KHAITANLTD.NS,2019-10-04 00:00:00+05:30,2019-10-16 00:00:00+05:30,21,21,11882.54568,-1.82E-12,0,UT Sell,137204.0056,237204.0056
RMDRIP.NS,2019-10-09 00:00:00+05:30,2019-10-16 00:00:00+05:30,0.950197399,1.034723878,11469.14808,1020.258221,8.895675716,UT Sell,138224.2639,238224.2639
MANAKCOAT.NS,2019-10-07 00:00:00+05:30,2019-10-22 00:00:00+05:30,4.378549576,4.030256271,13131.92672,-1044.583845,-7.954536049,Stop Loss,137179.68,237179.68
TECHM.NS,2019-08-22 00:00:00+05:30,2019-10-22 00:00:00+05:30,539.8728027,567.4694214,10819.57616,553.0630842,5.111688996,UT Sell,137732.7431,237732.7431
KIRIINDUS.NS,2019-10-04 00:00:00+05:30,2019-10-23 00:00:00+05:30,433.4967346,412.4663086,11882.54568,-576.4633915,-4.851345892,Stop Loss,137156.2797,237156.2797
SBIN.NS,2019-10-09 00:00:00+05:30,2019-10-24 00:00:00+05:30,240.7828979,242.2131042,11469.14808,68.1246383,0.593981679,UT Sell,137224.4044,237224.4044
CGPOWER.NS,2019-08-29 00:00:00+05:30,2019-11-01 00:00:00+05:30,9.878432274,13.73101997,10427.39097,4066.681542,38.99999102,UT Sell,141291.0859,241291.0859
POWERGRID.NS,2019-09-25 00:00:00+05:30,2019-11-04 00:00:00+05:30,77.95902252,76.39003754,10788.39424,-217.1246898,-2.012576524,UT Sell,141073.9612,241073.9612
DPABHUSHAN.NS,2019-10-03 00:00:00+05:30,2019-11-04 00:00:00+05:30,44.80337906,43.80774689,12619.38072,-280.4311124,-2.222225628,UT Sell,140793.5301,240793.5301
BEL.NS,2019-10-14 00:00:00+05:30,2019-11-05 00:00:00+05:30,32.32461929,33.407547,12440.16697,416.7659741,3.35016383,UT Sell,141210.2961,241210.2961
KMSUGAR.NS,2019-11-01 00:00:00+05:30,2019-11-05 00:00:00+05:30,6.752696037,6.405130386,14494.07251,-746.0193262,-5.14706495,Stop Loss,140464.2767,240464.2767
JPOLYINVST.NS,2019-11-04 00:00:00+05:30,2019-11-05 00:00:00+05:30,11.64999962,11.14999962,11455.10958,-491.6356203,-4.291845634,Stop Loss,139972.6411,239972.6411
WILLAMAGOR.NS,2019-10-24 00:00:00+05:30,2019-11-07 00:00:00+05:30,15.80000019,14.64999962,11537.27272,-839.7386122,-7.278484546,Stop Loss,139132.9025,239132.9025
TBZ.NS,2019-11-05 00:00:00+05:30,2019-11-07 00:00:00+05:30,39.7514534,35.93426514,12522.82003,-1202.521104,-9.602638235,Stop Loss,137930.3814,237930.3814
CANBK.NS,2019-10-09 00:00:00+05:30,2019-11-08 00:00:00+05:30,32.21748352,35.20755005,11469.14808,1064.438064,9.280881688,UT Sell,138994.8195,238994.8195
CHENNPETRO.NS,2019-10-16 00:00:00+05:30,2019-11-08 00:00:00+05:30,139.7355652,132.9298553,12423.3061,-605.0672672,-4.870420662,Stop Loss,138389.7522,238389.7522
20MICRONS.NS,2019-11-05 00:00:00+05:30,2019-11-08 00:00:00+05:30,37.34746552,35.52797318,12522.82003,-610.0862482,-4.871796024,Stop Loss,137779.666,237779.666
RELINFRA.NS,2019-10-23 00:00:00+05:30,2019-11-11 00:00:00+05:30,26.25,44.45000076,11306.08229,7838.884046,69.33333624,UT Sell,145618.55,245618.55
LAXMICOT.NS,2019-11-08 00:00:00+05:30,2019-11-13 00:00:00+05:30,11,9.350000381,12088.18625,-1813.227519,-14.99999653,Stop Loss,143805.3225,243805.3225
SKIPPER.NS,2019-10-16 00:00:00+05:30,2019-11-14 00:00:00+05:30,50.02740479,51.33880234,12423.3061,325.6593718,2.62135835,UT Sell,144130.9819,244130.9819
DBREALTY.NS,2019-11-08 00:00:00+05:30,2019-11-14 00:00:00+05:30,8.850000381,8.350000381,12088.18625,-682.9483465,-5.649717271,Stop Loss,143448.0335,243448.0335
PGEL.NS,2019-10-22 00:00:00+05:30,2019-11-15 00:00:00+05:30,3.916995525,3.862037897,11729.99106,-164.578306,-1.403055681,UT Sell,143283.4552,243283.4552
BCG.NS,2019-11-04 00:00:00+05:30,2019-11-15 00:00:00+05:30,1.413352609,1.389796734,11455.10958,-190.9184769,-1.666666526,UT Sell,143092.5367,243092.5367
MACPOWER.NS,2019-11-08 00:00:00+05:30,2019-11-18 00:00:00+05:30,84.29987335,85.07324982,12088.18625,110.8983724,0.917411182,UT Sell,143203.4351,243203.4351
GOKULAGRO.NS,2019-11-13 00:00:00+05:30,2019-11-18 00:00:00+05:30,6.810752869,6.487615108,10274.95874,-487.4978164,-4.74452335,Stop Loss,142715.9373,242715.9373
CUPID.NS,2019-10-09 00:00:00+05:30,2019-11-19 00:00:00+05:30,1.27341795,1.794781208,11469.14808,4695.702945,40.9420378,UT Sell,147411.6402,247411.6402
CGPOWER.NS,2019-11-05 00:00:00+05:30,2019-11-19 00:00:00+05:30,15.06461048,14.32372761,12522.82003,-615.8767197,-4.918035381,Stop Loss,146795.7635,246795.7635
KRISHANA.NS,2019-11-18 00:00:00+05:30,2019-11-19 00:00:00+05:30,26.18554497,25.07911301,10993.27277,-464.5046864,-4.225353959,Stop Loss,146331.2588,246331.2588
TARIL.NS,2019-10-10 00:00:00+05:30,2019-11-20 00:00:00+05:30,3.773434877,3.523538589,12336.05149,-816.9568507,-6.622514924,Stop Loss,145514.302,245514.302
IOC.NS,2019-11-14 00:00:00+05:30,2019-11-20 00:00:00+05:30,57.74730301,55.23654556,12077.10169,-525.0924531,-4.34783499,Stop Loss,144989.2095,244989.2095
THOMASCOTT.NS,2019-11-07 00:00:00+05:30,2019-11-21 00:00:00+05:30,4.75,5.300000191,11008.91652,1274.717091,11.57895138,UT Sell,146263.9266,246263.9266
SPIC.NS,2019-11-15 00:00:00+05:30,2019-11-21 00:00:00+05:30,18.95994759,17.9744072,11414.80193,-593.3427976,-5.198012207,Stop Loss,145670.5838,245670.5838
PFC.NS,2019-11-18 00:00:00+05:30,2019-11-21 00:00:00+05:30,59.43306732,58.06852722,10993.27277,-252.397566,-2.295927438,UT Sell,145418.1862,245418.1862
MACPOWER.NS,2019-11-21 00:00:00+05:30,2019-11-22 00:00:00+05:30,83.13978577,77.87103271,11281.98931,-714.9647438,-6.33722231,Stop Loss,144703.2215,244703.2215
DPABHUSHAN.NS,2019-11-20 00:00:00+05:30,2019-11-25 00:00:00+05:30,41.91604614,40.92041397,11535.55194,-274.0040553,-2.375300782,UT Sell,144429.2174,244429.2174
BHAGYANGR.NS,2019-11-07 00:00:00+05:30,2019-11-26 00:00:00+05:30,19.5,18.60000038,11008.91652,-508.1036239,-4.615382659,Stop Loss,143921.1138,243921.1138
LAGNAM.NS,2019-11-19 00:00:00+05:30,2019-11-29 00:00:00+05:30,10.40227795,10.16036415,12866.85414,-299.229605,-2.325584807,UT Sell,143621.8842,243621.8842
KRISHANA.NS,2019-11-26 00:00:00+05:30,2019-11-29 00:00:00+05:30,26.55435371,25.3249855,10500.81289,-486.1487381,-4.629629563,Stop Loss,143135.7355,243135.7355
TDPOWERSYS.NS,2019-09-16 00:00:00+05:30,2019-12-02 00:00:00+05:30,27.64260101,25.89695358,13619.20953,-860.0615443,-6.315062138,Stop Loss,142275.6739,242275.6739
ONWARDTEC.NS,2019-10-16 00:00:00+05:30,2019-12-02 00:00:00+05:30,60.10726929,63.74874115,12423.3061,752.6397414,6.058288633,UT Sell,143028.3137,243028.3137
MASTEK.NS,2019-11-21 00:00:00+05:30,2019-12-02 00:00:00+05:30,336.0742798,336.6790466,11281.98931,20.30197936,0.179950351,UT Sell,143048.6157,243048.6157
CANBK.NS,2019-11-19 00:00:00+05:30,2019-12-03 00:00:00+05:30,38.66972351,37.96154785,12866.85414,-235.6363606,-1.831343994,UT Sell,142812.9793,242812.9793
GLOBAL.NS,2019-11-20 00:00:00+05:30,2019-12-03 00:00:00+05:30,3.490564108,3.302626848,11535.55194,-621.0915923,-5.384151497,Stop Loss,142191.8877,242191.8877
TIPSMUSIC.NS,2019-11-22 00:00:00+05:30,2019-12-03 00:00:00+05:30,7.197276592,6.763225555,10567.02457,-637.2727118,-6.030767767,Stop Loss,141554.615,241554.615
FMNL.NS,2019-11-29 00:00:00+05:30,2019-12-03 00:00:00+05:30,28.35000038,26.85000038,11291.14435,-597.4150367,-5.29100522,Stop Loss,140957.2,240957.2
NAGREEKCAP.NS,2019-11-11 00:00:00+05:30,2019-12-04 00:00:00+05:30,7,7,19144.96633,0,0,UT Sell,140957.2,240957.2
APARINDS.NS,2019-11-21 00:00:00+05:30,2019-12-04 00:00:00+05:30,432.5855713,411.6547852,11281.98931,-545.8825286,-4.838530807,Stop Loss,140411.3174,240411.3174
SHARDACROP.NS,2019-12-02 00:00:00+05:30,2019-12-05 00:00:00+05:30,204.2268219,195.2610016,12412.46171,-544.9230432,-4.390128696,Stop Loss,139866.3944,239866.3944
MKPL.NS,2019-08-02 00:00:00+05:30,2019-12-05 00:00:00+05:30,0.743332982,0.777777016,11036.67825,511.4097332,4.63372875,UT Sell,140377.8041,240377.8041
MAHABANK.NS,2019-10-22 00:00:00+05:30,2019-12-06 00:00:00+05:30,9.539280891,10.31976795,11729.99106,959.7270849,8.181822817,UT Sell,141337.5312,241337.5312
MANINDS.NS,2019-11-29 00:00:00+05:30,2019-12-06 00:00:00+05:30,38.58808517,37.30942535,11291.14435,-374.1448309,-3.313613036,UT Sell,140963.3864,240963.3864
LGBBROSLTD.NS,2019-12-03 00:00:00+05:30,2019-12-06 00:00:00+05:30,241.0305481,225.5827637,11042.28982,-707.7066126,-6.409056672,Stop Loss,140255.6798,240255.6798
PAR.NS,2019-12-04 00:00:00+05:30,2019-12-06 00:00:00+05:30,21.54018021,21.05613136,14940.53656,-335.7422905,-2.247190315,UT Sell,139919.9375,239919.9375
ASHOKA.NS,2019-11-25 00:00:00+05:30,2019-12-09 00:00:00+05:30,96.55000305,90.94999695,11261.54788,-653.1821323,-5.800109712,Stop Loss,139266.7553,239266.7553
VGL.NS,2019-12-06 00:00:00+05:30,2019-12-09 00:00:00+05:30,6.474999905,6.175000191,12136.52378,-562.3094543,-4.633200283,Stop Loss,138704.4459,238704.4459
TEMBO.NS,2019-12-06 00:00:00+05:30,2019-12-09 00:00:00+05:30,57.90393066,52.51752472,12136.52378,-1128.977655,-9.302314857,Stop Loss,137575.4682,237575.4682
PREMIERPOL.NS,2019-12-06 00:00:00+05:30,2019-12-10 00:00:00+05:30,3.56855464,3.421901464,12136.52378,-498.7620845,-4.109595905,Stop Loss,137076.7061,237076.7061
THANGAMAYL.NS,2019-10-14 00:00:00+05:30,2019-12-11 00:00:00+05:30,158.4382019,155.3357544,12440.16697,-243.5963332,-1.9581436,UT Sell,136833.1098,236833.1098
MAGNUM.NS,2019-12-03 00:00:00+05:30,2019-12-11 00:00:00+05:30,4.00494194,3.814230919,11042.28982,-525.8219476,-4.761892289,Stop Loss,136307.2879,236307.2879
BANCOINDIA.NS,2019-12-09 00:00:00+05:30,2019-12-11 00:00:00+05:30,30.366436,29.11437607,11063.3754,-456.1618328,-4.123170517,Stop Loss,135851.126,235851.126
GOLDIAM.NS,2019-12-02 00:00:00+05:30,2019-12-12 00:00:00+05:30,25.38308716,24.21293831,12412.46171,-572.2088765,-4.609954818,Stop Loss,135278.9172,235278.9172
PGEL.NS,2019-12-11 00:00:00+05:30,2019-12-12 00:00:00+05:30,4.131831169,3.961961031,11106.75069,-456.626904,-4.111255548,Stop Loss,134822.2902,234822.2902
JMA.NS,2019-10-14 00:00:00+05:30,2019-12-12 00:00:00+05:30,19.11142731,18.85661316,12440.16697,-165.8657145,-1.333307784,UT Sell,134656.4245,234656.4245
MACPOWER.NS,2019-12-02 00:00:00+05:30,2019-12-13 00:00:00+05:30,58.48786545,75.74420166,12412.46171,3662.188914,29.50413061,UT Sell,138318.6134,238318.6134
AVROIND.NS,2019-12-06 00:00:00+05:30,2019-12-16 00:00:00+05:30,15.0967741,16,12136.52378,726.1168863,5.982906631,UT Sell,139044.7303,239044.7303
PAR.NS,2019-12-09 00:00:00+05:30,2019-12-16 00:00:00+05:30,21.92741966,21.75800323,11063.3754,-85.47825357,-0.772623638,UT Sell,138959.2521,238959.2521
RMDRIP.NS,2019-12-10 00:00:00+05:30,2019-12-17 00:00:00+05:30,1.063871264,1.020150661,11637.7617,-478.2627146,-4.109576454,Stop Loss,138480.9894,238480.9894
ALMONDZ.NS,2019-12-11 00:00:00+05:30,2019-12-17 00:00:00+05:30,1.633332968,1.691666007,11106.75069,396.6677568,3.571411368,UT Sell,138877.6571,238877.6571
KHAITANLTD.NS,2019-12-05 00:00:00+05:30,2019-12-18 00:00:00+05:30,17.04999924,18.04999924,11707.81332,686.675299,5.865102902,UT Sell,139564.3324,239564.3324
RELINFRA.NS,2019-12-17 00:00:00+05:30,2019-12-18 00:00:00+05:30,23.29999924,22.20000076,11331.45872,-534.9608458,-4.721023649,Stop Loss,139029.3716,239029.3716
KIRIINDUS.NS,2019-12-16 00:00:00+05:30,2019-12-19 00:00:00+05:30,376.2999573,359.515564,11920.26891,-531.688824,-4.460376087,Stop Loss,138497.6827,238497.6827
JPOLYINVST.NS,2019-12-05 00:00:00+05:30,2019-12-20 00:00:00+05:30,11.60000038,12.5,11707.81332,908.3644119,7.758617146,UT Sell,139406.0472,239406.0472
NAGREEKCAP.NS,2019-12-11 00:00:00+05:30,2019-12-20 00:00:00+05:30,6.949999809,7.5,11106.75069,878.9518226,7.913672026,UT Sell,140284.999,240284.999
RAMKY.NS,2019-12-18 00:00:00+05:30,2019-12-20 00:00:00+05:30,33.40000153,31.95000076,11595.49325,-503.3974038,-4.341319451,Stop Loss,139781.6016,239781.6016
JSL.NS,2019-12-20 00:00:00+05:30,2019-12-24 00:00:00+05:30,38.49650574,36.92321777,11897.99203,-486.2510843,-4.086833165,Stop Loss,139295.3505,239295.3505
CANBK.NS,2019-12-20 00:00:00+05:30,2019-12-26 00:00:00+05:30,40.21721268,38.51235199,11897.99203,-504.3715743,-4.239131888,Stop Loss,138790.9789,238790.9789
AARON.NS,2019-12-24 00:00:00+05:30,2019-12-27 00:00:00+05:30,12.39733791,12.33369732,11411.74095,-58.58112306,-0.513340807,UT Sell,138732.3978,238732.3978
DPABHUSHAN.NS,2019-12-09 00:00:00+05:30,2019-12-31 00:00:00+05:30,44.80337906,47.88983154,11063.3754,762.1430171,6.888883269,UT Sell,139494.5408,239494.5408
TEMBO.NS,2019-12-12 00:00:00+05:30,2020-01-01 00:00:00+05:30,57.90393066,58.35280228,11588.22596,89.83199607,0.775200591,UT Sell,139584.3728,239584.3728
MAGNUM.NS,2019-12-26 00:00:00+05:30,2020-01-03 00:00:00+05:30,3.766552925,3.480484962,11393.62046,-865.3402345,-7.594954016,Stop Loss,138719.0326,238719.0326
NAHARPOLY.NS,2019-08-07 00:00:00+05:30,2020-01-06 00:00:00+05:30,26.223629,32.31885529,10556.7669,2453.736786,23.24326007,UT Sell,141172.7694,241172.7694
CHENNPETRO.NS,2019-12-12 00:00:00+05:30,2020-01-06 00:00:00+05:30,99.86097717,100.7335052,11588.22596,101.2512874,0.873742778,UT Sell,141274.0207,241274.0207
MAHABANK.NS,2019-12-20 00:00:00+05:30,2020-01-06 00:00:00+05:30,10.27640724,10.71001148,11897.99203,502.0256278,4.219414726,UT Sell,141776.0463,241776.0463
TBZ.NS,2020-01-01 00:00:00+05:30,2020-01-06 00:00:00+05:30,33.3455925,32.73133087,11678.05795,-215.1223698,-1.842107401,UT Sell,141560.9239,241560.9239
BCG.NS,2019-11-19 00:00:00+05:30,2020-01-08 00:00:00+05:30,1.648911357,2.803150177,12866.85414,9006.804689,70.00005278,UT Sell,150567.7286,250567.7286
LAGNAM.NS,2019-12-17 00:00:00+05:30,2020-01-08 00:00:00+05:30,10.16036415,9.676538467,11331.45872,-539.5919554,-4.761893141,Stop Loss,150028.1366,250028.1366
DPABHUSHAN.NS,2020-01-06 00:00:00+05:30,2020-01-08 00:00:00+05:30,52.71863937,52.2208252,12140.73354,-114.6431199,-0.944284952,UT Sell,149913.4935,249913.4935
MOKSH.NS,2020-01-08 00:00:00+05:30,2020-01-09 00:00:00+05:30,5.286691666,4.987444401,14897.20534,-843.2396352,-5.66038808,Stop Loss,149070.2539,249070.2539
IZMO.NS,2020-01-03 00:00:00+05:30,2020-01-14 00:00:00+05:30,25.35000038,24.85000038,10528.28022,-207.6583839,-1.972386558,UT Sell,148862.5955,248862.5955
OFSS.NS,2020-01-08 00:00:00+05:30,2020-01-16 00:00:00+05:30,1986.884155,2083.563721,14897.20534,724.881385,4.86588839,UT Sell,149587.4769,249587.4769
THOMASCOTT.NS,2020-01-16 00:00:00+05:30,2020-01-17 00:00:00+05:30,4.400000095,4.199999809,15622.08672,-710.0958515,-4.545460949,Stop Loss,148877.381,248877.381
MARINE.NS,2020-01-06 00:00:00+05:30,2020-01-20 00:00:00+05:30,19.99414825,19.6468544,12140.73354,-210.8818083,-1.736977486,UT Sell,148666.4992,248666.4992
KHAITANLTD.NS,2020-01-08 00:00:00+05:30,2020-01-22 00:00:00+05:30,20.39999962,20.89999962,14897.20534,365.1275887,2.450980438,UT Sell,149031.6268,249031.6268
KRISHANA.NS,2020-01-17 00:00:00+05:30,2020-01-22 00:00:00+05:30,26.16096115,26.06260872,14911.99087,-56.0618,-0.375951142,UT Sell,148975.565,248975.565
LAGNAM.NS,2020-01-20 00:00:00+05:30,2020-01-23 00:00:00+05:30,10.01521587,9.773303032,11929.85174,-288.159973,-2.415453095,UT Sell,148687.405,248687.405
GRAVITA.NS,2019-12-13 00:00:00+05:30,2020-01-27 00:00:00+05:30,38.0358963,55.39392853,16074.65062,7335.815128,45.63592268,UT Sell,156023.2202,256023.2202
FORCEMOT.NS,2019-12-16 00:00:00+05:30,2020-01-27 00:00:00+05:30,964.2490845,1310.968018,11920.26891,4286.219179,35.9574034,UT Sell,160309.4394,260309.4394
MBAPL.NS,2020-01-22 00:00:00+05:30,2020-01-27 00:00:00+05:30,17.72635078,17.48015022,15059.131,-209.155655,-1.388895913,UT Sell,160100.2837,260100.2837
KRISHANA.NS,2020-01-23 00:00:00+05:30,2020-01-29 00:00:00+05:30,26.55435371,26.11178207,11641.69176,-194.0277919,-1.666663195,UT Sell,159906.2559,259906.2559
FIEMIND.NS,2019-11-15 00:00:00+05:30,2020-01-30 00:00:00+05:30,163.557312,214.0660553,11414.80193,3525.047539,30.88137281,UT Sell,163431.3034,263431.3034
GOODLUCK.NS,2019-12-27 00:00:00+05:30,2020-01-30 00:00:00+05:30,46.3409462,48.52455139,11353.15982,534.965744,4.712042747,UT Sell,163966.2692,263966.2692
SUPREMEINF.NS,2019-12-31 00:00:00+05:30,2020-01-30 00:00:00+05:30,8.399999619,21.14999962,11825.51842,17949.44842,151.7857212,UT Sell,181915.7176,281915.7176
IRISDOREME.NS,2020-01-06 00:00:00+05:30,2020-01-30 00:00:00+05:30,6.117375851,6.991287231,12140.73354,1734.391588,14.28572319,UT Sell,183650.1092,283650.1092
PGEL.NS,2020-01-09 00:00:00+05:30,2020-01-30 00:00:00+05:30,5.925454617,7.309393406,14053.9657,3282.419585,23.35582464,UT Sell,186932.5288,286932.5288
CGPOWER.NS,2020-01-27 00:00:00+05:30,2020-01-30 00:00:00+05:30,9.582078934,9.977216721,18155.64306,748.6872805,4.123716676,UT Sell,187681.2161,287681.2161
ABINFRA.NS,2020-01-27 00:00:00+05:30,2020-01-31 00:00:00+05:30,0.996679008,0.946844995,18155.64306,-907.7832931,-5.000006279,Stop Loss,186773.4328,286773.4328
BCG.NS,2020-01-31 00:00:00+05:30,2020-02-03 00:00:00+05:30,2.544035435,2.426255703,17247.85977,-798.5141516,-4.629641952,Stop Loss,185974.9186,285974.9186
BPL.NS,2020-01-30 00:00:00+05:30,2020-02-03 00:00:00+05:30,23.10000038,21.45000076,17786.46377,-1270.461383,-7.142855374,Stop Loss,184704.4572,284704.4572
SARVESHWAR.NS,2020-01-30 00:00:00+05:30,2020-02-03 00:00:00+05:30,0.550000012,0.528333008,17786.46377,-700.6897578,-3.93945512,UT Sell,184003.7675,284003.7675
KELLTONTEC.NS,2020-01-27 00:00:00+05:30,2020-02-03 00:00:00+05:30,3.334896326,3.205482483,18155.64306,-704.5471024,-3.880595692,UT Sell,183299.2204,283299.2204
DPABHUSHAN.NS,2020-01-14 00:00:00+05:30,2020-02-03 00:00:00+05:30,50.72738266,59.73783493,10320.62184,1833.200642,17.76250182,UT Sell,185132.421,285132.421
GRAVITA.NS,2020-01-29 00:00:00+05:30,2020-02-03 00:00:00+05:30,58.61891556,55.58362961,11447.66397,-592.7597479,-5.177997445,Stop Loss,184539.6613,284539.6613
REMSONSIND.NS,2020-01-30 00:00:00+05:30,2020-02-04 00:00:00+05:30,13.90355301,13.21459579,17786.46377,-881.365542,-4.955260097,Stop Loss,183658.2957,283658.2957
AARON.NS,2020-02-03 00:00:00+05:30,2020-02-05 00:00:00+05:30,12.43552399,12.37188053,15085.15745,-77.20394796,-0.511787485,UT Sell,183581.0918,283581.0918
GLOBAL.NS,2019-12-12 00:00:00+05:30,2020-02-06 00:00:00+05:30,3.61303997,3.803088427,11588.22596,609.548876,5.260070681,UT Sell,184190.6406,284190.6406
INDIANHUME.NS,2020-01-30 00:00:00+05:30,2020-02-10 00:00:00+05:30,228.6018524,224.4342499,17786.46377,-324.2620775,-1.823083451,UT Sell,183866.3786,283866.3786
FORCEMOT.NS,2020-02-04 00:00:00+05:30,2020-02-11 00:00:00+05:30,1293.829102,1272.551758,16905.09823,-278.008576,-1.644525055,UT Sell,183588.37,283588.37
VESUVIUS.NS,2019-08-21 00:00:00+05:30,2020-02-12 00:00:00+05:30,91.35407257,109.674202,12008.47977,2408.178387,20.05398214,UT Sell,185996.5484,285996.5484
NAHARCAP.NS,2020-02-03 00:00:00+05:30,2020-02-12 00:00:00+05:30,72.65164185,71.68743896,15085.15745,-200.2040408,-1.327159107,UT Sell,185796.3443,285796.3443
IDBI.NS,2020-02-03 00:00:00+05:30,2020-02-12 00:00:00+05:30,33.31268311,32.88681412,15085.15745,-192.848493,-1.278398941,UT Sell,185603.4959,285603.4959
SIMPLEXINF.NS,2020-02-03 00:00:00+05:30,2020-02-12 00:00:00+05:30,44.75,56.79999924,15085.15745,4062.036552,26.9273726,UT Sell,189665.5324,289665.5324
CUBEXTUB.NS,2020-02-11 00:00:00+05:30,2020-02-12 00:00:00+05:30,14.5,12.55000019,16627.08965,-2236.056666,-13.44827455,Stop Loss,187429.4757,287429.4757
GULPOLY.NS,2020-02-12 00:00:00+05:30,2020-02-13 00:00:00+05:30,38.55625153,36.02863312,15546.4295,-1019.171725,-6.555664278,Stop Loss,186410.304,286410.304
PCJEWELLER.NS,2020-02-12 00:00:00+05:30,2020-02-14 00:00:00+05:30,2.095000029,1.875,15546.4295,-1632.560806,-10.50119454,Stop Loss,184777.7432,284777.7432
MBAPL.NS,2020-02-12 00:00:00+05:30,2020-02-14 00:00:00+05:30,17.57862854,16.74155235,15546.4295,-740.3049618,-4.761897012,Stop Loss,184037.4382,284037.4382
BAJAJ-AUTO.NS,2020-01-30 00:00:00+05:30,2020-02-17 00:00:00+05:30,2632.464355,2573.965332,17786.46377,-395.2535042,-2.222215215,UT Sell,183642.1847,283642.1847
PAR.NS,2020-02-12 00:00:00+05:30,2020-02-17 00:00:00+05:30,18.39386177,17.76459694,15546.4295,-531.8524985,-3.421058826,UT Sell,183110.3322,283110.3322
BPL.NS,2020-02-12 00:00:00+05:30,2020-02-17 00:00:00+05:30,22,20.95000076,15546.4295,-741.9881416,-4.772723805,Stop Loss,182368.3441,282368.3441
SUPREMEINF.NS,2020-02-06 00:00:00+05:30,2020-02-18 00:00:00+05:30,21,19.64999962,12197.77483,-784.1428894,-6.428573245,Stop Loss,181584.2012,281584.2012
NAHARPOLY.NS,2020-02-13 00:00:00+05:30,2020-02-18 00:00:00+05:30,40.18278885,37.20984268,14527.25778,-1074.807313,-7.398556079,Stop Loss,180509.3939,280509.3939
JPOLYINVST.NS,2020-02-14 00:00:00+05:30,2020-02-18 00:00:00+05:30,12.89999962,12,14359.99662,-1001.859834,-6.976741435,Stop Loss,179507.5341,279507.5341
CHENNPETRO.NS,2020-02-14 00:00:00+05:30,2020-02-18 00:00:00+05:30,103.2202225,100.2099915,14359.99662,-418.7833178,-2.916319056,UT Sell,179088.7507,279088.7507
RMDRIP.NS,2020-02-17 00:00:00+05:30,2020-02-20 00:00:00+05:30,1.920798182,1.914968133,15736.74288,-47.76451321,-0.303522232,UT Sell,179040.9862,279040.9862
NEXTMEDIA.NS,2020-02-18 00:00:00+05:30,2020-02-20 00:00:00+05:30,7.349999905,7.050000191,13041.35812,-532.2998308,-4.081628813,Stop Loss,178508.6864,278508.6864
MANAKSTEEL.NS,2019-12-19 00:00:00+05:30,2020-02-25 00:00:00+05:30,9.949999809,9.449999809,11388.58009,-572.2904676,-5.025125724,Stop Loss,177936.3959,277936.3959
IZMO.NS,2020-02-17 00:00:00+05:30,2020-02-25 00:00:00+05:30,27.35000038,25.14999962,15736.74288,-1265.844455,-8.043878363,Stop Loss,176670.5515,276670.5515
ZENITHSTL.NS,2020-02-18 00:00:00+05:30,2020-02-25 00:00:00+05:30,0.5,0.449999988,13041.35812,-1304.136123,-10.00000238,Stop Loss,175366.4154,275366.4154
JMA.NS,2020-02-25 00:00:00+05:30,2020-02-26 00:00:00+05:30,21.65961838,19.87588692,12341.47001,-1016.355318,-8.235285726,Stop Loss,174350.06,274350.06
KHAITANLTD.NS,2020-02-25 00:00:00+05:30,2020-02-26 00:00:00+05:30,20.20000076,19.20000076,12341.47001,-610.9638389,-4.950494863,Stop Loss,173739.0962,273739.0962
GREENPOWER.NS,2020-02-03 00:00:00+05:30,2020-02-26 00:00:00+05:30,1.841549993,1.749472022,15085.15745,-754.2617295,-5.00002557,Stop Loss,172984.8345,272984.8345
MMP.NS,2020-01-06 00:00:00+05:30,2020-02-26 00:00:00+05:30,101.9337311,94.99253082,12140.73354,-826.7259708,-6.809522405,Stop Loss,172158.1085,272158.1085
AVROIND.NS,2020-02-18 00:00:00+05:30,2020-02-26 00:00:00+05:30,19.48386955,18.35483742,13041.35812,-755.7078107,-5.794701776,Stop Loss,171402.4007,271402.4007
VOLTAMP.NS,2019-12-03 00:00:00+05:30,2020-02-27 00:00:00+05:30,998.873291,1206.808105,11042.28982,2298.666414,20.81693607,UT Sell,173701.0671,273701.0671
MAGADSUGAR.NS,2019-12-04 00:00:00+05:30,2020-02-27 00:00:00+05:30,87.59690857,101.4955521,14940.53656,2370.553877,15.86659132,UT Sell,176071.621,276071.621
20MICRONS.NS,2020-02-20 00:00:00+05:30,2020-02-27 00:00:00+05:30,32.99026108,31.41017532,14099.01833,-675.2798335,-4.789552137,Stop Loss,175396.3411,275396.3411
USHAMART.NS,2020-02-26 00:00:00+05:30,2020-02-27 00:00:00+05:30,25.61937714,24.12931824,12197.23489,-709.408285,-5.816140225,Stop Loss,174686.9329,274686.9329
BROOKS.NS,2020-02-26 00:00:00+05:30,2020-02-27 00:00:00+05:30,25.65388489,23.87098885,12197.23489,-847.6845479,-6.94980916,Stop Loss,173839.2483,273839.2483
JBCHEPHARM.NS,2020-02-26 00:00:00+05:30,2020-02-28 00:00:00+05:30,261.4441223,250.7164001,12197.23489,-500.4837975,-4.103256204,Stop Loss,173338.7645,273338.7645
HINDZINC.NS,2020-02-27 00:00:00+05:30,2020-02-28 00:00:00+05:30,100.7514725,95.14498901,13382.63242,-744.6988663,-5.564666522,Stop Loss,172594.0656,272594.0656
SOUTHBANK.NS,2020-02-27 00:00:00+05:30,2020-02-28 00:00:00+05:30,9.238571167,8.901747704,13382.63242,-487.9092796,-3.645839355,UT Sell,172106.1564,272106.1564
BEPL.NS,2020-02-26 00:00:00+05:30,2020-02-28 00:00:00+05:30,22.52334023,21.20905113,12197.23489,-711.7369194,-5.835231719,Stop Loss,171394.4194,271394.4194
MUTHOOTFIN.NS,2020-02-17 00:00:00+05:30,2020-02-28 00:00:00+05:30,780.0712891,785.739563,15736.74288,114.3487404,0.726635374,UT Sell,171508.7682,271508.7682
ZENTEC.NS,2020-02-25 00:00:00+05:30,2020-02-28 00:00:00+05:30,59.77975845,54.62889099,12341.47001,-1063.391321,-8.616407285,Stop Loss,170445.3769,270445.3769
KIRIINDUS.NS,2020-02-10 00:00:00+05:30,2020-02-28 00:00:00+05:30,400.9270325,381.5950317,17462.20169,-841.9968438,-4.821825212,Stop Loss,169603.38,269603.38
PFC.NS,2020-02-05 00:00:00+05:30,2020-02-28 00:00:00+05:30,62.11161041,59.85989761,15007.9535,-544.0786474,-3.625268745,UT Sell,169059.3014,269059.3014
MOKSH.NS,2020-02-03 00:00:00+05:30,2020-02-28 00:00:00+05:30,5.196917057,6.284180164,15085.15745,3156.012493,20.9213096,UT Sell,172215.3139,272215.3139
INFOBEAN.NS,2020-01-22 00:00:00+05:30,2020-02-28 00:00:00+05:30,19.17804527,28.74508095,15059.131,7512.30073,49.88535348,UT Sell,179727.6146,279727.6146
TANLA.NS,2019-11-14 00:00:00+05:30,2020-02-28 00:00:00+05:30,47.57349014,64.65116119,12077.10169,4335.371849,35.89745255,UT Sell,184062.9864,284062.9864
ABINFRA.NS,2020-02-18 00:00:00+05:30,2020-03-02 00:00:00+05:30,1.034054279,0.996679008,13041.35812,-471.3720623,-3.614439983,UT Sell,183591.6144,283591.6144
ZUARIIND.NS,2020-02-27 00:00:00+05:30,2020-03-02 00:00:00+05:30,44.57081985,41.32761002,13382.63242,-973.7914916,-7.276531707,Stop Loss,182617.8229,282617.8229
PASHUPATI.NS,2020-02-28 00:00:00+05:30,2020-03-03 00:00:00+05:30,6.581805706,6.189800262,14923.021,-888.7994766,-5.955895101,Stop Loss,181729.0234,281729.0234
SHEKHAWATI.NS,2020-03-02 00:00:00+05:30,2020-03-04 00:00:00+05:30,0.400000006,0.349999994,14436.2995,-1804.537841,-12.50000279,Stop Loss,179924.4856,279924.4856
SPIC.NS,2020-03-02 00:00:00+05:30,2020-03-04 00:00:00+05:30,16.00332069,15.29936314,14436.2995,-635.0270879,-4.398821789,Stop Loss,179289.4585,279289.4585
DPABHUSHAN.NS,2020-03-03 00:00:00+05:30,2020-03-04 00:00:00+05:30,65.21380615,63.91948318,14355.8839,-284.9266337,-1.984737656,UT Sell,179004.5319,279004.5319
TALBROAUTO.NS,2020-03-03 00:00:00+05:30,2020-03-04 00:00:00+05:30,21.84826088,20.88394165,14355.8839,-633.6273159,-4.41371162,Stop Loss,178370.9045,278370.9045
TREJHARA.NS,2020-03-03 00:00:00+05:30,2020-03-04 00:00:00+05:30,7.654705524,7.058235168,14355.8839,-1118.639921,-7.792205122,Stop Loss,177252.2646,277252.2646
UNIVASTU.NS,2020-03-03 00:00:00+05:30,2020-03-05 00:00:00+05:30,13.33333302,13,14355.8839,-358.8967639,-2.499997675,UT Sell,176893.3679,276893.3679
AUSOMENT.NS,2020-03-02 00:00:00+05:30,2020-03-05 00:00:00+05:30,35.01597595,33.49147034,14436.2995,-628.5193844,-4.353743038,Stop Loss,176264.8485,276264.8485
BIRLACABLE.NS,2020-03-02 00:00:00+05:30,2020-03-06 00:00:00+05:30,43.37623215,40.72251129,14436.2995,-883.2004801,-6.117914637,Stop Loss,175381.648,275381.648
GLOBAL.NS,2020-03-04 00:00:00+05:30,2020-03-06 00:00:00+05:30,3.589811087,3.35119462,13492.69838,-896.8661397,-6.647048013,Stop Loss,174484.7819,274484.7819
KELLTONTEC.NS,2020-03-04 00:00:00+05:30,2020-03-06 00:00:00+05:30,3.105933189,3.016339064,13492.69838,-389.2120151,-2.884612137,UT Sell,174095.5698,274095.5698
SPCENET.NS,2020-03-04 00:00:00+05:30,2020-03-06 00:00:00+05:30,0.899999976,0.850000024,13492.69838,-749.5936595,-5.555550405,Stop Loss,173345.9762,273345.9762
ASAL.NS,2020-03-05 00:00:00+05:30,2020-03-06 00:00:00+05:30,18.70000076,17.95000076,13902.38363,-557.5822083,-4.010695024,Stop Loss,172788.394,272788.394
GOLDIAM.NS,2019-12-18 00:00:00+05:30,2020-03-09 00:00:00+05:30,25.13105392,22.97894096,11595.49325,-992.9870581,-8.563560316,Stop Loss,171795.4069,271795.4069
SUZLON.NS,2020-02-20 00:00:00+05:30,2020-03-09 00:00:00+05:30,2.249624014,2.020070076,14099.01833,-1438.678267,-10.2041024,Stop Loss,170356.7286,270356.7286
PAR.NS,2020-02-27 00:00:00+05:30,2020-03-09 00:00:00+05:30,18.10343361,19.11993599,13382.63242,751.4308064,5.614970079,UT Sell,171108.1595,271108.1595
ESCORTS.NS,2020-03-02 00:00:00+05:30,2020-03-09 00:00:00+05:30,815.5494995,748.7058716,14436.2995,-1183.220188,-8.19614603,Stop Loss,169924.9393,269924.9393
DBREALTY.NS,2020-03-03 00:00:00+05:30,2020-03-09 00:00:00+05:30,8.300000191,7.800000191,14355.8839,-864.8122635,-6.024096247,Stop Loss,169060.127,269060.127
DCI.NS,2020-03-04 00:00:00+05:30,2020-03-09 00:00:00+05:30,22.75,22.60000038,13492.69838,-88.96262023,-0.659338983,UT Sell,168971.1644,268971.1644
PRICOLLTD.NS,2020-03-05 00:00:00+05:30,2020-03-09 00:00:00+05:30,33.8883667,32.24932098,13902.38363,-672.4030851,-4.836602867,Stop Loss,168298.7613,268298.7613
MAGADSUGAR.NS,2020-03-06 00:00:00+05:30,2020-03-09 00:00:00+05:30,110.2596588,93.74948883,13068.06475,-1956.798822,-14.97389903,Stop Loss,166341.9625,266341.9625
BPCL.NS,2020-03-09 00:00:00+05:30,2020-03-11 00:00:00+05:30,135.9096832,129.6729279,12735.75533,-584.4306939,-4.588896996,Stop Loss,165757.5318,265757.5318
MANAKCOAT.NS,2020-02-27 00:00:00+05:30,2020-03-11 00:00:00+05:30,3.433181047,3.084887505,13382.63242,-1357.657635,-10.1449221,Stop Loss,164399.8741,264399.8741
THOMASCOTT.NS,2020-02-28 00:00:00+05:30,2020-03-12 00:00:00+05:30,4.099999905,4,14923.021,-363.9757833,-2.439022121,UT Sell,164035.8984,264035.8984
SIKKO.NS,2020-02-28 00:00:00+05:30,2020-03-12 00:00:00+05:30,0.441316754,0.398502082,14923.021,-1447.767944,-9.701574128,Stop Loss,162588.1304,262588.1304
DIXON.NS,2020-03-06 00:00:00+05:30,2020-03-12 00:00:00+05:30,883.0935059,800.2675171,13068.06475,-1225.663395,-9.379073475,Stop Loss,161362.467,261362.467
MACPOWER.NS,2020-03-11 00:00:00+05:30,2020-03-12 00:00:00+05:30,49.98054123,47.51535034,12573.85393,-620.1803614,-4.932301305,Stop Loss,160742.2867,260742.2867
AARVI.NS,2020-03-11 00:00:00+05:30,2020-03-12 00:00:00+05:30,19.47240639,18.49878502,12573.85393,-628.6933738,-5.000005387,Stop Loss,160113.5933,260113.5933
CHAMBLFERT.NS,2020-03-11 00:00:00+05:30,2020-03-12 00:00:00+05:30,117.5716324,110.0175247,12573.85393,-807.8840484,-6.425110814,Stop Loss,159305.7092,259305.7092
DBL.NS,2020-03-11 00:00:00+05:30,2020-03-12 00:00:00+05:30,324.8174133,279.0447083,12573.85393,-1771.885632,-14.09182612,Stop Loss,157533.8236,257533.8236
CAPLIPOINT.NS,2020-03-11 00:00:00+05:30,2020-03-12 00:00:00+05:30,311.7553101,274.0588074,12573.85393,-1520.392125,-12.09169546,Stop Loss,156013.4315,256013.4315
CANTABIL.NS,2020-03-11 00:00:00+05:30,2020-03-12 00:00:00+05:30,51.65629959,49.19274902,12573.85393,-599.6620979,-4.769119327,Stop Loss,155413.7694,255413.7694
HISARMETAL.NS,2020-03-11 00:00:00+05:30,2020-03-12 00:00:00+05:30,46.34367371,41.02946854,12573.85393,-1441.837347,-11.46694844,Stop Loss,153971.932,253971.932
SHRADHA.NS,2020-03-11 00:00:00+05:30,2020-03-13 00:00:00+05:30,4.976630688,4.47896719,12573.85393,-1257.386477,-10.00000862,Stop Loss,152714.5456,252714.5456
JYOTISTRUC.NS,2020-03-09 00:00:00+05:30,2020-03-13 00:00:00+05:30,1.649999976,1.549999952,12735.75533,-771.8641548,-6.060607593,Stop Loss,151942.6814,251942.6814
NELCAST.NS,2020-03-13 00:00:00+05:30,2020-03-16 00:00:00+05:30,32.62240601,29.52253342,11975.74423,-1137.968833,-9.502280698,Stop Loss,150804.7126,250804.7126
MAHAPEXLTD.NS,2020-03-13 00:00:00+05:30,2020-03-16 00:00:00+05:30,84.90000153,80.69999695,11975.74423,-592.4402791,-4.947001769,Stop Loss,150212.2723,250212.2723
PONNIERODE.NS,2020-03-13 00:00:00+05:30,2020-03-16 00:00:00+05:30,116.7844238,103.2206192,11975.74423,-1390.910275,-11.6143953,Stop Loss,148821.362,248821.362
EUROTEXIND.NS,2020-03-06 00:00:00+05:30,2020-03-16 00:00:00+05:30,7.349999905,7.400000095,13068.06475,88.89873996,0.680274713,UT Sell,148910.2608,248910.2608
SAIL.NS,2020-03-13 00:00:00+05:30,2020-03-16 00:00:00+05:30,25.08502579,23.13255501,11975.74423,-932.1214526,-7.78341149,Stop Loss,147978.1393,247978.1393
GESHIP.NS,2020-03-13 00:00:00+05:30,2020-03-16 00:00:00+05:30,188.1064453,172.3511353,11975.74423,-1003.057409,-8.375741742,Stop Loss,146975.0819,246975.0819
TATASTEEL.NS,2020-03-13 00:00:00+05:30,2020-03-16 00:00:00+05:30,27.41428566,24.30112076,11975.74423,-1359.964913,-11.35599497,Stop Loss,145615.117,245615.117
SVLL.NS,2020-03-13 00:00:00+05:30,2020-03-17 00:00:00+05:30,56.66666412,56.59999847,11975.74423,-14.08889651,-0.117645269,UT Sell,145601.0281,245601.0281
MBAPL.NS,2020-03-04 00:00:00+05:30,2020-03-17 00:00:00+05:30,17.57862854,16.82772064,13492.69838,-576.3688422,-4.271709231,Stop Loss,145024.6592,245024.6592
ALMONDZ.NS,2020-03-13 00:00:00+05:30,2020-03-17 00:00:00+05:30,2.708333015,2.616666079,11975.74423,-405.3341241,-3.384625759,UT Sell,144619.3251,244619.3251
PANACHE.NS,2020-03-13 00:00:00+05:30,2020-03-17 00:00:00+05:30,50.68229294,49.73635483,11975.74423,-223.5161871,-1.866407488,UT Sell,144395.8089,244395.8089
NAGREEKCAP.NS,2020-03-16 00:00:00+05:30,2020-03-17 00:00:00+05:30,6.650000095,6.199999809,11321.33875,-766.1061055,-6.766921498,Stop Loss,143629.7028,243629.7028
KMSUGAR.NS,2020-03-17 00:00:00+05:30,2020-03-18 00:00:00+05:30,5.858956814,5.561043262,11516.7171,-585.596754,-5.084754177,Stop Loss,143044.1061,243044.1061
REPL.NS,2020-03-16 00:00:00+05:30,2020-03-18 00:00:00+05:30,33.92103195,33.52371216,11321.33875,-132.6077574,-1.171308097,UT Sell,142911.4983,242911.4983
INDIANHUME.NS,2020-03-17 00:00:00+05:30,2020-03-18 00:00:00+05:30,143.0241547,134.6416168,11516.7171,-674.986104,-5.860924584,Stop Loss,142236.5122,242236.5122
BANCOINDIA.NS,2020-03-12 00:00:00+05:30,2020-03-18 00:00:00+05:30,30.112854,28.28820992,12050.31421,-730.1710624,-6.059352888,Stop Loss,141506.3411,241506.3411
IVC.NS,2020-03-13 00:00:00+05:30,2020-03-18 00:00:00+05:30,1.489016652,1.302889466,11975.74423,-1496.968868,-12.50000701,Stop Loss,140009.3723,240009.3723
SARVESHWAR.NS,2020-03-17 00:00:00+05:30,2020-03-18 00:00:00+05:30,0.370000005,0.351666003,11516.7171,-570.6689288,-4.955135423,Stop Loss,139438.7034,239438.7034
SJVN.NS,2020-03-18 00:00:00+05:30,2020-03-19 00:00:00+05:30,16.7917614,15.42499065,10951.0915,-891.367566,-8.139531714,Stop Loss,138547.3358,238547.3358
NIACL.NS,2020-03-18 00:00:00+05:30,2020-03-19 00:00:00+05:30,87.36170959,82.04949951,10951.0915,-665.9038494,-6.080707564,Stop Loss,137881.4319,237881.4319
INDIANCARD.NS,2020-03-18 00:00:00+05:30,2020-03-19 00:00:00+05:30,77.66577148,73.79929352,10951.0915,-545.1842324,-4.978355191,Stop Loss,137336.2477,237336.2477
ONGC.NS,2020-03-18 00:00:00+05:30,2020-03-19 00:00:00+05:30,45.64974594,40.89387131,10951.0915,-1140.904888,-10.41818423,Stop Loss,136195.3428,236195.3428
MANAKCOAT.NS,2020-03-17 00:00:00+05:30,2020-03-19 00:00:00+05:30,2.885862589,2.786349773,11516.7171,-397.1294227,-3.448286688,UT Sell,135798.2134,235798.2134
SOMICONVEY.NS,2020-03-06 00:00:00+05:30,2020-03-19 00:00:00+05:30,12.60000038,11.80000019,13068.06475,-829.7185698,-6.349207671,Stop Loss,134968.4948,234968.4948
KRISHANA.NS,2020-03-18 00:00:00+05:30,2020-03-20 00:00:00+05:30,24.88241386,24.5873661,10951.0915,-129.8545646,-1.185768236,UT Sell,134838.6403,234838.6403
ARCHIDPLY.NS,2020-03-19 00:00:00+05:30,2020-03-20 00:00:00+05:30,16.10000038,15.19999981,10653.15656,-595.518433,-5.590065533,Stop Loss,134243.1218,234243.1218
MGEL.NS,2020-03-17 00:00:00+05:30,2020-03-23 00:00:00+05:30,3.373232126,3.382671595,11516.7171,32.22775158,0.279834533,UT Sell,134275.3496,234275.3496
IVP.NS,2020-03-17 00:00:00+05:30,2020-03-23 00:00:00+05:30,42.85306931,38.68881607,11516.7171,-1119.138658,-9.717514527,Stop Loss,133156.2109,233156.2109
ORICONENT.NS,2020-03-17 00:00:00+05:30,2020-03-23 00:00:00+05:30,10.29996967,8.65973568,11516.7171,-1833.996748,-15.92464877,Stop Loss,131322.2142,231322.2142
NAHARCAP.NS,2020-03-19 00:00:00+05:30,2020-03-23 00:00:00+05:30,53.22322464,47.96839523,10653.15656,-1051.806251,-9.873188711,Stop Loss,130270.4079,230270.4079
ADANIGREEN.NS,2020-03-19 00:00:00+05:30,2020-03-23 00:00:00+05:30,135.6499939,135.25,10653.15656,-31.41317946,-0.294872034,UT Sell,130238.9947,230238.9947
ITC.NS,2020-03-19 00:00:00+05:30,2020-03-23 00:00:00+05:30,117.8664856,112.3682404,10653.15656,-496.9492985,-4.664807991,Stop Loss,129742.0454,229742.0454
DPABHUSHAN.NS,2020-03-20 00:00:00+05:30,2020-03-23 00:00:00+05:30,57.49766541,51.82257462,10439.43753,-1030.385414,-9.870123856,Stop Loss,128711.66,228711.66
GOODLUCK.NS,2020-03-20 00:00:00+05:30,2020-03-23 00:00:00+05:30,24.55342102,22.22424507,10439.43753,-990.3013842,-9.48615652,Stop Loss,127721.3586,227721.3586
ONEPOINT.NS,2019-12-03 00:00:00+05:30,2020-03-24 00:00:00+05:30,1.266666055,2.093333006,11042.28982,7206.553004,65.26321189,UT Sell,134927.9116,234927.9116
MAGNUM.NS,2020-03-06 00:00:00+05:30,2020-03-24 00:00:00+05:30,2.765316963,3.337451935,13068.06475,2703.739556,20.68967063,UT Sell,137631.6512,237631.6512
LAXMICOT.NS,2020-03-18 00:00:00+05:30,2020-03-25 00:00:00+05:30,7.25,7.050000191,10951.0915,-302.0987879,-2.758618059,UT Sell,137329.5524,237329.5524
CGPOWER.NS,2020-03-17 00:00:00+05:30,2020-03-25 00:00:00+05:30,5.581314564,5.186177254,11516.7171,-815.3427951,-7.079645942,Stop Loss,136514.2096,236514.2096
ZENITHSTL.NS,2020-03-19 00:00:00+05:30,2020-03-26 00:00:00+05:30,0.349999994,0.300000012,10653.15656,-1521.87899,-14.28570942,Stop Loss,134992.3306,234992.3306
INDIANCARD.NS,2020-03-25 00:00:00+05:30,2020-03-26 00:00:00+05:30,73.12686157,70.10092926,11400.38241,-471.7389037,-4.137921753,Stop Loss,134520.5917,234520.5917
DCI.NS,2020-03-17 00:00:00+05:30,2020-03-27 00:00:00+05:30,22.64999962,19.5,11516.7171,-1601.662477,-13.90728332,Stop Loss,132918.9293,232918.9293
PAR.NS,2020-03-25 00:00:00+05:30,2020-03-27 00:00:00+05:30,16.19143867,13.86800289,11400.38241,-1635.929763,-14.34977972,Stop Loss,131282.9995,231282.9995
NIBL.NS,2020-02-26 00:00:00+05:30,2020-03-30 00:00:00+05:30,4.400000095,5.599999905,12197.23489,3326.518007,27.27272235,UT Sell,134609.5175,234609.5175
GLOBAL.NS,2020-03-30 00:00:00+05:30,2020-04-03 00:00:00+05:30,2.318595409,2.111653805,15523.7529,-1385.541575,-8.925300368,Stop Loss,133223.9759,233223.9759
ESSENTIA.NS,2020-03-24 00:00:00+05:30,2020-04-07 00:00:00+05:30,0.087659001,0.079690002,11642.11538,-1058.374035,-9.090908318,Stop Loss,132165.6019,232165.6019
KIRIINDUS.NS,2020-03-27 00:00:00+05:30,2020-04-08 00:00:00+05:30,225.2904358,299.7211914,9839.753638,3250.827296,33.03768993,UT Sell,135416.4292,235416.4292
JMA.NS,2020-04-03 00:00:00+05:30,2020-04-08 00:00:00+05:30,15.71384335,14.90691471,14138.21133,-726.0176464,-5.13514496,Stop Loss,134690.4115,234690.4115
INDRAMEDCO.NS,2020-03-25 00:00:00+05:30,2020-04-15 00:00:00+05:30,30.32374382,30.64930534,11400.38241,122.3966898,1.073619159,UT Sell,134812.8082,234812.8082
MUTHOOTFIN.NS,2020-03-25 00:00:00+05:30,2020-04-15 00:00:00+05:30,549.5015869,632.2744141,11400.38241,1717.268713,15.06325534,UT Sell,136530.0769,236530.0769
DPABHUSHAN.NS,2020-04-15 00:00:00+05:30,2020-04-16 00:00:00+05:30,59.73783493,57.74657822,12320.21511,-410.6729192,-3.333325883,UT Sell,136119.404,236119.404
EUROTEXIND.NS,2020-03-19 00:00:00+05:30,2020-04-20 00:00:00+05:30,7.550000191,8.600000381,10653.15656,1481.565051,13.90728694,UT Sell,137600.9691,237600.9691
INDIANB.NS,2020-04-20 00:00:00+05:30,2020-04-21 00:00:00+05:30,47.08687592,44.33249664,12134.72161,-709.8289072,-5.849568949,Stop Loss,136891.1402,236891.1402
HINDZINC.NS,2020-03-25 00:00:00+05:30,2020-04-21 00:00:00+05:30,76.19882965,92.76979828,11400.38241,2479.242531,21.747012,UT Sell,139370.3827,239370.3827
WEBELSOLAR.NS,2020-04-08 00:00:00+05:30,2020-04-21 00:00:00+05:30,1.370000005,1.725000024,13251.38731,3433.753818,25.91241006,UT Sell,142804.1365,242804.1365
TARACHAND.NS,2020-03-24 00:00:00+05:30,2020-04-22 00:00:00+05:30,5.826907158,6.466493607,11642.11538,1277.888771,10.97643109,UT Sell,144082.0253,244082.0253
BSE.NS,2020-04-16 00:00:00+05:30,2020-04-24 00:00:00+05:30,36.53073502,36.23303604,11909.54219,-97.05412435,-0.814927415,UT Sell,143984.9712,243984.9712
TNPETRO.NS,2020-04-24 00:00:00+05:30,2020-04-28 00:00:00+05:30,29.4601059,28.05305481,11812.48807,-564.1790369,-4.776123655,Stop Loss,143420.7921,243420.7921
MAGNUM.NS,2020-04-28 00:00:00+05:30,2020-04-30 00:00:00+05:30,2.812994957,2.765316963,11248.30903,-190.6497581,-1.694919277,UT Sell,143230.1424,243230.1424
UNICHEMLAB.NS,2020-03-25 00:00:00+05:30,2020-05-04 00:00:00+05:30,85.82688141,135.4050903,11400.38241,6585.472194,57.76536221,UT Sell,149815.6146,249815.6146
FORCEMOT.NS,2020-03-26 00:00:00+05:30,2020-05-04 00:00:00+05:30,680.1451416,802.4048462,10029.96054,1802.938722,17.97553156,UT Sell,151618.5533,251618.5533
SPIC.NS,2020-03-26 00:00:00+05:30,2020-05-04 00:00:00+05:30,10.3247242,14.26689148,10029.96054,3829.621161,38.18181684,UT Sell,155448.1744,255448.1744
PGEL.NS,2020-04-08 00:00:00+05:30,2020-05-04 00:00:00+05:30,3.177562714,3.707156658,13251.38731,2208.565214,16.66667167,UT Sell,157656.7397,257656.7397
MUTHOOTFIN.NS,2020-04-22 00:00:00+05:30,2020-05-04 00:00:00+05:30,695.0170898,716.8763428,12920.00415,406.3520778,3.145138911,UT Sell,158063.0917,258063.0917
ASHOKA.NS,2020-04-30 00:00:00+05:30,2020-05-04 00:00:00+05:30,64,59.29999924,11057.65927,-812.0469847,-7.343751192,Stop Loss,157251.0447,257251.0447
IRCON.NS,2020-05-04 00:00:00+05:30,2020-05-05 00:00:00+05:30,36.03180313,34.37283707,13785.04277,-634.6870309,-4.604171649,Stop Loss,156616.3577,256616.3577
ASALCBR.NS,2020-05-04 00:00:00+05:30,2020-05-06 00:00:00+05:30,195.6994324,178.7013397,13785.04277,-1197.343453,-8.685816022,Stop Loss,155419.0143,255419.0143
ARIES.NS,2020-05-06 00:00:00+05:30,2020-05-07 00:00:00+05:30,56.41813278,53.73155594,12587.69931,-599.4140504,-4.761903152,Stop Loss,154819.6002,254819.6002
KRISHANA.NS,2020-04-15 00:00:00+05:30,2020-05-07 00:00:00+05:30,23.84974861,22.8662529,12320.21511,-508.0505851,-4.123715215,Stop Loss,154311.5496,254311.5496
THOMASCOTT.NS,2020-03-27 00:00:00+05:30,2020-05-08 00:00:00+05:30,3.549999952,5.25,9839.753638,4711.994895,47.88732593,UT Sell,159023.5445,259023.5445
GLOBUSSPR.NS,2020-05-04 00:00:00+05:30,2020-05-11 00:00:00+05:30,95.18904114,91.31678772,13785.04277,-560.770214,-4.067961366,Stop Loss,158462.7743,258462.7743
LGBBROSLTD.NS,2020-05-07 00:00:00+05:30,2020-05-12 00:00:00+05:30,185.3110046,176.7588501,11900.2249,-549.1986975,-4.615027887,Stop Loss,157913.5756,257913.5756
LEXUS.NS,2020-04-21 00:00:00+05:30,2020-05-14 00:00:00+05:30,5.300000191,7.599999905,13996.55292,6073.974823,43.39621946,UT Sell,163987.5504,263987.5504
GABRIEL.NS,2020-05-08 00:00:00+05:30,2020-05-14 00:00:00+05:30,73.32577515,69.27045441,14551.74853,-804.7921417,-5.53055284,Stop Loss,163182.7583,263182.7583
BHARATWIRE.NS,2020-04-21 00:00:00+05:30,2020-05-15 00:00:00+05:30,15.85000038,16.45000076,13996.55292,529.8382896,3.785491275,UT Sell,163712.5966,263712.5966
SPCENET.NS,2020-03-17 00:00:00+05:30,2020-05-18 00:00:00+05:30,0.800000012,1.5,11516.7171,10077.12714,87.49999721,UT Sell,173789.7237,273789.7237
SDBL.NS,2020-05-04 00:00:00+05:30,2020-05-18 00:00:00+05:30,15.2559557,14.4499054,13785.04277,-728.3344346,-5.283512332,Stop Loss,173061.3893,273061.3893
MANAKCOAT.NS,2020-05-05 00:00:00+05:30,2020-05-18 00:00:00+05:30,3.433181047,3.731718302,13150.35574,1143.508321,8.695645531,UT Sell,174204.8976,274204.8976
JINDRILL.NS,2020-05-12 00:00:00+05:30,2020-05-18 00:00:00+05:30,51.40328598,48.94379425,11351.0262,-543.1122646,-4.784697482,Stop Loss,173661.7853,273661.7853
SAIL.NS,2020-05-15 00:00:00+05:30,2020-05-18 00:00:00+05:30,24.91524696,23.30233765,14526.39121,-940.378065,-6.473583502,Stop Loss,172721.4073,272721.4073
PATANJALI.NS,2020-01-30 00:00:00+05:30,2020-05-19 00:00:00+05:30,6.397705078,219.2356873,17786.46377,591717.657,3326.786396,UT Sell,764439.0643,864439.0643
SERVOTECH.NS,2020-05-04 00:00:00+05:30,2020-05-19 00:00:00+05:30,1.62339735,1.63294661,13785.04277,81.08733169,0.588226914,UT Sell,764520.1517,864520.1517
MAGNUM.NS,2020-05-14 00:00:00+05:30,2020-05-20 00:00:00+05:30,2.622282982,2.43157196,16908.74207,-1229.723677,-7.272709419,Stop Loss,763290.428,863290.428
JPOLYINVST.NS,2020-04-07 00:00:00+05:30,2020-05-20 00:00:00+05:30,7.800000191,9.050000191,10583.74134,1696.112353,16.02564063,UT Sell,764986.5403,864986.5403
DEVIT.NS,2020-05-18 00:00:00+05:30,2020-05-21 00:00:00+05:30,5.945162296,5.596601963,14667.66874,-859.9542368,-5.862923767,Stop Loss,764126.5861,864126.5861
SUPREMEINF.NS,2020-05-11 00:00:00+05:30,2020-05-22 00:00:00+05:30,7.75,7.599999905,13224.27255,-255.953825,-1.935485102,UT Sell,763870.6323,863870.6323
CUBEXTUB.NS,2020-05-18 00:00:00+05:30,2020-05-22 00:00:00+05:30,11,10.39999962,14667.66874,-800.0551674,-5.454548922,Stop Loss,763070.5771,863070.5771
VIPULLTD.NS,2020-05-18 00:00:00+05:30,2020-05-22 00:00:00+05:30,16.29999924,15.60000038,14667.66874,-629.8988844,-4.294471708,Stop Loss,762440.6782,862440.6782
SOMICONVEY.NS,2020-05-18 00:00:00+05:30,2020-05-26 00:00:00+05:30,12.5,11.75,14667.66874,-880.0601246,-6,Stop Loss,761560.6181,861560.6181
TREJHARA.NS,2020-05-19 00:00:00+05:30,2020-05-26 00:00:00+05:30,5.467647076,5.169411659,311685.1255,-17001.01376,-5.454547674,Stop Loss,744559.6043,844559.6043
AUSOMENT.NS,2020-05-20 00:00:00+05:30,2020-05-26 00:00:00+05:30,23.77275085,22.62936974,13979.43604,-672.3590097,-4.809628998,Stop Loss,743887.2453,843887.2453
JPOLYINVST.NS,2020-05-22 00:00:00+05:30,2020-05-27 00:00:00+05:30,9.199999809,8.550000191,13624.56739,-962.6047596,-7.065213391,Stop Loss,742924.6406,842924.6406
NAGREEKCAP.NS,2020-05-26 00:00:00+05:30,2020-06-01 00:00:00+05:30,5.300000191,5.449999809,107259.5991,3035.641202,2.83018138,UT Sell,745960.2818,845960.2818
REDINGTON.NS,2020-05-07 00:00:00+05:30,2020-06-04 00:00:00+05:30,33.67758179,35.64997482,11900.2249,696.9598012,5.856694368,UT Sell,746657.2416,846657.2416
MACPOWER.NS,2020-05-14 00:00:00+05:30,2020-06-04 00:00:00+05:30,36.73617935,65.35172272,16908.74207,13171.01698,77.89471815,UT Sell,759828.2585,859828.2585
AARVI.NS,2020-05-19 00:00:00+05:30,2020-06-04 00:00:00+05:30,19.47240639,18.94133949,311685.1255,-8500.523682,-2.727279228,UT Sell,751327.7349,851327.7349
REFEX.NS,2020-05-26 00:00:00+05:30,2020-06-04 00:00:00+05:30,9.004832268,10.10785294,107259.5991,13138.45179,12.24920837,UT Sell,764466.1867,864466.1867
GREENPOWER.NS,2020-05-18 00:00:00+05:30,2020-06-18 00:00:00+05:30,1.933627009,2.854402065,14667.66874,6984.60636,47.61906259,UT Sell,771450.793,871450.793
RAMKY.NS,2020-06-18 00:00:00+05:30,2020-06-23 00:00:00+05:30,39.20000076,37.20000076,21652.2751,-1104.707892,-5.102040717,Stop Loss,770346.0851,870346.0851
CANBK.NS,2020-05-27 00:00:00+05:30,2020-06-24 00:00:00+05:30,14.62682438,19.14688873,12661.96263,3912.871615,30.90256803,UT Sell,774258.9567,874258.9567
KOTHARIPET.NS,2020-05-22 00:00:00+05:30,2020-06-29 00:00:00+05:30,13.4516716,17.12910843,13624.56739,3724.703321,27.33814011,UT Sell,777983.6601,877983.6601
SPAL.NS,2020-06-04 00:00:00+05:30,2020-06-29 00:00:00+05:30,67.78385162,77.38286591,116564.8991,16507.00137,14.16121104,UT Sell,794490.6614,894490.6614
KOHINOOR.NS,2020-03-25 00:00:00+05:30,2020-07-01 00:00:00+05:30,5.150000095,13.69999981,11400.38241,18926.84749,166.0194088,UT Sell,813417.5089,913417.5089
ONWARDTEC.NS,2020-06-29 00:00:00+05:30,2020-07-01 00:00:00+05:30,59.23147583,54.89858627,75210.58559,-5501.790329,-7.315180816,Stop Loss,807915.7186,907915.7186
AVG.NS,2020-04-21 00:00:00+05:30,2020-07-02 00:00:00+05:30,23.96983337,48.28561783,13996.55292,14198.56195,101.443277,UT Sell,822114.2805,922114.2805
BLS.NS,2020-05-21 00:00:00+05:30,2020-07-02 00:00:00+05:30,7.004574299,14.70110607,13807.71451,15171.73048,109.8786514,UT Sell,837286.011,937286.011
RAMKY.NS,2020-07-02 00:00:00+05:30,2020-07-06 00:00:00+05:30,36.84999847,34.84999847,28587.27993,-1551.5485,-5.427408637,Stop Loss,835734.4625,935734.4625
LINCOLN.NS,2020-03-25 00:00:00+05:30,2020-07-08 00:00:00+05:30,98.385849,160.0121307,11400.38241,7140.896639,62.63734304,UT Sell,842875.3591,942875.3591
NEXTMEDIA.NS,2020-06-04 00:00:00+05:30,2020-07-08 00:00:00+05:30,3.549999952,5.849999905,116564.8991,75520.92,64.78873192,UT Sell,918396.2791,1018396.279
PFC.NS,2020-07-06 00:00:00+05:30,2020-07-10 00:00:00+05:30,47.9644928,45.72212601,27035.73143,-1263.935524,-4.675055776,Stop Loss,917132.3436,1017132.344
VSSL.NS,2020-06-04 00:00:00+05:30,2020-07-13 00:00:00+05:30,25.19101715,28.29218483,116564.8991,14349.84921,12.31060922,UT Sell,931482.1928,1031482.193
CANBK.NS,2020-07-01 00:00:00+05:30,2020-07-14 00:00:00+05:30,18.44746208,17.643116,50018.01258,-2180.884959,-4.360199148,Stop Loss,929301.3079,1029301.308
AJANTPHARM.NS,2020-07-08 00:00:00+05:30,2020-07-14 00:00:00+05:30,892.7811279,847.8148804,105313.5491,-5304.273322,-5.03664853,Stop Loss,923997.0346,1023997.035
SARVESHWAR.NS,2020-07-10 00:00:00+05:30,2020-07-15 00:00:00+05:30,0.436666012,0.419999987,25771.7959,-983.6199321,-3.816652653,UT Sell,923013.4146,1023013.415
SAMPANN.NS,2020-06-04 00:00:00+05:30,2020-07-15 00:00:00+05:30,2.950000048,2.75,116564.8991,-7902.706781,-6.779662524,Stop Loss,915110.7078,1015110.708
TFCILTD.NS,2020-06-29 00:00:00+05:30,2020-07-16 00:00:00+05:30,6.852182865,6.575139999,75210.58559,-3040.863996,-4.043132987,Stop Loss,912069.8438,1012069.844
CHENNPETRO.NS,2020-07-02 00:00:00+05:30,2020-07-16 00:00:00+05:30,70.10772705,67.05387878,28587.27993,-1245.24384,-4.355936778,Stop Loss,910824.6,1010824.6
NAGREEKCAP.NS,2020-07-13 00:00:00+05:30,2020-07-17 00:00:00+05:30,5.5,5.300000191,130914.7483,-4760.531762,-3.636360168,UT Sell,906064.0682,1006064.068
SHRADHA.NS,2020-07-01 00:00:00+05:30,2020-07-20 00:00:00+05:30,4.285431862,4.31307888,50018.01258,322.6860117,0.645139611,UT Sell,906386.7543,1006386.754
LAGNAM.NS,2020-06-24 00:00:00+05:30,2020-07-22 00:00:00+05:30,7.402550697,9.241093636,16574.83424,4116.627592,24.83661394,UT Sell,910503.3818,1010503.382
THOMASCOTT.NS,2020-07-15 00:00:00+05:30,2020-07-22 00:00:00+05:30,6.5,6,66725.18415,-5132.706473,-7.692307692,Stop Loss,905370.6754,1005370.675
ADROITINFO.NS,2020-07-14 00:00:00+05:30,2020-07-23 00:00:00+05:30,6.703225136,6.385704041,73923.20169,-3501.624291,-4.736840683,Stop Loss,901869.0511,1001869.051
OFSS.NS,2020-07-16 00:00:00+05:30,2020-07-24 00:00:00+05:30,2450.597656,2337.821777,49755.87884,-2289.75285,-4.601974486,Stop Loss,899579.2982,999579.2982
BSE.NS,2020-07-17 00:00:00+05:30,2020-07-24 00:00:00+05:30,51.1379776,51.4664917,126154.2166,810.4238913,0.642407296,UT Sell,900389.7221,1000389.722
JPOLYINVST.NS,2020-07-23 00:00:00+05:30,2020-07-27 00:00:00+05:30,14.75,14.05000019,70421.5774,-3342.040051,-4.745761419,Stop Loss,897047.6821,997047.6821
INDOTECH.NS,2020-07-22 00:00:00+05:30,2020-07-27 00:00:00+05:30,97.59999847,93.44999695,41141.96976,-1749.377458,-4.25205081,Stop Loss,895298.3046,995298.3046
REDINGTON.NS,2020-06-23 00:00:00+05:30,2020-07-27 00:00:00+05:30,35.52407455,38.20988846,20547.56721,1553.508217,7.560545736,UT Sell,896851.8128,996851.8128
TORNTPHARM.NS,2020-07-14 00:00:00+05:30,2020-07-27 00:00:00+05:30,1127.84436,1071.040161,73923.20169,-3723.162897,-5.036528196,Stop Loss,893128.6499,993128.6499
INDOTHAI.NS,2020-05-20 00:00:00+05:30,2020-07-27 00:00:00+05:30,1.483536839,1.708019137,13979.43604,2115.307044,15.13156208,UT Sell,895243.957,995243.957
INDSWFTLAB.NS,2020-03-17 00:00:00+05:30,2020-07-27 00:00:00+05:30,18.20000076,34.25,11516.7171,10156.22489,88.1868053,UT Sell,905400.1819,1005400.182
MSPL.NS,2020-05-26 00:00:00+05:30,2020-07-27 00:00:00+05:30,3.799999952,6.449999809,107259.5991,74799.45418,69.73683922,UT Sell,980199.636,1080199.636
BBTCL.NS,2020-03-24 00:00:00+05:30,2020-07-29 00:00:00+05:30,32.90526962,28.48515701,11642.11538,-1563.866869,-13.43284118,Stop Loss,978635.7692,1078635.769
KALYANIFRG.NS,2020-07-27 00:00:00+05:30,2020-07-29 00:00:00+05:30,128.9536743,125.5212631,59799.99746,-1591.720296,-2.661739739,UT Sell,977044.0489,1077044.049
DBREALTY.NS,2020-05-04 00:00:00+05:30,2020-07-30 00:00:00+05:30,4.400000095,6.75,13785.04277,7362.465565,53.40908758,UT Sell,984406.5144,1084406.514
TREJHARA.NS,2020-07-24 00:00:00+05:30,2020-07-30 00:00:00+05:30,9.046470642,8.947058678,87215.38322,-958.4127243,-1.0989033,UT Sell,983448.1017,1083448.102
DYNPRO.NS,2020-07-27 00:00:00+05:30,2020-07-30 00:00:00+05:30,213.3413239,199.5565033,59799.99746,-3863.912623,-6.461392621,Stop Loss,979584.1891,1079584.189
EDELWEISS.NS,2020-07-15 00:00:00+05:30,2020-07-31 00:00:00+05:30,27.52989578,35.78886414,66725.18415,20017.55432,29.99999861,UT Sell,999601.7434,1099601.743
KRISHANA.NS,2020-07-16 00:00:00+05:30,2020-07-31 00:00:00+05:30,21.88275719,23.60387421,49755.87884,3913.386653,7.865174415,UT Sell,1003515.13,1103515.13
SOUTHBANK.NS,2020-07-29 00:00:00+05:30,2020-08-03 00:00:00+05:30,6.784575462,6.495870113,34143.26284,-1452.904853,-4.255319298,Stop Loss,1002062.225,1102062.225
UNITEDTEA.NS,2020-07-27 00:00:00+05:30,2020-08-03 00:00:00+05:30,310.1946716,284.0064697,59799.99746,-5048.618015,-8.4425054,Stop Loss,997013.6072,1097013.607
DECCANCE.NS,2020-07-27 00:00:00+05:30,2020-08-03 00:00:00+05:30,254.1148682,242.3079834,59799.99746,-2778.474491,-4.646278611,Stop Loss,994235.1327,1094235.133
SARVESHWAR.NS,2020-07-30 00:00:00+05:30,2020-08-03 00:00:00+05:30,0.383332998,0.358332992,54446.85456,-3550.885776,-6.521746398,Stop Loss,990684.2469,1090684.247
MANAKCOAT.NS,2020-08-03 00:00:00+05:30,2020-08-05 00:00:00+05:30,4.080011845,3.880987406,48839.8073,-2382.42329,-4.878035811,Stop Loss,988301.8236,1088301.824
NAGREEKCAP.NS,2020-08-05 00:00:00+05:30,2020-08-07 00:00:00+05:30,5,4.849999905,46457.38401,-1393.722406,-3.000001907,UT Sell,986908.1012,1086908.101
LAGNAM.NS,2020-08-03 00:00:00+05:30,2020-08-07 00:00:00+05:30,8.418587685,8.273439407,48839.8073,-842.0668831,-1.72414047,UT Sell,986066.0344,1086066.034
ABINFRA.NS,2020-07-31 00:00:00+05:30,2020-08-14 00:00:00+05:30,0.784884274,0.751661956,70206.00198,-2971.656051,-4.232766383,Stop Loss,983094.3783,1083094.378
SHAHALLOYS.NS,2020-08-03 00:00:00+05:30,2020-08-20 00:00:00+05:30,7.199999809,6.75,48839.8073,-3052.486743,-6.249997516,Stop Loss,980041.8916,1080041.892
INDSWFTLAB.NS,2020-08-03 00:00:00+05:30,2020-08-20 00:00:00+05:30,35.79999924,37.59999847,48839.8073,2455.631781,5.027930937,UT Sell,982497.5233,1082497.523
PERSISTENT.NS,2020-07-24 00:00:00+05:30,2020-08-28 00:00:00+05:30,368.8756104,486.9876099,87215.38322,27925.89971,32.01946569,UT Sell,1010423.423,1110423.423
DEVIT.NS,2020-08-20 00:00:00+05:30,2020-08-28 00:00:00+05:30,10.65318203,10.50590229,48541.37981,-671.0822877,-1.382495286,UT Sell,1009752.341,1109752.341
KIRIINDUS.NS,2020-05-22 00:00:00+05:30,2020-08-31 00:00:00+05:30,313.6582336,543.2446899,13624.56739,9972.68941,73.1963748,UT Sell,1019725.03,1119725.03
PTL.NS,2020-07-08 00:00:00+05:30,2020-08-31 00:00:00+05:30,13.15612602,16.08372498,105313.5491,23435.15375,22.25274331,UT Sell,1043160.184,1143160.184
KOHINOOR.NS,2020-07-22 00:00:00+05:30,2020-08-31 00:00:00+05:30,10.10000038,11.35000038,41141.96976,5091.827748,12.37623716,UT Sell,1048252.012,1148252.012
ERIS.NS,2020-07-27 00:00:00+05:30,2020-08-31 00:00:00+05:30,410.1197815,470.0616455,59799.99746,8740.18635,14.61569686,UT Sell,1056992.198,1156992.198
PFC.NS,2020-07-29 00:00:00+05:30,2020-08-31 00:00:00+05:30,45.77682877,51.43741989,34143.26284,4222.027952,12.36562531,UT Sell,1061214.226,1161214.226
CIGNITITEC.NS,2020-07-31 00:00:00+05:30,2020-08-31 00:00:00+05:30,264.0891724,289.121582,70206.00198,6654.66663,9.478771675,UT Sell,1067868.893,1167868.893
KOTHARIPET.NS,2020-08-20 00:00:00+05:30,2020-08-31 00:00:00+05:30,15.53232574,14.90328979,48541.37981,-1965.853244,-4.049850358,Stop Loss,1065903.039,1165903.039
PAR.NS,2020-08-28 00:00:00+05:30,2020-08-31 00:00:00+05:30,24.80854607,23.34337616,81505.79023,-4813.656985,-5.905907999,Stop Loss,1061089.382,1161089.382
PRECWIRE.NS,2020-08-28 00:00:00+05:30,2020-08-31 00:00:00+05:30,17.04543114,15.4495554,81505.79023,-7630.96646,-9.362483866,Stop Loss,1053458.416,1153458.416
GRAVITA.NS,2020-08-07 00:00:00+05:30,2020-09-01 00:00:00+05:30,49.96173477,47.74549484,46530.70101,-2064.043572,-4.435874654,Stop Loss,1051394.372,1151394.372
NEXTMEDIA.NS,2020-08-07 00:00:00+05:30,2020-09-01 00:00:00+05:30,4.900000095,5.849999905,46530.70101,9021.256371,19.38775083,UT Sell,1060415.629,1160415.629
VARDHACRLC.NS,2020-09-01 00:00:00+05:30,2020-09-02 00:00:00+05:30,20.21483421,18.95870972,60793.02551,-3777.602515,-6.213874837,Stop Loss,1056638.026,1156638.026
JSWSTEEL.NS,2020-09-01 00:00:00+05:30,2020-09-04 00:00:00+05:30,271.4907837,267.2783203,60793.02551,-943.2673558,-1.55160456,UT Sell,1055694.759,1155694.759
ANANTRAJ.NS,2020-09-02 00:00:00+05:30,2020-09-04 00:00:00+05:30,13.49863625,12.85485649,60037.50501,-2863.321119,-4.769220704,Stop Loss,1052831.438,1152831.438
WEWIN.NS,2020-03-23 00:00:00+05:30,2020-09-07 00:00:00+05:30,19.60000038,19,10108.34161,-309.4392195,-3.061226376,UT Sell,1052521.999,1152521.999
NAGREEKCAP.NS,2020-08-31 00:00:00+05:30,2020-09-07 00:00:00+05:30,5.699999809,5.5,64387.59821,-2259.211893,-3.508768701,UT Sell,1050262.787,1150262.787
ZENITHSTL.NS,2020-09-01 00:00:00+05:30,2020-09-07 00:00:00+05:30,1.100000024,1.100000024,60793.02551,7.28E-12,0,UT Sell,1050262.787,1150262.787
BSE.NS,2020-09-02 00:00:00+05:30,2020-09-08 00:00:00+05:30,56.44829559,53.6417923,60037.50501,-2984.952051,-4.971812287,Stop Loss,1047277.835,1147277.835
DPABHUSHAN.NS,2020-09-02 00:00:00+05:30,2020-09-10 00:00:00+05:30,90.50282288,84.6783905,60037.50501,-3863.795367,-6.435636136,Stop Loss,1043414.039,1143414.039
ASAL.NS,2020-09-02 00:00:00+05:30,2020-09-11 00:00:00+05:30,21.89999962,21.64999962,60037.50501,-685.3596582,-1.141552531,UT Sell,1042728.68,1142728.68
RMDRIP.NS,2020-08-14 00:00:00+05:30,2020-09-14 00:00:00+05:30,2.445447206,3.095428228,67234.34593,17870.37101,26.57922936,UT Sell,1060599.051,1160599.051
BLS.NS,2020-07-20 00:00:00+05:30,2020-09-15 00:00:00+05:30,16.26711845,25.37949753,50340.69859,28199.43371,56.01716801,UT Sell,1088798.484,1188798.484
TIPSMUSIC.NS,2020-09-02 00:00:00+05:30,2020-09-15 00:00:00+05:30,19.37285423,22.34920311,60037.50501,9223.863374,15.36350215,UT Sell,1098022.348,1198022.348
DEVIT.NS,2020-09-07 00:00:00+05:30,2020-09-15 00:00:00+05:30,10.60408974,10.60408974,44240.10474,0,0,UT Sell,1098022.348,1198022.348
LAGNAM.NS,2020-09-04 00:00:00+05:30,2020-09-16 00:00:00+05:30,8.46696949,8.418587685,58511.97102,-334.3480569,-0.571418209,UT Sell,1097688,1197688
SARVESHWAR.NS,2020-09-10 00:00:00+05:30,2020-09-17 00:00:00+05:30,0.373333007,0.360000014,56173.70964,-2006.154429,-3.571340476,UT Sell,1095681.845,1195681.845
TCS.NS,2020-07-27 00:00:00+05:30,2020-09-17 00:00:00+05:30,1928.042236,2150.088623,59799.99746,6886.972242,11.51667648,UT Sell,1102568.817,1202568.817
IRISDOREME.NS,2020-08-31 00:00:00+05:30,2020-09-17 00:00:00+05:30,6.37681818,6.565255165,64387.59821,1902.6738,2.955031486,UT Sell,1104471.491,1204471.491
TIMETECHNO.NS,2020-09-15 00:00:00+05:30,2020-09-18 00:00:00+05:30,19.61730576,18.67642784,64013.86847,-3070.209325,-4.796162766,Stop Loss,1101401.282,1201401.282
WEBELSOLAR.NS,2020-06-01 00:00:00+05:30,2020-09-21 00:00:00+05:30,1.5,1.985000014,110295.2403,35662.12875,32.33333429,UT Sell,1137063.411,1237063.411
GENUSPOWER.NS,2020-09-04 00:00:00+05:30,2020-09-21 00:00:00+05:30,25.77576447,26.35115242,58511.97102,1306.15266,2.232282792,UT Sell,1138369.563,1238369.563
ASHOKA.NS,2020-09-08 00:00:00+05:30,2020-09-21 00:00:00+05:30,71.25,67.94999695,57052.55296,-2642.436475,-4.631583231,Stop Loss,1135727.127,1235727.127
NITCO.NS,2020-09-11 00:00:00+05:30,2020-09-21 00:00:00+05:30,19,17.85000038,59352.14535,-3592.365501,-6.052629571,Stop Loss,1132134.761,1232134.761
GABRIEL.NS,2020-09-14 00:00:00+05:30,2020-09-21 00:00:00+05:30,104.0434647,100.8055038,85104.71694,-2648.563651,-3.112123213,UT Sell,1129486.198,1229486.198
PFC.NS,2020-09-16 00:00:00+05:30,2020-09-21 00:00:00+05:30,51.82025909,48.40202713,58177.62297,-3837.584256,-6.596323569,Stop Loss,1125648.613,1225648.613
INDRAMEDCO.NS,2020-09-17 00:00:00+05:30,2020-09-21 00:00:00+05:30,47.29945755,43.95082092,62381.59898,-4416.399638,-7.079651228,Stop Loss,1121232.214,1221232.214
DALMIASUG.NS,2020-09-17 00:00:00+05:30,2020-09-21 00:00:00+05:30,125.9647675,119.7849884,62381.59898,-3060.415277,-4.90595837,Stop Loss,1118171.798,1218171.798
JAYNECOIND.NS,2020-09-01 00:00:00+05:30,2020-09-22 00:00:00+05:30,3.200000048,3.049999952,60793.02551,-2849.67484,-4.68750291,Stop Loss,1115322.124,1215322.124
DPABHUSHAN.NS,2020-09-15 00:00:00+05:30,2020-09-22 00:00:00+05:30,89.55696869,87.61549377,64013.86847,-1387.734775,-2.167865821,UT Sell,1113934.389,1213934.389
BAJAJHLDNG.NS,2020-09-18 00:00:00+05:30,2020-09-22 00:00:00+05:30,2381.862305,2213.175781,60943.65915,-4316.107597,-7.082127422,Stop Loss,1109618.281,1209618.281
GOCLCORP.NS,2020-09-21 00:00:00+05:30,2020-09-23 00:00:00+05:30,182.1003418,170.5892792,71253.49552,-4504.129102,-6.321274583,Stop Loss,1105114.152,1205114.152
FMNL.NS,2020-07-28 00:00:00+05:30,2020-09-23 00:00:00+05:30,21.54999924,19.85000038,59799.99746,-4717.398183,-7.888626059,Stop Loss,1100396.754,1200396.754
PAR.NS,2020-09-07 00:00:00+05:30,2020-09-24 00:00:00+05:30,24.13804245,23.49237633,44240.10474,-1183.374209,-2.674890161,UT Sell,1099213.38,1199213.38
LAGNAM.NS,2020-09-21 00:00:00+05:30,2020-09-24 00:00:00+05:30,8.515354156,8.128292084,71253.49552,-3238.799603,-4.545460654,Stop Loss,1095974.58,1195974.58
IRISDOREME.NS,2020-09-22 00:00:00+05:30,2020-09-24 00:00:00+05:30,6.614412785,6.554330826,66030.14543,-599.7842294,-0.908349097,UT Sell,1095374.796,1195374.796
TCS.NS,2020-09-22 00:00:00+05:30,2020-09-24 00:00:00+05:30,2204.256348,2037.645264,66030.14543,-4990.959476,-7.558607426,Stop Loss,1090383.836,1190383.836
INDIANCARD.NS,2020-09-23 00:00:00+05:30,2020-09-24 00:00:00+05:30,84.60021973,80.35549164,63473.06414,-3184.695017,-5.017396057,Stop Loss,1087199.141,1187199.141
INDNIPPON.NS,2020-09-23 00:00:00+05:30,2020-09-24 00:00:00+05:30,314.328949,297.9229431,63473.06414,-3312.897096,-5.219374771,Stop Loss,1083886.244,1183886.244
HUHTAMAKI.NS,2020-09-23 00:00:00+05:30,2020-09-24 00:00:00+05:30,277.8392334,265.8420715,63473.06414,-2740.781477,-4.318022951,Stop Loss,1081145.463,1181145.463
CENTRALBK.NS,2020-09-22 00:00:00+05:30,2020-09-25 00:00:00+05:30,16.89833641,15.86974239,66030.14543,-4019.224785,-6.086954313,Stop Loss,1077126.238,1177126.238
UNIVASTU.NS,2020-09-22 00:00:00+05:30,2020-09-25 00:00:00+05:30,11.36666584,10.64999962,66030.14543,-4163.188705,-6.30498188,Stop Loss,1072963.049,1172963.049
THOMASCOTT.NS,2020-09-23 00:00:00+05:30,2020-09-25 00:00:00+05:30,4.550000191,4.400000095,63473.06414,-2092.519841,-3.296705254,UT Sell,1070870.53,1170870.53
DPABHUSHAN.NS,2020-09-25 00:00:00+05:30,2020-10-01 00:00:00+05:30,90.60238647,88.90982056,60978.6439,-1139.157349,-1.868125095,UT Sell,1069731.372,1169731.372
TEMBO.NS,2020-09-15 00:00:00+05:30,2020-10-06 00:00:00+05:30,76.30750275,76.30750275,64013.86847,0,0,UT Sell,1069731.372,1169731.372
SHAHALLOYS.NS,2020-10-06 00:00:00+05:30,2020-10-08 00:00:00+05:30,7.25,6.800000191,64013.86847,-3973.272911,-6.206893921,Stop Loss,1065758.099,1165758.099
AJOONI.NS,2020-09-24 00:00:00+05:30,2020-10-08 00:00:00+05:30,4.359171867,4.688034058,59817.39892,4512.710538,7.54414371,UT Sell,1070270.81,1170270.81
DEVIT.NS,2020-09-17 00:00:00+05:30,2020-10-08 00:00:00+05:30,10.80045986,12.37143803,62381.59898,9073.699743,14.54547477,UT Sell,1079344.51,1179344.51
ADVENZYMES.NS,2020-09-24 00:00:00+05:30,2020-10-08 00:00:00+05:30,258.627533,331.5470886,59817.39892,16865.40524,28.19481547,UT Sell,1096209.915,1196209.915
GABRIEL.NS,2020-09-25 00:00:00+05:30,2020-10-09 00:00:00+05:30,100.4721756,96.32949066,60978.6439,-2514.281273,-4.123216116,Stop Loss,1093695.634,1193695.634
ANANTRAJ.NS,2020-09-25 00:00:00+05:30,2020-10-09 00:00:00+05:30,12.48104763,21.0292778,60978.6439,41764.08095,68.48968472,UT Sell,1135459.714,1235459.714
CIEINDIA.NS,2020-09-22 00:00:00+05:30,2020-10-15 00:00:00+05:30,126.398613,123.9089279,66030.14543,-1300.601823,-1.969709161,UT Sell,1134159.113,1234159.113
BANKBARODA.NS,2020-10-08 00:00:00+05:30,2020-10-15 00:00:00+05:30,37.76556778,35.77090836,68127.20197,-3598.266183,-5.2816879,Stop Loss,1130560.846,1230560.846
MANAKCOAT.NS,2020-09-24 00:00:00+05:30,2020-10-16 00:00:00+05:30,4.080011845,3.980499506,59817.39892,-1458.958818,-2.439020827,UT Sell,1129101.888,1229101.888
NITCO.NS,2020-10-08 00:00:00+05:30,2020-10-16 00:00:00+05:30,17.95000076,17.10000038,68127.20197,-3226.080513,-4.735377968,Stop Loss,1125875.807,1225875.807
AARON.NS,2020-10-15 00:00:00+05:30,2020-10-16 00:00:00+05:30,14.28585911,13.59619617,64629.2397,-3120.035742,-4.827591593,Stop Loss,1122755.771,1222755.771
LEXUS.NS,2020-10-15 00:00:00+05:30,2020-10-20 00:00:00+05:30,8.25,7.849999905,64629.2397,-3133.539641,-4.848486004,Stop Loss,1119622.232,1219622.232
GESHIP.NS,2020-10-16 00:00:00+05:30,2020-10-20 00:00:00+05:30,194.5728302,185.1359711,61589.5885,-2987.119373,-4.850039505,Stop Loss,1116635.112,1216635.112
TERASOFT.NS,2020-10-08 00:00:00+05:30,2020-10-22 00:00:00+05:30,28.0841217,26.73727989,68127.20197,-3267.204334,-4.79574126,Stop Loss,1113367.908,1213367.908
SARVESHWAR.NS,2020-10-09 00:00:00+05:30,2020-10-26 00:00:00+05:30,0.335000008,0.443333,80603.54374,26065.73973,32.33820564,UT Sell,1139433.648,1239433.648
KAMDHENU.NS,2020-10-09 00:00:00+05:30,2020-10-28 00:00:00+05:30,3.525310755,3.887145996,80603.54374,8273.087035,10.2639247,UT Sell,1147706.735,1247706.735
BANCOINDIA.NS,2020-09-25 00:00:00+05:30,2020-10-28 00:00:00+05:30,34.4670105,36.2633934,60978.6439,3178.140251,5.211890669,UT Sell,1150884.875,1250884.875
INDIANB.NS,2020-10-01 00:00:00+05:30,2020-10-29 00:00:00+05:30,50.01614761,50.8468399,59839.48655,993.8430399,1.660848208,UT Sell,1151878.718,1251878.718
SRHHYPOLTD.NS,2020-10-26 00:00:00+05:30,2020-10-29 00:00:00+05:30,173.7084808,165.7472076,106669.2835,-4888.784376,-4.583122917,Stop Loss,1146989.934,1246989.934
SHAHALLOYS.NS,2020-10-20 00:00:00+05:30,2020-10-30 00:00:00+05:30,6.849999905,6.5,60049.08459,-3068.200609,-5.10948773,Stop Loss,1143921.733,1243921.733
ONWARDTEC.NS,2020-09-07 00:00:00+05:30,2020-11-04 00:00:00+05:30,59.75845718,57.35112381,44240.10474,-1782.185914,-4.028439634,Stop Loss,1142139.547,1242139.547
MAGNUM.NS,2020-09-24 00:00:00+05:30,2020-11-04 00:00:00+05:30,4.100297928,3.909585953,59817.39892,-2782.211072,-4.651173609,Stop Loss,1139357.336,1239357.336
NAGREEKCAP.NS,2020-10-28 00:00:00+05:30,2020-11-04 00:00:00+05:30,4.949999809,5.150000095,76516.70746,3091.588681,4.040409976,UT Sell,1142448.925,1242448.925
SUPREMEINF.NS,2020-11-04 00:00:00+05:30,2020-11-06 00:00:00+05:30,8.5,8.399999619,59700.4676,-702.3611217,-1.176475076,UT Sell,1141746.564,1241746.564
ARROWGREEN.NS,2020-11-04 00:00:00+05:30,2020-11-09 00:00:00+05:30,46.04006577,44.16289902,59700.4676,-2434.134938,-4.077246018,Stop Loss,1139312.429,1239312.429
SPECTRUM.NS,2020-09-21 00:00:00+05:30,2020-11-17 00:00:00+05:30,58.7946701,63.69422913,71253.49552,5937.795146,8.33333874,UT Sell,1145250.224,1245250.224
JSWENERGY.NS,2020-10-08 00:00:00+05:30,2020-11-17 00:00:00+05:30,55.13840103,59.84238434,68127.20197,5812.087671,8.531229087,UT Sell,1151062.312,1251062.312
INDIANHUME.NS,2020-11-04 00:00:00+05:30,2020-11-17 00:00:00+05:30,154.3264923,153.4646149,59700.4676,-333.4131781,-0.558476661,UT Sell,1150728.898,1250728.898
MBAPL.NS,2020-10-29 00:00:00+05:30,2020-11-25 00:00:00+05:30,14.89905167,17.11964035,81306.91434,12118.16819,14.90422836,UT Sell,1162847.067,1262847.067
VGL.NS,2020-11-25 00:00:00+05:30,2020-12-01 00:00:00+05:30,6,5.599999905,93425.08253,-6228.34032,-6.666668256,Stop Loss,1156618.726,1256618.726
NAGREEKCAP.NS,2020-12-01 00:00:00+05:30,2020-12-02 00:00:00+05:30,5.650000095,5.400000095,87196.74221,-3858.262864,-4.424778686,Stop Loss,1152760.463,1252760.463
REFEX.NS,2020-09-25 00:00:00+05:30,2020-12-07 00:00:00+05:30,9.080906868,21.80399513,60978.6439,85436.03407,140.1081241,UT Sell,1238196.497,1338196.497
MAGADSUGAR.NS,2020-11-17 00:00:00+05:30,2020-12-08 00:00:00+05:30,92.76422882,99.94921875,70165.87824,5434.650134,7.745431639,UT Sell,1243631.148,1343631.148
SARVESHWAR.NS,2020-12-02 00:00:00+05:30,2020-12-09 00:00:00+05:30,0.435000002,0.435000002,83338.47934,0,0,UT Sell,1243631.148,1343631.148
MRPL.NS,2020-12-08 00:00:00+05:30,2020-12-10 00:00:00+05:30,34.42263794,33.02451706,75600.52838,-3070.615258,-4.061632007,Stop Loss,1240560.532,1340560.532
V2RETAIL.NS,2020-12-10 00:00:00+05:30,2020-12-14 00:00:00+05:30,10.19999981,9.734999657,72529.91312,-3306.511892,-4.558825111,Stop Loss,1237254.02,1337254.02
BAFNAPH.NS,2020-03-02 00:00:00+05:30,2020-12-18 00:00:00+05:30,4.599999905,211.3500061,14436.2995,648848.9289,4494.565445,UT Sell,1886102.949,1986102.949
INDOTECH.NS,2020-11-06 00:00:00+05:30,2020-12-18 00:00:00+05:30,88.94999695,110.1500015,58998.10648,14061.38472,23.83362035,UT Sell,1900164.334,2000164.334
INDSWFTLAB.NS,2020-11-17 00:00:00+05:30,2020-12-21 00:00:00+05:30,56.5,58.20000076,70165.87824,2111.186665,3.008850908,UT Sell,1902275.521,2002275.521
WILLAMAGOR.NS,2020-11-09 00:00:00+05:30,2020-12-21 00:00:00+05:30,15.89999962,18.75,57266.33267,10264.72163,17.92453113,UT Sell,1912540.242,2012540.242
PFC.NS,2020-10-30 00:00:00+05:30,2020-12-21 00:00:00+05:30,47.63634109,60.27010727,56980.88398,15112.05832,26.52127742,UT Sell,1927652.301,2027652.301
FMNL.NS,2020-12-09 00:00:00+05:30,2020-12-21 00:00:00+05:30,18.54999924,17.35000038,83338.47934,-5391.163555,-6.468996792,Stop Loss,1922261.137,2022261.137
TALBROAUTO.NS,2020-10-16 00:00:00+05:30,2020-12-21 00:00:00+05:30,21.9461937,26.62308884,61589.5885,13125.19388,21.31073482,UT Sell,1935386.331,2035386.331
KARURVYSYA.NS,2020-10-16 00:00:00+05:30,2020-12-21 00:00:00+05:30,23.36031342,33.96466827,61589.5885,27958.43705,45.39474565,UT Sell,1963344.768,2063344.768
VADILALIND.NS,2020-08-31 00:00:00+05:30,2020-12-21 00:00:00+05:30,701.2477417,765.0110474,64387.59821,5854.658577,9.092835794,UT Sell,1969199.427,2069199.427
HINDPETRO.NS,2020-10-29 00:00:00+05:30,2020-12-21 00:00:00+05:30,95.60678864,111.4436493,81306.91434,13468.14689,16.56457756,UT Sell,1982667.573,2082667.573
NAGREEKCAP.NS,2020-12-14 00:00:00+05:30,2020-12-23 00:00:00+05:30,5.25,5.800000191,69223.40123,7251.977882,10.47619411,UT Sell,1989919.551,2089919.551
KIRIINDUS.NS,2020-12-18 00:00:00+05:30,2020-12-24 00:00:00+05:30,530.2999878,544.5499878,368172.3598,9893.374029,2.687158274,UT Sell,1999812.925,2099812.925
DEVIT.NS,2020-12-18 00:00:00+05:30,2020-12-30 00:00:00+05:30,12.76418114,12.36006451,368172.3598,-11656.41351,-3.166020806,UT Sell,1988156.512,2088156.512
ASHOKA.NS,2020-12-23 00:00:00+05:30,2020-12-30 00:00:00+05:30,94.25,90.15000153,77260.25093,-3360.922132,-4.350131007,Stop Loss,1984795.59,2084795.59
KIRIINDUS.NS,2020-12-30 00:00:00+05:30,2021-01-04 00:00:00+05:30,544.9000244,521.0499878,215207.6375,-9419.544515,-4.376956424,Stop Loss,1975376.045,2075376.045
NAGREEKCAP.NS,2021-01-04 00:00:00+05:30,2021-01-05 00:00:00+05:30,6.5,6.199999809,205788.093,-9497.918024,-4.61538755,Stop Loss,1965878.127,2065878.127
MITCON.NS,2020-09-21 00:00:00+05:30,2021-01-08 00:00:00+05:30,31.70112038,33.41469574,71253.49552,3851.543195,5.405409471,UT Sell,1969729.67,2069729.67
NITCO.NS,2020-11-17 00:00:00+05:30,2021-01-11 00:00:00+05:30,18.14999962,26.79999924,70165.87824,33439.93569,47.6584011,UT Sell,2003169.606,2103169.606
AUSOMENT.NS,2020-07-30 00:00:00+05:30,2021-01-12 00:00:00+05:30,26.44063187,49.33857727,54446.85456,47151.71367,86.60135476,UT Sell,2050321.32,2150321.32
SHAHALLOYS.NS,2021-01-05 00:00:00+05:30,2021-01-13 00:00:00+05:30,9.850000381,11.80000019,196290.175,38859.47096,19.79695161,UT Sell,2089180.791,2189180.791
NILASPACES.NS,2020-12-07 00:00:00+05:30,2021-01-15 00:00:00+05:30,1.399999976,1.899999976,146414.678,52290.95731,35.71428632,UT Sell,2141471.748,2241471.748
RAMKY.NS,2020-12-23 00:00:00+05:30,2021-01-15 00:00:00+05:30,51.40000153,49.09999847,77260.25093,-3457.175246,-4.474713976,Stop Loss,2138014.573,2238014.573
VEDL.NS,2020-12-23 00:00:00+05:30,2021-01-18 00:00:00+05:30,72.13311768,80.88306427,77260.25093,9371.882033,12.13027646,UT Sell,2147386.455,2247386.455
ABINFRA.NS,2021-01-11 00:00:00+05:30,2021-01-19 00:00:00+05:30,0.585548282,0.672757506,103605.8139,15430.63653,14.89360099,UT Sell,2162817.091,2262817.091
MRPL.NS,2020-12-30 00:00:00+05:30,2021-01-21 00:00:00+05:30,33.98874283,36.92960739,215207.6375,18620.76859,8.652466429,UT Sell,2181437.86,2281437.86
SPIC.NS,2021-01-08 00:00:00+05:30,2021-01-21 00:00:00+05:30,25.15478134,24.12231255,75105.03871,-3082.658832,-4.104463409,Stop Loss,2178355.201,2278355.201
NDRAUTO.NS,2020-12-23 00:00:00+05:30,2021-01-21 00:00:00+05:30,50.41693497,56.70833969,77260.25093,9641.115788,12.47875288,UT Sell,2187996.317,2287996.317
INDIANB.NS,2021-01-12 00:00:00+05:30,2021-01-21 00:00:00+05:30,80.22694397,78.08465576,101598.5682,-2712.971527,-2.670285196,UT Sell,2185283.345,2285283.345
PONNIERODE.NS,2021-01-15 00:00:00+05:30,2021-01-22 00:00:00+05:30,155.2985687,147.6192322,136254.3555,-6737.621991,-4.944885591,Stop Loss,2178545.723,2278545.723
LAXMICOT.NS,2021-01-15 00:00:00+05:30,2021-01-22 00:00:00+05:30,11.75,10,136254.3555,-20293.20188,-14.89361702,Stop Loss,2158252.521,2258252.521
ADROITINFO.NS,2020-12-21 00:00:00+05:30,2021-01-22 00:00:00+05:30,6.032903194,7.373548031,77391.06291,17198.0099,22.22221695,UT Sell,2175450.531,2275450.531
IZMO.NS,2021-01-13 00:00:00+05:30,2021-01-22 00:00:00+05:30,49.04999924,45.95000076,235149.646,-14861.6423,-6.320078537,Stop Loss,2160588.889,2260588.889
BANCOINDIA.NS,2021-01-21 00:00:00+05:30,2021-01-25 00:00:00+05:30,57.24760056,53.97067261,122909.4374,-7035.497845,-5.72413152,Stop Loss,2153553.391,2253553.391
PAR.NS,2021-01-21 00:00:00+05:30,2021-01-25 00:00:00+05:30,34.17073059,32.60622787,122909.4374,-5627.39354,-4.578487755,Stop Loss,2147925.998,2247925.998
MINDACORP.NS,2021-01-22 00:00:00+05:30,2021-01-25 00:00:00+05:30,90.35024261,85.89877319,140088.7409,-6902.037319,-4.926903672,Stop Loss,2141023.96,2241023.96
OMAXAUTO.NS,2021-01-25 00:00:00+05:30,2021-01-27 00:00:00+05:30,50.27159882,47.508358,122114.229,-6712.160135,-5.496624096,Stop Loss,2134311.8,2234311.8
NAGREEKCAP.NS,2021-01-21 00:00:00+05:30,2021-01-28 00:00:00+05:30,6.300000191,6.300000191,122909.4374,0,0,UT Sell,2134311.8,2234311.8
IVP.NS,2021-01-21 00:00:00+05:30,2021-01-28 00:00:00+05:30,76.84499359,72.19652557,122909.4374,-7434.974771,-6.049148813,Stop Loss,2126876.825,2226876.825
LAGNAM.NS,2020-12-23 00:00:00+05:30,2021-01-29 00:00:00+05:30,8.854031563,14.22450924,77260.25093,46862.77093,60.65573223,UT Sell,2173739.596,2273739.596
HEROMOTOCO.NS,2021-01-22 00:00:00+05:30,2021-01-29 00:00:00+05:30,2785.375488,2687.286133,140088.7409,-4933.343587,-3.521584644,UT Sell,2168806.253,2268806.253
TPHQ.NS,2021-01-25 00:00:00+05:30,2021-01-29 00:00:00+05:30,0.270000011,0.25999999,122114.229,-4522.758207,-3.703711062,UT Sell,2164283.495,2264283.495
GOKULAGRO.NS,2021-01-27 00:00:00+05:30,2021-01-29 00:00:00+05:30,12.00581741,11.50868225,115402.0688,-4778.552284,-4.140785631,Stop Loss,2159504.942,2259504.942
MRPL.NS,2021-01-28 00:00:00+05:30,2021-01-29 00:00:00+05:30,36.39928818,34.61548233,119191.95,-5841.193824,-4.900661349,Stop Loss,2153663.749,2253663.749
JPOLYINVST.NS,2021-01-19 00:00:00+05:30,2021-02-01 00:00:00+05:30,26.14999962,30.14999962,119036.4505,18208.25273,15.29636734,UT Sell,2171872.001,2271872.001
MAGNUM.NS,2021-01-29 00:00:00+05:30,2021-02-02 00:00:00+05:30,4.577076912,4.100297928,120168.8325,-12517.59037,-10.41666971,Stop Loss,2159354.411,2259354.411
VGL.NS,2021-01-18 00:00:00+05:30,2021-02-02 00:00:00+05:30,10.25,9.675000191,86632.13297,-4859.84975,-5.609754237,Stop Loss,2154494.561,2254494.561
RVHL.NS,2021-01-28 00:00:00+05:30,2021-02-03 00:00:00+05:30,24.25,23.25,119191.95,-4915.131958,-4.12371134,Stop Loss,2149579.429,2249579.429
SIMPLEXINF.NS,2020-09-24 00:00:00+05:30,2021-02-05 00:00:00+05:30,29.14999962,37.65000153,59817.39892,17442.47038,29.15952665,UT Sell,2167021.9,2267021.9
MAHSEAMLES.NS,2021-02-02 00:00:00+05:30,2021-02-05 00:00:00+05:30,133.5549774,133.6727448,94711.76268,83.51580753,0.088178918,UT Sell,2167105.415,2267105.415
TARIL.NS,2021-02-05 00:00:00+05:30,2021-02-09 00:00:00+05:30,9.371112823,8.971279144,86027.57389,-3670.505524,-4.266661673,Stop Loss,2163434.91,2263434.91
MAHABANK.NS,2021-01-29 00:00:00+05:30,2021-02-10 00:00:00+05:30,12.96475029,13.35499287,120168.8325,3617.115161,3.010027713,UT Sell,2167052.025,2267052.025
BPL.NS,2021-02-05 00:00:00+05:30,2021-02-11 00:00:00+05:30,22.95000076,21.64999962,86027.57389,-4873.025743,-5.664492816,Stop Loss,2162178.999,2262178.999
INDIANHUME.NS,2021-02-03 00:00:00+05:30,2021-02-12 00:00:00+05:30,193.2552643,181.5239716,114276.818,-6937.015707,-6.070361275,Stop Loss,2155241.984,2255241.984
ABINFRA.NS,2021-02-09 00:00:00+05:30,2021-02-12 00:00:00+05:30,0.573090494,0.573090494,82357.06837,0,0,UT Sell,2155241.984,2255241.984
CORDSCABLE.NS,2021-01-25 00:00:00+05:30,2021-02-15 00:00:00+05:30,45.27734375,42.50627518,122114.229,-7473.647396,-6.120210117,Stop Loss,2147768.336,2247768.336
LGBBROSLTD.NS,2021-01-29 00:00:00+05:30,2021-02-15 00:00:00+05:30,277.0975342,299.7355042,120168.8325,9817.403934,8.16967572,UT Sell,2157585.74,2257585.74
PRECWIRE.NS,2021-02-02 00:00:00+05:30,2021-02-16 00:00:00+05:30,19.70862007,21.76511574,94711.76268,9882.69746,10.4344985,UT Sell,2167468.438,2267468.438
DPABHUSHAN.NS,2021-02-12 00:00:00+05:30,2021-02-16 00:00:00+05:30,115.692276,109.3202438,94848.43534,-5224.007183,-5.507742077,Stop Loss,2162244.43,2262244.43
NITCO.NS,2021-01-29 00:00:00+05:30,2021-02-17 00:00:00+05:30,23.95000076,22.95000076,120168.8325,-5017.487628,-4.175365211,Stop Loss,2157226.943,2257226.943
IIFL.NS,2021-01-22 00:00:00+05:30,2021-02-17 00:00:00+05:30,112.7662735,214.2866974,140088.7409,126118.1018,90.02729339,UT Sell,2283345.044,2383345.044
SHRADHA.NS,2021-02-15 00:00:00+05:30,2021-02-18 00:00:00+05:30,11.61213779,11.04120636,122313.409,-6013.756581,-4.916678089,Stop Loss,2277331.288,2377331.288
RELINFRA.NS,2020-12-24 00:00:00+05:30,2021-02-18 00:00:00+05:30,26.75,30.64999962,378065.7338,55119.8586,14.57943783,UT Sell,2332451.147,2432451.147
WEBELSOLAR.NS,2020-10-20 00:00:00+05:30,2021-02-18 00:00:00+05:30,2.049999952,3.519999981,60049.08459,43059.58933,71.70732014,UT Sell,2375510.736,2475510.736
NAGREEKCAP.NS,2021-02-18 00:00:00+05:30,2021-02-19 00:00:00+05:30,6.300000191,6,217531.3063,-10358.6399,-4.761907645,Stop Loss,2365152.096,2465152.096
KIRIINDUS.NS,2021-02-17 00:00:00+05:30,2021-02-22 00:00:00+05:30,486.7000122,458.6499939,190679.0938,-10989.42251,-5.763307501,Stop Loss,2354162.673,2454162.673
LAGNAM.NS,2021-02-11 00:00:00+05:30,2021-02-25 00:00:00+05:30,14.27289295,13.78906631,81154.54815,-2751.000254,-3.38982881,UT Sell,2351411.673,2451411.673
INDOTHAI.NS,2020-10-22 00:00:00+05:30,2021-02-26 00:00:00+05:30,1.732419491,5.11429739,64859.99764,126614.018,195.211259,UT Sell,2478025.691,2578025.691
SARVESHWAR.NS,2021-02-15 00:00:00+05:30,2021-03-02 00:00:00+05:30,0.421665996,0.493333012,122313.409,20788.57926,16.99615719,UT Sell,2498814.27,2598814.27
MBAPL.NS,2021-02-17 00:00:00+05:30,2021-03-02 00:00:00+05:30,17.83916473,19.31542397,190679.0938,15779.42559,8.275383145,UT Sell,2514593.696,2614593.696
CCCL.NS,2021-02-16 00:00:00+05:30,2021-03-03 00:00:00+05:30,0.400000006,0.349999994,97109.44415,-12138.68323,-12.50000279,Stop Loss,2502455.013,2602455.013
GESHIP.NS,2021-01-29 00:00:00+05:30,2021-03-05 00:00:00+05:30,215.7643585,254.5879059,120168.8325,21622.57193,17.99349421,UT Sell,2524077.585,2624077.585
THOMASCOTT.NS,2021-02-25 00:00:00+05:30,2021-03-05 00:00:00+05:30,6.900000095,6.900000095,78403.5479,0,0,UT Sell,2524077.585,2624077.585
MAZDOCK.NS,2021-03-02 00:00:00+05:30,2021-03-05 00:00:00+05:30,104.3828888,103.0127792,174780.2538,-2294.131721,-1.31258061,UT Sell,2521783.453,2621783.453
SUPREMEINF.NS,2021-02-22 00:00:00+05:30,2021-03-08 00:00:00+05:30,13.89999962,13.75,179689.6713,-1939.092294,-1.079133976,UT Sell,2519844.361,2619844.361
SARVESHWAR.NS,2021-03-05 00:00:00+05:30,2021-03-08 00:00:00+05:30,0.531665981,0.506666005,130893.6915,-6154.877845,-4.702195939,Stop Loss,2513689.483,2613689.483
USHAMART.NS,2021-03-05 00:00:00+05:30,2021-03-10 00:00:00+05:30,33.93485641,32.54093552,130893.6915,-5376.638398,-4.107637532,Stop Loss,2508312.844,2608312.844
CANBK.NS,2021-03-03 00:00:00+05:30,2021-03-12 00:00:00+05:30,28.99136543,27.45261955,84970.76092,-4509.9086,-5.307600581,Stop Loss,2503802.936,2603802.936
HILTON.NS,2021-03-08 00:00:00+05:30,2021-03-15 00:00:00+05:30,10.6227417,9.870689392,151244.6963,-10707.58623,-7.079644111,Stop Loss,2493095.35,2593095.35
TARACHAND.NS,2021-02-26 00:00:00+05:30,2021-03-16 00:00:00+05:30,6.356892586,7.373198032,191474.0156,30611.82525,15.98745665,UT Sell,2523707.175,2623707.175
WILLAMAGOR.NS,2020-12-23 00:00:00+05:30,2021-03-17 00:00:00+05:30,21,20.10000038,77260.25093,-3311.152208,-4.285712469,Stop Loss,2520396.023,2620396.023
CIEINDIA.NS,2021-01-22 00:00:00+05:30,2021-03-17 00:00:00+05:30,158.0461273,163.8394165,140088.7409,5135.04887,3.66556858,UT Sell,2525531.071,2625531.071
ASHOKA.NS,2021-02-01 00:00:00+05:30,2021-03-18 00:00:00+05:30,96.65000153,104.5500031,137244.7032,11218.14121,8.173824523,UT Sell,2536749.213,2636749.213
CHENNPETRO.NS,2021-02-10 00:00:00+05:30,2021-03-18 00:00:00+05:30,82.58490753,91.83371735,123785.9477,13862.97717,11.19915259,UT Sell,2550612.19,2650612.19
MAGADSUGAR.NS,2021-02-18 00:00:00+05:30,2021-03-18 00:00:00+05:30,102.8781357,96.88301086,217531.3063,-12676.42851,-5.827404217,Stop Loss,2537935.761,2637935.761
LAMBODHARA.NS,2021-03-05 00:00:00+05:30,2021-03-18 00:00:00+05:30,54.07081223,54.35944748,130893.6915,698.7232542,0.533809725,UT Sell,2538634.485,2638634.485
LAGNAM.NS,2021-03-16 00:00:00+05:30,2021-03-18 00:00:00+05:30,14.12774563,13.35362244,222085.8409,-12169.08943,-5.479453072,Stop Loss,2526465.395,2626465.395
UNITEDTEA.NS,2021-03-17 00:00:00+05:30,2021-03-18 00:00:00+05:30,302.13974,287.3077698,109586.4442,-5379.573296,-4.908976957,Stop Loss,2521085.822,2621085.822
MOKSH.NS,2021-03-18 00:00:00+05:30,2021-03-22 00:00:00+05:30,8.957449913,8.57840538,156113.7807,-6606.129605,-4.231612082,Stop Loss,2514479.692,2614479.692
DIXON.NS,2021-03-18 00:00:00+05:30,2021-03-22 00:00:00+05:30,4231.078613,4044.834961,156113.7807,-6871.817651,-4.401800802,Stop Loss,2507607.875,2607607.875
BCLIND.NS,2021-03-22 00:00:00+05:30,2021-03-24 00:00:00+05:30,10.81945515,10.34101009,149374.8071,-6605.474724,-4.422080841,Stop Loss,2501002.4,2601002.4
TIRUPATIFL.NS,2021-03-18 00:00:00+05:30,2021-03-24 00:00:00+05:30,2.968299866,2.979717016,156113.7807,600.4698344,0.384636021,UT Sell,2501602.87,2601602.87
THOMASCOTT.NS,2021-03-12 00:00:00+05:30,2021-03-24 00:00:00+05:30,7.099999905,8.149999619,80460.85232,11899.13705,14.78872856,UT Sell,2513502.007,2613502.007
BCG.NS,2021-03-02 00:00:00+05:30,2021-03-24 00:00:00+05:30,3.760199547,4.021985054,174780.2538,12168.22055,6.96201103,UT Sell,2525670.227,2625670.227
IOC.NS,2021-02-18 00:00:00+05:30,2021-03-24 00:00:00+05:30,47.23474503,46.51910019,217531.3063,-3295.776361,-1.5150814,UT Sell,2522374.451,2622374.451
PDMJEPAPER.NS,2021-02-12 00:00:00+05:30,2021-03-24 00:00:00+05:30,22.55501175,23.13088417,94848.43534,2421.661257,2.553190518,UT Sell,2524796.112,2624796.112
MGEL.NS,2020-12-22 00:00:00+05:30,2021-03-24 00:00:00+05:30,4.03328371,4.330977917,77391.06291,5712.187065,7.380938898,UT Sell,2530508.299,2630508.299
SHARDACROP.NS,2021-03-17 00:00:00+05:30,2021-03-25 00:00:00+05:30,289.7042847,274.3369141,109586.4442,-5813.015517,-5.304502356,Stop Loss,2524695.284,2624695.284
ATALREAL.NS,2021-03-18 00:00:00+05:30,2021-03-25 00:00:00+05:30,2.466665983,2.400000095,156113.7807,-4219.243247,-2.702671877,UT Sell,2520476.041,2620476.041
DVL.NS,2021-03-24 00:00:00+05:30,2021-03-25 00:00:00+05:30,91.49658203,87.46266174,139057.2747,-6130.785973,-4.408820743,Stop Loss,2514345.255,2614345.255
NAGREEKCAP.NS,2021-03-24 00:00:00+05:30,2021-03-26 00:00:00+05:30,5.75,5.699999809,139057.2747,-1209.198306,-0.869568535,UT Sell,2513136.056,2613136.056
REDINGTON.NS,2021-03-25 00:00:00+05:30,2021-03-26 00:00:00+05:30,74.76213074,68.84494781,134294.3798,-10628.96955,-7.914679349,Stop Loss,2502507.087,2602507.087
SUPREMEINF.NS,2021-03-15 00:00:00+05:30,2021-03-30 00:00:00+05:30,13.80000019,14.19999981,140537.1101,4073.535481,2.89854792,UT Sell,2506580.622,2606580.622
KMSUGAR.NS,2021-03-25 00:00:00+05:30,2021-03-30 00:00:00+05:30,12.21443462,11.61860847,134294.3798,-6550.946126,-4.878049352,Stop Loss,2500029.676,2600029.676
KAPSTON.NS,2021-03-25 00:00:00+05:30,2021-03-31 00:00:00+05:30,50.95000076,48.5,134294.3798,-6457.729699,-4.808637343,Stop Loss,2493571.946,2593571.946
WANBURY.NS,2021-03-25 00:00:00+05:30,2021-03-31 00:00:00+05:30,88.34999847,82.34999847,134294.3798,-9120.161777,-6.791171594,Stop Loss,2484451.785,2584451.785
CHENNPETRO.NS,2021-03-31 00:00:00+05:30,2021-04-05 00:00:00+05:30,87.38381958,85.98777771,126505.4341,-2021.047874,-1.597597675,UT Sell,2482430.737,2582430.737
ASHOKA.NS,2021-03-30 00:00:00+05:30,2021-04-05 00:00:00+05:30,101,96.25,136177.0396,-6404.365725,-4.702970297,Stop Loss,2476026.371,2576026.371
CANBK.NS,2021-03-31 00:00:00+05:30,2021-04-05 00:00:00+05:30,26.61330414,25.66032982,126505.4341,-4529.930945,-3.580819257,UT Sell,2471496.44,2571496.44
CCCL.NS,2021-03-08 00:00:00+05:30,2021-04-05 00:00:00+05:30,0.449999988,0.600000024,151244.6963,50414.91212,33.33334216,UT Sell,2521911.352,2621911.352
ABINFRA.NS,2021-03-18 00:00:00+05:30,2021-04-05 00:00:00+05:30,0.577242434,0.552325964,156113.7807,-6738.597358,-4.316465419,Stop Loss,2515172.755,2615172.755
RMDRIP.NS,2021-03-22 00:00:00+05:30,2021-04-09 00:00:00+05:30,1.177545309,1.209606886,149374.8071,4067.097731,2.722746768,UT Sell,2519239.853,2619239.853
INDIANB.NS,2021-04-09 00:00:00+05:30,2021-04-12 00:00:00+05:30,103.1801682,91.55052948,153441.9048,-17294.73737,-11.2711957,Stop Loss,2501945.115,2601945.115
BEL.NS,2021-04-05 00:00:00+05:30,2021-04-12 00:00:00+05:30,41.00548553,38.04084778,145453.471,-10516.07721,-7.229856488,Stop Loss,2491429.038,2591429.038
BCG.NS,2021-03-30 00:00:00+05:30,2021-04-12 00:00:00+05:30,3.902991772,3.617406845,136177.0396,-9964.179313,-7.317077342,Stop Loss,2481464.859,2581464.859
GSPL.NS,2021-03-24 00:00:00+05:30,2021-04-12 00:00:00+05:30,255.5317993,240.6030121,139057.2747,-8124.063122,-5.842242442,Stop Loss,2473340.796,2573340.796
SUNFLAG.NS,2021-03-26 00:00:00+05:30,2021-04-12 00:00:00+05:30,61.32535172,62.47208786,130756.7434,2445.048901,1.86992184,UT Sell,2475785.844,2575785.844
DCI.NS,2021-02-19 00:00:00+05:30,2021-04-12 00:00:00+05:30,22.02499962,23.75,207172.6663,16225.78591,7.832010948,UT Sell,2492011.63,2592011.63
APARINDS.NS,2020-12-23 00:00:00+05:30,2021-04-12 00:00:00+05:30,327.8208008,431.8266602,77260.25093,24511.92473,31.72643686,UT Sell,2516523.555,2616523.555
ALMONDZ.NS,2020-10-28 00:00:00+05:30,2021-04-12 00:00:00+05:30,1.958333015,4.533332825,76516.70746,100611.3391,131.4893733,UT Sell,2617134.894,2717134.894
CGPOWER.NS,2020-07-30 00:00:00+05:30,2021-04-12 00:00:00+05:30,8.791804314,73.74250031,54446.85456,402233.8273,738.7641225,UT Sell,3019368.721,3119368.721
JSL.NS,2021-03-24 00:00:00+05:30,2021-04-12 00:00:00+05:30,65.97997284,70.30651855,139057.2747,9118.488994,6.557362074,UT Sell,3028487.21,3128487.21
VRLLOG.NS,2021-04-13 00:00:00+05:30,2021-04-16 00:00:00+05:30,110.6147461,105.205368,176858.7545,-8648.899888,-4.890286551,Stop Loss,3019838.311,3119838.311
TIRUPATIFL.NS,2021-04-12 00:00:00+05:30,2021-04-19 00:00:00+05:30,2.968299866,2.956884146,176858.7545,-680.177243,-0.384587828,UT Sell,3019158.133,3119158.133
GOKULAGRO.NS,2021-04-16 00:00:00+05:30,2021-04-19 00:00:00+05:30,11.06126022,10.34041405,168209.8547,-10961.99059,-6.516853971,Stop Loss,3008196.143,3108196.143
BSE.NS,2021-04-15 00:00:00+05:30,2021-04-19 00:00:00+05:30,61.71179962,59.75037003,176858.7545,-5621.226372,-3.178370438,UT Sell,3002574.916,3102574.916
MRF.NS,2021-04-13 00:00:00+05:30,2021-04-19 00:00:00+05:30,81975.89063,78564.64063,176858.7545,-7359.595874,-4.161284463,Stop Loss,2995215.32,3095215.32
BHARATWIRE.NS,2021-04-05 00:00:00+05:30,2021-04-19 00:00:00+05:30,37.70000076,40.70000076,145453.471,11574.54653,7.957559521,UT Sell,3006789.867,3106789.867
ERIS.NS,2021-03-25 00:00:00+05:30,2021-04-19 00:00:00+05:30,590.7003784,566.6897583,134294.3798,-5458.759561,-4.064771413,Stop Loss,3001331.107,3101331.107
JMA.NS,2021-04-05 00:00:00+05:30,2021-04-19 00:00:00+05:30,28.93261909,32.58217239,145453.471,18347.46427,12.61397486,UT Sell,3019678.572,3119678.572
SUPREMEINF.NS,2021-04-05 00:00:00+05:30,2021-04-19 00:00:00+05:30,14.80000019,14.5,145453.471,-2948.383006,-2.02702829,UT Sell,3016730.189,3116730.189
NILASPACES.NS,2021-04-05 00:00:00+05:30,2021-04-19 00:00:00+05:30,1.450000048,1.399999976,145453.471,-5015.643941,-3.448280681,UT Sell,3011714.545,3111714.545
MAHABANK.NS,2021-02-16 00:00:00+05:30,2021-04-19 00:00:00+05:30,16.52030182,20.33600998,97109.44415,22429.4509,23.09708504,UT Sell,3034143.996,3134143.996
NAGREEKCAP.NS,2021-04-12 00:00:00+05:30,2021-04-20 00:00:00+05:30,5.599999905,5.900000095,176858.7545,9474.582322,5.357146354,UT Sell,3043618.578,3143618.578
LAXMICOT.NS,2021-03-26 00:00:00+05:30,2021-04-23 00:00:00+05:30,10.30000019,9.25,130756.7434,-13329.5731,-10.19417642,Stop Loss,3030289.005,3130289.005
THOMASCOTT.NS,2021-04-20 00:00:00+05:30,2021-04-23 00:00:00+05:30,7.5,7.150000095,169482.144,-7909.164565,-4.666665395,Stop Loss,3022379.84,3122379.84
EUROTEXIND.NS,2021-04-13 00:00:00+05:30,2021-04-27 00:00:00+05:30,7.349999905,7.300000191,176858.7545,-1203.113911,-0.680268225,UT Sell,3021176.726,3121176.726
VESUVIUS.NS,2021-04-19 00:00:00+05:30,2021-04-28 00:00:00+05:30,102.16082,100.2679672,152630.9511,-2827.971826,-1.852816748,UT Sell,3018348.755,3118348.755
EKC.NS,2021-04-19 00:00:00+05:30,2021-04-28 00:00:00+05:30,90.18963623,143.6190338,152630.9511,90420.36439,59.24117206,UT Sell,3108769.119,3208769.119
NAGREEKCAP.NS,2021-04-27 00:00:00+05:30,2021-04-28 00:00:00+05:30,6.099999905,5.800000191,175655.6406,-8638.793895,-4.918028174,Stop Loss,3100130.325,3200130.325
MOKSH.NS,2021-04-19 00:00:00+05:30,2021-05-03 00:00:00+05:30,10.09458733,9.376395226,152630.9511,-10859.12082,-7.114625664,Stop Loss,3089271.204,3189271.204
UNOMINDA.NS,2021-04-19 00:00:00+05:30,2021-05-04 00:00:00+05:30,262.2597656,251.358017,152630.9511,-6344.641782,-4.156851369,Stop Loss,3082926.563,3182926.563
DIL.NS,2021-03-18 00:00:00+05:30,2021-05-06 00:00:00+05:30,3.562768936,3.635478973,156113.7807,3186.015992,2.040829437,UT Sell,3086112.578,3186112.578
KIRIINDUS.NS,2021-04-28 00:00:00+05:30,2021-05-06 00:00:00+05:30,446.3999939,435.1000061,186623.7139,-4724.11675,-2.531359307,UT Sell,3081388.462,3181388.462
SHAHALLOYS.NS,2021-03-10 00:00:00+05:30,2021-05-10 00:00:00+05:30,7.800000191,12.44999981,125517.0531,74827.46598,59.61537827,UT Sell,3156215.928,3256215.928
JBCHEPHARM.NS,2021-04-19 00:00:00+05:30,2021-05-12 00:00:00+05:30,604.6984863,663.2579346,152630.9511,14780.89409,9.684073892,UT Sell,3170996.822,3270996.822
ANTGRAPHIC.NS,2021-04-19 00:00:00+05:30,2021-05-17 00:00:00+05:30,0.5,0.449999988,152630.9511,-15263.09875,-10.00000238,Stop Loss,3155733.723,3255733.723
WEWIN.NS,2021-03-25 00:00:00+05:30,2021-05-19 00:00:00+05:30,12.98333263,17.29999924,134294.3798,44649.86616,33.24775483,UT Sell,3200383.589,3300383.589
CAPLIPOINT.NS,2021-04-19 00:00:00+05:30,2021-05-19 00:00:00+05:30,481.8122864,578.3274536,152630.9511,30574.56647,20.03169491,UT Sell,3230958.156,3330958.156
APOLLOHOSP.NS,2021-04-19 00:00:00+05:30,2021-05-25 00:00:00+05:30,3116.649414,3158.354248,152630.9511,2042.401192,1.338130423,UT Sell,3233000.557,3333000.557
SOUTHBANK.NS,2021-05-04 00:00:00+05:30,2021-05-28 00:00:00+05:30,7.746926785,9.912216187,146286.3094,40887.46469,27.95030161,UT Sell,3273888.022,3373888.022
GABRIEL.NS,2021-05-10 00:00:00+05:30,2021-05-28 00:00:00+05:30,103.2396774,114.8326721,200344.5191,22497.09611,11.22920468,UT Sell,3296385.118,3396385.118
SPECTRUM.NS,2021-05-19 00:00:00+05:30,2021-05-28 00:00:00+05:30,56.83485031,57.3248024,181074.8818,1560.97915,0.862062774,UT Sell,3297946.097,3397946.097
FORCEMOT.NS,2021-05-06 00:00:00+05:30,2021-05-31 00:00:00+05:30,1165.855103,1170.47168,170599.6969,675.5442083,0.395982068,UT Sell,3298621.641,3398621.641
GRAVITA.NS,2021-05-28 00:00:00+05:30,2021-06-01 00:00:00+05:30,104.0208588,99.52372742,197550.4167,-8540.692534,-4.323297655,Stop Loss,3290080.949,3390080.949
KPRMILL.NS,2021-04-13 00:00:00+05:30,2021-06-01 00:00:00+05:30,240.9305573,300.3162231,176858.7545,43592.95486,24.64845745,UT Sell,3333673.903,3433673.903
TFCILTD.NS,2021-05-12 00:00:00+05:30,2021-06-01 00:00:00+05:30,11.27562618,11.97746849,167411.8452,10420.41603,6.224419794,UT Sell,3344094.319,3444094.319
DEVIT.NS,2021-05-25 00:00:00+05:30,2021-06-03 00:00:00+05:30,9.260192871,9.018706322,154673.3523,-4033.558983,-2.607791789,UT Sell,3340060.76,3440060.76
WILLAMAGOR.NS,2021-04-28 00:00:00+05:30,2021-06-04 00:00:00+05:30,17.54999924,21.20000076,186623.7139,38813.49687,20.7977304,UT Sell,3378874.257,3478874.257
SUPREMEINF.NS,2021-05-03 00:00:00+05:30,2021-06-07 00:00:00+05:30,14.44999981,15.89999962,141771.8303,14226.23735,10.03460089,UT Sell,3393100.495,3493100.495
LGBBROSLTD.NS,2021-05-17 00:00:00+05:30,2021-06-09 00:00:00+05:30,282.677002,303.7599792,137367.8524,10245.34466,7.458327755,UT Sell,3403345.839,3503345.839
TNPETRO.NS,2021-06-01 00:00:00+05:30,2021-06-16 00:00:00+05:30,92.56387329,99.10047913,195764.565,13824.35449,7.061724626,UT Sell,3417170.194,3517170.194
GABRIEL.NS,2021-06-03 00:00:00+05:30,2021-06-16 00:00:00+05:30,121.8934326,115.6437149,150639.7934,-7723.600562,-5.12719806,Stop Loss,3409446.593,3509446.593
RMDRIP.NS,2021-05-31 00:00:00+05:30,2021-06-17 00:00:00+05:30,1.084273696,1.547713637,171275.2411,73206.41273,42.74197033,UT Sell,3482653.006,3582653.006
ONGC.NS,2021-06-01 00:00:00+05:30,2021-06-18 00:00:00+05:30,86.073349,88.01291656,195764.565,4411.337599,2.253389218,UT Sell,3487064.344,3587064.344
GSFC.NS,2021-06-16 00:00:00+05:30,2021-06-18 00:00:00+05:30,106.5275497,101.4923477,176252.5561,-8330.870558,-4.726666518,Stop Loss,3478733.473,3578733.473
SARVESHWAR.NS,2021-06-17 00:00:00+05:30,2021-06-18 00:00:00+05:30,0.966665983,0.899999976,244481.6538,-16860.64881,-6.896488363,Stop Loss,3461872.824,3561872.824
PIGL.NS,2021-06-18 00:00:00+05:30,2021-06-22 00:00:00+05:30,69.49503326,68.50225067,198572.8644,-2836.744928,-1.428566253,UT Sell,3459036.079,3559036.079
ABINFRA.NS,2021-05-28 00:00:00+05:30,2021-06-23 00:00:00+05:30,0.535714269,0.880399346,197550.4167,127106.3414,64.34121654,UT Sell,3586142.421,3686142.421
BANCOINDIA.NS,2021-06-16 00:00:00+05:30,2021-06-28 00:00:00+05:30,73.07952118,64.43315125,176252.5561,-20853.24011,-11.831454,Stop Loss,3565289.181,3665289.181
INDIANB.NS,2021-04-23 00:00:00+05:30,2021-06-29 00:00:00+05:30,93.73655701,126.6143112,139500.0748,48929.14056,35.07463391,UT Sell,3614218.321,3714218.321
BAJAJ-AUTO.NS,2021-06-18 00:00:00+05:30,2021-06-29 00:00:00+05:30,3644.050049,3606.927979,198572.8644,-2022.868988,-1.018703635,UT Sell,3612195.452,3712195.452
KMSUGAR.NS,2021-04-23 00:00:00+05:30,2021-06-30 00:00:00+05:30,12.85991287,32.12495422,139500.0748,208980.7868,149.8069353,UT Sell,3821176.239,3921176.239
LAGNAM.NS,2021-06-29 00:00:00+05:30,2021-06-30 00:00:00+05:30,29.02961159,27.57813263,192489.6054,-9624.46952,-4.999994415,Stop Loss,3811551.769,3911551.769
INDOTECH.NS,2021-04-20 00:00:00+05:30,2021-07-02 00:00:00+05:30,89.84999847,231.3500061,169482.144,266908.4594,157.4847079,UT Sell,4078460.229,4178460.229
SPECTRUM.NS,2021-06-30 00:00:00+05:30,2021-07-05 00:00:00+05:30,53.8951149,52.18027115,265672.9988,-8453.227762,-3.18181667,UT Sell,4070007.001,4170007.001
SARVESHWAR.NS,2021-06-29 00:00:00+05:30,2021-07-06 00:00:00+05:30,0.899999976,0.833333015,192489.6054,-14258.55256,-7.407440276,Stop Loss,4055748.449,4155748.449
CHENNPETRO.NS,2021-06-28 00:00:00+05:30,2021-07-08 00:00:00+05:30,127.302002,118.5767288,155399.316,-10651.0617,-6.853995223,Stop Loss,4045097.387,4145097.387
DEVIT.NS,2021-06-22 00:00:00+05:30,2021-07-09 00:00:00+05:30,10.84216118,10.44790268,195736.1195,-7117.642637,-3.636346044,UT Sell,4037979.744,4137979.744
TAINWALCHM.NS,2021-07-02 00:00:00+05:30,2021-07-09 00:00:00+05:30,79.91802979,75.42880249,436390.6034,-24513.32463,-5.617289749,Stop Loss,4013466.42,4113466.42
SARVESHWAR.NS,2021-07-08 00:00:00+05:30,2021-07-09 00:00:00+05:30,0.866666019,0.805000007,144748.2543,-10299.29334,-7.115314373,Stop Loss,4003167.126,4103167.126
RMDRIP.NS,2021-07-09 00:00:00+05:30,2021-07-13 00:00:00+05:30,1.367001534,1.30579257,244981.5722,-10969.31329,-4.477607515,Stop Loss,3992197.813,4092197.813
NAGREEKCAP.NS,2021-07-05 00:00:00+05:30,2021-07-15 00:00:00+05:30,7.550000191,7.150000095,257219.771,-13627.54044,-5.298014374,Stop Loss,3978570.272,4078570.272
DCI.NS,2021-06-23 00:00:00+05:30,2021-07-15 00:00:00+05:30,24.45000076,25.25,324656.7581,10622.70555,3.271980418,UT Sell,3989192.978,4089192.978
EMAMIPAP.NS,2021-04-13 00:00:00+05:30,2021-07-15 00:00:00+05:30,114.3085556,161.9212036,176858.7545,73666.52114,41.65274223,UT Sell,4062859.499,4162859.499
POONAWALLA.NS,2021-04-19 00:00:00+05:30,2021-07-20 00:00:00+05:30,114.3626251,142.8420258,152630.9511,38009.25348,24.90271678,UT Sell,4100868.753,4200868.753
GENUSPOWER.NS,2021-06-04 00:00:00+05:30,2021-07-20 00:00:00+05:30,50.99118805,66.83120728,225437.2107,70030.33051,31.06422861,UT Sell,4170899.083,4270899.083
ASHOKA.NS,2021-06-09 00:00:00+05:30,2021-07-20 00:00:00+05:30,98.15000153,104.5500031,147613.1971,9625.315045,6.520633139,UT Sell,4180524.398,4280524.398
ELECTHERM.NS,2021-07-13 00:00:00+05:30,2021-07-20 00:00:00+05:30,161.6499939,152,234012.2589,-13969.79249,-5.969684046,Stop Loss,4166554.606,4266554.606
KELLTONTEC.NS,2021-07-15 00:00:00+05:30,2021-07-20 00:00:00+05:30,12.61287689,11.97576141,276465.6566,-13965.13663,-5.051309737,Stop Loss,4152589.469,4252589.469
HINDZINC.NS,2021-07-15 00:00:00+05:30,2021-07-20 00:00:00+05:30,231.0017242,221.5540771,276465.6566,-11307.05828,-4.089859989,Stop Loss,4141282.411,4241282.411
FORCEMOT.NS,2021-06-07 00:00:00+05:30,2021-07-23 00:00:00+05:30,1192.817505,1440.584473,155998.0677,32403.25368,20.77157375,UT Sell,4173685.664,4273685.664
NAGREEKCAP.NS,2021-07-20 00:00:00+05:30,2021-07-23 00:00:00+05:30,7.400000095,7,231841.3071,-12531.96537,-5.405406624,Stop Loss,4161153.699,4261153.699
V2RETAIL.NS,2021-07-22 00:00:00+05:30,2021-07-23 00:00:00+05:30,12.94999981,12.32499981,231841.3071,-11189.25244,-4.826254897,Stop Loss,4149964.447,4249964.447
SARVESHWAR.NS,2021-07-22 00:00:00+05:30,2021-07-23 00:00:00+05:30,0.879999995,0.833333015,231841.3071,-12294.69733,-5.303065914,Stop Loss,4137669.749,4237669.749
INDOTECH.NS,2021-07-09 00:00:00+05:30,2021-07-28 00:00:00+05:30,250.6999969,239.0500031,244981.5722,-11384.2595,-4.646986054,Stop Loss,4126285.49,4226285.49
SIKKO.NS,2021-07-23 00:00:00+05:30,2021-07-28 00:00:00+05:30,0.889221013,0.87275362,211977.3319,-3925.5864,-1.851889711,UT Sell,4122359.903,4222359.903
ROLLT.NS,2021-07-15 00:00:00+05:30,2021-07-29 00:00:00+05:30,3.200000048,3,276465.6566,-17279.1074,-6.250001397,Stop Loss,4105080.796,4205080.796
BBTCL.NS,2021-07-20 00:00:00+05:30,2021-07-30 00:00:00+05:30,76.61525726,76.71348572,231841.3071,297.2438405,0.128210043,UT Sell,4105378.04,4205378.04
RELINFRA.NS,2021-04-28 00:00:00+05:30,2021-08-04 00:00:00+05:30,34.95000076,73.5,186623.7139,205846.7488,110.3004246,UT Sell,4311224.789,4411224.789
BAJAJHLDNG.NS,2021-07-06 00:00:00+05:30,2021-08-04 00:00:00+05:30,3555.211426,3679.375732,178231.0528,6224.646708,3.492459147,UT Sell,4317449.435,4417449.435
MAHSCOOTER.NS,2021-07-23 00:00:00+05:30,2021-08-05 00:00:00+05:30,3661.272949,3865.224609,211977.3319,11808.22336,5.570512305,UT Sell,4329257.659,4429257.659
GICRE.NS,2021-07-28 00:00:00+05:30,2021-08-05 00:00:00+05:30,161.8361664,154.3057556,220824.5291,-10275.20269,-4.653107482,Stop Loss,4318982.456,4418982.456
KIRIINDUS.NS,2021-07-30 00:00:00+05:30,2021-08-05 00:00:00+05:30,579.7000122,543.5999756,232138.551,-14456.11526,-6.227365165,Stop Loss,4304526.341,4404526.341
NAGREEKCAP.NS,2021-08-04 00:00:00+05:30,2021-08-05 00:00:00+05:30,8.449999809,8.100000381,288463.0811,-11948.15569,-4.142005156,Stop Loss,4292578.185,4392578.185
MUTHOOTFIN.NS,2021-07-22 00:00:00+05:30,2021-08-06 00:00:00+05:30,1493.801636,1440.320313,231841.3071,-8300.419273,-3.580215871,UT Sell,4284277.766,4384277.766
RMDRIP.NS,2021-08-04 00:00:00+05:30,2021-08-06 00:00:00+05:30,1.285389185,1.270815969,288463.0811,-3270.476339,-1.133759068,UT Sell,4281007.289,4381007.289
PDMJEPAPER.NS,2021-08-05 00:00:00+05:30,2021-08-06 00:00:00+05:30,43.57435989,41.03092194,232133.0607,-13549.62045,-5.8370059,Stop Loss,4267457.669,4367457.669
TARACHAND.NS,2021-08-05 00:00:00+05:30,2021-08-06 00:00:00+05:30,7.951097488,7.602365017,232133.0607,-10181.27826,-4.38596649,Stop Loss,4257276.391,4357276.391
INDIANHUME.NS,2021-05-19 00:00:00+05:30,2021-08-09 00:00:00+05:30,169.3617249,216.6699829,181074.8818,50580.12514,27.9332642,UT Sell,4307856.516,4407856.516
MAZDA.NS,2021-08-06 00:00:00+05:30,2021-08-09 00:00:00+05:30,117.9082336,112.487709,237317.1788,-10910.04051,-4.597240099,Stop Loss,4296946.475,4396946.475
SHREEPUSHK.NS,2021-08-06 00:00:00+05:30,2021-08-10 00:00:00+05:30,174.6400604,164.9458923,237317.1788,-13173.33845,-5.550941787,Stop Loss,4283773.137,4383773.137
ASHOKA.NS,2021-07-29 00:00:00+05:30,2021-08-10 00:00:00+05:30,105.8000031,99.59999847,259186.5492,-15188.63654,-5.860117579,Stop Loss,4268584.5,4368584.5
TIMETECHNO.NS,2021-08-05 00:00:00+05:30,2021-08-10 00:00:00+05:30,42.63045502,40.05190277,232133.0607,-14040.83594,-6.04861535,Stop Loss,4254543.664,4354543.664
APARINDS.NS,2021-07-23 00:00:00+05:30,2021-08-10 00:00:00+05:30,583.3849487,598.5455933,211977.3319,5508.734815,2.598737688,UT Sell,4260052.399,4360052.399
VOLTAMP.NS,2021-07-28 00:00:00+05:30,2021-08-10 00:00:00+05:30,1497.688599,1401.786743,220824.5291,-14140.11036,-6.403324133,Stop Loss,4245912.289,4345912.289
TBZ.NS,2021-07-22 00:00:00+05:30,2021-08-10 00:00:00+05:30,77.23197937,69.62405396,231841.3071,-22838.09618,-9.850745089,Stop Loss,4223074.193,4323074.193
SRHHYPOLTD.NS,2021-08-06 00:00:00+05:30,2021-08-11 00:00:00+05:30,323.5265198,306.5933228,237317.1788,-12421.04835,-5.233944047,Stop Loss,4210653.144,4310653.144
JMFINANCIL.NS,2021-08-06 00:00:00+05:30,2021-08-11 00:00:00+05:30,90.81259155,84.70149231,237317.1788,-15969.9091,-6.729352327,Stop Loss,4194683.235,4294683.235
AVROIND.NS,2021-08-05 00:00:00+05:30,2021-08-13 00:00:00+05:30,26.22580528,26.8064518,232133.0607,5139.489569,2.2140274,UT Sell,4199822.725,4299822.725
CUB.NS,2021-08-09 00:00:00+05:30,2021-08-16 00:00:00+05:30,150.0243225,143.1524963,229031.0726,-10490.71039,-4.580474724,Stop Loss,4189332.015,4289332.015
GENUSPOWER.NS,2021-08-12 00:00:00+05:30,2021-08-16 00:00:00+05:30,61.60009003,59.00897598,220821.3993,-9288.516118,-4.20634782,Stop Loss,4180043.498,4280043.498
NATCOPHARM.NS,2021-08-11 00:00:00+05:30,2021-08-17 00:00:00+05:30,975.0665894,931.2124634,220821.3993,-9931.557056,-4.497551906,Stop Loss,4170111.941,4270111.941
MAZDOCK.NS,2021-08-12 00:00:00+05:30,2021-08-17 00:00:00+05:30,116.8763123,110.0026169,220821.3993,-12986.88333,-5.88117065,Stop Loss,4157125.058,4257125.058
ASHOKA.NS,2021-08-13 00:00:00+05:30,2021-08-17 00:00:00+05:30,104.9000015,102.5500031,237272.5503,-5315.444451,-2.240227302,UT Sell,4151809.614,4251809.614
INDIANHUME.NS,2021-08-12 00:00:00+05:30,2021-08-18 00:00:00+05:30,217.063324,202.8986053,220821.3993,-14409.95619,-6.525615829,Stop Loss,4137399.657,4237399.657
RICOAUTO.NS,2021-08-17 00:00:00+05:30,2021-08-20 00:00:00+05:30,50.97707748,47.29082489,216893.8214,-15684.01821,-7.231196404,Stop Loss,4121715.639,4221715.639
IOC.NS,2021-08-16 00:00:00+05:30,2021-08-20 00:00:00+05:30,53.50515366,51.65842819,215036.6227,-7421.969282,-3.451490815,UT Sell,4114293.67,4214293.67
PFC.NS,2021-08-16 00:00:00+05:30,2021-08-20 00:00:00+05:30,78.18089294,73.56807709,215036.6227,-12687.55454,-5.900183131,Stop Loss,4101606.115,4201606.115
ONGC.NS,2021-08-11 00:00:00+05:30,2021-08-20 00:00:00+05:30,85.63420105,80.6571579,220821.3993,-12834.09689,-5.8119806,Stop Loss,4088772.018,4188772.018
SBIN.NS,2021-07-23 00:00:00+05:30,2021-08-20 00:00:00+05:30,399.4069519,378.733551,211977.3319,-10971.99821,-5.176024298,Stop Loss,4077800.02,4177800.02
LAGNAM.NS,2021-07-09 00:00:00+05:30,2021-08-20 00:00:00+05:30,26.07826996,38.3289299,244981.5722,115083.7819,46.97650558,UT Sell,4192883.802,4292883.802
TATASTEEL.NS,2021-08-11 00:00:00+05:30,2021-08-20 00:00:00+05:30,125.5259323,121.0724106,220821.3993,-7834.499868,-3.547889784,UT Sell,4185049.302,4285049.302
REDINGTON.NS,2021-06-18 00:00:00+05:30,2021-08-23 00:00:00+05:30,114.1470566,130.7295227,198572.8644,28847.24228,14.52728316,UT Sell,4213896.545,4313896.545
WEBELSOLAR.NS,2021-08-12 00:00:00+05:30,2021-08-23 00:00:00+05:30,7.025000095,6.235000134,220821.3993,-24832.58287,-11.24555091,Stop Loss,4189063.962,4289063.962
TARACHAND.NS,2021-08-17 00:00:00+05:30,2021-08-23 00:00:00+05:30,7.672111511,7.273560524,216893.8214,-11267.20415,-5.194801805,Stop Loss,4177796.758,4277796.758
HPL.NS,2021-08-20 00:00:00+05:30,2021-08-23 00:00:00+05:30,68.43238831,65.12432861,227602.6306,-11002.43769,-4.83405559,Stop Loss,4166794.32,4266794.32
VARDHACRLC.NS,2021-08-20 00:00:00+05:30,2021-08-23 00:00:00+05:30,38.58930206,36.98262787,227602.6306,-9476.286268,-4.163522294,Stop Loss,4157318.034,4257318.034
NIACL.NS,2021-08-23 00:00:00+05:30,2021-08-24 00:00:00+05:30,154.7785034,147.5828552,216995.3341,-10088.10687,-4.648997137,Stop Loss,4147229.927,4247229.927
LAXMICOT.NS,2021-08-20 00:00:00+05:30,2021-08-25 00:00:00+05:30,23.95000076,23.25,227602.6306,-6652.275993,-2.922758834,UT Sell,4140577.651,4240577.651
DEVIT.NS,2021-08-18 00:00:00+05:30,2021-08-27 00:00:00+05:30,10.30029106,10.69645786,206411.4432,7938.936942,3.846170939,UT Sell,4148516.588,4248516.588
NAGREEKCAP.NS,2021-08-27 00:00:00+05:30,2021-08-31 00:00:00+05:30,7.900000095,7.5,214350.3801,-10853.18626,-5.063292285,Stop Loss,4137663.401,4237663.401
THOMASCOTT.NS,2021-08-20 00:00:00+05:30,2021-08-31 00:00:00+05:30,18.60000038,17.20000076,227602.6306,-17131.37578,-7.526879515,Stop Loss,4120532.026,4220532.026
SARVESHWAR.NS,2021-08-31 00:00:00+05:30,2021-09-01 00:00:00+05:30,0.708333015,0.673332989,206984.2244,-10227.46805,-4.941182391,Stop Loss,4110304.558,4210304.558
DEVIT.NS,2021-09-01 00:00:00+05:30,2021-09-02 00:00:00+05:30,10.69150543,10.29533958,196756.7563,-7290.676478,-3.70542624,UT Sell,4103013.881,4203013.881
SHAHALLOYS.NS,2021-08-09 00:00:00+05:30,2021-09-06 00:00:00+05:30,14.89999962,14.19999981,229031.0726,-10759.84639,-4.697985417,Stop Loss,4092254.035,4192254.035
RMDRIP.NS,2021-09-02 00:00:00+05:30,2021-09-15 00:00:00+05:30,1.055127144,1.110506177,189466.0798,9944.250193,5.248564916,UT Sell,4102198.285,4202198.285
DALBHARAT.NS,2021-08-20 00:00:00+05:30,2021-09-16 00:00:00+05:30,1910.725098,2336.454834,227602.6306,50712.27046,22.28105638,UT Sell,4152910.555,4252910.555
REFEX.NS,2021-08-23 00:00:00+05:30,2021-09-16 00:00:00+05:30,26.19205093,31.53404045,216995.3341,44257.19861,20.39546094,UT Sell,4197167.754,4297167.754
SAKSOFT.NS,2021-08-10 00:00:00+05:30,2021-09-17 00:00:00+05:30,53.02022552,74.08467102,219901.279,87364.74545,39.72907563,UT Sell,4284532.499,4384532.499
VBL.NS,2021-08-23 00:00:00+05:30,2021-09-17 00:00:00+05:30,109.9783096,116.3909683,216995.3341,12652.6496,5.830839475,UT Sell,4297185.149,4397185.149
SPIC.NS,2021-08-31 00:00:00+05:30,2021-09-17 00:00:00+05:30,49.46482086,49.41788101,206984.2244,-196.4185505,-0.094895421,UT Sell,4296988.73,4396988.73
BLS.NS,2021-08-23 00:00:00+05:30,2021-09-20 00:00:00+05:30,41.45524979,67.15197754,216995.3341,134508.1758,61.98666727,UT Sell,4431496.906,4531496.906
IOC.NS,2021-08-24 00:00:00+05:30,2021-09-20 00:00:00+05:30,52.85629654,57.19860077,211951.2807,17412.43717,8.215301703,UT Sell,4448909.343,4548909.343
TARIL.NS,2021-09-15 00:00:00+05:30,2021-09-20 00:00:00+05:30,14.2940712,13.64434052,199410.33,-9064.108329,-4.545455759,Stop Loss,4439845.235,4539845.235
UNIONBANK.NS,2021-09-16 00:00:00+05:30,2021-09-20 00:00:00+05:30,31.69602776,29.88235474,269783.7169,-15437.24823,-5.722083011,Stop Loss,4424407.987,4524407.987
BANKINDIA.NS,2021-09-16 00:00:00+05:30,2021-09-20 00:00:00+05:30,52.78519821,49.18121719,269783.7169,-18419.84927,-6.827635663,Stop Loss,4405988.138,4505988.138
SHRADHA.NS,2021-09-20 00:00:00+05:30,2021-09-21 00:00:00+05:30,11.33151054,10.39286232,255384.7572,-21154.85379,-8.283522486,Stop Loss,4384833.284,4484833.284
SONAMLTD.NS,2021-09-20 00:00:00+05:30,2021-09-21 00:00:00+05:30,16.5,15.25,255384.7572,-19347.33009,-7.575757576,Stop Loss,4365485.954,4465485.954
CIEINDIA.NS,2021-09-17 00:00:00+05:30,2021-09-21 00:00:00+05:30,225.9853821,214.7339783,247900.6047,-12342.52314,-4.978819296,Stop Loss,4353143.431,4453143.431
ANTGRAPHIC.NS,2021-08-23 00:00:00+05:30,2021-09-24 00:00:00+05:30,0.649999976,0.949999988,216995.3341,100151.7003,46.15384968,UT Sell,4453295.131,4553295.131
IVP.NS,2021-09-21 00:00:00+05:30,2021-09-24 00:00:00+05:30,118.0604019,112.5034714,235275.1373,-11074.0568,-4.706853824,Stop Loss,4442221.074,4542221.074
CCCL.NS,2021-09-20 00:00:00+05:30,2021-10-04 00:00:00+05:30,0.449999988,0.400000006,255384.7572,-28376.07473,-11.11110743,Stop Loss,4413844.999,4513844.999
BLUECOAST.NS,2021-09-20 00:00:00+05:30,2021-10-04 00:00:00+05:30,6.449999809,6.150000095,255384.7572,-11878.34982,-4.651158493,Stop Loss,4401966.65,4501966.65
PGEL.NS,2021-08-24 00:00:00+05:30,2021-10-06 00:00:00+05:30,32.29522705,40.55888748,211951.2807,54233.81631,25.58786912,UT Sell,4456200.466,4556200.466
VBL.NS,2021-09-21 00:00:00+05:30,2021-10-06 00:00:00+05:30,121.1674652,118.2250366,235275.1373,-5713.417287,-2.428398237,UT Sell,4450487.049,4550487.049
RPPL.NS,2021-09-21 00:00:00+05:30,2021-10-06 00:00:00+05:30,26.74930191,25.7880497,235275.1373,-8454.753215,-3.593559995,UT Sell,4442032.295,4542032.295
KPIGREEN.NS,2021-10-04 00:00:00+05:30,2021-10-06 00:00:00+05:30,14.80150509,14.17678261,235257.5449,-9929.441377,-4.220668621,Stop Loss,4432102.854,4532102.854
DVL.NS,2021-10-06 00:00:00+05:30,2021-10-11 00:00:00+05:30,283.5392761,266.0203247,236973.8262,-14641.82671,-6.178668316,Stop Loss,4417461.027,4517461.027
PIGL.NS,2021-09-17 00:00:00+05:30,2021-10-13 00:00:00+05:30,58.12762833,61.552742,247900.6047,14607.3008,5.892402248,UT Sell,4432068.328,4532068.328
KIRIINDUS.NS,2021-10-04 00:00:00+05:30,2021-10-19 00:00:00+05:30,520.75,512.2000122,235257.5449,-3862.600359,-1.641860354,UT Sell,4428205.728,4528205.728
HECPROJECT.NS,2021-10-06 00:00:00+05:30,2021-10-19 00:00:00+05:30,42,40,236973.8262,-11284.46791,-4.761904762,Stop Loss,4416921.26,4516921.26
TALBROAUTO.NS,2021-10-13 00:00:00+05:30,2021-10-19 00:00:00+05:30,57.87227631,54.7485733,262507.9055,-14169.07689,-5.397581022,Stop Loss,4402752.183,4502752.183
KRISHANA.NS,2021-09-24 00:00:00+05:30,2021-10-20 00:00:00+05:30,90.70925903,86.05941772,270674.0575,-13875.0049,-5.126093365,Stop Loss,4388877.178,4488877.178
PASHUPATI.NS,2021-10-19 00:00:00+05:30,2021-10-20 00:00:00+05:30,9.351003647,7.496585369,235141.0438,-46631.34204,-19.83122184,Stop Loss,4342245.836,4442245.836
SILGO.NS,2021-10-19 00:00:00+05:30,2021-10-21 00:00:00+05:30,33.8571434,32.01428604,235141.0438,-12798.81762,-5.443038531,Stop Loss,4329447.018,4429447.018
CUPID.NS,2021-06-30 00:00:00+05:30,2021-10-22 00:00:00+05:30,2.138702631,2.174395561,265672.9988,4433.831833,1.668905705,UT Sell,4333880.85,4433880.85
NPST.NS,2021-10-21 00:00:00+05:30,2021-10-26 00:00:00+05:30,24.60988426,24.42672539,222342.2262,-1654.78031,-0.744249232,UT Sell,4332226.07,4432226.07
IEX.NS,2021-08-23 00:00:00+05:30,2021-10-28 00:00:00+05:30,130.3008118,222.2465973,216995.3341,153121.1217,70.56424613,UT Sell,4485347.192,4585347.192
CHENNPETRO.NS,2021-08-25 00:00:00+05:30,2021-10-28 00:00:00+05:30,90.43766022,109.9823227,220950.3547,47750.02024,21.61119873,UT Sell,4533097.212,4633097.212
SDBL.NS,2021-10-06 00:00:00+05:30,2021-11-02 00:00:00+05:30,16.8090744,16.10132408,236973.8262,-9977.842765,-4.210525241,Stop Loss,4523119.369,4623119.369
CHAMBLFERT.NS,2021-10-28 00:00:00+05:30,2021-11-03 00:00:00+05:30,324.734436,320.5195007,319408.4154,-4145.805484,-1.297963762,UT Sell,4518973.564,4618973.564
SKMEGGPROD.NS,2021-05-28 00:00:00+05:30,2021-11-08 00:00:00+05:30,32.08020782,36.61841583,197550.4167,27946.35521,14.14644204,UT Sell,4546919.919,4646919.919
ZENITHSTL.NS,2021-10-20 00:00:00+05:30,2021-11-08 00:00:00+05:30,0.949999988,1.299999952,222654.3772,82030.55266,36.84210196,UT Sell,4628950.471,4728950.471
RMDRIP.NS,2021-10-22 00:00:00+05:30,2021-11-09 00:00:00+05:30,0.979343891,0.932709098,270106.8306,-12862.05624,-4.761840422,Stop Loss,4616088.415,4716088.415
IMFA.NS,2021-06-01 00:00:00+05:30,2021-11-11 00:00:00+05:30,189.0670471,322.160553,195764.565,137808.215,70.39487202,UT Sell,4753896.63,4853896.63
ZUARIIND.NS,2021-09-24 00:00:00+05:30,2021-11-11 00:00:00+05:30,128.8811951,130.6221924,270674.0575,3656.412458,1.350854416,UT Sell,4757553.043,4857553.043
CCCL.NS,2021-10-11 00:00:00+05:30,2021-11-15 00:00:00+05:30,0.449999988,0.850000024,222331.9995,197628.4669,88.88889919,UT Sell,4955181.509,5055181.509
SUPREMEINF.NS,2021-11-02 00:00:00+05:30,2021-11-15 00:00:00+05:30,19.45000076,18,226995.9834,-16922.58798,-7.455016484,Stop Loss,4938258.922,5038258.922
KIRIINDUS.NS,2021-11-09 00:00:00+05:30,2021-11-15 00:00:00+05:30,505.8500061,485.2000122,257244.7744,-10501.34023,-4.082236562,Stop Loss,4927757.581,5027757.581
PFC.NS,2021-11-08 00:00:00+05:30,2021-11-16 00:00:00+05:30,84.46479034,80.07155609,265090.8509,-13788.06721,-5.201261064,Stop Loss,4913969.514,5013969.514
HINDPETRO.NS,2021-11-08 00:00:00+05:30,2021-11-16 00:00:00+05:30,198.8470154,194.0742188,265090.8509,-6362.80468,-2.400235488,UT Sell,4907606.709,5007606.709
APARINDS.NS,2021-11-11 00:00:00+05:30,2021-11-16 00:00:00+05:30,704.0946045,665.1470947,303951.6249,-16813.3072,-5.531573388,Stop Loss,4890793.402,4990793.402
KINGFA.NS,2021-11-16 00:00:00+05:30,2021-11-17 00:00:00+05:30,992.2471924,945.9304199,265723.0492,-12403.59671,-4.667866316,Stop Loss,4878389.805,4978389.805
IRFC.NS,2021-11-03 00:00:00+05:30,2021-11-17 00:00:00+05:30,21.72673416,21.4551239,315262.6099,-3941.161097,-1.25012005,UT Sell,4874448.644,4974448.644
POWERINDIA.NS,2021-08-17 00:00:00+05:30,2021-11-18 00:00:00+05:30,1871.819092,2535.301758,216893.8214,76879.91402,35.44587556,UT Sell,4951328.558,5051328.558
ONGC.NS,2021-11-15 00:00:00+05:30,2021-11-18 00:00:00+05:30,117.305603,114.7037277,292259.0986,-6482.399066,-2.218031567,UT Sell,4944846.159,5044846.159
SIMPLEXINF.NS,2021-11-16 00:00:00+05:30,2021-11-18 00:00:00+05:30,42.90000153,39.54999924,265723.0492,-20749.94852,-7.808862866,Stop Loss,4924096.211,5024096.211
MSPL.NS,2021-11-15 00:00:00+05:30,2021-11-22 00:00:00+05:30,9.699999809,9.050000191,292259.0986,-19584.36148,-6.701027127,Stop Loss,4904511.849,5004511.849
CLSEL.NS,2021-11-17 00:00:00+05:30,2021-11-22 00:00:00+05:30,96.97190094,92.03533936,282320.4506,-14372.1251,-5.09071343,Stop Loss,4890139.724,4990139.724
PNB.NS,2021-11-18 00:00:00+05:30,2021-11-22 00:00:00+05:30,38.64507294,37.02133179,274841.1786,-11547.93865,-4.201677022,Stop Loss,4878591.786,4978591.786
PASHUPATI.NS,2021-11-18 00:00:00+05:30,2021-11-23 00:00:00+05:30,8.088421822,7.940463543,274841.1786,-5027.560206,-1.829260169,UT Sell,4873564.225,4973564.225
INDHOTEL.NS,2021-09-20 00:00:00+05:30,2021-11-26 00:00:00+05:30,154.5540161,180.171463,255384.7572,42330.21969,16.57507682,UT Sell,4915894.445,5015894.445
V2RETAIL.NS,2021-10-06 00:00:00+05:30,2021-11-26 00:00:00+05:30,15.19999981,16.60000038,236973.8262,21826.54582,9.210530196,UT Sell,4937720.991,5037720.991
GUJAPOLLO.NS,2021-10-20 00:00:00+05:30,2021-11-26 00:00:00+05:30,219.4132843,206.283493,222654.3772,-13323.73974,-5.984045725,Stop Loss,4924397.251,5024397.251
FINCABLES.NS,2021-10-28 00:00:00+05:30,2021-11-26 00:00:00+05:30,458.0464172,535.0318604,319408.4154,53684.07538,16.80734533,UT Sell,4978081.327,5078081.327
GICRE.NS,2021-11-11 00:00:00+05:30,2021-11-26 00:00:00+05:30,133.4280396,127.6562271,303951.6249,-13148.29908,-4.325786737,Stop Loss,4964933.027,5064933.027
UNIVCABLES.NS,2021-11-16 00:00:00+05:30,2021-11-26 00:00:00+05:30,161.7292633,153.8042297,265723.0492,-13020.92177,-4.90018529,Stop Loss,4951912.106,5051912.106
PASHUPATI.NS,2021-11-26 00:00:00+05:30,2021-11-29 00:00:00+05:30,8.088421822,7.817163944,280407.3217,-9403.898135,-3.353656416,UT Sell,4942508.208,5042508.208
JPOLYINVST.NS,2021-04-12 00:00:00+05:30,2021-11-29 00:00:00+05:30,33.79999924,405.6499939,176858.7545,1945707.941,1100.147938,UT Sell,6888216.149,6988216.149
IZMO.NS,2021-11-26 00:00:00+05:30,2021-11-29 00:00:00+05:30,72.40000153,69.05000305,280407.3217,-12974.64199,-4.627069618,Stop Loss,6875241.507,6975241.507
VEDL.NS,2021-11-23 00:00:00+05:30,2021-11-30 00:00:00+05:30,180.7307892,172.7034302,268432.4802,-11922.72716,-4.441611219,Stop Loss,6863318.78,6963318.78
WEWIN.NS,2021-11-26 00:00:00+05:30,2021-11-30 00:00:00+05:30,33.70000076,32.29999924,280407.3217,-11648.98129,-4.154307104,Stop Loss,6851669.798,6951669.798
THOMASCOTT.NS,2021-11-15 00:00:00+05:30,2021-12-01 00:00:00+05:30,23.14999962,35.59999847,292259.0986,157176.0477,53.77969357,UT Sell,7008845.846,7108845.846
LUPIN.NS,2021-11-26 00:00:00+05:30,2021-12-01 00:00:00+05:30,896.2533569,853.2203979,280407.3217,-13463.55546,-4.801427928,Stop Loss,6995382.291,7095382.291
LEXUS.NS,2021-11-26 00:00:00+05:30,2021-12-01 00:00:00+05:30,14.75,14.05000019,280407.3217,-13307.46249,-4.745761419,Stop Loss,6982074.828,7082074.828
EUROTEXIND.NS,2021-11-29 00:00:00+05:30,2021-12-01 00:00:00+05:30,9.800000191,9.449999809,887000.9331,-31678.63866,-3.571432394,UT Sell,6950396.19,7050396.19
SPECTRUM.NS,2021-11-30 00:00:00+05:30,2021-12-03 00:00:00+05:30,51.39997101,50.95084381,262634.0468,-2294.866923,-0.873788814,UT Sell,6948101.323,7048101.323
NPST.NS,2021-12-01 00:00:00+05:30,2021-12-03 00:00:00+05:30,21.01330948,20.98000908,459700.2666,-728.5003188,-0.158472895,UT Sell,6947372.822,7047372.822
BAJAJHLDNG.NS,2021-11-23 00:00:00+05:30,2021-12-06 00:00:00+05:30,4712.870605,4977.109375,268432.4802,15050.33221,5.606747812,UT Sell,6962423.155,7062423.155
ENGINERSIN.NS,2021-11-26 00:00:00+05:30,2021-12-06 00:00:00+05:30,65.31125641,62.39676666,280407.3217,-12513.06909,-4.462461613,Stop Loss,6949910.085,7049910.085
IPCALAB.NS,2021-11-29 00:00:00+05:30,2021-12-06 00:00:00+05:30,1048.888794,997.1702881,887000.9331,-43736.15508,-4.9307902,Stop Loss,6906173.93,7006173.93
PANSARI.NS,2021-10-19 00:00:00+05:30,2021-12-08 00:00:00+05:30,57.75,203.6999969,235141.0438,594265.5346,252.7272674,UT Sell,7500439.465,7600439.465
SONAMLTD.NS,2021-11-29 00:00:00+05:30,2021-12-09 00:00:00+05:30,16.98749924,16.8125,887000.9331,-9137.571363,-1.030164797,UT Sell,7491301.894,7591301.894
SARVESHWAR.NS,2021-11-30 00:00:00+05:30,2021-12-10 00:00:00+05:30,0.824999988,0.766665995,262634.0468,-18570.29437,-7.070787127,Stop Loss,7472731.599,7572731.599
KPIGREEN.NS,2021-10-26 00:00:00+05:30,2021-12-14 00:00:00+05:30,16.29206467,34.80492783,220687.4459,250769.7195,113.6311667,UT Sell,7723501.319,7823501.319
ASHOKA.NS,2021-12-03 00:00:00+05:30,2021-12-14 00:00:00+05:30,100.4000015,95.94999695,359655.473,-15940.92109,-4.432275408,Stop Loss,7707560.398,7807560.398
ABINFRA.NS,2021-12-10 00:00:00+05:30,2021-12-14 00:00:00+05:30,0.531561375,0.506644845,244063.7524,-11440.30024,-4.68742291,Stop Loss,7696120.097,7796120.097
ANANTRAJ.NS,2021-12-06 00:00:00+05:30,2021-12-15 00:00:00+05:30,69.0447464,73.26084137,464880.6144,28387.11013,6.106322625,UT Sell,7724507.208,7824507.208
KARURVYSYA.NS,2021-12-09 00:00:00+05:30,2021-12-15 00:00:00+05:30,39.39221191,37.76218796,877863.3617,-36325.41156,-4.137934574,Stop Loss,7688181.796,7788181.796
TORNTPOWER.NS,2021-11-23 00:00:00+05:30,2021-12-16 00:00:00+05:30,482.2879639,502.0586243,268432.4802,11003.98062,4.099347668,UT Sell,7699185.777,7799185.777
SCI.NS,2021-11-18 00:00:00+05:30,2021-12-17 00:00:00+05:30,132.0519257,133.2255402,274841.1786,2442.657245,0.888752281,UT Sell,7701628.434,7801628.434
UNIONBANK.NS,2021-12-01 00:00:00+05:30,2021-12-17 00:00:00+05:30,39.25297928,38.08705139,459700.2666,-13654.43771,-2.970291449,UT Sell,7687973.996,7787973.996
DCI.NS,2021-12-01 00:00:00+05:30,2021-12-17 00:00:00+05:30,39.22499847,41,459700.2666,20802.26147,4.525179337,UT Sell,7708776.258,7808776.258
KIRIINDUS.NS,2021-12-08 00:00:00+05:30,2021-12-17 00:00:00+05:30,490.1499939,463.3500061,829406.5784,-45349.55922,-5.467711543,Stop Loss,7663426.698,7763426.698
GABRIEL.NS,2021-12-15 00:00:00+05:30,2021-12-17 00:00:00+05:30,138.5988007,131.8566895,667402.8373,-32465.67883,-4.864480193,Stop Loss,7630961.02,7730961.02
JINDRILL.NS,2021-12-15 00:00:00+05:30,2021-12-17 00:00:00+05:30,136.9328308,128.2315674,667402.8373,-42409.46357,-6.354402649,Stop Loss,7588551.556,7688551.556
GENCON.NS,2021-12-17 00:00:00+05:30,2021-12-22 00:00:00+05:30,36.45375061,33.86059952,541303.2907,-38505.81068,-7.113537151,Stop Loss,7550045.745,7650045.745
NAGREEKCAP.NS,2021-12-20 00:00:00+05:30,2021-12-23 00:00:00+05:30,11.5,11.64999962,541303.2907,7060.459749,1.304344509,UT Sell,7557106.205,7657106.205
ABINFRA.NS,2021-12-22 00:00:00+05:30,2021-12-27 00:00:00+05:30,0.527409434,0.527409434,502797.48,0,0,UT Sell,7557106.205,7657106.205
KPIGREEN.NS,2021-12-27 00:00:00+05:30,2021-12-29 00:00:00+05:30,36.7779274,33.89812851,502797.48,-39370.23445,-7.830237028,Stop Loss,7517735.971,7617735.971
BSE.NS,2021-12-01 00:00:00+05:30,2021-12-30 00:00:00+05:30,175.3027649,202.7830048,459700.2666,72062.03279,15.67587362,UT Sell,7589798.003,7689798.003
V2RETAIL.NS,2021-12-06 00:00:00+05:30,2021-12-30 00:00:00+05:30,15.88000011,15.69999981,464880.6144,-5269.436515,-1.133503173,UT Sell,7584528.567,7684528.567
TFCILTD.NS,2021-12-21 00:00:00+05:30,2021-12-30 00:00:00+05:30,11.22093582,10.73509979,541303.2907,-23436.96154,-4.329728258,Stop Loss,7561091.605,7661091.605
NGIL.NS,2021-12-03 00:00:00+05:30,2022-01-06 00:00:00+05:30,132.778595,287.2074585,359655.473,418299.2445,116.3055412,UT Sell,7979390.85,8079390.85
SARVESHWAR.NS,2021-12-17 00:00:00+05:30,2022-01-06 00:00:00+05:30,0.836665988,1.475000024,541303.2907,412987.1647,76.29496658,UT Sell,8392378.015,8492378.015
NPST.NS,2021-12-30 00:00:00+05:30,2022-01-06 00:00:00+05:30,23.97715378,23.74404144,503079.9354,-4891.078384,-0.972226885,UT Sell,8387486.936,8487486.936
INDIANCARD.NS,2021-12-20 00:00:00+05:30,2022-01-12 00:00:00+05:30,174.327713,248.0429382,541303.2907,228892.4308,42.28543124,UT Sell,8616379.367,8716379.367
ASHOKA.NS,2021-12-23 00:00:00+05:30,2022-01-18 00:00:00+05:30,94.05000305,101.8000031,548363.7504,45186.80413,8.240297447,UT Sell,8661566.171,8761566.171
KIRLOSBROS.NS,2022-01-06 00:00:00+05:30,2022-01-18 00:00:00+05:30,351.1900635,367.8830872,743478.01,35339.54208,4.753273346,UT Sell,8696905.713,8796905.713
V2RETAIL.NS,2022-01-12 00:00:00+05:30,2022-01-18 00:00:00+05:30,16.09499931,15.40999985,770195.7215,-32779.35262,-4.255976981,Stop Loss,8664126.361,8764126.361
IMFA.NS,2021-11-23 00:00:00+05:30,2022-01-21 00:00:00+05:30,311.7836914,345.6930542,268432.4802,29194.51725,10.87592575,UT Sell,8693320.878,8793320.878
AXISBANK.NS,2022-01-18 00:00:00+05:30,2022-01-21 00:00:00+05:30,722.1846924,709.5374756,703261.4918,-12315.82536,-1.751244097,UT Sell,8681005.052,8781005.052
WILLAMAGOR.NS,2022-01-19 00:00:00+05:30,2022-01-21 00:00:00+05:30,26.10000038,25.60000038,703261.4918,-13472.44218,-1.915708784,UT Sell,8667532.61,8767532.61
MAHABANK.NS,2022-01-19 00:00:00+05:30,2022-01-21 00:00:00+05:30,18.68832016,17.64766884,703261.4918,-39160.82315,-5.568458334,Stop Loss,8628371.787,8728371.787
APTUS.NS,2022-01-21 00:00:00+05:30,2022-01-24 00:00:00+05:30,350.1499939,334.7147522,585615.5956,-25814.98906,-4.408179914,Stop Loss,8602556.798,8702556.798
TIIL.NS,2022-01-06 00:00:00+05:30,2022-01-24 00:00:00+05:30,819.4509277,821.2393188,743478.01,1622.585833,0.218242613,UT Sell,8604179.384,8704179.384
PRECWIRE.NS,2021-12-14 00:00:00+05:30,2022-01-24 00:00:00+05:30,45.44259262,67.85588837,349265.0565,172265.2814,49.32222053,UT Sell,8776444.665,8876444.665
FMNL.NS,2021-09-06 00:00:00+05:30,2022-01-24 00:00:00+05:30,8.300000191,9.25,218271.2262,24982.84561,11.44578057,UT Sell,8801427.511,8901427.511
MKPL.NS,2022-01-21 00:00:00+05:30,2022-01-25 00:00:00+05:30,1.458333015,1.455000043,585615.5956,-1338.405337,-0.228546737,UT Sell,8800089.106,8900089.106
HILTON.NS,2022-01-24 00:00:00+05:30,2022-01-31 00:00:00+05:30,25.09975243,27.59092712,517421.403,51354.57456,9.925096693,UT Sell,8851443.68,8951443.68
BPCL.NS,2022-01-31 00:00:00+05:30,2022-02-01 00:00:00+05:30,162.1249084,154.6934204,568775.9776,-26071.57601,-4.583803999,Stop Loss,8825372.104,8925372.104
PIGL.NS,2022-01-24 00:00:00+05:30,2022-02-02 00:00:00+05:30,66.91379547,65.02749634,517421.403,-14586.10347,-2.818998863,UT Sell,8810786.001,8910786.001
TDPOWERSYS.NS,2021-12-30 00:00:00+05:30,2022-02-04 00:00:00+05:30,85.93742371,81.86247253,503079.9354,-23854.87119,-4.741765573,Stop Loss,8786931.129,8886931.129
SONAMLTD.NS,2022-01-25 00:00:00+05:30,2022-02-04 00:00:00+05:30,17.67499924,18.02499962,539706.6654,10687.27281,1.980200264,UT Sell,8797618.402,8897618.402
ANTGRAPHIC.NS,2021-12-17 00:00:00+05:30,2022-02-07 00:00:00+05:30,1.100000024,2.599999905,541303.2907,738140.7763,136.3636226,UT Sell,9535759.178,9635759.178
TIMETECHNO.NS,2021-12-30 00:00:00+05:30,2022-02-07 00:00:00+05:30,35.7953949,38.44780731,503079.9354,37277.85292,7.409926395,UT Sell,9573037.031,9673037.031
INDIANCARD.NS,2022-01-21 00:00:00+05:30,2022-02-07 00:00:00+05:30,246.4459534,236.5696106,585615.5956,-23468.59535,-4.007508599,Stop Loss,9549568.436,9649568.436
INDIANHUME.NS,2022-02-01 00:00:00+05:30,2022-02-07 00:00:00+05:30,224.7983246,215.1295776,542704.4016,-23342.12916,-4.301076072,Stop Loss,9526226.307,9626226.307
CUBEXTUB.NS,2022-02-07 00:00:00+05:30,2022-02-08 00:00:00+05:30,33.40000153,31.39999962,725327.782,-43432.84075,-5.988029389,Stop Loss,9482793.466,9582793.466
SHAHALLOYS.NS,2022-02-07 00:00:00+05:30,2022-02-09 00:00:00+05:30,56.95000076,54.25,725327.782,-34387.80577,-4.741002154,Stop Loss,9448405.66,9548405.66
EXCELINDUS.NS,2022-02-07 00:00:00+05:30,2022-02-11 00:00:00+05:30,946.7435913,928.7971802,725327.782,-13749.26717,-1.895593622,UT Sell,9434656.393,9534656.393
CCCL.NS,2021-12-14 00:00:00+05:30,2022-02-11 00:00:00+05:30,0.800000012,3.849999905,349265.0565,1331572.961,381.2499809,UT Sell,10766229.35,10866229.35
TPHQ.NS,2021-09-17 00:00:00+05:30,2022-02-14 00:00:00+05:30,0.270000011,0.360000014,247900.6047,82633.53489,33.33333333,UT Sell,10848862.89,10948862.89
GOODLUCK.NS,2021-12-14 00:00:00+05:30,2022-02-14 00:00:00+05:30,277.5218811,304.1964111,349265.0565,33570.25832,9.611685364,UT Sell,10882433.15,10982433.15
ABINFRA.NS,2021-12-29 00:00:00+05:30,2022-02-14 00:00:00+05:30,0.552325964,0.892858148,463427.2456,285722.3853,61.65420528,UT Sell,11168155.53,11268155.53
GLOBAL.NS,2022-01-21 00:00:00+05:30,2022-02-14 00:00:00+05:30,13.31810188,13.75723648,585615.5956,19309.3634,3.297276156,UT Sell,11187464.9,11287464.9
BANKBARODA.NS,2022-01-25 00:00:00+05:30,2022-02-14 00:00:00+05:30,87.32180786,94.05932617,539706.6654,41642.33002,7.715733876,UT Sell,11229107.23,11329107.23
AXISBANK.NS,2022-01-25 00:00:00+05:30,2022-02-14 00:00:00+05:30,749.0723267,770.1343384,539706.6654,15175.18096,2.811746072,UT Sell,11244282.41,11344282.41
CHENNPETRO.NS,2022-02-02 00:00:00+05:30,2022-02-14 00:00:00+05:30,98.77031708,88.86711884,502835.2995,-50416.74262,-10.02649231,Stop Loss,11193865.66,11293865.66
GSFC.NS,2022-02-07 00:00:00+05:30,2022-02-14 00:00:00+05:30,118.6146927,109.5352173,725327.782,-55520.91066,-7.6545959,Stop Loss,11138344.75,11238344.75
HINDPETRO.NS,2022-02-09 00:00:00+05:30,2022-02-14 00:00:00+05:30,170.0952606,166.6163177,690939.9762,-14131.73239,-2.045290891,UT Sell,11124213.02,11224213.02
IVP.NS,2022-02-11 00:00:00+05:30,2022-02-14 00:00:00+05:30,137.8996124,124.5434875,1196208.266,-115857.5191,-9.685396966,Stop Loss,11008355.5,11108355.5
NPST.NS,2022-02-04 00:00:00+05:30,2022-02-16 00:00:00+05:30,24.31016731,25.64223289,514809.5012,28208.7741,5.479458718,UT Sell,11036564.28,11136564.28
SRHHYPOLTD.NS,2022-02-15 00:00:00+05:30,2022-02-17 00:00:00+05:30,379.7164917,361.7910156,608305.9305,-28716.6179,-4.720752579,Stop Loss,11007847.66,11107847.66
TERASOFT.NS,2022-02-17 00:00:00+05:30,2022-02-21 00:00:00+05:30,55.46987915,50.73099518,579589.3126,-49515.27831,-8.54316621,Stop Loss,10958332.38,11058332.38
ATALREAL.NS,2022-02-15 00:00:00+05:30,2022-02-21 00:00:00+05:30,9.666666031,8.306666374,608305.9305,-85582.33563,-14.06896289,Stop Loss,10872750.04,10972750.04
POWERMECH.NS,2022-02-15 00:00:00+05:30,2022-02-21 00:00:00+05:30,465.2997131,444.8154602,608305.9305,-26779.92741,-4.402378156,Stop Loss,10845970.12,10945970.12
DIACABS.NS,2022-02-14 00:00:00+05:30,2022-02-21 00:00:00+05:30,18,17.5,608305.9305,-16897.38696,-2.777777778,UT Sell,10829072.73,10929072.73
USHAMART.NS,2022-02-11 00:00:00+05:30,2022-02-21 00:00:00+05:30,87.09626007,82.81835175,1196208.266,-58754.17953,-4.911701515,Stop Loss,10770318.55,10870318.55
BLS.NS,2022-01-06 00:00:00+05:30,2022-02-21 00:00:00+05:30,48.51633453,52.75971985,743478.01,65026.83477,8.746302365,UT Sell,10835345.39,10935345.39
KAMDHENU.NS,2022-02-04 00:00:00+05:30,2022-02-22 00:00:00+05:30,12.02454472,11.50842476,514809.5012,-22096.75825,-4.292220364,Stop Loss,10813248.63,10913248.63
DCI.NS,2022-02-08 00:00:00+05:30,2022-02-22 00:00:00+05:30,38.15000153,39.29999924,681894.9412,20555.11377,3.014410656,UT Sell,10833803.74,10933803.74
ANANTRAJ.NS,2022-02-15 00:00:00+05:30,2022-02-22 00:00:00+05:30,72.81443787,68.84634399,608305.9305,-33150.2255,-5.449597619,Stop Loss,10800653.52,10900653.52
MANAKSIA.NS,2022-02-15 00:00:00+05:30,2022-02-22 00:00:00+05:30,71.19249725,66.29566193,608305.9305,-41841.1221,-6.878302512,Stop Loss,10758812.39,10858812.39
CHALET.NS,2022-02-21 00:00:00+05:30,2022-02-23 00:00:00+05:30,282.4371033,261.8598938,695281.8512,-50655.38532,-7.285590043,Stop Loss,10708157.01,10808157.01
GOCLCORP.NS,2022-02-23 00:00:00+05:30,2022-02-24 00:00:00+05:30,258.3587341,234.7739258,615966.3909,-56229.7587,-9.128705646,Stop Loss,10651927.25,10751927.25
20MICRONS.NS,2022-02-23 00:00:00+05:30,2022-02-24 00:00:00+05:30,73.8398819,66.46572876,615966.3909,-61514.59587,-9.986680568,Stop Loss,10590412.65,10690412.65
KIRIINDUS.NS,2022-02-23 00:00:00+05:30,2022-02-24 00:00:00+05:30,476.7999878,440.0499878,615966.3909,-47476.43759,-7.707634426,Stop Loss,10542936.22,10642936.22
FMNL.NS,2022-02-23 00:00:00+05:30,2022-02-24 00:00:00+05:30,9.050000191,8.199999809,615966.3909,-57853.22168,-9.392269211,Stop Loss,10485082.99,10585082.99
ZFCVINDIA.NS,2022-02-22 00:00:00+05:30,2022-02-24 00:00:00+05:30,7650.335449,7458.561035,606413.0325,-15201.22938,-2.506745166,UT Sell,10469881.76,10569881.76
NOIDATOLL.NS,2022-02-22 00:00:00+05:30,2022-02-24 00:00:00+05:30,7.800000191,7.699999809,606413.0325,-7774.555525,-1.282056141,UT Sell,10462107.21,10562107.21
BEPL.NS,2022-02-21 00:00:00+05:30,2022-02-24 00:00:00+05:30,72.66648102,65.86805725,695281.8512,-65048.15695,-9.355652939,Stop Loss,10397059.05,10497059.05
MONARCH.NS,2022-02-16 00:00:00+05:30,2022-02-24 00:00:00+05:30,87.13302612,77.70186615,543018.2753,-58775.55791,-10.82386369,Stop Loss,10338283.49,10438283.49
APOLLO.NS,2022-02-21 00:00:00+05:30,2022-02-24 00:00:00+05:30,13.03141403,12.00484753,695281.8512,-54771.72765,-7.877629419,Stop Loss,10283511.77,10383511.77
ANGELONE.NS,2022-02-21 00:00:00+05:30,2022-02-24 00:00:00+05:30,121.7190552,113.9011841,695281.8512,-44657.13178,-6.422881843,Stop Loss,10238854.64,10338854.64
EICHERMOT.NS,2022-02-15 00:00:00+05:30,2022-02-24 00:00:00+05:30,2613.235107,2510.729736,608305.9305,-23861.08505,-3.922546839,UT Sell,10214993.55,10314993.55
RBLBANK.NS,2022-02-15 00:00:00+05:30,2022-02-24 00:00:00+05:30,140.6824493,120.2338486,608305.9305,-88419.02581,-14.53528913,Stop Loss,10126574.52,10226574.52
THANGAMAYL.NS,2022-02-15 00:00:00+05:30,2022-02-24 00:00:00+05:30,548.7562256,510.0253906,608305.9305,-42933.81196,-7.057930854,Stop Loss,10083640.71,10183640.71
EXCELINDUS.NS,2022-02-14 00:00:00+05:30,2022-02-24 00:00:00+05:30,1114.546997,1080.381714,608305.9305,-18646.98792,-3.065396371,UT Sell,10064993.72,10164993.72
JMFINANCIL.NS,2022-02-25 00:00:00+05:30,2022-03-02 00:00:00+05:30,62.64094543,59.69900131,578258.2783,-27158.01192,-4.696519348,Stop Loss,10037835.71,10137835.71
MAZDOCK.NS,2022-02-25 00:00:00+05:30,2022-03-04 00:00:00+05:30,116.2213211,115.8617249,578258.2783,-1789.168354,-0.30940644,UT Sell,10036046.54,10136046.54
ANANTRAJ.NS,2022-02-25 00:00:00+05:30,2022-03-04 00:00:00+05:30,70.5823822,67.25911713,578258.2783,-27226.41941,-4.708349268,Stop Loss,10008820.12,10108820.12
VEDL.NS,2022-02-25 00:00:00+05:30,2022-03-04 00:00:00+05:30,192.0608673,197.7813416,578258.2783,17223.24612,2.978469442,UT Sell,10026043.37,10126043.37
TIIL.NS,2022-02-25 00:00:00+05:30,2022-03-04 00:00:00+05:30,852.189209,819.5502319,578258.2783,-22147.38051,-3.830015296,UT Sell,10003895.99,10103895.99
PANSARI.NS,2022-02-25 00:00:00+05:30,2022-03-04 00:00:00+05:30,125.6500015,151.6499939,578258.2783,119655.4766,20.6923932,UT Sell,10123551.47,10223551.47
ASIANENE.NS,2022-02-25 00:00:00+05:30,2022-03-04 00:00:00+05:30,124.1979141,118.6636047,578258.2783,-25767.42323,-4.456040527,Stop Loss,10097784.04,10197784.04
CEATLTD.NS,2022-03-04 00:00:00+05:30,2022-03-07 00:00:00+05:30,1027.943481,979.6525269,588249.6668,-27634.92202,-4.697821958,Stop Loss,10070149.12,10170149.12
HECPROJECT.NS,2022-03-04 00:00:00+05:30,2022-03-07 00:00:00+05:30,39.29999924,37.34999847,588249.6668,-29187.97255,-4.961834099,Stop Loss,10040961.15,10140961.15
SANSERA.NS,2022-02-24 00:00:00+05:30,2022-03-07 00:00:00+05:30,656.5038452,614.7479248,578258.2783,-36779.2311,-6.360346663,Stop Loss,10004181.92,10104181.92
RMDRIP.NS,2022-02-24 00:00:00+05:30,2022-03-07 00:00:00+05:30,0.781143486,0.781143486,578258.2783,0,0,UT Sell,10004181.92,10104181.92
FMGOETZE.NS,2022-02-21 00:00:00+05:30,2022-03-07 00:00:00+05:30,255.1999969,262.1499939,695281.8512,18934.97963,2.723353069,UT Sell,10023116.9,10123116.9
ONGC.NS,2022-03-07 00:00:00+05:30,2022-03-08 00:00:00+05:30,145.6298828,139.5149231,590726.1191,-24804.43129,-4.198973177,Stop Loss,9998312.466,10098312.47
PNBHOUSING.NS,2022-03-07 00:00:00+05:30,2022-03-11 00:00:00+05:30,350.959137,334.5195007,590726.1191,-27670.8069,-4.684202375,Stop Loss,9970641.66,10070641.66
BEL.NS,2022-02-25 00:00:00+05:30,2022-03-14 00:00:00+05:30,63.31988144,66.37277985,578258.2783,27880.08658,4.821389961,UT Sell,9998521.746,10098521.75
SAMPANN.NS,2022-03-07 00:00:00+05:30,2022-03-16 00:00:00+05:30,19.25,24.45000076,590726.1191,159572.7932,27.01299098,UT Sell,10158094.54,10258094.54
ECLERX.NS,2022-03-04 00:00:00+05:30,2022-03-17 00:00:00+05:30,746.0218506,775.4068604,588249.6668,23170.53072,3.93889398,UT Sell,10181265.07,10281265.07
MAGNUM.NS,2021-12-06 00:00:00+05:30,2022-03-22 00:00:00+05:30,7.247037888,11.82411575,464880.6144,293608.8928,63.15791274,UT Sell,10474873.96,10574873.96
CCCL.NS,2022-03-14 00:00:00+05:30,2022-03-22 00:00:00+05:30,2.900000095,2.75,606138.3649,-31352.00329,-5.172416912,Stop Loss,10443521.96,10543521.96
SUPREMEINF.NS,2022-03-07 00:00:00+05:30,2022-03-24 00:00:00+05:30,17.04999924,16.14999962,590726.1191,-31182.01206,-5.278590374,Stop Loss,10412339.95,10512339.95
MACPOWER.NS,2022-03-24 00:00:00+05:30,2022-03-25 00:00:00+05:30,230.6370087,221.1960144,559544.107,-22904.61854,-4.093442903,Stop Loss,10389435.33,10489435.33
MAZDOCK.NS,2022-03-16 00:00:00+05:30,2022-03-28 00:00:00+05:30,122.3104858,115.6219864,750298.9123,-41029.79257,-5.468459556,Stop Loss,10348405.54,10448405.54
GABRIEL.NS,2022-03-11 00:00:00+05:30,2022-03-28 00:00:00+05:30,114.4716187,107.8258209,563055.3122,-32688.90367,-5.80562921,Stop Loss,10315716.63,10415716.63
ALMONDZ.NS,2022-03-07 00:00:00+05:30,2022-03-28 00:00:00+05:30,16.42499924,15.69999981,590726.1191,-26074.64951,-4.413999765,Stop Loss,10289641.98,10389641.98
BHARATWIRE.NS,2022-03-04 00:00:00+05:30,2022-03-28 00:00:00+05:30,66.90000153,62.84999847,588249.6668,-35611.55294,-6.053816083,Stop Loss,10254030.43,10354030.43
ISGEC.NS,2022-02-25 00:00:00+05:30,2022-03-28 00:00:00+05:30,542.027771,512.8552856,578258.2783,-31122.44806,-5.382101603,Stop Loss,10222907.98,10322907.98
GRANULES.NS,2022-02-25 00:00:00+05:30,2022-03-28 00:00:00+05:30,284.3125,307.3635254,578258.2783,46883.08201,8.107636981,UT Sell,10269791.06,10369791.06
NDRAUTO.NS,2022-02-25 00:00:00+05:30,2022-03-28 00:00:00+05:30,96.752388,91.62335968,578258.2783,-30654.57243,-5.301190416,Stop Loss,10239136.49,10339136.49
KALYANKJIL.NS,2022-03-04 00:00:00+05:30,2022-03-28 00:00:00+05:30,61.45031357,58.57370377,588249.6668,-27537.12161,-4.681196295,Stop Loss,10211599.37,10311599.37
LUMAXTECH.NS,2022-03-22 00:00:00+05:30,2022-03-29 00:00:00+05:30,169.5071869,161.3647308,666637.9344,-32022.65452,-4.803605206,Stop Loss,10179576.72,10279576.72
GOLDIAM.NS,2022-03-28 00:00:00+05:30,2022-03-30 00:00:00+05:30,166.8353424,153.0524902,579689.8192,-47890.207,-8.261350367,Stop Loss,10131686.51,10231686.51
SARVESHWAR.NS,2022-03-22 00:00:00+05:30,2022-03-31 00:00:00+05:30,1.246665955,1.429999948,666637.9344,98035.39907,14.70594366,UT Sell,10229721.91,10329721.91
WILLAMAGOR.NS,2022-03-30 00:00:00+05:30,2022-03-31 00:00:00+05:30,21.95000076,21,531799.6122,-23016.40181,-4.328021549,Stop Loss,10206705.51,10306705.51
NPST.NS,2022-03-28 00:00:00+05:30,2022-04-01 00:00:00+05:30,26.60797882,26.30826378,579689.8192,-6529.686442,-1.126410405,UT Sell,10200175.82,10300175.82
JPOLYINVST.NS,2022-03-29 00:00:00+05:30,2022-04-05 00:00:00+05:30,261,301.3500061,634615.2798,98110.07822,15.45977245,UT Sell,10298285.9,10398285.9
SERVOTECH.NS,2021-11-17 00:00:00+05:30,2022-04-07 00:00:00+05:30,4.507314682,18.01778984,282320.4506,846242.986,299.7455494,UT Sell,11144528.88,11244528.88
GSFC.NS,2022-03-04 00:00:00+05:30,2022-04-07 00:00:00+05:30,113.4264221,153.5908356,588249.6668,208299.8158,35.41010349,UT Sell,11352828.7,11452828.7
NDRAUTO.NS,2022-03-31 00:00:00+05:30,2022-04-11 00:00:00+05:30,96.752388,91.84422302,636728.2719,-32300.67463,-5.072913526,Stop Loss,11320528.02,11420528.02
TEMBO.NS,2022-04-07 00:00:00+05:30,2022-04-12 00:00:00+05:30,195.6067963,193.2932739,962556.4596,-11384.55265,-1.182741287,UT Sell,11309143.47,11409143.47
MAHSCOOTER.NS,2022-03-28 00:00:00+05:30,2022-04-12 00:00:00+05:30,3292.768799,3478.361084,579689.8192,32673.40187,5.636359444,UT Sell,11341816.87,11441816.87
SBIN.NS,2022-03-28 00:00:00+05:30,2022-04-18 00:00:00+05:30,463.2897034,474.4645691,579689.8192,13982.51643,2.412068656,UT Sell,11355799.39,11455799.39
PIGL.NS,2022-03-28 00:00:00+05:30,2022-04-18 00:00:00+05:30,41.29990387,43.23583984,579689.8192,27173.0021,4.687507216,UT Sell,11382972.39,11482972.39
PCJEWELLER.NS,2022-03-31 00:00:00+05:30,2022-04-18 00:00:00+05:30,2.089999914,2.329999924,636728.2719,73117.12804,11.48325452,UT Sell,11456089.52,11556089.52
ALANKIT.NS,2022-04-12 00:00:00+05:30,2022-04-18 00:00:00+05:30,15.31259537,14.57404613,781767.564,-37705.81149,-4.823148622,Stop Loss,11418383.71,11518383.71
ABINFRA.NS,2022-04-11 00:00:00+05:30,2022-04-20 00:00:00+05:30,0.8845523,0.876246393,604427.5973,-5675.548593,-0.938995608,UT Sell,11412708.16,11512708.16
NEXTMEDIA.NS,2022-03-17 00:00:00+05:30,2022-04-21 00:00:00+05:30,4.400000095,7.699999809,611420.1975,458565.0985,74.99999187,UT Sell,11871273.26,11971273.26
RGL.NS,2022-04-12 00:00:00+05:30,2022-04-21 00:00:00+05:30,161.7478485,154.4001007,781767.564,-35513.49185,-4.542717489,Stop Loss,11835759.77,11935759.77
ICICIBANK.NS,2022-03-28 00:00:00+05:30,2022-04-22 00:00:00+05:30,689.0533447,725.2351074,579689.8192,30439.15197,5.250937822,UT Sell,11866198.92,11966198.92
MAZDA.NS,2022-04-18 00:00:00+05:30,2022-04-22 00:00:00+05:30,105.7055969,100.7789688,663610.5773,-30928.94436,-4.66070696,Stop Loss,11835269.97,11935269.97
TNPETRO.NS,2022-04-18 00:00:00+05:30,2022-04-25 00:00:00+05:30,113.4715729,113.2380905,663610.5773,-1365.464145,-0.205762866,UT Sell,11833904.51,11933904.51
PGEL.NS,2022-04-18 00:00:00+05:30,2022-04-25 00:00:00+05:30,81.80725861,77.34068298,663610.5773,-36232.32068,-5.459876909,Stop Loss,11797672.19,11897672.19
BPCL.NS,2022-04-20 00:00:00+05:30,2022-04-25 00:00:00+05:30,161.374054,152.993927,598752.0487,-31093.09123,-5.192982854,Stop Loss,11766579.1,11866579.1
REFEX.NS,2022-04-07 00:00:00+05:30,2022-04-25 00:00:00+05:30,26.42094803,24.99843597,962556.4596,-51824.33898,-5.384031084,Stop Loss,11714754.76,11814754.76
SPIC.NS,2022-04-18 00:00:00+05:30,2022-04-25 00:00:00+05:30,73.0708847,74.57266235,663610.5773,13638.75005,2.055233976,UT Sell,11728393.51,11828393.51
SWELECTES.NS,2022-04-25 00:00:00+05:30,2022-04-26 00:00:00+05:30,439.3929749,417.746582,689052.755,-33945.71025,-4.92643125,Stop Loss,11694447.8,11794447.8
BALPHARMA.NS,2022-04-25 00:00:00+05:30,2022-04-26 00:00:00+05:30,122.9188004,116.9309387,689052.755,-33566.48896,-4.871396089,Stop Loss,11660881.31,11760881.31
SOUTHBANK.NS,2022-04-21 00:00:00+05:30,2022-04-29 00:00:00+05:30,8.035632133,7.650691509,908119.6841,-43502.75775,-4.790421187,Stop Loss,11617378.55,11717378.55
DCI.NS,2022-04-25 00:00:00+05:30,2022-04-29 00:00:00+05:30,43.25,43,689052.755,-3982.963902,-0.578034682,UT Sell,11613395.59,11713395.59
BANKBARODA.NS,2022-04-26 00:00:00+05:30,2022-04-29 00:00:00+05:30,102.3925629,100.0876312,666548.6886,-15004.49954,-2.251073297,UT Sell,11598391.09,11698391.09
BANCOINDIA.NS,2022-04-21 00:00:00+05:30,2022-05-02 00:00:00+05:30,57.93767929,55.58669281,908119.6841,-36849.54465,-4.057785036,Stop Loss,11561541.54,11661541.54
ABINFRA.NS,2022-04-22 00:00:00+05:30,2022-05-02 00:00:00+05:30,0.917774618,0.913621724,621405.302,-2811.834532,-0.452496064,UT Sell,11558729.71,11658729.71
MARINE.NS,2022-04-29 00:00:00+05:30,2022-05-04 00:00:00+05:30,32.12203598,30.32639313,733743.6355,-41016.74986,-5.590065505,Stop Loss,11517712.96,11617712.96
PNB.NS,2022-04-26 00:00:00+05:30,2022-05-04 00:00:00+05:30,33.03155899,31.87174797,666548.6886,-23403.99721,-3.511220952,UT Sell,11494308.96,11594308.96
NPST.NS,2022-04-22 00:00:00+05:30,2022-05-04 00:00:00+05:30,25.97525024,23.31111908,621405.302,-63733.94733,-10.25642155,Stop Loss,11430575.02,11530575.02
CANBK.NS,2022-04-26 00:00:00+05:30,2022-05-04 00:00:00+05:30,41.18767548,38.9757309,666548.6886,-35796.35758,-5.370404021,Stop Loss,11394778.66,11494778.66
BANARISUG.NS,2022-03-28 00:00:00+05:30,2022-05-04 00:00:00+05:30,2322.342041,2511.24585,579689.8192,47153.0949,8.13419407,UT Sell,11441931.75,11541931.75
AXISCADES.NS,2022-03-28 00:00:00+05:30,2022-05-04 00:00:00+05:30,110.1500015,155.3000031,579689.8192,237612.3092,40.98956051,UT Sell,11679544.06,11779544.06
GABRIEL.NS,2022-04-01 00:00:00+05:30,2022-05-04 00:00:00+05:30,113.1713562,110.5226746,573160.1327,-13414.33709,-2.340416983,UT Sell,11666129.73,11766129.73
TVSHLTD.NS,2022-05-02 00:00:00+05:30,2022-05-05 00:00:00+05:30,3158.4021,3015.525146,744931.8035,-33698.55484,-4.523710048,Stop Loss,11632431.17,11732431.17
INDOTECH.NS,2022-05-04 00:00:00+05:30,2022-05-05 00:00:00+05:30,248.8500061,238.1000061,646883.7287,-27944.54456,-4.319871303,Stop Loss,11604486.63,11704486.63
SHRADHA.NS,2022-05-04 00:00:00+05:30,2022-05-05 00:00:00+05:30,10.08320618,9.492922783,646883.7287,-37869.37568,-5.854124011,Stop Loss,11566617.25,11666617.25
ROML.NS,2022-04-25 00:00:00+05:30,2022-05-06 00:00:00+05:30,75.44999695,69.84999847,689052.755,-51142.406,-7.422132141,Stop Loss,11515474.84,11615474.84
DCI.NS,2022-05-04 00:00:00+05:30,2022-05-06 00:00:00+05:30,43.90000153,43.25,646883.7287,-9578.027246,-1.480641238,UT Sell,11505896.82,11605896.82
WEWIN.NS,2022-05-04 00:00:00+05:30,2022-05-06 00:00:00+05:30,43.15000153,42.90000153,646883.7287,-3747.877786,-0.579374255,UT Sell,11502148.94,11602148.94
FIBERWEB.NS,2022-05-05 00:00:00+05:30,2022-05-06 00:00:00+05:30,48.09999847,45.5,646395.5953,-34940.28305,-5.405402405,Stop Loss,11467208.66,11567208.66
KIRIINDUS.NS,2022-03-08 00:00:00+05:30,2022-05-09 00:00:00+05:30,467.2000122,479.1000061,565921.6878,14414.52152,2.547087668,UT Sell,11481623.18,11581623.18
SARVESHWAR.NS,2022-05-06 00:00:00+05:30,2022-05-10 00:00:00+05:30,1.414999962,1.411666036,632451.8034,-1490.139714,-0.235613165,UT Sell,11480133.04,11580133.04
REFEX.NS,2022-05-09 00:00:00+05:30,2022-05-10 00:00:00+05:30,27.75393295,25.26702118,606394.0064,-54336.38528,-8.960574265,Stop Loss,11425796.65,11525796.65
PONNIERODE.NS,2022-05-05 00:00:00+05:30,2022-05-10 00:00:00+05:30,258.403595,244.9343567,646395.5953,-33693.24756,-5.212480996,Stop Loss,11392103.4,11492103.4
UMAEXPORTS.NS,2022-05-06 00:00:00+05:30,2022-05-10 00:00:00+05:30,61.95000076,59.40000153,632451.8034,-26033.11697,-4.116221478,Stop Loss,11366070.29,11466070.29
BRITANNIA.NS,2022-05-04 00:00:00+05:30,2022-05-10 00:00:00+05:30,3188.124268,3057.320557,646883.7287,-26540.61923,-4.102842297,Stop Loss,11339529.67,11439529.67
PREMIERPOL.NS,2022-05-04 00:00:00+05:30,2022-05-10 00:00:00+05:30,23.17086983,19.05641937,646883.7287,-114867.1186,-17.75699611,Stop Loss,11224662.55,11324662.55
ONGC.NS,2022-05-04 00:00:00+05:30,2022-05-10 00:00:00+05:30,126.3891449,120.3131104,646883.7287,-31098.30267,-4.807402211,Stop Loss,11193564.25,11293564.25
KAMDHENU.NS,2022-05-05 00:00:00+05:30,2022-05-10 00:00:00+05:30,12.40511799,9.801059723,646395.5953,-135690.1074,-20.99180571,Stop Loss,11057874.14,11157874.14
NDRAUTO.NS,2022-04-29 00:00:00+05:30,2022-05-11 00:00:00+05:30,93.83203125,93.43937683,733743.6355,-3070.461942,-0.418465223,UT Sell,11054803.68,11154803.68
VESUVIUS.NS,2022-05-09 00:00:00+05:30,2022-05-11 00:00:00+05:30,104.2180862,97.65441895,606394.0064,-38190.76566,-6.298011731,Stop Loss,11016612.91,11116612.91
SHRADHA.NS,2022-05-10 00:00:00+05:30,2022-05-11 00:00:00+05:30,9.812255859,9.009083748,585123.869,-47894.7125,-8.18539715,Stop Loss,10968718.2,11068718.2
VGL.NS,2022-04-05 00:00:00+05:30,2022-05-12 00:00:00+05:30,12.72500038,11.85000038,732725.358,-50383.86397,-6.876227692,Stop Loss,10918334.34,11018334.34
VOLTAMP.NS,2022-05-02 00:00:00+05:30,2022-05-12 00:00:00+05:30,1840.093628,1719.875122,744931.8035,-48668.49546,-6.533282004,Stop Loss,10869665.84,10969665.84
AAVAS.NS,2022-05-10 00:00:00+05:30,2022-05-12 00:00:00+05:30,2306.899902,2148.550049,585123.869,-40163.97888,-6.864183979,Stop Loss,10829501.86,10929501.86
BAJAJHLDNG.NS,2022-05-11 00:00:00+05:30,2022-05-12 00:00:00+05:30,4841.768555,4602.921387,596657.2924,-29433.44006,-4.933056285,Stop Loss,10800068.42,10900068.42
INDOTHAI.NS,2022-05-11 00:00:00+05:30,2022-05-12 00:00:00+05:30,33.123909,31.47042465,596657.2924,-29784.02978,-4.991815261,Stop Loss,10770284.39,10870284.39
ASIANTILES.NS,2022-05-06 00:00:00+05:30,2022-05-13 00:00:00+05:30,75.93448639,69.33148956,632451.8034,-54995.79241,-8.695649553,Stop Loss,10715288.6,10815288.6
SREEL.NS,2022-05-10 00:00:00+05:30,2022-05-13 00:00:00+05:30,179.147171,167.5523682,585123.869,-37870.51657,-6.472222135,Stop Loss,10677418.08,10777418.08
CIGNITITEC.NS,2022-05-11 00:00:00+05:30,2022-05-17 00:00:00+05:30,387.0509033,376.849823,596657.2924,-15725.44829,-2.6355914,UT Sell,10661692.63,10761692.63
MANAKCOAT.NS,2022-05-12 00:00:00+05:30,2022-05-18 00:00:00+05:30,24.23620224,22.29132271,611532.3614,-49073.56198,-8.024687666,Stop Loss,10612619.07,10712619.07
RMDRIP.NS,2022-03-25 00:00:00+05:30,2022-05-18 00:00:00+05:30,0.856925786,1.005576253,536639.4885,93090.57112,17.34694765,UT Sell,10705709.64,10805709.64
SKIPPER.NS,2022-05-12 00:00:00+05:30,2022-05-19 00:00:00+05:30,59.04478836,56.90124512,611532.3614,-22200.87662,-3.630368239,UT Sell,10683508.77,10783508.77
UNIONBANK.NS,2022-05-13 00:00:00+05:30,2022-05-19 00:00:00+05:30,31.22101784,30.65964508,578747.2416,-10406.22494,-1.798060396,UT Sell,10673102.54,10773102.54
KAMDHENU.NS,2022-05-18 00:00:00+05:30,2022-05-19 00:00:00+05:30,10.46836567,9.962673187,596094.4295,-28795.37084,-4.830672695,Stop Loss,10644307.17,10744307.17
CHENNPETRO.NS,2022-03-02 00:00:00+05:30,2022-05-23 00:00:00+05:30,92.40085602,284.2700195,551100.2664,1144352.462,207.6486862,UT Sell,11788659.63,11888659.63
WEWIN.NS,2022-05-11 00:00:00+05:30,2022-05-23 00:00:00+05:30,43,47.84999847,596657.2924,67297.37111,11.27906622,UT Sell,11855957,11955957
GUJGASLTD.NS,2022-05-11 00:00:00+05:30,2022-05-23 00:00:00+05:30,516.1901245,530.6460571,596657.2924,16709.42005,2.800505459,UT Sell,11872666.42,11972666.42
AVANTIFEED.NS,2022-05-12 00:00:00+05:30,2022-05-24 00:00:00+05:30,433.5063477,408.9502869,611532.3614,-34640.38283,-5.664521621,Stop Loss,11838026.04,11938026.04
KRBL.NS,2022-05-12 00:00:00+05:30,2022-05-24 00:00:00+05:30,226.9249573,218.9118652,611532.3614,-21594.20963,-3.531163843,UT Sell,11816431.83,11916431.83
REPCOHOME.NS,2022-05-18 00:00:00+05:30,2022-05-24 00:00:00+05:30,152.3772736,139.1642456,596094.4295,-51688.8915,-8.671258939,Stop Loss,11764742.94,11864742.94
RMDRIP.NS,2022-05-23 00:00:00+05:30,2022-05-24 00:00:00+05:30,1.055127144,1.002662301,990924.7016,-49272.45877,-4.972371633,Stop Loss,11715470.48,11815470.48
JPOLYINVST.NS,2022-05-17 00:00:00+05:30,2022-05-25 00:00:00+05:30,231.8000031,222.0500031,580931.8441,-24435.22608,-4.206212197,Stop Loss,11691035.26,11791035.26
KRISHNADEF.NS,2022-05-23 00:00:00+05:30,2022-05-25 00:00:00+05:30,88.17581177,81.58509064,990924.7016,-74066.89248,-7.474522772,Stop Loss,11616968.36,11716968.36
CENTEXT.NS,2022-05-24 00:00:00+05:30,2022-05-25 00:00:00+05:30,10.39999962,9.75,663221.9778,-41451.35081,-6.249996561,Stop Loss,11575517.01,11675517.01
KRIDHANINF.NS,2022-05-24 00:00:00+05:30,2022-05-26 00:00:00+05:30,5.150000095,4.900000095,663221.9778,-32195.24105,-4.854368842,Stop Loss,11543321.77,11643321.77
UGROCAP.NS,2022-05-25 00:00:00+05:30,2022-06-03 00:00:00+05:30,153.5,150,698375.0181,-15923.86035,-2.280130293,UT Sell,11527397.91,11627397.91
SUPREMEINF.NS,2022-05-23 00:00:00+05:30,2022-06-06 00:00:00+05:30,11.69999981,11.19999981,990924.7016,-42347.21016,-4.273504343,Stop Loss,11485050.7,11585050.7
SHEKHAWATI.NS,2021-05-06 00:00:00+05:30,2022-06-06 00:00:00+05:30,0.5,0.550000012,170599.6969,17059.97376,10.00000238,UT Sell,11502110.67,11602110.67
NAGREEKCAP.NS,2022-06-03 00:00:00+05:30,2022-06-07 00:00:00+05:30,11.55000019,11,682451.1577,-32497.68491,-4.761906335,Stop Loss,11469612.99,11569612.99
DCI.NS,2022-05-24 00:00:00+05:30,2022-06-08 00:00:00+05:30,42,40,663221.9778,-31581.99894,-4.761904762,Stop Loss,11438030.99,11538030.99
ABINFRA.NS,2022-05-26 00:00:00+05:30,2022-06-08 00:00:00+05:30,0.909469783,0.90531683,631026.7368,-2881.486358,-0.456634591,UT Sell,11435149.5,11535149.5
URAVIDEF.NS,2022-05-19 00:00:00+05:30,2022-06-09 00:00:00+05:30,55.5,109,574990.5201,554270.141,96.3963964,UT Sell,11989419.65,12089419.65
GESHIP.NS,2022-02-25 00:00:00+05:30,2022-06-13 00:00:00+05:30,275.0284119,330.5045776,578258.2783,116640.8659,20.1710672,UT Sell,12106060.51,12206060.51
SIGACHI.NS,2022-05-13 00:00:00+05:30,2022-06-13 00:00:00+05:30,26.6539917,25.79817772,578747.2416,-18582.58177,-3.210828568,UT Sell,12087477.93,12187477.93
VSTIND.NS,2022-05-19 00:00:00+05:30,2022-06-13 00:00:00+05:30,250.3608704,246.0124359,574990.5201,-9986.818552,-1.736866645,UT Sell,12077491.11,12177491.11
LUMAXIND.NS,2022-05-25 00:00:00+05:30,2022-06-13 00:00:00+05:30,960.6868286,1101.050049,698375.0181,102037.5876,14.61071559,UT Sell,12179528.7,12279528.7
KAMDHENU.NS,2022-06-06 00:00:00+05:30,2022-06-13 00:00:00+05:30,10.72381973,10.23898029,568118.5811,-25685.46481,-4.521144998,Stop Loss,12153843.23,12253843.23
UJJIVANSFB.NS,2022-06-07 00:00:00+05:30,2022-06-13 00:00:00+05:30,15.50780869,14.53276443,649953.4728,-40865.43816,-6.287440542,Stop Loss,12112977.8,12212977.8
JSL.NS,2022-06-08 00:00:00+05:30,2022-06-13 00:00:00+05:30,114.0145645,105.9514389,629892.6147,-44546.09194,-7.072013689,Stop Loss,12068431.7,12168431.7
HINDPETRO.NS,2022-06-09 00:00:00+05:30,2022-06-13 00:00:00+05:30,137.2032928,130.4466248,1129260.661,-55611.19793,-4.924567006,Stop Loss,12012820.51,12112820.51
TARACHAND.NS,2022-06-13 00:00:00+05:30,2022-06-14 00:00:00+05:30,8.519033432,7.97102499,678874.656,-43670.33484,-6.432753743,Stop Loss,11969150.17,12069150.17
ELDEHSG.NS,2022-06-13 00:00:00+05:30,2022-06-14 00:00:00+05:30,621.8718262,582.4790039,678874.656,-43003.69873,-6.334556513,Stop Loss,11926146.47,12026146.47
NPST.NS,2022-05-11 00:00:00+05:30,2022-06-15 00:00:00+05:30,24.80969238,27.9733448,596657.2924,76083.82474,12.75167935,UT Sell,12002230.3,12102230.3
EICHERMOT.NS,2022-05-10 00:00:00+05:30,2022-06-16 00:00:00+05:30,2317.327637,2544.642822,585123.869,57396.95102,9.809367564,UT Sell,12059627.25,12159627.25
INDIANCARD.NS,2022-05-19 00:00:00+05:30,2022-06-16 00:00:00+05:30,212.6411896,202.6307678,574990.5201,-27068.59203,-4.707658837,Stop Loss,12032558.66,12132558.66
VSTTILLERS.NS,2022-06-13 00:00:00+05:30,2022-06-16 00:00:00+05:30,2581.243896,2425.625488,678874.656,-40928.09419,-6.028814573,Stop Loss,11991630.56,12091630.56
PONNIERODE.NS,2022-06-14 00:00:00+05:30,2022-06-16 00:00:00+05:30,235.2664948,218.5120392,666492.6512,-47464.13858,-7.121479658,Stop Loss,11944166.42,12044166.42
GULPOLY.NS,2022-06-14 00:00:00+05:30,2022-06-17 00:00:00+05:30,190.407486,181.3660278,666492.6512,-31648.25883,-4.748478288,Stop Loss,11912518.16,12012518.16
SKMEGGPROD.NS,2022-06-15 00:00:00+05:30,2022-06-17 00:00:00+05:30,29.65388298,26.62054443,668054.7677,-68336.28768,-10.22914452,Stop Loss,11844181.88,11944181.88
MKPL.NS,2022-06-16 00:00:00+05:30,2022-06-17 00:00:00+05:30,2.255554914,2.177777052,611854.4556,-21098.4585,-3.4482806,UT Sell,11823083.42,11923083.42
MOLDTECH.NS,2022-06-16 00:00:00+05:30,2022-06-17 00:00:00+05:30,93.49372101,89.63034058,611854.4556,-25283.26508,-4.132235182,Stop Loss,11797800.15,11897800.15
PAR.NS,2022-06-14 00:00:00+05:30,2022-06-20 00:00:00+05:30,150.5,143.3500061,666492.6512,-31663.90956,-4.750826509,Stop Loss,11766136.24,11866136.24
RMDRIP.NS,2022-06-15 00:00:00+05:30,2022-06-20 00:00:00+05:30,0.915220797,0.883158267,668054.7677,-23403.67095,-3.503256331,UT Sell,11742732.57,11842732.57
GESHIP.NS,2022-06-15 00:00:00+05:30,2022-06-20 00:00:00+05:30,344.3536987,322.2735901,668054.7677,-42835.9617,-6.412043409,Stop Loss,11699896.61,11799896.61
BHARATGEAR.NS,2022-06-16 00:00:00+05:30,2022-06-20 00:00:00+05:30,87.06666565,82.46666718,611854.4556,-32326.1439,-5.283306119,Stop Loss,11667570.47,11767570.47
WABAG.NS,2022-06-17 00:00:00+05:30,2022-06-20 00:00:00+05:30,240.9299774,229.9083405,602972.515,-27583.71636,-4.574622503,Stop Loss,11639986.75,11739986.75
MAHASTEEL.NS,2022-06-17 00:00:00+05:30,2022-06-20 00:00:00+05:30,70.65000153,61.45000076,602972.515,-78518.71873,-13.02193994,Stop Loss,11561468.03,11661468.03
FMNL.NS,2022-06-06 00:00:00+05:30,2022-06-21 00:00:00+05:30,5.449999809,5.099999905,568118.5811,-36484.67085,-6.422016824,Stop Loss,11524983.36,11624983.36
GOODLUCK.NS,2022-05-25 00:00:00+05:30,2022-06-28 00:00:00+05:30,271.6213074,270.9873962,698375.0181,-1629.871026,-0.233380488,UT Sell,11523353.49,11623353.49
INDIANB.NS,2022-05-13 00:00:00+05:30,2022-06-29 00:00:00+05:30,129.1273956,138.7603302,578747.2416,43174.68252,7.460023896,UT Sell,11566528.17,11666528.17
NAGREEKCAP.NS,2022-06-15 00:00:00+05:30,2022-06-29 00:00:00+05:30,10.5,10.94999981,668054.7677,28630.90648,4.285712469,UT Sell,11595159.08,11695159.08
KOHINOOR.NS,2021-04-12 00:00:00+05:30,2022-07-01 00:00:00+05:30,6.800000191,116.8000031,176858.7545,2860950.435,1617.647056,UT Sell,14456109.51,14556109.51
IRIS.NS,2022-06-20 00:00:00+05:30,2022-07-01 00:00:00+05:30,79.25,75.80000305,598148.8666,-26039.26516,-4.353308452,Stop Loss,14430070.25,14530070.25
JPOLYINVST.NS,2022-06-28 00:00:00+05:30,2022-07-01 00:00:00+05:30,295.6000061,278,696745.147,-41484.16302,-5.953993823,Stop Loss,14388586.09,14488586.09
ISGEC.NS,2022-06-16 00:00:00+05:30,2022-07-04 00:00:00+05:30,448.0166321,469.7114258,611854.4556,29628.48975,4.842408104,UT Sell,14418214.58,14518214.58
CCCL.NS,2022-06-29 00:00:00+05:30,2022-07-04 00:00:00+05:30,2.200000048,2.099999905,659303.7992,-29968.39673,-4.545460949,Stop Loss,14388246.18,14488246.18
DBL.NS,2022-07-04 00:00:00+05:30,2022-07-05 00:00:00+05:30,206.8306122,196.6284485,635409.1739,-31342.30633,-4.93261785,Stop Loss,14356903.87,14456903.87
BRITANNIA.NS,2022-06-20 00:00:00+05:30,2022-07-12 00:00:00+05:30,3236.553711,3568.868896,598148.8666,61415.31065,10.26756282,UT Sell,14418319.18,14518319.18
SEJALLTD.NS,2021-12-16 00:00:00+05:30,2022-07-13 00:00:00+05:30,15,232.8000031,279436.4609,4057417.468,1452.00002,UT Sell,18475736.65,18575736.65
APARINDS.NS,2022-06-14 00:00:00+05:30,2022-07-13 00:00:00+05:30,834.064209,919.4396973,666492.6512,68222.72784,10.23608103,UT Sell,18543959.38,18643959.38
HDFCBANK.NS,2022-06-20 00:00:00+05:30,2022-07-13 00:00:00+05:30,636.1760254,653.3535767,598148.8666,16150.77025,2.700125529,UT Sell,18560110.15,18660110.15
KIRIINDUS.NS,2022-06-29 00:00:00+05:30,2022-07-13 00:00:00+05:30,469.75,472.5499878,659303.7992,3929.840531,0.596059136,UT Sell,18564039.99,18664039.99
TERASOFT.NS,2022-07-13 00:00:00+05:30,2022-07-14 00:00:00+05:30,43.2485466,39.35767746,1587275.646,-142799.7543,-8.996531552,Stop Loss,18421240.24,18521240.24
HINDPETRO.NS,2022-07-01 00:00:00+05:30,2022-07-20 00:00:00+05:30,131.366684,134.7593994,1421726.592,36717.93817,2.582630049,UT Sell,18457958.17,18557958.17
FIEMIND.NS,2022-06-17 00:00:00+05:30,2022-07-20 00:00:00+05:30,528.4146118,742.3736572,602972.515,244148.1004,40.49075113,UT Sell,18702106.28,18802106.28
INSPIRISYS.NS,2022-05-11 00:00:00+05:30,2022-07-25 00:00:00+05:30,49.34999847,61.09999847,596657.2924,142061.2645,23.80952455,UT Sell,18844167.54,18944167.54
VOLTAMP.NS,2022-05-24 00:00:00+05:30,2022-07-26 00:00:00+05:30,1879.495605,3054.743408,663221.9778,414712.4207,62.52995747,UT Sell,19258879.96,19358879.96
IZMO.NS,2022-07-13 00:00:00+05:30,2022-07-26 00:00:00+05:30,76.44999695,71.94999695,1587275.646,-93430.22489,-5.886200366,Stop Loss,19165449.74,19265449.74
NPST.NS,2022-07-12 00:00:00+05:30,2022-07-27 00:00:00+05:30,28.63937759,29.30540848,659564.1772,15338.67524,2.325577368,UT Sell,19180788.41,19280788.41
WANBURY.NS,2022-07-14 00:00:00+05:30,2022-07-28 00:00:00+05:30,65.40000153,62.20000076,1444475.892,-70677.73468,-4.892967413,Stop Loss,19110110.68,19210110.68
KOHINOOR.NS,2022-07-20 00:00:00+05:30,2022-07-28 00:00:00+05:30,73.40000153,88.90000153,1152782.573,243435.0069,21.11716577,UT Sell,19353545.68,19453545.68
MBAPL.NS,2022-04-29 00:00:00+05:30,2022-08-01 00:00:00+05:30,115.3379135,181.4780884,733743.6355,420763.0508,57.34469512,UT Sell,19774308.73,19874308.73
GRAVITA.NS,2022-07-13 00:00:00+05:30,2022-08-03 00:00:00+05:30,245.2298584,278.3410645,1587275.646,214315.7091,13.50211033,UT Sell,19988624.44,20088624.44
CHENNPETRO.NS,2022-07-20 00:00:00+05:30,2022-08-03 00:00:00+05:30,250.0232697,236.1936951,1152782.573,-63764.03521,-5.531314987,Stop Loss,19924860.41,20024860.41
MAZDOCK.NS,2022-07-27 00:00:00+05:30,2022-08-03 00:00:00+05:30,133.6736908,131.1325836,980396.3812,-18637.11749,-1.900977793,UT Sell,19906223.29,20006223.29
CUPID.NS,2022-06-21 00:00:00+05:30,2022-08-04 00:00:00+05:30,2.023795605,2.126125097,575977.2145,29123.22566,5.056315585,UT Sell,19935346.52,20035346.52
ENGINERSIN.NS,2022-07-01 00:00:00+05:30,2022-08-08 00:00:00+05:30,53.47365952,60.43661499,1421726.592,185127.0148,13.02128102,UT Sell,20120473.53,20220473.53
NITCO.NS,2022-08-01 00:00:00+05:30,2022-08-10 00:00:00+05:30,24.70000076,23.39999962,1154506.686,-60763.56142,-5.263162365,Stop Loss,20059709.97,20159709.97
DRCSYSTEMS.NS,2022-08-03 00:00:00+05:30,2022-08-11 00:00:00+05:30,7.599999905,8.75,1284123.052,194308.112,15.13158039,UT Sell,20254018.08,20354018.08
SILINV.NS,2022-07-26 00:00:00+05:30,2022-08-12 00:00:00+05:30,302.304718,284.0083313,1285889.91,-77825.90766,-6.052299428,Stop Loss,20176192.17,20276192.17
KHAITANLTD.NS,2022-06-08 00:00:00+05:30,2022-08-16 00:00:00+05:30,42.59999847,49.04999924,629892.6147,95371.07959,15.1408474,UT Sell,20271563.25,20371563.25
MWL.NS,2022-08-03 00:00:00+05:30,2022-08-16 00:00:00+05:30,112.1131134,108.2605972,1284123.052,-44126.01415,-3.436276148,UT Sell,20227437.24,20327437.24
RADHIKAJWE.NS,2022-07-27 00:00:00+05:30,2022-08-17 00:00:00+05:30,30.42153358,31.1560173,980396.3812,23670.24588,2.414354677,UT Sell,20251107.48,20351107.48
CANBK.NS,2022-08-11 00:00:00+05:30,2022-08-19 00:00:00+05:30,41.75111389,41.70590973,1478431.164,-1600.705622,-0.108270555,UT Sell,20249506.78,20349506.78
ULTRACEMCO.NS,2022-06-20 00:00:00+05:30,2022-08-22 00:00:00+05:30,5214.559082,6359.808105,598148.8666,131368.6152,21.96252848,UT Sell,20380875.39,20480875.39
RAMCOCEM.NS,2022-06-20 00:00:00+05:30,2022-08-22 00:00:00+05:30,590.734436,725.5014648,598148.8666,136458.5178,22.81347092,UT Sell,20517333.91,20617333.91
STCINDIA.NS,2022-06-21 00:00:00+05:30,2022-08-22 00:00:00+05:30,77.80000305,88.5,575977.2145,79215.34955,13.75320891,UT Sell,20596549.26,20696549.26
IRFC.NS,2022-07-01 00:00:00+05:30,2022-08-22 00:00:00+05:30,17.83456802,18.7285347,1421726.592,71264.75909,5.012550198,UT Sell,20667814.02,20767814.02
MAGNUM.NS,2022-08-10 00:00:00+05:30,2022-08-26 00:00:00+05:30,12.49160576,11.87179375,1093743.125,-54269.65433,-4.961828156,Stop Loss,20613544.37,20713544.37
PFC.NS,2022-06-21 00:00:00+05:30,2022-08-29 00:00:00+05:30,67.29902649,77.8319397,575977.2145,90145.70234,15.65091467,UT Sell,20703690.07,20803690.07
V2RETAIL.NS,2022-08-22 00:00:00+05:30,2022-08-29 00:00:00+05:30,11.64999962,11.16499996,903077.1952,-37595.89219,-4.163087318,Stop Loss,20666094.18,20766094.18
BANCOINDIA.NS,2022-08-16 00:00:00+05:30,2022-09-01 00:00:00+05:30,79.15625,100.5142975,982630.3661,265134.6674,26.98213658,UT Sell,20931228.84,21031228.84
ABINFRA.NS,2022-07-13 00:00:00+05:30,2022-09-02 00:00:00+05:30,0.90531683,1.407808781,1587275.646,881010.062,55.50454101,UT Sell,21812238.91,21912238.91
SHEKHAWATI.NS,2022-08-16 00:00:00+05:30,2022-09-12 00:00:00+05:30,0.600000024,0.949999988,982630.3661,573200.9656,58.33332505,UT Sell,22385439.87,22485439.87
NPST.NS,2022-09-12 00:00:00+05:30,2022-09-13 00:00:00+05:30,43.29207993,41.12747574,1555831.332,-77791.57344,-5.000000441,Stop Loss,22307648.3,22407648.3
RMDRIP.NS,2022-08-08 00:00:00+05:30,2022-09-15 00:00:00+05:30,0.778228402,1.049297094,1606853.607,559691.3509,34.83150852,UT Sell,22867339.65,22967339.65
EDELWEISS.NS,2022-07-28 00:00:00+05:30,2022-09-15 00:00:00+05:30,28.37719154,34.79358673,1385007.868,313165.5156,22.61110011,UT Sell,23180505.16,23280505.16
UNIVCABLES.NS,2022-07-05 00:00:00+05:30,2022-09-16 00:00:00+05:30,145.0475616,210.2962952,604066.8676,271735.6819,44.98437118,UT Sell,23452240.85,23552240.85
GICRE.NS,2022-08-03 00:00:00+05:30,2022-09-16 00:00:00+05:30,112.241539,113.1604233,1284123.052,10512.68981,0.818666855,UT Sell,23462753.54,23562753.54
KIRIINDUS.NS,2022-08-12 00:00:00+05:30,2022-09-16 00:00:00+05:30,481.2000122,482.9500122,1208064.002,4393.416356,0.363674139,UT Sell,23467146.95,23567146.95
ORIENTCEM.NS,2022-08-17 00:00:00+05:30,2022-09-16 00:00:00+05:30,114.7852936,126.4940872,1004066.627,102420.864,10.20060434,UT Sell,23569567.82,23669567.82
ASHOKA.NS,2022-09-01 00:00:00+05:30,2022-09-16 00:00:00+05:30,84.84999847,85.25,1247765.034,5882.238378,0.47142196,UT Sell,23575450.05,23675450.05
ENGINERSIN.NS,2022-09-13 00:00:00+05:30,2022-09-16 00:00:00+05:30,65.21921539,61.33932495,1478039.758,-87928.56977,-5.948998955,Stop Loss,23487521.49,23587521.49
PFC.NS,2022-09-15 00:00:00+05:30,2022-09-16 00:00:00+05:30,79.29078674,76.18070221,1932359.171,-75794.43486,-3.9223782,UT Sell,23411727.05,23511727.05
KANPRPLA.NS,2022-08-29 00:00:00+05:30,2022-09-19 00:00:00+05:30,118.9817963,113.2310104,765802.1099,-37013.76226,-4.8333325,Stop Loss,23374713.29,23474713.29
NPST.NS,2022-09-15 00:00:00+05:30,2022-09-19 00:00:00+05:30,41.96001816,39.62890244,1932359.171,-107353.4532,-5.555564142,Stop Loss,23267359.83,23367359.83
INSPIRISYS.NS,2022-09-19 00:00:00+05:30,2022-09-20 00:00:00+05:30,65.55000305,62.29999924,1281794.858,-63552.0669,-4.958052881,Stop Loss,23203807.77,23303807.77
NAGREEKCAP.NS,2022-07-25 00:00:00+05:30,2022-09-21 00:00:00+05:30,11.85000038,12.60000038,738718.5569,46754.33754,6.32911372,UT Sell,23250562.11,23350562.11
KARURVYSYA.NS,2022-08-04 00:00:00+05:30,2022-09-21 00:00:00+05:30,48.80513763,65.87689209,605100.4401,211660.6291,34.97942078,UT Sell,23462222.73,23562222.73
SIGIND.NS,2022-09-16 00:00:00+05:30,2022-09-21 00:00:00+05:30,43.37189102,40.91687775,1284243.771,-72693.06069,-5.660378686,Stop Loss,23389529.67,23489529.67
APOLLO.NS,2022-09-19 00:00:00+05:30,2022-09-23 00:00:00+05:30,16.83047676,16.25648499,1281794.858,-43714.72757,-3.410430873,UT Sell,23345814.95,23445814.95
DBL.NS,2022-09-20 00:00:00+05:30,2022-09-23 00:00:00+05:30,237.5864716,228.8749237,1218242.791,-44669.12742,-3.666685142,UT Sell,23301145.82,23401145.82
KTKBANK.NS,2022-09-19 00:00:00+05:30,2022-09-23 00:00:00+05:30,82.91792297,77.62232971,1281794.858,-81862.44868,-6.386548374,Stop Loss,23219283.37,23319283.37
GABRIEL.NS,2022-07-28 00:00:00+05:30,2022-09-23 00:00:00+05:30,128.170166,152.8723755,1385007.868,266932.2788,19.27297923,UT Sell,23486215.65,23586215.65
INDOTECH.NS,2022-09-02 00:00:00+05:30,2022-09-23 00:00:00+05:30,188.5,214.4499969,2468285.708,339798.4435,13.76657663,UT Sell,23826014.09,23926014.09
LATTEYS.NS,2022-09-16 00:00:00+05:30,2022-09-23 00:00:00+05:30,6.383999825,6.440000057,1284243.771,11265.34336,0.877196652,UT Sell,23837279.44,23937279.44
MAZDOCK.NS,2022-08-26 00:00:00+05:30,2022-09-26 00:00:00+05:30,169.8010559,201.9465332,1039473.471,196785.4126,18.93125877,UT Sell,24034064.85,24134064.85
MANINDS.NS,2022-08-29 00:00:00+05:30,2022-09-26 00:00:00+05:30,87.6064682,87.7050705,765802.1099,861.9208952,0.112551387,UT Sell,24034926.77,24134926.77
EUROBOND.NS,2022-09-19 00:00:00+05:30,2022-09-26 00:00:00+05:30,121.5,112.0500031,1281794.858,-99695.12345,-7.777775266,Stop Loss,23935231.65,24035231.65
ESCORTS.NS,2022-09-19 00:00:00+05:30,2022-09-26 00:00:00+05:30,2041.755371,1957.958618,1281794.858,-52606.81498,-4.104152442,Stop Loss,23882624.83,23982624.83
CSLFINANCE.NS,2022-09-21 00:00:00+05:30,2022-09-26 00:00:00+05:30,247.5093842,236.0370483,937928.2247,-43474.01858,-4.635111454,Stop Loss,23839150.81,23939150.81
GODFRYPHLP.NS,2022-09-23 00:00:00+05:30,2022-09-26 00:00:00+05:30,374.9971313,355.4009399,1561186.603,-81582.78806,-5.225691017,Stop Loss,23757568.02,23857568.02
ELECTHERM.NS,2022-08-22 00:00:00+05:30,2022-09-27 00:00:00+05:30,84.5,80.90000153,903077.1952,-38474.2784,-4.260353224,Stop Loss,23719093.75,23819093.75
PRICOLLTD.NS,2022-09-21 00:00:00+05:30,2022-09-27 00:00:00+05:30,172.7628784,165.288269,937928.2247,-40579.5919,-4.326513568,Stop Loss,23678514.15,23778514.15
JSLL.NS,2022-09-26 00:00:00+05:30,2022-09-27 00:00:00+05:30,88.23995972,83.41780853,1274647.614,-69657.14307,-5.464815713,Stop Loss,23608857.01,23708857.01
EMAMILTD.NS,2022-09-26 00:00:00+05:30,2022-09-27 00:00:00+05:30,484.3375549,464.0118713,1274647.614,-53491.7927,-4.196594583,Stop Loss,23555365.22,23655365.22
GOKUL.NS,2022-09-23 00:00:00+05:30,2022-09-28 00:00:00+05:30,33.5,30.89999962,1561186.603,-121166.7392,-7.761195169,Stop Loss,23434198.48,23534198.48
FILATEX.NS,2022-09-27 00:00:00+05:30,2022-09-29 00:00:00+05:30,53.41369247,49.95169449,1183598.352,-76714.69471,-6.481480357,Stop Loss,23357483.78,23457483.78
CARERATING.NS,2022-09-21 00:00:00+05:30,2022-09-29 00:00:00+05:30,490.4787598,469.483551,937928.2247,-40148.52523,-4.280554116,Stop Loss,23317335.26,23417335.26
IGL.NS,2022-09-27 00:00:00+05:30,2022-09-30 00:00:00+05:30,193.5388336,181.5727692,1183598.352,-73179.1853,-6.182771814,Stop Loss,23244156.07,23344156.07
GUJGASLTD.NS,2022-09-27 00:00:00+05:30,2022-10-03 00:00:00+05:30,498.2870789,476.2492065,1183598.352,-52347.31235,-4.422726025,Stop Loss,23191808.76,23291808.76
ABINFRA.NS,2022-09-19 00:00:00+05:30,2022-10-10 00:00:00+05:30,1.333058238,1.345516086,1281794.858,11978.77522,0.934531384,UT Sell,23203787.54,23303787.54
INDIANB.NS,2022-09-29 00:00:00+05:30,2022-10-10 00:00:00+05:30,179.4497833,183.4724884,1002331.678,22469.15353,2.241688457,UT Sell,23226256.69,23326256.69
BANKINDIA.NS,2022-09-29 00:00:00+05:30,2022-10-10 00:00:00+05:30,44.26662064,43.7155838,1002331.678,-12477.15926,-1.244813421,UT Sell,23213779.53,23313779.53
PARADEEP.NS,2022-08-22 00:00:00+05:30,2022-10-11 00:00:00+05:30,49.23655701,62.65130997,903077.1952,246048.0223,27.24551385,UT Sell,23459827.55,23559827.55
KALYANKJIL.NS,2022-09-27 00:00:00+05:30,2022-10-11 00:00:00+05:30,95.92002106,96.81276703,1183598.352,11015.97612,0.930719116,UT Sell,23470843.53,23570843.53
LUPIN.NS,2022-10-03 00:00:00+05:30,2022-10-11 00:00:00+05:30,711.4334106,670.8912964,1131251.04,-64466.05997,-5.698651996,Stop Loss,23406377.47,23506377.47
INSPIRISYS.NS,2022-10-10 00:00:00+05:30,2022-10-11 00:00:00+05:30,51.34999847,48.40000153,1102809.662,-63355.11651,-5.744882251,Stop Loss,23343022.35,23443022.35
JSLL.NS,2022-10-10 00:00:00+05:30,2022-10-12 00:00:00+05:30,85.91202545,82.05983734,1102809.662,-49448.6103,-4.483875325,Stop Loss,23293573.74,23393573.74
RAMRAT.NS,2022-10-11 00:00:00+05:30,2022-10-12 00:00:00+05:30,109.0783157,101.7042084,1112494.768,-75208.86072,-6.760378826,Stop Loss,23218364.88,23318364.88
DEVIT.NS,2022-10-11 00:00:00+05:30,2022-10-13 00:00:00+05:30,48.31177902,46.92208099,1112494.768,-32001.13547,-2.876520088,UT Sell,23186363.75,23286363.75
360ONE.NS,2022-09-27 00:00:00+05:30,2022-10-13 00:00:00+05:30,418.2857666,411.0303345,1183598.352,-20530.26471,-1.734563475,UT Sell,23165833.48,23265833.48
NPST.NS,2022-10-13 00:00:00+05:30,2022-10-14 00:00:00+05:30,41.96001816,39.86201859,1121780.86,-56089.0073,-4.999996818,Stop Loss,23109744.47,23209744.47
TDPOWERSYS.NS,2022-08-22 00:00:00+05:30,2022-10-17 00:00:00+05:30,108.2858582,117.3520432,903077.1952,75609.73389,8.372455233,UT Sell,23185354.21,23285354.21
GLAXO.NS,2022-09-16 00:00:00+05:30,2022-10-19 00:00:00+05:30,1358.610962,1297.832886,1284243.771,-57451.22624,-4.473545251,Stop Loss,23127902.98,23227902.98
CUPID.NS,2022-10-10 00:00:00+05:30,2022-10-19 00:00:00+05:30,2.441710472,2.3082757,1102809.662,-60266.42306,-5.464807315,Stop Loss,23067636.56,23167636.56
OMAXAUTO.NS,2022-10-11 00:00:00+05:30,2022-10-19 00:00:00+05:30,77.80706024,73.63795471,1112494.768,-59610.37563,-5.358261213,Stop Loss,23008026.18,23108026.18
BFINVEST.NS,2022-10-11 00:00:00+05:30,2022-10-20 00:00:00+05:30,308.1000061,294.6000061,1112494.768,-48746.11836,-4.381694168,Stop Loss,22959280.07,23059280.07
SBCL.NS,2022-09-27 00:00:00+05:30,2022-10-21 00:00:00+05:30,415.7604065,438.6374512,1183598.352,65127.01056,5.502458705,UT Sell,23024407.08,23124407.08
MARKSANS.NS,2022-10-12 00:00:00+05:30,2022-10-21 00:00:00+05:30,47.96138763,47.26916122,1045323.479,-15087.14728,-1.443299379,UT Sell,23009319.93,23109319.93
FORCEMOT.NS,2022-10-13 00:00:00+05:30,2022-10-21 00:00:00+05:30,1322.015381,1234.208618,1121780.86,-74507.41284,-6.64188662,Stop Loss,22934812.52,23034812.52
UNOMINDA.NS,2022-09-27 00:00:00+05:30,2022-10-25 00:00:00+05:30,539.090332,527.3353882,1183598.352,-25808.53586,-2.180514684,UT Sell,22909003.98,23009003.98
KPIGREEN.NS,2022-09-28 00:00:00+05:30,2022-10-25 00:00:00+05:30,96.8443222,84.92476654,1440019.864,-177236.9978,-12.30795507,Stop Loss,22731766.98,22831766.98
IPCALAB.NS,2022-09-26 00:00:00+05:30,2022-10-28 00:00:00+05:30,882.3555908,891.6061401,1274647.614,13363.30923,1.048392441,UT Sell,22745130.29,22845130.29
JSLL.NS,2022-10-21 00:00:00+05:30,2022-10-28 00:00:00+05:30,81.61642456,77.76423645,1108745.047,-52331.3109,-4.719868741,Stop Loss,22692798.98,22792798.98
RMDRIP.NS,2022-10-25 00:00:00+05:30,2022-10-28 00:00:00+05:30,0.909390688,0.891902447,1210286.341,-23274.68241,-1.923072385,UT Sell,22669524.3,22769524.3
REPCOHOME.NS,2022-10-19 00:00:00+05:30,2022-10-31 00:00:00+05:30,213.5136261,203.9050293,1107406.725,-49835.81101,-4.500226509,Stop Loss,22619688.49,22719688.49
PRUDENT.NS,2022-09-27 00:00:00+05:30,2022-10-31 00:00:00+05:30,669.8178101,688.8600464,1183598.352,33648.49247,2.842897881,UT Sell,22653336.98,22753336.98
LINCOLN.NS,2022-10-19 00:00:00+05:30,2022-11-01 00:00:00+05:30,296.8735046,286.8091736,1107406.725,-37542.27885,-3.390107537,UT Sell,22615794.7,22715794.7
LGBBROSLTD.NS,2022-10-28 00:00:00+05:30,2022-11-01 00:00:00+05:30,719.3208008,699.7672119,1177145.439,-31998.82157,-2.71834053,UT Sell,22583795.88,22683795.88
PNBHOUSING.NS,2022-10-19 00:00:00+05:30,2022-11-02 00:00:00+05:30,350.3822937,348.7342224,1107406.725,-5208.839778,-0.470363748,UT Sell,22578587.04,22678587.04
HINDPETRO.NS,2022-10-20 00:00:00+05:30,2022-11-03 00:00:00+05:30,124.8558121,128.1654663,1063748.649,28197.64787,2.650781074,UT Sell,22606784.69,22706784.69
SCI.NS,2022-10-21 00:00:00+05:30,2022-11-07 00:00:00+05:30,116.7457199,119.5231171,1108745.047,26377.20118,2.379014115,UT Sell,22633161.89,22733161.89
CCCL.NS,2022-08-19 00:00:00+05:30,2022-11-14 00:00:00+05:30,1.700000048,2,1476830.459,260617.091,17.64705552,UT Sell,22893778.98,22993778.98
STCINDIA.NS,2022-11-03 00:00:00+05:30,2022-11-16 00:00:00+05:30,85.40000153,81.69999695,1091946.297,-47309.20639,-4.332557976,Stop Loss,22846469.77,22946469.77
CAPLIPOINT.NS,2022-09-27 00:00:00+05:30,2022-11-17 00:00:00+05:30,723.4962769,721.2212524,1183598.352,-3721.809267,-0.314448669,UT Sell,22842747.96,22942747.96
LAGNAM.NS,2022-11-16 00:00:00+05:30,2022-11-17 00:00:00+05:30,59.84358215,56.65458298,1044637.091,-55667.57039,-5.328890854,Stop Loss,22787080.39,22887080.39
MUTHOOTFIN.NS,2022-09-27 00:00:00+05:30,2022-11-18 00:00:00+05:30,956.7195435,1003.418701,1183598.352,57773.51001,4.881175265,UT Sell,22844853.9,22944853.9
HECPROJECT.NS,2022-11-17 00:00:00+05:30,2022-11-18 00:00:00+05:30,33.75,31.54999924,1084423.032,-70688.34065,-6.518520779,Stop Loss,22774165.56,22874165.56
RMDRIP.NS,2022-10-31 00:00:00+05:30,2022-11-22 00:00:00+05:30,0.929794014,1.025979757,1137408.879,117663.1786,10.34484439,UT Sell,22891828.74,22991828.74
NAVNETEDUL.NS,2022-11-17 00:00:00+05:30,2022-11-23 00:00:00+05:30,123.1233749,117.3050461,1084423.032,-51245.5886,-4.725608651,Stop Loss,22840583.15,22940583.15
BPCL.NS,2022-11-07 00:00:00+05:30,2022-12-06 00:00:00+05:30,130.4397888,138.3567047,1135122.248,68895.13891,6.069402569,UT Sell,22909478.29,23009478.29
DPABHUSHAN.NS,2022-12-06 00:00:00+05:30,2022-12-08 00:00:00+05:30,325.8780212,312.0544128,1204017.387,-51073.91043,-4.241957879,Stop Loss,22858404.38,22958404.38
GABRIEL.NS,2022-09-30 00:00:00+05:30,2022-12-09 00:00:00+05:30,149.1840363,176.5762024,1110419.167,203887.675,18.36132526,UT Sell,23062292.06,23162292.06
APOLLO.NS,2022-10-12 00:00:00+05:30,2022-12-09 00:00:00+05:30,19.8551712,26.11419296,1045323.479,329521.3289,31.52338348,UT Sell,23391813.38,23491813.38
INDIANB.NS,2022-10-17 00:00:00+05:30,2022-12-09 00:00:00+05:30,189.0672913,252.1359253,978686.9291,326468.1445,33.35777099,UT Sell,23718281.53,23818281.53
KIRLOSBROS.NS,2022-10-21 00:00:00+05:30,2022-12-09 00:00:00+05:30,346.1268311,347.1143494,1108745.047,3163.308757,0.285305334,UT Sell,23721444.84,23821444.84
FORCEMOT.NS,2022-10-25 00:00:00+05:30,2022-12-09 00:00:00+05:30,1301.118652,1485.964355,1210286.341,171941.4515,14.20667537,UT Sell,23893386.29,23993386.29
SKMEGGPROD.NS,2022-07-04 00:00:00+05:30,2022-12-12 00:00:00+05:30,28.6589489,66.85748291,635409.1739,846915.1827,133.2865841,UT Sell,24740301.47,24840301.47
SAGARDEEP.NS,2022-12-09 00:00:00+05:30,2022-12-12 00:00:00+05:30,31.39999962,30.04999924,1297688.574,-55792.35961,-4.299364324,Stop Loss,24684509.11,24784509.11
IZMO.NS,2022-11-18 00:00:00+05:30,2022-12-13 00:00:00+05:30,78.65000153,77.5,1127553.277,-16486.81454,-1.462176101,UT Sell,24668022.3,24768022.3
KEI.NS,2022-12-09 00:00:00+05:30,2022-12-13 00:00:00+05:30,1606.658813,1517.706787,1297688.574,-71846.01194,-5.536460238,Stop Loss,24596176.29,24696176.29
GESHIP.NS,2022-10-28 00:00:00+05:30,2022-12-15 00:00:00+05:30,483.1601257,610.3116455,1177145.439,309785.1491,26.31664183,UT Sell,24905961.44,25005961.44
CANBK.NS,2022-12-08 00:00:00+05:30,2022-12-15 00:00:00+05:30,58.65768814,57.95249176,1152943.477,-13860.95485,-1.202223277,UT Sell,24892100.48,24992100.48
MALLCOM.NS,2022-12-09 00:00:00+05:30,2022-12-15 00:00:00+05:30,670.2964478,657.4424438,1297688.574,-24885.249,-1.917659559,UT Sell,24867215.23,24967215.23
BPCL.NS,2022-12-12 00:00:00+05:30,2022-12-16 00:00:00+05:30,146.9684753,143.91539,1362110.286,-28296.12893,-2.077374294,UT Sell,24838919.1,24938919.1
IOC.NS,2022-12-12 00:00:00+05:30,2022-12-16 00:00:00+05:30,65.52445984,63.90503311,1362110.286,-33664.34165,-2.471484284,UT Sell,24805254.76,24905254.76
NAGREEKCAP.NS,2022-11-02 00:00:00+05:30,2022-12-19 00:00:00+05:30,12.80000019,19.45000076,1102197.885,572626.2859,51.9531287,UT Sell,25377881.05,25477881.05
MAGADSUGAR.NS,2022-11-01 00:00:00+05:30,2022-12-21 00:00:00+05:30,272.4367371,298.7618408,1107505.532,107016.3971,9.662831835,UT Sell,25484897.44,25584897.44
INDUSINDBK.NS,2022-11-22 00:00:00+05:30,2022-12-21 00:00:00+05:30,1144.009888,1175.706299,1255072.058,34773.54556,2.770641362,UT Sell,25519670.99,25619670.99
STCINDIA.NS,2022-11-23 00:00:00+05:30,2022-12-21 00:00:00+05:30,87.75,93.30000305,1033177.443,65346.30156,6.324789803,UT Sell,25585017.29,25685017.29
GABRIEL.NS,2022-12-13 00:00:00+05:30,2022-12-21 00:00:00+05:30,181.6003265,179.1126556,1168454.512,-16006.19526,-1.369860366,UT Sell,25569011.1,25669011.1
FORCEMOT.NS,2022-12-13 00:00:00+05:30,2022-12-21 00:00:00+05:30,1509.839478,1414.835327,1168454.512,-73523.06643,-6.292334503,Stop Loss,25495488.03,25595488.03
DBL.NS,2022-12-15 00:00:00+05:30,2022-12-21 00:00:00+05:30,233.7043304,225.8378601,1299605.479,-43744.62351,-3.365992544,UT Sell,25451743.41,25551743.41
ZUARIIND.NS,2022-12-15 00:00:00+05:30,2022-12-21 00:00:00+05:30,146.5025177,141.6651917,1299605.479,-42911.3133,-3.301872299,UT Sell,25408832.09,25508832.09
EIDPARRY.NS,2022-12-16 00:00:00+05:30,2022-12-21 00:00:00+05:30,588.3823242,556.0060425,1331130.05,-73246.66253,-5.502592516,Stop Loss,25335585.43,25435585.43
THYROCARE.NS,2022-12-21 00:00:00+05:30,2022-12-22 00:00:00+05:30,215.9898682,192.2443848,1202588.681,-132210.1347,-10.99379503,Stop Loss,25203375.3,25303375.3
KOHINOOR.NS,2022-12-16 00:00:00+05:30,2022-12-23 00:00:00+05:30,57.5,52,1331130.05,-127325.4831,-9.565217391,Stop Loss,25076049.81,25176049.81
UCOBANK.NS,2022-11-18 00:00:00+05:30,2022-12-23 00:00:00+05:30,15.46354675,28.96346855,1127553.277,984371.9104,87.3015875,UT Sell,26060421.72,26160421.72
SONAMLTD.NS,2022-12-09 00:00:00+05:30,2022-12-23 00:00:00+05:30,22.35000038,21.52499962,1297688.574,-47901.29958,-3.691278518,UT Sell,26012520.42,26112520.42
MWL.NS,2022-12-22 00:00:00+05:30,2022-12-23 00:00:00+05:30,107.2315903,103.7883682,1136483.614,-36492.65504,-3.211014625,UT Sell,25976027.77,26076027.77
ECLERX.NS,2022-12-22 00:00:00+05:30,2022-12-26 00:00:00+05:30,691.8186646,664.4265137,1136483.614,-44998.39656,-3.95944086,UT Sell,25931029.37,26031029.37
SHEKHAWATI.NS,2022-12-19 00:00:00+05:30,2022-12-26 00:00:00+05:30,0.699999988,0.649999976,1674824.171,-119630.3285,-7.142858967,Stop Loss,25811399.04,25911399.04
SHILPAMED.NS,2022-12-23 00:00:00+05:30,2022-12-27 00:00:00+05:30,144.5997925,138.3823242,1416376.997,-60901.04885,-4.299776753,Stop Loss,25750497.99,25850497.99
ERIS.NS,2022-12-09 00:00:00+05:30,2022-12-28 00:00:00+05:30,672.2831421,642.3530884,1297688.574,-57773.11121,-4.452001223,Stop Loss,25692724.88,25792724.88
GLENMARK.NS,2022-12-21 00:00:00+05:30,2022-12-28 00:00:00+05:30,437.4135742,418.4927979,1202588.681,-52019.21668,-4.325603384,Stop Loss,25640705.67,25740705.67
GRANULES.NS,2022-12-21 00:00:00+05:30,2022-12-29 00:00:00+05:30,332.1599121,317.9591064,1202588.681,-51414.17592,-4.275291854,Stop Loss,25589291.49,25689291.49
VIJAYA.NS,2022-09-23 00:00:00+05:30,2023-01-02 00:00:00+05:30,422.9260559,424.6669006,1561186.603,6426.143357,0.411619171,UT Sell,25595717.63,25695717.63
AUROPHARMA.NS,2022-12-21 00:00:00+05:30,2023-01-02 00:00:00+05:30,447.0960999,428.5656128,1202588.681,-49842.87271,-4.144631784,Stop Loss,25545874.76,25645874.76
WEBELSOLAR.NS,2022-12-28 00:00:00+05:30,2023-01-03 00:00:00+05:30,9.850000381,9.454999924,1195242.464,-47931.09666,-4.010156776,Stop Loss,25497943.66,25597943.66
VIPULLTD.NS,2022-11-14 00:00:00+05:30,2023-01-04 00:00:00+05:30,12,17.70000076,1737447.55,825287.6965,47.50000636,UT Sell,26323231.36,26423231.36
EKC.NS,2022-12-23 00:00:00+05:30,2023-01-05 00:00:00+05:30,100.3227234,95.3952713,1416376.997,-69566.7896,-4.911601202,Stop Loss,26253664.57,26353664.57
NAGREEKCAP.NS,2022-12-28 00:00:00+05:30,2023-01-05 00:00:00+05:30,17.25,17.64999962,1195242.464,27715.74084,2.318838368,UT Sell,26281380.31,26381380.31
MAHABANK.NS,2023-01-03 00:00:00+05:30,2023-01-06 00:00:00+05:30,28.71128654,27.5019207,1147311.367,-48326.61116,-4.212161802,Stop Loss,26233053.7,26333053.7
ABINFRA.NS,2023-01-05 00:00:00+05:30,2023-01-06 00:00:00+05:30,1.038207173,0.98837322,1284884.206,-61674.4531,-4.800000873,Stop Loss,26171379.25,26271379.25
MAGNUM.NS,2023-01-02 00:00:00+05:30,2023-01-09 00:00:00+05:30,20.31077957,25.1262455,1360179.277,322483.7797,23.70891728,UT Sell,26493863.03,26593863.03
KIRIINDUS.NS,2023-01-06 00:00:00+05:30,2023-01-10 00:00:00+05:30,479.2000122,459.3999939,1161097.254,-47975.26359,-4.131890193,Stop Loss,26445887.76,26545887.76
SUPREMEINF.NS,2023-01-04 00:00:00+05:30,2023-01-10 00:00:00+05:30,25.20000076,23.89999962,2562735.246,-132204.7084,-5.158734544,Stop Loss,26313683.06,26413683.06
INDOTHAI.NS,2022-10-28 00:00:00+05:30,2023-01-10 00:00:00+05:30,18.07898521,29.4149704,1177145.439,738100.2363,62.70255244,UT Sell,27051783.29,27151783.29
SCI.NS,2022-12-26 00:00:00+05:30,2023-01-10 00:00:00+05:30,127.3375473,132.5157928,1369858.263,55705.97675,4.066550404,UT Sell,27107489.27,27207489.27
MANAKSTEEL.NS,2023-01-10 00:00:00+05:30,2023-01-12 00:00:00+05:30,38.79999924,36.84999847,1721115.611,-86499.40259,-5.025775261,Stop Loss,27020989.87,27120989.87
FORCEMOT.NS,2023-01-02 00:00:00+05:30,2023-01-17 00:00:00+05:30,1457.274536,1502.046753,1360179.277,41789.13443,3.072325474,UT Sell,27062779,27162779
NATCOPHARM.NS,2022-12-21 00:00:00+05:30,2023-01-18 00:00:00+05:30,550.2475586,527.9348755,1202588.681,-48765.28706,-4.05502628,Stop Loss,27014013.71,27114013.71
SUNPHARMA.NS,2022-12-21 00:00:00+05:30,2023-01-20 00:00:00+05:30,970.4002075,994.2839355,1202588.681,29598.40771,2.461224538,UT Sell,27043612.12,27143612.12
SOUTHBANK.NS,2022-12-26 00:00:00+05:30,2023-01-24 00:00:00+05:30,17.03361511,15.9750309,1369858.263,-85132.27066,-6.214677309,Stop Loss,26958479.85,27058479.85
UNIONBANK.NS,2022-12-26 00:00:00+05:30,2023-01-25 00:00:00+05:30,73.15851593,71.47200012,1369858.263,-31579.20287,-2.305289803,UT Sell,26926900.65,27026900.65
AFSL.NS,2023-01-10 00:00:00+05:30,2023-01-25 00:00:00+05:30,196.1499939,259.3500061,1721115.611,554547.6983,32.22024684,UT Sell,27481448.35,27581448.35
MAGADSUGAR.NS,2023-01-17 00:00:00+05:30,2023-01-25 00:00:00+05:30,300.9871521,298.4777527,1401968.412,-11688.5345,-0.8337231,UT Sell,27469759.81,27569759.81
SUZLON.NS,2023-01-20 00:00:00+05:30,2023-01-25 00:00:00+05:30,10,9.5,1232187.089,-61609.35444,-5,Stop Loss,27408150.46,27508150.46
KOHINOOR.NS,2023-01-18 00:00:00+05:30,2023-01-27 00:00:00+05:30,66,72.75,1153823.394,118004.6653,10.22727273,UT Sell,27526155.12,27626155.12
GODFRYPHLP.NS,2023-01-25 00:00:00+05:30,2023-01-27 00:00:00+05:30,626.4096069,600.996582,1543699.995,-62626.8914,-4.056934092,Stop Loss,27463528.23,27563528.23
ASHOKA.NS,2023-01-09 00:00:00+05:30,2023-01-27 00:00:00+05:30,88.59999847,82.84999847,1682663.057,-109202.1754,-6.489842098,Stop Loss,27354326.06,27454326.06
MANINDS.NS,2023-01-06 00:00:00+05:30,2023-01-27 00:00:00+05:30,78.23943329,77.94363403,1161097.254,-4389.75193,-0.378069271,UT Sell,27349936.3,27449936.3
GABRIEL.NS,2022-12-29 00:00:00+05:30,2023-01-27 00:00:00+05:30,178.0883331,168.4790802,1151174.505,-62114.83252,-5.395779028,Stop Loss,27287821.47,27387821.47
BANCOINDIA.NS,2022-12-27 00:00:00+05:30,2023-01-27 00:00:00+05:30,86.42938232,82.73452759,1355475.948,-57946.57548,-4.274998429,Stop Loss,27229874.9,27329874.9
SDBL.NS,2023-01-25 00:00:00+05:30,2023-01-30 00:00:00+05:30,50.84028625,48.75014114,1543699.995,-63464.57182,-4.11119855,Stop Loss,27166410.32,27266410.32
AAVAS.NS,2023-01-25 00:00:00+05:30,2023-01-31 00:00:00+05:30,1901.75,1809.25,1543699.995,-75084.65864,-4.863941107,Stop Loss,27091325.66,27191325.66
IMPAL.NS,2023-01-27 00:00:00+05:30,2023-01-31 00:00:00+05:30,660.0180664,644.5870972,1311609.765,-30664.93324,-2.337961644,UT Sell,27060660.73,27160660.73
SHARDAMOTR.NS,2023-01-27 00:00:00+05:30,2023-01-31 00:00:00+05:30,735.2614746,703.0122681,1311609.765,-57528.3429,-4.386086808,Stop Loss,27003132.39,27103132.39
ARIES.NS,2022-12-26 00:00:00+05:30,2023-02-01 00:00:00+05:30,168.7630005,181.4560089,1369858.263,103029.8254,7.521203336,UT Sell,27106162.21,27206162.21
ENGINERSIN.NS,2023-01-05 00:00:00+05:30,2023-02-01 00:00:00+05:30,78.3369751,76.99747467,1284884.206,-21970.50551,-1.70992105,UT Sell,27084191.71,27184191.71
CHENNPETRO.NS,2023-01-10 00:00:00+05:30,2023-02-01 00:00:00+05:30,193.0408325,206.6661987,1721115.611,121481.1923,7.058281936,UT Sell,27205672.9,27305672.9
MARKSANS.NS,2023-01-10 00:00:00+05:30,2023-02-01 00:00:00+05:30,61.60813522,61.31146622,1721115.611,-8287.893414,-0.481541935,UT Sell,27197385.01,27297385.01
DBL.NS,2023-01-24 00:00:00+05:30,2023-02-01 00:00:00+05:30,219.5147858,210.0053101,1284725.993,-55654.88711,-4.332043363,Stop Loss,27141730.12,27241730.12
REMSONSIND.NS,2023-01-27 00:00:00+05:30,2023-02-01 00:00:00+05:30,49.88244247,47.85776901,1311609.765,-53236.79741,-4.058889985,Stop Loss,27088493.32,27188493.32
WEBELSOLAR.NS,2023-01-31 00:00:00+05:30,2023-02-01 00:00:00+05:30,9.56000042,9.085000038,1334547.197,-66308.61924,-4.968623019,Stop Loss,27022184.7,27122184.7
PANSARI.NS,2023-02-01 00:00:00+05:30,2023-02-03 00:00:00+05:30,72.69999695,69.5,1435272.709,-63175.63248,-4.401646606,Stop Loss,26959009.07,27059009.07
BPCL.NS,2023-01-31 00:00:00+05:30,2023-02-03 00:00:00+05:30,144.5470734,137.5776672,1334547.197,-64345.83003,-4.821547725,Stop Loss,26894663.24,26994663.24
RADHIKAJWE.NS,2023-01-12 00:00:00+05:30,2023-02-03 00:00:00+05:30,36.80961609,38.92614365,1634616.208,93989.30547,5.749931084,UT Sell,26988652.55,27088652.55
GENUSPOWER.NS,2023-01-30 00:00:00+05:30,2023-02-06 00:00:00+05:30,91.68251801,87.77797699,1480235.424,-63039.71629,-4.258762849,Stop Loss,26925612.83,27025612.83
KOHINOOR.NS,2023-02-01 00:00:00+05:30,2023-02-06 00:00:00+05:30,72.15000153,68.84999847,1435272.709,-65646.62812,-4.573808707,Stop Loss,26859966.2,26959966.2
EUROBOND.NS,2023-02-01 00:00:00+05:30,2023-02-09 00:00:00+05:30,115.1500015,114.9000015,1435272.709,-3116.093552,-0.217108117,UT Sell,26856850.11,26956850.11
KTKBANK.NS,2023-02-03 00:00:00+05:30,2023-02-09 00:00:00+05:30,141.2624207,134.9448547,1456967.986,-65158.81045,-4.47221978,Stop Loss,26791691.3,26891691.3
LUPIN.NS,2022-12-21 00:00:00+05:30,2023-02-10 00:00:00+05:30,740.2513428,726.2611694,1202588.681,-22727.98863,-1.889922048,UT Sell,26768963.31,26868963.31
MANINDS.NS,2023-02-01 00:00:00+05:30,2023-02-10 00:00:00+05:30,82.13414764,86.62046814,1435272.709,78397.27513,5.462186708,UT Sell,26847360.58,26947360.58
KAYNES.NS,2023-02-01 00:00:00+05:30,2023-02-10 00:00:00+05:30,808.7999878,838.5,1435272.709,52704.76956,3.67210839,UT Sell,26900065.35,27000065.35
PFC.NS,2023-01-31 00:00:00+05:30,2023-02-13 00:00:00+05:30,96.93265533,96.86412048,1334547.197,-943.5725566,-0.070703573,UT Sell,26899121.78,26999121.78
CCCL.NS,2023-02-01 00:00:00+05:30,2023-02-13 00:00:00+05:30,1.450000048,1.549999952,1435272.709,98984.22709,6.89654492,UT Sell,26998106.01,27098106.01
MAHAPEXLTD.NS,2023-02-03 00:00:00+05:30,2023-02-13 00:00:00+05:30,109.3499985,109.0999985,1456967.986,-3330.973951,-0.228623689,UT Sell,26994775.03,27094775.03
HECPROJECT.NS,2023-02-10 00:00:00+05:30,2023-02-14 00:00:00+05:30,32.20000076,31,1393836.052,-51944.23248,-3.726710356,UT Sell,26942830.8,27042830.8
CHOLAHLDNG.NS,2023-02-06 00:00:00+05:30,2023-02-15 00:00:00+05:30,628.9196167,598.8687744,1393410.894,-66579.52766,-4.77816902,Stop Loss,26876251.27,26976251.27
RAMAPHO.NS,2023-02-13 00:00:00+05:30,2023-02-15 00:00:00+05:30,113.7318039,105.40271,1440499.191,-105494.2651,-7.323451882,Stop Loss,26770757.01,26870757.01
KARURVYSYA.NS,2023-02-14 00:00:00+05:30,2023-02-17 00:00:00+05:30,84.63574219,80.29750061,1341891.819,-68782.41664,-5.125779564,Stop Loss,26701974.59,26801974.59
INDIAGLYCO.NS,2023-02-13 00:00:00+05:30,2023-02-17 00:00:00+05:30,312.7932434,308.5014648,1440499.191,-19764.82446,-1.372081608,UT Sell,26682209.77,26782209.77
CARTRADE.NS,2023-02-03 00:00:00+05:30,2023-02-17 00:00:00+05:30,502,527.4500122,1456967.986,73864.24905,5.069723547,UT Sell,26756074.02,26856074.02
STCINDIA.NS,2023-02-09 00:00:00+05:30,2023-02-17 00:00:00+05:30,81.25,77.75,1411982.895,-60823.87857,-4.307692308,Stop Loss,26695250.14,26795250.14
SPECTRUM.NS,2022-11-01 00:00:00+05:30,2023-02-20 00:00:00+05:30,68.96578217,254.105484,1107505.532,2973115.617,268.4515364,UT Sell,29668365.76,29768365.76
SOUTHBANK.NS,2023-02-10 00:00:00+05:30,2023-02-20 00:00:00+05:30,16.79302788,16.6967926,1393836.052,-7987.612304,-0.573066846,UT Sell,29660378.14,29760378.14
KMSUGAR.NS,2023-02-13 00:00:00+05:30,2023-02-20 00:00:00+05:30,27.85000038,26.5,1440499.191,-69826.73,-4.847398072,Stop Loss,29590551.41,29690551.41
TERASOFT.NS,2023-02-15 00:00:00+05:30,2023-02-20 00:00:00+05:30,41.95159149,40.20568848,1330918.146,-55388.93571,-4.161708658,Stop Loss,29535162.48,29635162.48
THOMASCOTT.NS,2022-12-15 00:00:00+05:30,2023-02-21 00:00:00+05:30,41.29999924,42.59999847,1299605.479,40907.65525,3.147697969,UT Sell,29576070.13,29676070.13
KIRIINDUS.NS,2023-02-06 00:00:00+05:30,2023-02-21 00:00:00+05:30,279.2999878,285.6000061,1393410.894,31430.41364,2.255645752,UT Sell,29607500.55,29707500.55
RELINFRA.NS,2023-02-09 00:00:00+05:30,2023-02-21 00:00:00+05:30,127.3000031,120.8000031,1411982.895,-72096.5326,-5.106048581,Stop Loss,29535404.01,29635404.01
INDRAMEDCO.NS,2022-10-14 00:00:00+05:30,2023-02-22 00:00:00+05:30,60.32749176,78.23796844,1065691.853,316390.5629,29.68874747,UT Sell,29851794.58,29951794.58
UNICHEMLAB.NS,2023-01-27 00:00:00+05:30,2023-02-22 00:00:00+05:30,297.4500122,312.2000122,1311609.765,65040.32021,4.958816404,UT Sell,29916834.9,30016834.9
DALMIASUG.NS,2023-02-10 00:00:00+05:30,2023-02-22 00:00:00+05:30,328.3785095,309.6739197,1393836.052,-79393.53794,-5.696045661,Stop Loss,29837441.36,29937441.36
CHENNPETRO.NS,2023-02-15 00:00:00+05:30,2023-02-22 00:00:00+05:30,217.0830231,205.2157593,1330918.146,-72757.21751,-5.46669363,Stop Loss,29764684.14,29864684.14
IDBI.NS,2023-02-20 00:00:00+05:30,2023-02-22 00:00:00+05:30,47.22451782,45.66298294,2028167.815,-67063.78243,-3.306619006,UT Sell,29697620.36,29797620.36
SHK.NS,2023-02-21 00:00:00+05:30,2023-02-22 00:00:00+05:30,113.3904037,109.0721588,1368413.601,-52113.27332,-3.808298402,UT Sell,29645507.09,29745507.09
PASUPTAC.NS,2023-02-21 00:00:00+05:30,2023-02-23 00:00:00+05:30,30.39999962,28.89999962,1368413.601,-67520.40881,-4.934210588,Stop Loss,29577986.68,29677986.68
ASPINWALL.NS,2023-02-22 00:00:00+05:30,2023-02-24 00:00:00+05:30,201.438385,193.6314545,1434790.051,-55606.61275,-3.875592302,UT Sell,29522380.06,29622380.06
UNITEDTEA.NS,2023-02-01 00:00:00+05:30,2023-02-27 00:00:00+05:30,276.4282227,262.9261169,1435272.709,-70105.73543,-4.88448885,Stop Loss,29452274.33,29552274.33
HEROMOTOCO.NS,2023-02-17 00:00:00+05:30,2023-02-27 00:00:00+05:30,2295.928955,2207.190186,1393958.755,-53877.1831,-3.865048582,UT Sell,29398397.15,29498397.15
NAVNETEDUL.NS,2023-02-20 00:00:00+05:30,2023-02-27 00:00:00+05:30,96.75320435,91.49794769,2028167.815,-110162.1644,-5.431609928,Stop Loss,29288234.98,29388234.98
GANDHITUBE.NS,2023-02-20 00:00:00+05:30,2023-02-27 00:00:00+05:30,484.3766479,479.353302,2028167.815,-21033.60807,-1.037074345,UT Sell,29267201.37,29367201.37
KARURVYSYA.NS,2023-02-23 00:00:00+05:30,2023-02-27 00:00:00+05:30,82.06494141,77.56603241,1367841.622,-74986.89296,-5.48213271,Stop Loss,29192214.48,29292214.48
DEVIT.NS,2023-02-17 00:00:00+05:30,2023-02-28 00:00:00+05:30,44.09305954,41.19455338,1393958.755,-91633.42456,-6.573610892,Stop Loss,29100581.06,29200581.06
CHEVIOT.NS,2023-02-22 00:00:00+05:30,2023-02-28 00:00:00+05:30,1103.980835,1051.879761,1434790.051,-67713.22522,-4.719382128,Stop Loss,29032867.83,29132867.83
CARYSIL.NS,2023-02-22 00:00:00+05:30,2023-02-28 00:00:00+05:30,538.0198364,508.30896,1434790.051,-79232.89638,-5.522264135,Stop Loss,28953634.93,29053634.93
SKYGOLD.NS,2023-02-24 00:00:00+05:30,2023-02-28 00:00:00+05:30,34.29837418,32.63925934,1379183.438,-66715.2237,-4.837298786,Stop Loss,28886919.71,28986919.71
TAINWALCHM.NS,2023-02-27 00:00:00+05:30,2023-02-28 00:00:00+05:30,104.9294052,100.2428589,1584648.626,-70776.43471,-4.46638034,Stop Loss,28816143.28,28916143.28
MAHAPEXLTD.NS,2023-02-22 00:00:00+05:30,2023-03-01 00:00:00+05:30,114.4499969,108.0999985,1434790.051,-79606.07143,-5.54827317,Stop Loss,28736537.2,28836537.2
PASHUPATI.NS,2023-02-17 00:00:00+05:30,2023-03-02 00:00:00+05:30,11.16033077,10.91232395,1393958.755,-30976.79505,-2.222217475,UT Sell,28705560.41,28805560.41
SHREERAMA.NS,2023-02-28 00:00:00+05:30,2023-03-06 00:00:00+05:30,9.002410889,8.565400124,1370259.943,-66517.5533,-4.854374794,Stop Loss,28639042.86,28739042.86
ELECTHERM.NS,2023-03-06 00:00:00+05:30,2023-03-08 00:00:00+05:30,63.75,60.04999924,1303742.39,-75668.20137,-5.803922765,Stop Loss,28563374.65,28663374.65
PCJEWELLER.NS,2023-02-27 00:00:00+05:30,2023-03-10 00:00:00+05:30,2.585000038,3.434999943,1584648.626,521064.279,32.88200743,UT Sell,29084438.93,29184438.93
INDOTECH.NS,2023-02-28 00:00:00+05:30,2023-03-10 00:00:00+05:30,186.1000061,178.25,1370259.943,-57799.83108,-4.21816542,Stop Loss,29026639.1,29126639.1
ROLLT.NS,2023-03-08 00:00:00+05:30,2023-03-10 00:00:00+05:30,1.100000024,1.049999952,1228074.189,-55821.63267,-4.545460949,Stop Loss,28970817.47,29070817.47
TVSMOTOR.NS,2023-01-25 00:00:00+05:30,2023-03-13 00:00:00+05:30,1020.920044,1036.633057,1543699.995,23759.13547,1.539103164,UT Sell,28994576.61,29094576.61
SPAL.NS,2023-02-17 00:00:00+05:30,2023-03-13 00:00:00+05:30,291.5896912,325.7076416,1393958.755,163102.5278,11.700671,UT Sell,29157679.13,29257679.13
EKC.NS,2023-02-21 00:00:00+05:30,2023-03-13 00:00:00+05:30,77.7550354,77.90285492,1368413.601,2601.480912,0.190109256,UT Sell,29160280.61,29260280.61
FEDERALBNK.NS,2023-02-23 00:00:00+05:30,2023-03-13 00:00:00+05:30,125.3892975,127.0075455,1367841.622,17653.0772,1.290579035,UT Sell,29177933.69,29277933.69
MODISONLTD.NS,2023-02-27 00:00:00+05:30,2023-03-13 00:00:00+05:30,58.09328079,56.69343948,1584648.626,-38184.392,-2.409644092,UT Sell,29139749.3,29239749.3
CUPID.NS,2023-02-28 00:00:00+05:30,2023-03-13 00:00:00+05:30,2.486458302,2.423428059,1370259.943,-34735.27669,-2.534940678,UT Sell,29105014.02,29205014.02
STCINDIA.NS,2023-03-01 00:00:00+05:30,2023-03-13 00:00:00+05:30,71.34999847,70.75,1355183.979,-11396.05238,-0.840922897,UT Sell,29093617.97,29193617.97
MANAKCOAT.NS,2023-03-10 00:00:00+05:30,2023-03-13 00:00:00+05:30,17.40418816,16.3070755,1530141.858,-96455.97841,-6.303727849,Stop Loss,28997161.99,29097161.99
NILASPACES.NS,2023-03-10 00:00:00+05:30,2023-03-13 00:00:00+05:30,2.849999905,2.650000095,1530141.858,-107378.2772,-7.017537402,Stop Loss,28889783.71,28989783.71
LIBAS.NS,2023-03-13 00:00:00+05:30,2023-03-14 00:00:00+05:30,12.94999981,12.14999962,1440361.831,-88979.904,-6.177607741,Stop Loss,28800803.81,28900803.81
NINSYS.NS,2023-03-13 00:00:00+05:30,2023-03-14 00:00:00+05:30,177.3611145,168.5,1440361.831,-71961.72142,-4.99608639,Stop Loss,28728842.09,28828842.09
JPOLYINVST.NS,2023-03-10 00:00:00+05:30,2023-03-14 00:00:00+05:30,466.25,436.7999878,1530141.858,-96649.21478,-6.316356506,Stop Loss,28632192.87,28732192.87
NATCOPHARM.NS,2023-01-27 00:00:00+05:30,2023-03-16 00:00:00+05:30,522.8571777,512.7442017,1311609.765,-25368.83635,-1.934175623,UT Sell,28606824.04,28706824.04
KIRIINDUS.NS,2023-02-28 00:00:00+05:30,2023-03-16 00:00:00+05:30,278.25,278.9500122,1370259.943,3447.25494,0.251576714,UT Sell,28610271.29,28710271.29
DRCSYSTEMS.NS,2023-03-14 00:00:00+05:30,2023-03-17 00:00:00+05:30,11.16666603,10.66666603,1421716.185,-63658.9373,-4.477612195,Stop Loss,28546612.36,28646612.36
INDOTHAI.NS,2023-03-15 00:00:00+05:30,2023-03-20 00:00:00+05:30,28.17362022,26.35628891,1421716.185,-91707.39589,-6.450471397,Stop Loss,28454904.96,28554904.96
NGLFINE.NS,2023-03-15 00:00:00+05:30,2023-03-20 00:00:00+05:30,1333.937378,1253.285889,1421716.185,-85958.70357,-6.046122599,Stop Loss,28368946.26,28468946.26
HISARMETAL.NS,2023-03-15 00:00:00+05:30,2023-03-20 00:00:00+05:30,137.4369049,129.4681396,1421716.185,-82432.89933,-5.798126249,Stop Loss,28286513.36,28386513.36
UNICHEMLAB.NS,2023-03-16 00:00:00+05:30,2023-03-20 00:00:00+05:30,292.8500061,281.1000061,1329974.064,-53362.45491,-4.012292899,Stop Loss,28233150.9,28333150.9
LAGNAM.NS,2023-03-15 00:00:00+05:30,2023-03-21 00:00:00+05:30,54.86077118,52.61850357,1421716.185,-58108.33648,-4.087196662,Stop Loss,28175042.57,28275042.57
BPCL.NS,2023-03-16 00:00:00+05:30,2023-03-22 00:00:00+05:30,147.7685852,148.147583,1329974.064,3411.125897,0.256480633,UT Sell,28178453.69,28278453.69
NPST.NS,2023-02-22 00:00:00+05:30,2023-03-23 00:00:00+05:30,109.4457169,153.5203857,1434790.051,577801.4729,40.27080287,UT Sell,28756255.16,28856255.16
MANUGRAPH.NS,2023-03-15 00:00:00+05:30,2023-03-23 00:00:00+05:30,17.95000076,17.14999962,1421716.185,-63363.4834,-4.456830699,Stop Loss,28692891.68,28792891.68
MANAKCOAT.NS,2023-03-21 00:00:00+05:30,2023-03-24 00:00:00+05:30,15.80838776,14.76114464,1363607.849,-90333.62275,-6.624604194,Stop Loss,28602558.06,28702558.06
PCJEWELLER.NS,2023-03-23 00:00:00+05:30,2023-03-24 00:00:00+05:30,2.924999952,2.779999971,1685472.113,-83553.30878,-4.957264386,Stop Loss,28519004.75,28619004.75
STCINDIA.NS,2023-03-23 00:00:00+05:30,2023-03-24 00:00:00+05:30,73.65000153,70.5,1685472.113,-72087.4354,-4.276987727,Stop Loss,28446917.31,28546917.31
PASHUPATI.NS,2023-03-20 00:00:00+05:30,2023-03-24 00:00:00+05:30,10.11869907,10.12862015,1320415.292,1294.626672,0.098046931,UT Sell,28448211.94,28548211.94
RELINFRA.NS,2023-03-17 00:00:00+05:30,2023-03-24 00:00:00+05:30,148.6499939,143.1000061,1358057.248,-50704.34886,-3.733594363,UT Sell,28397507.59,28497507.59
IEX.NS,2023-03-15 00:00:00+05:30,2023-03-24 00:00:00+05:30,143.6078033,135.5479431,1421716.185,-79792.55635,-5.612411054,Stop Loss,28317715.04,28417715.04
HINDPETRO.NS,2023-03-02 00:00:00+05:30,2023-03-24 00:00:00+05:30,132.4163818,145.0477142,1362981.96,130016.2257,9.539100995,UT Sell,28447731.26,28547731.26
RECLTD.NS,2023-02-28 00:00:00+05:30,2023-03-24 00:00:00+05:30,97.82831573,98.55580902,1370259.943,10189.84025,0.743642861,UT Sell,28457921.1,28557921.1
MAYURUNIQ.NS,2023-01-27 00:00:00+05:30,2023-03-24 00:00:00+05:30,405.704071,443.1536865,1311609.765,121071.6995,9.23077143,UT Sell,28578992.8,28678992.8
SOUTHWEST.NS,2023-03-20 00:00:00+05:30,2023-03-27 00:00:00+05:30,110.9780121,104.2925949,1320415.292,-79543.02751,-6.024091664,Stop Loss,28499449.77,28599449.77
20MICRONS.NS,2023-03-22 00:00:00+05:30,2023-03-27 00:00:00+05:30,66.95734406,63.12277603,1333385.19,-76361.3952,-5.726881909,Stop Loss,28423088.38,28523088.38
LUMAXTECH.NS,2023-02-20 00:00:00+05:30,2023-03-28 00:00:00+05:30,238.5288544,262.5523071,2028167.815,204267.0846,10.07150805,UT Sell,28627355.46,28727355.46
TECHM.NS,2023-03-13 00:00:00+05:30,2023-03-28 00:00:00+05:30,1033.714478,975.8198242,1440361.831,-80669.51822,-5.600642593,Stop Loss,28546685.94,28646685.94
NIRAJ.NS,2023-03-24 00:00:00+05:30,2023-03-28 00:00:00+05:30,28,26.85000038,1418410.399,-58256.12205,-4.107141495,Stop Loss,28488429.82,28588429.82
VIJAYA.NS,2023-03-27 00:00:00+05:30,2023-03-28 00:00:00+05:30,445.6565247,402.0358887,1361922.942,-133304.3311,-9.787949592,Stop Loss,28355125.49,28455125.49
MOREPENLAB.NS,2023-03-27 00:00:00+05:30,2023-03-28 00:00:00+05:30,26.23775482,24.44542122,1361922.942,-93034.64684,-6.831124138,Stop Loss,28262090.84,28362090.84
VADILALIND.NS,2023-03-24 00:00:00+05:30,2023-04-03 00:00:00+05:30,2216.258301,2086.97583,1418410.399,-82741.07795,-5.833366565,Stop Loss,28179349.77,28279349.77
BANKBARODA.NS,2023-02-27 00:00:00+05:30,2023-04-05 00:00:00+05:30,145.2003326,152.5059967,1584648.626,79730.60605,5.031437552,UT Sell,28259080.37,28359080.37
MASFIN.NS,2023-03-20 00:00:00+05:30,2023-04-10 00:00:00+05:30,254.1147766,241.7488708,1320415.292,-64254.94526,-4.866267884,Stop Loss,28194825.43,28294825.43
RADICO.NS,2023-03-15 00:00:00+05:30,2023-04-10 00:00:00+05:30,1172.971558,1104.859375,1421716.185,-82556.30055,-5.806805986,Stop Loss,28112269.13,28212269.13
POWERGRID.NS,2023-02-27 00:00:00+05:30,2023-04-12 00:00:00+05:30,145.5968018,150.977005,1584648.626,58557.13574,3.695275708,UT Sell,28170826.26,28270826.26
TORNTPOWER.NS,2023-03-28 00:00:00+05:30,2023-04-17 00:00:00+05:30,489.6123962,497.8467712,1489957.679,25058.33259,1.681815057,UT Sell,28195884.6,28295884.6
GABRIEL.NS,2023-04-05 00:00:00+05:30,2023-04-17 00:00:00+05:30,140.1390686,138.8708344,1664379.232,-15062.34324,-0.904982647,UT Sell,28180822.25,28280822.25
KARURVYSYA.NS,2023-04-12 00:00:00+05:30,2023-04-17 00:00:00+05:30,79.61463928,78.44974518,1643205.762,-24042.82329,-1.463165712,UT Sell,28156779.43,28256779.43
NPST.NS,2023-03-27 00:00:00+05:30,2023-04-18 00:00:00+05:30,160.8467407,199.8096161,1361922.942,329906.8021,24.22360266,UT Sell,28486686.23,28586686.23
NAGREEKCAP.NS,2023-04-17 00:00:00+05:30,2023-04-18 00:00:00+05:30,21.89999962,20.85000038,1594498.613,-76448.50943,-4.794517148,Stop Loss,28410237.72,28510237.72
INDUSINDBK.NS,2023-03-28 00:00:00+05:30,2023-04-19 00:00:00+05:30,1013.652954,1096.07373,1489957.679,121149.4212,8.131064585,UT Sell,28531387.14,28631387.14
RMDRIP.NS,2023-04-17 00:00:00+05:30,2023-04-19 00:00:00+05:30,2.999242783,2.990498781,1594498.613,-4648.606031,-0.291540299,UT Sell,28526738.54,28626738.54
DALBHARAT.NS,2023-03-27 00:00:00+05:30,2023-04-20 00:00:00+05:30,1844.644531,1962.716187,1361922.942,87173.70388,6.400780924,UT Sell,28613912.24,28713912.24
GRASIM.NS,2023-03-27 00:00:00+05:30,2023-04-21 00:00:00+05:30,1603.596802,1634.076904,1361922.942,25886.52639,1.900733558,UT Sell,28639798.77,28739798.77
MSPL.NS,2023-04-10 00:00:00+05:30,2023-04-25 00:00:00+05:30,9.149999619,8.649999619,1297660.116,-70910.39178,-5.464481102,Stop Loss,28568888.38,28668888.38
THOMASCOTT.NS,2023-03-27 00:00:00+05:30,2023-04-26 00:00:00+05:30,37.95000076,41.84999847,1361922.942,139960.3755,10.2766736,UT Sell,28708848.75,28808848.75
STCINDIA.NS,2023-04-26 00:00:00+05:30,2023-04-28 00:00:00+05:30,81.19999695,73.59999847,1501883.318,-140570.3368,-9.359604384,Stop Loss,28568278.41,28668278.41
IIFL.NS,2023-03-28 00:00:00+05:30,2023-05-02 00:00:00+05:30,430.1016846,460.5802002,1489957.679,105583.633,7.086351139,UT Sell,28673862.05,28773862.05
TIIL.NS,2022-10-31 00:00:00+05:30,2023-05-02 00:00:00+05:30,770.0702515,1403.0271,1137408.879,934889.6909,82.19468898,UT Sell,29608751.74,29708751.74
KOHINOOR.NS,2023-04-19 00:00:00+05:30,2023-05-03 00:00:00+05:30,30.79999924,43.04999924,1600478.554,636553.986,39.77272826,UT Sell,30245305.72,30345305.72
FORCEMOT.NS,2023-04-20 00:00:00+05:30,2023-05-04 00:00:00+05:30,1301.366699,1319.434326,1449096.646,20118.64729,1.388357867,UT Sell,30265424.37,30365424.37
SUPREMEINF.NS,2023-05-03 00:00:00+05:30,2023-05-04 00:00:00+05:30,25.54999924,24.39999962,2237032.54,-100688.3227,-4.500977115,Stop Loss,30164736.05,30264736.05
GESHIP.NS,2023-03-24 00:00:00+05:30,2023-05-05 00:00:00+05:30,562.5275269,590.588562,1418410.399,70755.76245,4.988384357,UT Sell,30235491.81,30335491.81
BHAGYANGR.NS,2023-05-02 00:00:00+05:30,2023-05-05 00:00:00+05:30,52.15000153,50.04999924,1833919.941,-73849.20348,-4.026849909,Stop Loss,30161642.61,30261642.61
ASHOKA.NS,2023-04-28 00:00:00+05:30,2023-05-12 00:00:00+05:30,87.84999847,83.90000153,1361312.981,-61208.6763,-4.496297117,Stop Loss,30100433.93,30200433.93
STCINDIA.NS,2023-05-04 00:00:00+05:30,2023-05-18 00:00:00+05:30,77.65000153,73.94999695,1802779.755,-85902.03755,-4.764976825,Stop Loss,30014531.89,30114531.89
BCG.NS,2023-05-04 00:00:00+05:30,2023-05-18 00:00:00+05:30,10.75,15.55000019,1802779.755,804962.1552,44.65116456,UT Sell,30819494.05,30919494.05
MUTHOOTFIN.NS,2023-03-20 00:00:00+05:30,2023-05-19 00:00:00+05:30,894.375061,999.2805176,1320415.292,154877.7186,11.72947023,UT Sell,30974371.77,31074371.77
SOUTHBANK.NS,2023-04-17 00:00:00+05:30,2023-05-19 00:00:00+05:30,15.25326538,16.02314568,1594498.613,80479.36174,5.047314628,UT Sell,31054851.13,31154851.13
THOMASCOTT.NS,2023-05-18 00:00:00+05:30,2023-05-24 00:00:00+05:30,42.84999847,42.65000153,2162309.814,-10092.30757,-0.466737352,UT Sell,31044758.82,31144758.82
MANINDS.NS,2023-04-18 00:00:00+05:30,2023-05-26 00:00:00+05:30,91.649086,129.6102448,1604939.924,664767.9961,41.42011711,UT Sell,31709526.82,31809526.82
TBZ.NS,2023-04-21 00:00:00+05:30,2023-05-29 00:00:00+05:30,65.07460785,73.57098389,1387809.469,181197.421,13.05636149,UT Sell,31890724.24,31990724.24
MANORG.NS,2023-03-28 00:00:00+05:30,2023-05-29 00:00:00+05:30,341.8999939,450.0499878,1489957.679,471304.2316,31.63205494,UT Sell,32362028.47,32462028.47
VIPULLTD.NS,2023-04-10 00:00:00+05:30,2023-05-30 00:00:00+05:30,12.75,16.10000038,1297660.116,340953.8731,26.2745128,UT Sell,32702982.34,32802982.34
PCJEWELLER.NS,2023-05-24 00:00:00+05:30,2023-05-31 00:00:00+05:30,2.480000019,2.349999905,2152217.506,-112817.9516,-5.241940058,Stop Loss,32590164.39,32690164.39
KMSUGAR.NS,2023-05-29 00:00:00+05:30,2023-05-31 00:00:00+05:30,28.20000076,26.39999962,1765134.4,-112668.2218,-6.382982609,Stop Loss,32477496.17,32577496.17
BCG.NS,2023-05-29 00:00:00+05:30,2023-06-05 00:00:00+05:30,17,19.54999924,1765134.4,264770.0808,14.99999551,UT Sell,32742266.25,32842266.25
MAHABANK.NS,2023-05-31 00:00:00+05:30,2023-06-09 00:00:00+05:30,28.36654282,26.4972477,1845932.867,-121643.0681,-6.589788302,Stop Loss,32620623.18,32720623.18
INDSWFTLAB.NS,2023-06-05 00:00:00+05:30,2023-06-09 00:00:00+05:30,72.75,69.65000153,2029904.481,-86497.60541,-4.261166287,Stop Loss,32534125.58,32634125.58
MALLCOM.NS,2023-03-15 00:00:00+05:30,2023-06-14 00:00:00+05:30,734.7156372,902.9101563,1421716.185,325465.8781,22.89246486,UT Sell,32859591.46,32959591.46
CIGNITITEC.NS,2023-05-19 00:00:00+05:30,2023-06-14 00:00:00+05:30,845.0946045,848.1247559,1575135.492,5647.76883,0.358557652,UT Sell,32865239.22,32965239.22
HEROMOTOCO.NS,2023-05-05 00:00:00+05:30,2023-06-15 00:00:00+05:30,2306.523438,2574.369141,1624618.449,188659.2886,11.612529,UT Sell,33053898.51,33153898.51
KIRIINDUS.NS,2023-04-03 00:00:00+05:30,2023-06-19 00:00:00+05:30,297.2000122,281.6499939,1335669.321,-69884.52739,-5.232172837,Stop Loss,32984013.99,33084013.99
INSPIRISYS.NS,2023-05-05 00:00:00+05:30,2023-06-19 00:00:00+05:30,54,82.90000153,1624618.449,869471.7716,53.51852134,UT Sell,33853485.76,33953485.76
SHAILY.NS,2023-05-18 00:00:00+05:30,2023-06-22 00:00:00+05:30,256.2522888,300.9788818,2162309.814,377412.2427,17.4541243,UT Sell,34230898,34330898
WANBURY.NS,2023-05-31 00:00:00+05:30,2023-06-22 00:00:00+05:30,46.25,54,1845932.867,309318.4804,16.75675676,UT Sell,34540216.48,34640216.48
SHRADHA.NS,2023-06-09 00:00:00+05:30,2023-06-22 00:00:00+05:30,20.56344604,19.44180489,1833848.337,-100027.9705,-5.454538877,Stop Loss,34440188.51,34540188.51
VEDL.NS,2023-06-14 00:00:00+05:30,2023-06-23 00:00:00+05:30,228.5883942,224.6836853,1663982.662,-28423.87459,-1.708183338,UT Sell,34411764.63,34511764.63
HINDPETRO.NS,2023-04-19 00:00:00+05:30,2023-06-23 00:00:00+05:30,144.6833496,163.6303253,1600478.554,209590.3113,13.09547765,UT Sell,34621354.95,34721354.95
IOC.NS,2023-04-18 00:00:00+05:30,2023-06-23 00:00:00+05:30,64.77703857,74.16139984,1604939.924,232510.414,14.48717242,UT Sell,34853865.36,34953865.36
RMDRIP.NS,2023-06-23 00:00:00+05:30,2023-06-30 00:00:00+05:30,2.562035322,2.390067101,1913788.101,-128456.7521,-6.712172162,Stop Loss,34725408.61,34825408.61
RHL.NS,2023-06-23 00:00:00+05:30,2023-06-30 00:00:00+05:30,99.55000305,97.75,1913788.101,-34603.96099,-1.808139625,UT Sell,34690804.65,34790804.65
INDUSINDBK.NS,2023-06-23 00:00:00+05:30,2023-07-07 00:00:00+05:30,1294.330566,1342.199219,1913788.101,70778.25375,3.698332836,UT Sell,34761582.9,34861582.9
ASIANHOTNR.NS,2023-03-28 00:00:00+05:30,2023-07-10 00:00:00+05:30,85.84999847,155.6999969,1489957.679,1212271.91,81.36284184,UT Sell,35973854.81,36073854.81
RAMCOIND.NS,2023-05-02 00:00:00+05:30,2023-07-10 00:00:00+05:30,130.4673309,165.097229,1833919.941,486776.7293,26.54296507,UT Sell,36460631.54,36560631.54
MALLCOM.NS,2023-06-23 00:00:00+05:30,2023-07-12 00:00:00+05:30,949.512207,1039.391235,1913788.101,181155.5593,9.465810724,UT Sell,36641787.1,36741787.1
V2RETAIL.NS,2023-05-30 00:00:00+05:30,2023-07-13 00:00:00+05:30,8.079999924,13.06000042,1638613.989,1009937.94,61.63367009,UT Sell,37651725.04,37751725.04
SEAMECLTD.NS,2023-06-23 00:00:00+05:30,2023-07-13 00:00:00+05:30,621.0803833,728.1132813,1913788.101,329809.6221,17.23334062,UT Sell,37981534.66,38081534.66
CANBK.NS,2023-06-30 00:00:00+05:30,2023-07-13 00:00:00+05:30,56.74252701,60.47397614,1832257.744,120491.2245,6.576106712,UT Sell,38102025.89,38202025.89
NITCO.NS,2023-07-12 00:00:00+05:30,2023-07-13 00:00:00+05:30,21.70000076,20.14999962,2094943.66,-149638.9381,-7.142862165,Stop Loss,37952386.95,38052386.95
FIBERWEB.NS,2023-06-14 00:00:00+05:30,2023-07-14 00:00:00+05:30,30.85000038,29.54999924,1663982.662,-70119.26543,-4.213942069,Stop Loss,37882267.68,37982267.68
TARIL.NS,2023-07-13 00:00:00+05:30,2023-07-17 00:00:00+05:30,54.62734222,51.32870865,2197550.836,-132697.559,-6.03842955,Stop Loss,37749570.12,37849570.12
ADOR.NS,2023-03-24 00:00:00+05:30,2023-07-17 00:00:00+05:30,885.9068604,1186.487549,1418410.399,481254.6254,33.92915237,UT Sell,38230824.75,38330824.75
VIPULLTD.NS,2023-07-13 00:00:00+05:30,2023-07-19 00:00:00+05:30,14.14999962,13.44999981,2197550.836,-108712.7355,-4.946995252,Stop Loss,38122112.01,38222112.01
INDSWFTLAB.NS,2023-07-19 00:00:00+05:30,2023-07-24 00:00:00+05:30,90.94999695,88,2088838.1,-67752.23999,-3.24353716,UT Sell,38054359.77,38154359.77
CAPLIPOINT.NS,2023-07-10 00:00:00+05:30,2023-07-26 00:00:00+05:30,815.0270386,834.9081421,2511463.13,61262.57915,2.439318277,UT Sell,38115622.35,38215622.35
GOKULAGRO.NS,2023-07-13 00:00:00+05:30,2023-07-27 00:00:00+05:30,54.20000076,57.59999847,2197550.836,137853.6477,6.273058419,UT Sell,38253476,38353476
DYCL.NS,2023-06-09 00:00:00+05:30,2023-07-31 00:00:00+05:30,128.7089539,209.0117645,1833848.337,1144156.419,62.39100565,UT Sell,39397632.42,39497632.42
AUSOMENT.NS,2023-07-26 00:00:00+05:30,2023-07-31 00:00:00+05:30,63.91281128,64.30223083,2572725.709,15675.5693,0.609298117,UT Sell,39413307.99,39513307.99
CUPID.NS,2023-07-14 00:00:00+05:30,2023-08-01 00:00:00+05:30,2.512265682,2.653214693,1593863.397,89422.65574,5.610434113,UT Sell,39502730.64,39602730.64
CANBK.NS,2023-07-17 00:00:00+05:30,2023-08-02 00:00:00+05:30,62.72976685,61.51728058,1982259.15,-38314.53739,-1.932872268,UT Sell,39464416.11,39564416.11
FORCEMOT.NS,2023-05-12 00:00:00+05:30,2023-08-02 00:00:00+05:30,1359.490845,2454.816895,1300104.305,1047479.001,80.56884341,UT Sell,40511895.11,40611895.11
BANCOINDIA.NS,2023-05-26 00:00:00+05:30,2023-08-02 00:00:00+05:30,119.1153717,153.1739044,2269707.92,648975.1939,28.59289463,UT Sell,41160870.3,41260870.3
JINDRILL.NS,2023-07-10 00:00:00+05:30,2023-08-02 00:00:00+05:30,374.9510193,382.7728882,2511463.13,52391.7374,2.086104183,UT Sell,41213262.04,41313262.04
SIMPLEXINF.NS,2023-07-31 00:00:00+05:30,2023-08-02 00:00:00+05:30,32.29999924,30.89999962,2783203.017,-120634.1565,-4.334364246,Stop Loss,41092627.88,41192627.88
JPOLYINVST.NS,2023-08-01 00:00:00+05:30,2023-08-03 00:00:00+05:30,548.7999878,513,1683286.053,-109806.1616,-6.523321536,Stop Loss,40982821.72,41082821.72
FMNL.NS,2023-07-17 00:00:00+05:30,2023-08-03 00:00:00+05:30,4.900000095,5,1982259.15,40454.22901,2.040814341,UT Sell,41023275.95,41123275.95
SANSERA.NS,2023-06-22 00:00:00+05:30,2023-08-07 00:00:00+05:30,865.8591309,919.2489014,2142931.257,132135.3601,6.166103539,UT Sell,41155411.31,41255411.31
INDSWFTLAB.NS,2023-07-27 00:00:00+05:30,2023-08-07 00:00:00+05:30,91.15000153,93.25,2335404.483,53805.21963,2.303892967,UT Sell,41209216.53,41309216.53
RADHIKAJWE.NS,2023-07-31 00:00:00+05:30,2023-08-10 00:00:00+05:30,36.09079742,34.54333115,2783203.017,-119335.485,-4.287703206,Stop Loss,41089881.05,41189881.05
ASHOKA.NS,2023-08-02 00:00:00+05:30,2023-08-10 00:00:00+05:30,103.6500015,98.75,2487326.952,-117587.1267,-4.727449545,Stop Loss,40972293.92,41072293.92
ZUARIIND.NS,2023-08-02 00:00:00+05:30,2023-08-11 00:00:00+05:30,158.1516571,149.6616211,2487326.952,-133526.8677,-5.368287735,Stop Loss,40838767.05,40938767.05
HYBRIDFIN.NS,2023-08-02 00:00:00+05:30,2023-08-11 00:00:00+05:30,8.600000381,8.100000381,2487326.952,-144612.0257,-5.81395323,Stop Loss,40694155.02,40794155.02
RAMCOIND.NS,2023-07-13 00:00:00+05:30,2023-08-14 00:00:00+05:30,172.9519501,174.2465363,2197550.836,16449.18686,0.748523611,UT Sell,40710604.21,40810604.21
KRIDHANINF.NS,2023-08-02 00:00:00+05:30,2023-08-14 00:00:00+05:30,2.200000048,2.25,2487326.952,56530.10287,2.272725056,UT Sell,40767134.31,40867134.31
ERIS.NS,2023-03-24 00:00:00+05:30,2023-08-16 00:00:00+05:30,569.6657715,805.4272461,1418410.399,587022.3277,41.38592951,UT Sell,41354156.64,41454156.64
TERASOFT.NS,2023-08-10 00:00:00+05:30,2023-08-17 00:00:00+05:30,43.04901886,40.9539299,2516803.679,-122486.5918,-4.866751936,Stop Loss,41231670.05,41331670.05
NIBL.NS,2023-06-15 00:00:00+05:30,2023-08-17 00:00:00+05:30,20.39999962,21.60000038,1813277.738,106663.4662,5.882356791,UT Sell,41338333.52,41438333.52
INDOTECH.NS,2023-07-24 00:00:00+05:30,2023-08-21 00:00:00+05:30,415.7000122,390.1000061,2021085.86,-124464.2984,-6.158288514,Stop Loss,41213869.22,41313869.22
SUPREMEINF.NS,2023-07-07 00:00:00+05:30,2023-08-21 00:00:00+05:30,22.35000038,21.20000076,1984566.355,-102114.1169,-5.145412076,Stop Loss,41111755.1,41211755.1
SKIPPER.NS,2023-08-14 00:00:00+05:30,2023-08-25 00:00:00+05:30,198.2475281,188.0472107,2378928.539,-122401.658,-5.145243162,Stop Loss,40989353.44,41089353.44
ROLLT.NS,2023-08-17 00:00:00+05:30,2023-08-28 00:00:00+05:30,1.100000024,1.149999976,2157129.146,98051.22917,4.545450112,UT Sell,41087404.67,41187404.67
V2RETAIL.NS,2023-08-11 00:00:00+05:30,2023-08-29 00:00:00+05:30,12.89999962,14.57999992,2348257.505,305819.6467,13.02325856,UT Sell,41393224.32,41493224.32
MANAKCOAT.NS,2023-08-21 00:00:00+05:30,2023-08-30 00:00:00+05:30,19.49867249,18.57967949,1889536.9,-89055.86666,-4.713105453,Stop Loss,41304168.45,41404168.45
MUTHOOTFIN.NS,2023-08-28 00:00:00+05:30,2023-08-31 00:00:00+05:30,1243.669312,1216.970825,2255180.375,-48413.11259,-2.146751237,UT Sell,41255755.34,41355755.34
SIGACHI.NS,2023-08-07 00:00:00+05:30,2023-09-08 00:00:00+05:30,33.02557373,35.21623993,2332138.16,154696.3659,6.633241913,UT Sell,41410451.71,41510451.71
MAGNUM.NS,2023-08-07 00:00:00+05:30,2023-09-08 00:00:00+05:30,32.13489532,37.95159912,2332138.16,422137.8894,18.10089542,UT Sell,41832589.6,41932589.6
WANBURY.NS,2023-08-11 00:00:00+05:30,2023-09-11 00:00:00+05:30,51,62.90000153,2348257.505,547926.8215,23.33333633,UT Sell,42380516.42,42480516.42
TALBROAUTO.NS,2023-04-25 00:00:00+05:30,2023-09-11 00:00:00+05:30,94.46670532,194.2449799,1226749.724,1295726.048,105.6226892,UT Sell,43676242.46,43776242.46
KIRIINDUS.NS,2023-08-30 00:00:00+05:30,2023-09-12 00:00:00+05:30,280.5,266.5499878,1800481.033,-89542.71797,-4.973266384,Stop Loss,43586699.75,43686699.75
ASHOKA.NS,2023-08-17 00:00:00+05:30,2023-09-12 00:00:00+05:30,102.1500015,101.5999985,2157129.146,-11614.56285,-0.538426866,UT Sell,43575085.18,43675085.18
HINDPETRO.NS,2023-09-08 00:00:00+05:30,2023-09-12 00:00:00+05:30,158.1345062,152.9119415,2620555.287,-86546.69913,-3.302609166,UT Sell,43488538.48,43588538.48
NAZARA.NS,2023-08-16 00:00:00+05:30,2023-09-12 00:00:00+05:30,174.1625061,206.1000061,2005432.726,367751.4129,18.33775863,UT Sell,43856289.9,43956289.9
V2RETAIL.NS,2023-09-11 00:00:00+05:30,2023-09-12 00:00:00+05:30,14.43500042,13.76000023,2709330.049,-126691.9464,-4.676135581,Stop Loss,43729597.95,43829597.95
MSPL.NS,2023-08-10 00:00:00+05:30,2023-09-12 00:00:00+05:30,11.60000038,11.89999962,2516803.679,65089.58264,2.586200234,UT Sell,43794687.53,43894687.53
CENTRALBK.NS,2023-06-19 00:00:00+05:30,2023-09-12 00:00:00+05:30,26.98835564,36.83347321,1879937.507,685784.8633,36.47913086,UT Sell,44480472.4,44580472.4
GRSE.NS,2023-08-14 00:00:00+05:30,2023-09-12 00:00:00+05:30,641.6744385,795.1883545,2378928.539,569133.838,23.92395689,UT Sell,45049606.24,45149606.24
MAHESHWARI.NS,2023-08-03 00:00:00+05:30,2023-09-12 00:00:00+05:30,67.90000153,69.40000153,1798096.635,39722.31064,2.209131025,UT Sell,45089328.55,45189328.55
INDIANB.NS,2023-06-30 00:00:00+05:30,2023-09-12 00:00:00+05:30,278.9472046,365.9543152,1832257.744,571504.0322,31.19124665,UT Sell,45660832.58,45760832.58
SKYGOLD.NS,2023-09-08 00:00:00+05:30,2023-09-13 00:00:00+05:30,28.45908165,27.7864666,2620555.287,-61935.41137,-2.363446086,UT Sell,45598897.17,45698897.17
AJANTPHARM.NS,2023-09-13 00:00:00+05:30,2023-09-15 00:00:00+05:30,1764.284546,1657.579834,2395535.05,-144883.0224,-6.048044357,Stop Loss,45454014.14,45554014.14
CANTABIL.NS,2023-09-12 00:00:00+05:30,2023-09-20 00:00:00+05:30,215.8869019,219.8148499,2368354.246,43090.9529,1.819447111,UT Sell,45497105.1,45597105.1
KIRIINDUS.NS,2023-09-14 00:00:00+05:30,2023-09-20 00:00:00+05:30,284.3500061,272.6499939,2395535.05,-98567.92238,-4.114651646,Stop Loss,45398537.17,45498537.17
BCG.NS,2023-09-12 00:00:00+05:30,2023-09-22 00:00:00+05:30,15.19999981,19.20000076,2368354.246,623251.2738,26.31579608,UT Sell,46021788.45,46121788.45
BANKINDIA.NS,2023-06-19 00:00:00+05:30,2023-09-28 00:00:00+05:30,69.01735687,99.11515045,1879937.507,819822.3403,43.60902089,UT Sell,46841610.79,46941610.79
NAHARCAP.NS,2023-08-29 00:00:00+05:30,2023-10-03 00:00:00+05:30,287.0957336,299.8652344,2654077.152,118048.5677,4.447819747,UT Sell,46959659.36,47059659.36
TIMETECHNO.NS,2023-09-14 00:00:00+05:30,2023-10-04 00:00:00+05:30,75.98935699,71.94690704,2395535.05,-127436.6692,-5.31975807,Stop Loss,46832222.69,46932222.69
NAGREEKCAP.NS,2023-09-28 00:00:00+05:30,2023-10-05 00:00:00+05:30,16.04999924,15.39999962,2699759.848,-109336.0096,-4.049842053,Stop Loss,46722886.68,46822886.68
CHENNPETRO.NS,2023-08-21 00:00:00+05:30,2023-10-06 00:00:00+05:30,347.2698059,454.1546021,1889536.9,581573.0677,30.77860336,UT Sell,47304459.75,47404459.75
MANALIPETC.NS,2023-10-05 00:00:00+05:30,2023-10-09 00:00:00+05:30,66.54915619,63.74346161,2590423.838,-109211.5744,-4.215973185,Stop Loss,47195248.17,47295248.17
SHREERAMA.NS,2023-09-22 00:00:00+05:30,2023-10-09 00:00:00+05:30,19.10000038,22.70000076,2991605.52,563862.869,18.84816916,UT Sell,47759111.04,47859111.04
JPOLYINVST.NS,2023-09-20 00:00:00+05:30,2023-10-09 00:00:00+05:30,529.0999756,493.5499878,2354206.163,-158178.0462,-6.718954722,Stop Loss,47600932.99,47700932.99
CHOLAHLDNG.NS,2023-08-25 00:00:00+05:30,2023-10-09 00:00:00+05:30,928.9793091,1108.042114,2256526.881,434950.5196,19.27521996,UT Sell,48035883.51,48135883.51
NITCO.NS,2023-09-15 00:00:00+05:30,2023-10-09 00:00:00+05:30,19.20000076,18.39999962,2250652.028,-93777.29825,-4.166672462,Stop Loss,47942106.22,48042106.22
OMAXAUTO.NS,2023-08-02 00:00:00+05:30,2023-10-09 00:00:00+05:30,50.17464066,56.23438263,2487326.952,300401.9428,12.0773002,UT Sell,48242508.16,48342508.16
RMDRIP.NS,2023-09-14 00:00:00+05:30,2023-10-11 00:00:00+05:30,2.570779324,3.016731024,2395535.05,415552.1708,17.34694597,UT Sell,48658060.33,48758060.33
CARERATING.NS,2023-10-09 00:00:00+05:30,2023-10-13 00:00:00+05:30,909.8526611,928.0592651,2644798.299,52923.7286,2.001049706,UT Sell,48710984.06,48810984.06
ROLLT.NS,2023-10-06 00:00:00+05:30,2023-10-16 00:00:00+05:30,1.200000048,1.149999976,2471109.967,-102963.0585,-4.166672462,Stop Loss,48608021,48708021
HINDZINC.NS,2023-10-09 00:00:00+05:30,2023-10-18 00:00:00+05:30,284.2073669,285.5290527,2644798.299,12299.44308,0.465042763,UT Sell,48620320.44,48720320.44
RAJTV.NS,2023-10-09 00:00:00+05:30,2023-10-18 00:00:00+05:30,52.90000153,52.25,2644798.299,-32497.59698,-1.228736308,UT Sell,48587822.85,48687822.85
GRANULES.NS,2023-09-13 00:00:00+05:30,2023-10-20 00:00:00+05:30,318.7243652,342.7865601,2395535.05,180851.6617,7.549531021,UT Sell,48768674.51,48868674.51
ABINFRA.NS,2023-10-04 00:00:00+05:30,2023-10-20 00:00:00+05:30,2.400336027,2.931897163,2268098.381,502276.7391,22.14528009,UT Sell,49270951.25,49370951.25
IOC.NS,2023-10-11 00:00:00+05:30,2023-10-23 00:00:00+05:30,76.83125305,75.33231354,2811087.221,-54842.91283,-1.950950238,UT Sell,49216108.33,49316108.33
GOKULAGRO.NS,2023-10-18 00:00:00+05:30,2023-10-23 00:00:00+05:30,59.95000076,54.25,2634699.222,-250505.2108,-9.507924421,Stop Loss,48965603.12,49065603.12
KOHINOOR.NS,2023-10-16 00:00:00+05:30,2023-10-23 00:00:00+05:30,35.84999847,35.15000153,2368146.909,-46239.76792,-1.952571766,UT Sell,48919363.35,49019363.35
NRAIL.NS,2023-09-13 00:00:00+05:30,2023-10-23 00:00:00+05:30,364.1950989,340.7800903,2395535.05,-154014.9053,-6.429248668,Stop Loss,48765348.45,48865348.45
CANBK.NS,2023-09-11 00:00:00+05:30,2023-10-23 00:00:00+05:30,67.66431427,66.83719635,2709330.049,-33118.42378,-1.222384249,UT Sell,48732230.03,48832230.03
DPABHUSHAN.NS,2023-08-03 00:00:00+05:30,2023-10-23 00:00:00+05:30,282.7104187,571.2000122,1798096.635,1834853.38,102.044203,UT Sell,50567083.41,50667083.41
NATCOPHARM.NS,2023-09-13 00:00:00+05:30,2023-10-23 00:00:00+05:30,844.7342529,796.0887451,2395535.05,-137951.0995,-5.758675896,Stop Loss,50429132.31,50529132.31
THEINVEST.NS,2023-10-09 00:00:00+05:30,2023-10-25 00:00:00+05:30,84.5,80.34999847,2644798.299,-129892.5086,-4.911244409,Stop Loss,50299239.8,50399239.8
MAGNUM.NS,2023-10-13 00:00:00+05:30,2023-10-25 00:00:00+05:30,38.90515518,48.91751099,2697722.028,694266.6769,25.73529332,UT Sell,50993506.47,51093506.47
ASHOKAMET.NS,2023-10-18 00:00:00+05:30,2023-10-25 00:00:00+05:30,21.39999962,19.14999962,2634699.222,-277012.7736,-10.51401888,Stop Loss,50716493.7,50816493.7
VGL.NS,2023-10-20 00:00:00+05:30,2023-10-25 00:00:00+05:30,12.72500038,11.55000019,2673380.916,-246854.4591,-9.233792971,Stop Loss,50469639.24,50569639.24
SARVESHWAR.NS,2023-10-23 00:00:00+05:30,2023-10-25 00:00:00+05:30,4.699999809,4.5,2610087.314,-111067.4439,-4.255315263,Stop Loss,50358571.8,50458571.8
TPHQ.NS,2023-09-12 00:00:00+05:30,2023-10-26 00:00:00+05:30,1.154999971,1.105000019,2368354.246,-102526.0626,-4.329000308,Stop Loss,50256045.74,50356045.74
MGEL.NS,2023-10-23 00:00:00+05:30,2023-10-26 00:00:00+05:30,8.182081223,8.132789612,2610087.314,-15724.04433,-0.602433652,UT Sell,50240321.69,50340321.69
ELECTHERM.NS,2023-10-03 00:00:00+05:30,2023-10-31 00:00:00+05:30,120.5500031,123.4000015,2772125.72,65537.56841,2.364162922,UT Sell,50305859.26,50405859.26
RADICO.NS,2023-10-26 00:00:00+05:30,2023-10-31 00:00:00+05:30,1221.291016,1213.0177,2580954.016,-17483.99555,-0.677423753,UT Sell,50288375.26,50388375.26
ICDSLTD.NS,2023-10-25 00:00:00+05:30,2023-11-03 00:00:00+05:30,26.5,24.60000038,2624056.384,-188139.8539,-7.169809881,Stop Loss,50100235.41,50200235.41
BLUECOAST.NS,2023-10-09 00:00:00+05:30,2023-11-06 00:00:00+05:30,5.699999809,7.349999905,2644798.299,765599.5775,28.94737106,UT Sell,50865834.99,50965834.99
RMDRIP.NS,2023-10-31 00:00:00+05:30,2023-11-07 00:00:00+05:30,3.61133337,4.165129662,2700566.654,414130.6394,15.33495345,UT Sell,51279965.63,51379965.63
BANSWRAS.NS,2023-10-26 00:00:00+05:30,2023-11-07 00:00:00+05:30,146.3994751,143.6847229,2580954.016,-47859.80674,-1.854345581,UT Sell,51232105.82,51332105.82
MHLXMIRU.NS,2023-08-31 00:00:00+05:30,2023-11-09 00:00:00+05:30,153,215.6499939,2206767.262,903620.6243,40.94770843,UT Sell,52135726.44,52235726.44
TNPETRO.NS,2023-11-07 00:00:00+05:30,2023-11-09 00:00:00+05:30,90.0488739,87.85256195,2823895.751,-68875.44194,-2.439022117,UT Sell,52066851,52166851
PCJEWELLER.NS,2023-11-06 00:00:00+05:30,2023-11-13 00:00:00+05:30,3.079999924,2.940000057,3410397.877,-155017.9413,-4.545450323,Stop Loss,51911833.06,52011833.06
PRAKASH.NS,2023-10-09 00:00:00+05:30,2023-11-15 00:00:00+05:30,144.0963593,147.4943695,2644798.299,62368.34703,2.358151359,UT Sell,51974201.41,52074201.41
CANBK.NS,2023-10-27 00:00:00+05:30,2023-11-17 00:00:00+05:30,71.58375549,74.77944946,2580954.016,115220.8225,4.464272582,UT Sell,52089422.23,52189422.23
NAZARA.NS,2023-11-07 00:00:00+05:30,2023-11-21 00:00:00+05:30,208.3374939,199.4750061,2823895.751,-120125.9608,-4.253909187,Stop Loss,51969296.27,52069296.27
VOLTAMP.NS,2023-10-26 00:00:00+05:30,2023-11-22 00:00:00+05:30,4606.523438,5012.068848,2580954.016,227219.9565,8.803719674,UT Sell,52196516.23,52296516.23
SIGACHI.NS,2023-09-12 00:00:00+05:30,2023-11-24 00:00:00+05:30,37.07889938,53.14060974,2368354.246,1025915.563,43.31765674,UT Sell,53222431.79,53322431.79
BAJAJHLDNG.NS,2023-11-17 00:00:00+05:30,2023-11-28 00:00:00+05:30,7235.101563,7208.417969,2696174.838,-9943.693732,-0.368807452,UT Sell,53212488.09,53312488.09
PREMIERPOL.NS,2023-10-25 00:00:00+05:30,2023-11-29 00:00:00+05:30,30.01265717,28.53239059,2624056.384,-129422.1609,-4.932141006,Stop Loss,53083065.93,53183065.93
INDIANB.NS,2023-11-29 00:00:00+05:30,2023-11-30 00:00:00+05:30,399.3269043,378.4451904,2494634.223,-130450.1086,-5.229227894,Stop Loss,52952615.83,53052615.83
LIBAS.NS,2023-10-26 00:00:00+05:30,2023-12-01 00:00:00+05:30,13.80000019,15.35000038,2580954.016,289889.7943,11.23188528,UT Sell,53242505.62,53342505.62
AFSL.NS,2023-11-09 00:00:00+05:30,2023-12-01 00:00:00+05:30,315.8999939,331.3500061,2932704.098,143432.4628,4.890792183,UT Sell,53385938.08,53485938.08
TORNTPHARM.NS,2023-10-25 00:00:00+05:30,2023-12-08 00:00:00+05:30,1871.196045,1998.911255,2624056.384,179100.3743,6.82532492,UT Sell,53565038.46,53665038.46
INTLCONV.NS,2023-11-15 00:00:00+05:30,2023-12-08 00:00:00+05:30,91.56001282,85.28608704,2707166.646,-185501.9685,-6.852255246,Stop Loss,53379536.49,53479536.49
RMDRIP.NS,2023-11-22 00:00:00+05:30,2023-12-12 00:00:00+05:30,4.44785738,5.876068592,2808173.972,901707.3188,32.1100946,UT Sell,54281243.81,54381243.81
SAMHI.NS,2023-10-26 00:00:00+05:30,2023-12-12 00:00:00+05:30,150.0500031,172.6999969,2580954.016,389594.0787,15.09496397,UT Sell,54670837.89,54770837.89
AUSOMENT.NS,2023-12-01 00:00:00+05:30,2023-12-13 00:00:00+05:30,68.94995117,66.15667725,2973490.185,-120460.8917,-4.051161572,Stop Loss,54550376.99,54650376.99
MONARCH.NS,2023-05-19 00:00:00+05:30,2023-12-13 00:00:00+05:30,103.6575317,221.1724548,1575135.492,1785706.481,113.3684365,UT Sell,56336083.48,56436083.48
MAGNUM.NS,2023-12-12 00:00:00+05:30,2023-12-14 00:00:00+05:30,48.29769897,46.05683899,3340214.693,-154975.3633,-4.639682703,Stop Loss,56181108.11,56281108.11
HYBRIDFIN.NS,2023-12-14 00:00:00+05:30,2023-12-19 00:00:00+05:30,8.550000191,8.300000191,3185239.329,-93135.65083,-2.923976543,UT Sell,56087972.46,56187972.46
HINDPETRO.NS,2023-12-13 00:00:00+05:30,2023-12-20 00:00:00+05:30,227.7282562,221.5644073,3106935.634,-84094.44675,-2.706668456,UT Sell,56003878.01,56103878.01
INDIANHUME.NS,2023-12-13 00:00:00+05:30,2023-12-20 00:00:00+05:30,261.8598328,247.6454163,3106935.634,-168652.3538,-5.428253869,Stop Loss,55835225.66,55935225.66
RADHIKAJWE.NS,2023-12-12 00:00:00+05:30,2023-12-20 00:00:00+05:30,45.27572632,43.62842941,3340214.693,-121529.2558,-3.638366603,UT Sell,55713696.4,55813696.4
JPOLYINVST.NS,2023-12-08 00:00:00+05:30,2023-12-20 00:00:00+05:30,663.6500244,618.8499756,2662410.718,-179727.4554,-6.750553331,Stop Loss,55533968.95,55633968.95
MGEL.NS,2023-12-08 00:00:00+05:30,2023-12-20 00:00:00+05:30,8.428527832,8.280659676,2662410.718,-46708.72214,-1.754377032,UT Sell,55487260.23,55587260.23
MAHABANK.NS,2023-11-28 00:00:00+05:30,2023-12-20 00:00:00+05:30,41.26467514,41.63853455,2686231.144,24337.34848,0.906003511,UT Sell,55511597.58,55611597.58
SCI.NS,2023-11-13 00:00:00+05:30,2023-12-20 00:00:00+05:30,127.7690048,150.488739,3255379.935,578867.832,17.78188241,UT Sell,56090465.41,56190465.41
PFC.NS,2023-10-31 00:00:00+05:30,2023-12-20 00:00:00+05:30,221.3271027,347.5926208,2700566.654,1540653.828,57.04927985,UT Sell,57631119.24,57731119.24
SHILPAMED.NS,2023-10-26 00:00:00+05:30,2023-12-20 00:00:00+05:30,163.2272186,178.2839813,2580954.016,238078.0146,9.224419078,UT Sell,57869197.25,57969197.25
CANBK.NS,2023-12-01 00:00:00+05:30,2023-12-20 00:00:00+05:30,77.12923431,80.07116699,2973490.185,113417.539,3.814290009,UT Sell,57982614.79,58082614.79
WANBURY.NS,2023-11-21 00:00:00+05:30,2023-12-27 00:00:00+05:30,92.84999847,130.9499969,2703769.79,1109462.86,41.03392472,UT Sell,59092077.65,59192077.65
IMPAL.NS,2023-12-21 00:00:00+05:30,2023-12-28 00:00:00+05:30,997.6190186,950.8336182,3097017.166,-145241.0043,-4.689706142,Stop Loss,58946836.65,59046836.65
AUBANK.NS,2023-12-20 00:00:00+05:30,2024-01-02 00:00:00+05:30,757.9153442,764.696167,3097017.166,27708.00806,0.894667565,UT Sell,58974544.65,59074544.65
SIKKO.NS,2023-12-21 00:00:00+05:30,2024-01-08 00:00:00+05:30,4.378266811,4.536577225,3097017.166,111982.6838,3.615823799,UT Sell,59086527.34,59186527.34
HYBRIDFIN.NS,2023-12-20 00:00:00+05:30,2024-01-08 00:00:00+05:30,8.449999809,10.39999962,3097017.166,714696.2153,23.07692134,UT Sell,59801223.55,59901223.55
WILLAMAGOR.NS,2023-09-20 00:00:00+05:30,2024-01-08 00:00:00+05:30,21.20000076,35.34999847,2354206.163,1571321.256,66.74526982,UT Sell,61372544.81,61472544.81
KIRIINDUS.NS,2023-11-03 00:00:00+05:30,2024-01-08 00:00:00+05:30,273.3500061,409.3999939,2435916.53,1212388.538,49.77134983,UT Sell,62584933.35,62684933.35
WEWIN.NS,2023-12-20 00:00:00+05:30,2024-01-12 00:00:00+05:30,76.84999847,72.94999695,3097017.166,-157168.1446,-5.074823166,Stop Loss,62427765.2,62527765.2
SHRADHA.NS,2023-10-27 00:00:00+05:30,2024-01-16 00:00:00+05:30,18.77874756,27.71348,2580954.016,1227991.03,47.57895812,UT Sell,63655756.23,63755756.23
DRCSYSTEMS.NS,2023-11-09 00:00:00+05:30,2024-01-16 00:00:00+05:30,13.80000019,16.89999962,2932704.098,658795.7174,22.46376366,UT Sell,64314551.95,64414551.95
DPABHUSHAN.NS,2023-11-30 00:00:00+05:30,2024-01-16 00:00:00+05:30,572.2999878,705.0499878,2364184.114,548393.2341,23.19587678,UT Sell,64862945.18,64962945.18
KALYANKJIL.NS,2023-12-20 00:00:00+05:30,2024-01-16 00:00:00+05:30,320.5911865,366.0061646,3097017.166,438723.7468,14.16600953,UT Sell,65301668.93,65401668.93
POCL.NS,2023-12-22 00:00:00+05:30,2024-01-16 00:00:00+05:30,234.1011353,374.5319824,3097017.166,1857815.614,59.98725594,UT Sell,67159484.54,67259484.54
FIBERWEB.NS,2023-12-22 00:00:00+05:30,2024-01-16 00:00:00+05:30,34.20000076,36.45000076,3097017.166,203751.1248,6.578947222,UT Sell,67363235.67,67463235.67
PASUPTAC.NS,2024-01-08 00:00:00+05:30,2024-01-16 00:00:00+05:30,39.75,41.34999847,3648636.429,146863.2131,4.025153394,UT Sell,67510098.88,67610098.88
TEMBO.NS,2024-01-08 00:00:00+05:30,2024-01-16 00:00:00+05:30,276.512207,297.7976379,3648636.429,280865.7146,7.697826847,UT Sell,67790964.6,67890964.6
PREMIERPOL.NS,2024-01-16 00:00:00+05:30,2024-01-17 00:00:00+05:30,30.49946022,30.0027256,3728670.747,-60727.62699,-1.628666919,UT Sell,67730236.97,67830236.97
HECPROJECT.NS,2024-01-16 00:00:00+05:30,2024-01-23 00:00:00+05:30,81.34999847,84.40000153,3728670.747,139796.6487,3.749235537,UT Sell,67870033.62,67970033.62
BSE.NS,2024-01-16 00:00:00+05:30,2024-01-23 00:00:00+05:30,762.9580688,697.6915283,3728670.747,-318965.6816,-8.554407272,Stop Loss,67551067.94,67651067.94
BPCL.NS,2023-12-28 00:00:00+05:30,2024-01-23 00:00:00+05:30,207.712677,206.4863586,2951776.162,-17427.04081,-0.590391678,UT Sell,67533640.9,67633640.9
SHAHALLOYS.NS,2023-11-24 00:00:00+05:30,2024-01-23 00:00:00+05:30,54.65000153,78.69999695,3394269.809,1493726.827,44.0073097,UT Sell,69027367.72,69127367.72
INDSWFTLAB.NS,2023-12-22 00:00:00+05:30,2024-01-23 00:00:00+05:30,97,102.6500015,3097017.166,180393.3166,5.824743841,UT Sell,69207761.04,69307761.04
CANBK.NS,2023-12-27 00:00:00+05:30,2024-01-23 00:00:00+05:30,81.30245209,85.70123291,3813232.651,206310.8089,5.410391335,UT Sell,69414071.85,69514071.85
WANBURY.NS,2024-01-08 00:00:00+05:30,2024-01-24 00:00:00+05:30,130.4499969,143.1499939,3648636.429,355214.0483,9.735528743,UT Sell,69769285.9,69869285.9
ABINFRA.NS,2024-01-23 00:00:00+05:30,2024-01-24 00:00:00+05:30,4.210969925,4.007480621,3732912.027,-180387.8162,-4.832361836,Stop Loss,69588898.08,69688898.08
LTFOODS.NS,2024-01-24 00:00:00+05:30,2024-01-25 00:00:00+05:30,201.4768829,193.2483215,3778187.344,-154305.7749,-4.084121851,Stop Loss,69434592.31,69534592.31
LLOYDSME.NS,2024-01-16 00:00:00+05:30,2024-01-29 00:00:00+05:30,589.2322388,575.2611084,3728670.747,-88409.52972,-2.371073653,UT Sell,69346182.78,69446182.78
SAMPANN.NS,2024-01-23 00:00:00+05:30,2024-01-29 00:00:00+05:30,25.89999962,27,3732912.027,158540.7225,4.247105783,UT Sell,69504723.5,69604723.5
RVHL.NS,2024-01-16 00:00:00+05:30,2024-02-05 00:00:00+05:30,55.25,54.90000153,3728670.747,-23620.43569,-0.633481401,UT Sell,69481103.06,69581103.06
NGIL.NS,2024-01-25 00:00:00+05:30,2024-02-05 00:00:00+05:30,59.25,57.15000153,3623881.569,-128441.2787,-3.544301222,UT Sell,69352661.78,69452661.78
CLSEL.NS,2024-01-23 00:00:00+05:30,2024-02-06 00:00:00+05:30,242.227005,231.3282623,3732912.027,-167958.348,-4.499392079,Stop Loss,69184703.44,69284703.44
ASHOKA.NS,2024-01-29 00:00:00+05:30,2024-02-08 00:00:00+05:30,172.3999939,181,3765856.983,187856.1148,4.988402789,UT Sell,69372559.55,69472559.55
JPOLYINVST.NS,2024-01-29 00:00:00+05:30,2024-02-09 00:00:00+05:30,692.2000122,683.2000122,3765856.983,-48963.75651,-1.300202231,UT Sell,69323595.79,69423595.79
GESHIP.NS,2024-02-06 00:00:00+05:30,2024-02-09 00:00:00+05:30,950.0003662,899.1600342,3564953.679,-190782.483,-5.351611835,Stop Loss,69132813.31,69232813.31
VOLTAMP.NS,2024-01-17 00:00:00+05:30,2024-02-09 00:00:00+05:30,6923.527344,7534.815918,3667943.12,323848.1787,8.829149419,UT Sell,69456661.49,69556661.49
GRSE.NS,2023-10-26 00:00:00+05:30,2024-02-12 00:00:00+05:30,725.2200317,755.7936401,2580954.016,108807.0846,4.215769982,UT Sell,69565468.57,69665468.57
SOUTHBANK.NS,2024-01-12 00:00:00+05:30,2024-02-12 00:00:00+05:30,26.52152252,32.07934189,2939849.021,616071.3365,20.95588352,UT Sell,70181539.91,70281539.91
TMB.NS,2024-01-16 00:00:00+05:30,2024-02-12 00:00:00+05:30,488.9874268,465.6158447,3728670.747,-178215.0818,-4.779587522,Stop Loss,70003324.83,70103324.83
TERASOFT.NS,2024-02-05 00:00:00+05:30,2024-02-12 00:00:00+05:30,65.84554291,62.70291519,3600245.301,-171829.8638,-4.772726562,Stop Loss,69831494.97,69931494.97
SUPREMEINF.NS,2024-02-05 00:00:00+05:30,2024-02-13 00:00:00+05:30,55.65000153,67.34999847,3600245.301,756924.6699,21.0242527,UT Sell,70588419.64,70688419.64
CHOLAFIN.NS,2024-02-13 00:00:00+05:30,2024-02-20 00:00:00+05:30,1138.710693,1097.020264,3568896.098,-130664.2791,-3.661195941,UT Sell,70457755.36,70557755.36
IZMO.NS,2024-02-09 00:00:00+05:30,2024-02-21 00:00:00+05:30,301.6499939,306.3999939,3694285.241,58172.89988,1.574672666,UT Sell,70515928.26,70615928.26
HECPROJECT.NS,2024-02-12 00:00:00+05:30,2024-02-23 00:00:00+05:30,78.19999695,88.80000305,3306138.14,448146.8777,13.55499555,UT Sell,70964075.13,71064075.13
WEBELSOLAR.NS,2024-01-23 00:00:00+05:30,2024-02-26 00:00:00+05:30,29.97999954,39.46500015,3732912.027,1181009.786,31.63776102,UT Sell,72145084.92,72245084.92
SANDHAR.NS,2024-02-09 00:00:00+05:30,2024-02-26 00:00:00+05:30,467.0614014,507.3857422,3694285.241,318950.8204,8.633627335,UT Sell,72464035.74,72564035.74
RATNAVEER.NS,2024-01-23 00:00:00+05:30,2024-02-27 00:00:00+05:30,120.0500031,134.25,3732912.027,441543.8404,11.82840199,UT Sell,72905579.58,73005579.58
ASHOKA.NS,2024-02-27 00:00:00+05:30,2024-02-28 00:00:00+05:30,185.1000061,176.3999939,4174455.867,-196206.4603,-4.700168514,Stop Loss,72709373.12,72809373.12
GOCLCORP.NS,2024-02-21 00:00:00+05:30,2024-02-28 00:00:00+05:30,479.7059631,467.2473145,3752458.14,-97456.69485,-2.597142758,UT Sell,72611916.43,72711916.43
REDINGTON.NS,2024-02-13 00:00:00+05:30,2024-02-28 00:00:00+05:30,189.2375946,193.2780762,3568896.098,76200.8148,2.135136824,UT Sell,72688117.24,72788117.24
CSLFINANCE.NS,2024-01-16 00:00:00+05:30,2024-02-28 00:00:00+05:30,424.706604,447.7381897,3728670.747,202203.5896,5.422940325,UT Sell,72890320.83,72990320.83
BAJAJHCARE.NS,2024-02-28 00:00:00+05:30,2024-02-29 00:00:00+05:30,356.3666077,333.5806274,3802305.526,-243118.3412,-6.393971751,Stop Loss,72647202.49,72747202.49
NILASPACES.NS,2024-02-09 00:00:00+05:30,2024-03-01 00:00:00+05:30,5.050000191,5.449999809,3694285.241,292616.3626,7.920784226,UT Sell,72939818.85,73039818.85
CHOLAHLDNG.NS,2024-02-26 00:00:00+05:30,2024-03-05 00:00:00+05:30,1086.814209,1037.865479,4463578.937,-201033.9214,-4.503872885,Stop Loss,72738784.93,72838784.93
KHAITANLTD.NS,2023-10-20 00:00:00+05:30,2024-03-06 00:00:00+05:30,56.25,73.44999695,2673380.916,817460.3306,30.57777235,UT Sell,73556245.26,73656245.26
FIEMIND.NS,2024-01-08 00:00:00+05:30,2024-03-06 00:00:00+05:30,1104.740479,1111.821899,3648636.429,23387.87323,0.641003117,UT Sell,73579633.13,73679633.13
GANDHITUBE.NS,2024-01-23 00:00:00+05:30,2024-03-06 00:00:00+05:30,738.0479126,727.6168213,3732912.027,-52758.56151,-1.41333525,UT Sell,73526874.57,73626874.57
GOKULAGRO.NS,2024-02-26 00:00:00+05:30,2024-03-06 00:00:00+05:30,57.75,53.67499924,4463578.937,-314962.5554,-7.056278377,Stop Loss,73211912.02,73311912.02
DONEAR.NS,2024-02-28 00:00:00+05:30,2024-03-06 00:00:00+05:30,104.7598267,99.08097839,3802305.526,-206116.3791,-5.42082633,Stop Loss,73005795.64,73105795.64
DBL.NS,2024-03-01 00:00:00+05:30,2024-03-06 00:00:00+05:30,455.4468994,430.4458618,3986901.603,-218854.6612,-5.489341925,Stop Loss,72786940.98,72886940.98
20MICRONS.NS,2024-03-06 00:00:00+05:30,2024-03-07 00:00:00+05:30,155.8569641,147.1954803,3725978.581,-207064.8762,-5.557328679,Stop Loss,72579876.1,72679876.1
NGIL.NS,2024-03-06 00:00:00+05:30,2024-03-11 00:00:00+05:30,56.15000153,51.25,3725978.581,-325152.2749,-8.726627592,Stop Loss,72254723.83,72354723.83
KRISHIVAL.NS,2024-03-06 00:00:00+05:30,2024-03-11 00:00:00+05:30,253.78508,250.6889343,3725978.581,-45456.4638,-1.219987255,UT Sell,72209267.36,72309267.36
HUBTOWN.NS,2024-01-16 00:00:00+05:30,2024-03-11 00:00:00+05:30,90.09999847,129.1000061,3728670.747,1613964.374,43.28524782,UT Sell,73823231.74,73923231.74
GENUSPOWER.NS,2024-02-29 00:00:00+05:30,2024-03-11 00:00:00+05:30,248.0020905,234.370163,3559187.184,-195637.7929,-5.496698623,Stop Loss,73627593.94,73727593.94
NATCOPHARM.NS,2024-01-24 00:00:00+05:30,2024-03-12 00:00:00+05:30,849.1379395,957.7297974,3778187.344,483172.8323,12.78848263,UT Sell,74110766.77,74210766.77
SUPREMEINF.NS,2024-02-23 00:00:00+05:30,2024-03-12 00:00:00+05:30,69.34999847,78.44999695,3754285.018,492631.4158,13.1218438,UT Sell,74603398.19,74703398.19
CHENNPETRO.NS,2024-03-05 00:00:00+05:30,2024-03-12 00:00:00+05:30,866.9754028,809.4655151,4262545.016,-282751.3726,-6.633393232,Stop Loss,74320646.82,74420646.82
NAHARCAP.NS,2024-03-07 00:00:00+05:30,2024-03-12 00:00:00+05:30,331.5603027,290.6538696,3656956.955,-451179.058,-12.33755452,Stop Loss,73869467.76,73969467.76
CHAMBLFERT.NS,2024-03-07 00:00:00+05:30,2024-03-12 00:00:00+05:30,359.3126831,345.9137573,3656956.955,-136369.5108,-3.729043368,UT Sell,73733098.25,73833098.25
SMSPHARMA.NS,2024-03-12 00:00:00+05:30,2024-03-13 00:00:00+05:30,181.8029022,163.8969421,3842887.119,-378490.0159,-9.849105743,Stop Loss,73354608.23,73454608.23
HEG.NS,2024-03-12 00:00:00+05:30,2024-03-13 00:00:00+05:30,356.7918396,340.716156,3842887.119,-173145.881,-4.505619751,Stop Loss,73181462.35,73281462.35
MACPOWER.NS,2024-03-11 00:00:00+05:30,2024-03-13 00:00:00+05:30,895.1904297,869.5636597,3946883.234,-112988.1035,-2.862717157,UT Sell,73068474.25,73168474.25
MOTHERSON.NS,2024-02-28 00:00:00+05:30,2024-03-13 00:00:00+05:30,77.96058655,72.46949005,3802305.526,-267812.5893,-7.043426351,Stop Loss,72800661.66,72900661.66
FORCEMOT.NS,2024-03-07 00:00:00+05:30,2024-03-13 00:00:00+05:30,6460.646973,5832.788086,3656956.955,-355390.5565,-9.718204529,Stop Loss,72445271.1,72545271.1
WILLAMAGOR.NS,2024-02-20 00:00:00+05:30,2024-03-13 00:00:00+05:30,33.59999847,31.79999924,3438231.819,-184190.9206,-5.35714083,Stop Loss,72261080.18,72361080.18
CIGNITITEC.NS,2024-03-11 00:00:00+05:30,2024-03-13 00:00:00+05:30,1177.400024,1092.349976,3946883.234,-285104.9811,-7.223547398,Stop Loss,71975975.2,72075975.2
SANDHAR.NS,2024-03-14 00:00:00+05:30,2024-03-15 00:00:00+05:30,499.4393311,479.0550232,3570349.885,-145721.6256,-4.081438244,Stop Loss,71830253.58,71930253.58
VETO.NS,2024-03-15 00:00:00+05:30,2024-03-18 00:00:00+05:30,131.2956238,125.0387726,3424628.259,-163199.5706,-4.765468198,Stop Loss,71667054,71767054
KRITINUT.NS,2024-03-14 00:00:00+05:30,2024-03-18 00:00:00+05:30,101.2284698,93.52198029,3570349.885,-271809.5429,-7.612966564,Stop Loss,71395244.46,71495244.46
TCS.NS,2024-03-12 00:00:00+05:30,2024-03-18 00:00:00+05:30,3931.537109,3894.258789,3842887.119,-36437.75271,-0.948186912,UT Sell,71358806.71,71458806.71
PENIND.NS,2024-03-14 00:00:00+05:30,2024-03-18 00:00:00+05:30,127,119.4499969,3570349.885,-212253.1695,-5.944884293,Stop Loss,71146553.54,71246553.54
STARTECK.NS,2023-12-21 00:00:00+05:30,2024-03-19 00:00:00+05:30,285.866333,273.1878052,3097017.166,-137356.5677,-4.435124521,Stop Loss,71009196.97,71109196.97
AUBANK.NS,2024-03-11 00:00:00+05:30,2024-03-19 00:00:00+05:30,582.5592041,558.5767822,3946883.234,-162482.7453,-4.116735553,Stop Loss,70846714.23,70946714.23
SOMICONVEY.NS,2024-03-11 00:00:00+05:30,2024-03-19 00:00:00+05:30,115.1500015,138.6499939,3946883.234,805486.1021,20.40815637,UT Sell,71652200.33,71752200.33
360ONE.NS,2024-02-13 00:00:00+05:30,2024-03-20 00:00:00+05:30,679.2373047,661.6107178,3568896.098,-92614.84436,-2.595055777,UT Sell,71559585.48,71659585.48
AXISBANK.NS,2024-02-13 00:00:00+05:30,2024-03-20 00:00:00+05:30,1069.010742,1033.069092,3568896.098,-119991.3254,-3.362141181,UT Sell,71439594.16,71539594.16
HDFCBANK.NS,2024-03-12 00:00:00+05:30,2024-03-20 00:00:00+05:30,710.3422241,696.4716187,3842887.119,-75038.71976,-1.952665208,UT Sell,71364555.44,71464555.44
AUSOMENT.NS,2024-03-14 00:00:00+05:30,2024-03-20 00:00:00+05:30,80.12307739,76.34970093,3570349.885,-168144.7426,-4.709475207,Stop Loss,71196410.7,71296410.7
GROBTEA.NS,2024-03-14 00:00:00+05:30,2024-03-21 00:00:00+05:30,893.8406372,892.8952026,3570349.885,-3776.436278,-0.105772162,UT Sell,71192634.26,71292634.26
DEVIT.NS,2024-03-18 00:00:00+05:30,2024-03-21 00:00:00+05:30,43.07316208,40.44820404,3431128.778,-209099.3238,-6.094184665,Stop Loss,70983534.94,71083534.94
VENUSREM.NS,2024-03-18 00:00:00+05:30,2024-03-22 00:00:00+05:30,323.8999939,317.5,3431128.778,-67796.24467,-1.975916646,UT Sell,70915738.69,71015738.69
VIPULLTD.NS,2024-02-08 00:00:00+05:30,2024-03-26 00:00:00+05:30,16,27.39999962,3953713.098,2817020.488,71.24999762,UT Sell,73732759.18,73832759.18
CANTABIL.NS,2024-03-19 00:00:00+05:30,2024-03-26 00:00:00+05:30,200.7758484,210.4924164,3832143.474,185456.9806,4.839510365,UT Sell,73918216.16,74018216.16
PCJEWELLER.NS,2024-02-28 00:00:00+05:30,2024-03-26 00:00:00+05:30,5.764999866,5.409999847,3802305.526,-234140.2542,-6.157849563,Stop Loss,73684075.91,73784075.91
NITCO.NS,2023-12-19 00:00:00+05:30,2024-03-26 00:00:00+05:30,29.75,55.25,3092103.678,2650374.582,85.71428571,UT Sell,76334450.49,76434450.49
ELECTHERM.NS,2024-01-02 00:00:00+05:30,2024-03-26 00:00:00+05:30,249.6999969,521.2999878,3124725.174,3398779.892,108.7705223,UT Sell,79733230.38,79833230.38
INDIANHUME.NS,2024-03-14 00:00:00+05:30,2024-03-27 00:00:00+05:30,269.5818176,251.3342743,3570349.885,-241671.0252,-6.768833112,Stop Loss,79491559.35,79591559.35
SAMPANN.NS,2024-03-20 00:00:00+05:30,2024-03-28 00:00:00+05:30,20.45000076,21.75,3523809.892,224007.335,6.356964247,UT Sell,79715566.69,79815566.69
NAGREEKCAP.NS,2024-03-26 00:00:00+05:30,2024-03-28 00:00:00+05:30,16.60000038,15.5,5324496.528,-352828.1974,-6.62650817,Stop Loss,79362738.49,79462738.49
REDINGTON.NS,2024-03-14 00:00:00+05:30,2024-04-04 00:00:00+05:30,195.1794891,205.2569275,3570349.885,184343.0425,5.163164633,UT Sell,79547081.53,79647081.53
HINDPETRO.NS,2024-03-21 00:00:00+05:30,2024-04-04 00:00:00+05:30,295.2019348,288.3607788,3394301.451,-78661.22481,-2.317449582,UT Sell,79468420.31,79568420.31
MANAKCOAT.NS,2024-04-04 00:00:00+05:30,2024-04-09 00:00:00+05:30,36.56001282,34.41236115,3535166.577,-207666.9516,-5.874318707,Stop Loss,79260753.36,79360753.36
ASHOKAMET.NS,2024-04-04 00:00:00+05:30,2024-04-09 00:00:00+05:30,21.70000076,20.95000076,3535166.577,-122183.1723,-3.456221077,UT Sell,79138570.19,79238570.19
RELINFRA.NS,2024-03-21 00:00:00+05:30,2024-04-10 00:00:00+05:30,271.2000122,227.6000061,3394301.451,-545691.5831,-16.07669769,Stop Loss,78592878.6,78692878.6
PASHUPATI.NS,2024-04-09 00:00:00+05:30,2024-04-15 00:00:00+05:30,9.629506111,9.225366592,3370241.515,-141445.238,-4.196887297,Stop Loss,78451433.37,78551433.37
HINDPETRO.NS,2024-04-10 00:00:00+05:30,2024-04-15 00:00:00+05:30,304.5422058,292.0468445,2848609.868,-116878.4126,-4.102998235,Stop Loss,78334554.95,78434554.95
DBL.NS,2024-03-28 00:00:00+05:30,2024-04-15 00:00:00+05:30,455.0982361,441.9005127,4359742.779,-126431.3387,-2.899972433,UT Sell,78208123.61,78308123.61
CANBK.NS,2024-03-28 00:00:00+05:30,2024-04-15 00:00:00+05:30,109.2272491,111.4924469,4359742.779,90414.0645,2.073839423,UT Sell,78298537.68,78398537.68
GOKULAGRO.NS,2024-03-20 00:00:00+05:30,2024-04-15 00:00:00+05:30,54.40000153,56.5,3523809.892,136029.3233,3.860291204,UT Sell,78434567,78534567
INDIANB.NS,2024-03-26 00:00:00+05:30,2024-04-15 00:00:00+05:30,487.6689758,490.6247864,5324496.528,32272.30719,0.606110024,UT Sell,78466839.31,78566839.31
PNBGILTS.NS,2024-03-19 00:00:00+05:30,2024-04-15 00:00:00+05:30,107.6030655,106.0813141,3832143.474,-54195.20053,-1.414226813,UT Sell,78412644.11,78512644.11
GABRIEL.NS,2024-03-18 00:00:00+05:30,2024-04-15 00:00:00+05:30,325.1067505,338.9673157,3431128.778,146282.3642,4.263388922,UT Sell,78558926.47,78658926.47
TIIL.NS,2024-04-15 00:00:00+05:30,2024-04-18 00:00:00+05:30,2259.289795,2204.345459,3876995.435,-94285.79729,-2.431929541,UT Sell,78464640.68,78564640.68
BAJAJ-AUTO.NS,2024-03-06 00:00:00+05:30,2024-04-19 00:00:00+05:30,8325.422852,8517.649414,3725978.581,86029.51073,2.308910501,UT Sell,78550670.19,78650670.19
RMDRIP.NS,2024-04-16 00:00:00+05:30,2024-04-19 00:00:00+05:30,8.097083092,7.869734764,3876995.435,-108857.5254,-2.807780593,UT Sell,78441812.66,78541812.66
KMSUGAR.NS,2024-04-18 00:00:00+05:30,2024-04-23 00:00:00+05:30,36.04999924,40.40000153,3782709.638,456443.7151,12.06658081,UT Sell,78898256.38,78998256.38
SPMLINFRA.NS,2024-03-19 00:00:00+05:30,2024-04-30 00:00:00+05:30,118.3499985,113.0999985,3832143.474,-169993.6924,-4.435994987,Stop Loss,78728262.68,78828262.68
NGIL.NS,2024-04-30 00:00:00+05:30,2024-05-02 00:00:00+05:30,61.65000153,58.54999924,3662149.782,-184147.1602,-5.028389638,Stop Loss,78544115.52,78644115.52
ASIANHOTNR.NS,2024-03-26 00:00:00+05:30,2024-05-03 00:00:00+05:30,120.9000015,144.0500031,5324496.528,1019537.644,19.14805727,UT Sell,79563653.17,79663653.17
KRISHNADEF.NS,2024-04-15 00:00:00+05:30,2024-05-03 00:00:00+05:30,434.6378174,409.4732666,3876995.435,-224469.3043,-5.789774791,Stop Loss,79339183.86,79439183.86
INDOAMIN.NS,2024-04-16 00:00:00+05:30,2024-05-03 00:00:00+05:30,138.0300293,132.0633087,3876995.435,-167593.5923,-4.322769916,Stop Loss,79171590.27,79271590.27
INDSWFTLAB.NS,2024-04-23 00:00:00+05:30,2024-05-03 00:00:00+05:30,123.75,116,4239153.353,-265482.3312,-6.262626263,Stop Loss,78906107.94,79006107.94
OMAXAUTO.NS,2024-03-26 00:00:00+05:30,2024-05-06 00:00:00+05:30,95.64693451,127.3514862,5324496.528,1764936.6,33.14748336,UT Sell,80671044.54,80771044.54
TBZ.NS,2024-03-22 00:00:00+05:30,2024-05-06 00:00:00+05:30,103.6357117,114.5086517,3363332.533,352864.0124,10.4914994,UT Sell,81023908.55,81123908.55
MSPL.NS,2024-03-26 00:00:00+05:30,2024-05-06 00:00:00+05:30,27.10000038,25.75,5324496.528,-265242.5182,-4.981551153,Stop Loss,80758666.03,80858666.03
KINGFA.NS,2024-03-14 00:00:00+05:30,2024-05-07 00:00:00+05:30,1658.830811,1963.405151,3570349.885,655544.2277,18.36078393,UT Sell,81414210.26,81514210.26
SHEKHAWATI.NS,2024-03-20 00:00:00+05:30,2024-05-07 00:00:00+05:30,1.850000024,2.75,3523809.892,1714285.826,48.64864673,UT Sell,83128496.09,83228496.09
AUROPHARMA.NS,2024-04-16 00:00:00+05:30,2024-05-07 00:00:00+05:30,1106.944824,1120.145264,3876995.435,46233.59935,1.19251106,UT Sell,83174729.69,83274729.69
PAR.NS,2024-05-03 00:00:00+05:30,2024-05-07 00:00:00+05:30,274.8500061,260.5499878,4419908.292,-229960.9536,-5.202844458,Stop Loss,82944768.73,83044768.73
NATCOPHARM.NS,2024-05-03 00:00:00+05:30,2024-05-08 00:00:00+05:30,1023.234192,974.6500854,4419908.292,-209861.3364,-4.748092551,Stop Loss,82734907.4,82834907.4
INFOBEAN.NS,2024-05-07 00:00:00+05:30,2024-05-09 00:00:00+05:30,108.7680664,100.5133514,4394291.551,-333495.1648,-7.589281706,Stop Loss,82401412.23,82501412.23
INDOTHAI.NS,2024-04-09 00:00:00+05:30,2024-05-09 00:00:00+05:30,32.45874023,30.9409008,3370241.515,-157599.6304,-4.676211772,Stop Loss,82243812.6,82343812.6
ONGC.NS,2024-04-15 00:00:00+05:30,2024-05-09 00:00:00+05:30,252.1095428,238.9568024,3876995.435,-202265.7065,-5.21707363,Stop Loss,82041546.9,82141546.9
GNA.NS,2024-05-03 00:00:00+05:30,2024-05-09 00:00:00+05:30,421.555481,397.793396,4419908.292,-249139.7719,-5.636763376,Stop Loss,81792407.12,81892407.12
RMDRIP.NS,2024-05-06 00:00:00+05:30,2024-05-09 00:00:00+05:30,7.869734764,7.683193684,5288294.561,-125351.6428,-2.370360451,UT Sell,81667055.48,81767055.48
RVHL.NS,2024-05-07 00:00:00+05:30,2024-05-09 00:00:00+05:30,44.95000076,44.90000153,4394291.551,-4887.902586,-0.111233006,UT Sell,81662167.58,81762167.58
KOHINOOR.NS,2024-05-08 00:00:00+05:30,2024-05-09 00:00:00+05:30,42.09999847,39.5,4210046.955,-260002.7567,-6.175768571,Stop Loss,81402164.82,81502164.82
NITCO.NS,2024-04-19 00:00:00+05:30,2024-05-10 00:00:00+05:30,60.70000076,76.19999695,3790073.001,967810.8124,25.53541349,UT Sell,82369975.63,82469975.63
KRYSTAL.NS,2024-05-03 00:00:00+05:30,2024-05-13 00:00:00+05:30,753.8019409,696.640686,4419908.292,-335164.3061,-7.583060189,Stop Loss,82034811.33,82134811.33
BAIDFIN.NS,2024-05-09 00:00:00+05:30,2024-05-14 00:00:00+05:30,23.07273674,21.93881989,4088761.041,-200943.4386,-4.914531239,Stop Loss,81833867.89,81933867.89
FIBERWEB.NS,2024-05-10 00:00:00+05:30,2024-05-14 00:00:00+05:30,38.75,36.40000153,4256041.734,-258108.1698,-6.064512191,Stop Loss,81575759.72,81675759.72
VIPULLTD.NS,2024-05-06 00:00:00+05:30,2024-05-15 00:00:00+05:30,35.79999924,39.34999847,5288294.561,524397.8228,9.916199198,UT Sell,82100157.54,82200157.54
BCLIND.NS,2024-05-09 00:00:00+05:30,2024-05-15 00:00:00+05:30,57.48043823,55.05656815,4088761.041,-172417.3629,-4.216860833,Stop Loss,81927740.18,82027740.18
MWL.NS,2024-03-20 00:00:00+05:30,2024-05-17 00:00:00+05:30,123.6774292,147.0745239,3523809.892,666628.6191,18.91783721,UT Sell,82594368.8,82694368.8
MANINDS.NS,2024-04-16 00:00:00+05:30,2024-05-17 00:00:00+05:30,376.2999878,366.8999939,3876995.435,-96847.5541,-2.498005368,UT Sell,82497521.24,82597521.24
PASHUPATI.NS,2024-05-07 00:00:00+05:30,2024-05-21 00:00:00+05:30,12.82271099,19.78289986,4394291.551,2385228.767,54.28016642,UT Sell,84882750.01,84982750.01
NAHARPOLY.NS,2024-05-14 00:00:00+05:30,2024-05-21 00:00:00+05:30,195.6991119,188.7488708,3942875.583,-140030.967,-3.551493423,UT Sell,84742719.04,84842719.04
KIRIINDUS.NS,2024-05-17 00:00:00+05:30,2024-05-21 00:00:00+05:30,369.7999878,327.25,3985293.196,-458556.4695,-11.50621666,Stop Loss,84284162.57,84384162.57
SHREERAMA.NS,2024-05-02 00:00:00+05:30,2024-05-23 00:00:00+05:30,24.14999962,27.14999962,3478002.622,432050.0219,12.42236044,UT Sell,84716212.6,84816212.6
SHARDACROP.NS,2024-05-10 00:00:00+05:30,2024-05-24 00:00:00+05:30,353.3102112,398.6177063,4256041.734,545782.6691,12.82371516,UT Sell,85261995.27,85361995.27
NEXTMEDIA.NS,2024-05-17 00:00:00+05:30,2024-05-24 00:00:00+05:30,7.75,7.150000095,3985293.196,-308538.779,-7.741934253,Stop Loss,84953456.49,85053456.49
NITCO.NS,2024-05-15 00:00:00+05:30,2024-05-27 00:00:00+05:30,79.05000305,74.80000305,4864518.031,-261533.2174,-5.376343878,Stop Loss,84691923.27,84791923.27
SUPREMEINF.NS,2024-05-13 00:00:00+05:30,2024-05-28 00:00:00+05:30,80.55000305,114.1999969,4084743.986,1706413.47,41.77528569,UT Sell,86398336.74,86498336.74
RADHIKAJWE.NS,2024-05-10 00:00:00+05:30,2024-05-28 00:00:00+05:30,62.99665451,59.80189896,4256041.734,-215837.0643,-5.071309864,Stop Loss,86182499.67,86282499.67
TMB.NS,2024-03-27 00:00:00+05:30,2024-05-29 00:00:00+05:30,455.2443848,445.3986816,3328678.859,-71990.30882,-2.162729175,UT Sell,86110509.37,86210509.37
EUROBOND.NS,2024-05-09 00:00:00+05:30,2024-05-29 00:00:00+05:30,181.5,188.6000061,4088761.041,159946.1617,3.911849093,UT Sell,86270455.53,86370455.53
SHRADHA.NS,2024-05-28 00:00:00+05:30,2024-05-29 00:00:00+05:30,36.09473038,34.57266235,4915681.062,-207287.9027,-4.216870462,Stop Loss,86063167.62,86163167.62
IOC.NS,2024-05-21 00:00:00+05:30,2024-05-30 00:00:00+05:30,150.2532043,145.7969208,4703033.887,-139484.8964,-2.965849273,UT Sell,85923682.73,86023682.73
CHENNPETRO.NS,2024-05-23 00:00:00+05:30,2024-05-30 00:00:00+05:30,883.2456055,864.2480469,3910052.644,-84100.56471,-2.150880624,UT Sell,85839582.16,85939582.16
TERASOFT.NS,2024-05-27 00:00:00+05:30,2024-05-30 00:00:00+05:30,61.65537262,59.06145859,4602984.813,-193652.9841,-4.207117599,Stop Loss,85645929.18,85745929.18
KMSUGAR.NS,2024-05-29 00:00:00+05:30,2024-05-31 00:00:00+05:30,37.5,35.95000076,4071262.971,-168278.7866,-4.133331299,Stop Loss,85477650.39,85577650.39
NGIL.NS,2024-05-30 00:00:00+05:30,2024-06-03 00:00:00+05:30,49.34999847,46.25,4266277.633,-267993.0002,-6.281658703,Stop Loss,85209657.39,85309657.39
VENUSREM.NS,2024-05-31 00:00:00+05:30,2024-06-04 00:00:00+05:30,322.8999939,301.1000061,3902984.184,-263502.6608,-6.751312544,Stop Loss,84946154.73,85046154.73
ASIANHOTNR.NS,2024-05-29 00:00:00+05:30,2024-06-04 00:00:00+05:30,140.1000061,132.4499969,4071262.971,-222306.9068,-5.460391736,Stop Loss,84723847.82,84823847.82
DBL.NS,2024-06-03 00:00:00+05:30,2024-06-04 00:00:00+05:30,424.7185364,377.6050415,3998284.633,-443524.7026,-11.09287465,Stop Loss,84280323.12,84380323.12
BCG.NS,2024-05-28 00:00:00+05:30,2024-06-04 00:00:00+05:30,10.5,9.949999809,4915681.062,-257488.1449,-5.238097055,Stop Loss,84022834.98,84122834.98
RELINFRA.NS,2024-05-24 00:00:00+05:30,2024-06-04 00:00:00+05:30,171.1499939,155.9499969,4239289.41,-376495.404,-8.881096985,Stop Loss,83646339.57,83746339.57
EIDPARRY.NS,2024-05-29 00:00:00+05:30,2024-06-04 00:00:00+05:30,686.8499756,648,4071262.971,-230280.9531,-5.656253471,Stop Loss,83416058.62,83516058.62
BPCL.NS,2024-05-15 00:00:00+05:30,2024-06-04 00:00:00+05:30,278.7265015,258.7267151,4864518.031,-349049.412,-7.175416142,Stop Loss,83067009.21,83167009.21
ASHOKA.NS,2024-05-14 00:00:00+05:30,2024-06-04 00:00:00+05:30,172.1999969,172.1499939,3942875.583,-1144.923434,-0.029037777,UT Sell,83065864.28,83165864.28
FMNL.NS,2024-05-09 00:00:00+05:30,2024-06-04 00:00:00+05:30,5.900000095,7.449999809,4088761.041,1074165.82,26.27118117,UT Sell,84140030.11,84240030.11
SAMPANN.NS,2024-05-06 00:00:00+05:30,2024-06-04 00:00:00+05:30,21.04999924,26.20000076,5288294.561,1293811.214,24.46556633,UT Sell,85433841.32,85533841.32
HINDPETRO.NS,2024-05-21 00:00:00+05:30,2024-06-04 00:00:00+05:30,329.157959,309.1029968,4703033.887,-286546.8206,-6.092807909,Stop Loss,85147294.5,85247294.5
ABINFRA.NS,2024-06-05 00:00:00+05:30,2024-06-06 00:00:00+05:30,4.554176331,4.509085655,4365807.767,-43225.64749,-0.990095071,UT Sell,85104068.85,85204068.85
SHEKHAWATI.NS,2024-05-10 00:00:00+05:30,2024-06-13 00:00:00+05:30,2.900000095,4.03000021,4256041.734,1658388.789,38.96551991,UT Sell,86762457.64,86862457.64
AVANTIFEED.NS,2024-06-06 00:00:00+05:30,2024-06-14 00:00:00+05:30,552.387085,581.1618042,4361485.202,227196.6807,5.209158581,UT Sell,86989654.32,87089654.32
TERASOFT.NS,2024-06-06 00:00:00+05:30,2024-06-14 00:00:00+05:30,69.43711853,67.78100586,4361485.202,-104023.7709,-2.385053853,UT Sell,86885630.55,86985630.55
IZMO.NS,2024-06-06 00:00:00+05:30,2024-06-19 00:00:00+05:30,301.6499939,321.1499939,4361485.202,281945.8418,6.46444568,UT Sell,87167576.39,87267576.39
SRM.NS,2024-06-14 00:00:00+05:30,2024-06-19 00:00:00+05:30,184.7799988,177.0200043,4423071.657,-185750.6873,-4.199585755,Stop Loss,86981825.7,87081825.7
ROLLT.NS,2024-03-18 00:00:00+05:30,2024-06-21 00:00:00+05:30,1.299999952,4.670000076,3431128.778,8894542.178,259.2307883,UT Sell,95876367.88,95976367.88
HINDPETRO.NS,2024-06-14 00:00:00+05:30,2024-06-21 00:00:00+05:30,335.0620117,319.4272461,4423071.657,-206390.7166,-4.666230452,Stop Loss,95669977.16,95769977.16
GARFIBRES.NS,2024-05-07 00:00:00+05:30,2024-06-24 00:00:00+05:30,639.0894165,776.6129761,4394291.551,945593.2147,21.51867266,UT Sell,96615570.38,96715570.38
UNIVASTU.NS,2024-04-16 00:00:00+05:30,2024-06-26 00:00:00+05:30,50.91666412,62.78666687,3876995.435,903828.7809,23.31260885,UT Sell,97519399.16,97619399.16
RADHIKAJWE.NS,2024-06-21 00:00:00+05:30,2024-06-26 00:00:00+05:30,61.28945923,58.48406219,8271175.948,-378595.8101,-4.577291216,Stop Loss,97140803.35,97240803.35
FIBERWEB.NS,2024-06-26 00:00:00+05:30,2024-06-27 00:00:00+05:30,46.86000061,44.65000153,6336702.177,-298849.8896,-4.716173828,Stop Loss,96841953.46,96941953.46
SUPREMEINF.NS,2024-06-24 00:00:00+05:30,2024-06-27 00:00:00+05:30,87.83999634,89.55000305,5339884.765,103953.0872,1.946729036,UT Sell,96945906.55,97045906.55
NIRAJ.NS,2024-05-24 00:00:00+05:30,2024-06-27 00:00:00+05:30,43.90000153,51.74000168,4239289.41,757084.9309,17.85876966,UT Sell,97702991.48,97802991.48
BCLIND.NS,2024-06-06 00:00:00+05:30,2024-06-27 00:00:00+05:30,51.44548798,52.27653122,4361485.202,70454.82415,1.615386064,UT Sell,97773446.3,97873446.3
KOHINOOR.NS,2024-06-13 00:00:00+05:30,2024-06-27 00:00:00+05:30,41.22000122,42.18999863,5914430.523,139179.5753,2.353220226,UT Sell,97912625.88,98012625.88
INDSWFTLAB.NS,2024-06-06 00:00:00+05:30,2024-07-04 00:00:00+05:30,110.8499985,127.1500015,4361485.202,641337.1501,14.70455866,UT Sell,98553963.03,98653963.03
BPCL.NS,2024-06-27 00:00:00+05:30,2024-07-08 00:00:00+05:30,271.8815308,267.1101074,5392722.921,-94640.35287,-1.75496413,UT Sell,98459322.68,98559322.68
SKMEGGPROD.NS,2024-06-19 00:00:00+05:30,2024-07-09 00:00:00+05:30,128.5156555,123.3632126,4440376.007,-178023.3224,-4.009194764,Stop Loss,98281299.35,98381299.35
KIRIINDUS.NS,2024-07-08 00:00:00+05:30,2024-07-12 00:00:00+05:30,363.8500061,343.6000061,5298082.568,-294863.7356,-5.565480187,Stop Loss,97986435.62,98086435.62
DPABHUSHAN.NS,2024-06-27 00:00:00+05:30,2024-07-15 00:00:00+05:30,1304.800049,1316.650024,5392722.921,48975.80669,0.908183257,UT Sell,98035411.42,98135411.42
KHAITANLTD.NS,2024-05-21 00:00:00+05:30,2024-07-16 00:00:00+05:30,67.25,76.52999878,4703033.887,648983.6242,13.79925469,UT Sell,98684395.05,98784395.05
NIBL.NS,2024-06-21 00:00:00+05:30,2024-07-16 00:00:00+05:30,36.13000107,36.77000046,8271175.948,146513.9054,1.771379382,UT Sell,98830908.95,98930908.95
WILLAMAGOR.NS,2024-07-04 00:00:00+05:30,2024-07-18 00:00:00+05:30,39.29000092,37.61999893,5002822.352,-212642.4805,-4.250450356,Stop Loss,98618266.47,98718266.47
ASHOKA.NS,2024-07-09 00:00:00+05:30,2024-07-18 00:00:00+05:30,236.5800018,227.75,4262352.685,-159086.067,-3.732353438,UT Sell,98459180.41,98559180.41
INDSWFTLAB.NS,2024-07-15 00:00:00+05:30,2024-07-18 00:00:00+05:30,140.8000031,134.9600067,5441698.728,-225706.6758,-4.147724582,Stop Loss,98233473.73,98333473.73
BPCL.NS,2024-07-16 00:00:00+05:30,2024-07-19 00:00:00+05:30,281.7811279,270.9450684,6884853.682,-264761.1115,-3.845559016,UT Sell,97968712.62,98068712.62
JINDRILL.NS,2024-06-27 00:00:00+05:30,2024-07-19 00:00:00+05:30,640.4279175,613.2944336,5392722.921,-228477.4859,-4.236774061,Stop Loss,97740235.13,97840235.13
GOLDIAM.NS,2024-06-05 00:00:00+05:30,2024-07-19 00:00:00+05:30,162.1133575,167.0741882,4365807.767,133598.079,3.060099898,UT Sell,97873833.21,97973833.21
CHENNPETRO.NS,2024-06-06 00:00:00+05:30,2024-07-19 00:00:00+05:30,883.3866577,1020.082642,4361485.202,674899.8366,15.47408292,UT Sell,98548733.05,98648733.05
SILINV.NS,2024-06-06 00:00:00+05:30,2024-07-19 00:00:00+05:30,465.9819031,547.7269897,4361485.202,765115.5196,17.54254535,UT Sell,99313848.57,99413848.57
NAVNETEDUL.NS,2024-07-16 00:00:00+05:30,2024-07-22 00:00:00+05:30,149.8990479,143.8969727,6884853.682,-275674.9299,-4.004078266,Stop Loss,99038173.64,99138173.64
RAMAPHO.NS,2024-07-18 00:00:00+05:30,2024-07-23 00:00:00+05:30,96.04357147,91.7779541,4703146.181,-208882.5076,-4.441335641,Stop Loss,98829291.13,98929291.13
WEWIN.NS,2024-07-19 00:00:00+05:30,2024-07-26 00:00:00+05:30,75.01000214,71.55999756,5289345.923,-243277.7913,-4.59939272,Stop Loss,98586013.34,98686013.34
TERASOFT.NS,2024-07-26 00:00:00+05:30,2024-08-01 00:00:00+05:30,77.98706055,73.12846375,5046068.131,-314370.2341,-6.230003757,Stop Loss,98271643.11,98371643.11
REPCOHOME.NS,2024-06-27 00:00:00+05:30,2024-08-02 00:00:00+05:30,530.9229736,493.4953308,5392722.921,-380162.3161,-7.049542906,Stop Loss,97891480.79,97991480.79
HECPROJECT.NS,2024-08-01 00:00:00+05:30,2024-08-02 00:00:00+05:30,114.0299988,111.7399979,4731697.897,-95024.05185,-2.008244269,UT Sell,97796456.74,97896456.74
DRCSYSTEMS.NS,2024-08-02 00:00:00+05:30,2024-08-05 00:00:00+05:30,26.78000069,26.23999977,4824617.225,-97285.19984,-2.016433539,UT Sell,97699171.54,97799171.54
MANALIPETC.NS,2024-07-22 00:00:00+05:30,2024-08-05 00:00:00+05:30,96.47658539,89.59524536,5553312.488,-396098.5078,-7.132652964,Stop Loss,97303073.03,97403073.03
RHL.NS,2024-07-22 00:00:00+05:30,2024-08-05 00:00:00+05:30,167.5099945,205.9900055,5553312.488,1275694.183,22.97177019,UT Sell,98578767.21,98678767.21
ASHOKA.NS,2024-07-22 00:00:00+05:30,2024-08-05 00:00:00+05:30,236.7200012,239.3500061,5553312.488,61698.37312,1.111019293,UT Sell,98640465.59,98740465.59
AFIL.NS,2024-07-22 00:00:00+05:30,2024-08-05 00:00:00+05:30,10.86800003,10.70300007,5553312.488,-84311.40469,-1.518218268,UT Sell,98556154.18,98656154.18
COMSYN.NS,2024-06-26 00:00:00+05:30,2024-08-05 00:00:00+05:30,72.28339386,65.26152039,6336702.177,-615570.4451,-9.714366052,Stop Loss,97940583.74,98040583.74
GSFC.NS,2024-06-06 00:00:00+05:30,2024-08-05 00:00:00+05:30,199.489563,213.3967285,4361485.202,304055.4891,6.971375003,UT Sell,98244639.23,98344639.23
BAJAJHLDNG.NS,2024-05-30 00:00:00+05:30,2024-08-05 00:00:00+05:30,7863.759766,9003.875977,4266277.633,618540.2955,14.49836013,UT Sell,98863179.52,98963179.52
SKMEGGPROD.NS,2024-07-18 00:00:00+05:30,2024-08-05 00:00:00+05:30,129.3538818,123.4618149,4703146.181,-214228.2226,-4.554998174,Stop Loss,98648951.3,98748951.3
SAHYADRI.NS,2024-05-30 00:00:00+05:30,2024-08-06 00:00:00+05:30,356.7879639,371.6878967,4266277.633,178165.3439,4.176131027,UT Sell,98827116.64,98927116.64
PRAXIS.NS,2024-07-22 00:00:00+05:30,2024-08-06 00:00:00+05:30,12.31000042,16.37999916,5553312.488,1836066.131,33.06253942,UT Sell,100663182.8,100763182.8
NDRAUTO.NS,2024-08-02 00:00:00+05:30,2024-08-06 00:00:00+05:30,529.3254395,505.1110229,4824617.225,-220705.9821,-4.574580154,Stop Loss,100442476.8,100542476.8
SPAL.NS,2024-08-06 00:00:00+05:30,2024-08-08 00:00:00+05:30,941.6765747,897.0485229,5357353.614,-253896.3597,-4.739212268,Stop Loss,100188580.4,100288580.4
BAJAJCON.NS,2024-08-06 00:00:00+05:30,2024-08-09 00:00:00+05:30,268.75,271.25,5357353.614,49835.84757,0.930232558,UT Sell,100238416.3,100338416.3
LAXMICOT.NS,2024-08-06 00:00:00+05:30,2024-08-09 00:00:00+05:30,35.13000107,32.99000168,5357353.614,-326351.6401,-6.091657628,Stop Loss,99912064.64,100012064.6
TERASOFT.NS,2024-08-05 00:00:00+05:30,2024-08-09 00:00:00+05:30,76.80982208,84.45189667,5284219.215,525745.2272,9.94934551,UT Sell,100437809.9,100537809.9
INDOTHAI.NS,2024-08-05 00:00:00+05:30,2024-08-09 00:00:00+05:30,28.53433228,27.21121597,5284219.215,-245025.4143,-4.636927508,Stop Loss,100192784.5,100292784.5
LUMAXTECH.NS,2024-08-06 00:00:00+05:30,2024-08-12 00:00:00+05:30,550.9082642,538.0094604,5357353.614,-125435.4984,-2.341370524,UT Sell,100067349,100167349
CANBK.NS,2024-08-09 00:00:00+05:30,2024-08-13 00:00:00+05:30,106.8226013,102.9995804,5321837.419,-190460.5918,-3.578850251,UT Sell,99876888.36,99976888.36
CHEVIOT.NS,2024-08-06 00:00:00+05:30,2024-08-13 00:00:00+05:30,1465.047241,1400.223755,5357353.614,-237045.1471,-4.424668673,Stop Loss,99639843.21,99739843.21
CENTENKA.NS,2024-08-06 00:00:00+05:30,2024-08-13 00:00:00+05:30,643.2052612,706.5688477,5357353.614,527764.8664,9.851223279,UT Sell,100167608.1,100267608.1
HECPROJECT.NS,2024-08-13 00:00:00+05:30,2024-08-14 00:00:00+05:30,105,102.9000015,5378934.592,-107578.6137,-1.999998547,UT Sell,100060029.5,100160029.5
WEBELSOLAR.NS,2024-08-05 00:00:00+05:30,2024-08-14 00:00:00+05:30,63.63000107,81,5284219.215,1442509.517,27.29844199,UT Sell,101502539,101602539
NAHARPOLY.NS,2024-08-08 00:00:00+05:30,2024-08-14 00:00:00+05:30,326.8105774,312.7611389,5103457.254,-219395.3124,-4.298954639,Stop Loss,101283143.7,101383143.7
BLUECOAST.NS,2024-08-05 00:00:00+05:30,2024-08-19 00:00:00+05:30,9.659999847,9.170000076,5284219.215,-268039.9841,-5.072461479,Stop Loss,101015103.7,101115103.7
AUSOMENT.NS,2024-08-09 00:00:00+05:30,2024-08-21 00:00:00+05:30,94.67755127,98.96057892,5321837.419,240749.5389,4.523804842,UT Sell,101255853.2,101355853.2
STARTECK.NS,2024-08-14 00:00:00+05:30,2024-08-21 00:00:00+05:30,264.0033569,256.4161682,5627382.217,-161725.2575,-2.873898578,UT Sell,101094128,101194128
ELECTHERM.NS,2024-07-18 00:00:00+05:30,2024-08-23 00:00:00+05:30,683.2999878,983,4703146.181,2062831.835,43.8606787,UT Sell,103156959.8,103256959.8
ABINFRA.NS,2024-08-06 00:00:00+05:30,2024-08-23 00:00:00+05:30,5.857302189,6.763628483,5357353.614,828967.038,15.47344263,UT Sell,103985926.8,104085926.8
RELINFRA.NS,2024-08-07 00:00:00+05:30,2024-08-23 00:00:00+05:30,214.0500031,211.7599945,5357353.614,-57315.51217,-1.069847471,UT Sell,103928611.3,104028611.3
SUPREMEINF.NS,2024-08-13 00:00:00+05:30,2024-08-27 00:00:00+05:30,79.37000275,74.29000092,5378934.592,-344273.6126,-6.400405261,Stop Loss,103584337.7,103684337.7
GABRIEL.NS,2024-08-09 00:00:00+05:30,2024-08-28 00:00:00+05:30,499.3943787,510.8490601,5321837.419,122067.7578,2.293714524,UT Sell,103706405.5,103806405.5
TERASOFT.NS,2024-08-27 00:00:00+05:30,2024-08-28 00:00:00+05:30,74.04631042,72.55979919,5034660.979,-101072.9643,-2.007542607,UT Sell,103605332.5,103705332.5
BHAGYANGR.NS,2024-08-23 00:00:00+05:30,2024-08-29 00:00:00+05:30,107.0400009,101.25,6084112.257,-329101.4129,-5.409193634,Stop Loss,103276231.1,103376231.1
EASEMYTRIP.NS,2024-08-23 00:00:00+05:30,2024-08-29 00:00:00+05:30,20.43499947,19.71500015,6084112.257,-214365.3908,-3.523363505,UT Sell,103061865.7,103161865.7
TBZ.NS,2024-06-19 00:00:00+05:30,2024-08-29 00:00:00+05:30,116.4383545,194.6744995,4440376.007,2983534.959,67.19104316,UT Sell,106045400.7,106145400.7
TEMBO.NS,2024-08-13 00:00:00+05:30,2024-08-29 00:00:00+05:30,237.3086243,271.8974915,5378934.592,784005.4477,14.57547836,UT Sell,106829406.1,106929406.1
KOHINOOR.NS,2024-08-21 00:00:00+05:30,2024-09-02 00:00:00+05:30,42.45999908,40.18999863,5514121.959,-294796.5059,-5.346209389,Stop Loss,106534609.6,106634609.6
STCINDIA.NS,2024-08-21 00:00:00+05:30,2024-09-02 00:00:00+05:30,202.7700043,191.4199982,5514121.959,-308651.756,-5.597477864,Stop Loss,106225957.9,106325957.9
ANTGRAPHIC.NS,2024-08-23 00:00:00+05:30,2024-09-02 00:00:00+05:30,1.850000024,2.220000029,6084112.257,1216822.451,20,UT Sell,107442780.3,107542780.3
RELINFRA.NS,2024-08-28 00:00:00+05:30,2024-09-02 00:00:00+05:30,213.5,204.75,5188746.596,-212653.549,-4.098360656,Stop Loss,107230126.8,107330126.8
CHENNPETRO.NS,2024-08-14 00:00:00+05:30,2024-09-04 00:00:00+05:30,951.0922852,958.232666,5627382.217,42247.90055,0.750755838,UT Sell,107272374.7,107372374.7
ZUARIIND.NS,2024-08-30 00:00:00+05:30,2024-09-05 00:00:00+05:30,391.3580017,371.9267578,6302902.179,-312944.2325,-4.96508154,Stop Loss,106959430.4,107059430.4
SBIN.NS,2024-09-02 00:00:00+05:30,2024-09-06 00:00:00+05:30,805.9665527,767.0970459,5675455.853,-273711.3213,-4.822719591,Stop Loss,106685719.1,106785719.1
KIRIINDUS.NS,2024-08-09 00:00:00+05:30,2024-09-06 00:00:00+05:30,334.9500122,385.5,5321837.419,803161.0891,15.09180055,UT Sell,107488880.2,107588880.2
JINDRILL.NS,2024-08-14 00:00:00+05:30,2024-09-06 00:00:00+05:30,640.5422974,658.762207,5627382.217,160068.1112,2.84445067,UT Sell,107648948.3,107748948.3
GABRIEL.NS,2024-08-30 00:00:00+05:30,2024-09-06 00:00:00+05:30,543.824646,515.2623291,6302902.179,-331035.9152,-5.252118878,Stop Loss,107317912.4,107417912.4
KMSUGAR.NS,2024-08-30 00:00:00+05:30,2024-09-06 00:00:00+05:30,40.63000107,38.95000076,6302902.179,-260617.2116,-4.13487635,Stop Loss,107057295.2,107157295.2
GESHIP.NS,2024-08-30 00:00:00+05:30,2024-09-06 00:00:00+05:30,1276.93042,1241.267212,6302902.179,-176032.8581,-2.792885771,UT Sell,106881262.3,106981262.3
INDSWFTLAB.NS,2024-09-02 00:00:00+05:30,2024-09-06 00:00:00+05:30,154.8200073,145.4299927,5675455.853,-344223.0401,-6.065117042,Stop Loss,106537039.3,106637039.3
FMNL.NS,2024-08-19 00:00:00+05:30,2024-09-09 00:00:00+05:30,7.210000038,13.47000027,5016179.231,4355240.356,86.82385847,UT Sell,110892279.6,110992279.6
BLUECOAST.NS,2024-09-09 00:00:00+05:30,2024-09-11 00:00:00+05:30,9.140000343,9.100000381,6417432.637,-28085.01653,-0.437636328,UT Sell,110864194.6,110964194.6
WEBELSOLAR.NS,2024-09-06 00:00:00+05:30,2024-09-12 00:00:00+05:30,108.9349976,102.7649994,5826635.247,-330016.3365,-5.663926477,Stop Loss,110534178.3,110634178.3
NIBL.NS,2024-09-06 00:00:00+05:30,2024-09-17 00:00:00+05:30,39.99000168,38.34999847,5826635.247,-238952.2399,-4.101033097,Stop Loss,110295226,110395226
NAZARA.NS,2024-06-06 00:00:00+05:30,2024-09-19 00:00:00+05:30,202.4125061,258.125,4361485.202,1200465.438,27.52423502,UT Sell,111495691.5,111595691.5
INDIANCARD.NS,2024-09-02 00:00:00+05:30,2024-09-19 00:00:00+05:30,291.8999939,272,5675455.853,-386918.5995,-6.817401272,Stop Loss,111108772.9,111208772.9
AVANTIFEED.NS,2024-09-09 00:00:00+05:30,2024-09-19 00:00:00+05:30,680.9057617,663.9373779,6417432.637,-159924.4213,-2.492031165,UT Sell,110948848.5,111048848.5
GICRE.NS,2024-09-09 00:00:00+05:30,2024-09-19 00:00:00+05:30,381.9580994,373.6912842,6417432.637,-138894.1082,-2.164325144,UT Sell,110809954.3,110909954.3
RGL.NS,2024-09-09 00:00:00+05:30,2024-09-25 00:00:00+05:30,126.6600037,120.0400009,6417432.637,-335413.078,-5.226592891,Stop Loss,110474541.3,110574541.3
BHANDARI.NS,2024-09-19 00:00:00+05:30,2024-09-25 00:00:00+05:30,7.227184772,6.9161129,5846633.66,-251650.309,-4.304191501,Stop Loss,110222891,110322891
SIGACHI.NS,2024-09-20 00:00:00+05:30,2024-09-25 00:00:00+05:30,58.29677963,56.21154404,5846633.66,-209130.0531,-3.576931022,UT Sell,110013760.9,110113760.9
PASUPTAC.NS,2024-09-09 00:00:00+05:30,2024-09-26 00:00:00+05:30,54.86000061,52.41999817,6417432.637,-285427.4723,-4.447689417,Stop Loss,109728333.4,109828333.4
REDINGTON.NS,2024-09-17 00:00:00+05:30,2024-09-30 00:00:00+05:30,188.8863373,180.6496429,5587683.008,-243659.9578,-4.36066179,Stop Loss,109484673.5,109584673.5
ORICONENT.NS,2024-09-25 00:00:00+05:30,2024-09-30 00:00:00+05:30,38.46625519,36.86101532,5771502.172,-240851.2433,-4.173111888,Stop Loss,109243822.2,109343822.2
KOHINOOR.NS,2024-09-30 00:00:00+05:30,2024-10-01 00:00:00+05:30,51.02999878,47.88000107,5437336.989,-335637.8499,-6.172835169,Stop Loss,108908184.4,109008184.4
MUTHOOTFIN.NS,2024-09-12 00:00:00+05:30,2024-10-01 00:00:00+05:30,1945.930298,1916.051636,5496618.911,-84397.48298,-1.535443594,UT Sell,108823786.9,108923786.9
EDELWEISS.NS,2024-07-23 00:00:00+05:30,2024-10-03 00:00:00+05:30,60.52594757,131.1669617,4494263.673,5245342.803,116.7119507,UT Sell,114069129.7,114169129.7
CENTEXT.NS,2024-09-25 00:00:00+05:30,2024-10-03 00:00:00+05:30,24.88999939,23.45999908,5771502.172,-331588.9944,-5.745280596,Stop Loss,113737540.7,113837540.7
BCG.NS,2024-08-12 00:00:00+05:30,2024-10-07 00:00:00+05:30,7.199999809,9.449999809,5231918.116,1634974.454,31.25000083,UT Sell,115372515.2,115472515.2
DALMIASUG.NS,2024-08-28 00:00:00+05:30,2024-10-07 00:00:00+05:30,431.7446594,495.7893677,5188746.596,769695.1304,14.83393178,UT Sell,116142210.3,116242210.3
VGL.NS,2024-09-09 00:00:00+05:30,2024-10-07 00:00:00+05:30,22.42499924,24.04999924,6417432.637,465031.3664,7.246377058,UT Sell,116607241.7,116707241.7
PONNIERODE.NS,2024-09-25 00:00:00+05:30,2024-10-07 00:00:00+05:30,490.1852417,457.9257813,5771502.172,-379826.9108,-6.581075419,Stop Loss,116227414.8,116327414.8
ASHOKAMET.NS,2024-09-30 00:00:00+05:30,2024-10-07 00:00:00+05:30,20.82999992,19.76000023,5437336.989,-279306.2381,-5.136820445,Stop Loss,115948108.5,116048108.5
KIRIINDUS.NS,2024-10-01 00:00:00+05:30,2024-10-07 00:00:00+05:30,361.2999878,341.5499878,5256960.284,-287364.9851,-5.466371621,Stop Loss,115660743.5,115760743.5
ASHOKA.NS,2024-10-01 00:00:00+05:30,2024-10-07 00:00:00+05:30,236.7400055,229.9900055,5256960.284,-149887.983,-2.85122913,UT Sell,115510855.5,115610855.5
VIPULLTD.NS,2024-10-03 00:00:00+05:30,2024-10-07 00:00:00+05:30,38.00999832,37.90000153,7589759.827,-21963.93837,-0.289389109,UT Sell,115488891.6,115588891.6
TEMBO.NS,2024-09-02 00:00:00+05:30,2024-10-14 00:00:00+05:30,321.2249146,488.4610596,5675455.853,2954756.356,52.06200934,UT Sell,118443648,118543648
GUJAPOLLO.NS,2024-06-06 00:00:00+05:30,2024-10-16 00:00:00+05:30,228.1664124,328.5757446,4361485.202,1919361.454,44.007061,UT Sell,120363009.4,120463009.4
SAMHI.NS,2024-10-08 00:00:00+05:30,2024-10-17 00:00:00+05:30,200.5599976,196.7100067,5987745.975,-114941.9997,-1.919620508,UT Sell,120248067.4,120348067.4
INDIAGLYCO.NS,2024-10-08 00:00:00+05:30,2024-10-17 00:00:00+05:30,728.2214355,682.4319458,5987745.975,-376500.635,-6.287852501,Stop Loss,119871566.8,119971566.8
TAINWALCHM.NS,2024-10-07 00:00:00+05:30,2024-10-17 00:00:00+05:30,247.9530792,234.64328,5987745.975,-321414.4257,-5.367870097,Stop Loss,119550152.4,119650152.4
UNITEDTEA.NS,2024-09-26 00:00:00+05:30,2024-10-17 00:00:00+05:30,434.9542847,444.3203735,6132005.165,132043.5442,2.153350179,UT Sell,119682195.9,119782195.9
NGIL.NS,2024-09-20 00:00:00+05:30,2024-10-17 00:00:00+05:30,38.09999847,39.38999939,5846633.66,197957.0361,3.38582931,UT Sell,119880152.9,119980152.9
MVGJL.NS,2024-09-04 00:00:00+05:30,2024-10-21 00:00:00+05:30,252.7599945,244.8500061,5669630.118,-177428.0324,-3.129446342,UT Sell,119702724.9,119802724.9
MANAKCOAT.NS,2024-09-19 00:00:00+05:30,2024-10-21 00:00:00+05:30,63.47821045,59.09971237,5846633.66,-403279.709,-6.897639436,Stop Loss,119299445.2,119399445.2
NCLIND.NS,2024-10-08 00:00:00+05:30,2024-10-21 00:00:00+05:30,210.0669556,198.6789551,5987745.975,-324603.429,-5.421128924,Stop Loss,118974841.8,119074841.8
HINDPETRO.NS,2024-10-14 00:00:00+05:30,2024-10-21 00:00:00+05:30,391.4057007,400.3746643,8630212.209,197759.1518,2.29147496,UT Sell,119172600.9,119272600.9
INDSWFTLAB.NS,2024-10-16 00:00:00+05:30,2024-10-21 00:00:00+05:30,120.8399963,125.1600037,6280846.656,224539.0961,3.574981343,UT Sell,119397140,119497140
CENTRALBK.NS,2024-10-17 00:00:00+05:30,2024-10-21 00:00:00+05:30,57.76781845,55.48531723,5891804.054,-232794.8381,-3.951163956,UT Sell,119164345.2,119264345.2
TEMBO.NS,2024-10-17 00:00:00+05:30,2024-10-21 00:00:00+05:30,497.9810486,497.7817078,5891804.054,-2358.477409,-0.040029801,UT Sell,119161986.7,119261986.7
SILGO.NS,2024-10-21 00:00:00+05:30,2024-10-22 00:00:00+05:30,49.90999985,45.00999832,6211501.498,-609825.0233,-9.817674897,Stop Loss,118552161.7,118652161.7
ZUARIIND.NS,2024-10-21 00:00:00+05:30,2024-10-22 00:00:00+05:30,371.611084,347.8901367,6211501.498,-396497.0525,-6.383272267,Stop Loss,118155664.6,118255664.6
MGEL.NS,2024-10-21 00:00:00+05:30,2024-10-22 00:00:00+05:30,13.82679939,13.03227043,6211501.498,-356931.3254,-5.746297018,Stop Loss,117798733.3,117898733.3
NAHARCAP.NS,2024-10-21 00:00:00+05:30,2024-10-22 00:00:00+05:30,341.9682922,310.7807617,6211501.498,-566489.3411,-9.120006511,Stop Loss,117232244,117332244
DHANBANK.NS,2024-10-17 00:00:00+05:30,2024-10-22 00:00:00+05:30,37.02999878,34.27999878,5891804.054,-437549.5998,-7.426411263,Stop Loss,116794694.4,116894694.4
TIMETECHNO.NS,2024-10-08 00:00:00+05:30,2024-10-22 00:00:00+05:30,191.2924652,210.7151489,5987745.975,607959.6293,10.15339715,UT Sell,117402654,117502654
NATCOPHARM.NS,2024-10-07 00:00:00+05:30,2024-10-22 00:00:00+05:30,1389.609375,1316.641724,5987745.975,-314413.3658,-5.25094697,Stop Loss,117088240.6,117188240.6
MODISONLTD.NS,2024-09-11 00:00:00+05:30,2024-10-22 00:00:00+05:30,161.8519135,157.1696014,6389347.621,-184841.3063,-2.892960554,UT Sell,116903399.3,117003399.3
NEXTMEDIA.NS,2024-07-12 00:00:00+05:30,2024-10-22 00:00:00+05:30,6.989999771,6.659999847,5003218.833,-236203.4173,-4.721029106,Stop Loss,116667195.9,116767195.9
SPORTKING.NS,2024-10-17 00:00:00+05:30,2024-10-22 00:00:00+05:30,114.5794296,104.7974091,5891804.054,-503002.5776,-8.537326989,Stop Loss,116164193.3,116264193.3
NAHARPOLY.NS,2024-10-21 00:00:00+05:30,2024-10-23 00:00:00+05:30,249.8620911,234.9720154,6211501.498,-370163.1049,-5.959317646,Stop Loss,115794030.2,115894030.2
NOIDATOLL.NS,2024-10-21 00:00:00+05:30,2024-10-23 00:00:00+05:30,14.03999996,13.31999969,6211501.498,-318538.6574,-5.128207044,Stop Loss,115475491.6,115575491.6
VCL.NS,2024-09-05 00:00:00+05:30,2024-10-24 00:00:00+05:30,0.790000021,0.75,5989957.946,-303289.1644,-5.063293718,Stop Loss,115172202.4,115272202.4
KRYSTAL.NS,2024-10-23 00:00:00+05:30,2024-10-24 00:00:00+05:30,730.0728149,692.5563965,5733420.453,-294624.5861,-5.138722835,Stop Loss,114877577.8,114977577.8
ROML.NS,2024-10-24 00:00:00+05:30,2024-10-25 00:00:00+05:30,53.22000122,49.66999817,5665145.202,-377889.5583,-6.670430234,Stop Loss,114499688.2,114599688.2
CAPLIPOINT.NS,2024-06-27 00:00:00+05:30,2024-10-25 00:00:00+05:30,1472.27002,1785.818237,5392722.921,1148484.068,21.29692336,UT Sell,115648172.3,115748172.3
TALBROAUTO.NS,2024-10-22 00:00:00+05:30,2024-10-25 00:00:00+05:30,312.8589783,296.9069519,5699987.912,-290630.4878,-5.098791301,Stop Loss,115357541.8,115457541.8
GOKULAGRO.NS,2024-10-23 00:00:00+05:30,2024-10-25 00:00:00+05:30,134.5249939,128.7250061,5733420.453,-247193.9799,-4.311457392,Stop Loss,115110347.8,115210347.8
ALANKIT.NS,2024-10-23 00:00:00+05:30,2024-10-25 00:00:00+05:30,22.98999977,21.87000084,5733420.453,-279313.8255,-4.871678743,Stop Loss,114831034,114931034
GUJAPOLLO.NS,2024-10-24 00:00:00+05:30,2024-10-28 00:00:00+05:30,320.0102539,304.0246887,5665145.202,-282992.6442,-4.995329053,Stop Loss,114548041.4,114648041.4
UEL.NS,2024-04-19 00:00:00+05:30,2024-10-28 00:00:00+05:30,4.738094807,128.670639,3790073.001,99135498.33,2615.661976,UT Sell,213683539.7,213783539.7
PNBHOUSING.NS,2024-10-23 00:00:00+05:30,2024-10-28 00:00:00+05:30,942.845459,899.0187378,5733420.453,-266509.2325,-4.648346213,Stop Loss,213417030.5,213517030.5
FMNL.NS,2024-10-07 00:00:00+05:30,2024-10-29 00:00:00+05:30,10.27999973,13.43999958,5987745.975,1840591.134,30.73929893,UT Sell,215257621.6,215357621.6
EUROBOND.NS,2024-10-24 00:00:00+05:30,2024-10-29 00:00:00+05:30,188,182,5665145.202,-180802.5064,-3.191489362,UT Sell,215076819.1,215176819.1
VENUSREM.NS,2024-10-28 00:00:00+05:30,2024-10-30 00:00:00+05:30,343.6000061,309.7000122,21780254.5,-2148866.361,-9.866121448,Stop Loss,212927952.7,213027952.7
KHAITANLTD.NS,2024-10-03 00:00:00+05:30,2024-11-01 00:00:00+05:30,91,87.11000061,7589759.827,-324441.3307,-4.274724604,Stop Loss,212603511.4,212703511.4
MAHABANK.NS,2024-10-29 00:00:00+05:30,2024-11-04 00:00:00+05:30,49.71557617,51.99014664,6656339.902,304538.6439,4.575166658,UT Sell,212908050.1,213008050.1
KARURVYSYA.NS,2024-10-17 00:00:00+05:30,2024-11-04 00:00:00+05:30,178.9631653,184.1032715,5891804.054,169221.9653,2.872158745,UT Sell,213077272,213177272
CANFINHOME.NS,2024-10-23 00:00:00+05:30,2024-11-04 00:00:00+05:30,852.045166,837.4254761,5733420.453,-98376.04,-1.71583509,UT Sell,212978896,213078896
DCBBANK.NS,2024-10-25 00:00:00+05:30,2024-11-04 00:00:00+05:30,115.2616348,118.8873978,5635630.632,177278.9421,3.145680646,UT Sell,213156174.9,213256174.9
CANBK.NS,2024-10-28 00:00:00+05:30,2024-11-04 00:00:00+05:30,97.2071228,98.38492584,21780254.5,263898.8709,1.211642733,UT Sell,213420073.8,213520073.8
SOUTHBANK.NS,2024-10-28 00:00:00+05:30,2024-11-04 00:00:00+05:30,23.54037666,23.87582207,21780254.5,310364.0343,1.424978915,UT Sell,213730437.8,213830437.8
ARIES.NS,2024-10-28 00:00:00+05:30,2024-11-04 00:00:00+05:30,251.3140869,253.6073761,21780254.5,198748.9945,0.912519156,UT Sell,213929186.8,214029186.8
UNIONBANK.NS,2024-10-28 00:00:00+05:30,2024-11-04 00:00:00+05:30,109.1717758,112.1701965,21780254.5,598198.2595,2.746516389,UT Sell,214527385.1,214627385.1
HMAAGRO.NS,2024-11-04 00:00:00+05:30,2024-11-06 00:00:00+05:30,48.60429382,45.83086777,14120260.84,-805720.9816,-5.706133837,Stop Loss,213721664.1,213821664.1
ROLLT.NS,2024-10-29 00:00:00+05:30,2024-11-07 00:00:00+05:30,2.130000114,2.589999914,6656339.902,1437518.712,21.59623357,UT Sell,215159182.8,215259182.8
INDIANB.NS,2024-10-28 00:00:00+05:30,2024-11-08 00:00:00+05:30,537.7018433,547.0137329,21780254.5,377189.1969,1.731794258,UT Sell,215536372,215636372
GABRIEL.NS,2024-10-30 00:00:00+05:30,2024-11-08 00:00:00+05:30,446.3184509,445.3724365,19631388.14,-41610.59422,-0.211959511,UT Sell,215494761.4,215594761.4
RELINFRA.NS,2024-11-01 00:00:00+05:30,2024-11-08 00:00:00+05:30,291.0499878,274.2999878,7265318.496,-418120.9068,-5.755025151,Stop Loss,215076640.5,215176640.5
CUB.NS,2024-10-22 00:00:00+05:30,2024-11-11 00:00:00+05:30,166.9371948,172.6731567,5699987.912,195851.5813,3.43599994,UT Sell,215272492.1,215372492.1
FMNL.NS,2024-11-04 00:00:00+05:30,2024-11-11 00:00:00+05:30,14.52000046,15.38000011,14120260.84,836323.6289,5.922862463,UT Sell,216108815.7,216208815.7
BCG.NS,2024-11-04 00:00:00+05:30,2024-11-11 00:00:00+05:30,8.489999771,8.100000381,14120260.84,-648632.8925,-4.593632511,Stop Loss,215460182.8,215560182.8
KOHINOOR.NS,2024-11-06 00:00:00+05:30,2024-11-11 00:00:00+05:30,41.68000031,39.81000137,13314539.86,-597365.0463,-4.486561704,Stop Loss,214862817.8,214962817.8
PANSARI.NS,2024-10-21 00:00:00+05:30,2024-11-12 00:00:00+05:30,127,191.0599976,6211501.498,3133139.928,50.44094296,UT Sell,217995957.7,218095957.7
INDRAMEDCO.NS,2024-11-04 00:00:00+05:30,2024-11-12 00:00:00+05:30,415.4251404,428.650177,14120260.84,449517.7315,3.18349453,UT Sell,218445475.4,218545475.4
KARURVYSYA.NS,2024-11-07 00:00:00+05:30,2024-11-12 00:00:00+05:30,191.1327667,183.4514923,8093858.615,-325277.2937,-4.018816107,Stop Loss,218120198.1,218220198.1
LAXMICOT.NS,2024-11-11 00:00:00+05:30,2024-11-13 00:00:00+05:30,34.93000031,32.16999817,11760306.68,-929243.3804,-7.901523367,Stop Loss,217190954.8,217290954.8
STCINDIA.NS,2024-11-12 00:00:00+05:30,2024-11-13 00:00:00+05:30,168.4100037,153.3800049,10561000.44,-942532.0364,-8.924647261,Stop Loss,216248422.7,216348422.7
SCI.NS,2024-11-11 00:00:00+05:30,2024-11-13 00:00:00+05:30,215.1512909,200.1403046,11760306.68,-820510.0795,-6.97694458,Stop Loss,215427912.6,215527912.6
SYNCOMF.NS,2024-11-12 00:00:00+05:30,2024-11-13 00:00:00+05:30,21.20000076,20.22999954,10561000.44,-483216.1768,-4.575477291,Stop Loss,214944696.5,215044696.5
PNBGILTS.NS,2024-11-12 00:00:00+05:30,2024-11-13 00:00:00+05:30,119.8772659,112.1164246,10561000.44,-683718.0384,-6.4739893,Stop Loss,214260978.4,214360978.4
ARIES.NS,2024-11-11 00:00:00+05:30,2024-11-13 00:00:00+05:30,295.8835754,278.9830322,11760306.68,-671735.7357,-5.711889613,Stop Loss,213589242.7,213689242.7
BFINVEST.NS,2024-11-08 00:00:00+05:30,2024-11-13 00:00:00+05:30,753.0499878,713.0499878,16198139.61,-860401.8258,-5.311732375,Stop Loss,212728840.9,212828840.9
PFC.NS,2024-11-11 00:00:00+05:30,2024-11-13 00:00:00+05:30,450.4403992,431.3702393,11760306.68,-497892.5723,-4.23366997,Stop Loss,212230948.3,212330948.3
EUROBOND.NS,2024-11-04 00:00:00+05:30,2024-11-13 00:00:00+05:30,197,192.5,14120260.84,-322544.0293,-2.284263959,UT Sell,211908404.3,212008404.3
BAJAJHLDNG.NS,2024-11-04 00:00:00+05:30,2024-11-13 00:00:00+05:30,10584.37891,10455.67773,14120260.84,-171695.8674,-1.215953936,UT Sell,211736708.4,211836708.4
DMCC.NS,2024-10-25 00:00:00+05:30,2024-11-13 00:00:00+05:30,258.6156921,286.9041138,5635630.632,616447.8812,10.93840107,UT Sell,212353156.3,212453156.3
UNIDT.NS,2024-10-24 00:00:00+05:30,2024-11-13 00:00:00+05:30,245.7248077,228.5853424,5665145.202,-395147.5664,-6.97506511,Stop Loss,211958008.7,212058008.7
CARERATING.NS,2024-10-24 00:00:00+05:30,2024-11-13 00:00:00+05:30,1384.454224,1380.671631,5665145.202,-15478.25629,-0.273219057,UT Sell,211942530.5,212042530.5
MAGNUM.NS,2024-11-08 00:00:00+05:30,2024-11-14 00:00:00+05:30,52.36000061,44.04000092,16198139.61,-2573883.022,-15.88999159,Stop Loss,209368647.4,209468647.4
EUROTEXIND.NS,2024-11-04 00:00:00+05:30,2024-11-18 00:00:00+05:30,10.14999962,12.27000046,14120260.84,2949257.729,20.88670856,UT Sell,212317905.2,212417905.2
JAYSREETEA.NS,2024-11-14 00:00:00+05:30,2024-11-18 00:00:00+05:30,136.7927551,127.4150696,10559343.48,-723884.8478,-6.855396354,Stop Loss,211594020.3,211694020.3
TALBROAUTO.NS,2024-11-14 00:00:00+05:30,2024-11-18 00:00:00+05:30,312.0115356,291.9219666,10559343.48,-679887.2353,-6.438726392,Stop Loss,210914133.1,211014133.1
AXISCADES.NS,2024-11-14 00:00:00+05:30,2024-11-18 00:00:00+05:30,509.1000061,483.3999939,10559343.48,-533049.014,-5.048126478,Stop Loss,210381084.1,210481084.1
AUSOMENT.NS,2024-11-13 00:00:00+05:30,2024-11-19 00:00:00+05:30,109.1136169,102.4580536,10303934.05,-628505.2939,-6.099663398,Stop Loss,209752578.8,209852578.8
MHLXMIRU.NS,2024-11-14 00:00:00+05:30,2024-11-21 00:00:00+05:30,157.9700012,149.2100067,10559343.48,-585552.8907,-5.545353193,Stop Loss,209167025.9,209267025.9
MWL.NS,2024-11-18 00:00:00+05:30,2024-11-21 00:00:00+05:30,159.8085632,151.8181305,11321569.14,-566078.7815,-5.000002864,Stop Loss,208600947.1,208700947.1
MAHSEAMLES.NS,2024-11-21 00:00:00+05:30,2024-11-27 00:00:00+05:30,619.3760986,632.6790771,10364640.47,222612.0605,2.147803014,UT Sell,208823559.2,208923559.2
EICHERMOT.NS,2024-11-14 00:00:00+05:30,2024-11-28 00:00:00+05:30,4821.186035,4754.056641,10559343.48,-147026.5468,-1.39238341,UT Sell,208676532.6,208776532.6
BANCOINDIA.NS,2024-11-14 00:00:00+05:30,2024-12-03 00:00:00+05:30,397.2262878,517.2700806,10559343.48,3191086.991,30.22050564,UT Sell,211867619.6,211967619.6
KHAICHEM.NS,2024-11-21 00:00:00+05:30,2024-12-10 00:00:00+05:30,70.41999817,71.45999908,10364640.47,153070.6598,1.476854505,UT Sell,212020690.3,212120690.3
ABSLAMC.NS,2024-11-14 00:00:00+05:30,2024-12-11 00:00:00+05:30,779.8700562,804.3961182,10559343.48,332079.8265,3.144890847,UT Sell,212352770.1,212452770.1
RELINFRA.NS,2024-12-03 00:00:00+05:30,2024-12-11 00:00:00+05:30,281.3999939,293.3999939,13750430.47,586372.3142,4.264392417,UT Sell,212939142.4,213039142.4
BAJAJHCARE.NS,2024-11-14 00:00:00+05:30,2024-12-13 00:00:00+05:30,390.1836548,421.3604431,10559343.48,843721.7,7.990285587,UT Sell,213782864.1,213882864.1
INTLCONV.NS,2024-12-11 00:00:00+05:30,2024-12-13 00:00:00+05:30,92.06266022,88.23291016,12614113.04,-524739.3469,-4.159938516,Stop Loss,213258124.8,213358124.8
SUPREMEINF.NS,2024-12-10 00:00:00+05:30,2024-12-16 00:00:00+05:30,143.6699982,158.3099976,10517711.13,1071756.71,10.1900185,UT Sell,214329881.5,214429881.5
MWL.NS,2024-12-11 00:00:00+05:30,2024-12-16 00:00:00+05:30,161.1070099,162.8049774,12614113.04,132944.894,1.053937709,UT Sell,214462826.4,214562826.4
MAHABANK.NS,2024-11-18 00:00:00+05:30,2024-12-17 00:00:00+05:30,49.49576569,52.5540123,11321569.14,699537.6272,6.17880453,UT Sell,215162364,215262364
LORDSCHLO.NS,2024-11-18 00:00:00+05:30,2024-12-17 00:00:00+05:30,140.7899933,171.0700073,11321569.14,2434954.819,21.50722032,UT Sell,217597318.8,217697318.8
IOC.NS,2024-12-13 00:00:00+05:30,2024-12-17 00:00:00+05:30,135.2819824,131.6054535,11746219.44,-319224.4438,-2.71767819,UT Sell,217278094.4,217378094.4
DBL.NS,2024-11-28 00:00:00+05:30,2024-12-18 00:00:00+05:30,489.8948669,472.8316345,10412316.93,-362665.1264,-3.483039642,UT Sell,216915429.2,217015429.2
JPOLYINVST.NS,2024-11-18 00:00:00+05:30,2024-12-19 00:00:00+05:30,941.5,935.5999756,11321569.14,-70947.99188,-0.626662179,UT Sell,216844481.3,216944481.3
FMNL.NS,2024-11-18 00:00:00+05:30,2024-12-19 00:00:00+05:30,15.97999954,23.60000038,11321569.14,5398646.361,47.68461237,UT Sell,222243127.6,222343127.6
SILINV.NS,2024-11-08 00:00:00+05:30,2024-12-20 00:00:00+05:30,698.9738159,668.5490112,16198139.61,-705069.6646,-4.352781749,Stop Loss,221538057.9,221638057.9
LUMAXTECH.NS,2024-11-14 00:00:00+05:30,2024-12-20 00:00:00+05:30,511.0545654,612.817627,10559343.48,2102615.244,19.91236717,UT Sell,223640673.2,223740673.2
GABRIEL.NS,2024-11-27 00:00:00+05:30,2024-12-20 00:00:00+05:30,445.5217896,487.0467529,10587252.54,986787.3674,9.320523564,UT Sell,224627460.6,224727460.6
SPIC.NS,2024-12-16 00:00:00+05:30,2024-12-20 00:00:00+05:30,75.97714233,72.69000244,12168262.89,-526458.105,-4.326485298,Stop Loss,224101002.5,224201002.5
NAZARA.NS,2024-12-16 00:00:00+05:30,2024-12-20 00:00:00+05:30,258.1875,249.6625061,12168262.89,-401779.1988,-3.301861591,UT Sell,223699223.3,223799223.3
CSLFINANCE.NS,2024-12-17 00:00:00+05:30,2024-12-20 00:00:00+05:30,343.9690857,315.4122314,12401541.91,-1029595.506,-8.30215721,Stop Loss,222669627.7,222769627.7
KHAICHEM.NS,2024-12-17 00:00:00+05:30,2024-12-20 00:00:00+05:30,76.69999695,70.69000244,12401541.91,-971749.6964,-7.835716748,Stop Loss,221697878.1,221797878.1
MAGNUM.NS,2024-12-19 00:00:00+05:30,2024-12-23 00:00:00+05:30,41.91999817,39.25999832,13985418.33,-887433.4982,-6.34541976,Stop Loss,220810444.6,220910444.6
PASUPTAC.NS,2024-12-20 00:00:00+05:30,2024-12-23 00:00:00+05:30,46.99000168,46.04999924,12277013.67,-245593.1562,-2.000430747,UT Sell,220564851.4,220664851.4
LAGNAM.NS,2024-12-20 00:00:00+05:30,2024-12-23 00:00:00+05:30,132.1300049,125.7099991,12277013.67,-596522.3342,-4.85885534,Stop Loss,219968329.1,220068329.1
MOKSH.NS,2024-11-14 00:00:00+05:30,2024-12-26 00:00:00+05:30,17.54000092,18.61000061,10559343.48,644155.8557,6.100340017,UT Sell,220612484.9,220712484.9
KRBL.NS,2024-11-19 00:00:00+05:30,2024-12-26 00:00:00+05:30,284.9092102,285.5040283,9675428.758,20199.83943,0.208774618,UT Sell,220632684.8,220732684.8
BALPHARMA.NS,2024-12-23 00:00:00+05:30,2024-12-26 00:00:00+05:30,121.6108551,119.3810959,12273489.61,-225036.8732,-1.83351989,UT Sell,220407647.9,220507647.9
KOHINOOR.NS,2024-12-24 00:00:00+05:30,2024-12-27 00:00:00+05:30,48.40000153,43.86999893,12273489.61,-1148738.389,-9.359509197,Stop Loss,219258909.5,219358909.5
CENTEXT.NS,2024-12-13 00:00:00+05:30,2024-12-30 00:00:00+05:30,25.67000008,24.27000046,11746219.44,-640619.5046,-5.453835662,Stop Loss,218618290,218718290
MASFIN.NS,2024-12-17 00:00:00+05:30,2024-12-30 00:00:00+05:30,267.819519,265.4932556,12401541.91,-107719.0098,-0.868593684,UT Sell,218510571,218610571
CHENNPETRO.NS,2024-12-19 00:00:00+05:30,2024-12-30 00:00:00+05:30,597.0302734,583.1435547,13985418.33,-325296.0186,-2.325965595,UT Sell,218185275,218285275
MAHABANK.NS,2024-12-20 00:00:00+05:30,2024-12-30 00:00:00+05:30,52.31508255,48.83633041,12277013.67,-816374.2737,-6.64961607,Stop Loss,217368900.7,217468900.7
STARCEMENT.NS,2024-12-23 00:00:00+05:30,2024-12-30 00:00:00+05:30,235.3961945,222.8476563,12273489.61,-654277.159,-5.330816089,Stop Loss,216714623.5,216814623.5
DEVIT.NS,2024-12-26 00:00:00+05:30,2024-12-30 00:00:00+05:30,69.90306091,65.98031616,10982526.89,-616305.6259,-5.611692392,Stop Loss,216098317.9,216198317.9
UNITEDTEA.NS,2024-12-26 00:00:00+05:30,2024-12-30 00:00:00+05:30,554.0872192,527.6242065,10982526.89,-524521.6609,-4.775965187,Stop Loss,215573796.2,215673796.2
SHRADHA.NS,2024-12-23 00:00:00+05:30,2024-12-31 00:00:00+05:30,84.41694641,97.44775391,12273489.61,1894566.047,15.43624598,UT Sell,217468362.3,217568362.3
APOLLOTYRE.NS,2024-11-14 00:00:00+05:30,2025-01-03 00:00:00+05:30,467.0145264,503.0256653,10559343.48,814223.0346,7.710924796,UT Sell,218282585.3,218382585.3
STCINDIA.NS,2025-01-03 00:00:00+05:30,2025-01-06 00:00:00+05:30,162.5299988,155.7700043,11373566.51,-473052.6532,-4.159228793,Stop Loss,217809532.7,217909532.7
JKTYRE.NS,2024-12-30 00:00:00+05:30,2025-01-06 00:00:00+05:30,388.0622864,368.5352478,11566231.93,-582005.1701,-5.031934115,Stop Loss,217227527.5,217327527.5
FEDERALBNK.NS,2024-12-30 00:00:00+05:30,2025-01-06 00:00:00+05:30,199.8402557,196.3414307,11566231.93,-202502.8547,-1.750810947,UT Sell,217025024.6,217125024.6
MVGJL.NS,2024-12-30 00:00:00+05:30,2025-01-06 00:00:00+05:30,274.019989,276.75,11566231.93,115232.2513,0.996281693,UT Sell,217140256.9,217240256.9
LICI.NS,2024-12-30 00:00:00+05:30,2025-01-06 00:00:00+05:30,893.5518188,864.3884888,11566231.93,-377493.3163,-3.263753647,UT Sell,216762763.6,216862763.6
VIRINCHI.NS,2024-12-30 00:00:00+05:30,2025-01-06 00:00:00+05:30,29.79000092,28.14999962,11566231.93,-636745.0412,-5.505207273,Stop Loss,216126018.5,216226018.5
RELINFRA.NS,2024-12-24 00:00:00+05:30,2025-01-06 00:00:00+05:30,302.2999878,303.25,12273489.61,38570.84163,0.314261411,UT Sell,216164589.4,216264589.4
EUROBOND.NS,2024-12-23 00:00:00+05:30,2025-01-06 00:00:00+05:30,194.75,183.5,12273489.61,-708994.907,-5.776636714,Stop Loss,215455594.5,215555594.5
DYCL.NS,2024-10-23 00:00:00+05:30,2025-01-06 00:00:00+05:30,320.1011353,497.9295349,5733420.453,3185133.92,55.55381724,UT Sell,218640728.4,218740728.4
FMNL.NS,2024-12-26 00:00:00+05:30,2025-01-07 00:00:00+05:30,24.53000069,27.60000038,10982526.89,1374494.629,12.51528581,UT Sell,220015223,220115223
IGL.NS,2024-12-18 00:00:00+05:30,2025-01-08 00:00:00+05:30,194.0801086,198.4888,10049651.8,228286.2157,2.271583336,UT Sell,220243509.2,220343509.2
MAHESHWARI.NS,2025-01-06 00:00:00+05:30,2025-01-08 00:00:00+05:30,66.56999969,63.52999878,11093696.54,-506607.2976,-4.566622998,Stop Loss,219736901.9,219836901.9
EASEMYTRIP.NS,2025-01-06 00:00:00+05:30,2025-01-08 00:00:00+05:30,16.20000076,15.39999962,11093696.54,-547837.6242,-4.938278437,Stop Loss,219189064.3,219289064.3
NAGREEKCAP.NS,2024-12-31 00:00:00+05:30,2025-01-09 00:00:00+05:30,36.72000122,36.31000137,14168055.66,-158194.4571,-1.116557282,UT Sell,219030869.9,219130869.9
SHARDACROP.NS,2025-01-07 00:00:00+05:30,2025-01-09 00:00:00+05:30,840.3790283,795.0714722,11251612.17,-606610.8658,-5.391323989,Stop Loss,218424259,218524259
JINDRILL.NS,2025-01-07 00:00:00+05:30,2025-01-09 00:00:00+05:30,796.5846558,760.1947021,11251612.17,-514001.4207,-4.568246871,Stop Loss,217910257.6,218010257.6
KELLTONTEC.NS,2025-01-07 00:00:00+05:30,2025-01-09 00:00:00+05:30,34.29999924,32.06399918,11251612.17,-733487.0568,-6.51895076,Stop Loss,217176770.5,217276770.5
RAMAPHO.NS,2025-01-08 00:00:00+05:30,2025-01-09 00:00:00+05:30,119.9698486,114.0517426,10470295.4,-516499.0999,-4.932994537,Stop Loss,216660271.4,216760271.4
SAMHI.NS,2025-01-09 00:00:00+05:30,2025-01-10 00:00:00+05:30,200.9900055,190.2799988,11172878.93,-595360.9885,-5.328626509,Stop Loss,216064910.4,216164910.4
KAMDHENU.NS,2025-01-09 00:00:00+05:30,2025-01-10 00:00:00+05:30,50.56544113,46.00463867,11172878.93,-1007749.415,-9.01960382,Stop Loss,215057161,215157161
ELECTHERM.NS,2025-01-09 00:00:00+05:30,2025-01-10 00:00:00+05:30,1261.650024,1198.599976,11172878.93,-558356.5557,-4.997427782,Stop Loss,214498804.5,214598804.5
INDUSINDBK.NS,2024-12-27 00:00:00+05:30,2025-01-10 00:00:00+05:30,953.4000244,937.5999756,11124751.22,-184362.9201,-1.657231846,UT Sell,214314441.5,214414441.5
GARUDA.NS,2025-01-07 00:00:00+05:30,2025-01-10 00:00:00+05:30,142.137207,130.8498077,11251612.17,-893512.9784,-7.941199583,Stop Loss,213420928.6,213520928.6
MVGJL.NS,2025-01-07 00:00:00+05:30,2025-01-10 00:00:00+05:30,299.8500061,284.7999878,11251612.17,-564738.9217,-5.019182259,Stop Loss,212856189.6,212956189.6
PUNJABCHEM.NS,2025-01-09 00:00:00+05:30,2025-01-13 00:00:00+05:30,1019.717712,961.5977783,11172878.93,-636810.5398,-5.699610135,Stop Loss,212219379.1,212319379.1
ZENSARTECH.NS,2024-10-23 00:00:00+05:30,2025-01-13 00:00:00+05:30,678.911377,732.8259888,5733420.453,455309.9986,7.941332793,UT Sell,212674689.1,212774689.1
VEDL.NS,2024-11-18 00:00:00+05:30,2025-01-13 00:00:00+05:30,410.3973999,386.3395691,11321569.14,-663679.6311,-5.862081684,Stop Loss,212011009.5,212111009.5
VEEDOL.NS,2025-01-07 00:00:00+05:30,2025-01-13 00:00:00+05:30,1633.178589,1500.945313,11251612.17,-911007.2537,-8.096681971,Stop Loss,211100002.2,211200002.2
BLBLIMITED.NS,2025-01-08 00:00:00+05:30,2025-01-13 00:00:00+05:30,19.85000038,18.17000008,10470295.4,-886151.0892,-8.463477445,Stop Loss,210213851.1,210313851.1
SATIN.NS,2025-01-08 00:00:00+05:30,2025-01-13 00:00:00+05:30,154.9600067,146.0399933,10470295.4,-602705.0301,-5.756332629,Stop Loss,209611146.1,209711146.1
MWL.NS,2025-01-09 00:00:00+05:30,2025-01-13 00:00:00+05:30,160.8073578,150.8193207,11172878.93,-693967.8066,-6.211181657,Stop Loss,208917178.3,209017178.3
INDIAGLYCO.NS,2025-01-10 00:00:00+05:30,2025-01-13 00:00:00+05:30,644.5039673,600.6859131,10557088.43,-717747.4405,-6.798725287,Stop Loss,208199430.8,208299430.8
CENTRALBK.NS,2025-01-14 00:00:00+05:30,2025-01-15 00:00:00+05:30,54.2118187,50.27377319,9924049.575,-720901.0826,-7.264182602,Stop Loss,207478529.8,207578529.8
PRAXIS.NS,2025-01-07 00:00:00+05:30,2025-01-15 00:00:00+05:30,21.81999969,20.73999977,11251612.17,-556908.3616,-4.949587254,Stop Loss,206921621.4,207021621.4
NIRAJISPAT.NS,2024-10-07 00:00:00+05:30,2025-01-17 00:00:00+05:30,204.2100067,242.3300018,5987745.975,1117735.859,18.66705542,UT Sell,208039357.3,208139357.3
FEDERALBNK.NS,2025-01-14 00:00:00+05:30,2025-01-17 00:00:00+05:30,191.4013367,190.4272308,9924049.575,-50506.82909,-0.508933664,UT Sell,207988850.4,208088850.4
NAHARINDUS.NS,2025-01-14 00:00:00+05:30,2025-01-21 00:00:00+05:30,129.4199982,129.7200012,9924049.575,23004.52172,0.231805792,UT Sell,208011855,208111855
MAHABANK.NS,2025-01-14 00:00:00+05:30,2025-01-22 00:00:00+05:30,50.40368652,47.96664047,9924049.575,-479833.2721,-4.83505517,Stop Loss,207532021.7,207632021.7
AUBANK.NS,2024-12-30 00:00:00+05:30,2025-01-23 00:00:00+05:30,576.4890747,581.6826782,11566231.93,104200.4531,0.900902332,UT Sell,207636222.1,207736222.1
PARADEEP.NS,2025-01-21 00:00:00+05:30,2025-01-24 00:00:00+05:30,123.9521942,118.4374619,9947054.097,-442552.4007,-4.449080063,Stop Loss,207193669.7,207293669.7
VGL.NS,2024-11-04 00:00:00+05:30,2025-01-24 00:00:00+05:30,27.60499954,67.375,14120260.84,20342792.59,144.0681077,UT Sell,227536462.3,227636462.3
RGL.NS,2025-01-10 00:00:00+05:30,2025-01-24 00:00:00+05:30,179.6300049,173.2599945,10557088.43,-374373.7738,-3.546183935,UT Sell,227162088.5,227262088.5
PFC.NS,2025-01-14 00:00:00+05:30,2025-01-24 00:00:00+05:30,393.0700684,384.5946655,9924049.575,-213983.0138,-2.156206619,UT Sell,226948105.5,227048105.5
INDIANB.NS,2025-01-14 00:00:00+05:30,2025-01-24 00:00:00+05:30,493.1899109,488.7533569,9924049.575,-89273.07802,-0.899562999,UT Sell,226858832.5,226958832.5
STARPAPER.NS,2025-01-14 00:00:00+05:30,2025-01-24 00:00:00+05:30,200.9104919,184.7235413,9924049.575,-799560.5382,-8.056797098,Stop Loss,226059271.9,226159271.9
DIL.NS,2025-01-15 00:00:00+05:30,2025-01-24 00:00:00+05:30,3.079999924,2.890000105,9948926.148,-613731.8871,-6.168825439,Stop Loss,225445540,225545540
CHENNPETRO.NS,2025-01-17 00:00:00+05:30,2025-01-24 00:00:00+05:30,582.0109863,548.4760132,8489512.29,-489158.4066,-5.76191411,Stop Loss,224956381.6,225056381.6
CGCL.NS,2025-01-24 00:00:00+05:30,2025-01-27 00:00:00+05:30,200.3865967,186.5912781,12519393.75,-861879.1296,-6.884351964,Stop Loss,224094502.5,224194502.5
BPCL.NS,2025-01-17 00:00:00+05:30,2025-01-27 00:00:00+05:30,251.8272095,240.5060272,8489512.29,-381655.8031,-4.495615178,Stop Loss,223712846.7,223812846.7
RAMCOIND.NS,2025-01-23 00:00:00+05:30,2025-01-27 00:00:00+05:30,258.7687988,239.8332672,11670432.38,-853989.5161,-7.317548214,Stop Loss,222858857.2,222958857.2
REDINGTON.NS,2025-01-07 00:00:00+05:30,2025-01-28 00:00:00+05:30,200.9185638,198.4827576,11251612.17,-136407.2437,-1.212335101,UT Sell,222722449.9,222822449.9
TERASOFT.NS,2025-01-14 00:00:00+05:30,2025-01-28 00:00:00+05:30,193.9450531,240.6455078,9924049.575,2389633.663,24.07921933,UT Sell,225112083.6,225212083.6
KRISHIVAL.NS,2025-01-24 00:00:00+05:30,2025-01-29 00:00:00+05:30,241.5307617,247.6777344,12519393.75,318619.3366,2.545006115,UT Sell,225430702.9,225530702.9
PNBGILTS.NS,2025-01-28 00:00:00+05:30,2025-01-29 00:00:00+05:30,99.76243591,94.98120117,11735728.19,-562448.8899,-4.792620286,Stop Loss,224868254,224968254
VIRINCHI.NS,2025-01-13 00:00:00+05:30,2025-02-01 00:00:00+05:30,29.06999969,28.35000038,9924049.575,-245796.6617,-2.47677785,UT Sell,224622457.4,224722457.4
GOCLCORP.NS,2025-01-29 00:00:00+05:30,2025-02-03 00:00:00+05:30,346.9770508,332.9420471,12005646.19,-485620.8441,-4.04493716,Stop Loss,224136836.5,224236836.5
INDIANHUME.NS,2025-02-01 00:00:00+05:30,2025-02-03 00:00:00+05:30,340.651062,324.4131165,9678252.914,-461337.0144,-4.766738568,Stop Loss,223675499.5,223775499.5
EUROTEXIND.NS,2025-01-27 00:00:00+05:30,2025-02-05 00:00:00+05:30,13.10000038,14,11744241.83,806855.9436,6.870225896,UT Sell,224482355.5,224582355.5
ASIANHOTNR.NS,2024-12-20 00:00:00+05:30,2025-02-05 00:00:00+05:30,217.9299927,372.8999939,12277013.67,8730183.485,71.1099924,UT Sell,233212539,233312539
CUB.NS,2025-01-14 00:00:00+05:30,2025-02-06 00:00:00+05:30,165.8375549,171.5041656,9924049.575,339101.2712,3.416964704,UT Sell,233551640.2,233651640.2
INDSWFTLAB.NS,2025-01-15 00:00:00+05:30,2025-02-10 00:00:00+05:30,102.5100021,98.13999939,9948926.148,-424122.8533,-4.263001322,Stop Loss,233127517.4,233227517.4
SATIA.NS,2025-02-03 00:00:00+05:30,2025-02-10 00:00:00+05:30,88.67516327,84.2758255,10368470.62,-514398.8772,-4.961183725,Stop Loss,232613118.5,232713118.5
ASHOKAMET.NS,2025-01-29 00:00:00+05:30,2025-02-11 00:00:00+05:30,22.02000046,21.03000069,12005646.19,-539763.2487,-4.495911674,Stop Loss,232073355.2,232173355.2
EUROBOND.NS,2025-02-03 00:00:00+05:30,2025-02-11 00:00:00+05:30,173,163.5500031,10368470.62,-566370.0333,-5.462425982,Stop Loss,231506985.2,231606985.2
PNB.NS,2025-01-28 00:00:00+05:30,2025-02-11 00:00:00+05:30,96.97011566,92.53852844,11735728.19,-536329.1844,-4.570054587,Stop Loss,230970656,231070656
VENUSREM.NS,2025-02-05 00:00:00+05:30,2025-02-11 00:00:00+05:30,351.2999878,313.5,16779147.46,-1805441.478,-10.76003106,Stop Loss,229165214.5,229265214.5
SOUTHBANK.NS,2025-01-28 00:00:00+05:30,2025-02-11 00:00:00+05:30,25.76023483,24.13233757,11735728.19,-741629.8771,-6.319419342,Stop Loss,228423584.7,228523584.7
NGIL.NS,2025-01-27 00:00:00+05:30,2025-02-11 00:00:00+05:30,40.06000137,37.70000076,11744241.83,-691872.6146,-5.891164577,Stop Loss,227731712.1,227831712.1
UNIONBANK.NS,2025-01-28 00:00:00+05:30,2025-02-11 00:00:00+05:30,106.9471283,106.9858246,11735728.19,4246.295694,0.036182635,UT Sell,227735958.4,227835958.4
SUPREMEINF.NS,2025-02-06 00:00:00+05:30,2025-02-11 00:00:00+05:30,114.25,107.5199966,10263150.85,-604560.5221,-5.890593748,Stop Loss,227131397.8,227231397.8
TRANSRAILL.NS,2025-02-11 00:00:00+05:30,2025-02-12 00:00:00+05:30,627.3543701,577.5056763,11360765.11,-902710.3798,-7.945859027,Stop Loss,226228687.4,226328687.4
NITCO.NS,2025-02-10 00:00:00+05:30,2025-02-13 00:00:00+05:30,126.9899979,119.5199966,9689437.521,-569967.0157,-5.882354001,Stop Loss,225658720.4,225758720.4
AVANTIFEED.NS,2025-01-22 00:00:00+05:30,2025-02-14 00:00:00+05:30,662.4082642,650.1259155,9444216.303,-175114.2965,-1.854196165,UT Sell,225483606.1,225583606.1
DCBBANK.NS,2025-01-27 00:00:00+05:30,2025-02-14 00:00:00+05:30,116.6881638,110.5659714,11744241.83,-616176.5304,-5.246626723,Stop Loss,224867429.6,224967429.6
MWL.NS,2025-02-12 00:00:00+05:30,2025-02-14 00:00:00+05:30,148.6219635,142.3294983,11247926.31,-476222.917,-4.233873017,Stop Loss,224391206.7,224491206.7
APCOTEXIND.NS,2025-02-12 00:00:00+05:30,2025-02-14 00:00:00+05:30,337.9798279,324.7767334,11247926.31,-439397.3295,-3.906474113,UT Sell,223951809.4,224051809.4
SBFC.NS,2025-02-12 00:00:00+05:30,2025-02-14 00:00:00+05:30,84.63999939,82.41000366,11247926.31,-296347.2093,-2.634683062,UT Sell,223655462.2,223755462.2
BLBLIMITED.NS,2025-01-28 00:00:00+05:30,2025-02-17 00:00:00+05:30,17.84000015,16.5,11735728.19,-881495.3716,-7.511211553,Stop Loss,222773966.8,222873966.8
BAIDFIN.NS,2025-02-05 00:00:00+05:30,2025-02-17 00:00:00+05:30,11.72881222,10.93565464,16779147.46,-1134685.057,-6.762471449,Stop Loss,221639281.7,221739281.7
AARTIDRUGS.NS,2025-02-14 00:00:00+05:30,2025-02-17 00:00:00+05:30,409.3032837,384.6853943,10585795.76,-636691.5673,-6.0145839,Stop Loss,221002590.2,221102590.2
KRISHIVAL.NS,2025-02-14 00:00:00+05:30,2025-02-17 00:00:00+05:30,250.9261322,238.8820801,10585795.76,-508101.2278,-4.799839705,Stop Loss,220494488.9,220594488.9
KRITINUT.NS,2025-02-17 00:00:00+05:30,2025-02-18 00:00:00+05:30,105.888916,100.6533051,11631373.49,-575105.9583,-4.944437207,Stop Loss,219919383,220019383
INDIANHUME.NS,2025-02-17 00:00:00+05:30,2025-02-18 00:00:00+05:30,337.6897278,315.3317261,11631373.49,-770098.2496,-6.620871134,Stop Loss,219149284.7,219249284.7
PENIND.NS,2025-02-17 00:00:00+05:30,2025-02-18 00:00:00+05:30,168.0500031,157.5800018,11631373.49,-724668.2082,-6.230289218,Stop Loss,218424616.5,218524616.5
KTKBANK.NS,2025-02-12 00:00:00+05:30,2025-02-18 00:00:00+05:30,176.0214539,165.2851257,11247926.31,-686060.8463,-6.099442931,Stop Loss,217738555.7,217838555.7
FMNL.NS,2025-02-10 00:00:00+05:30,2025-02-18 00:00:00+05:30,21.44000053,20.31999969,9689437.521,-506165.0133,-5.223884381,Stop Loss,217232390.7,217332390.7
KRIDHANINF.NS,2025-02-14 00:00:00+05:30,2025-02-18 00:00:00+05:30,4.579999924,4.289999962,10585795.76,-670279.567,-6.331877002,Stop Loss,216562111.1,216662111.1
MUTHOOTFIN.NS,2025-02-13 00:00:00+05:30,2025-02-21 00:00:00+05:30,2270.578369,2167.031982,9119470.505,-415880.0385,-4.560352909,Stop Loss,216146231,216246231
SURYODAY.NS,2025-02-14 00:00:00+05:30,2025-02-21 00:00:00+05:30,123.0699997,118.0100021,10585795.76,-435232.801,-4.111479297,Stop Loss,215710998.2,215810998.2
AADHARHFC.NS,2025-01-28 00:00:00+05:30,2025-02-24 00:00:00+05:30,391.1000061,366.25,11735728.19,-745673.5172,-6.353875151,Stop Loss,214965324.7,215065324.7
SIKKO.NS,2025-02-18 00:00:00+05:30,2025-02-25 00:00:00+05:30,4.09250021,3.89199996,10414150.37,-510211.2752,-4.899211719,Stop Loss,214455113.5,214555113.5
NIBL.NS,2025-02-21 00:00:00+05:30,2025-02-25 00:00:00+05:30,23.29999924,23.07999992,9427076.711,-89010.74984,-0.944203093,UT Sell,214366102.7,214466102.7
TIMETECHNO.NS,2025-02-18 00:00:00+05:30,2025-02-25 00:00:00+05:30,202.9311523,191.9141846,10414150.37,-565375.7822,-5.428918944,Stop Loss,213800726.9,213900726.9
FORCEMOT.NS,2025-02-12 00:00:00+05:30,2025-02-27 00:00:00+05:30,6673.067383,6586.908203,11247926.31,-145227.3817,-1.291148054,UT Sell,213655499.5,213755499.5
PRAKASH.NS,2025-02-17 00:00:00+05:30,2025-02-27 00:00:00+05:30,144.7914886,146.1690369,11631373.49,110661.0476,0.951401378,UT Sell,213766160.6,213866160.6
GPPL.NS,2025-02-18 00:00:00+05:30,2025-02-27 00:00:00+05:30,129.1314392,122.2128372,10414150.37,-557969.1661,-5.35779825,Stop Loss,213208191.4,213308191.4
PARADEEP.NS,2025-02-25 00:00:00+05:30,2025-02-27 00:00:00+05:30,95.74142456,89.88824463,9696926.546,-592824.4343,-6.113529184,Stop Loss,212615367,212715367
TEXMOPIPES.NS,2025-02-14 00:00:00+05:30,2025-02-28 00:00:00+05:30,56.45000076,51.72999954,10585795.76,-885119.0118,-8.361383803,Stop Loss,211730248,211830248
EUROTEXIND.NS,2025-02-27 00:00:00+05:30,2025-02-28 00:00:00+05:30,12.30000019,12,10451254.19,-254908.797,-2.439025903,UT Sell,211475339.2,211575339.2
BPL.NS,2025-02-25 00:00:00+05:30,2025-02-28 00:00:00+05:30,84.41999817,78.23999786,9696926.546,-709867.4522,-7.320540677,Stop Loss,210765471.7,210865471.7
GICRE.NS,2025-02-18 00:00:00+05:30,2025-02-28 00:00:00+05:30,367.8037109,358.9966431,10414150.37,-249367.0574,-2.394502179,UT Sell,210516104.7,210616104.7
ASHOKLEY.NS,2025-02-12 00:00:00+05:30,2025-02-28 00:00:00+05:30,107.0434799,103.9153824,11247926.31,-328694.5696,-2.922268163,UT Sell,210187410.1,210287410.1
PASUPTAC.NS,2025-01-28 00:00:00+05:30,2025-02-28 00:00:00+05:30,42.47999954,40,11735728.19,-685136.5548,-5.838040417,Stop Loss,209502273.5,209602273.5
ICICIBANK.NS,2025-01-27 00:00:00+05:30,2025-02-28 00:00:00+05:30,1218.547607,1194.880249,11744241.83,-228103.6694,-1.942259642,UT Sell,209274169.9,209374169.9
KARURVYSYA.NS,2025-01-14 00:00:00+05:30,2025-02-28 00:00:00+05:30,178.9879303,165.9272614,9924049.575,-724153.4437,-7.296955121,Stop Loss,208550016.4,208650016.4
MBAPL.NS,2024-12-30 00:00:00+05:30,2025-02-28 00:00:00+05:30,217.1790009,288.2668457,11566231.93,3785902.4,32.73237494,UT Sell,212335918.8,212435918.8
PNGJL.NS,2025-02-12 00:00:00+05:30,2025-02-28 00:00:00+05:30,564.4000244,537.9500122,11247926.31,-527122.21,-4.686394589,Stop Loss,211808796.6,211908796.6
CUBEXTUB.NS,2025-01-10 00:00:00+05:30,2025-03-03 00:00:00+05:30,96.83999634,89.94999695,10557088.43,-751118.7069,-7.114828222,Stop Loss,211057677.9,211157677.9
ATL.NS,2025-02-18 00:00:00+05:30,2025-03-03 00:00:00+05:30,28.31999969,27.11000061,10414150.37,-444954.539,-4.272595683,Stop Loss,210612723.4,210712723.4
UMAEXPORTS.NS,2025-02-28 00:00:00+05:30,2025-03-03 00:00:00+05:30,89.48000336,83.02999878,10780766.06,-777112.0681,-7.208319553,Stop Loss,209835611.3,209935611.3
SOUTHBANK.NS,2025-02-27 00:00:00+05:30,2025-03-04 00:00:00+05:30,24.2408638,23.20492935,10451254.19,-446634.8368,-4.273504677,Stop Loss,209388976.5,209488976.5
AKASH.NS,2025-03-03 00:00:00+05:30,2025-03-04 00:00:00+05:30,28.40999985,26.87000084,10460331.23,-567015.1289,-5.420623078,Stop Loss,208821961.3,208921961.3
TCIEXP.NS,2025-02-28 00:00:00+05:30,2025-03-10 00:00:00+05:30,668.8832397,650.7041626,10780766.06,-293002.3752,-2.717825185,UT Sell,208528959,208628959
SHREEPUSHK.NS,2025-02-12 00:00:00+05:30,2025-03-10 00:00:00+05:30,296.7247925,297.7195129,11247926.31,37706.80006,0.335233349,UT Sell,208566665.8,208666665.8
CCCL.NS,2025-02-21 00:00:00+05:30,2025-03-10 00:00:00+05:30,13.19999981,13.90999985,9427076.711,507062.494,5.378788246,UT Sell,209073728.3,209173728.3
MAHESHWARI.NS,2025-02-28 00:00:00+05:30,2025-03-10 00:00:00+05:30,59.13000107,55.65999985,10780766.06,-632661.4363,-5.868427462,Stop Loss,208441066.8,208541066.8
NIBL.NS,2025-02-27 00:00:00+05:30,2025-03-12 00:00:00+05:30,23.54000092,22.17000008,10451254.19,-608250.9116,-5.819884392,Stop Loss,207832815.9,207932815.9
GOLDIAM.NS,2025-03-10 00:00:00+05:30,2025-03-13 00:00:00+05:30,400.9150085,382.4912415,10463910.16,-480861.6278,-4.595429629,Stop Loss,207351954.3,207451954.3
AFSL.NS,2025-02-28 00:00:00+05:30,2025-03-17 00:00:00+05:30,190.3000031,181,10780766.06,-526858.4114,-4.887022019,Stop Loss,206825095.9,206925095.9
COFFEEDAY.NS,2025-03-03 00:00:00+05:30,2025-03-17 00:00:00+05:30,25.53000069,23.32999992,10460331.23,-901399.7679,-8.617315722,Stop Loss,205923696.1,206023696.1
HEADSUP.NS,2025-02-24 00:00:00+05:30,2025-03-19 00:00:00+05:30,11.05000019,11.64999962,10990054.67,596744.4706,5.429858981,UT Sell,206520440.6,206620440.6
SHARDACROP.NS,2025-03-04 00:00:00+05:30,2025-03-19 00:00:00+05:30,522.0889893,530.2002563,9948967.731,154568.9264,1.553617727,UT Sell,206675009.5,206775009.5
VEDL.NS,2025-03-03 00:00:00+05:30,2025-03-25 00:00:00+05:30,382.0904541,431.2583618,10460331.23,1346049.333,12.86813297,UT Sell,208021058.8,208121058.8
CHOLAHLDNG.NS,2025-02-25 00:00:00+05:30,2025-03-26 00:00:00+05:30,1567.319946,1711.720459,9696926.546,893398.4207,9.213212212,UT Sell,208914457.3,209014457.3
NIRAJ.NS,2025-03-13 00:00:00+05:30,2025-03-26 00:00:00+05:30,49.18999863,52.77999878,9983048.53,728586.0286,7.298231862,UT Sell,209643043.3,209743043.3
FMNL.NS,2025-03-25 00:00:00+05:30,2025-03-26 00:00:00+05:30,16.5,15.67000008,11806380.57,-593896.6648,-5.030302568,Stop Loss,209049146.6,209149146.6
OCCLLTD.NS,2025-03-11 00:00:00+05:30,2025-03-27 00:00:00+05:30,76.13642883,79.15678406,10463910.16,415106.4898,3.967030331,UT Sell,209464253.1,209564253.1
PCJEWELLER.NS,2025-03-27 00:00:00+05:30,2025-03-28 00:00:00+05:30,13.72000027,13.06000042,10851770.76,-522023.8268,-4.810494421,Stop Loss,208942229.3,209042229.3
STCINDIA.NS,2025-03-19 00:00:00+05:30,2025-04-04 00:00:00+05:30,112.8300018,113.9899979,10845167.9,111498.2853,1.028091832,UT Sell,209053727.6,209153727.6
PFC.NS,2025-03-03 00:00:00+05:30,2025-04-04 00:00:00+05:30,360.9084473,390.2194519,10460331.23,849530.7317,8.121451537,UT Sell,209903258.3,210003258.3
ALIVUS.NS,2025-03-03 00:00:00+05:30,2025-04-04 00:00:00+05:30,933.3840942,995.7523193,10460331.23,698953.7287,6.681946423,UT Sell,210602212,210702212
DBL.NS,2025-03-03 00:00:00+05:30,2025-04-04 00:00:00+05:30,437.108551,453.5730896,10460331.23,394008.5974,3.766693316,UT Sell,210996220.6,211096220.6
HEG.NS,2025-02-28 00:00:00+05:30,2025-04-04 00:00:00+05:30,357.1275635,473.014679,10780766.06,3498335.076,32.44978191,UT Sell,214494555.7,214594555.7
MOKSH.NS,2025-03-28 00:00:00+05:30,2025-04-07 00:00:00+05:30,13.32999992,13.36999989,10329746.93,30996.96065,0.300074734,UT Sell,214525552.7,214625552.7
SPAL.NS,2025-03-27 00:00:00+05:30,2025-04-07 00:00:00+05:30,690.8121338,657.1043091,10851770.76,-529506.6031,-4.879448848,Stop Loss,213996046.1,214096046.1
KARURVYSYA.NS,2025-03-17 00:00:00+05:30,2025-04-07 00:00:00+05:30,162.9653168,168.4189453,9906419.559,331517.9788,3.34649645,UT Sell,214327564,214427564
DALMIASUG.NS,2025-03-12 00:00:00+05:30,2025-04-07 00:00:00+05:30,315.7299805,349.8510437,9843003.282,1063737.238,10.80703935,UT Sell,215391301.3,215491301.3
KIRIINDUS.NS,2025-03-19 00:00:00+05:30,2025-04-07 00:00:00+05:30,615.0499878,566.5999756,10845167.9,-854318.3929,-7.877410482,Stop Loss,214536982.9,214636982.9
GANDHITUBE.NS,2025-03-03 00:00:00+05:30,2025-04-07 00:00:00+05:30,608.5114136,617.1911011,10460331.23,149204.1139,1.426380394,UT Sell,214686187,214786187
FORCEMOT.NS,2025-03-03 00:00:00+05:30,2025-04-07 00:00:00+05:30,6929.002441,8326.816406,10460331.23,2110202.327,20.1733796,UT Sell,216796389.3,216896389.3
ABCAPITAL.NS,2025-02-27 00:00:00+05:30,2025-04-07 00:00:00+05:30,157.6699982,179.3399963,10451254.19,1436409.348,13.74389448,UT Sell,218232798.7,218332798.7
KRISHANA.NS,2025-03-10 00:00:00+05:30,2025-04-07 00:00:00+05:30,207.1159363,221.953476,10463910.16,749622.0952,7.163881225,UT Sell,218982420.8,219082420.8
KRISHIVAL.NS,2025-04-08 00:00:00+05:30,2025-04-21 00:00:00+05:30,231.8855286,221.9904175,11189932.46,-477501.2281,-4.267239592,Stop Loss,218504919.5,218604919.5
MACPOWER.NS,2025-04-09 00:00:00+05:30,2025-04-22 00:00:00+05:30,815.4741821,859.0007935,11189932.46,597271.9327,5.337583002,UT Sell,219102191.5,219202191.5
HINDPETRO.NS,2025-03-04 00:00:00+05:30,2025-04-23 00:00:00+05:30,303.9819336,374.9624634,9948967.731,2323108.456,23.35024616,UT Sell,221425299.9,221525299.9
BLBLIMITED.NS,2025-03-17 00:00:00+05:30,2025-04-23 00:00:00+05:30,14.06000042,15.73999977,9906419.559,1183696.866,11.94878593,UT Sell,222608996.8,222708996.8
SUPERHOUSE.NS,2025-04-09 00:00:00+05:30,2025-04-25 00:00:00+05:30,141.5529327,154.3418274,11189932.46,1010977.764,9.034708364,UT Sell,223619974.6,223719974.6
DEVIT.NS,2025-04-11 00:00:00+05:30,2025-04-25 00:00:00+05:30,43.19408035,42.70323944,11189932.46,-127158.0875,-1.136361529,UT Sell,223492816.5,223592816.5
PANSARI.NS,2025-04-09 00:00:00+05:30,2025-04-25 00:00:00+05:30,153.5,189.2599945,11189932.46,2606852.92,23.29641336,UT Sell,226099669.4,226199669.4
EMAMILTD.NS,2025-02-18 00:00:00+05:30,2025-04-25 00:00:00+05:30,527.0088501,603.7709961,10414150.37,1516886.35,14.5656275,UT Sell,227616555.7,227716555.7
CCCL.NS,2025-03-26 00:00:00+05:30,2025-04-25 00:00:00+05:30,13.78999996,13.86999989,10838147.81,62875.34447,0.580129978,UT Sell,227679431.1,227779431.1
YESBANK.NS,2025-03-27 00:00:00+05:30,2025-04-25 00:00:00+05:30,17.26000023,17.77000046,10851770.76,320649.2176,2.954810093,UT Sell,228000080.3,228100080.3
ANTGRAPHIC.NS,2025-04-23 00:00:00+05:30,2025-04-29 00:00:00+05:30,1.049999952,1,11681096.31,-556242.176,-4.761900437,Stop Loss,227443838.1,227543838.1
CCCL.NS,2025-04-28 00:00:00+05:30,2025-04-29 00:00:00+05:30,15.25,14.55000019,11844158.3,-543666.1345,-4.590162684,Stop Loss,226900172,227000172
SBGLP.NS,2025-04-09 00:00:00+05:30,2025-04-30 00:00:00+05:30,38.24145126,43.97517395,11189932.46,1677759.799,14.99347566,UT Sell,228577931.8,228677931.8
KHAICHEM.NS,2025-04-11 00:00:00+05:30,2025-04-30 00:00:00+05:30,48.66999817,54.04000092,11189932.46,1234640.852,11.03349692,UT Sell,229812572.6,229912572.6
AKI.NS,2025-04-25 00:00:00+05:30,2025-04-30 00:00:00+05:30,7.610000134,7.449999809,11844158.3,-249023.5395,-2.102500939,UT Sell,229563549.1,229663549.1
KRISHIVAL.NS,2025-04-25 00:00:00+05:30,2025-04-30 00:00:00+05:30,232.3852844,238.8820801,11844158.3,331127.1468,2.795700111,UT Sell,229894676.2,229994676.2
SAGARDEEP.NS,2025-04-25 00:00:00+05:30,2025-04-30 00:00:00+05:30,30.90999985,29.38999939,11844158.3,-582436.9501,-4.917503932,Stop Loss,229312239.3,229412239.3
STCINDIA.NS,2025-04-11 00:00:00+05:30,2025-05-02 00:00:00+05:30,113.9499969,124.3899994,11189932.46,1025212.157,9.161915508,UT Sell,230337451.5,230437451.5
NGIL.NS,2025-04-29 00:00:00+05:30,2025-05-02 00:00:00+05:30,33.36999893,31.88999939,11212673.15,-497295.5247,-4.435120137,Stop Loss,229840155.9,229940155.9
MACPOWER.NS,2025-04-30 00:00:00+05:30,2025-05-05 00:00:00+05:30,846.5218506,835.590271,12064881.42,-155800.1267,-1.291352324,UT Sell,229684355.8,229784355.8
MANORG.NS,2025-04-28 00:00:00+05:30,2025-05-05 00:00:00+05:30,410.1499939,394.1000061,11844158.3,-463485.5516,-3.913199569,UT Sell,229220870.3,229320870.3
HUHTAMAKI.NS,2025-04-09 00:00:00+05:30,2025-05-06 00:00:00+05:30,192.490799,186.2700043,11189932.46,-361629.089,-3.23173612,UT Sell,228859241.2,228959241.2
MASTEK.NS,2025-04-09 00:00:00+05:30,2025-05-06 00:00:00+05:30,2115.28125,2028.286743,11189932.46,-460204.8335,-4.112668556,Stop Loss,228399036.3,228499036.3
KMSUGAR.NS,2025-04-11 00:00:00+05:30,2025-05-06 00:00:00+05:30,27.20000076,26.57999992,11189932.46,-255064.975,-2.279414786,UT Sell,228143971.4,228243971.4
DCBBANK.NS,2025-04-11 00:00:00+05:30,2025-05-06 00:00:00+05:30,116.807045,131.5973816,11189932.46,1416891.145,12.66219568,UT Sell,229560862.5,229660862.5
ANMOL.NS,2025-04-29 00:00:00+05:30,2025-05-06 00:00:00+05:30,16.54999924,15.52000046,11212673.15,-697827.2017,-6.223557866,Stop Loss,228863035.3,228963035.3
SEAMECLTD.NS,2025-04-30 00:00:00+05:30,2025-05-06 00:00:00+05:30,974.75,911.7000122,12064881.42,-780395.6159,-6.468323959,Stop Loss,228082639.7,228182639.7
KIRIINDUS.NS,2025-05-02 00:00:00+05:30,2025-05-06 00:00:00+05:30,603,591.4000244,11765071.27,-226325.9362,-1.923710711,UT Sell,227856313.7,227956313.7
TANLA.NS,2025-05-02 00:00:00+05:30,2025-05-06 00:00:00+05:30,493.6773682,470.308075,11765071.27,-556925.2673,-4.733717752,Stop Loss,227299388.5,227399388.5
SILINV.NS,2025-05-02 00:00:00+05:30,2025-05-06 00:00:00+05:30,627.4182739,598.3378906,11765071.27,-545302.5459,-4.634927688,Stop Loss,226754085.9,226854085.9
NAGREEKCAP.NS,2025-04-22 00:00:00+05:30,2025-05-08 00:00:00+05:30,26.40999985,25.23999977,11787204.39,-522189.7052,-4.430140413,Stop Loss,226231896.2,226331896.2
HINDPETRO.NS,2025-05-05 00:00:00+05:30,2025-05-08 00:00:00+05:30,395.2633057,374.2874146,11644877.02,-617972.0429,-5.306814676,Stop Loss,225613924.2,225713924.2
CHAMBLFERT.NS,2025-05-06 00:00:00+05:30,2025-05-08 00:00:00+05:30,712.1460571,677.2565918,11207301.54,-549068.207,-4.899200801,Stop Loss,225064856,225164856
MHLXMIRU.NS,2025-05-08 00:00:00+05:30,2025-05-09 00:00:00+05:30,234.5299988,220.5700073,10983384.33,-653766.9051,-5.95232658,Stop Loss,224411089.1,224511089.1
NOIDATOLL.NS,2025-05-05 00:00:00+05:30,2025-05-09 00:00:00+05:30,3.319999933,3.430000067,11644877.02,385824.7148,3.3132571,UT Sell,224796913.8,224896913.8
GANDHITUBE.NS,2025-04-08 00:00:00+05:30,2025-05-09 00:00:00+05:30,655.3425903,615.376709,11189932.46,-682414.846,-6.098471538,Stop Loss,224114498.9,224214498.9
KRISHIVAL.NS,2025-05-06 00:00:00+05:30,2025-05-15 00:00:00+05:30,242.5302734,246.8781281,11207301.54,200913.9603,1.792705938,UT Sell,224315412.9,224415412.9
BPCL.NS,2025-04-28 00:00:00+05:30,2025-05-20 00:00:00+05:30,290.9683838,293.6903381,11844158.3,110799.8668,0.935481137,UT Sell,224426212.8,224526212.8
JSL.NS,2025-04-30 00:00:00+05:30,2025-05-20 00:00:00+05:30,580.875,639.3012085,12064881.42,1213523.181,10.05831005,UT Sell,225639735.9,225739735.9
IOC.NS,2025-05-02 00:00:00+05:30,2025-05-20 00:00:00+05:30,134.100235,133.1060791,11765071.27,-87220.68853,-0.741352828,UT Sell,225552515.3,225652515.3
HEROMOTOCO.NS,2025-05-06 00:00:00+05:30,2025-05-20 00:00:00+05:30,3741.97876,4098.532715,11207301.54,1067886.257,9.528486877,UT Sell,226620401.5,226720401.5
SCHAND.NS,2025-04-08 00:00:00+05:30,2025-05-23 00:00:00+05:30,189.1417389,220.2628479,11189932.46,1841175.352,16.45385582,UT Sell,228461576.9,228561576.9
GOCLCORP.NS,2025-05-15 00:00:00+05:30,2025-05-23 00:00:00+05:30,289.1800537,297.9519348,11408215.5,346052.6019,3.033363121,UT Sell,228807629.5,228907629.5
NAZARA.NS,2025-05-07 00:00:00+05:30,2025-05-26 00:00:00+05:30,267.7999878,318.6000061,11207301.54,2125956.496,18.96938784,UT Sell,230933586,231033586
NRBBEARING.NS,2025-05-08 00:00:00+05:30,2025-05-26 00:00:00+05:30,218.3965454,260.0675964,10983384.33,2095679.527,19.08045338,UT Sell,233029265.5,233129265.5
GUJRAFFIA.NS,2025-05-20 00:00:00+05:30,2025-05-27 00:00:00+05:30,39.97000122,38.31000137,12296600.29,-510691.8684,-4.153114328,Stop Loss,232518573.6,232618573.6
CHENNPETRO.NS,2025-03-11 00:00:00+05:30,2025-05-30 00:00:00+05:30,543.1577148,665.9714355,10463910.16,2366001.079,22.61106072,UT Sell,234884574.7,234984574.7
VIPULLTD.NS,2025-04-21 00:00:00+05:30,2025-05-30 00:00:00+05:30,11.35000038,11.51000023,10712431.23,151012.0973,1.409690238,UT Sell,235035586.8,235135586.8
SRHHYPOLTD.NS,2025-05-07 00:00:00+05:30,2025-06-02 00:00:00+05:30,521.8071899,535.9369507,11207301.54,303477.0169,2.70785091,UT Sell,235339063.8,235439063.8
VIRINCHI.NS,2025-06-02 00:00:00+05:30,2025-06-05 00:00:00+05:30,24.20000076,23.20999908,11510778.56,-470896.2701,-4.090915898,Stop Loss,234868167.5,234968167.5
SEJALLTD.NS,2025-05-20 00:00:00+05:30,2025-06-05 00:00:00+05:30,438.3500061,494.5499878,12296600.29,1576522.645,12.82080094,UT Sell,236444690.2,236544690.2
CCL.NS,2025-05-06 00:00:00+05:30,2025-06-06 00:00:00+05:30,688.5643921,868.1295776,11207301.54,2922662.287,26.078198,UT Sell,239367352.5,239467352.5
AUSOMENT.NS,2025-05-26 00:00:00+05:30,2025-06-06 00:00:00+05:30,113.9567261,107.5091553,13206160.95,-747192.9097,-5.65791158,Stop Loss,238620159.6,238720159.6
TATASTEEL.NS,2025-05-06 00:00:00+05:30,2025-06-10 00:00:00+05:30,141.1483459,155.6799927,11207301.54,1153825.401,10.29530076,UT Sell,239773985,239873985
SPCENET.NS,2025-05-20 00:00:00+05:30,2025-06-10 00:00:00+05:30,7.71999979,7.590000153,12296600.29,-207066.5317,-1.683933175,UT Sell,239566918.4,239666918.4
SOUTHBANK.NS,2025-05-30 00:00:00+05:30,2025-06-12 00:00:00+05:30,29.08509064,29.45013428,11846677.28,148686.2892,1.255088542,UT Sell,239715604.7,239815604.7
SBIN.NS,2025-05-30 00:00:00+05:30,2025-06-12 00:00:00+05:30,812.2999878,805.9500122,11846677.28,-92608.7808,-0.781727894,UT Sell,239622996,239722996
PFC.NS,2025-06-06 00:00:00+05:30,2025-06-12 00:00:00+05:30,401.2973633,398.7556458,13294465.94,-84203.83537,-0.633375088,UT Sell,239538792.1,239638792.1
UNIONBANK.NS,2025-05-09 00:00:00+05:30,2025-06-13 00:00:00+05:30,118.8731384,141.4483948,10955945.59,2080649.031,18.99104932,UT Sell,241619441.1,241719441.1
BESTAGRO.NS,2025-06-12 00:00:00+05:30,2025-06-16 00:00:00+05:30,19.83376884,18.97815514,12319898.06,-531471.0355,-4.313923971,Stop Loss,241087970.1,241187970.1
SIGACHI.NS,2025-05-27 00:00:00+05:30,2025-06-17 00:00:00+05:30,46.97266006,54.59524155,11785908.42,1912581.641,16.22769814,UT Sell,243000551.8,243100551.8
FMNL.NS,2025-06-10 00:00:00+05:30,2025-06-17 00:00:00+05:30,15.02000046,15.90999985,12225330.35,724403.2103,5.925428512,UT Sell,243724955,243824955
VIPULLTD.NS,2025-06-10 00:00:00+05:30,2025-06-17 00:00:00+05:30,11.31999969,11.56000042,12225330.35,259195.0728,2.120147803,UT Sell,243984150,244084150
ORIENTCEM.NS,2025-06-17 00:00:00+05:30,2025-06-18 00:00:00+05:30,302.559906,253.2061462,13044249.68,-2127786.109,-16.3120621,Stop Loss,241856363.9,241956363.9
ANMOL.NS,2025-06-16 00:00:00+05:30,2025-06-18 00:00:00+05:30,18.73999977,17.95999908,11788427.02,-490660.6875,-4.162223565,Stop Loss,241365703.2,241465703.2
DIL.NS,2025-05-23 00:00:00+05:30,2025-06-19 00:00:00+05:30,2.420000076,2.25999999,12392687.96,-819351.6836,-6.611573586,Stop Loss,240546351.6,240646351.6
NIITMTS.NS,2025-06-12 00:00:00+05:30,2025-06-20 00:00:00+05:30,353.9639893,331.9620667,12319898.06,-765788.1926,-6.215864685,Stop Loss,239780563.4,239880563.4
NAZARA.NS,2025-06-13 00:00:00+05:30,2025-06-20 00:00:00+05:30,331.9500122,318.6000061,13036594.62,-524291.6445,-4.021691704,Stop Loss,239256271.7,239356271.7
LORDSCHLO.NS,2025-06-17 00:00:00+05:30,2025-06-23 00:00:00+05:30,160.6399994,153.3899994,13044249.68,-588712.7151,-4.513197228,Stop Loss,238667559,238767559
FORCEMOT.NS,2025-06-12 00:00:00+05:30,2025-06-24 00:00:00+05:30,12817.70215,13687.78125,12319898.06,836287.6363,6.788105165,UT Sell,239503846.6,239603846.6
BHAGYANGR.NS,2025-06-20 00:00:00+05:30,2025-06-26 00:00:00+05:30,78.47000122,80.19000244,11879916.37,260398.5006,2.191922001,UT Sell,239764245.1,239864245.1
SKMEGGPROD.NS,2025-06-05 00:00:00+05:30,2025-06-27 00:00:00+05:30,109.7721863,120.7797699,12456502.61,1249095.957,10.02766183,UT Sell,241013341.1,241113341.1
INDIANCARD.NS,2025-06-20 00:00:00+05:30,2025-07-01 00:00:00+05:30,318.5,301.4500122,11879916.37,-635957.3913,-5.353214378,Stop Loss,240377383.7,240477383.7
MEGASTAR.NS,2025-06-18 00:00:00+05:30,2025-07-03 00:00:00+05:30,243.9499969,274.3500061,11107114.95,1384121.338,12.4615739,UT Sell,241761505,241861505
ASHOKA.NS,2025-06-24 00:00:00+05:30,2025-07-07 00:00:00+05:30,207.2299957,205.6699982,13156185.69,-99037.87089,-0.752785596,UT Sell,241662467.2,241762467.2
MANALIPETC.NS,2025-07-03 00:00:00+05:30,2025-07-07 00:00:00+05:30,73.31771851,68.53116608,12491236.29,-815491.2433,-6.52850706,Stop Loss,240846975.9,240946975.9
INDSWFTLAB.NS,2025-05-26 00:00:00+05:30,2025-07-10 00:00:00+05:30,75.83999634,105.6399994,13206160.95,5189130.48,39.29325487,UT Sell,246036106.4,246136106.4
CIGNITITEC.NS,2025-04-23 00:00:00+05:30,2025-07-10 00:00:00+05:30,1357.099976,1771.599976,11681096.31,3567765.46,30.54307033,UT Sell,249603871.9,249703871.9
TBZ.NS,2025-07-01 00:00:00+05:30,2025-07-11 00:00:00+05:30,189.6985779,187.2878265,11243958.98,-142891.8947,-1.270832586,UT Sell,249460980,249560980
LASA.NS,2025-06-27 00:00:00+05:30,2025-07-11 00:00:00+05:30,10.23999977,12.65999985,13705598.57,3239018.586,23.63281377,UT Sell,252699998.6,252799998.6
BPCL.NS,2025-06-26 00:00:00+05:30,2025-07-11 00:00:00+05:30,309.5058899,323.6788635,12140314.87,555932.4336,4.579225823,UT Sell,253255931,253355931
LINCOLN.NS,2025-06-05 00:00:00+05:30,2025-07-14 00:00:00+05:30,570.4063721,546.1348267,12456502.61,-530040.6581,-4.255132235,Stop Loss,252725890.3,252825890.3
NAHARPOLY.NS,2025-07-07 00:00:00+05:30,2025-07-14 00:00:00+05:30,359.2453003,343.9465942,12366446.44,-526633.5532,-4.258568182,Stop Loss,252199256.8,252299256.8
HYBRIDFIN.NS,2025-07-11 00:00:00+05:30,2025-07-14 00:00:00+05:30,16.79000092,16.45000076,13580643.85,-275010.1685,-2.025015688,UT Sell,251924246.6,252024246.6
COASTCORP.NS,2025-05-20 00:00:00+05:30,2025-07-15 00:00:00+05:30,38.52712631,36.79713058,12296600.29,-552158.1286,-4.4903316,Stop Loss,251372088.5,251472088.5
ANMOL.NS,2025-07-07 00:00:00+05:30,2025-07-15 00:00:00+05:30,18.15999985,17.38999939,12366446.44,-524348.5406,-4.240090662,Stop Loss,250847739.9,250947739.9
FIBERWEB.NS,2025-07-10 00:00:00+05:30,2025-07-15 00:00:00+05:30,51.34000015,48.49000168,16822076.6,-933831.1744,-5.551224125,Stop Loss,249913908.8,250013908.8
DBL.NS,2025-07-15 00:00:00+05:30,2025-07-18 00:00:00+05:30,497.5284424,485.7038879,13158261.83,-312727.0124,-2.376658988,UT Sell,249601181.8,249701181.8
UNIONBANK.NS,2025-07-14 00:00:00+05:30,2025-07-21 00:00:00+05:30,142.193161,137.9663391,12357302.84,-367332.1409,-2.972591557,UT Sell,249233849.6,249333849.6
MANALIPETC.NS,2025-07-18 00:00:00+05:30,2025-07-24 00:00:00+05:30,78.70011139,74.20154572,12845534.81,-734261.7559,-5.716085523,Stop Loss,248499587.9,248599587.9
ONGC.NS,2025-07-14 00:00:00+05:30,2025-07-25 00:00:00+05:30,231.6803741,227.9521484,12357302.84,-198855.0575,-1.609210846,UT Sell,248300732.8,248400732.8
BLBLIMITED.NS,2025-07-15 00:00:00+05:30,2025-07-25 00:00:00+05:30,14.92000008,14.35999966,13158261.83,-493876.1466,-3.753354,UT Sell,247806856.7,247906856.7
IIFL.NS,2025-05-07 00:00:00+05:30,2025-07-25 00:00:00+05:30,365.0985413,513.053772,11207301.54,4541729.693,40.52473894,UT Sell,252348586.4,252448586.4
MANAKSIA.NS,2025-06-06 00:00:00+05:30,2025-07-25 00:00:00+05:30,72.38999939,76.08000183,13294465.94,677671.1172,5.097392558,UT Sell,253026257.5,253126257.5
PFC.NS,2025-06-20 00:00:00+05:30,2025-07-28 00:00:00+05:30,394.2736206,390.5144958,11879916.37,-113266.7402,-0.95343045,UT Sell,252912990.7,253012990.7
KIRIINDUS.NS,2025-07-15 00:00:00+05:30,2025-07-28 00:00:00+05:30,571.3499756,547.7999878,13158261.83,-542359.182,-4.121814789,Stop Loss,252370631.5,252470631.5
TFCILTD.NS,2025-07-25 00:00:00+05:30,2025-07-28 00:00:00+05:30,57.71259308,54.96060562,13636000.44,-650223.8103,-4.768434947,Stop Loss,251720407.7,251820407.7
EUROBOND.NS,2025-06-18 00:00:00+05:30,2025-07-30 00:00:00+05:30,171.6499939,193.8500061,11107114.95,1436516.728,12.93330207,UT Sell,253156924.5,253256924.5
VEDL.NS,2025-07-21 00:00:00+05:30,2025-07-30 00:00:00+05:30,430.5335999,412.2725525,11989970.7,-508553.6248,-4.241491807,Stop Loss,252648370.8,252748370.8
CANBK.NS,2025-07-24 00:00:00+05:30,2025-07-30 00:00:00+05:30,113.5100021,108.1999969,12111273.06,-566566.1313,-4.678006421,Stop Loss,252081804.7,252181804.7
VGL.NS,2025-07-14 00:00:00+05:30,2025-07-31 00:00:00+05:30,78,79.06500244,12357302.84,168725.0986,1.365387745,UT Sell,252250529.8,252350529.8
ASHOKAMET.NS,2025-07-30 00:00:00+05:30,2025-07-31 00:00:00+05:30,18.57999992,17.51000023,11856585.23,-682806.3847,-5.758878898,Stop Loss,251567723.4,251667723.4
DCBBANK.NS,2025-07-30 00:00:00+05:30,2025-07-31 00:00:00+05:30,141.9400024,134.5700073,11856585.23,-615633.1811,-5.19233126,Stop Loss,250952090.2,251052090.2
PFIZER.NS,2025-07-25 00:00:00+05:30,2025-08-01 00:00:00+05:30,5371.5,5054.5,13636000.44,-804730.9204,-5.901517267,Stop Loss,250147359.3,250247359.3
DIGIDRIVE.NS,2025-07-31 00:00:00+05:30,2025-08-05 00:00:00+05:30,32.58000183,31.96999931,11646919.61,-218067.8295,-1.872321926,UT Sell,249929291.5,250029291.5
JMA.NS,2025-07-29 00:00:00+05:30,2025-08-05 00:00:00+05:30,92.48085785,87.50888062,12928065.96,-695041.6671,-5.37622309,Stop Loss,249234249.8,249334249.8
TMB.NS,2025-07-30 00:00:00+05:30,2025-08-05 00:00:00+05:30,448.9425354,430.75,11856585.23,-480465.3814,-4.05230825,Stop Loss,248753784.4,248853784.4
ORIENTCEM.NS,2025-07-11 00:00:00+05:30,2025-08-06 00:00:00+05:30,240.4111176,238.75,13580643.85,-93835.28565,-0.690948726,UT Sell,248659949.2,248759949.2
AADHARHFC.NS,2025-07-28 00:00:00+05:30,2025-08-06 00:00:00+05:30,516.5499878,495.5499878,12928065.96,-525582.0182,-4.065434226,Stop Loss,248134367.1,248234367.1
VCL.NS,2025-05-23 00:00:00+05:30,2025-08-06 00:00:00+05:30,0.839999974,1.230000019,12392687.96,5753748.828,46.42857827,UT Sell,253888116,253988116
BHAGYANGR.NS,2025-07-10 00:00:00+05:30,2025-08-06 00:00:00+05:30,85.48000336,88.94000244,16822076.6,680912.1121,4.047729233,UT Sell,254569028.1,254669028.1
SUPREMEINF.NS,2025-06-23 00:00:00+05:30,2025-08-07 00:00:00+05:30,101.9700012,109.4400024,12455536.97,912453.42,7.325685134,UT Sell,255481481.5,255581481.5
TBZ.NS,2025-08-01 00:00:00+05:30,2025-08-07 00:00:00+05:30,189.2342072,192.9886627,12831269.52,254575.7027,1.984025839,UT Sell,255736057.2,255836057.2
HEADSUP.NS,2025-08-05 00:00:00+05:30,2025-08-07 00:00:00+05:30,10.75,10.10999966,11679331.97,-695328.0439,-5.953491566,Stop Loss,255040729.2,255140729.2
KIRIINDUS.NS,2025-08-05 00:00:00+05:30,2025-08-08 00:00:00+05:30,565.4000244,556.0499878,11679331.97,-193141.4519,-1.653702904,UT Sell,254847587.7,254947587.7
CHAMBLFERT.NS,2025-08-05 00:00:00+05:30,2025-08-08 00:00:00+05:30,561.447937,524.8919678,11679331.97,-760443.2613,-6.511016753,Stop Loss,254087144.4,254187144.4
MURUDCERA.NS,2025-08-06 00:00:00+05:30,2025-08-08 00:00:00+05:30,45.18616104,42.44790649,15384679.5,-932302.4489,-6.059940663,Stop Loss,253154842,253254842
NAHARINDUS.NS,2025-05-08 00:00:00+05:30,2025-08-11 00:00:00+05:30,110.4300003,113.5100021,10983384.33,306337.4424,2.789098816,UT Sell,253461179.4,253561179.4
NAVNETEDUL.NS,2025-05-09 00:00:00+05:30,2025-08-11 00:00:00+05:30,141.3036194,133.7978973,10955945.59,-581954.5368,-5.311769138,Stop Loss,252879224.9,252979224.9
MFML.NS,2025-08-06 00:00:00+05:30,2025-08-11 00:00:00+05:30,29.64999962,29.89999962,15384679.5,129719.0531,0.843170331,UT Sell,253008944,253108944
KMSUGAR.NS,2025-08-08 00:00:00+05:30,2025-08-13 00:00:00+05:30,28.35000038,28.52000046,12285818.76,73671.60841,0.599647527,UT Sell,253082615.6,253182615.6
LASA.NS,2025-08-07 00:00:00+05:30,2025-08-14 00:00:00+05:30,10.30000019,9.75,12479279.85,-666369.5309,-5.339807578,Stop Loss,252416246,252516246
LIBAS.NS,2025-08-13 00:00:00+05:30,2025-08-14 00:00:00+05:30,12.78999996,12.18999958,12359490.37,-579804.4533,-4.691167969,Stop Loss,251836441.6,251936441.6
ORICONENT.NS,2025-07-28 00:00:00+05:30,2025-08-14 00:00:00+05:30,46.59153366,50.9018898,12928065.96,1196023.485,9.251372087,UT Sell,253032465.1,253132465.1
SKMEGGPROD.NS,2025-07-31 00:00:00+05:30,2025-08-14 00:00:00+05:30,148.2116241,169.3704834,11646919.61,1662727.429,14.27611321,UT Sell,254695192.5,254795192.5
ANMOL.NS,2025-08-11 00:00:00+05:30,2025-08-18 00:00:00+05:30,16.28000069,15.53999996,12392703.79,-563305.2459,-4.545458806,Stop Loss,254131887.2,254231887.2
VIPULLTD.NS,2025-07-31 00:00:00+05:30,2025-08-18 00:00:00+05:30,9.81000042,9.789999962,11646919.61,-23745.53657,-0.203878256,UT Sell,254108141.7,254208141.7
SAHYADRI.NS,2025-08-07 00:00:00+05:30,2025-08-18 00:00:00+05:30,295.2972717,283.2999878,12479279.85,-507005.9156,-4.062781842,Stop Loss,253601135.8,253701135.8
BAFNAPH.NS,2025-06-17 00:00:00+05:30,2025-08-19 00:00:00+05:30,75.98000336,109.1399994,13044249.68,5692909.3,43.64305681,UT Sell,259294045.1,259394045.1
MWL.NS,2025-08-06 00:00:00+05:30,2025-08-19 00:00:00+05:30,186.5,185,15384679.5,-123737.3686,-0.804289544,UT Sell,259170307.7,259270307.7
NITCO.NS,2025-08-11 00:00:00+05:30,2025-08-19 00:00:00+05:30,130.4400024,125.1399994,12392703.79,-503537.0032,-4.06317307,Stop Loss,258666770.7,258766770.7
UMAEXPORTS.NS,2025-08-14 00:00:00+05:30,2025-08-22 00:00:00+05:30,50.88999939,55.54999924,12756583.18,1168120.974,9.157005116,UT Sell,259834891.7,259934891.7
CENTRALBK.NS,2025-08-18 00:00:00+05:30,2025-08-22 00:00:00+05:30,36.25645828,35.44504166,11808282.18,-264268.4074,-2.237991973,UT Sell,259570623.3,259670623.3
DBL.NS,2025-07-29 00:00:00+05:30,2025-08-22 00:00:00+05:30,473.0810852,467.9920349,12928065.96,-139070.4044,-1.075724744,UT Sell,259431552.9,259531552.9
EASEMYTRIP.NS,2025-08-14 00:00:00+05:30,2025-08-25 00:00:00+05:30,9.18999958,8.81000042,12756583.18,-527474.5509,-4.134920328,Stop Loss,258904078.3,259004078.3
INTLCONV.NS,2025-08-14 00:00:00+05:30,2025-08-25 00:00:00+05:30,87.87573242,86.00054932,12756583.18,-272213.1423,-2.133903245,UT Sell,258631865.2,258731865.2
INDIANHUME.NS,2025-08-19 00:00:00+05:30,2025-08-25 00:00:00+05:30,392.8500061,369.8500061,15295755.97,-895513.2539,-5.854651812,Stop Loss,257736351.9,257836351.9
SHAHALLOYS.NS,2025-08-25 00:00:00+05:30,2025-08-26 00:00:00+05:30,58.72000122,56.11000061,13037907.13,-579512.0035,-4.444823835,Stop Loss,257156839.9,257256839.9
INDUSINDBK.NS,2025-08-18 00:00:00+05:30,2025-08-26 00:00:00+05:30,788.6500244,756.4000244,11808282.18,-482872.1088,-4.089266341,Stop Loss,256673967.8,256773967.8
RAMAPHO.NS,2025-08-22 00:00:00+05:30,2025-08-26 00:00:00+05:30,144.7978973,144.7281189,12752571.16,-6145.493604,-0.048190232,UT Sell,256667822.3,256767822.3
INDIANB.NS,2025-08-11 00:00:00+05:30,2025-08-26 00:00:00+05:30,674,655.9000244,12392703.79,-332800.6471,-2.685456318,UT Sell,256335021.7,256435021.7
EIDPARRY.NS,2025-05-06 00:00:00+05:30,2025-08-26 00:00:00+05:30,843.1500244,1131.199951,11207301.54,3828811.357,34.16354367,UT Sell,260163833,260263833
UNIONBANK.NS,2025-08-06 00:00:00+05:30,2025-08-26 00:00:00+05:30,131.0200043,129.6699982,15384679.5,-158520.917,-1.030381667,UT Sell,260005312.1,260105312.1
AFIL.NS,2025-08-22 00:00:00+05:30,2025-08-28 00:00:00+05:30,7.199999809,6.909999847,12752571.16,-513645.1733,-4.027777355,Stop Loss,259491667,259591667
STCINDIA.NS,2025-08-19 00:00:00+05:30,2025-08-29 00:00:00+05:30,122.7300034,116.4000015,15295755.97,-788903.7777,-5.157664514,Stop Loss,258702763.2,258802763.2
VIPULLTD.NS,2025-08-25 00:00:00+05:30,2025-08-29 00:00:00+05:30,10.17000008,9.68999958,13037907.13,-615359.0795,-4.719768853,Stop Loss,258087404.1,258187404.1
NRAIL.NS,2025-08-26 00:00:00+05:30,2025-08-29 00:00:00+05:30,406.4389343,405.3942566,13142067.58,-33779.30662,-0.257031905,UT Sell,258053624.8,258153624.8
KARURVYSYA.NS,2025-08-18 00:00:00+05:30,2025-09-01 00:00:00+05:30,219.9583282,209.1000061,11808282.18,-582920.1055,-4.936536038,Stop Loss,257470704.7,257570704.7
INDIASHLTR.NS,2025-08-28 00:00:00+05:30,2025-09-01 00:00:00+05:30,952.0999756,904.8499756,12916282.18,-640998.1607,-4.962714128,Stop Loss,256829706.5,256929706.5
LAGNAM.NS,2025-08-29 00:00:00+05:30,2025-09-02 00:00:00+05:30,88.87999725,85.76000214,13345896.17,-468487.0857,-3.51034565,UT Sell,256361219.4,256461219.4
INDIANHUME.NS,2025-09-02 00:00:00+05:30,2025-09-05 00:00:00+05:30,388.3500061,383.25,12877409.08,-169112.5631,-1.313249909,UT Sell,256192106.9,256292106.9
KIRIINDUS.NS,2025-08-22 00:00:00+05:30,2025-09-08 00:00:00+05:30,540.2000122,518.4500122,12752571.16,-513455.0471,-4.02628647,Stop Loss,255678651.8,255778651.8
RELINFRA.NS,2025-08-19 00:00:00+05:30,2025-09-10 00:00:00+05:30,274.8999939,261.5499878,15295755.97,-742809.8948,-4.856313714,Stop Loss,254935841.9,255035841.9
AUSOMENT.NS,2025-08-08 00:00:00+05:30,2025-09-11 00:00:00+05:30,105.9443054,101.0021515,12285818.76,-573116.292,-4.664860382,Stop Loss,254362725.6,254462725.6
NGIL.NS,2025-09-08 00:00:00+05:30,2025-09-11 00:00:00+05:30,36.06000137,34.33000183,12239116.11,-587178.7151,-4.797558171,Stop Loss,253775546.9,253875546.9
ASHIANA.NS,2025-08-26 00:00:00+05:30,2025-09-15 00:00:00+05:30,320.4264526,307.0319519,13142067.58,-549366.1101,-4.180210661,Stop Loss,253226180.8,253326180.8
UGROCAP.NS,2025-08-14 00:00:00+05:30,2025-09-15 00:00:00+05:30,171.4900055,171.3200073,12756583.18,-12645.61031,-0.099130074,UT Sell,253213535.2,253313535.2
MAGNUM.NS,2025-08-25 00:00:00+05:30,2025-09-16 00:00:00+05:30,25.10000038,27.26000023,13037907.13,1121987.13,8.605576951,UT Sell,254335522.3,254435522.3
SUPREMEINF.NS,2025-09-16 00:00:00+05:30,2025-09-18 00:00:00+05:30,108.7799988,103.3899994,14159894.26,-701616.3105,-4.954954449,Stop Loss,253633906,253733906
BCG.NS,2025-09-10 00:00:00+05:30,2025-09-19 00:00:00+05:30,15.72000027,14.89999962,14552946.07,-759123.7287,-5.216289024,Stop Loss,252874782.3,252974782.3
FIBERWEB.NS,2025-09-15 00:00:00+05:30,2025-09-19 00:00:00+05:30,48.33000183,46.09000015,12668319.52,-587151.9949,-4.634805697,Stop Loss,252287630.3,252387630.3
ASHOKAMET.NS,2025-09-18 00:00:00+05:30,2025-09-19 00:00:00+05:30,19.07999992,18.07999992,13458277.95,-705360.4821,-5.241090168,Stop Loss,251582269.8,251682269.8
NIBL.NS,2025-08-07 00:00:00+05:30,2025-09-22 00:00:00+05:30,23.04999924,30.14999962,12479279.85,3843943.366,30.80260571,UT Sell,255426213.2,255526213.2
UNITEDTEA.NS,2025-07-11 00:00:00+05:30,2025-09-23 00:00:00+05:30,458.4302979,473.7495728,13580643.85,453821.6987,3.341680289,UT Sell,255880034.9,255980034.9
CHOLAHLDNG.NS,2025-09-11 00:00:00+05:30,2025-09-23 00:00:00+05:30,1881.099976,1922.400024,11682319.93,256488.4323,2.19552652,UT Sell,256136523.3,256236523.3
PATINTLOG.NS,2025-09-23 00:00:00+05:30,2025-09-24 00:00:00+05:30,15.89999962,15.06000042,12986636.96,-686085.8429,-5.283013956,Stop Loss,255450437.5,255550437.5
SPAL.NS,2025-08-28 00:00:00+05:30,2025-09-25 00:00:00+05:30,736.25,703.3499756,12916282.18,-577176.2298,-4.468594148,Stop Loss,254873261.2,254973261.2
ASHOKA.NS,2025-09-01 00:00:00+05:30,2025-09-25 00:00:00+05:30,184.3300018,189.3000031,11750323.05,316818.3113,2.696251924,UT Sell,255190079.6,255290079.6
SIGACHI.NS,2025-09-01 00:00:00+05:30,2025-09-25 00:00:00+05:30,32.13655853,38.99000168,11750323.05,2505874.14,21.32600209,UT Sell,257695953.7,257795953.7
BCG.NS,2025-09-25 00:00:00+05:30,2025-09-26 00:00:00+05:30,14.93000031,14.22000027,12887481.5,-612867.5265,-4.755525945,Stop Loss,257083086.2,257183086.2
INDUSINDBK.NS,2025-09-23 00:00:00+05:30,2025-09-26 00:00:00+05:30,755.25,712.75,12986636.96,-730793.8705,-5.627275737,Stop Loss,256352292.3,256452292.3
PARADEEP.NS,2025-09-19 00:00:00+05:30,2025-09-26 00:00:00+05:30,179.6699982,182.4499969,12875969.11,199227.3545,1.547280463,UT Sell,256551519.6,256651519.6
INDIANCARD.NS,2025-09-05 00:00:00+05:30,2025-09-26 00:00:00+05:30,276.0499878,261.6499939,12708296.52,-662921.2115,-5.216444316,Stop Loss,255888598.4,255988598.4
MAYURUNIQ.NS,2025-05-09 00:00:00+05:30,2025-09-26 00:00:00+05:30,527.4118042,509.5,10955945.59,-372082.5941,-3.396170517,UT Sell,255516515.8,255616515.8
LICI.NS,2025-09-15 00:00:00+05:30,2025-09-26 00:00:00+05:30,883.7000122,872.4500122,12668319.52,-161274.8587,-1.27305645,UT Sell,255355241,255455241
SANGAMIND.NS,2025-08-28 00:00:00+05:30,2025-10-01 00:00:00+05:30,370.7446594,420.8500061,12916282.18,1745607.874,13.51478583,UT Sell,257100848.9,257200848.9
CHOLAHLDNG.NS,2025-09-29 00:00:00+05:30,2025-10-03 00:00:00+05:30,1937.300049,1841.199951,12232774,-606808.83,-4.960516969,Stop Loss,256494040,256594040
BLBLIMITED.NS,2025-07-29 00:00:00+05:30,2025-10-06 00:00:00+05:30,15.48999977,15.88000011,12928065.96,325497.1101,2.517755643,UT Sell,256819537.1,256919537.1
NEXTMEDIA.NS,2025-10-01 00:00:00+05:30,2025-10-06 00:00:00+05:30,6.920000076,6.610000134,14661890.06,-656818.6457,-4.47976791,Stop Loss,256162718.5,256262718.5
ADVENZYMES.NS,2025-08-28 00:00:00+05:30,2025-10-08 00:00:00+05:30,324.1499939,310.1499939,12916282.18,-557852.7039,-4.318988204,Stop Loss,255604865.8,255704865.8
LICI.NS,2025-09-29 00:00:00+05:30,2025-10-08 00:00:00+05:30,895.0499878,893.7999878,12232774,-17083.92571,-0.139657004,UT Sell,255587781.9,255687781.9
SCI.NS,2025-10-03 00:00:00+05:30,2025-10-08 00:00:00+05:30,222.9913635,212.2422028,11625965.17,-560422.4608,-4.820438154,Stop Loss,255027359.4,255127359.4
HEADSUP.NS,2025-10-08 00:00:00+05:30,2025-10-09 00:00:00+05:30,11.72000027,10.64000034,11879887.42,-1094733.551,-9.215016204,Stop Loss,253932625.9,254032625.9
ASHOKA.NS,2025-10-09 00:00:00+05:30,2025-10-13 00:00:00+05:30,191.5399933,189.8099976,10785153.87,-97411.87621,-0.903203398,UT Sell,253835214,253935214
DIL.NS,2025-09-22 00:00:00+05:30,2025-10-13 00:00:00+05:30,2.109999895,2,16323223.21,-850972.9527,-5.21326543,Stop Loss,252984241,253084241
JINDRILL.NS,2025-09-26 00:00:00+05:30,2025-10-13 00:00:00+05:30,606.0499878,580.75,12232774,-510665.8512,-4.174571125,Stop Loss,252473575.2,252573575.2
BCG.NS,2025-10-08 00:00:00+05:30,2025-10-13 00:00:00+05:30,14.75,14.02000046,11879887.42,-587953.3816,-4.949149439,Stop Loss,251885621.8,251985621.8
KARURVYSYA.NS,2025-09-29 00:00:00+05:30,2025-10-14 00:00:00+05:30,213.8800049,221.1799927,12232774,417519.6317,3.413123072,UT Sell,252303141.4,252403141.4
UYFINCORP.NS,2025-09-19 00:00:00+05:30,2025-10-14 00:00:00+05:30,13.67000008,14.46000004,12875969.11,744112.2933,5.779077962,UT Sell,253047253.7,253147253.7
GANDHITUBE.NS,2025-09-26 00:00:00+05:30,2025-10-15 00:00:00+05:30,927.6500244,882.25,12232774,-598682.9339,-4.894089713,Stop Loss,252448570.8,252548570.8
DHANBANK.NS,2025-10-06 00:00:00+05:30,2025-10-15 00:00:00+05:30,26.30999947,25.18000031,13629317.24,-585371.2411,-4.294941785,Stop Loss,251863199.5,251963199.5
MANAKSIA.NS,2025-10-13 00:00:00+05:30,2025-10-15 00:00:00+05:30,67.77999878,66.55000305,12293508.61,-223088.866,-1.814688329,UT Sell,251640110.7,251740110.7
JMA.NS,2025-10-14 00:00:00+05:30,2025-10-17 00:00:00+05:30,93.48999786,89.52999878,13135187.52,-556373.2135,-4.235746256,Stop Loss,251083737.5,251183737.5
SRGHFL.NS,2025-10-13 00:00:00+05:30,2025-10-20 00:00:00+05:30,309.8999939,294.8500061,12293508.61,-597022.1302,-4.856401449,Stop Loss,250486715.3,250586715.3
BPCL.NS,2025-08-08 00:00:00+05:30,2025-10-23 00:00:00+05:30,304.3531799,315.6431274,12285818.76,455741.0865,3.709488927,UT Sell,250942456.4,251042456.4
JPOLYINVST.NS,2025-08-29 00:00:00+05:30,2025-10-23 00:00:00+05:30,865.5999756,1002.349976,13345896.17,2108423.467,15.79829065,UT Sell,253050879.9,253150879.9
IOC.NS,2025-09-11 00:00:00+05:30,2025-10-23 00:00:00+05:30,137.9116516,143.8428192,11682319.93,502421.6351,4.300700871,UT Sell,253553301.5,253653301.5
FIBERWEB.NS,2025-10-23 00:00:00+05:30,2025-10-28 00:00:00+05:30,43.66999817,43.63000107,13460207.02,-12328.1264,-0.091589426,UT Sell,253540973.4,253640973.4
CENTRALBK.NS,2025-10-15 00:00:00+05:30,2025-10-30 00:00:00+05:30,37.60222244,39.08871078,12249485.6,484245.7803,3.953192779,UT Sell,254025219.2,254125219.2
LIBAS.NS,2025-10-15 00:00:00+05:30,2025-10-30 00:00:00+05:30,12.27999973,11.72000027,12249485.6,-558607.9434,-4.560256336,Stop Loss,253466611.2,253566611.2
AVANTIFEED.NS,2025-10-13 00:00:00+05:30,2025-10-31 00:00:00+05:30,666.8499756,697.4000244,12293508.61,563196.0742,4.581247649,UT Sell,254029807.3,254129807.3
VEDL.NS,2025-09-25 00:00:00+05:30,2025-10-31 00:00:00+05:30,454.0667114,485.442688,12887481.5,890524.0296,6.909992689,UT Sell,254920331.3,255020331.3
NAHARPOLY.NS,2025-08-29 00:00:00+05:30,2025-10-31 00:00:00+05:30,292.519043,285.0499878,13345896.17,-340768.3611,-2.553356903,UT Sell,254579563,254679563
DBL.NS,2025-10-30 00:00:00+05:30,2025-11-06 00:00:00+05:30,495.6000061,476.4500122,12212304.52,-471883.6847,-3.864001949,UT Sell,254107679.3,254207679.3
BCG.NS,2025-10-28 00:00:00+05:30,2025-11-06 00:00:00+05:30,13.61999989,12.72000027,13447878.89,-888625.9892,-6.60792677,Stop Loss,253219053.3,253319053.3
IIFL.NS,2025-09-29 00:00:00+05:30,2025-11-06 00:00:00+05:30,435.5770569,516.9251709,12232774,2284585.651,18.67594097,UT Sell,255503638.9,255603638.9
BCLIND.NS,2025-10-23 00:00:00+05:30,2025-11-06 00:00:00+05:30,40.27000046,38.93000031,13460207.02,-447893.6988,-3.327539452,UT Sell,255055745.3,255155745.3
FLAIR.NS,2025-11-06 00:00:00+05:30,2025-11-07 00:00:00+05:30,329.4679871,312.8448486,12957336.68,-653755.7811,-5.045448748,Stop Loss,254401989.5,254501989.5
TNPETRO.NS,2025-09-19 00:00:00+05:30,2025-11-11 00:00:00+05:30,105.0500031,107.9599991,12875969.11,356677.9433,2.770105615,UT Sell,254758667.4,254858667.4
PRAXIS.NS,2025-10-06 00:00:00+05:30,2025-11-13 00:00:00+05:30,11.89999962,11.30000019,13629317.24,-687191.8325,-5.04201216,Stop Loss,254071475.6,254171475.6
NAGREEKCAP.NS,2025-10-31 00:00:00+05:30,2025-11-17 00:00:00+05:30,31.25,29.73999977,13213279.34,-638465.7546,-4.832000732,Stop Loss,253433009.8,253533009.8
REPRO.NS,2025-10-31 00:00:00+05:30,2025-11-17 00:00:00+05:30,559.8499756,537.8499756,13213279.34,-519232.2197,-3.929624178,UT Sell,252913777.6,253013777.6
NILKAMAL.NS,2025-11-06 00:00:00+05:30,2025-11-17 00:00:00+05:30,1546.300049,1482.900024,12957336.68,-531265.2368,-4.100111389,Stop Loss,252382512.4,252482512.4
CHENNPETRO.NS,2025-10-30 00:00:00+05:30,2025-11-19 00:00:00+05:30,878.0441895,1052.065552,12212304.52,2420381.451,19.81920322,UT Sell,254802893.8,254902893.8
SPIC.NS,2025-11-17 00:00:00+05:30,2025-11-20 00:00:00+05:30,92.26999664,88.05999756,12564977.38,-573301.6712,-4.562695608,Stop Loss,254229592.1,254329592.1
GARUDA.NS,2025-10-31 00:00:00+05:30,2025-11-20 00:00:00+05:30,216.6399994,217.6799927,13213279.34,63431.13849,0.480055986,UT Sell,254293023.3,254393023.3
NAZARA.NS,2025-11-13 00:00:00+05:30,2025-11-20 00:00:00+05:30,272.8500061,263.6499939,12942125.41,-436385.2265,-3.371820415,UT Sell,253856638.1,253956638.1
TMB.NS,2025-10-17 00:00:00+05:30,2025-11-20 00:00:00+05:30,438.8500061,493.7999878,12578814.3,1575038.41,12.52135831,UT Sell,255431676.5,255531676.5
MANAKSIA.NS,2025-10-20 00:00:00+05:30,2025-11-20 00:00:00+05:30,67.5,64.16999817,11696486.48,-577026.9836,-4.933336046,Stop Loss,254854649.5,254954649.5
INDIANB.NS,2025-09-24 00:00:00+05:30,2025-11-21 00:00:00+05:30,708.2000122,851.7999878,12300551.11,2494152.512,20.27675418,UT Sell,257348802,257448802
ORICONENT.NS,2025-08-26 00:00:00+05:30,2025-11-24 00:00:00+05:30,53.7358284,56.65000153,13142067.58,712713.6831,5.423147299,UT Sell,258061515.7,258161515.7
HMAAGRO.NS,2025-11-17 00:00:00+05:30,2025-11-24 00:00:00+05:30,31.98999977,30.62000084,12564977.38,-538105.8367,-4.282585001,Stop Loss,257523409.8,257623409.8
KIRIINDUS.NS,2025-11-19 00:00:00+05:30,2025-11-24 00:00:00+05:30,547,523.9000244,14632685.97,-617942.7582,-4.223030272,Stop Loss,256905467.1,257005467.1
ARIES.NS,2025-11-20 00:00:00+05:30,2025-11-24 00:00:00+05:30,369.3999939,344.8500061,12609487.72,-838015.091,-6.645909095,Stop Loss,256067452,256167452
RAMCOIND.NS,2025-11-20 00:00:00+05:30,2025-11-24 00:00:00+05:30,324.6000061,317.3999939,12609487.72,-279693.3573,-2.218118322,UT Sell,255787758.6,255887758.6
LAGNAM.NS,2025-11-20 00:00:00+05:30,2025-11-25 00:00:00+05:30,80.83000183,76.41000366,12609487.72,-689520.1207,-5.468264343,Stop Loss,255098238.5,255198238.5
BCG.NS,2025-11-11 00:00:00+05:30,2025-11-27 00:00:00+05:30,13.43000031,12.81000042,13232647.05,-610889.0151,-4.616529199,Stop Loss,254487349.5,254587349.5
AVANTIFEED.NS,2025-11-06 00:00:00+05:30,2025-11-27 00:00:00+05:30,715.5999756,801.4000244,12957336.68,1553577.638,11.98994575,UT Sell,256040927.1,256140927.1
WAAREEENER.NS,2025-11-24 00:00:00+05:30,2025-11-27 00:00:00+05:30,3257.399902,3217.100098,12799532.6,-158352.8825,-1.237177071,UT Sell,255882574.3,255982574.3
LICI.NS,2025-10-23 00:00:00+05:30,2025-12-01 00:00:00+05:30,899.9500122,882.0999756,13460207.02,-266976.1486,-1.983447567,UT Sell,255615598.1,255715598.1
ASHOKA.NS,2025-11-27 00:00:00+05:30,2025-12-01 00:00:00+05:30,183.9700012,173.4199982,13257950.69,-760294.7183,-5.734632267,Stop Loss,254855303.4,254955303.4
MAHSEAMLES.NS,2025-11-25 00:00:00+05:30,2025-12-02 00:00:00+05:30,585,572.9000244,11919967.6,-246549.2596,-2.068371895,UT Sell,254608754.1,254708754.1
GESHIP.NS,2025-11-07 00:00:00+05:30,2025-12-02 00:00:00+05:30,1070.549927,1089.05481,12303580.9,212672.307,1.728539917,UT Sell,254821426.4,254921426.4
KOHINOOR.NS,2025-11-27 00:00:00+05:30,2025-12-03 00:00:00+05:30,29.57999992,27.72999954,13257950.69,-829182.3495,-6.254227134,Stop Loss,253992244.1,254092244.1
CENTRALBK.NS,2025-11-17 00:00:00+05:30,2025-12-03 00:00:00+05:30,38.64112854,37.07957077,12564977.38,-507773.4218,-4.041180547,Stop Loss,253484470.7,253584470.7
MAHABANK.NS,2025-10-15 00:00:00+05:30,2025-12-03 00:00:00+05:30,58.41187668,55.79171371,12249485.6,-549471.2775,-4.485668177,Stop Loss,252934999.4,253034999.4
APCOTEXIND.NS,2025-11-06 00:00:00+05:30,2025-12-03 00:00:00+05:30,389.9248962,388.9813538,12957336.68,-31354.23695,-0.241980568,UT Sell,252903645.2,253003645.2
RELINFRA.NS,2025-11-27 00:00:00+05:30,2025-12-04 00:00:00+05:30,165.8500061,158.8800049,13257950.69,-557177.7455,-4.202593286,Stop Loss,252346467.4,252446467.4
OMAXAUTO.NS,2025-12-02 00:00:00+05:30,2025-12-04 00:00:00+05:30,91.68000031,87.73000336,12094835.77,-521101.2677,-4.30846088,Stop Loss,251825366.1,251925366.1
RBZJEWEL.NS,2025-10-08 00:00:00+05:30,2025-12-05 00:00:00+05:30,140.5099945,134.2799988,11879887.42,-526735.825,-4.433845257,Stop Loss,251298630.3,251398630.3
SUPREMEINF.NS,2025-11-21 00:00:00+05:30,2025-12-05 00:00:00+05:30,87.55999756,82.37000275,14794703.63,-876935.0983,-5.927358333,Stop Loss,250421695.2,250521695.2
NIITMTS.NS,2025-11-24 00:00:00+05:30,2025-12-05 00:00:00+05:30,379.0499878,368.2000122,12799532.6,-366375.4669,-2.862412857,UT Sell,250055319.8,250155319.8
EASEMYTRIP.NS,2025-12-02 00:00:00+05:30,2025-12-05 00:00:00+05:30,8.539999962,7.699999809,12094835.77,-1189656.199,-9.836067404,Stop Loss,248865663.6,248965663.6
REPRO.NS,2025-12-03 00:00:00+05:30,2025-12-05 00:00:00+05:30,479.7999878,451.9500122,12277992.27,-712675.6848,-5.804496935,Stop Loss,248152987.9,248252987.9
KHAICHEM.NS,2025-12-05 00:00:00+05:30,2025-12-08 00:00:00+05:30,85.83000183,80.83000183,12034914.68,-701090.203,-5.825468826,Stop Loss,247451897.7,247551897.7
CLSEL.NS,2025-12-04 00:00:00+05:30,2025-12-08 00:00:00+05:30,267,255.1499939,12137253.72,-538676.145,-4.438204533,Stop Loss,246913221.5,247013221.5
BAJAJCON.NS,2025-12-03 00:00:00+05:30,2025-12-08 00:00:00+05:30,273.5499878,257.8500061,12277992.27,-704676.5212,-5.739346514,Stop Loss,246208545,246308545
GULPOLY.NS,2025-12-03 00:00:00+05:30,2025-12-08 00:00:00+05:30,139.4400024,134.3000031,12277992.27,-452588.0067,-3.686172762,UT Sell,245755957,245855957
SAMMAANCAP.NS,2025-12-03 00:00:00+05:30,2025-12-08 00:00:00+05:30,153.4700012,141.4299927,12277992.27,-963231.45,-7.845186974,Stop Loss,244792725.5,244892725.5
TMB.NS,2025-12-01 00:00:00+05:30,2025-12-08 00:00:00+05:30,535.2000122,513,12845443.42,-532826.9698,-4.147984249,Stop Loss,244259898.6,244359898.6
PREMIERPOL.NS,2025-11-20 00:00:00+05:30,2025-12-08 00:00:00+05:30,44.52999878,41.54000092,12609487.72,-846672.858,-6.714569831,Stop Loss,243413225.7,243513225.7
SCI.NS,2025-10-13 00:00:00+05:30,2025-12-08 00:00:00+05:30,224.5032654,220.8174896,12293508.61,-201828.3161,-1.641747059,UT Sell,243211397.4,243311397.4
KARURVYSYA.NS,2025-12-01 00:00:00+05:30,2025-12-08 00:00:00+05:30,253.8300018,242.3000031,12845443.42,-583492.6758,-4.542409761,Stop Loss,242627904.7,242727904.7
TECHM.NS,2025-11-24 00:00:00+05:30,2025-12-09 00:00:00+05:30,1494.699951,1561.599976,12799532.6,572883.5696,4.475816324,UT Sell,243200788.3,243300788.3
MAGNUM.NS,2025-12-04 00:00:00+05:30,2025-12-10 00:00:00+05:30,24.77000046,23.36000061,12137253.72,-690897.2782,-5.692369081,Stop Loss,242509891,242609891
PAR.NS,2025-12-05 00:00:00+05:30,2025-12-10 00:00:00+05:30,96.83999634,92.61000061,12034914.68,-525688.1414,-4.368025493,Stop Loss,241984202.9,242084202.9
GANESHCP.NS,2025-12-08 00:00:00+05:30,2025-12-10 00:00:00+05:30,247.1999969,235.8500061,11786105.03,-541149.6189,-4.591420301,Stop Loss,241443053.3,241543053.3
NIRAJISPAT.NS,2025-12-09 00:00:00+05:30,2025-12-15 00:00:00+05:30,217.6199951,217,12012720.9,-34224.00731,-0.284898048,UT Sell,241408829.2,241508829.2
DBL.NS,2025-11-24 00:00:00+05:30,2025-12-16 00:00:00+05:30,442.7999878,440.3999939,12799532.6,-69373.98593,-0.542004057,UT Sell,241339455.3,241439455.3
EKC.NS,2025-12-09 00:00:00+05:30,2025-12-16 00:00:00+05:30,117.7799988,115.2699966,12012720.9,-256002.3386,-2.131093702,UT Sell,241083452.9,241183452.9
JMA.NS,2025-12-10 00:00:00+05:30,2025-12-17 00:00:00+05:30,82.25,79.16999817,11400179.46,-426900.5912,-3.744683077,UT Sell,240656552.3,240756552.3
AADHARHFC.NS,2025-12-08 00:00:00+05:30,2025-12-17 00:00:00+05:30,485.6499939,477.3999939,11786105.03,-200216.9622,-1.698754268,UT Sell,240456335.4,240556335.4
NAZARA.NS,2025-12-16 00:00:00+05:30,2025-12-18 00:00:00+05:30,245.3999939,232.9499969,12243438.59,-621152.31,-5.073348516,Stop Loss,239835183.1,239935183.1
DRCSYSTEMS.NS,2025-12-09 00:00:00+05:30,2025-12-18 00:00:00+05:30,17.80999947,16.98999977,12012720.9,-553084.0971,-4.604153394,Stop Loss,239282099,239382099
MAHESHWARI.NS,2025-12-10 00:00:00+05:30,2025-12-18 00:00:00+05:30,48.93000031,46.81999969,11400179.46,-491608.1234,-4.312284074,Stop Loss,238790490.8,238890490.8
SHRADHA.NS,2025-12-18 00:00:00+05:30,2025-12-19 00:00:00+05:30,41.61999893,39.54000092,11330164.81,-566235.4861,-4.997592671,Stop Loss,238224255.4,238324255.4
SBIN.NS,2025-12-05 00:00:00+05:30,2025-12-22 00:00:00+05:30,971.5,974.2999878,12034914.68,34686.17005,0.288212845,UT Sell,238258941.5,238358941.5
NCLIND.NS,2025-12-09 00:00:00+05:30,2025-12-22 00:00:00+05:30,200.4490356,194.2789307,12012720.9,-369768.5491,-3.078141514,UT Sell,237889173,237989173
SRM.NS,2025-12-09 00:00:00+05:30,2025-12-23 00:00:00+05:30,532.25,522.7000122,12012720.9,-215540.325,-1.794267317,UT Sell,237673632.6,237773632.6
GABRIEL.NS,2025-12-18 00:00:00+05:30,2025-12-26 00:00:00+05:30,1087.400024,1029.099976,11330164.81,-607457.3724,-5.361416914,Stop Loss,237066175.3,237166175.3
BPL.NS,2025-12-19 00:00:00+05:30,2025-12-26 00:00:00+05:30,55.25999832,60.40999985,10763929.32,1003153.35,9.319583211,UT Sell,238069328.6,238169328.6
RELINFRA.NS,2025-12-15 00:00:00+05:30,2025-12-29 00:00:00+05:30,142.5299988,164.5399933,11978496.9,1849762.528,15.44235929,UT Sell,239919091.2,240019091.2
KOHINOOR.NS,2025-12-22 00:00:00+05:30,2025-12-29 00:00:00+05:30,29.10000038,26.10000038,11856276.6,-1222296.541,-10.30927822,Stop Loss,238696794.6,238796794.6
NOIDATOLL.NS,2025-10-14 00:00:00+05:30,2026-01-01 00:00:00+05:30,4.139999866,4.090000153,13135187.52,-158636.6278,-1.207722597,UT Sell,238538158,238638158
MAGADSUGAR.NS,2025-12-09 00:00:00+05:30,2026-01-05 00:00:00+05:30,478.6000061,495.4500122,12012720.9,422930.2507,3.520686563,UT Sell,238961088.2,239061088.2
ZUARIIND.NS,2025-12-05 00:00:00+05:30,2026-01-05 00:00:00+05:30,319.1499939,314.25,12034914.68,-184775.2142,-1.535326333,UT Sell,238776313,238876313
KAMDHENU.NS,2025-12-29 00:00:00+05:30,2026-01-06 00:00:00+05:30,24.56999969,23.57999992,12231119.74,-492828.8928,-4.029303148,Stop Loss,238283484.1,238383484.1
MARKOLINES.NS,2025-12-09 00:00:00+05:30,2026-01-06 00:00:00+05:30,155.3500061,149.5500031,12012720.9,-448495.7526,-3.733506806,UT Sell,237834988.4,237934988.4
KIRIINDUS.NS,2025-12-23 00:00:00+05:30,2026-01-07 00:00:00+05:30,588.5999756,546.6500244,11797180.58,-840793.6965,-7.12707321,Stop Loss,236994194.7,237094194.7
APTUS.NS,2025-11-24 00:00:00+05:30,2026-01-08 00:00:00+05:30,286.3999939,279.7000122,12799532.6,-299429.5946,-2.339379131,UT Sell,236694765.1,236794765.1
HMAAGRO.NS,2025-12-16 00:00:00+05:30,2026-01-08 00:00:00+05:30,29.60000038,27.90999985,12243438.59,-699034.3747,-5.70946119,Stop Loss,235995730.7,236095730.7
SCI.NS,2025-12-26 00:00:00+05:30,2026-01-08 00:00:00+05:30,221.9722595,215.0732574,11244895.05,-349496.6195,-3.108046965,UT Sell,235646234.1,235746234.1
MUTHOOTFIN.NS,2026-01-05 00:00:00+05:30,2026-01-08 00:00:00+05:30,3888.124023,3821.487549,12142895.31,-208110.5773,-1.713846426,UT Sell,235438123.5,235538123.5
MANAKSIA.NS,2026-01-06 00:00:00+05:30,2026-01-08 00:00:00+05:30,69,65.20999908,11651258,-639975.0506,-5.49275495,Stop Loss,234798148.5,234898148.5
DBL.NS,2025-12-17 00:00:00+05:30,2026-01-09 00:00:00+05:30,467.8500061,445.6499939,11279583.47,-535228.9995,-4.74511316,Stop Loss,234262919.5,234362919.5
MVGJL.NS,2025-12-26 00:00:00+05:30,2026-01-09 00:00:00+05:30,187.7599945,178.0200043,11244895.05,-583325.3687,-5.187468321,Stop Loss,233679594.1,233779594.1
INDSWFTLAB.NS,2026-01-07 00:00:00+05:30,2026-01-09 00:00:00+05:30,94.48000336,90.37000275,10956386.88,-476616.799,-4.350127502,Stop Loss,233202977.3,233302977.3
ANTGRAPHIC.NS,2025-12-29 00:00:00+05:30,2026-01-12 00:00:00+05:30,1.019999981,0.970000029,12231119.74,-599564.1327,-4.901956201,Stop Loss,232603413.2,232703413.2
MANUGRAPH.NS,2026-01-08 00:00:00+05:30,2026-01-13 00:00:00+05:30,16.32999992,15.56999969,11577194.67,-538804.0808,-4.654012446,Stop Loss,232064609.1,232164609.1
ADOR.NS,2026-01-08 00:00:00+05:30,2026-01-13 00:00:00+05:30,1079,1028.099976,11577194.67,-546134.839,-4.717333125,Stop Loss,231518474.2,231618474.2
SIGIND.NS,2025-12-08 00:00:00+05:30,2026-01-13 00:00:00+05:30,51.02999878,48.72000122,11786105.03,-533526.8369,-4.526744295,Stop Loss,230984947.4,231084947.4
LASA.NS,2026-01-01 00:00:00+05:30,2026-01-13 00:00:00+05:30,10.38000011,9.869999886,12976550.89,-637576.4789,-4.913296949,Stop Loss,230347370.9,230447370.9
SOMANYCERA.NS,2026-01-09 00:00:00+05:30,2026-01-14 00:00:00+05:30,416.5499878,397.7999878,10628564.75,-478419.385,-4.501260485,Stop Loss,229868951.5,229968951.5
INDIANHUME.NS,2025-12-22 00:00:00+05:30,2026-01-14 00:00:00+05:30,416.3500061,395.2999878,11856276.6,-599435.177,-5.055846764,Stop Loss,229269516.4,229369516.4
ONGC.NS,2026-01-13 00:00:00+05:30,2026-01-16 00:00:00+05:30,238.1753387,241.4873962,11415250.75,158740.0569,1.39059632,UT Sell,229428256.4,229528256.4
AKASH.NS,2026-01-08 00:00:00+05:30,2026-01-16 00:00:00+05:30,28.95000076,26.5,11577194.67,-979762.8678,-8.462869424,Stop Loss,228448493.6,228548493.6
STCINDIA.NS,2025-12-10 00:00:00+05:30,2026-01-16 00:00:00+05:30,117.3399963,127.7200012,11400179.46,1008470.447,8.846092728,UT Sell,229456964,229556964
TALBROAUTO.NS,2026-01-08 00:00:00+05:30,2026-01-16 00:00:00+05:30,276.3500061,272.0499878,11577194.67,-180141.6608,-1.55600442,UT Sell,229276822.3,229376822.3
CANBK.NS,2025-12-17 00:00:00+05:30,2026-01-20 00:00:00+05:30,150.2100067,153.6799927,11279583.47,260568.501,2.310089746,UT Sell,229537390.8,229637390.8
GULPOLY.NS,2025-12-18 00:00:00+05:30,2026-01-20 00:00:00+05:30,139.9400024,131.8699951,11330164.81,-653383.6744,-5.766762315,Stop Loss,228884007.2,228984007.2
PFC.NS,2026-01-12 00:00:00+05:30,2026-01-20 00:00:00+05:30,365.2704163,354.1688843,10962895.03,-333191.3137,-3.039263923,UT Sell,228550815.9,228650815.9
RATNAVEER.NS,2026-01-13 00:00:00+05:30,2026-01-20 00:00:00+05:30,154.4700012,143.0500031,11415250.75,-843931.7776,-7.393020055,Stop Loss,227706884.1,227806884.1
NITCO.NS,2026-01-14 00:00:00+05:30,2026-01-20 00:00:00+05:30,89.19999695,82.15000153,10703493.39,-845959.4396,-7.903582582,Stop Loss,226860924.6,226960924.6
ASHOKA.NS,2026-01-16 00:00:00+05:30,2026-01-20 00:00:00+05:30,150.1600037,141.9600067,11494281.38,-627684.2698,-5.460839603,Stop Loss,226233240.4,226333240.4
COASTCORP.NS,2025-09-29 00:00:00+05:30,2026-01-21 00:00:00+05:30,34.31000137,41.20999908,12232774,2460102.28,20.11074741,UT Sell,228693342.6,228793342.6
KRYSTAL.NS,2026-01-08 00:00:00+05:30,2026-01-21 00:00:00+05:30,519.9500122,601.9500122,11577194.67,1825810.06,15.77074682,UT Sell,230519152.7,230619152.7
MAYURUNIQ.NS,2026-01-12 00:00:00+05:30,2026-01-21 00:00:00+05:30,497.8500061,481.6499939,10962895.03,-356732.01,-3.253994578,UT Sell,230162420.7,230262420.7
PATELRMART.NS,2026-01-20 00:00:00+05:30,2026-01-21 00:00:00+05:30,207.2200012,187.1100006,10690347.81,-1037462.116,-9.70466195,Stop Loss,229124958.6,229224958.6
MAHESHWARI.NS,2026-01-21 00:00:00+05:30,2026-01-22 00:00:00+05:30,46.08000183,44.02000046,11622604.22,-519587.2334,-4.470488914,Stop Loss,228605371.3,228705371.3
SHANTIGOLD.NS,2026-01-21 00:00:00+05:30,2026-01-23 00:00:00+05:30,201.5099945,192.2799988,11622604.22,-532363.6061,-4.58041585,Stop Loss,228073007.7,228173007.7
INFOBEAN.NS,2026-01-20 00:00:00+05:30,2026-01-23 00:00:00+05:30,215,205.8249969,10690347.81,-456204.5293,-4.26744328,Stop Loss,227616803.2,227716803.2
PNBGILTS.NS,2026-01-13 00:00:00+05:30,2026-01-23 00:00:00+05:30,79.94000244,77.09999847,11415250.75,-405546.1151,-3.552669353,UT Sell,227211257.1,227311257.1
NORTHARC.NS,2026-01-21 00:00:00+05:30,2026-01-27 00:00:00+05:30,268.1400146,260.7099915,11622604.22,-322056.4416,-2.770949052,UT Sell,226889200.7,226989200.7
BLBLIMITED.NS,2026-01-16 00:00:00+05:30,2026-01-28 00:00:00+05:30,13.35000038,12.68000031,11494281.38,-576866.6055,-5.01872702,Stop Loss,226312334,226412334
KAMDHENU.NS,2026-01-27 00:00:00+05:30,2026-01-28 00:00:00+05:30,23.29999924,22.03000069,11300547.78,-615951.9216,-5.450637734,Stop Loss,225696382.1,225796382.1
NGIL.NS,2025-12-05 00:00:00+05:30,2026-01-29 00:00:00+05:30,27.53000069,26.30999947,12034914.68,-533331.2836,-4.431533564,Stop Loss,225163050.8,225263050.8
VIPULLTD.NS,2026-01-14 00:00:00+05:30,2026-01-29 00:00:00+05:30,12.48999977,11.92000008,10703493.39,-488469.8222,-4.563648561,Stop Loss,224674581,224774581
VEDL.NS,2026-01-12 00:00:00+05:30,2026-01-30 00:00:00+05:30,617.0447998,670.3544922,10962895.03,947141.2158,8.639517325,UT Sell,225621722.2,225721722.2
SHRADHA.NS,2026-01-13 00:00:00+05:30,2026-02-02 00:00:00+05:30,39.90999985,38.27999878,11415250.75,-466220.7716,-4.084192118,Stop Loss,225155501.5,225255501.5
FMNL.NS,2026-01-29 00:00:00+05:30,2026-02-02 00:00:00+05:30,8.670000076,7.960000038,10858303.49,-889203.6702,-8.189158384,Stop Loss,224266297.8,224366297.8
PCJEWELLER.NS,2026-01-05 00:00:00+05:30,2026-02-05 00:00:00+05:30,10.25,10.10000038,12142895.31,-177700.4551,-1.463410912,UT Sell,224088597.3,224188597.3
SREEL.NS,2026-01-20 00:00:00+05:30,2026-02-06 00:00:00+05:30,217.1661682,209.5524292,10690347.81,-374798.3347,-3.505950801,UT Sell,223713799,223813799
NAZARA.NS,2026-01-21 00:00:00+05:30,2026-02-06 00:00:00+05:30,277.1499939,259,11622604.22,-761140.8998,-6.548798231,Stop Loss,222952658.1,223052658.1
ANTELOPUS.NS,2026-01-23 00:00:00+05:30,2026-02-06 00:00:00+05:30,505,548.75,10778029.51,933740.1806,8.663366337,UT Sell,223886398.3,223986398.3
KHAITANLTD.NS,2026-02-06 00:00:00+05:30,2026-02-12 00:00:00+05:30,103.9000015,99.44999695,10962927.5,-469538.7568,-4.282968732,Stop Loss,223416859.5,223516859.5
BPCL.NS,2026-01-16 00:00:00+05:30,2026-02-12 00:00:00+05:30,353.2356873,377.7000122,11494281.38,796068.5881,6.925779539,UT Sell,224212928.1,224312928.1
KOHINOOR.NS,2026-01-28 00:00:00+05:30,2026-02-13 00:00:00+05:30,24.27000046,25.32999992,10801005.32,471737.1098,4.36752965,UT Sell,224684665.2,224784665.2
TBZ.NS,2026-02-06 00:00:00+05:30,2026-02-13 00:00:00+05:30,161.3000031,157.1799927,10962927.5,-280020.9187,-2.55425313,UT Sell,224404644.3,224504644.3
BCG.NS,2026-01-28 00:00:00+05:30,2026-02-16 00:00:00+05:30,9.300000191,11.94999981,10801005.32,3077705.311,28.49461897,UT Sell,227482349.6,227582349.6
GABRIEL.NS,2026-01-30 00:00:00+05:30,2026-02-16 00:00:00+05:30,933.4000244,960.3499756,11910036.25,343877.102,2.887288458,UT Sell,227826226.7,227926226.7
LAXMICOT.NS,2026-02-05 00:00:00+05:30,2026-02-16 00:00:00+05:30,14.19999981,21.98999977,11965194.86,6564004.84,54.8591554,UT Sell,234390231.6,234490231.6
ROLLT.NS,2026-02-12 00:00:00+05:30,2026-02-16 00:00:00+05:30,1.289999962,1.230000019,11391869.36,-529853.899,-4.651158493,Stop Loss,233860377.7,233960377.7
IOC.NS,2026-01-16 00:00:00+05:30,2026-02-19 00:00:00+05:30,159.3114166,172.1297913,11494281.38,924842.7265,8.046111764,UT Sell,234785220.4,234885220.4
ANDHRSUGAR.NS,2026-02-12 00:00:00+05:30,2026-02-19 00:00:00+05:30,74.88999939,72.26999664,11391869.36,-398540.9166,-3.49846811,UT Sell,234386679.5,234486679.5
PFC.NS,2026-02-16 00:00:00+05:30,2026-02-19 00:00:00+05:30,404.5679321,402.3574524,13880959.78,-75842.83846,-0.546380363,UT Sell,234310836.6,234410836.6
RAJTV.NS,2025-11-20 00:00:00+05:30,2026-02-23 00:00:00+05:30,38.54000092,38.54999924,12609487.72,3271.243113,0.025942712,UT Sell,234314107.9,234414107.9
PRAXIS.NS,2026-02-06 00:00:00+05:30,2026-02-25 00:00:00+05:30,7.929999828,7.880000114,10962927.5,-69122.73017,-0.63051343,UT Sell,234244985.1,234344985.1
SRM.NS,2026-02-16 00:00:00+05:30,2026-02-25 00:00:00+05:30,429.0499878,411.1499939,13880959.78,-579114.5612,-4.172006621,Stop Loss,233665870.6,233765870.6
JPOLYINVST.NS,2026-01-23 00:00:00+05:30,2026-02-27 00:00:00+05:30,994.2000122,1180.400024,10778029.51,2018576.949,18.72862703,UT Sell,235684447.5,235784447.5
TMB.NS,2026-01-06 00:00:00+05:30,2026-02-27 00:00:00+05:30,555.7999878,669.0499878,11651258,2374064.407,20.37603499,UT Sell,238058511.9,238158511.9
VRLLOG.NS,2026-01-20 00:00:00+05:30,2026-02-27 00:00:00+05:30,243.932312,277.5,10690347.81,1471105.885,13.76106663,UT Sell,239529617.8,239629617.8
BFINVEST.NS,2026-02-25 00:00:00+05:30,2026-03-02 00:00:00+05:30,409.4500122,382.25,12097825,-803665.8389,-6.643060544,Stop Loss,238725952,238825952
MRPL.NS,2026-01-21 00:00:00+05:30,2026-03-02 00:00:00+05:30,149.0162048,184.6151581,11622604.22,2776560.743,23.88931679,UT Sell,241502512.7,241602512.7
MAGNUM.NS,2026-01-29 00:00:00+05:30,2026-03-02 00:00:00+05:30,21.70999908,20.88999939,10858303.49,-410124.6393,-3.777060016,UT Sell,241092388.1,241192388.1
BMWVENTLTD.NS,2026-02-02 00:00:00+05:30,2026-03-02 00:00:00+05:30,53.75825119,58.52999878,10459064.9,928378.7439,8.876307327,UT Sell,242020766.8,242120766.8
ASHOKAMET.NS,2026-02-13 00:00:00+05:30,2026-03-02 00:00:00+05:30,15.03999996,14.18999958,10977824.5,-620422.5426,-5.651598295,Stop Loss,241400344.3,241500344.3
EASEMYTRIP.NS,2026-02-16 00:00:00+05:30,2026-03-02 00:00:00+05:30,7.920000076,7.989999771,13880959.78,122684.7146,0.883834522,UT Sell,241523029,241623029
CANBK.NS,2026-02-16 00:00:00+05:30,2026-03-02 00:00:00+05:30,145.8399963,153.5599976,13880959.78,734784.8955,5.293473268,UT Sell,242257813.9,242357813.9
INDOTECH.NS,2026-02-19 00:00:00+05:30,2026-03-02 00:00:00+05:30,1425.900024,1492.699951,12405856.5,581184.018,4.684755285,UT Sell,242838997.9,242938997.9
GABRIEL.NS,2026-02-23 00:00:00+05:30,2026-03-02 00:00:00+05:30,972.2000122,953.5499878,12612758.96,-241954.5974,-1.918332049,UT Sell,242597043.3,242697043.3
ELECTHERM.NS,2026-02-25 00:00:00+05:30,2026-03-02 00:00:00+05:30,747.2000122,701.1500244,12097825,-745589.7809,-6.163006831,Stop Loss,241851453.5,241951453.5
VGL.NS,2026-03-02 00:00:00+05:30,2026-03-04 00:00:00+05:30,69.01999664,62.09000015,12321581.78,-1237156.225,-10.04056335,Stop Loss,240614297.3,240714297.3
KOHINOOR.NS,2026-02-27 00:00:00+05:30,2026-03-04 00:00:00+05:30,25.06999969,23.98999977,12994460.86,-559793.255,-4.307937522,Stop Loss,240054504.1,240154504.1
TREL.NS,2026-03-02 00:00:00+05:30,2026-03-04 00:00:00+05:30,25.12000084,23.88999939,12321581.78,-603326.5505,-4.896502422,Stop Loss,239451177.5,239551177.5
JMA.NS,2026-01-23 00:00:00+05:30,2026-03-04 00:00:00+05:30,74.84999847,85.86000061,10778029.51,1585385.843,14.70942199,UT Sell,241036563.4,241136563.4
CENTENKA.NS,2026-01-21 00:00:00+05:30,2026-03-04 00:00:00+05:30,435.8999939,410.5499878,11622604.22,-675919.0001,-5.815555508,Stop Loss,240360644.4,240460644.4
GUJGASLTD.NS,2026-03-04 00:00:00+05:30,2026-03-05 00:00:00+05:30,417.6000061,397.1499939,11939024.29,-584658.0195,-4.897033503,Stop Loss,239775986.3,239875986.3
ICRA.NS,2026-03-02 00:00:00+05:30,2026-03-06 00:00:00+05:30,5706.5,5397.5,12321581.78,-667198.5931,-5.414877771,Stop Loss,239108787.7,239208787.7
SAGILITY.NS,2026-03-04 00:00:00+05:30,2026-03-06 00:00:00+05:30,41.31999969,39.20999908,11939024.29,-609664.7804,-5.106487478,Stop Loss,238499123,238599123
MASTEK.NS,2026-03-05 00:00:00+05:30,2026-03-06 00:00:00+05:30,1633.599976,1561.199951,11822092.69,-523946.9956,-4.431931042,Stop Loss,237975176,238075176
AARVI.NS,2026-03-05 00:00:00+05:30,2026-03-09 00:00:00+05:30,130.1900024,124.0400009,11822092.69,-558459.841,-4.723866204,Stop Loss,237416716.1,237516716.1
SHANTIGOLD.NS,2026-03-05 00:00:00+05:30,2026-03-09 00:00:00+05:30,204.9900055,199.3699951,11822092.69,-324114.746,-2.741602139,UT Sell,237092601.4,237192601.4
AEROENTER.NS,2026-03-05 00:00:00+05:30,2026-03-09 00:00:00+05:30,76.27999878,70.30000305,11822092.69,-926796.8654,-7.839533067,Stop Loss,236165804.5,236265804.5
PFC.NS,2026-03-05 00:00:00+05:30,2026-03-09 00:00:00+05:30,410.3937073,389.7078247,11822092.69,-595892.2291,-5.040497016,Stop Loss,235569912.3,235669912.3
SPMLINFRA.NS,2026-03-04 00:00:00+05:30,2026-03-09 00:00:00+05:30,179.3300018,164.1000061,11939024.29,-1013947.957,-8.492720444,Stop Loss,234555964.3,234655964.3
PNBGILTS.NS,2026-02-27 00:00:00+05:30,2026-03-09 00:00:00+05:30,79.93000031,75.37999725,12994460.86,-739707.6983,-5.692484717,Stop Loss,233816256.6,233916256.6
BALAJITELE.NS,2026-02-19 00:00:00+05:30,2026-03-09 00:00:00+05:30,94.73000336,98.80000305,12405856.5,533007.8156,4.296420934,UT Sell,234349264.4,234449264.4
MAHAPEXLTD.NS,2026-03-06 00:00:00+05:30,2026-03-11 00:00:00+05:30,105.25,58.02337646,11427296.13,-5127530.759,-44.87090122,Stop Loss,229221733.7,229321733.7
INDIANHUME.NS,2026-03-11 00:00:00+05:30,2026-03-13 00:00:00+05:30,351.3500061,325.7999878,6299765.372,-458116.1742,-7.271956131,Stop Loss,228763617.5,228863617.5
DBL.NS,2026-03-10 00:00:00+05:30,2026-03-13 00:00:00+05:30,458.7999878,440.3999939,11571685.84,-464077.9304,-4.010460851,Stop Loss,228299539.6,228399539.6
AADHARHFC.NS,2026-03-09 00:00:00+05:30,2026-03-13 00:00:00+05:30,481.7000122,459.75,11571685.84,-527296.3234,-4.556780496,Stop Loss,227772243.3,227872243.3
ECOSMOBLTY.NS,2026-03-09 00:00:00+05:30,2026-03-13 00:00:00+05:30,136.0700073,126.1699982,11571685.84,-841918.0538,-7.275673273,Stop Loss,226930325.2,227030325.2
JPOLYINVST.NS,2026-03-09 00:00:00+05:30,2026-03-13 00:00:00+05:30,1315,1231.300049,11571685.84,-736539.5739,-6.365015298,Stop Loss,226193785.6,226293785.6
ONGC.NS,2026-02-19 00:00:00+05:30,2026-03-13 00:00:00+05:30,274.6499939,264.1000061,12405856.5,-476539.7325,-3.841248144,UT Sell,225717245.9,225817245.9
BALRAMCHIN.NS,2026-03-04 00:00:00+05:30,2026-03-13 00:00:00+05:30,491.7000122,486,11939024.29,-138402.649,-1.159245895,UT Sell,225578843.2,225678843.2
JINDRILL.NS,2026-03-02 00:00:00+05:30,2026-03-13 00:00:00+05:30,522.1500244,474.1000061,12321581.78,-1133873.796,-9.20233957,Stop Loss,224444969.5,224544969.5
DEVIT.NS,2026-03-02 00:00:00+05:30,2026-03-13 00:00:00+05:30,24.07999992,24.45999908,12321581.78,194443.1376,1.57806961,UT Sell,224639412.6,224739412.6
KOTHARIPET.NS,2026-03-06 00:00:00+05:30,2026-03-13 00:00:00+05:30,110.7099991,108.6299973,11427296.13,-214694.2198,-1.878784074,UT Sell,224424718.4,224524718.4
KRIDHANINF.NS,2026-03-06 00:00:00+05:30,2026-03-16 00:00:00+05:30,2.839999914,2.5,11427296.13,-1368056.275,-11.97182833,Stop Loss,223056662.1,223156662.1
INDIAMART.NS,2026-03-09 00:00:00+05:30,2026-03-17 00:00:00+05:30,2183.5,2065.699951,11571685.84,-624293.6372,-5.395010251,Stop Loss,222432368.5,222532368.5
MRPL.NS,2026-03-16 00:00:00+05:30,2026-03-18 00:00:00+05:30,206.7700043,192.0500031,10711734.31,-762570.6772,-7.119021578,Stop Loss,221669797.8,221769797.8
ICICIBANK.NS,2026-03-16 00:00:00+05:30,2026-03-19 00:00:00+05:30,1272.900024,1250.099976,10711734.31,-191867.4371,-1.791189284,UT Sell,221477930.3,221577930.3
HDFCBANK.NS,2026-03-16 00:00:00+05:30,2026-03-19 00:00:00+05:30,840.5999756,798.2000122,10711734.31,-540301.1609,-5.044011969,Stop Loss,220937629.2,221037629.2
TREL.NS,2026-03-13 00:00:00+05:30,2026-03-19 00:00:00+05:30,24.75,24.15999985,10820483.39,-257942.9031,-2.383839,UT Sell,220679686.3,220779686.3
RAJTV.NS,2026-03-09 00:00:00+05:30,2026-03-19 00:00:00+05:30,39,36.36000061,11571685.84,-783313.9372,-6.769229204,Stop Loss,219896372.3,219996372.3
ANTELOPUS.NS,2026-03-02 00:00:00+05:30,2026-03-20 00:00:00+05:30,538.1500244,515.4500122,12321581.78,-519743.6481,-4.218156867,Stop Loss,219376628.7,219476628.7
BMWVENTLTD.NS,2026-03-13 00:00:00+05:30,2026-03-20 00:00:00+05:30,60.84999847,58.24000168,10820483.39,-464115.4919,-4.289230667,Stop Loss,218912513.2,219012513.2
DEVIT.NS,2026-03-17 00:00:00+05:30,2026-03-20 00:00:00+05:30,28.72999954,27.57999992,10947392.2,-438200.3848,-4.002783282,Stop Loss,218474312.8,218574312.8
MAHABANK.NS,2026-03-20 00:00:00+05:30,2026-03-23 00:00:00+05:30,65.48999786,62.31999969,10737700.81,-519751.0005,-4.840431016,Stop Loss,217954561.8,218054561.8
IOB.NS,2026-03-20 00:00:00+05:30,2026-03-23 00:00:00+05:30,33.72000122,32.11000061,10737700.81,-512683.9927,-4.774616109,Stop Loss,217441877.8,217541877.8
ELECTHERM.NS,2026-03-20 00:00:00+05:30,2026-03-23 00:00:00+05:30,657.6500244,590.8499756,10737700.81,-1090669.675,-10.15738559,Stop Loss,216351208.1,216451208.1
MODISONLTD.NS,2026-03-20 00:00:00+05:30,2026-03-23 00:00:00+05:30,125.9599991,114.5899963,10737700.81,-969257.6105,-9.026677381,Stop Loss,215381950.5,215481950.5
CARRARO.NS,2026-03-19 00:00:00+05:30,2026-03-23 00:00:00+05:30,442.75,423.1000061,10510553.1,-466476.125,-4.438169147,Stop Loss,214915474.4,215015474.4
SESHAPAPER.NS,2026-03-16 00:00:00+05:30,2026-03-23 00:00:00+05:30,255.5,242.6000061,10711734.31,-540827.0343,-5.04892129,Stop Loss,214374647.4,214474647.4
INFOBEAN.NS,2026-03-16 00:00:00+05:30,2026-03-23 00:00:00+05:30,134.2200012,131.4199982,10711734.31,-223460.6504,-2.086129508,UT Sell,214151186.7,214251186.7
VENUSREM.NS,2026-03-09 00:00:00+05:30,2026-03-23 00:00:00+05:30,756.0499878,825,11571685.84,1055311.015,9.119768973,UT Sell,215206497.7,215306497.7
SEAMECLTD.NS,2026-03-02 00:00:00+05:30,2026-03-23 00:00:00+05:30,1347.099976,1320.5,12321581.78,-243303.2296,-1.974610353,UT Sell,214963194.5,215063194.5
UYFINCORP.NS,2026-02-02 00:00:00+05:30,2026-03-23 00:00:00+05:30,13.39999962,12.10999966,10459064.9,-1006880.127,-9.626865661,Stop Loss,213956314.4,214056314.4
SUPREMEINF.NS,2026-03-18 00:00:00+05:30,2026-03-23 00:00:00+05:30,70.61000061,66.5,9949163.637,-579111.5744,-5.820706097,Stop Loss,213377202.8,213477202.8
SHK.NS,2026-03-24 00:00:00+05:30,2026-03-27 00:00:00+05:30,129.0599976,119.3799973,10371746.47,-777921.2061,-7.500387795,Stop Loss,212599281.6,212699281.6
BALAXI.NS,2026-03-24 00:00:00+05:30,2026-03-27 00:00:00+05:30,18.05999947,16.47999954,10371746.47,-907384.2254,-8.748615562,Stop Loss,211691897.4,211791897.4
INSPIRISYS.NS,2026-03-24 00:00:00+05:30,2026-03-27 00:00:00+05:30,76.77999878,73.59999847,10371746.47,-429567.0416,-4.141704032,Stop Loss,211262330.3,211362330.3
AADHARHFC.NS,2026-03-24 00:00:00+05:30,2026-03-27 00:00:00+05:30,462.7999878,456.3500061,10371746.47,-144549.6469,-1.393686659,UT Sell,211117780.7,211217780.7
CHENNPETRO.NS,2026-03-16 00:00:00+05:30,2026-03-27 00:00:00+05:30,980.7802734,952.206665,10711734.31,-312070.8173,-2.913354721,UT Sell,210805709.9,210905709.9
MODINATUR.NS,2026-03-13 00:00:00+05:30,2026-03-27 00:00:00+05:30,286.2999878,277.2000122,10820483.39,-343926.4369,-3.178475716,UT Sell,210461783.4,210561783.4
AURIGROW.NS,2026-03-13 00:00:00+05:30,2026-03-27 00:00:00+05:30,0.25,0.25999999,10820483.39,432818.9228,3.999996185,UT Sell,210894602.4,210994602.4
KHAITANLTD.NS,2026-03-24 00:00:00+05:30,2026-03-27 00:00:00+05:30,103.8199997,98.25,10371746.47,-556449.8635,-5.365054625,Stop Loss,210338152.5,210438152.5
MAYURUNIQ.NS,2026-03-24 00:00:00+05:30,2026-03-30 00:00:00+05:30,516.0999756,494.3500061,10371746.47,-437095.8725,-4.214293841,Stop Loss,209901056.6,210001056.6
BLS.NS,2026-03-24 00:00:00+05:30,2026-03-30 00:00:00+05:30,259.3999939,235.6499939,10371746.47,-949610.5797,-9.15574424,Stop Loss,208951446,209051446
VIPULLTD.NS,2026-02-13 00:00:00+05:30,2026-03-30 00:00:00+05:30,10.35000038,10.56000042,10977824.5,222738.5005,2.028985801,UT Sell,209174184.5,209274184.5
GOCLCORP.NS,2026-03-24 00:00:00+05:30,2026-03-30 00:00:00+05:30,264.25,252.8999939,10371746.47,-445484.9033,-4.295177333,Stop Loss,208728699.6,208828699.6
HEG.NS,2026-03-27 00:00:00+05:30,2026-03-30 00:00:00+05:30,572.2999878,542.4000244,10146547.89,-530109.063,-5.2245263,Stop Loss,208198590.6,208298590.6
KARURVYSYA.NS,2026-03-24 00:00:00+05:30,2026-04-02 00:00:00+05:30,272.2999878,272.6499939,10371746.47,13331.52674,0.128536952,UT Sell,208211922.1,208311922.1
ONGC.NS,2026-03-19 00:00:00+05:30,2026-04-06 00:00:00+05:30,269.1000061,281.8500061,10510553.1,497991.6352,4.7380155,UT Sell,208709913.7,208809913.7
ATUL.NS,2026-03-30 00:00:00+05:30,2026-04-13 00:00:00+05:30,6368.5,6308.5,10089030.66,-95052.49891,-0.942137081,UT Sell,208614861.2,208714861.2
EUROTEXIND.NS,2026-02-27 00:00:00+05:30,2026-04-13 00:00:00+05:30,12.90999985,13.27000046,12994460.86,362355.84,2.788540779,UT Sell,208977217.1,209077217.1
JPOLYINVST.NS,2026-04-01 00:00:00+05:30,2026-04-20 00:00:00+05:30,1078.5,1136.400024,10089030.66,541636.6447,5.368569719,UT Sell,209518853.7,209618853.7
SIGACHI.NS,2026-04-01 00:00:00+05:30,2026-04-20 00:00:00+05:30,19.46999931,22.55999947,10089030.66,1601186.819,15.87057145,UT Sell,211120040.5,211220040.5
ASHOKA.NS,2026-04-01 00:00:00+05:30,2026-04-20 00:00:00+05:30,110.7399979,134.1600037,10089030.66,2133692.984,21.14864209,UT Sell,213253733.5,213353733.5
DIL.NS,2026-04-13 00:00:00+05:30,2026-04-20 00:00:00+05:30,1.070000052,1.019999981,11675397.43,-545580.0727,-4.672903652,Stop Loss,212708153.5,212808153.5
