Exit Date,Portfolio Equity,Profit
2016-06-02,100000.0,0.0
2016-06-03,100000.0,0.0
2016-06-06,100000.0,0.0
2016-06-07,100000.0,0.0
2016-06-08,100000.0,0.0
2016-06-09,100000.0,0.0
2016-06-10,100000.0,0.0
2016-06-13,100000.0,0.0
2016-06-14,100000.0,0.0
2016-06-15,100000.0,0.0
2016-06-16,100000.0,0.0
2016-06-17,100000.0,0.0
2016-06-20,100000.0,0.0
2016-06-21,100000.0,0.0
2016-06-22,100000.0,0.0
2016-06-23,100000.0,0.0
2016-06-24,100000.0,0.0
2016-06-27,100000.0,0.0
2016-06-28,100000.0,0.0
2016-06-29,100000.0,0.0
2016-06-30,100000.0,0.0
2016-07-01,100000.0,0.0
2016-07-04,100000.0,0.0
2016-07-05,100000.0,0.0
2016-07-06,100000.0,0.0
2016-07-07,100000.0,0.0
2016-07-08,100000.0,0.0
2016-07-11,100000.0,0.0
2016-07-12,100000.0,0.0
2016-07-13,100000.0,0.0
2016-07-14,100000.0,0.0
2016-07-15,100000.0,0.0
2016-07-18,100000.0,0.0
2016-07-19,100000.0,0.0
2016-07-20,100000.0,0.0
2016-07-21,100000.0,0.0
2016-07-22,100000.0,0.0
2016-07-25,100000.0,0.0
2016-07-26,100000.0,0.0
2016-07-27,100000.0,0.0
2016-07-28,100000.0,0.0
2016-07-29,100000.0,0.0
2016-08-01,100000.0,0.0
2016-08-02,100000.0,0.0
2016-08-03,99933.33333333333,-66.66666666667152
2016-08-04,100634.31613062677,700.9827972934436
2016-08-05,100443.65362813014,-190.66250249663426
2016-08-08,101384.10999127796,940.4563631478231
2016-08-09,101193.03520289912,-191.07478837884264
2016-08-10,101445.72701264627,252.69180974714982
2016-08-11,101270.50909780625,-175.21791484001733
2016-08-12,101178.82030269981,-91.68879510644183
2016-08-15,100108.20256186982,-1070.6177408299845
2016-08-16,100108.20256186982,0.0
2016-08-17,100108.20256186982,0.0
2016-08-18,100108.20256186982,0.0
2016-08-19,100108.20256186982,0.0
2016-08-22,100108.20256186982,0.0
2016-08-23,100108.20256186982,0.0
2016-08-24,100108.20256186982,0.0
2016-08-25,100108.20256186982,0.0
2016-08-26,100108.20256186982,0.0
2016-08-29,100108.20256186982,0.0
2016-08-30,100108.20256186982,0.0
2016-08-31,100108.20256186982,0.0
2016-09-01,100108.20256186982,0.0
2016-09-02,100108.20256186982,0.0
2016-09-05,100508.7366940027,400.5341321328742
2016-09-06,100723.30470686541,214.56801286271366
2016-09-07,100952.4946178941,229.1899110286904
2016-09-08,101609.26097631565,656.7663584215479
2016-09-09,101416.50662895154,-192.75434736411262
2016-09-12,100448.23333612851,-968.2732928230253
2016-09-13,100448.23333612851,0.0
2016-09-14,100448.23333612851,0.0
2016-09-15,100448.23333612851,0.0
2016-09-16,100448.23333612851,0.0
2016-09-19,100448.23333612851,0.0
2016-09-20,100448.23333612851,0.0
2016-09-21,100448.23333612851,0.0
2016-09-22,100448.23333612851,0.0
2016-09-23,100380.6702027896,-67.5631333389174
2016-09-26,100671.53948085889,290.8692780692945
2016-09-27,100566.5672590589,-104.97222179999517
2016-09-28,100486.14760746043,-80.41965159846586
2016-09-29,100540.11342629623,53.96581883580075
2016-09-30,100766.16228060257,226.04885430634022
2016-10-03,100900.27126581703,134.10898521446506
2016-10-04,100792.39082911203,-107.88043670500338
2016-10-05,100921.41043824273,129.0196091307007
2016-10-06,100949.93279005754,28.522351814812282
2016-10-07,101179.22437225092,229.29158219337114
2016-10-10,101283.9747231955,104.75035094458144
2016-10-11,102518.68944705419,1234.7147238586913
2016-10-12,102245.77464128575,-272.91480576843605
2016-10-13,102278.99382844009,33.21918715433276
2016-10-14,102479.87570094527,200.8818725051824
2016-10-17,102413.6045831276,-66.27111781766871
2016-10-18,102344.65053465811,-68.95404846948804
2016-10-19,101858.04378413955,-486.6067505185638
2016-10-20,101858.04378413955,0.0
2016-10-21,101858.04378413955,0.0
2016-10-24,101598.88222621423,-259.1615579253121
2016-10-25,101803.37058328418,204.48835706994578
2016-10-26,102910.2826078044,1106.9120245202212
2016-10-27,103445.08902882494,534.8064210205339
2016-10-28,103516.58266162273,71.49363279779209
2016-10-31,104094.15194147034,577.5692798476084
2016-11-01,104019.29697092074,-74.85497054959706
2016-11-02,104584.14444498393,564.8474740631937
2016-11-03,101845.55490593835,-2738.5895390455844
2016-11-04,101845.55490593835,0.0
2016-11-07,101845.55490593835,0.0
2016-11-08,101845.55490593835,0.0
2016-11-09,101845.55490593835,0.0
2016-11-10,101845.55490593835,0.0
2016-11-11,101845.55490593835,0.0
2016-11-14,101845.55490593835,0.0
2016-11-15,101845.55490593835,0.0
2016-11-16,101775.19712945982,-70.35777647852956
2016-11-17,101623.24177840313,-151.95535105669114
2016-11-18,102123.68980910734,500.4480307042104
2016-11-21,101084.81639879936,-1038.8734103079769
2016-11-22,101084.81639879936,0.0
2016-11-23,101084.81639879936,0.0
2016-11-24,101084.81639879936,0.0
2016-11-25,101084.81639879936,0.0
2016-11-28,101084.81639879936,0.0
2016-11-29,101084.81639879936,0.0
2016-11-30,101084.81639879936,0.0
2016-12-01,101015.9800993351,-68.83629946426663
2016-12-02,101976.86722153162,960.8871221965237
2016-12-05,101034.52724950812,-942.3399720235029
2016-12-06,101034.52724950812,0.0
2016-12-07,101034.52724950812,0.0
2016-12-08,101034.52724950812,0.0
2016-12-09,101034.52724950812,0.0
2016-12-12,101034.52724950812,0.0
2016-12-13,101034.52724950812,0.0
2016-12-14,101034.52724950812,0.0
2016-12-15,101034.52724950812,0.0
2016-12-16,101034.52724950812,0.0
2016-12-19,101034.52724950812,0.0
2016-12-20,100965.79152834245,-68.73572116566356
2016-12-21,102396.42911067979,1430.6375823373382
2016-12-22,103692.330467379,1295.901356699207
2016-12-23,106152.48664800376,2460.156180624763
2016-12-26,105083.54022290414,-1068.9464250996243
2016-12-27,105083.54022290414,0.0
2016-12-28,105006.70647579165,-76.83374711248325
2016-12-29,104911.47675420459,-95.22972158706398
2016-12-30,104429.86829291267,-481.60846129192214
2017-01-02,106807.14407393639,2377.2757810237235
2017-01-03,107674.97062048654,867.8265465501463
2017-01-04,112031.39648560756,4356.425865121026
2017-01-05,106398.69708173441,-5632.69940387315
2017-01-06,106398.69708173441,0.0
2017-01-09,106398.69708173441,0.0
2017-01-10,106398.69708173441,0.0
2017-01-11,106398.69708173441,0.0
2017-01-12,106398.69708173441,0.0
2017-01-13,106398.69708173441,0.0
2017-01-16,106398.69708173441,0.0
2017-01-17,106319.23302090428,-79.46406083012698
2017-01-18,105388.11986559203,-931.1131553122541
2017-01-19,105932.07044148224,543.9505758902087
2017-01-20,105755.32508889516,-176.74535258708056
2017-01-23,106890.21812407616,1134.8930351809977
2017-01-24,105653.17392004405,-1237.0442040321068
2017-01-25,106039.89934087072,386.7254208266677
2017-01-26,106740.59259800887,700.6932571381476
2017-01-27,106835.10148824466,94.50889023579657
2017-01-30,106862.70378858007,27.602300335405744
2017-01-31,109047.28125126254,2184.5774626824714
2017-02-01,109860.47620667744,813.1949554149032
2017-02-02,110855.21992802604,994.7437213485973
2017-02-03,111646.14378548802,790.9238574619812
2017-02-06,112006.01060871167,359.8668232236523
2017-02-07,113019.22694631563,1013.2163376039534
2017-02-08,113094.34358788507,75.11664156944607
2017-02-09,110007.70817747986,-3086.635410405215
2017-02-10,110007.70817747986,0.0
2017-02-13,110007.70817747986,0.0
2017-02-14,110007.70817747986,0.0
2017-02-15,110007.70817747986,0.0
2017-02-16,110007.70817747986,0.0
2017-02-17,110007.70817747986,0.0
2017-02-20,109921.02609445823,-86.68208302163112
2017-02-21,111335.63280889702,1414.6067144387926
2017-02-22,111421.33780749422,85.70499859719712
2017-02-23,113395.05596743082,1973.7181599366013
2017-02-24,113673.81477547513,278.75880804430926
2017-02-27,113925.7327140215,251.91793854637945
2017-02-28,113925.7327140215,0.0
2017-03-01,115629.10611626094,1703.3734022394347
2017-03-02,116770.96266174705,1141.856545486109
2017-03-03,117731.38666314061,960.4240013935632
2017-03-06,117644.8749717443,-86.51169139631384
2017-03-07,115572.75261071441,-2072.122361029891
2017-03-08,115572.75261071441,0.0
2017-03-09,115572.75261071441,0.0
2017-03-10,115572.75261071441,0.0
2017-03-13,115572.75261071441,0.0
2017-03-14,115572.75261071441,0.0
2017-03-15,115572.75261071441,0.0
2017-03-16,115572.75261071441,0.0
2017-03-17,115572.75261071441,0.0
2017-03-20,115572.75261071441,0.0
2017-03-21,115474.94043882632,-97.8121718880866
2017-03-22,112273.51501893469,-3201.4254198916315
2017-03-23,112273.51501893469,0.0
2017-03-24,112273.51501893469,0.0
2017-03-27,112273.51501893469,0.0
2017-03-28,112273.51501893469,0.0
2017-03-29,112273.51501893469,0.0
2017-03-30,112273.51501893469,0.0
2017-03-31,112273.51501893469,0.0
2017-04-03,112273.51501893469,0.0
2017-04-04,112273.51501893469,0.0
2017-04-05,112273.51501893469,0.0
2017-04-06,112182.30132223018,-91.21369670450804
2017-04-07,111959.85595253824,-222.44536969193723
2017-04-10,112353.55841846566,393.7024659274175
2017-04-11,113041.67332099761,688.1149025319464
2017-04-12,112863.10160088439,-178.5717201132211
2017-04-13,111576.59933325571,-1286.5022676286753
2017-04-14,111576.59933325571,0.0
2017-04-17,111576.59933325571,0.0
2017-04-18,111576.59933325571,0.0
2017-04-19,111576.59933325571,0.0
2017-04-20,111576.59933325571,0.0
2017-04-21,111576.59933325571,0.0
2017-04-24,111486.77946792252,-89.81986533319287
2017-04-25,112036.74466010502,549.9651921824989
2017-04-26,112595.67279911907,558.9281390140532
2017-04-27,113909.64167991556,1313.9688807964849
2017-04-28,113864.82694575768,-44.81473415787332
2017-05-01,117633.5666544403,3768.739708682624
2017-05-02,118752.8584044219,1119.2917499815958
2017-05-03,120089.05521830315,1336.1968138812517
2017-05-04,121794.88606020917,1705.8308419060195
2017-05-05,122432.32751277716,637.4414525679895
2017-05-08,128451.84348014991,6019.515967372747
2017-05-09,129599.45954257976,1147.61606242985
2017-05-10,130738.47152616637,1139.0119835866062
2017-05-11,132941.20323880328,2202.731712636916
2017-05-12,128360.11792518424,-4581.085313619042
2017-05-15,128360.11792518424,0.0
2017-05-16,128360.11792518424,0.0
2017-05-17,128360.11792518424,0.0
2017-05-18,128360.11792518424,0.0
2017-05-19,128360.11792518424,0.0
2017-05-22,128236.7310226672,-123.38690251704247
2017-05-23,132401.6488798908,4164.917857223598
2017-05-24,135892.33714115122,3490.688261260424
2017-05-25,131964.25206901832,-3928.0850721329043
2017-05-26,129058.83673281498,-2905.4153362033394
2017-05-29,130565.6570578261,1506.8203250111255
2017-05-30,128295.37381637054,-2270.2832414555596
2017-05-31,131438.18215305437,3142.8083366838255
2017-06-01,134879.29481043867,3441.1126573843067
2017-06-02,137164.59320758827,2285.2983971495996
2017-06-05,142781.0844696552,5616.491262066935
2017-06-06,147778.01900805824,4996.934538403031
2017-06-07,144065.79668321574,-3712.2223248425
2017-06-08,146146.844698994,2081.048015778273
2017-06-09,146662.14603024325,515.3013312492403
2017-06-12,141860.4106737298,-4801.73535651344
2017-06-13,141860.4106737298,0.0
2017-06-14,141860.4106737298,0.0
2017-06-15,141860.4106737298,0.0
2017-06-16,141860.4106737298,0.0
2017-06-19,141860.4106737298,0.0
2017-06-20,141860.4106737298,0.0
2017-06-21,141860.4106737298,0.0
2017-06-22,141860.4106737298,0.0
2017-06-23,141860.4106737298,0.0
2017-06-26,141860.4106737298,0.0
2017-06-27,141860.4106737298,0.0
2017-06-28,141860.4106737298,0.0
2017-06-29,141860.4106737298,0.0
2017-06-30,141860.4106737298,0.0
2017-07-03,141860.4106737298,0.0
2017-07-04,141860.4106737298,0.0
2017-07-05,141860.4106737298,0.0
2017-07-06,141860.4106737298,0.0
2017-07-07,141860.4106737298,0.0
2017-07-10,141860.4106737298,0.0
2017-07-11,141860.4106737298,0.0
2017-07-12,141860.4106737298,0.0
2017-07-13,141860.4106737298,0.0
2017-07-14,141860.4106737298,0.0
2017-07-17,141710.0231857157,-150.38748801412294
2017-07-18,144756.66654735644,3046.643361640745
2017-07-19,143226.1057331049,-1530.5608142515412
2017-07-20,161551.4396644576,18325.33393135271
2017-07-21,156505.46357391958,-5045.976090538024
2017-07-24,159438.62396139733,2933.16038747775
2017-07-25,153431.54088834394,-6007.083073053393
2017-07-26,151847.76977134784,-1583.7711169960967
2017-07-27,156640.84071313342,4793.070941785583
2017-07-28,161262.16208379206,4621.321370658639
2017-07-31,163495.87665920382,2233.714575411752
2017-08-01,158206.0885278917,-5289.788131312118
2017-08-02,157950.48668888895,-255.6018390027457
2017-08-03,161118.0289228812,3167.5422339922516
2017-08-04,164187.90657308133,3069.8776502001274
2017-08-07,180454.97522762688,16267.068654545554
2017-08-08,181835.68063580224,1380.7054081753595
2017-08-09,179226.82191577807,-2608.8587200241745
2017-08-10,180533.77942289985,1306.9575071217841
2017-08-11,189604.0066421441,9070.227219244232
2017-08-14,212318.62325837673,22714.61661623264
2017-08-15,207496.26691820173,-4822.356340175
2017-08-16,214052.92395401164,6556.6570358099125
2017-08-17,212539.53809687277,-1513.38585713887
2017-08-18,206778.63489017915,-5760.90320669362
2017-08-21,201428.22877955067,-5350.406110628479
2017-08-22,204754.71952759742,3326.490748046752
2017-08-23,206472.18235240094,1717.462824803515
2017-08-24,212640.23645719653,6168.054104795592
2017-08-25,213883.54220847032,1243.3057512737869
2017-08-28,214255.997884449,372.4556759786792
2017-08-29,220868.56191325383,6612.564028804831
2017-08-30,220406.5235026174,-462.03841063642176
2017-08-31,225056.817850234,4650.294347616582
2017-09-01,231408.72374581665,6351.905895582662
2017-09-04,220551.75602521576,-10856.967720600893
2017-09-05,220551.75602521576,0.0
2017-09-06,220551.75602521576,0.0
2017-09-07,220551.75602521576,0.0
2017-09-08,220551.75602521576,0.0
2017-09-11,220551.75602521576,0.0
2017-09-12,220551.75602521576,0.0
2017-09-13,220551.75602521576,0.0
2017-09-14,220551.75602521576,0.0
2017-09-15,220243.98584649866,-307.7701787170954
2017-09-18,238300.7764664016,18056.790619902953
2017-09-19,232380.21950633134,-5920.556960070273
2017-09-20,231577.18788185273,-803.0316244786081
2017-09-21,219970.39889071984,-11606.788991132897
2017-09-22,219956.04026554464,-14.35862517519854
2017-09-25,232426.6659995398,12470.62573399517
2017-09-26,231002.99749033505,-1423.6685092047555
2017-09-27,244020.36421251588,13017.366722180828
2017-09-28,242925.1711580548,-1095.193054461066
2017-09-29,242432.87543776247,-492.2957202923426
2017-10-02,252829.63329613078,10396.757858368306
2017-10-03,248952.1241906724,-3877.50910545839
2017-10-04,245231.66319229887,-3720.4609983735136
2017-10-05,249413.59988994978,4181.9366976509045
2017-10-06,251203.73803365103,1790.138143701246
2017-10-09,268142.9575838342,16939.21955018316
2017-10-10,268563.903409322,420.9458254878409
2017-10-11,270442.2754593403,1878.3720500182826
2017-10-12,296637.0462435943,26194.77078425401
2017-10-13,305093.7713945158,8456.725150921498
2017-10-16,308402.99642017606,3309.225025660242
2017-10-17,303333.1751171118,-5069.821303064236
2017-10-18,302707.4771520116,-625.697965100233
2017-10-19,307682.30269799434,4974.825545982749
2017-10-20,320472.11664963135,12789.813951637014
2017-10-23,317046.7650832505,-3425.3515663808794
2017-10-24,299536.59963422344,-17510.16544902703
2017-10-25,299536.59963422344,0.0
2017-10-26,299536.59963422344,0.0
2017-10-27,299536.59963422344,0.0
2017-10-30,298190.15284117224,-1346.4467930512037
2017-10-31,310950.0398569475,12759.887015775254
2017-11-01,322238.57834436017,11288.538487412676
2017-11-02,333990.8709881808,11752.292643820634
2017-11-03,338872.45098344656,4881.579995265754
2017-11-06,331355.3661303769,-7517.084853069682
2017-11-07,331355.3661303769,0.0
2017-11-08,331355.3661303769,0.0
2017-11-09,331355.3661303769,0.0
2017-11-10,331355.3661303769,0.0
2017-11-13,330825.9887314494,-529.3773989274632
2017-11-14,333897.0700607196,3071.081329270208
2017-11-15,361273.11140675144,27376.041346031823
2017-11-16,383670.0013967124,22396.88998996094
2017-11-17,377117.8696343562,-6552.131762356206
2017-11-20,396917.2399012246,19799.370266868442
2017-11-21,391706.94140066934,-5210.298500555276
2017-11-22,399048.0016686706,7341.060268001282
2017-11-23,390398.5364796275,-8649.465189043141
2017-11-24,399053.66482286976,8655.128343242279
2017-11-27,462064.5533828816,63010.88856001187
2017-11-28,471747.7998417655,9683.246458883863
2017-11-29,464894.04612711264,-6853.753714652848
2017-11-30,478787.2184937403,13893.172366627667
2017-12-01,508668.5370060995,29881.31851235917
2017-12-04,536117.4914624459,27448.95445634646
2017-12-05,546567.8986780216,10450.407215575688
2017-12-06,642204.218579579,95636.3199015574
2017-12-07,787511.1594306763,145306.94085109723
2017-12-08,733938.2712907555,-53572.888139920775
2017-12-11,748667.3028637529,14729.031572997454
2017-12-12,776742.8585037212,28075.555639968254
2017-12-13,739496.7365994168,-37246.12190430437
2017-12-14,745322.1517279778,5825.41512856097
2017-12-15,790614.1314405628,45291.97971258499
2017-12-18,854404.2603575749,63790.12891701213
2017-12-19,802619.3744526148,-51784.8859049601
2017-12-20,755723.1606691953,-46896.21378341946
2017-12-21,722759.9203831704,-32963.240286024986
2017-12-22,632738.3294551634,-90021.59092800692
2017-12-25,632738.3294551634,0.0
2017-12-26,631626.5079168024,-1111.8215383610222
2017-12-27,622622.1191406442,-9004.388776158215
2017-12-28,580167.410896626,-42454.70824401826
2017-12-29,581880.0791528459,1712.6682562199421
2018-01-01,547454.5486854966,-34425.53046734934
2018-01-02,593023.5813977618,45569.03271226527
2018-01-03,604408.5603620582,11384.978964296402
2018-01-04,619023.8645782501,14615.304216191871
2018-01-05,682920.3987785081,63896.53420025797
2018-01-08,612463.0237364968,-70457.37504201126
2018-01-09,600080.0616336543,-12382.962102842517
2018-01-10,610946.9392223582,10866.87758870388
2018-01-11,551055.445832617,-59891.49338974117
2018-01-12,556859.9623658243,5804.516533207265
2018-01-15,557778.7176056559,918.7552398316329
2018-01-16,545983.299496598,-11795.418109057937
2018-01-17,545983.299496598,0.0
2018-01-18,545983.299496598,0.0
2018-01-19,545983.299496598,0.0
2018-01-22,545983.299496598,0.0
2018-01-23,545983.299496598,0.0
2018-01-24,545983.299496598,0.0
2018-01-25,545983.299496598,0.0
2018-01-26,545983.299496598,0.0
2018-01-29,543248.9462314437,-2734.353265154292
2018-01-30,538562.4211331231,-4686.525098320562
2018-01-31,538562.4211331231,0.0
2018-02-01,538562.4211331231,0.0
2018-02-02,538562.4211331231,0.0
2018-02-05,538562.4211331231,0.0
2018-02-06,538562.4211331231,0.0
2018-02-07,538562.4211331231,0.0
2018-02-08,538562.4211331231,0.0
2018-02-09,538562.4211331231,0.0
2018-02-12,538562.4211331231,0.0
2018-02-13,538562.4211331231,0.0
2018-02-14,538562.4211331231,0.0
2018-02-15,538562.4211331231,0.0
2018-02-16,538562.4211331231,0.0
2018-02-19,542302.4916139536,3740.0704808305018
2018-02-20,549689.101587895,7386.609973941348
2018-02-21,520155.15587591304,-29533.945711981913
2018-02-22,491776.37630151183,-28378.77957440121
2018-02-23,504036.2840305649,12259.907729053055
2018-02-26,506752.45489030756,2716.170859742677
2018-02-27,521612.568045151,14860.11315484345
2018-02-28,508044.2887987247,-13568.279246426304
2018-03-01,530945.1976861962,22900.90888747148
2018-03-02,536551.4066881065,5606.209001910291
2018-03-05,556711.3180852752,20159.911397168762
2018-03-06,522968.19766030955,-33743.12042496569
2018-03-07,522968.19766030955,0.0
2018-03-08,522968.19766030955,0.0
2018-03-09,522968.19766030955,0.0
2018-03-12,504742.30967802723,-18225.887982282322
2018-03-13,504265.64417519764,-476.6655028295936
2018-03-14,460565.90221255465,-43699.74196264299
2018-03-15,460565.90221255465,0.0
2018-03-16,460565.90221255465,0.0
2018-03-19,460565.90221255465,0.0
2018-03-20,460565.90221255465,0.0
2018-03-21,460565.90221255465,0.0
2018-03-22,460565.90221255465,0.0
2018-03-23,460565.90221255465,0.0
2018-03-26,460565.90221255465,0.0
2018-03-27,460565.90221255465,0.0
2018-03-28,460565.90221255465,0.0
2018-03-29,460565.90221255465,0.0
2018-03-30,460565.90221255465,0.0
2018-04-02,460565.90221255465,0.0
2018-04-03,460565.90221255465,0.0
2018-04-04,460565.90221255465,0.0
2018-04-05,460565.90221255465,0.0
2018-04-06,460565.90221255465,0.0
2018-04-09,460565.90221255465,0.0
2018-04-10,460565.90221255465,0.0
2018-04-11,460565.90221255465,0.0
2018-04-12,459711.43707479624,-854.4651377584087
2018-04-13,460018.1393611936,306.7022863973398
2018-04-16,469549.55337492534,9531.414013731759
2018-04-17,461224.04166273796,-8325.511712187377
2018-04-18,475845.74191729474,14621.700254556781
2018-04-19,486043.9931352747,10198.251217979938
2018-04-20,517047.189319874,31003.196184599306
2018-04-23,523568.6548571311,6521.465537257143
2018-04-24,566585.3759180111,43016.721060879936
2018-04-25,516048.4523665754,-50536.92355143564
2018-04-26,515938.5563713149,-109.89599526050733
2018-04-27,514633.22886757675,-1305.3275037381682
2018-04-30,516527.22149994905,1893.9926323723048
2018-05-01,516832.43133056577,305.2098306167172
2018-05-02,517952.34537714394,1119.9140465781675
2018-05-03,524741.1155392061,6788.770162062137
2018-05-04,523355.8490998862,-1385.2664393198793
2018-05-07,506356.812932049,-16999.036167837214
2018-05-08,500230.4508670434,-6126.362065005582
2018-05-09,504141.25188431196,3910.801017268561
2018-05-10,489750.9696974516,-14390.282186860335
2018-05-11,458670.1254754294,-31080.84422202222
2018-05-14,462886.5962555196,4216.470780090196
2018-05-15,461093.0441183651,-1793.5521371545037
2018-05-16,460942.38337553834,-150.66074282675982
2018-05-17,458096.84708329244,-2845.5362922459026
2018-05-18,459893.0453149413,1796.1982316488866
2018-05-21,460294.72649903415,401.6811840928276
2018-05-22,455928.2202522861,-4366.506246748031
2018-05-23,455928.2202522861,0.0
2018-05-24,455928.2202522861,0.0
2018-05-25,455928.2202522861,0.0
2018-05-28,455928.2202522861,0.0
2018-05-29,455083.0304784482,-845.1897738379193
2018-05-30,451278.6439114048,-3804.3865670433734
2018-05-31,457304.01606965746,6025.372158252634
2018-06-01,459861.1592741736,2557.143204516149
2018-06-04,459752.96833192516,-108.19094224844594
2018-06-05,467174.0768677907,7421.108535865555
2018-06-06,467965.15106463805,791.0741968473303
2018-06-07,468978.22643213975,1013.075367501704
2018-06-08,465961.705977861,-3016.5204542787396
2018-06-11,416795.75996562693,-49165.94601223408
2018-06-12,416795.75996562693,0.0
2018-06-13,416795.75996562693,0.0
2018-06-14,416028.83511236234,-766.924853264587
2018-06-15,402371.964932577,-13656.870179785357
2018-06-18,418916.1191162954,16544.154183718434
2018-06-19,422485.1188061961,3568.9996899006655
2018-06-20,422654.1666716421,169.04786544601666
2018-06-21,419469.9177951988,-3184.2488764433074
2018-06-22,380664.59558065305,-38805.32221454574
2018-06-25,380664.59558065305,0.0
2018-06-26,380664.59558065305,0.0
2018-06-27,380664.59558065305,0.0
2018-06-28,380664.59558065305,0.0
2018-06-29,380058.49356086453,-606.1020197885227
2018-07-02,399313.2747913385,19254.78123047395
2018-07-03,395198.9805337706,-4114.294257567904
2018-07-04,398504.4088293635,3305.428295592952
2018-07-05,400527.2743287364,2022.865499372885
2018-07-06,402198.46517045866,1671.190841722244
2018-07-09,405518.00035061693,3319.535180158273
2018-07-10,384873.1809577016,-20644.81939291535
2018-07-11,384873.1809577016,0.0
2018-07-12,384873.1809577016,0.0
2018-07-13,384873.1809577016,0.0
2018-07-16,384170.1012624528,-703.0796952488017
2018-07-17,412389.2440639294,28219.142801476642
2018-07-18,412767.871404002,378.6273400725913
2018-07-19,416136.4295585777,3368.5581545757013
2018-07-20,409269.36795420875,-6867.061604368966
2018-07-23,425520.6717198745,16251.30376566574
2018-07-24,460580.50472866447,35059.83300878998
2018-07-25,448900.713983969,-11679.790744695463
2018-07-26,437670.4733424263,-11230.24064154271
2018-07-27,447895.7443383999,10225.27099597361
2018-07-30,447442.3351892741,-453.40914912580047
2018-07-31,426324.86493297387,-21117.470256300236
2018-08-01,426324.86493297387,0.0
2018-08-02,426324.86493297387,0.0
2018-08-03,426324.86493297387,0.0
2018-08-06,426324.86493297387,0.0
2018-08-07,426324.86493297387,0.0
2018-08-08,426324.86493297387,0.0
2018-08-09,426324.86493297387,0.0
2018-08-10,426324.86493297387,0.0
2018-08-13,426324.86493297387,0.0
2018-08-14,426324.86493297387,0.0
2018-08-15,426324.86493297387,0.0
2018-08-16,426324.86493297387,0.0
2018-08-17,426245.2450338132,-79.61989916069433
2018-08-20,420964.8014826833,-5280.443551129894
2018-08-21,420964.8014826833,0.0
2018-08-22,420964.8014826833,0.0
2018-08-23,420964.8014826833,0.0
2018-08-24,420964.8014826833,0.0
2018-08-27,420964.8014826833,0.0
2018-08-28,420964.8014826833,0.0
2018-08-29,420964.8014826833,0.0
2018-08-30,420964.8014826833,0.0
2018-08-31,420964.8014826833,0.0
2018-09-03,420187.88900040527,-776.9124822780141
2018-09-04,419776.2579174159,-411.63108298939187
2018-09-05,413506.7420666698,-6269.515850746073
2018-09-06,413506.7420666698,0.0
2018-09-07,413506.7420666698,0.0
2018-09-10,413506.7420666698,0.0
2018-09-11,413506.7420666698,0.0
2018-09-12,413506.7420666698,0.0
2018-09-13,413452.7584132417,-53.9836534280912
2018-09-14,413503.1012118843,50.34279864258133
2018-09-17,411684.37013422576,-1818.7310776585364
2018-09-18,411684.37013422576,0.0
2018-09-19,411684.37013422576,0.0
2018-09-20,411684.37013422576,0.0
2018-09-21,410927.668060624,-756.702073601773
2018-09-24,401806.04826522357,-9121.619795400416
2018-09-25,392969.6376505557,-8836.410614667868
2018-09-26,395238.68881400255,2269.0511634468567
2018-09-27,406038.94814629486,10800.259332292306
2018-09-28,403711.1832401811,-2327.7649061137345
2018-10-01,401710.63396308705,-2000.5492770940764
2018-10-02,399590.9532767565,-2119.680686330539
2018-10-03,396108.7779980905,-3482.1752786660218
2018-10-04,400162.95506691776,4054.1770688272663
2018-10-05,403107.74475586665,2944.789688948891
2018-10-08,404833.20910659636,1725.464350729715
2018-10-09,404201.64284586464,-631.5662607317208
2018-10-10,400987.32453269203,-3214.318313172611
2018-10-11,379365.6590285152,-21621.66550417681
2018-10-12,379365.6590285152,0.0
2018-10-15,378673.59437712486,-692.064651390363
2018-10-16,378690.4689669665,16.874589841638226
2018-10-17,375857.12881749804,-2833.3401494684513
2018-10-18,372167.16403548355,-3689.964782014489
2018-10-19,371642.9171604677,-524.2468750158441
2018-10-22,372747.23730481724,1104.3201443495345
2018-10-23,372209.4415768219,-537.7957279953407
2018-10-24,373158.7316571735,949.2900803515804
2018-10-25,372088.36641033133,-1070.3652468421496
2018-10-26,372068.15965287475,-20.206757456588093
2018-10-29,363822.227353792,-8245.93229908275
2018-10-30,363822.227353792,0.0
2018-10-31,363822.227353792,0.0
2018-11-01,363822.227353792,0.0
2018-11-02,363822.227353792,0.0
2018-11-05,363925.4656994003,103.23834560828982
2018-11-06,364738.1190486327,812.6533492323942
2018-11-07,364627.95393247786,-110.16511615482159
2018-11-08,364198.057632277,-429.8963002008386
2018-11-09,364010.8027656292,-187.2548666478251
2018-11-12,364040.6658375777,29.863071948522702
2018-11-13,363728.8349090808,-311.8309284969
2018-11-14,361489.7786733838,-2239.056235697004
2018-11-15,361489.7786733838,0.0
2018-11-16,361489.7786733838,0.0
2018-11-19,361489.7786733838,0.0
2018-11-20,361489.7786733838,0.0
2018-11-21,361489.7786733838,0.0
2018-11-22,361489.7786733838,0.0
2018-11-23,361489.7786733838,0.0
2018-11-26,361489.7786733838,0.0
2018-11-27,361489.7786733838,0.0
2018-11-28,360864.8979321216,-624.8807412622264
2018-11-29,362434.2040157726,1569.3060836510267
2018-11-30,343276.0958920576,-19158.108123715036
2018-12-03,334257.43165588746,-9018.664236170123
2018-12-04,338854.2196334951,4596.78797760763
2018-12-05,323993.80438163556,-14860.415251859522
2018-12-06,306936.60379395453,-17057.20058768103
2018-12-07,299527.2632684261,-7409.340525528416
2018-12-10,305585.6244420088,6058.361173582671
2018-12-11,299867.8958842316,-5717.728557777184
2018-12-12,304435.3232972643,4567.427413032681
2018-12-13,291744.72886759706,-12690.594429667224
2018-12-14,286530.56438994134,-5214.164477655722
2018-12-17,308718.8212817301,22188.25689178874
2018-12-18,320704.8191795095,11985.997897779394
2018-12-19,324384.6435942735,3679.824414764007
2018-12-20,355302.40587836615,30917.762284092663
2018-12-21,336199.86644827784,-19102.539430088305
2018-12-24,341268.2398618733,5068.373413595487
2018-12-25,339554.6447056727,-1713.5951562006376
2018-12-26,339887.8926104298,333.24790475709597
2018-12-27,337328.6486307326,-2559.243979697174
2018-12-28,336720.6580001378,-607.9906305948389
2018-12-31,322998.3466593868,-13722.311340750952
2019-01-01,331337.8604094817,8339.513750094862
2019-01-02,340552.50679939584,9214.646389914153
2019-01-03,332003.285903673,-8549.220895722858
2019-01-04,334280.308042617,2277.022138944012
2019-01-07,346015.14310145,11734.835058833007
2019-01-08,346234.4726449271,219.32954347709892
2019-01-09,346618.39237461553,383.91972968843766
2019-01-10,317150.0880449597,-29468.30432965583
2019-01-11,317150.0880449597,0.0
2019-01-14,316582.45453553647,-567.6335094232345
2019-01-15,310212.5988551869,-6369.855680349574
2019-01-16,312164.2986887719,1951.6998335850076
2019-01-17,313878.3891003431,1714.0904115712037
2019-01-18,312016.983874428,-1861.4052259150776
2019-01-21,306899.4440345006,-5117.539839927456
2019-01-22,307118.888011556,219.44397705543088
2019-01-23,306940.1322432188,-178.7557683372288
2019-01-24,306927.74695216614,-12.385291052632965
2019-01-25,306791.8394462842,-135.9075058819144
2019-01-28,305411.21343127795,-1380.6260150062735
2019-01-29,305411.21343127795,0.0
2019-01-30,305411.21343127795,0.0
2019-01-31,305411.21343127795,0.0
2019-02-01,305411.21343127795,0.0
2019-02-04,305411.21343127795,0.0
2019-02-05,305411.21343127795,0.0
2019-02-06,305411.21343127795,0.0
2019-02-07,305411.21343127795,0.0
2019-02-08,304867.05767108203,-544.1557601959212
2019-02-11,303831.0793088389,-1035.9783622431569
2019-02-12,304344.74585987645,513.6665510375751
2019-02-13,302839.19513223186,-1505.550727644586
2019-02-14,301632.11834848416,-1207.0767837477033
2019-02-15,301994.6958801013,362.5775316171348
2019-02-18,325603.1101035136,23608.414223412285
2019-02-19,327709.0412833065,2105.9311797929113
2019-02-20,331919.8766718584,4210.835388551932
2019-02-21,328297.50407010963,-3622.3726017487934
2019-02-22,332262.8641917138,3965.3601216041716
2019-02-25,316400.9584796392,-15861.9057120746
2019-02-26,316400.9584796392,0.0
2019-02-27,316400.9584796392,0.0
2019-02-28,316400.9584796392,0.0
2019-03-01,316400.9584796392,0.0
2019-03-04,316400.9584796392,0.0
2019-03-05,315834.8232293466,-566.135250292602
2019-03-06,316467.8618448495,633.0386155028827
2019-03-07,316891.4234725872,423.5616277377121
2019-03-08,315834.2482328033,-1057.1752397838864
2019-03-11,315957.73874599725,123.49051319394493
2019-03-12,316299.2864721247,341.54772612743545
2019-03-13,315990.5337244219,-308.75274770276155
2019-03-14,317249.1427495527,1258.6090251307469
2019-03-15,320222.7934037743,2973.650654221652
2019-03-18,325311.27891139855,5088.485507624224
2019-03-19,328088.94282073993,2777.6639093413833
2019-03-20,329220.41817009595,1131.4753493560129
2019-03-21,324730.92841242097,-4489.489757674979
2019-03-22,324365.27296193526,-365.65545048570493
2019-03-25,319668.9689789063,-4696.303983028978
2019-03-26,319668.9689789063,0.0
2019-03-27,319096.29770761513,-572.671271291154
2019-03-28,317729.75191633595,-1366.5457912791753
2019-03-29,320017.2846272177,2287.532710881729
2019-04-01,323881.10996341676,3863.825336199079
2019-04-02,374019.2974791817,50138.18751576496
2019-04-03,379866.2220695281,5846.924590346403
2019-04-04,376159.7786953691,-3706.4433741590474
2019-04-05,384533.78970302216,8374.011007653084
2019-04-08,402929.75685826404,18395.967155241873
2019-04-09,396857.8736221225,-6071.883236141526
2019-04-10,404881.705874265,8023.832252142485
2019-04-11,385658.1653670477,-19223.540507217287
2019-04-12,385658.1653670477,0.0
2019-04-15,385658.1653670477,0.0
2019-04-16,385658.1653670477,0.0
2019-04-17,385658.1653670477,0.0
2019-04-18,385658.1653670477,0.0
2019-04-19,385658.1653670477,0.0
2019-04-22,385658.1653670477,0.0
2019-04-23,384991.9808341197,-666.1845329279895
2019-04-24,378579.1991453329,-6412.78168878681
2019-04-25,362783.89567922876,-15795.303466104146
2019-04-26,362783.89567922876,0.0
2019-04-29,362783.89567922876,0.0
2019-04-30,362745.4305480894,-38.46513113938272
2019-05-01,362585.9172700271,-159.51327806228073
2019-05-02,362740.31222388893,154.39495386183262
2019-05-03,362809.8747344885,69.56251059955684
2019-05-06,362213.2541206228,-596.6206138656707
2019-05-07,366313.78491117357,4100.530790550751
2019-05-08,374659.34969604964,8345.564784876071
2019-05-09,384890.2808826138,10230.93118656415
2019-05-10,396194.3641956465,11304.083313032694
2019-05-13,476076.9426416,79882.57844595349
2019-05-14,488114.174346952,12037.231705352024
2019-05-15,502977.078316581,14862.903969629027
2019-05-16,487783.24364566995,-15193.834670911077
2019-05-17,455503.4807354906,-32279.762910179328
2019-05-20,443116.10462188936,-12387.376113601262
2019-05-21,442767.23458218994,-348.8700396994245
2019-05-22,428045.14506880776,-14722.089513382176
2019-05-23,437847.7587322413,9802.613663433527
2019-05-24,443288.4206891029,5440.661956861615
2019-05-27,485053.14827943087,41764.727590327966
2019-05-28,480823.0734262537,-4230.074853177182
2019-05-29,477672.547255798,-3150.526170455676
2019-05-30,459893.812641131,-17778.734614667017
2019-05-31,473454.9748326268,13561.162191495823
2019-06-03,453403.65074783546,-20051.324084791355
2019-06-04,453403.65074783546,0.0
2019-06-05,453403.65074783546,0.0
2019-06-06,453403.65074783546,0.0
2019-06-07,453403.65074783546,0.0
2019-06-10,453348.19831217435,-55.4524356611073
2019-06-11,453153.87070095254,-194.32761122181546
2019-06-12,454844.3286737656,1690.4579728130484
2019-06-13,454315.0498646794,-529.2788090861868
2019-06-14,454415.6055491192,100.55568443977972
2019-06-17,483780.6577752594,29365.052226140222
2019-06-18,471995.2861674254,-11785.371607834008
2019-06-19,481121.5058124442,9126.219645018806
2019-06-20,492798.084902612,11676.579090167827
2019-06-21,523200.13480081287,30402.049898200843
2019-06-24,563962.6688701845,40762.534069371584
2019-06-25,599945.5210975313,35982.852227346855
2019-06-26,657214.4918264608,57268.970728929504
2019-06-27,568816.666967572,-88397.82485888887
2019-06-28,567811.3622382232,-1005.3047293487471
2019-07-01,502643.42108916695,-65167.94114905625
2019-07-02,502643.42108916695,0.0
2019-07-03,502643.42108916695,0.0
2019-07-04,502643.42108916695,0.0
2019-07-05,502643.42108916695,0.0
2019-07-08,502643.42108916695,0.0
2019-07-09,502643.42108916695,0.0
2019-07-10,502643.42108916695,0.0
2019-07-11,502643.42108916695,0.0
2019-07-12,502643.42108916695,0.0
2019-07-15,502643.42108916695,0.0
2019-07-16,502643.42108916695,0.0
2019-07-17,502643.42108916695,0.0
2019-07-18,502643.42108916695,0.0
2019-07-19,502643.42108916695,0.0
2019-07-22,502643.42108916695,0.0
2019-07-23,502643.42108916695,0.0
2019-07-24,502643.42108916695,0.0
2019-07-25,502643.42108916695,0.0
2019-07-26,502643.42108916695,0.0
2019-07-29,502643.42108916695,0.0
2019-07-30,502643.42108916695,0.0
2019-07-31,501770.46285157505,-872.9582375918981
2019-08-01,515334.1399996862,13563.677148111165
2019-08-02,520452.5007766152,5118.36077692901
2019-08-05,575994.0431598009,55541.542383185704
2019-08-06,560703.3909161562,-15290.652243644698
2019-08-07,580787.0786996225,20083.687783466303
2019-08-08,581080.2925872814,293.2138876589015
2019-08-09,575090.1123175734,-5990.180269708042
2019-08-12,554344.7022523818,-20745.410065191565
2019-08-13,533320.0283494974,-21024.673902884475
2019-08-14,495993.2851101074,-37326.743239389965
2019-08-15,495993.2851101074,0.0
2019-08-16,495993.2851101074,0.0
2019-08-19,495126.7397461988,-866.5453639085754
2019-08-20,489073.1910057719,-6053.548740426893
2019-08-21,463505.3147888314,-25567.876216940524
2019-08-22,463505.3147888314,0.0
2019-08-23,463505.3147888314,0.0
2019-08-26,463505.3147888314,0.0
2019-08-27,463505.3147888314,0.0
2019-08-28,463505.3147888314,0.0
2019-08-29,463505.3147888314,0.0
2019-08-30,463505.3147888314,0.0
2019-09-02,462703.74536556535,-801.5694232660462
2019-09-03,473403.4276739883,10699.682308422925
2019-09-04,472280.5390112107,-1122.88866277755
2019-09-05,471547.5883862839,-732.9506249268306
2019-09-06,462956.64447637583,-8590.943909908063
2019-09-09,462664.29956802214,-292.344908353698
2019-09-10,453974.1468374136,-8690.152730608534
2019-09-11,456211.58718134946,2237.4403439358575
2019-09-12,465547.5835897078,9335.996408358333
2019-09-13,463646.3302496594,-1901.2533400483662
2019-09-16,463041.5779620627,-604.752287596697
2019-09-17,463559.694075461,518.1161133982823
2019-09-18,462354.54652525816,-1205.147550202848
2019-09-19,466616.5175268487,4261.971001590544
2019-09-20,462807.81666732643,-3808.7008595222724
2019-09-23,441849.97920214996,-20957.837465176475
2019-09-24,441849.97920214996,0.0
2019-09-25,441849.97920214996,0.0
2019-09-26,441849.97920214996,0.0
2019-09-27,441849.97920214996,0.0
2019-09-30,441849.97920214996,0.0
2019-10-01,441849.97920214996,0.0
2019-10-02,441849.97920214996,0.0
2019-10-03,441849.97920214996,0.0
2019-10-04,441849.97920214996,0.0
2019-10-07,441032.94591041235,-817.0332917376072
2019-10-08,440420.41325921746,-612.5326511948952
2019-10-09,459150.2728066241,18729.859547406668
2019-10-10,458430.9511164362,-719.3216901879059
2019-10-11,443921.6259313226,-14509.325185113645
2019-10-14,443921.6259313226,0.0
2019-10-15,443921.6259313226,0.0
2019-10-16,443921.6259313226,0.0
2019-10-17,443921.6259313226,0.0
2019-10-18,443921.6259313226,0.0
2019-10-21,444158.1970449108,236.57111358823022
2019-10-22,436577.726040571,-7580.471004339808
2019-10-23,410080.46904311003,-26497.256997460965
2019-10-24,410080.46904311003,0.0
2019-10-25,409326.9747716905,-753.4942714195349
2019-10-28,433102.98817529815,23776.01340360765
2019-10-29,441297.3400785791,8194.351903280942
2019-10-30,431478.5636899409,-9818.776388638187
2019-10-31,431102.8061272418,-375.75756269908743
2019-11-01,433538.2619778143,2435.4558505725
2019-11-04,439971.2264725941,6432.964494779764
2019-11-05,437736.780329593,-2234.446143001085
2019-11-06,438882.0335115734,1145.253181980399
2019-11-07,434526.7986277209,-4355.234883852478
2019-11-08,414828.372753985,-19698.42587373592
2019-11-11,402282.86535083636,-12545.50740314863
2019-11-12,402530.5227888433,247.65743800695054
2019-11-13,402789.44080895506,258.9180201117415
2019-11-14,402376.1629303328,-413.2778786222334
2019-11-15,401307.89469715516,-1068.2682331776596
2019-11-18,401307.89469715516,0.0
2019-11-19,401307.89469715516,0.0
2019-11-20,401307.89469715516,0.0
2019-11-21,401307.89469715516,0.0
2019-11-22,401307.89469715516,0.0
2019-11-25,401307.89469715516,0.0
2019-11-26,401307.89469715516,0.0
2019-11-27,401307.89469715516,0.0
2019-11-28,401307.89469715516,0.0
2019-11-29,401307.89469715516,0.0
2019-12-02,401307.89469715516,0.0
2019-12-03,401307.89469715516,0.0
2019-12-04,401307.89469715516,0.0
2019-12-05,401307.89469715516,0.0
2019-12-06,401307.89469715516,0.0
2019-12-09,401307.89469715516,0.0
2019-12-10,401307.89469715516,0.0
2019-12-11,401307.89469715516,0.0
2019-12-12,401307.89469715516,0.0
2019-12-13,401307.89469715516,0.0
2019-12-16,401307.89469715516,0.0
2019-12-17,401307.89469715516,0.0
2019-12-18,400571.9455744275,-735.949122727674
2019-12-19,396241.8082123843,-4330.137362043199
2019-12-20,396912.6388203047,670.8306079204194
2019-12-23,403087.0244387122,6174.385618407512
2019-12-24,401677.5208170985,-1409.5036216137232
2019-12-25,398855.871929591,-2821.648887507501
2019-12-26,397170.01587453677,-1685.8560550542315
2019-12-27,399729.7977109645,2559.781836427748
2019-12-30,401202.5697822696,1472.7720713050803
2019-12-31,395888.62481342355,-5313.9449688460445
2020-01-01,396485.1134825731,596.4886691495776
2020-01-02,385139.95848642336,-11345.154996149766
2020-01-03,386170.35957273515,1030.4010863117874
2020-01-06,407143.1924198724,20972.832847137237
2020-01-07,424124.3328296241,16981.140409751737
2020-01-08,419910.81783982925,-4213.514989794872
2020-01-09,410608.37726411346,-9302.440575715795
2020-01-10,424352.63540963124,13744.258145517786
2020-01-13,423444.3996127678,-908.235796863446
2020-01-14,458566.066731229,35121.66711846122
2020-01-15,457730.82068985427,-835.2460413747467
2020-01-16,453653.90590418206,-4076.914785672212
2020-01-17,464166.2283940844,10512.322489902319
2020-01-20,451449.6491523524,-12716.57924173196
2020-01-21,455927.5073881422,4477.858235789812
2020-01-22,452750.9106880996,-3176.5967000426026
2020-01-23,439483.63061536034,-13267.28007273929
2020-01-24,441207.8386728845,1724.2080575241707
2020-01-27,463367.05677520577,22159.21810232126
2020-01-28,484243.5898504452,20876.53307523945
2020-01-29,482091.1111303356,-2152.4787201096187
2020-01-30,492845.96482791915,10754.853697583545
2020-01-31,484829.3852441556,-8016.579583763552
2020-02-03,484746.64286220446,-82.74238195113139
2020-02-04,479695.7949120544,-5050.847950150084
2020-02-05,502220.2343688063,22524.43945675192
2020-02-06,509289.4667520635,7069.232383257186
2020-02-07,514735.23552918475,5445.768777121266
2020-02-10,516714.62788885273,1979.3923596679815
2020-02-11,518905.20049462846,2190.5726057757274
2020-02-12,531140.8770425603,12235.676547931798
2020-02-13,527132.1045787734,-4008.7724637868814
2020-02-14,535206.483533581,8074.378954807646
2020-02-17,511738.78249005554,-23467.701043525478
2020-02-18,510912.5594806453,-826.223009410256
2020-02-19,489453.7101035368,-21458.849377108505
2020-02-20,489453.7101035368,0.0
2020-02-21,489453.7101035368,0.0
2020-02-24,489453.7101035368,0.0
2020-02-25,489453.7101035368,0.0
2020-02-26,489453.7101035368,0.0
2020-02-27,489453.7101035368,0.0
2020-02-28,489453.7101035368,0.0
2020-03-02,489453.7101035368,0.0
2020-03-03,489453.7101035368,0.0
2020-03-04,489453.7101035368,0.0
2020-03-05,489453.7101035368,0.0
2020-03-06,489453.7101035368,0.0
2020-03-09,489453.7101035368,0.0
2020-03-10,489453.7101035368,0.0
2020-03-11,489453.7101035368,0.0
2020-03-12,489453.7101035368,0.0
2020-03-13,489453.7101035368,0.0
2020-03-16,489453.7101035368,0.0
2020-03-17,489453.7101035368,0.0
2020-03-18,489453.7101035368,0.0
2020-03-19,488672.0572388996,-781.6528646372026
2020-03-20,489149.940084611,477.8828457114287
2020-03-23,502854.7341629586,13704.794078347564
2020-03-24,522919.50753650017,20064.773373541597
2020-03-25,519533.845233195,-3385.662303305173
2020-03-26,521762.62191940873,2228.776686213736
2020-03-27,506224.18505592,-15538.43686348875
2020-03-30,503706.92524598044,-2517.25980993954
2020-03-31,504261.49698350765,554.571737527207
2020-04-01,514853.7925609264,10592.295577418758
2020-04-02,526625.2144569139,11771.42189598747
2020-04-03,522830.267875386,-3794.946581527882
2020-04-06,556618.4723939268,33788.20451854082
2020-04-07,549056.2127423523,-7562.259651574539
2020-04-08,561895.1740131162,12838.961270763888
2020-04-09,559171.7730692154,-2723.4009439008078
2020-04-10,525903.7907636068,-33267.98230560857
2020-04-13,525903.7907636068,0.0
2020-04-14,525903.7907636068,0.0
2020-04-15,525903.7907636068,0.0
2020-04-16,524918.6498487463,-985.1409148605308
2020-04-17,523487.308450199,-1431.341398547229
2020-04-20,509919.06901246373,-13568.23943773529
2020-04-21,510074.62055924576,155.55154678202234
2020-04-22,513556.8071512449,3482.1865919991396
2020-04-23,513583.0125605651,26.205409320187755
2020-04-24,521836.08568339376,8253.073122828675
2020-04-27,538321.9458627648,16485.860179371084
2020-04-28,539382.218840305,1060.272977540153
2020-04-29,601442.4510925454,62060.232252240414
2020-04-30,590031.5718963417,-11410.879196203663
2020-05-01,601547.638430883,11516.066534541198
2020-05-04,604221.9517763442,2674.313345461269
2020-05-05,609271.2813724222,5049.329596078023
2020-05-06,624108.9566639971,14837.67529157491
2020-05-07,662237.8686138684,38128.911949871224
2020-05-08,656158.9417412651,-6078.926872603246
2020-05-11,594519.5465584291,-61639.395182835986
2020-05-12,594519.5465584291,0.0
2020-05-13,594519.5465584291,0.0
2020-05-14,594519.5465584291,0.0
2020-05-15,594519.5465584291,0.0
2020-05-18,594519.5465584291,0.0
2020-05-19,594519.5465584291,0.0
2020-05-20,594519.5465584291,0.0
2020-05-21,594519.5465584291,0.0
2020-05-22,594519.5465584291,0.0
2020-05-25,594519.5465584291,0.0
2020-05-26,594519.5465584291,0.0
2020-05-27,594519.5465584291,0.0
2020-05-28,593397.1741319789,-1122.3724264502525
2020-05-29,589245.1323247874,-4152.041807191446
2020-06-01,629589.658631779,40344.52630699158
2020-06-02,592998.4505729205,-36591.20805885852
2020-06-03,595151.4721210707,2153.0215481502237
2020-06-04,595227.8984671418,76.42634607106447
2020-06-05,594170.0115447737,-1057.8869223680813
2020-06-08,593670.8791096004,-499.1324351732619
2020-06-09,592757.0262495955,-913.8528600049904
2020-06-10,592927.6322218028,170.60597220738418
2020-06-11,584541.383639781,-8386.248582021799
2020-06-12,584541.383639781,0.0
2020-06-15,584541.383639781,0.0
2020-06-16,584541.383639781,0.0
2020-06-17,584541.383639781,0.0
2020-06-18,584541.383639781,0.0
2020-06-19,584487.9316438962,-53.45199588488322
2020-06-22,585029.4055499875,541.473906091298
2020-06-23,583821.2745575907,-1208.1309923967347
2020-06-24,565503.9099749066,-18317.364582684124
2020-06-25,564576.2798283893,-927.6301465173019
2020-06-26,565665.6594676445,1089.3796392552322
2020-06-29,570004.0817111243,4338.422243479756
2020-06-30,570301.8587521319,297.7770410076482
2020-07-01,569231.8890520053,-1069.969700126676
2020-07-02,567188.6485513673,-2043.2405006379122
2020-07-03,566716.0240838327,-472.62446753459517
2020-07-06,563296.6934336495,-3419.330650183256
2020-07-07,558228.1571005104,-5068.5363331390545
2020-07-08,570865.2538771958,12637.096776685328
2020-07-09,564547.8034386252,-6317.45043857058
2020-07-10,566351.0766181729,1803.2731795477448
2020-07-13,574423.0606993043,8071.984081131406
2020-07-14,573498.7869102006,-924.273789103725
2020-07-15,575995.9919468238,2497.2050366231706
2020-07-16,555283.7646389654,-20712.22730785841
2020-07-17,555989.1855095791,705.4208706137724
2020-07-20,557595.4957596431,1606.3102500640089
2020-07-21,570615.8631919882,13020.367432345054
2020-07-22,583019.6238713589,12403.760679370724
2020-07-23,589369.0588358305,6349.434964471613
2020-07-24,588465.8064455077,-903.2523903228575
2020-07-27,687101.0762889216,98635.26984341396
2020-07-28,681973.684440071,-5127.391848850646
2020-07-29,688349.1741715888,6375.489731517853
2020-07-30,694347.6723746842,5998.498203095398
2020-07-31,704029.8730490647,9682.200674380409
2020-08-03,708311.7582447062,4281.885195641546
2020-08-04,711203.4037111137,2891.645466407528
2020-08-05,711389.3406571053,185.93694599159062
2020-08-06,721711.8692023194,10322.528545214096
2020-08-07,714032.7831616971,-7679.086040622322
2020-08-10,747006.9455926395,32974.16243094241
2020-08-11,747211.8244974859,204.87890484638046
2020-08-12,762869.6758075799,15657.851310094004
2020-08-13,773291.5663882839,10421.89058070397
2020-08-14,766394.9836653027,-6896.582722981111
2020-08-17,755738.0568225798,-10656.926842722925
2020-08-18,760318.1243629544,4580.0675403745845
2020-08-19,743738.6439652191,-16579.480397735257
2020-08-20,754957.2501634083,11218.606198189198
2020-08-21,739761.0329199746,-15196.217243433697
2020-08-24,750615.3323626672,10854.299442692543
2020-08-25,748447.9223777092,-2167.409984958009
2020-08-26,756386.7824613452,7938.860083636013
2020-08-27,753321.9977435526,-3064.784717792645
2020-08-28,768639.3955335937,15317.39779004117
2020-08-31,790991.3045397764,22351.909006182686
2020-09-01,788927.1020897067,-2064.2024500697153
2020-09-02,747732.5850768603,-41194.51701284642
2020-09-03,730309.5049628358,-17423.08011402446
2020-09-04,730309.5049628358,0.0
2020-09-07,730309.5049628358,0.0
2020-09-08,730309.5049628358,0.0
2020-09-09,730119.0812922815,-190.42367055430077
2020-09-10,725767.2316901103,-4351.84960217122
2020-09-11,724659.0527301378,-1108.178959972458
2020-09-14,720522.6823701834,-4136.370359954424
2020-09-15,711899.207706912,-8623.474663271452
2020-09-16,701610.9414275434,-10288.266279368545
2020-09-17,710664.6082773103,9053.666849766858
2020-09-18,716310.5793456906,5645.971068380284
2020-09-21,707806.8153725397,-8503.763973150868
2020-09-22,711282.4686979196,3475.6533253799425
2020-09-23,709224.35441727,-2058.1142806495773
2020-09-24,715687.7749328444,6463.420515574398
2020-09-25,714809.9519344267,-877.8229984177742
2020-09-28,710535.064579113,-4274.887355313636
2020-09-29,718288.8156753224,7753.751096209395
2020-09-30,714169.8385462811,-4118.977129041334
2020-10-01,703039.0993428357,-11130.73920344538
2020-10-02,692534.1910111705,-10504.90833166521
2020-10-05,706377.4720059992,13843.280994828674
2020-10-06,680057.9147420116,-26319.557263987605
2020-10-07,683180.0963510929,3122.1816090813372
2020-10-08,695111.0879616189,11930.99161052599
2020-10-09,702084.6129714726,6973.525009853649
2020-10-12,732502.1318763286,30417.518904856057
2020-10-13,724268.7248763613,-8233.406999967294
2020-10-14,723928.4166848036,-340.3081915577641
2020-10-15,726496.5685230251,2568.1518382215872
2020-10-16,714737.6328284397,-11758.935694585438
2020-10-19,739178.2819860062,24440.649157566484
2020-10-20,744350.2015524328,5171.919566426659
2020-10-21,795181.9652696131,50831.763717180234
2020-10-22,808568.3029216276,13386.337652014568
2020-10-23,805698.7243672038,-2869.578554423875
2020-10-26,807859.3301390791,2160.605771875358
2020-10-27,838906.6674155717,31047.337276492617
2020-10-28,815759.8209864087,-23146.846429163008
2020-10-29,823237.0446613437,7477.2236749349395
2020-10-30,827311.4361849573,4074.3915236135945
2020-11-02,827604.8361969149,293.40001195762306
2020-11-03,848280.1164444381,20675.280247523217
2020-11-04,861534.7758646738,13254.659420235665
2020-11-05,935065.5843308825,73530.80846620875
2020-11-06,946537.5014665378,11471.917135655298
2020-11-09,909914.9905664338,-36622.51090010407
2020-11-10,918070.3602980473,8155.369731613551
2020-11-11,914799.3322593981,-3271.0280386492377
2020-11-12,911161.5633871756,-3637.768872222514
2020-11-13,918870.3179106446,7708.754523469019
2020-11-16,919951.2873754855,1080.9694648409495
2020-11-17,964256.1812619477,44304.8938864622
2020-11-18,968191.4460042875,3935.2647423397284
2020-11-19,965249.6141594268,-2941.831844860688
2020-11-20,1011670.415407576,46420.80124814925
2020-11-23,1031785.553847185,20115.13843960897
2020-11-24,1062183.3415512426,30397.787704057642
2020-11-25,1036123.7129292773,-26059.628621965297
2020-11-26,951099.2865554165,-85024.4263738608
2020-11-27,951099.2865554165,0.0
2020-11-30,949636.1153074006,-1463.1712480159476
2020-12-01,919024.8118785862,-30611.303428814397
2020-12-02,933834.738248297,14809.926369710825
2020-12-03,942923.4600865267,9088.721838229685
2020-12-04,915184.3482517753,-27739.111834751442
2020-12-07,933482.7714370536,18298.423185278312
2020-12-08,901098.8457276666,-32383.92570938694
2020-12-09,909758.4354463248,8659.589718658128
2020-12-10,899009.8602150222,-10748.57523130253
2020-12-11,891342.9564119726,-7666.903803049587
2020-12-14,935529.3959565196,44186.439544547
2020-12-15,941743.1065207062,6213.710564186564
2020-12-16,1012697.0852181725,70953.97869746631
2020-12-17,1066166.934325855,53469.84910768247
2020-12-18,1082197.6476006613,16030.713274806272
2020-12-21,1053083.2565794114,-29114.391021249816
2020-12-22,1093818.615753812,40735.35917440057
2020-12-23,1050546.5153598639,-43272.100393948145
2020-12-24,1068946.8083777938,18400.293017929886
2020-12-25,1103501.6804922863,34554.87211449258
2020-12-28,1203123.0230950443,99621.34260275797
2020-12-29,1218199.7932119372,15076.770116892876
2020-12-30,1273445.4470419104,55245.65382997319
2020-12-31,1275845.1705008855,2399.723458975088
2021-01-01,1297571.7966777154,21726.626176829915
2021-01-04,1477157.9428219667,179586.14614425134
2021-01-05,1555344.7545688993,78186.81174693257
2021-01-06,1683044.8692215122,127700.11465261295
2021-01-07,1781537.737632959,98492.86841144669
2021-01-08,1856125.6603170696,74587.9226841107
2021-01-11,1630219.906869093,-225905.75344797666
2021-01-12,1582089.6543373617,-48130.25253173127
2021-01-13,1705764.7351694356,123675.08083207393
2021-01-14,1769298.2885699698,63533.553400534205
2021-01-15,1680706.9003945598,-88591.38817540999
2021-01-18,1687492.0051520762,6785.104757516412
2021-01-19,1662690.20786512,-24801.79728695634
2021-01-20,1645373.8882298814,-17316.3196352385
2021-01-21,1448370.01702776,-197003.8712021215
2021-01-22,1448370.01702776,0.0
2021-01-25,1436977.6767336896,-11392.340294070309
2021-01-26,1442291.5629891753,5313.886255485704
2021-01-27,1425382.7838394616,-16908.779149713693
2021-01-28,1436003.5913958137,10620.807556352112
2021-01-29,1473168.2768147055,37164.68541889172
2021-02-01,1444379.0607279942,-28789.21608671127
2021-02-02,1535359.409984883,90980.34925688873
2021-02-03,1632569.971135009,97210.56115012616
2021-02-04,1613511.1172913685,-19058.853843640536
2021-02-05,1678981.5628839713,65470.445592602715
2021-02-08,1975858.7756202577,296877.21273628646
2021-02-09,1988091.9737155566,12233.198095298838
2021-02-10,1949166.1021363474,-38925.87157920911
2021-02-11,2059778.296846293,110612.19470994547
2021-02-12,2056158.5949402982,-3619.701905994676
2021-02-15,2055193.750062397,-964.8448779012542
2021-02-16,2090013.529516916,34819.77945451904
2021-02-17,2200541.04698464,110527.51746772393
2021-02-18,2210054.497434374,9513.450449733995
2021-02-19,2393588.5680117426,183534.0705773686
2021-02-22,2281042.1857183515,-112546.38229339104
2021-02-23,2288540.391752254,7498.206033902708
2021-02-24,2309638.4094059397,21098.01765368553
2021-02-25,2274350.7772003454,-35287.63220559433
2021-02-26,2274350.7772003454,0.0
2021-03-01,2274350.7772003454,0.0
2021-03-02,2274350.7772003454,0.0
2021-03-03,2274350.7772003454,0.0
2021-03-04,2274350.7772003454,0.0
2021-03-05,2274350.7772003454,0.0
2021-03-08,2274350.7772003454,0.0
2021-03-09,2274350.7772003454,0.0
2021-03-10,2274350.7772003454,0.0
2021-03-11,2274073.87662623,-276.90057411557063
2021-03-12,2261379.6239412036,-12694.252685026266
2021-03-15,2073232.6348905594,-188146.98905064422
2021-03-16,2075524.8272564535,2292.192365894094
2021-03-17,2077998.3602437738,2473.53298732033
2021-03-18,2071904.5383992048,-6093.821844568942
2021-03-19,2077123.9085001973,5219.370100992499
2021-03-22,2058165.8056942457,-18958.10280595161
2021-03-23,2056261.7658185533,-1904.039875692455
2021-03-24,2043466.4221467627,-12795.343671790557
2021-03-25,2043758.5168825677,292.09473580494523
2021-03-26,2059642.384385448,15883.867502880283
2021-03-29,2111713.6597474082,52071.27536196029
2021-03-30,2118881.3199422145,7167.660194806289
2021-03-31,2131698.798483056,12817.47854084149
2021-04-01,2137320.2509921426,5621.452509086579
2021-04-02,2168377.46571716,31057.214725017548
2021-04-05,2177429.030474383,9051.564757222775
2021-04-06,2194145.378280556,16716.34780617291
2021-04-07,2207032.4815295828,12887.103249026928
2021-04-08,2208385.173504884,1352.6919753011316
2021-04-09,2212423.707162671,4038.533657786902
2021-04-12,2265995.6263731546,53571.919210483786
2021-04-13,2359968.113402993,93972.48702983838
2021-04-14,2358447.3605433702,-1520.7528596227057
2021-04-15,2386779.50864088,28332.148097509984
2021-04-16,2304749.15087926,-82030.35776162008
2021-04-19,2165787.078951173,-138962.07192808716
2021-04-20,2188220.701701394,22433.62275022082
2021-04-21,2199072.3482822897,10851.646580895875
2021-04-22,2258134.3139150334,59061.96563274367
2021-04-23,2236754.399686993,-21379.91422804026
2021-04-26,2315369.422128961,78615.02244196786
2021-04-27,2356167.257901317,40797.83577235602
2021-04-28,2374424.9811321623,18257.723230845295
2021-04-29,2317966.229592748,-56458.75153941428
2021-04-30,2449221.4137678077,131255.18417505966
2021-05-03,2544859.080994047,95637.66722623957
2021-05-04,2375998.286473907,-168860.79452014016
2021-05-05,2426922.4812481496,50924.194774242584
2021-05-06,2381976.9070650935,-44945.57418305613
2021-05-07,2405055.5655963523,23078.658531258814
2021-05-10,2423431.7118349425,18376.146238590125
2021-05-11,2489376.5290740184,65944.8172390759
2021-05-12,2209148.1728296145,-280228.35624440387
2021-05-13,2196781.97871609,-12366.19411352463
2021-05-14,2211355.8953837357,14573.916667645797
2021-05-17,2246479.9618847985,35124.06650106283
2021-05-18,2323142.911824079,76662.94993928075
2021-05-19,2146274.534750069,-176868.3770740102
2021-05-20,2145680.788145167,-593.7466049022041
2021-05-21,2106413.925714129,-39266.862431037705
2021-05-24,2056556.2005025295,-49857.72521159961
2021-05-25,2048037.240922392,-8518.959580137394
2021-05-26,2084740.4066901652,36703.165767773055
2021-05-27,2071793.1967064915,-12947.209983673645
2021-05-28,2041694.8254805712,-30098.371225920273
2021-05-31,2066705.3358042955,25010.510323724244
2021-06-01,2054580.8296724495,-12124.506131845992
2021-06-02,2074254.7153145308,19673.885642081266
2021-06-03,2110771.4598097284,36516.744495197665
2021-06-04,2097158.033749783,-13613.426059945486
2021-06-07,2102768.4804632296,5610.4467134466395
2021-06-08,2124325.7766856872,21557.296222457662
2021-06-09,2125027.1179460227,701.3412603354082
2021-06-10,2095650.4797548251,-29376.638191197533
2021-06-11,2085003.6651170847,-10646.814637740375
2021-06-14,2206791.205989482,121787.54087239713
2021-06-15,2229732.5515693617,22941.345579879824
2021-06-16,2145784.6824283297,-83947.86914103199
2021-06-17,2132278.82795975,-13505.85446857987
2021-06-18,2033136.0517684259,-99142.776191324
2021-06-21,1815926.0632726394,-217209.98849578644
2021-06-22,1815926.0632726394,0.0
2021-06-23,1815926.0632726394,0.0
2021-06-24,1815926.0632726394,0.0
2021-06-25,1815926.0632726394,0.0
2021-06-28,1815926.0632726394,0.0
2021-06-29,1815926.0632726394,0.0
2021-06-30,1815926.0632726394,0.0
2021-07-01,1815926.0632726394,0.0
2021-07-02,1815926.0632726394,0.0
2021-07-05,1815926.0632726394,0.0
2021-07-06,1815926.0632726394,0.0
2021-07-07,1815926.0632726394,0.0
2021-07-08,1815926.0632726394,0.0
2021-07-09,1815926.0632726394,0.0
2021-07-12,1815926.0632726394,0.0
2021-07-13,1815926.0632726394,0.0
2021-07-14,1815926.0632726394,0.0
2021-07-15,1815926.0632726394,0.0
2021-07-16,1815926.0632726394,0.0
2021-07-19,1815926.0632726394,0.0
2021-07-20,1815926.0632726394,0.0
2021-07-21,1812294.2111460946,-3631.852126544807
2021-07-22,1835152.038356698,22857.827210603282
2021-07-23,1910385.4358143483,75233.3974576504
2021-07-26,2069384.3638484937,158998.92803414539
2021-07-27,2157430.7250532345,88046.36120474082
2021-07-28,2176226.476433151,18795.751379916444
2021-07-29,2220645.5006319187,44419.02419876773
2021-07-30,2328484.933718868,107839.4330869494
2021-08-02,2262114.878991091,-66370.05472777691
2021-08-03,2203083.881378852,-59030.99761223933
2021-08-04,2326846.009390945,123762.12801209325
2021-08-05,2402818.581684248,75972.57229330298
2021-08-06,2501584.6386512048,98766.0569669567
2021-08-09,2692177.672088347,190593.03343714215
2021-08-10,2670320.850089918,-21856.82199842902
2021-08-11,2683553.36539408,13232.515304162167
2021-08-12,2607769.946899445,-75783.41849463526
2021-08-13,2821852.930942138,214082.9840426934
2021-08-16,2832818.7342935936,10965.803351455368
2021-08-17,2762731.696663367,-70087.03763022646
2021-08-18,2822823.4390550517,60091.74239168456
2021-08-19,2932844.489703549,110021.05064849742
2021-08-20,3091287.8906008224,158443.40089727333
2021-08-23,3086783.607567929,-4504.283032893203
2021-08-24,2951571.8437141906,-135211.76385373855
2021-08-25,3017642.6633678903,66070.81965369964
2021-08-26,2937130.604228586,-80512.05913930433
2021-08-27,3139084.488673474,201953.88444488822
2021-08-30,3204766.58755778,65682.09888430592
2021-08-31,3247420.5226272293,42653.935069449246
2021-09-01,3424065.826249203,176645.30362197384
2021-09-02,3542890.510442997,118824.68419379368
2021-09-03,3727062.66638065,184172.15593765303
2021-09-06,3934062.682574606,207000.01619395614
2021-09-07,3654982.42319707,-279080.2593775359
2021-09-08,3773142.2771952017,118159.85399813158
2021-09-09,3754350.281441951,-18791.99575325055
2021-09-10,3699336.164440526,-55014.11700142501
2021-09-13,3629363.4418721087,-69972.72256841743
2021-09-14,3555566.8012450156,-73796.64062709315
2021-09-15,3562319.7228404135,6752.921595397871
2021-09-16,3518447.9516632226,-43871.77117719082
2021-09-17,3486214.4022659627,-32233.54939725995
2021-09-20,3382382.3375465125,-103832.0647194502
2021-09-21,3382382.3375465125,0.0
2021-09-22,3375617.5728714187,-6764.764675093815
2021-09-23,3458001.106672157,82383.5338007384
2021-09-24,3257122.8154814984,-200878.2911906587
2021-09-27,3219209.4547156375,-37913.36076586088
2021-09-28,3107980.9357476328,-111228.51896800473
2021-09-29,3163200.742468994,55219.806721361354
2021-09-30,3322449.4959323923,159248.7534633982
2021-10-01,3692479.345041856,370029.84910946386
2021-10-04,3780053.3107713037,87573.96572944755
2021-10-05,3894195.7354619815,114142.42469067778
2021-10-06,3998585.172792411,104389.43733042944
2021-10-07,3942617.5488330685,-55967.62395934248
2021-10-08,3969480.075210527,26862.52637745859
2021-10-11,4015082.0783046116,45602.00309408456
2021-10-12,3991955.0333871483,-23127.044917463325
2021-10-13,4048254.1842034045,56299.15081625618
2021-10-14,4104329.3409920367,56075.156788632274
2021-10-15,4363156.230665336,258826.88967329962
2021-10-18,4316494.108052612,-46662.12261272408
2021-10-19,4429930.0251898775,113435.9171372652
2021-10-20,4689822.894860567,259892.8696706891
2021-10-21,4597799.901063266,-92022.99379730038
2021-10-22,4610409.853374365,12609.952311098576
2021-10-25,4759354.081495929,148944.2281215638
2021-10-26,4674818.274785816,-84535.80671011284
2021-10-27,4524986.228360098,-149832.04642571788
2021-10-28,4689046.5070851715,164060.27872507367
2021-10-29,4755593.7761568995,66547.26907172799
2021-11-01,4750385.786422125,-5207.989734774455
2021-11-02,4920540.030119301,170154.24369717576
2021-11-03,5059875.431580546,139335.4014612455
2021-11-04,5066896.000280409,7020.568699862808
2021-11-05,4988625.794502524,-78270.20577788539
2021-11-08,5144633.970272988,156008.17577046435
2021-11-09,5048218.114416429,-96415.85585655924
2021-11-10,4920098.966685817,-128119.1477306122
2021-11-11,4947329.203911506,27230.237225688994
2021-11-12,4868448.803300978,-78880.40061052795
2021-11-15,4870450.371420306,2001.568119328469
2021-11-16,4541020.864581645,-329429.5068386616
2021-11-17,4541020.864581645,0.0
2021-11-18,4541020.864581645,0.0
2021-11-19,4536118.596601594,-4902.267980050296
2021-11-22,4482051.69652517,-54066.9000764247
2021-11-23,4586684.86414058,104633.16761541087
2021-11-24,4518197.549897392,-68487.31424318813
2021-11-25,4475944.655804164,-42252.894093228504
2021-11-26,4322104.151805655,-153840.50399850868
2021-11-29,4510526.61854555,188422.46673989482
2021-11-30,4586899.184753157,76372.56620760728
2021-12-01,4700773.694311577,113874.5095584197
2021-12-02,4705283.177264858,4509.482953281142
2021-12-03,4488430.129809113,-216853.04745574482
2021-12-06,4525785.893991733,37355.76418261975
2021-12-07,4513965.801187628,-11820.092804105021
2021-12-08,4547604.462802423,33638.661614795215
2021-12-09,4461125.963863953,-86478.49893847015
2021-12-10,4403935.917982109,-57190.045881844126
2021-12-13,4368256.319682413,-35679.59829969611
2021-12-14,4368256.319682413,0.0
2021-12-15,4365743.754974949,-2512.564707463607
2021-12-16,4355999.041119636,-9744.713855313137
2021-12-17,4345795.631340178,-10203.409779458307
2021-12-20,4332919.749259914,-12875.882080263458
2021-12-21,4378058.925269547,45139.17600963265
2021-12-22,4367545.82065075,-10513.104618797079
2021-12-23,4447965.5357390605,80419.71508831065
2021-12-24,4449630.829360772,1665.293621711433
2021-12-27,4485880.680032196,36249.85067142453
2021-12-28,4356815.325487391,-129065.35454480536
2021-12-29,4356815.325487391,0.0
2021-12-30,4356815.325487391,0.0
2021-12-31,4356815.325487391,0.0
2022-01-03,4356815.325487391,0.0
2022-01-04,4356815.325487391,0.0
2022-01-05,4356815.325487391,0.0
2022-01-06,4356815.325487391,0.0
2022-01-07,4356815.325487391,0.0
2022-01-10,4356815.325487391,0.0
2022-01-11,4356815.325487391,0.0
2022-01-12,4354325.642768318,-2489.6827190732583
2022-01-13,4307703.036287417,-46622.60648090113
2022-01-14,4308923.143254912,1220.1069674957544
2022-01-17,4257878.711174687,-51044.43208022509
2022-01-18,4271482.703926667,13603.992751979269
2022-01-19,4224026.990814027,-47455.71311263926
2022-01-20,4153704.08140097,-70322.90941305738
2022-01-21,4027070.671888793,-126633.40951217711
2022-01-24,4027070.671888793,0.0
2022-01-25,4027070.671888793,0.0
2022-01-26,4027070.671888793,0.0
2022-01-27,4027070.671888793,0.0
2022-01-28,4027070.671888793,0.0
2022-01-31,4027070.671888793,0.0
2022-02-01,4027070.671888793,0.0
2022-02-02,4027070.671888793,0.0
2022-02-03,4027070.671888793,0.0
2022-02-04,4019016.5305450154,-8054.141343777534
2022-02-07,4233088.376385771,214071.84584075538
2022-02-08,4209667.999362609,-23420.37702316139
2022-02-09,4264142.034618021,54474.03525541164
2022-02-10,4106243.6981712715,-157898.3364467495
2022-02-11,3915244.726633683,-190998.97153758863
2022-02-14,3926323.68238822,11078.955754537135
2022-02-15,4108922.357501568,182598.67511334782
2022-02-16,4038390.3843284934,-70531.97317307442
2022-02-17,3711145.5623513055,-327244.8219771879
2022-02-18,3711145.5623513055,0.0
2022-02-21,3711145.5623513055,0.0
2022-02-22,3711145.5623513055,0.0
2022-02-23,3711145.5623513055,0.0
2022-02-24,3711145.5623513055,0.0
2022-02-25,3711145.5623513055,0.0
2022-02-28,3703723.2712266035,-7422.291124701966
2022-03-01,3770155.6764319665,66432.40520536294
2022-03-02,3756318.9348548143,-13836.741577152163
2022-03-03,3612674.5194426607,-143644.41541215358
2022-03-04,3327686.6079891226,-284987.9114535381
2022-03-07,3285077.567326439,-42609.04066268355
2022-03-08,3285946.305402959,868.7380765201524
2022-03-09,3323710.7200168693,37764.41461391002
2022-03-10,3172570.08793284,-151140.63208402926
2022-03-11,3157284.039780727,-15286.048152112868
2022-03-14,3160268.2805154417,2984.240734714549
2022-03-15,3172681.5504723936,12413.269956951961
2022-03-16,3205401.7680458394,32720.217573445756
2022-03-17,3218742.568772692,13340.80072685238
2022-03-18,3273537.8779966733,54795.309223981574
2022-03-21,3251148.2145648743,-22389.66343179904
2022-03-22,3287134.493672663,35986.27910778858
2022-03-23,3337422.401177224,50287.90750456089
2022-03-24,3411369.529503237,73947.12832601322
2022-03-25,3386088.8394206087,-25280.69008262828
2022-03-28,3520984.4461439936,134895.60672338493
2022-03-29,3590541.491026974,69557.04488298018
2022-03-30,3633098.7317711352,42557.24074416142
2022-03-31,3554946.5869550016,-78152.14481613366
2022-04-01,3690014.432363407,135067.84540840564
2022-04-04,3698611.673185391,8597.240821983665
2022-04-05,3625349.254892862,-73262.41829252895
2022-04-06,3448493.6876948834,-176855.5671979785
2022-04-07,3448493.6876948834,0.0
2022-04-08,3448493.6876948834,0.0
2022-04-11,3448493.6876948834,0.0
2022-04-12,3448493.6876948834,0.0
2022-04-13,3448493.6876948834,0.0
2022-04-14,3448493.6876948834,0.0
2022-04-15,3448493.6876948834,0.0
2022-04-18,3448493.6876948834,0.0
2022-04-19,3448493.6876948834,0.0
2022-04-20,3448493.6876948834,0.0
2022-04-21,3448493.6876948834,0.0
2022-04-22,3448493.6876948834,0.0
2022-04-25,3448493.6876948834,0.0
2022-04-26,3448493.6876948834,0.0
2022-04-27,3448493.6876948834,0.0
2022-04-28,3448493.6876948834,0.0
2022-04-29,3448493.6876948834,0.0
2022-05-02,3448493.6876948834,0.0
2022-05-03,3448493.6876948834,0.0
2022-05-04,3441596.7003194937,-6896.987375389785
2022-05-05,3170635.2364615253,-270961.46385796834
2022-05-06,3170635.2364615253,0.0
2022-05-09,3170635.2364615253,0.0
2022-05-10,3170635.2364615253,0.0
2022-05-11,3170635.2364615253,0.0
2022-05-12,3170635.2364615253,0.0
2022-05-13,3170635.2364615253,0.0
2022-05-16,3170635.2364615253,0.0
2022-05-17,3170635.2364615253,0.0
2022-05-18,3170635.2364615253,0.0
2022-05-19,3170635.2364615253,0.0
2022-05-20,3170635.2364615253,0.0
2022-05-23,3170635.2364615253,0.0
2022-05-24,3170635.2364615253,0.0
2022-05-25,3170635.2364615253,0.0
2022-05-26,3170635.2364615253,0.0
2022-05-27,3170635.2364615253,0.0
2022-05-30,3165719.67364004,-4915.562821485102
2022-05-31,3143683.9525518194,-22035.72108822083
2022-06-01,2988127.1881954675,-155556.76435635192
2022-06-02,2988127.1881954675,0.0
2022-06-03,2988127.1881954675,0.0
2022-06-06,2983846.000293683,-4281.187901784666
2022-06-07,2923848.5747906826,-59997.42550300015
2022-06-08,2871139.5616216264,-52709.01316905627
2022-06-09,2885423.0465393607,14283.484917734284
2022-06-10,2790388.272897988,-95034.77364137257
2022-06-13,2533355.370774107,-257032.90212388104
2022-06-14,2558877.3219343973,25521.95116029028
2022-06-15,2638906.2066068104,80028.88467241311
2022-06-16,2563490.006698813,-75416.19990799762
2022-06-17,2576117.680537184,12627.673838370945
2022-06-20,2654484.5865305793,78366.90599339548
2022-06-21,2666288.4981359886,11803.911605409347
2022-06-22,2632764.7649592822,-33523.73317670636
2022-06-23,2700726.8120527067,67962.04709342448
2022-06-24,2768407.5136443605,67680.70159165375
2022-06-27,2705354.5266404725,-63052.987003888
2022-06-28,2652964.335887916,-52390.19075255655
2022-06-29,2628611.2892657258,-24353.04662219016
2022-06-30,2623824.898117403,-4786.3911483227275
2022-07-01,2610657.8774692053,-13167.020648197737
2022-07-04,2673297.509645643,62639.63217643788
2022-07-05,2635401.29830885,-37896.21133679338
2022-07-06,2723496.250989014,88094.95268016402
2022-07-07,2850106.4572354606,126610.20624644682
2022-07-08,2840734.34179916,-9372.115436300635
2022-07-11,2559723.8233751827,-281010.5184239773
2022-07-12,2521025.9243712774,-38697.899003905244
2022-07-13,2572567.933803487,51542.009432209656
2022-07-14,2650188.9018947487,77620.96809126157
2022-07-15,2696133.94327844,45945.04138369113
2022-07-18,3042941.0489566405,346807.1056782007
2022-07-19,3085986.458436514,43045.409479873255
2022-07-20,3024279.151864402,-61707.30657211179
2022-07-21,3075055.560395038,50776.408530636225
2022-07-22,2986917.926874388,-88137.63352065021
2022-07-25,2784090.0639860933,-202827.86288829474
2022-07-26,2784090.0639860933,0.0
2022-07-27,2778521.8838581215,-5568.180127971806
2022-07-28,2915259.09311115,136737.2092530285
2022-07-29,2903668.926996469,-11590.166114680935
2022-08-01,2816301.0670617116,-87367.85993475746
2022-08-02,2772665.4774880433,-43635.589573668316
2022-08-03,2742407.511008904,-30257.966479139403
2022-08-04,2726986.434851769,-15421.076157134958
2022-08-05,2862302.067156725,135315.6323049562
2022-08-08,2937285.5039626467,74983.4368059216
2022-08-09,2834632.217596887,-102653.28636575956
2022-08-10,2995585.3233390804,160953.1057421933
2022-08-11,3020123.1372438422,24537.813904761802
2022-08-12,3122203.9931110726,102080.85586723033
2022-08-15,3056287.3567244257,-65916.63638664689
2022-08-16,3017948.9388366155,-38338.41788781015
2022-08-17,2926985.521061737,-90963.41777487844
2022-08-18,2919089.092739774,-7896.428321963176
2022-08-19,2593388.702484032,-325700.3902557418
2022-08-22,2593388.702484032,0.0
2022-08-23,2593388.702484032,0.0
2022-08-24,2593388.702484032,0.0
2022-08-25,2593388.702484032,0.0
2022-08-26,2593388.702484032,0.0
2022-08-29,2591345.9422877845,-2042.7601962476037
2022-08-30,2572181.491891377,-19164.450396407396
2022-08-31,2591770.98392492,19589.492033543065
2022-09-01,2613097.0174180805,21326.03349316027
2022-09-02,2607218.543352742,-5878.474065338261
2022-09-05,2633448.139197637,26229.595844894648
2022-09-06,2597063.533486512,-36384.60571112484
2022-09-07,2640968.8741660533,43905.34067954123
2022-09-08,2655908.392519106,14939.518353052903
2022-09-09,2722879.461863606,66971.06934449961
2022-09-12,2806805.5826738435,83926.12081023771
2022-09-13,2551855.4245614703,-254950.1581123732
2022-09-14,2551855.4245614703,0.0
2022-09-15,2551855.4245614703,0.0
2022-09-16,2551855.4245614703,0.0
2022-09-19,2551855.4245614703,0.0
2022-09-20,2551855.4245614703,0.0
2022-09-21,2551855.4245614703,0.0
2022-09-22,2551855.4245614703,0.0
2022-09-23,2551855.4245614703,0.0
2022-09-26,2551855.4245614703,0.0
2022-09-27,2551855.4245614703,0.0
2022-09-28,2551855.4245614703,0.0
2022-09-29,2551855.4245614703,0.0
2022-09-30,2551855.4245614703,0.0
2022-10-03,2551855.4245614703,0.0
2022-10-04,2549667.656680487,-2187.767880983185
2022-10-05,2540213.037124781,-9454.619555706158
2022-10-06,2529193.813649785,-11019.223474996164
2022-10-07,2507260.211832761,-21933.60181702394
2022-10-10,2485499.919020534,-21760.292812226806
2022-10-11,2480665.0905588213,-4834.828461712692
2022-10-12,2486356.713447153,5691.622888331767
2022-10-13,2498459.5113713793,12102.79792422615
2022-10-14,2487871.096547751,-10588.41482362803
2022-10-17,2507470.0069438308,19598.910396079533
2022-10-18,2495856.6261003017,-11613.380843529012
2022-10-19,2485395.2835778315,-10461.34252247028
2022-10-20,2480789.751421921,-4605.532155910507
2022-10-21,2487163.1822099476,6373.430788026657
2022-10-24,2480401.7790385843,-6761.403171363287
2022-10-25,2608258.6341296695,127856.85509108519
2022-10-26,2728677.3926173276,120418.75848765811
2022-10-27,2654191.379589606,-74486.01302772155
2022-10-28,2722138.0046319696,67946.62504236354
2022-10-31,2736667.73188536,14529.727253390476
2022-11-01,2736460.4406011594,-207.2912842007354
2022-11-02,2653600.5768443705,-82859.8637567889
2022-11-03,2666037.4495931366,12436.872748766094
2022-11-04,2842439.2213475853,176401.77175444877
2022-11-07,2739386.583837777,-103052.63750980841
2022-11-08,2446022.6355083883,-293363.94832938863
2022-11-09,2446022.6355083883,0.0
2022-11-10,2442019.6325911353,-4003.0029172529466
2022-11-11,2401397.4303634153,-40622.20222772006
2022-11-14,2342622.2403629017,-58775.19000051357
2022-11-15,2365484.5814460223,22862.341083120555
2022-11-16,2325377.5935249496,-40106.987921072636
2022-11-17,2314941.7642554236,-10435.82926952606
2022-11-18,2324418.0360301,9476.271774676628
2022-11-21,2192609.6444977173,-131808.39153238293
2022-11-22,2236063.8341490054,43454.18965128809
2022-11-23,2296088.521287951,60024.687138945796
2022-11-24,2318964.9056100473,22876.384322096128
2022-11-25,2294341.9732571384,-24622.932352908887
2022-11-28,2234487.22594703,-59854.747310108505
2022-11-29,2282493.331881055,48006.105934025254
2022-11-30,2407336.200555231,124842.86867417581
2022-12-01,2361336.269674487,-45999.93088074401
2022-12-02,2389400.726873255,28064.457198767923
2022-12-05,2345163.611608717,-44237.115264537744
2022-12-06,2365777.4224817283,20613.810873011127
2022-12-07,2327558.1947882865,-38219.22769344179
2022-12-08,2347357.9141240264,19799.719335739966
2022-12-09,2329105.2778050867,-18252.636318939738
2022-12-12,2340970.9318962437,11865.65409115702
2022-12-13,2406918.3753268216,65947.44343057787
2022-12-14,2409678.9853888,2760.6100619784556
2022-12-15,2344670.059675777,-65008.92571302317
2022-12-16,2291128.9352430776,-53541.12443269929
2022-12-19,2291128.9352430776,0.0
2022-12-20,2287283.375560437,-3845.5596826407127
2022-12-21,2278983.092330782,-8300.283229654655
2022-12-22,2283273.9013418024,4290.809011020232
2022-12-23,2282881.4195262673,-392.4818155351095
2022-12-26,2295248.995982866,12367.576456598472
2022-12-27,2272569.028357184,-22679.967625681777
2022-12-28,2245397.2276806305,-27171.80067655351
2022-12-29,2259573.892457868,14176.664777237456
2022-12-30,2255449.7864059038,-4124.10605196422
2023-01-02,2271622.9790152856,16173.192609381862
2023-01-03,2338759.05315889,67136.07414360438
2023-01-04,2384668.44194385,45909.38878495991
2023-01-05,2377905.7749907086,-6762.666953141335
2023-01-06,2402707.621861868,24801.846871159505
2023-01-09,2547794.560766597,145086.93890472874
2023-01-10,2570412.9365073214,22618.375740724616
2023-01-11,2643700.332721203,73287.39621388167
2023-01-12,2729328.235856891,85627.90313568804
2023-01-13,2869846.5082562827,140518.2723993915
2023-01-16,3212062.66172272,342216.1534664375
2023-01-17,3182012.2076720907,-30050.4540506294
2023-01-18,3047865.3553702664,-134146.85230182437
2023-01-19,3118327.242003091,70461.88663282478
2023-01-20,3427509.062122461,309181.8201193698
2023-01-23,3379135.9742820435,-48373.0878404174
2023-01-24,3253054.8512377553,-126081.12304428825
2023-01-25,3338722.5861641243,85667.73492636904
2023-01-26,3326617.6432284694,-12104.942935654894
2023-01-27,3331131.47904741,4513.835818940774
2023-01-30,3235872.231086789,-95259.24796062103
2023-01-31,3235872.231086789,0.0
2023-02-01,3235872.231086789,0.0
2023-02-02,3235872.231086789,0.0
2023-02-03,3235872.231086789,0.0
2023-02-06,3235872.231086789,0.0
2023-02-07,3235872.231086789,0.0
2023-02-08,3235872.231086789,0.0
2023-02-09,3235872.231086789,0.0
2023-02-10,3235872.231086789,0.0
2023-02-13,3235872.231086789,0.0
2023-02-14,3235872.231086789,0.0
2023-02-15,3229400.4866246157,-6471.744462173432
2023-02-16,3116044.346240025,-113356.14038459072
2023-02-17,3204149.110845275,88104.76460525021
2023-02-20,3223746.2618875094,19597.151042234153
2023-02-21,3172149.6763279918,-51596.58555951761
2023-02-22,3148710.4319894784,-23439.244338513352
2023-02-23,3141025.7915646904,-7684.640424787998
2023-02-24,3071505.9347993904,-69519.85676530004
2023-02-27,3106705.3523486797,35199.4175492893
2023-02-28,3067078.3241206924,-39627.02822798723
2023-03-01,3133201.759236084,66123.43511539139
2023-03-02,3112995.1143037104,-20206.644932373427
2023-03-03,2995169.7333108033,-117825.3809929071
2023-03-06,2995169.7333108033,0.0
2023-03-07,2995169.7333108033,0.0
2023-03-08,2995169.7333108033,0.0
2023-03-09,2995169.7333108033,0.0
2023-03-10,2995169.7333108033,0.0
2023-03-13,3245767.7157773445,250597.98246654123
2023-03-14,3309762.590657474,63994.87488012947
2023-03-15,3197454.7667165534,-112307.82394092064
2023-03-16,3264905.3534472412,67450.58673068788
2023-03-17,3543816.601162112,278911.2477148706
2023-03-20,3540879.632531749,-2936.9686303627677
2023-03-21,3630045.5215879665,89165.88905621739
2023-03-22,3492893.6864459217,-137151.83514204482
2023-03-23,3631257.601301938,138363.91485601617
2023-03-24,3484728.9080879283,-146528.69321400952
2023-03-27,3412353.2460896545,-72375.6619982738
2023-03-28,3479998.9119190257,67645.6658293712
2023-03-29,3575904.857355255,95905.94543622946
2023-03-30,3538692.986515976,-37211.870839279145
2023-03-31,3605890.907389464,67197.92087348783
2023-04-03,3534257.8582149786,-71633.04917448526
2023-04-04,3615469.722262595,81211.86404761625
2023-04-05,3644836.260244899,29366.537982304115
2023-04-06,3598931.5362264407,-45904.72401845828
2023-04-07,3582296.839753628,-16634.69647281291
2023-04-10,3723356.274949698,141059.43519607
2023-04-11,3817307.3741771975,93951.09922749968
2023-04-12,3866950.4465032243,49643.07232602686
2023-04-13,3962969.6773682386,96019.23086501425
2023-04-14,4043673.5786034404,80703.90123520186
2023-04-17,3958201.3354149293,-85472.24318851111
2023-04-18,3985783.1083702836,27581.772955354303
2023-04-19,3699113.3600503094,-286669.74831997417
2023-04-20,3699113.3600503094,0.0
2023-04-21,3699113.3600503094,0.0
2023-04-24,3699113.3600503094,0.0
2023-04-25,3699113.3600503094,0.0
2023-04-26,3699113.3600503094,0.0
2023-04-27,3699113.3600503094,0.0
2023-04-28,3699113.3600503094,0.0
2023-05-01,3699113.3600503094,0.0
2023-05-02,3699113.3600503094,0.0
2023-05-03,3699113.3600503094,0.0
2023-05-04,3699113.3600503094,0.0
2023-05-05,3696338.7740007206,-2774.586049588863
2023-05-08,3627885.584578454,-68453.18942226656
2023-05-09,3627885.584578454,0.0
2023-05-10,3627885.584578454,0.0
2023-05-11,3627885.584578454,0.0
2023-05-12,3627885.584578454,0.0
2023-05-15,3627885.584578454,0.0
2023-05-16,3627885.584578454,0.0
2023-05-17,3627885.584578454,0.0
2023-05-18,3627885.584578454,0.0
2023-05-19,3627885.584578454,0.0
2023-05-22,3627885.584578454,0.0
2023-05-23,3625253.4540798087,-2632.1304986453615
2023-05-24,3584257.2254464277,-40996.22863338096
2023-05-25,3584257.2254464277,0.0
2023-05-26,3584257.2254464277,0.0
2023-05-29,3553421.436673038,-30835.788773389533
2023-05-30,3582688.9205428413,29267.483869803138
2023-05-31,3522066.789281722,-60622.13126111915
2023-06-01,3480059.6158998893,-42007.173381832894
2023-06-02,3562752.624623331,82693.00872344151
2023-06-05,3366315.9789129184,-196436.6457104124
2023-06-06,3361162.7765638023,-5153.202349116094
2023-06-07,3283032.639340613,-78130.13722318923
2023-06-08,3300054.039555332,17021.40021471912
2023-06-09,3294784.4508004882,-5269.5887548439205
2023-06-12,3207543.4701804663,-87240.98062002193
2023-06-13,3208361.0178684634,817.5476879971102
2023-06-14,3168358.8394723013,-40002.17839616211
2023-06-15,3191115.179498778,22756.340026476886
2023-06-16,3228951.9240861256,37836.74458734738
2023-06-19,3255327.75012183,26375.826035704464
2023-06-20,3329707.666128382,74379.91600655206
2023-06-21,3413113.452248823,83405.78612044081
2023-06-22,3396709.046015698,-16404.4062331249
2023-06-23,3447863.5755692087,51154.529553510714
2023-06-26,3406851.552144727,-41012.02342448151
2023-06-27,3445640.2890138044,38788.7368690772
2023-06-28,3376910.803830812,-68729.48518299218
2023-06-29,3393422.1135421824,16511.30971137015
2023-06-30,3433535.860170932,40113.74662874965
2023-07-03,3495084.5493722633,61548.68920133123
2023-07-04,3461355.9172308506,-33728.6321414127
2023-07-05,3427083.4665227286,-34272.45070812199
2023-07-06,3392600.439172842,-34483.027349886484
2023-07-07,3491391.926847151,98791.48767430894
2023-07-10,3487534.6963450387,-3857.230502112303
2023-07-11,3532108.3457336933,44573.64938865462
2023-07-12,3515498.4779130244,-16609.867820668966
2023-07-13,3745624.9031995186,230126.4252864942
2023-07-14,3680115.975052014,-65508.92814750457
2023-07-17,3686126.5592496176,6010.584197603632
2023-07-18,3627872.5858520158,-58253.97339760186
2023-07-19,3664179.7667612373,36307.180909221526
2023-07-20,3620445.9554309137,-43733.81133032357
2023-07-21,3627862.213112666,7416.257681752089
2023-07-24,3533008.698128201,-94853.51498446474
2023-07-25,3528527.8420313243,-4480.856096876785
2023-07-26,3611757.1968540833,83229.35482275905
2023-07-27,3608348.748164181,-3408.4486899022013
2023-07-28,3597275.6816059966,-11073.066558184568
2023-07-31,3547896.7578379023,-49378.923768094275
2023-08-01,3560080.125762137,12183.36792423483
2023-08-02,3522668.499065531,-37411.62669660617
2023-08-03,3500315.6640222794,-22352.835043251514
2023-08-04,3507226.250660728,6910.58663844876
2023-08-07,3519293.008918401,12066.758257672656
2023-08-08,3566372.0194351724,47079.01051677158
2023-08-09,3563254.491378685,-3117.528056487441
2023-08-10,3566795.405687377,3540.914308691863
2023-08-11,3563841.2838984304,-2954.121788946446
2023-08-14,3588948.2604380865,25106.976539656054
2023-08-15,3520020.749587204,-68927.51085088262
2023-08-16,3493125.503047896,-26895.24653930776
2023-08-17,3493125.503047896,0.0
2023-08-18,3493125.503047896,0.0
2023-08-21,3493125.503047896,0.0
2023-08-22,3493125.503047896,0.0
2023-08-23,3493125.503047896,0.0
2023-08-24,3493125.503047896,0.0
2023-08-25,3493125.503047896,0.0
2023-08-28,3493125.503047896,0.0
2023-08-29,3486139.2520418004,-6986.25100609567
2023-08-30,3404180.028744353,-81959.22329744743
2023-08-31,3239262.6626471174,-164917.3660972356
2023-09-01,3239262.6626471174,0.0
2023-09-04,3239262.6626471174,0.0
2023-09-05,3239262.6626471174,0.0
2023-09-06,3239262.6626471174,0.0
2023-09-07,3239262.6626471174,0.0
2023-09-08,3239262.6626471174,0.0
2023-09-11,3239262.6626471174,0.0
2023-09-12,3234671.977495741,-4590.685151376296
2023-09-13,3264568.8848117366,29896.907315995544
2023-09-14,3292057.0889444635,27488.20413272688
2023-09-15,3304251.9864967577,12194.897552294191
2023-09-18,3307532.9082844723,3280.9217877145857
2023-09-19,3353388.160216292,45855.2519318196
2023-09-20,3350046.928226862,-3341.231989429798
2023-09-21,3256342.753069104,-93704.17515775794
2023-09-22,3262200.3853627834,5857.632293679286
2023-09-25,3244499.1926220073,-17701.19274077611
2023-09-26,3243189.983358344,-1309.2092636632733
2023-09-27,3252707.2335165087,9517.25015816465
2023-09-28,3318415.568150349,65708.33463384025
2023-09-29,3337395.407128636,18979.838978286833
2023-10-02,3508636.1982906093,171240.7911619735
2023-10-03,3511754.7709068917,3118.572616282385
2023-10-04,3512223.029959963,468.25905307149515
2023-10-05,3471016.0373064578,-41206.99265350541
2023-10-06,3533010.712442431,61994.675135973375
2023-10-09,3453036.575584851,-79974.13685757993
2023-10-10,3442263.11693917,-10773.458645681385
2023-10-11,3410424.548452066,-31838.56848710403
2023-10-12,3371338.8773698923,-39085.671082173474
2023-10-13,3401811.2801345927,30472.402764700353
2023-10-16,3587287.389345499,185476.10921090655
2023-10-17,3559520.8646132373,-27766.524732261896
2023-10-18,3529333.50669442,-30187.35791881755
2023-10-19,3622355.977193833,93022.47049941309
2023-10-20,3793232.521435891,170876.54424205795
2023-10-23,4294116.015303712,500883.4938678215
2023-10-24,4269426.707103101,-24689.308200611733
2023-10-25,4410594.964299507,141168.25719640683
2023-10-26,4416955.898431395,6360.934131887741
2023-10-27,4341197.256966662,-75758.64146473352
2023-10-30,4540710.28766248,199513.03069581836
2023-10-31,4718995.034116256,178284.74645377602
2023-11-01,4915114.765445056,196119.73132880032
2023-11-02,4802325.1266368,-112789.63880825602
2023-11-03,4778862.854350858,-23462.27228594199
2023-11-06,4956974.396652765,178111.54230190627
2023-11-07,5016216.727427237,59242.330774472095
2023-11-08,5032634.552607148,16417.82517991122
2023-11-09,5332064.356702715,299429.8040955672
2023-11-10,5860982.693297123,528918.3365944074
2023-11-13,5583623.35383994,-277359.3394571822
2023-11-14,5714083.831651927,130460.47781198658
2023-11-15,6242697.813792643,528613.9821407162
2023-11-16,5785533.94821192,-457163.8655807227
2023-11-17,5785533.94821192,0.0
2023-11-20,5785533.94821192,0.0
2023-11-21,5785533.94821192,0.0
2023-11-22,5779344.193733998,-6189.754477922805
2023-11-23,5770830.2195141055,-8513.974219892174
2023-11-24,5803591.619460494,32761.39994638879
2023-11-27,5748965.841583413,-54625.777877081186
2023-11-28,5790861.74143086,41895.89984744694
2023-11-29,5781057.51243361,-9804.228997250088
2023-11-30,5786717.133176616,5659.620743006468
2023-12-01,5856152.3993017385,69435.26612512209
2023-12-04,6010660.559029408,154508.15972766932
2023-12-05,6123998.814468931,113338.25543952361
2023-12-06,6109393.181125927,-14605.633343004622
2023-12-07,6408669.603629585,299276.42250365857
2023-12-08,6755043.7503744075,346374.14674482215
2023-12-11,6327728.285354036,-427315.4650203716
2023-12-12,6250892.703595981,-76835.5817580549
2023-12-13,6344580.941399239,93688.237803258
2023-12-14,6548714.430561074,204133.48916183505
2023-12-15,6411939.251063772,-136775.1794973025
2023-12-18,6495155.599068274,83216.34800450224
2023-12-19,6438053.823126276,-57101.77594199777
2023-12-20,6825134.385200237,387080.5620739609
2023-12-21,7315789.665810597,490655.2806103602
2023-12-22,7490321.80435244,174532.1385418428
2023-12-25,8463875.374505788,973553.5701533481
2023-12-26,8107576.9305695845,-356298.4439362036
2023-12-27,7867212.2404802665,-240364.69008931797
2023-12-28,7643526.874919973,-223685.3655602932
2023-12-29,7795319.919013222,151793.04409324843
2024-01-01,7953381.632012543,158061.71299932152
2024-01-02,7870665.086613947,-82716.54539859667
2024-01-03,7349569.642669394,-521095.4439445529
2024-01-04,7622296.128269569,272726.48560017534
2024-01-05,7407805.648676023,-214490.47959354613
2024-01-08,7309343.888713911,-98461.75996211171
2024-01-09,7347821.616387057,38477.72767314594
2024-01-10,7599415.316305198,251593.69991814066
2024-01-11,7517996.845370834,-81418.47093436401
2024-01-12,6970972.965647292,-547023.8797235414
2024-01-15,7080830.519875769,109857.55422847625
2024-01-16,7251481.884978008,170651.36510223988
2024-01-17,7408043.911299114,156562.02632110566
2024-01-18,7048281.234685986,-359762.6766131278
2024-01-19,7023299.744846079,-24981.489839907736
2024-01-22,6512612.804434904,-510686.94041117467
2024-01-23,6512612.804434904,0.0
2024-01-24,6512612.804434904,0.0
2024-01-25,6512612.804434904,0.0
2024-01-26,6508947.6541587785,-3665.1502761254087
2024-01-29,6573299.968497339,64352.314338560216
2024-01-30,6558620.50226435,-14679.466232988983
2024-01-31,6542437.946708155,-16182.555556194857
2024-02-01,6564007.227242832,21569.280534677207
2024-02-02,6568821.965058994,4814.737816161476
2024-02-05,6545764.6295112325,-23057.33554776106
2024-02-06,6562057.834425311,16293.204914078116
2024-02-07,6641364.113830425,79306.27940511424
2024-02-08,6682483.486593016,41119.37276259158
2024-02-09,6796463.148044736,113979.6614517197
2024-02-12,7003329.437368582,206866.28932384588
2024-02-13,6986055.270620842,-17274.16674773954
2024-02-14,7143975.410824969,157920.14020412695
2024-02-15,7171730.77769969,27755.3668747209
2024-02-16,7171248.097288855,-482.68041083496064
2024-02-19,7223394.393564728,52146.29627587274
2024-02-20,7279913.035421356,56518.64185662754
2024-02-21,7239194.275507751,-40718.75991360471
2024-02-22,7216150.768519043,-23043.50698870793
2024-02-23,7166812.76105449,-49338.00746455323
2024-02-26,7452161.381606701,285348.62055221107
2024-02-27,7547705.546359852,95544.16475315113
2024-02-28,8162232.8915218515,614527.3451619996
2024-02-29,8327703.00390626,165470.1123844087
2024-03-01,8564241.87591636,236538.8720100997
2024-03-04,9020086.321889482,455844.4459731225
2024-03-05,8540608.68779639,-479477.63409309275
2024-03-06,8831109.995047757,290501.3072513677
2024-03-07,9280127.047214089,449017.05216633156
2024-03-08,9329073.466779446,48946.41956535727
2024-03-11,9526770.772232298,197697.30545285158
2024-03-12,9556562.37708153,29791.60484923236
2024-03-13,9978228.459828591,421666.0827470608
2024-03-14,10326847.360885028,348618.9010564368
2024-03-15,10454418.287499918,127570.92661488988
2024-03-18,10762832.816186149,308414.528686231
2024-03-19,9743595.59883838,-1019237.2173477691
2024-03-20,9724108.407640703,-19487.191197676584
2024-03-21,9268577.488116149,-455530.91952455416
2024-03-22,8991474.147575067,-277103.3405410815
2024-03-25,9772433.293159321,780959.1455842536
2024-03-26,9817679.802142348,45246.50898302719
2024-03-27,9635153.82298586,-182525.97915648855
2024-03-28,9806738.062916579,171584.23993071914
2024-03-29,9823518.584337926,16780.521421346813
2024-04-01,9822308.858665979,-1209.7256719470024
2024-04-02,9208290.686309494,-614018.1723564845
2024-04-03,9208290.686309494,0.0
2024-04-04,9208290.686309494,0.0
2024-04-05,9208290.686309494,0.0
2024-04-08,9205410.222056167,-2880.464253326878
2024-04-09,9128729.123399356,-76681.09865681082
2024-04-10,9128729.123399356,0.0
2024-04-11,9128729.123399356,0.0
2024-04-12,9128729.123399356,0.0
2024-04-15,9128729.123399356,0.0
2024-04-16,9128729.123399356,0.0
2024-04-17,9128729.123399356,0.0
2024-04-18,9128729.123399356,0.0
2024-04-19,9128729.123399356,0.0
2024-04-22,9128729.123399356,0.0
2024-04-23,9128729.123399356,0.0
2024-04-24,9128729.123399356,0.0
2024-04-25,9128729.123399356,0.0
2024-04-26,9128729.123399356,0.0
2024-04-29,9128729.123399356,0.0
2024-04-30,9128729.123399356,0.0
2024-05-01,9128729.123399356,0.0
2024-05-02,9128729.123399356,0.0
2024-05-03,9123383.189194003,-5345.93420535326
2024-05-06,9134925.517750973,11542.328556969762
2024-05-07,9099840.722777827,-35084.79497314617
2024-05-08,9051193.306514395,-48647.41626343131
2024-05-09,9119985.086959459,68791.78044506349
2024-05-10,8803578.088213122,-316406.99874633737
2024-05-13,8928466.337460486,124888.2492473647
2024-05-14,8696542.061112335,-231924.27634815127
2024-05-15,9431286.52209031,734744.4609779753
2024-05-16,9377169.716792632,-54116.80529767834
2024-05-17,9867446.570009356,490276.85321672447
2024-05-20,10873880.627025353,1006434.0570159964
2024-05-21,10594749.0102342,-279131.6167911533
2024-05-22,10486673.68621386,-108075.32402033918
2024-05-23,10424725.679739114,-61948.00647474639
2024-05-24,10155255.234950108,-269470.44478900544
2024-05-27,10339062.9686891,183807.73373899236
2024-05-28,10224581.25341134,-114481.71527776122
2024-05-29,10140430.61271366,-84150.64069768041
2024-05-30,10130033.845841762,-10396.766871897504
2024-05-31,10054331.811845895,-75702.03399586678
2024-06-03,10089125.146750636,34793.334904741496
2024-06-04,10413358.534784721,324233.3880340848
2024-06-05,10514264.19798831,100905.66320358962
2024-06-06,10361579.912013682,-152684.28597462922
2024-06-07,9978208.14143739,-383371.7705762908
2024-06-10,9985406.169561764,7198.028124373406
2024-06-11,9887213.613256581,-98192.5563051831
2024-06-12,9887213.613256581,0.0
2024-06-13,9887213.613256581,0.0
2024-06-14,9887213.613256581,0.0
2024-06-17,9887213.613256581,0.0
2024-06-18,9887213.613256581,0.0
2024-06-19,9887213.613256581,0.0
2024-06-20,9887213.613256581,0.0
2024-06-21,9887213.613256581,0.0
2024-06-24,9887213.613256581,0.0
2024-06-25,9887213.613256581,0.0
2024-06-26,9887213.613256581,0.0
2024-06-27,9876422.904259233,-10790.708997348323
2024-06-28,9515248.366365654,-361174.5378935784
2024-07-01,9515248.366365654,0.0
2024-07-02,9515248.366365654,0.0
2024-07-03,9515248.366365654,0.0
2024-07-04,9515248.366365654,0.0
2024-07-05,9515248.366365654,0.0
2024-07-08,9515248.366365654,0.0
2024-07-09,9515248.366365654,0.0
2024-07-10,9515248.366365654,0.0
2024-07-11,9515248.366365654,0.0
2024-07-12,9515248.366365654,0.0
2024-07-15,9496217.869632924,-19030.49673273042
2024-07-16,9503926.884447781,7709.0148148573935
2024-07-17,9279594.722722746,-224332.16172503494
2024-07-18,9400202.039888816,120607.31716606952
2024-07-19,9874514.114658786,474312.07476997003
2024-07-22,10189180.988579974,314666.8739211876
2024-07-23,9941016.175090866,-248164.81348910742
2024-07-24,10010484.664442586,69468.48935171962
2024-07-25,9838000.482487775,-172484.1819548104
2024-07-26,10281868.335676743,443867.85318896733
2024-07-29,10222813.099581746,-59055.23609499633
2024-07-30,10080526.034404797,-142287.0651769489
2024-07-31,9782929.961457191,-297596.07294760644
2024-08-01,9685089.30513992,-97840.65631727129
2024-08-02,9025996.074549722,-659093.2305901982
2024-08-05,9025996.074549722,0.0
2024-08-06,9016445.9178446,-9550.156705122441
2024-08-07,9034362.750244604,17916.83240000531
2024-08-08,9631055.51105257,596692.760807965
2024-08-09,9332183.453058712,-298872.0579938572
2024-08-12,9007615.549541753,-324567.9035169594
2024-08-13,9058647.40293098,51031.85338922776
2024-08-14,8861319.833000692,-197327.56993028894
2024-08-15,8717235.108408503,-144084.72459218837
2024-08-16,8675696.575250551,-41538.53315795213
2024-08-19,8893198.962785324,217502.38753477298
2024-08-20,8796089.245687319,-97109.71709800512
2024-08-21,8908818.626411617,112729.38072429784
2024-08-22,8887562.730610495,-21255.89580112137
2024-08-23,9456937.805233942,569375.0746234469
2024-08-26,9492450.737207556,35512.9319736138
2024-08-27,8856540.798485247,-635909.9387223087
2024-08-28,8856540.798485247,0.0
2024-08-29,8856540.798485247,0.0
2024-08-30,8856540.798485247,0.0
2024-09-02,8856540.798485247,0.0
2024-09-03,8856540.798485247,0.0
2024-09-04,8856540.798485247,0.0
2024-09-05,8856540.798485247,0.0
2024-09-06,8856540.798485247,0.0
2024-09-09,8856540.798485247,0.0
2024-09-10,8856540.798485247,0.0
2024-09-11,8856540.798485247,0.0
2024-09-12,8856540.798485247,0.0
2024-09-13,8851378.195343463,-5162.603141784668
2024-09-16,8750206.498781456,-101171.69656200707
2024-09-17,8840202.759218203,89996.26043674722
2024-09-18,8897242.389880463,57039.63066226058
2024-09-19,8942442.75749546,45200.36761499569
2024-09-20,9079563.76462619,137121.0071307309
2024-09-23,9026035.779864868,-53527.98476132192
2024-09-24,9341017.200113954,314981.4202490859
2024-09-25,9126791.05393357,-214226.14618038386
2024-09-26,9469329.281275945,342538.2273423746
2024-09-27,9568902.351170184,99573.0698942393
2024-09-30,9284998.881834907,-283903.46933527663
2024-10-01,9026880.385475105,-258118.49635980278
2024-10-02,9026880.385475105,0.0
2024-10-03,9026880.385475105,0.0
2024-10-04,9026880.385475105,0.0
2024-10-07,9026880.385475105,0.0
2024-10-08,9026880.385475105,0.0
2024-10-09,9026880.385475105,0.0
2024-10-10,9026880.385475105,0.0
2024-10-11,9021504.265118679,-5376.120356425643
2024-10-14,9163529.574601794,142025.30948311463
2024-10-15,9109051.372477518,-54478.20212427527
2024-10-16,9121214.09243895,12162.719961430877
2024-10-17,8986368.71055757,-134845.3818813786
2024-10-18,9195429.387368394,209060.67681082338
2024-10-21,9513375.731187107,317946.343818713
2024-10-22,9520933.828597145,7558.097410038114
2024-10-23,9532474.814187353,11540.985590208322
2024-10-24,9800559.291710595,268084.4775232412
2024-10-25,9338955.186098099,-461604.1056124959
2024-10-28,9479236.60203431,140281.41593621112
2024-10-29,9600073.607564725,120837.0055304151
2024-10-30,9583707.598999677,-16366.008565047756
2024-10-31,9492443.993097909,-91263.60590176843
2024-11-01,9460965.891065614,-31478.102032294497
2024-11-04,9389180.258607594,-71785.63245802
2024-11-05,9445446.14747111,56265.88886351511
2024-11-06,10332570.97441346,887124.8269423507
2024-11-07,10716617.208939137,384046.2345256768
2024-11-08,10887747.371326236,171130.16238709912
2024-11-11,12310698.00599254,1422950.6346663032
2024-11-12,11895761.178928591,-414936.8270639479
2024-11-13,12072509.778716475,176748.59978788346
2024-11-14,11680065.954947859,-392443.8237686157
2024-11-15,12137910.764156016,457844.80920815654
2024-11-18,12832524.333891876,694613.5697358605
2024-11-19,12809973.96976549,-22550.36412638612
2024-11-20,12794290.131605873,-15683.838159617037
2024-11-21,13780019.569370888,985729.4377650153
2024-11-22,13769793.012272203,-10226.557098684832
2024-11-25,12858420.063531676,-911372.948740527
2024-11-26,12815183.057645798,-43237.00588587858
2024-11-27,12971515.508857206,156332.45121140778
2024-11-28,12920170.664002746,-51344.84485445917
2024-11-29,13002069.133017315,81898.46901456825
2024-12-02,12960995.322617939,-41073.810399375856
2024-12-03,12955008.015898054,-5987.306719884276
2024-12-04,13179459.291210467,224451.27531241253
2024-12-05,13074103.598319272,-105355.69289119542
2024-12-06,13309008.028244937,234904.42992566526
2024-12-09,13059378.806450441,-249629.22179449536
2024-12-10,13027940.966336548,-31437.84011389315
2024-12-11,13214652.865160361,186711.8988238126
2024-12-12,13167741.132876882,-46911.7322834786
2024-12-13,13226535.17715166,58794.044274777174
2024-12-16,13416271.735244269,189736.55809260905
2024-12-17,13420874.886541933,4603.15129766427
2024-12-18,13159374.303283155,-261500.58325877786
2024-12-19,13159374.303283155,0.0
2024-12-20,13159374.303283155,0.0
2024-12-23,13159374.303283155,0.0
2024-12-24,13159374.303283155,0.0
2024-12-25,13159374.303283155,0.0
2024-12-26,13159374.303283155,0.0
2024-12-27,13159374.303283155,0.0
2024-12-30,13159374.303283155,0.0
2024-12-31,13159374.303283155,0.0
2025-01-01,13159374.303283155,0.0
2025-01-02,13145032.810467625,-14341.492815529928
2025-01-03,13485109.77330601,340076.96283838525
2025-01-06,13553104.931590013,67995.15828400292
2025-01-07,12594145.053844502,-958959.877745511
2025-01-08,12594145.053844502,0.0
2025-01-09,12594145.053844502,0.0
2025-01-10,12594145.053844502,0.0
2025-01-13,12594145.053844502,0.0
2025-01-14,12594145.053844502,0.0
2025-01-15,12568956.763736812,-25188.290107689798
2025-01-16,12648143.389616953,79186.62588014081
2025-01-17,13196683.742371961,548540.3527550083
2025-01-20,13766247.641438344,569563.899066383
2025-01-21,14226639.175778674,460391.53434032947
2025-01-22,14316069.716471074,89430.54069240019
2025-01-23,14247667.573655173,-68402.14281590097
2025-01-24,14265412.316657051,17744.74300187826
2025-01-27,13477851.972402902,-787560.3442541491
2025-01-28,13132548.568477504,-345303.40392539836
2025-01-29,13267669.472106973,135120.90362946875
2025-01-30,13748258.039710483,480588.5676035099
2025-01-31,13433877.489658086,-314380.55005239695
2025-02-03,12686279.50948683,-747597.9801712558
2025-02-04,12548742.793398445,-137536.7160883844
2025-02-05,12499841.498609202,-48901.29478924349
2025-02-06,12498979.4253657,-862.0732435025275
2025-02-07,12496480.173165217,-2499.252200482413
2025-02-10,12531840.076180289,35359.903015071526
2025-02-11,12466056.1336029,-65783.94257738814
2025-02-12,12549289.229242742,83233.09563984163
2025-02-13,12500169.299299328,-49119.929943414405
2025-02-14,12534619.692236334,34450.39293700643
2025-02-17,12467066.294913279,-67553.3973230552
2025-02-18,12457964.808404868,-9101.486508410424
2025-02-19,12500626.334955407,42661.52655053884
2025-02-20,12566729.563919282,66103.22896387428
2025-02-21,12480773.411526145,-85956.15239313617
2025-02-24,12290434.00927569,-190339.4022504557
2025-02-25,12290434.00927569,0.0
2025-02-26,12290434.00927569,0.0
2025-02-27,12290434.00927569,0.0
2025-02-28,12290434.00927569,0.0
2025-03-03,10241833.056687318,-2048600.952588372
2025-03-04,10241833.056687318,0.0
2025-03-05,10241833.056687318,0.0
2025-03-06,10241833.056687318,0.0
2025-03-07,10241833.056687318,0.0
2025-03-10,10241833.056687318,0.0
2025-03-11,10241833.056687318,0.0
2025-03-12,10241833.056687318,0.0
2025-03-13,10241833.056687318,0.0
2025-03-14,10241833.056687318,0.0
2025-03-17,10241833.056687318,0.0
2025-03-18,10241833.056687318,0.0
2025-03-19,10230439.229395648,-11393.827291669324
2025-03-20,9891783.402506793,-338655.82688885555
2025-03-21,9930916.112934308,39132.71042751521
2025-03-24,10452570.401577024,521654.28864271566
2025-03-25,10576192.613377834,123622.21180080995
2025-03-26,10302406.020266496,-273786.5931113381
2025-03-27,10346809.34593985,44403.32567335479
2025-03-28,9961697.842101194,-385111.50383865647
2025-03-31,9961697.842101194,0.0
2025-04-01,9955238.155851068,-6459.686250125989
2025-04-02,9847434.011562044,-107804.14428902417
2025-04-03,9847434.011562044,0.0
2025-04-04,9847434.011562044,0.0
2025-04-07,9847434.011562044,0.0
2025-04-08,9847434.011562044,0.0
2025-04-09,9827739.143538918,-19694.868023125455
2025-04-10,9318286.75675813,-509452.3867807891
2025-04-11,9892016.775356455,573730.0185983256
2025-04-14,10331783.7869274,439767.0115709454
2025-04-15,10133671.842321562,-198111.9446058385
2025-04-16,10374630.206613697,240958.36429213546
2025-04-17,10558107.547259135,183477.34064543806
2025-04-18,10517980.090604719,-40127.4566544164
2025-04-21,10745737.990897113,227757.90029239468
2025-04-22,11654970.617020959,909232.6261238456
2025-04-23,11804742.628363902,149772.01134294271
2025-04-24,11845543.00602706,40800.37766315788
2025-04-25,11824958.649642037,-20584.3563850224
2025-04-28,11703306.556363031,-121652.09327900596
2025-04-29,11614675.806628758,-88630.74973427318
2025-04-30,11662692.918408195,48017.11177943647
2025-05-01,11929947.47683333,267254.5584251359
2025-05-02,11821439.722784245,-108507.75404908508
2025-05-05,11660470.942723623,-160968.78006062284
2025-05-06,11737371.29579693,76900.35307330824
2025-05-07,11763599.42162916,26228.125832229853
2025-05-08,13068546.419573823,1304946.9979446623
2025-05-09,13570357.38749308,501810.96791925654
2025-05-12,13747594.471993819,177237.08450073935
2025-05-13,14386340.93946854,638746.4674747214
2025-05-14,13976143.537600294,-410197.4018682465
2025-05-15,13584546.876455748,-391596.6611445453
2025-05-16,13490520.69376464,-94026.18269110844
2025-05-19,13543293.701088434,52773.00732379407
2025-05-20,13657516.111939907,114222.41085147299
2025-05-21,14024417.785073156,366901.67313324846
2025-05-22,14460377.300684495,435959.51561133936
2025-05-23,13912472.814555282,-547904.4861292131
2025-05-26,13991284.14380543,78811.32925014757
2025-05-27,14155727.86992983,164443.72612440027
2025-05-28,13960758.14196291,-194969.72796691954
2025-05-29,13667427.779234918,-293330.36272799224
2025-05-30,13102313.370386496,-565114.4088484216
2025-06-02,13163019.477782354,60706.10739585757
2025-06-03,13152147.886095481,-10871.591686872765
2025-06-04,13164235.628448837,12087.742353355512
2025-06-05,13009082.731649706,-155152.89679913037
2025-06-06,13001018.980105793,-8063.751543913037
2025-06-09,13210629.78724209,209610.80713629723
2025-06-10,13475217.267315561,264587.4800734706
2025-06-11,13212205.434166104,-263011.83314945735
2025-06-12,12643973.828231266,-568231.6059348378
2025-06-13,12599153.076992452,-44820.751238813624
2025-06-16,12598901.975659147,-251.10133330523968
2025-06-17,12493194.870705545,-105707.10495360196
2025-06-18,12513634.373560404,20439.502854859456
2025-06-19,12504092.369709492,-9542.003850912675
2025-06-20,12370354.828534605,-133737.54117488675
2025-06-23,12454660.864785805,84306.03625120036
2025-06-24,12542235.097930556,87574.23314475082
2025-06-25,12459806.96303381,-82428.1348967459
2025-06-26,12237257.749694869,-222549.21333894134
2025-06-27,12391972.458118701,154714.70842383243
2025-06-30,13016033.4059162,624060.9477974977
2025-07-01,12543831.788745299,-472201.6171709001
2025-07-02,13026858.870295102,483027.0815498028
2025-07-03,13079175.670916975,52316.80062187277
2025-07-04,12744988.959949613,-334186.7109673619
2025-07-07,12830674.10254299,85685.1425933782
2025-07-08,13042328.92300182,211654.8204588294
2025-07-09,13495693.431439733,453364.5084379129
2025-07-10,14117820.12189558,622126.6904558465
2025-07-11,14124585.121209027,6764.999313447624
2025-07-14,14225643.146224327,101058.02501530014
2025-07-15,14312311.060941396,86667.9147170689
2025-07-16,14962598.630075091,650287.5691336952
2025-07-17,15154254.918790674,191656.28871558234
2025-07-18,15228890.151201567,74635.23241089284
2025-07-21,16216229.830894625,987339.6796930581
2025-07-22,16751990.923862582,535761.0929679573
2025-07-23,15857781.43655814,-894209.4873044416
2025-07-24,15898159.537181044,40378.100622903556
2025-07-25,15883541.007623183,-14618.529557861388
2025-07-28,15937146.993513137,53605.98588995449
2025-07-29,15941314.7366566,4167.743143463507
2025-07-30,15948222.207509914,6907.470853313804
2025-07-31,15789584.657550896,-158637.54995901883
2025-08-01,15543555.842884542,-246028.81466635317
2025-08-04,15606163.456859836,62607.613975293934
2025-08-05,15499651.314018885,-106512.14284095168
2025-08-06,15581338.447262974,81687.13324408978
2025-08-07,15828508.096920962,247169.64965798706
2025-08-08,15860375.239745608,31867.142824646086
2025-08-11,16082351.453515308,221976.21376970038
2025-08-12,16360591.402968122,278239.9494528137
2025-08-13,17033279.022410702,672687.6194425803
2025-08-14,16286423.927469522,-746855.0949411802
2025-08-15,15904686.0146894,-381737.91278012097
2025-08-18,15699448.681236528,-205237.33345287293
2025-08-19,15226257.861481199,-473190.8197553288
2025-08-20,15918755.887657762,692498.0261765625
2025-08-21,15514061.257908829,-404694.629748933
2025-08-22,16829685.423975553,1315624.1660667248
2025-08-25,15627335.35169365,-1202350.0722819027
2025-08-26,15627335.35169365,0.0
2025-08-27,15627335.35169365,0.0
2025-08-28,15627335.35169365,0.0
2025-08-29,15627335.35169365,0.0
2025-09-01,15627335.35169365,0.0
2025-09-02,15627335.35169365,0.0
2025-09-03,15627335.35169365,0.0
2025-09-04,15627335.35169365,0.0
2025-09-05,15627335.35169365,0.0
2025-09-08,15627335.35169365,0.0
2025-09-09,15627335.35169365,0.0
2025-09-10,15618789.26053659,-8546.091157060117
2025-09-11,15676875.77369366,58086.51315706968
2025-09-12,15676397.647294998,-478.1263986621052
2025-09-15,15259633.343863932,-416764.30343106575
2025-09-16,15389666.376028141,130033.03216420859
2025-09-17,15704629.761692896,314963.3856647555
2025-09-18,15824969.890974963,120340.1292820666
2025-09-19,15381137.784547644,-443832.10642731935
2025-09-22,14448511.480623407,-932626.3039242364
2025-09-23,14448511.480623407,0.0
2025-09-24,14448511.480623407,0.0
2025-09-25,14448511.480623407,0.0
2025-09-26,14428036.252380595,-20475.22824281268
2025-09-29,14907164.678434005,479128.4260534104
2025-09-30,14688229.544156037,-218935.13427796774
2025-10-01,15472848.99612672,784619.4519706834
2025-10-02,16127567.22010965,654718.2239829302
2025-10-03,16134770.41861069,7203.198501039296
2025-10-06,16319093.350333579,184322.93172288872
2025-10-07,15565384.100047054,-753709.2502865251
2025-10-08,15565384.100047054,0.0
2025-10-09,15565384.100047054,0.0
2025-10-10,15565384.100047054,0.0
2025-10-13,16048591.518679984,483207.41863293014
2025-10-14,15722623.584465677,-325967.934214307
2025-10-15,15279535.330858672,-443088.2536070049
2025-10-16,14829767.63446789,-449767.69639078155
2025-10-17,14677748.945085755,-152018.68938213587
2025-10-20,15097740.278236413,419991.33315065876
2025-10-21,14858228.656507948,-239511.62172846496
2025-10-22,14582995.132496879,-275233.5240110699
2025-10-23,15081781.134895166,498786.0023982879
2025-10-24,15224783.19626764,143002.06137247384
2025-10-27,15564712.489159577,339929.2928919364
2025-10-28,15293510.074508706,-271202.4146508705
2025-10-29,15239087.711724892,-54422.36278381385
2025-10-30,14750947.273101173,-488140.4386237189
2025-10-31,14779683.103440112,28735.83033893816
2025-11-03,14610130.35138891,-169552.75205120072
2025-11-04,14610130.35138891,0.0
2025-11-05,14610130.35138891,0.0
2025-11-06,14610130.35138891,0.0
2025-11-07,14610130.35138891,0.0
2025-11-10,14610130.35138891,0.0
2025-11-11,14610130.35138891,0.0
2025-11-12,14610130.35138891,0.0
2025-11-13,14610130.35138891,0.0
2025-11-14,14610130.35138891,0.0
2025-11-17,14610130.35138891,0.0
2025-11-18,14610130.35138891,0.0
2025-11-19,14610130.35138891,0.0
2025-11-20,14610130.35138891,0.0
2025-11-21,14610130.35138891,0.0
2025-11-24,14610130.35138891,0.0
2025-11-25,14610130.35138891,0.0
2025-11-26,14610130.35138891,0.0
2025-11-27,14610130.35138891,0.0
2025-11-28,14610130.35138891,0.0
2025-12-01,14610130.35138891,0.0
2025-12-02,14580910.090686133,-29220.260702777654
2025-12-03,15187511.910894804,606601.8202086706
2025-12-04,14748747.103896797,-438764.806998007
2025-12-05,14210310.783587614,-538436.3203091826
2025-12-08,14351155.82206013,140845.03847251646
2025-12-09,14865224.627735676,514068.8056755457
2025-12-10,14756525.363208035,-108699.26452764124
2025-12-11,14704364.847613692,-52160.51559434272
2025-12-12,14247259.08922566,-457105.75838803314
2025-12-15,13708134.048988948,-539125.0402367115
2025-12-16,13861054.352288837,152920.30329988897
2025-12-17,13332265.379856413,-528788.9724324234
2025-12-18,13099587.933742234,-232677.44611417875
2025-12-19,13716694.943660935,617107.0099187009
2025-12-22,13736966.806592973,20271.862932037562
2025-12-23,13542175.3340138,-194791.47257917374
2025-12-24,13460699.032965621,-81476.30104817823
2025-12-25,13269911.541577572,-190787.49138804898
2025-12-26,13414848.869848887,144937.3282713145
2025-12-29,13464973.117671715,50124.24782282859
2025-12-30,13658204.6761344,193231.55846268497
2025-12-31,13584356.411159849,-73848.26497455128
2026-01-01,13797235.577732941,212879.16657309234
2026-01-02,14253014.334784785,455778.75705184415
2026-01-05,14852700.633134209,599686.2983494233
2026-01-06,15072395.172577076,219694.53944286704
2026-01-07,14555707.591424396,-516687.5811526794
2026-01-08,14555707.591424396,0.0
2026-01-09,14555707.591424396,0.0
2026-01-12,14555707.591424396,0.0
2026-01-13,14526596.176241549,-29111.41518284753
2026-01-14,14699221.909802169,172625.73356061988
2026-01-15,14377954.217601383,-321267.6922007855
2026-01-16,14490151.37174511,112197.15414372645
2026-01-19,13899096.852124915,-591054.519620195
2026-01-20,13493413.436028207,-405683.4160967078
2026-01-21,13493413.436028207,0.0
2026-01-22,13493413.436028207,0.0
2026-01-23,13493413.436028207,0.0
2026-01-26,13479253.583878323,-14159.852149883285
2026-01-27,13645173.076776857,165919.49289853312
2026-01-28,13534960.314093413,-110212.76268344373
2026-01-29,13093966.983499272,-440993.33059414104
2026-01-30,13093966.983499272,0.0
2026-02-02,13093966.983499272,0.0
2026-02-03,13093966.983499272,0.0
2026-02-04,13093966.983499272,0.0
2026-02-05,13093966.983499272,0.0
2026-02-06,13067779.049532272,-26187.933966999874
2026-02-09,13027497.506249025,-40281.54328324646
2026-02-10,12569468.991842404,-458028.51440662146
2026-02-11,12098551.193919262,-470917.7979231421
2026-02-12,11990889.43512573,-107661.75879353285
2026-02-13,12711948.10078775,721058.6656620204
2026-02-16,12816798.512965323,104850.41217757389
2026-02-17,12637118.408196403,-179680.1047689207
2026-02-18,12255856.525607979,-381261.8825884238
2026-02-19,12344004.643820902,88148.11821292341
2026-02-20,12599312.38407261,255307.7402517069
2026-02-23,11728198.79957018,-871113.5845024288
2026-02-24,11728198.79957018,0.0
2026-02-25,11704742.40197104,-23456.397599140182
2026-02-26,11514581.267686471,-190161.13428456895
2026-02-27,11067375.924086235,-447205.3436002359
2026-03-02,11637662.394934101,570286.4708478656
2026-03-03,11593204.361508714,-44458.033425386995
2026-03-04,12236335.25196218,643130.8904534653
2026-03-05,11934418.650853738,-301916.60110844113
2026-03-06,11423519.554543346,-510899.096310392
2026-03-09,11469289.86816185,45770.31361850351
2026-03-10,11658144.55847314,188854.69031129032
2026-03-11,11736564.014435569,78419.45596242882
2026-03-12,11794046.495384827,57482.48094925843
2026-03-13,11925838.734098926,131792.23871409893
2026-03-16,12937390.37749727,1011551.6433983445
2026-03-17,12750727.97660487,-186662.4008924011
2026-03-18,12153678.227261672,-597049.7493431978
2026-03-19,12153678.227261672,0.0
2026-03-20,12153678.227261672,0.0
2026-03-23,12133657.480809214,-20020.746452458203
2026-03-24,12071809.986837305,-61847.493971908465
2026-03-25,12174475.454491222,102665.46765391715
2026-03-26,11675381.706452502,-499093.74803872034
2026-03-27,11538146.778017974,-137234.9284345284
2026-03-30,11557897.549063846,19750.77104587294
2026-03-31,11644149.677111177,86252.1280473303
2026-04-01,11635492.517293334,-8657.159817842767
2026-04-02,11568924.731482133,-66567.78581120074
2026-04-03,11571303.931747079,2379.2002649456263
2026-04-06,11679196.99269662,107893.06094954163
2026-04-07,11835886.945724467,156689.9530278463
2026-04-08,11537970.240654618,-297916.70506984927
2026-04-09,11620308.289599024,82338.04894440621
2026-04-10,11842882.66882115,222574.37922212668
2026-04-13,11943448.053985076,100565.38516392559
2026-04-14,11691305.628578974,-252142.4254061021
2026-04-15,11834589.28475135,143283.65617237613
2026-04-16,12112540.732062966,277951.4473116156
2026-04-17,12278209.934961706,165669.20289874077
2026-04-20,11876281.64324165,-401928.2917200569
2026-04-21,11960002.339365894,83720.69612424448
2026-04-22,12162547.227191573,202544.88782567903
2026-04-23,12072188.991060331,-90358.23613124155
2026-04-24,12020043.557861984,-52145.43319834769
2026-04-27,11909646.48489449,-110397.0729674939
2026-04-28,11791277.215495327,-118369.26939916238
2026-04-29,11659484.064538904,-131793.15095642395
2026-04-30,11689937.906344695,30453.841805791482
2026-05-01,11872562.150915222,182624.24457052723
2026-05-04,12033046.091746747,160483.94083152525
2026-05-05,12252976.279818455,219930.18807170726
2026-05-06,12456715.325884148,203739.04606569372
2026-05-07,12275708.100860914,-181007.22502323426
2026-05-08,12534990.19336147,259282.09250055626
2026-05-11,13005146.05002222,470155.85666074976
2026-05-12,12657314.08758249,-347831.96243973076
2026-05-13,12593783.700252378,-63530.387330111116
2026-05-14,12687680.478136942,93896.77788456343
2026-05-15,12582593.275367564,-105087.2027693782
2026-05-18,12470840.773708766,-111752.50165879726
2026-05-19,12460082.848987618,-10757.924721147865
2026-05-20,12497494.11314492,37411.264157300815
2026-05-21,12501802.162098324,4308.04895340465
2026-05-22,12385265.286568776,-116536.87552954815
2026-05-25,12385265.286568776,0.0
2026-05-26,12385265.286568776,0.0
