Stock,Entry Date,Exit Date,Entry,Exit,Invested,Profit,Return %,Exit Reason,Cumulative Profit,Equity
VEDL.NS,2016-04-26 00:00:00+05:30,2016-04-28 00:00:00+05:30,35.34603500366211,33.13794708251953,10000.0,-624.7059736442297,-6.247059736442306,Stop Loss,-624.7059736442297,99375.29402635577
AUSOMENT.NS,2016-04-26 00:00:00+05:30,2016-04-28 00:00:00+05:30,22.438806533813477,20.58081817626953,10000.0,-828.0245897856039,-8.280245897856053,Stop Loss,-1452.7305634298336,98547.26943657016
THANGAMAYL.NS,2016-04-26 00:00:00+05:30,2016-04-29 00:00:00+05:30,95.5077133178711,89.0376205444336,10000.0,-677.4419100479954,-6.774419100479956,Stop Loss,-2130.172473477829,97869.82752652217
MANAKCOAT.NS,2016-04-28 00:00:00+05:30,2016-04-29 00:00:00+05:30,3.93074369430542,3.681962251663208,9273.634718285084,-586.9393690293873,-6.329118914637677,Stop Loss,-2717.1118425072164,97282.88815749278
SHREERAMA.NS,2016-04-28 00:00:00+05:30,2016-04-29 00:00:00+05:30,5.24412202835083,4.9819159507751465,9273.634718285084,-463.6816937526346,-4.999999545360357,Stop Loss,-3180.793536259851,96819.20646374015
SESHAPAPER.NS,2016-04-26 00:00:00+05:30,2016-05-02 00:00:00+05:30,41.992366790771484,40.227840423583984,10000.0,-420.2016942696555,-4.2020169426965515,Stop Loss,-3600.9952305295064,96399.0047694705
JMA.NS,2016-04-29 00:00:00+05:30,2016-05-02 00:00:00+05:30,28.567766189575195,27.774219512939453,8939.735487913384,-248.32523969007343,-2.7777694320577306,UT Sell,-3849.32047021958,96150.67952978042
GMRAIRPORT.NS,2016-04-29 00:00:00+05:30,2016-05-04 00:00:00+05:30,11.351698875427246,10.721049308776855,8939.735487913382,-496.65167947907685,-5.555552288438015,Stop Loss,-4345.972149698657,95654.02785030134
VEDL.NS,2016-05-02 00:00:00+05:30,2016-05-04 00:00:00+05:30,36.75721740722656,34.74835205078125,9135.604276976828,-499.28150814278706,-5.465226962611059,Stop Loss,-4845.253657841444,95154.74634215856
INDRAMEDCO.NS,2016-05-04 00:00:00+05:30,2016-05-06 00:00:00+05:30,46.56990432739258,44.425506591796875,8539.703288634173,-393.226498084834,-4.6046857226081155,Stop Loss,-5238.480155926278,94761.51984407371
GOKULAGRO.NS,2016-05-06 00:00:00+05:30,2016-05-09 00:00:00+05:30,6.363330841064453,6.089907169342041,8146.476790549339,-350.0430279845086,-4.29686399389968,Stop Loss,-5588.523183910786,94411.47681608921
LTF.NS,2016-04-26 00:00:00+05:30,2016-05-13 00:00:00+05:30,60.044464111328125,61.39567184448242,10000.0,225.0345228577644,2.250345228577655,UT Sell,-5363.488661053022,94636.51133894698
KHAITANLTD.NS,2016-04-26 00:00:00+05:30,2016-05-16 00:00:00+05:30,10.800000190734863,10.300000190734863,10000.0,-462.96295478674256,-4.629629547867431,Stop Loss,-5826.451615839765,94173.54838416024
TAINWALCHM.NS,2016-04-25 00:00:00+05:30,2016-05-17 00:00:00+05:30,38.28171920776367,45.78020477294922,10000.0,1958.7640577189177,19.5876405771892,UT Sell,-3867.687558120847,96132.31244187916
PUNJABCHEM.NS,2016-05-02 00:00:00+05:30,2016-05-19 00:00:00+05:30,163.3927459716797,167.473876953125,9135.604276976828,228.18392228659104,2.497743065137481,UT Sell,-3639.503635834256,96360.49636416574
TANLA.NS,2016-05-16 00:00:00+05:30,2016-05-19 00:00:00+05:30,34.63459777832031,34.726341247558594,9537.037045213257,25.262625262233996,0.2648896627167163,UT Sell,-3614.241010572022,96385.75898942798
USHAMART.NS,2016-05-09 00:00:00+05:30,2016-05-20 00:00:00+05:30,13.5066499710083,12.881787300109863,7796.43376256483,-360.68902613275714,-4.626333489352952,Stop Loss,-3974.930036704779,96025.06996329522
SOMATEX.NS,2016-05-19 00:00:00+05:30,2016-05-20 00:00:00+05:30,6.300000190734863,5.5,9463.043934869456,-1201.656622798435,-12.698415341500924,Stop Loss,-5176.586659503214,94823.41334049679
BALRAMCHIN.NS,2016-04-29 00:00:00+05:30,2016-05-24 00:00:00+05:30,93.61839294433594,90.51526641845703,8939.735487913382,-296.32136863724554,-3.31465476845344,UT Sell,-5472.9080281404595,94527.09197185954
AUSOMENT.NS,2016-05-20 00:00:00+05:30,2016-05-24 00:00:00+05:30,21.86712074279785,20.81902313232422,7848.566024251548,-376.1841072913958,-4.7930297856833,Stop Loss,-5849.092135431855,94150.90786456814
ASAL.NS,2016-04-26 00:00:00+05:30,2016-05-25 00:00:00+05:30,38.04999923706055,38.29999923706055,10000.0,65.70302365643693,0.6570302365643599,UT Sell,-5783.389111775418,94216.61088822458
MAGNUM.NS,2016-05-17 00:00:00+05:30,2016-05-25 00:00:00+05:30,2.765316963195801,2.6222829818725586,11958.764057718918,-618.558254856991,-5.172426279768727,Stop Loss,-6401.947366632409,93598.0526333676
PFC.NS,2016-05-13 00:00:00+05:30,2016-05-26 00:00:00+05:30,39.912132263183594,38.276763916015625,10225.034522857764,-418.9627779622806,-4.097421647092736,Stop Loss,-6820.91014459469,93179.08985540531
ZENITHSTL.NS,2016-05-19 00:00:00+05:30,2016-05-31 00:00:00+05:30,0.75,0.699999988079071,9463.043934869456,-630.8697460689964,-6.666668256123865,Stop Loss,-7451.779890663686,92548.22010933631
WEBELSOLAR.NS,2016-05-20 00:00:00+05:30,2016-05-31 00:00:00+05:30,5.085000038146973,4.65500020980835,7848.566024251548,-663.6936121562658,-8.456240415198103,Stop Loss,-8115.473502819952,91884.52649718005
EKC.NS,2016-05-24 00:00:00+05:30,2016-05-31 00:00:00+05:30,16.180362701416016,15.10492992401123,8057.898018118144,-535.5706670846721,-6.6465307190590295,Stop Loss,-8651.044169904624,91348.95583009538
PREMIERPOL.NS,2016-05-31 00:00:00+05:30,2016-06-02 00:00:00+05:30,3.436715602874756,3.273923873901367,7846.457983976405,-371.67418230943986,-4.73684027963257,Stop Loss,-9022.718352214064,90977.28164778593
KOTHARIPET.NS,2016-05-31 00:00:00+05:30,2016-06-03 00:00:00+05:30,19.266403198242188,18.46548843383789,7846.457983976405,-326.1814871713068,-4.157053894093576,Stop Loss,-9348.89983938537,90651.10016061463
ADANIENT.NS,2016-05-26 00:00:00+05:30,2016-06-03 00:00:00+05:30,39.552242279052734,38.4580192565918,9806.071744895484,-271.2875135489121,-2.7665258893310507,UT Sell,-9620.187352934283,90379.81264706572
CANBK.NS,2016-05-25 00:00:00+05:30,2016-06-03 00:00:00+05:30,32.79173278808594,32.60517501831055,10702.954413259182,-60.89093608590156,-0.5689170834033308,UT Sell,-9681.078289020184,90318.92171097982
SWELECTES.NS,2016-04-26 00:00:00+05:30,2016-06-06 00:00:00+05:30,255.4305877685547,243.89407348632812,10000.0,-451.64967841203907,-4.516496784120383,Stop Loss,-10132.727967432224,89867.27203256778
FILATEX.NS,2016-06-03 00:00:00+05:30,2016-06-09 00:00:00+05:30,6.662471294403076,6.303798675537109,9232.374735108318,-497.02278302873674,-5.383477136588577,Stop Loss,-10629.75075046096,89370.24924953905
SOTL.NS,2016-05-24 00:00:00+05:30,2016-06-20 00:00:00+05:30,101.03742218017578,103.32640838623047,8057.898018118144,182.5503562469812,2.2654835769392756,UT Sell,-10447.200394213978,89552.79960578601
FEDERALBNK.NS,2016-05-04 00:00:00+05:30,2016-06-22 00:00:00+05:30,44.706787109375,50.93004608154297,8539.703288634173,1188.7408724010165,13.920165984960597,UT Sell,-9258.459521812962,90741.54047818703
ELECTHERM.NS,2016-06-09 00:00:00+05:30,2016-06-22 00:00:00+05:30,63.95000076293945,73.8499984741211,8735.351952079582,1352.3059155625724,15.480840645929938,UT Sell,-7906.153606250389,92093.84639374961
CHAMBLFERT.NS,2016-06-02 00:00:00+05:30,2016-06-23 00:00:00+05:30,53.409271240234375,54.00758361816406,7474.783801666965,83.73556813328378,1.120240669898842,UT Sell,-7822.418038117105,92177.5819618829
KOTAKBANK.NS,2016-04-26 00:00:00+05:30,2016-06-24 00:00:00+05:30,139.26329040527344,145.83058166503906,10000.0,471.5737536183442,4.71573753618344,UT Sell,-7350.844284498761,92649.15571550124
STCINDIA.NS,2016-06-03 00:00:00+05:30,2016-06-24 00:00:00+05:30,91.75,95.5,9232.374735108317,377.3450164213209,4.087193460490468,UT Sell,-6973.49926807744,93026.50073192256
UNICHEMLAB.NS,2016-06-22 00:00:00+05:30,2016-07-05 00:00:00+05:30,246.13694763183594,250.8179473876953,9908.051014338671,188.42999730594966,1.9017867089426543,UT Sell,-6785.069270771491,93214.93072922851
MUTHOOTFIN.NS,2016-06-24 00:00:00+05:30,2016-07-07 00:00:00+05:30,237.20675659179688,233.927978515625,10040.64675257399,-138.78631838290676,-1.382244807560118,UT Sell,-6923.855589154397,93076.1444108456
GOLDTECH.NS,2016-06-24 00:00:00+05:30,2016-07-08 00:00:00+05:30,6.75,6.300000190734863,10040.64675257399,-669.3761664528756,-6.6666638409649925,Stop Loss,-7593.231755607273,92406.76824439273
SHAHALLOYS.NS,2016-07-07 00:00:00+05:30,2016-07-11 00:00:00+05:30,8.800000190734863,8.699999809265137,9901.860434191083,-112.52156809287771,-1.1363679466167786,UT Sell,-7705.753323700151,92294.24667629985
BANCOINDIA.NS,2016-05-25 00:00:00+05:30,2016-07-13 00:00:00+05:30,34.163360595703125,39.886234283447266,10702.954413259182,1792.9048877138248,16.751495133836247,UT Sell,-5912.848435986326,94087.15156401368
TNPETRO.NS,2016-07-13 00:00:00+05:30,2016-07-18 00:00:00+05:30,18.183250427246094,17.427364349365234,12495.859300973007,-519.4586146495749,-4.157045963290629,Stop Loss,-6432.307050635901,93567.6929493641
JPOLYINVST.NS,2016-07-18 00:00:00+05:30,2016-07-20 00:00:00+05:30,106.75,97.1500015258789,11976.400686323432,-1077.0344572755766,-8.992972809481115,Stop Loss,-7509.3415079114775,92490.65849208852
INDOTHAI.NS,2016-07-05 00:00:00+05:30,2016-08-02 00:00:00+05:30,2.212843894958496,2.2344114780426025,10096.48101164462,98.40580872959981,0.9746545218686009,UT Sell,-7410.935699181878,92589.06430081812
BAJAJHLDNG.NS,2016-07-11 00:00:00+05:30,2016-08-02 00:00:00+05:30,1446.338134765625,1566.110107421875,9789.338866098205,810.6599686546178,8.281049208154823,UT Sell,-6600.27573052726,93399.72426947275
NITCO.NS,2016-06-03 00:00:00+05:30,2016-08-22 00:00:00+05:30,41.45000076293945,54.349998474121094,9232.374735108318,2873.283733643593,31.121827439664518,UT Sell,-3726.9919968836666,96273.00800311634
KOHINOOR.NS,2016-08-22 00:00:00+05:30,2016-08-26 00:00:00+05:30,66.5,63.75,12105.658468751912,-500.6099366777107,-4.135338345864659,Stop Loss,-4227.601933561377,95772.39806643862
WEBELSOLAR.NS,2016-06-20 00:00:00+05:30,2016-08-29 00:00:00+05:30,3.9000000953674316,3.734999895095825,8240.448374365125,-348.63476893581446,-4.230774262482706,Stop Loss,-4576.236702497192,95423.76329750281
AUSOMENT.NS,2016-08-29 00:00:00+05:30,2016-08-30 00:00:00+05:30,19.0086727142334,18.103498458862305,7891.813605429311,-375.80038392017923,-4.761901417205805,Stop Loss,-4952.037086417371,95047.96291358263
PENIND.NS,2016-06-23 00:00:00+05:30,2016-09-01 00:00:00+05:30,43.45000076293945,43.25,7558.519369800249,-34.791935882820326,-0.46030094229605467,UT Sell,-4986.829022300191,95013.1709776998
SHAHALLOYS.NS,2016-08-30 00:00:00+05:30,2016-09-02 00:00:00+05:30,9.899999618530273,9.199999809265137,7516.013221509132,-531.4351539613199,-7.0707054165428,Stop Loss,-5518.264176261511,94481.73582373849
SUMMITSEC.NS,2016-06-22 00:00:00+05:30,2016-09-12 00:00:00+05:30,331.1000061035156,397.3999938964844,9908.051014338671,1984.003772858252,20.02415782868956,UT Sell,-3534.2604034032593,96465.73959659674
CGCL.NS,2016-07-20 00:00:00+05:30,2016-09-12 00:00:00+05:30,26.2862548828125,41.950748443603516,10899.366229047855,6495.145575996774,59.59195644501409,UT Sell,2960.8851725935147,102960.88517259351
GABRIEL.NS,2016-08-02 00:00:00+05:30,2016-09-12 00:00:00+05:30,94.60147857666016,104.00709533691406,10397.442827563522,1033.7508884014496,9.942357034760384,UT Sell,3994.6360609949643,103994.63606099496
TATACOMM.NS,2016-08-02 00:00:00+05:30,2016-09-12 00:00:00+05:30,254.828857421875,274.26727294921875,10397.442827563522,793.1198065585722,7.628027580551056,UT Sell,4787.7558675535365,104787.75586755354
BAJAJHLDNG.NS,2016-09-02 00:00:00+05:30,2016-09-16 00:00:00+05:30,1637.5318603515625,1573.5108642578125,6984.578067547812,-273.0692794477718,-3.9096030827763695,UT Sell,4514.686588105765,104514.68658810576
NAGREEKCAP.NS,2016-08-26 00:00:00+05:30,2016-09-16 00:00:00+05:30,13.0,13.100000381469727,11605.048532074201,89.26994462939365,0.7692337036132812,UT Sell,4603.956532735158,104603.95653273516
MAGNUM.NS,2016-09-16 00:00:00+05:30,2016-09-20 00:00:00+05:30,2.812994956970215,2.7176389694213867,9202.913632401818,-311.9639143219192,-3.3898385531246356,UT Sell,4291.992618413239,104291.99261841323
REMSONSIND.NS,2016-09-16 00:00:00+05:30,2016-09-23 00:00:00+05:30,8.375516891479492,8.003271102905273,9202.913632401818,-409.01903567992304,-4.444451529348692,Stop Loss,3882.973582733316,103882.97358273332
INDSWFTLAB.NS,2016-09-20 00:00:00+05:30,2016-09-26 00:00:00+05:30,39.150001525878906,36.54999923706055,8890.949718079899,-590.4594818852365,-6.641129469943207,Stop Loss,3292.5141008480796,103292.51410084809
INDIAGLYCO.NS,2016-06-06 00:00:00+05:30,2016-09-29 00:00:00+05:30,37.15724563598633,52.16305923461914,9548.350321587961,3856.0652881501264,40.38462308438673,UT Sell,7148.579388998206,107148.5793889982
SUBROS.NS,2016-07-08 00:00:00+05:30,2016-09-29 00:00:00+05:30,91.79595947265625,120.28079223632812,9371.270586121114,2907.961058005956,31.030595384927384,UT Sell,10056.540447004161,110056.54044700417
VOLTAMP.NS,2016-09-01 00:00:00+05:30,2016-09-29 00:00:00+05:30,699.3370361328125,667.6519165039062,7523.727433917428,-340.8802787239829,-4.5307366822896045,Stop Loss,9715.660168280177,109715.66016828018
STEL.NS,2016-09-12 00:00:00+05:30,2016-09-29 00:00:00+05:30,35.5,39.099998474121094,12977.080735582153,1315.9850942716057,10.1408407721721,UT Sell,11031.645262551783,111031.64526255178
GRAVITA.NS,2016-09-14 00:00:00+05:30,2016-09-29 00:00:00+05:30,28.422889709472656,28.655485153198242,12977.080735582153,106.19644528788194,0.8183384803694516,UT Sell,11137.841707839665,111137.84170783966
TDPOWERSYS.NS,2016-09-14 00:00:00+05:30,2016-09-29 00:00:00+05:30,35.4580078125,33.305397033691406,12977.080735582153,-787.8221477247153,-6.070873440469304,Stop Loss,10350.01956011495,110350.01956011495
JSL.NS,2016-09-26 00:00:00+05:30,2016-09-29 00:00:00+05:30,22.517751693725586,23.796052932739258,8300.490236194662,471.20721010104535,5.676860000947004,UT Sell,10821.226770215995,110821.22677021599
INDSWFTLAB.NS,2016-10-03 00:00:00+05:30,2016-10-06 00:00:00+05:30,42.29999923706055,39.04999923706055,11600.541921990789,-891.2946081908703,-7.68321526860114,Stop Loss,9929.932162025125,109929.93216202513
CHAMBLFERT.NS,2016-10-03 00:00:00+05:30,2016-10-10 00:00:00+05:30,49.282840728759766,48.09283447265625,11600.541921990787,-280.11204827533766,-2.4146462308311523,UT Sell,9649.820113749787,109649.82011374978
BIRLACABLE.NS,2016-09-12 00:00:00+05:30,2016-10-13 00:00:00+05:30,32.9970588684082,34.99547576904297,12977.080735582153,785.9372426588725,6.056348563077774,UT Sell,10435.75735640866,110435.75735640866
HINDZINC.NS,2016-09-23 00:00:00+05:30,2016-10-13 00:00:00+05:30,103.56419372558594,110.80392456054688,8793.894596721895,614.7436443137685,6.990573261395783,UT Sell,11050.501000722428,111050.50100072243
MAITHANALL.NS,2016-09-30 00:00:00+05:30,2016-10-14 00:00:00+05:30,246.38160705566406,233.44589233398438,11600.54192199079,-609.0604843155197,-5.250276137194431,Stop Loss,10441.440516406909,110441.4405164069
SUPREMEINF.NS,2016-10-14 00:00:00+05:30,2016-10-26 00:00:00+05:30,93.8499984741211,89.4000015258789,10991.481437675271,-521.1727186953867,-4.74160577580538,Stop Loss,9920.267797711522,109920.26779771152
REFEX.NS,2016-05-31 00:00:00+05:30,2016-11-04 00:00:00+05:30,1.6164946556091309,2.9287092685699463,7846.457983976405,6369.4839885981855,81.17655127454438,UT Sell,16289.751786309707,116289.7517863097
GABRIEL.NS,2016-10-10 00:00:00+05:30,2016-11-04 00:00:00+05:30,110.1412124633789,107.32406616210938,11320.42987371545,-289.54926529542536,-2.557758570350055,UT Sell,16000.202521014282,116000.20252101429
MSPL.NS,2016-10-13 00:00:00+05:30,2016-11-04 00:00:00+05:30,12.100000381469727,13.300000190734863,11585.828109638343,1149.007527556454,9.917353482920955,UT Sell,17149.210048570734,117149.21004857073
TFCILTD.NS,2016-10-26 00:00:00+05:30,2016-11-04 00:00:00+05:30,11.463619232177734,10.477317810058594,10470.308718979884,-900.8394443675625,-8.603752463712755,Stop Loss,16248.370604203172,116248.37060420317
UNITEDTEA.NS,2016-11-04 00:00:00+05:30,2016-11-08 00:00:00+05:30,347.8857727050781,329.9554443359375,11887.781873200434,-612.706380343705,-5.15408498304446,Stop Loss,15635.664223859467,115635.66422385946
REMSONSIND.NS,2016-11-07 00:00:00+05:30,2016-11-09 00:00:00+05:30,10.413558959960938,9.929638862609863,11887.781873200434,-552.4275210315864,-4.647019325589808,Stop Loss,15083.23670282788,115083.23670282788
SILINV.NS,2016-11-07 00:00:00+05:30,2016-11-09 00:00:00+05:30,97.53307342529297,92.58004760742188,11887.781873200434,-603.6976839480212,-5.078303844966947,Stop Loss,14479.53901887986,114479.53901887986
ADANIENT.NS,2016-11-08 00:00:00+05:30,2016-11-09 00:00:00+05:30,34.588199615478516,33.04026794433594,11275.07549285673,-504.5954008576409,-4.475317271066825,Stop Loss,13974.943618022218,113974.94361802223
THOMASCOTT.NS,2016-11-09 00:00:00+05:30,2016-11-10 00:00:00+05:30,13.550000190734863,13.0,11129.972877806782,-451.77026712171573,-4.059041940906683,Stop Loss,13523.173350900503,113523.1733509005
CHENNPETRO.NS,2016-11-07 00:00:00+05:30,2016-11-11 00:00:00+05:30,209.169921875,204.05776977539062,11887.781873200433,-290.5396173504214,-2.4440187450394557,UT Sell,13232.633733550081,113232.63373355009
VOLTAMP.NS,2016-11-10 00:00:00+05:30,2016-11-11 00:00:00+05:30,809.7128295898438,767.4514770507812,10678.202610685066,-557.327571606209,-5.219301336804771,Stop Loss,12675.306161943872,112675.30616194387
MASTEK.NS,2016-10-03 00:00:00+05:30,2016-11-11 00:00:00+05:30,103.44256591796875,115.2586441040039,11600.541921990789,1325.1112743986105,11.422839409654095,UT Sell,14000.417436342483,114000.41743634248
BLS.NS,2016-11-11 00:00:00+05:30,2016-11-15 00:00:00+05:30,41.98624801635742,39.9185905456543,11547.92349710609,-568.6897833928197,-4.924606432795775,Stop Loss,13431.727652949663,113431.72765294966
MBAPL.NS,2016-11-11 00:00:00+05:30,2016-11-15 00:00:00+05:30,11.277872085571289,9.766158103942871,11547.923497106089,-1547.9123434716894,-13.40424833832331,Stop Loss,11883.815309477974,111883.81530947797
ALICON.NS,2016-10-13 00:00:00+05:30,2016-11-15 00:00:00+05:30,341.82159423828125,379.5976257324219,11585.828109638343,1280.394846120529,11.05138824781422,UT Sell,13164.210155598503,113164.2101555985
RECLTD.NS,2016-11-09 00:00:00+05:30,2016-11-15 00:00:00+05:30,46.96309280395508,45.796295166015625,11129.972877806784,-276.52408069388184,-2.4844991423588425,UT Sell,12887.68607490462,112887.68607490462
NAGREEKCAP.NS,2016-11-16 00:00:00+05:30,2016-11-17 00:00:00+05:30,12.449999809265137,11.850000381469727,11249.368023465106,-542.1377092806106,-4.819272586244527,Stop Loss,12345.54836562401,112345.54836562401
BANKBARODA.NS,2016-11-15 00:00:00+05:30,2016-11-21 00:00:00+05:30,153.4093780517578,141.7914581298828,11249.368023465107,-851.9313390621064,-7.573148440739585,Stop Loss,11493.617026561904,111493.6170265619
CHENNPETRO.NS,2016-11-17 00:00:00+05:30,2016-11-21 00:00:00+05:30,205.57969665527344,198.08705139160156,10707.230314184495,-390.2402805620659,-3.644642630364381,UT Sell,11103.376745999838,111103.37674599983
TECHM.NS,2016-11-16 00:00:00+05:30,2016-12-01 00:00:00+05:30,327.9599304199219,351.2113952636719,11249.368023465107,797.5495200803816,7.089727337720397,UT Sell,11900.92626608022,111900.92626608022
TATACOMM.NS,2016-09-30 00:00:00+05:30,2016-12-02 00:00:00+05:30,312.81231689453125,347.6521911621094,11600.54192199079,1292.0252821572776,11.137628662916388,UT Sell,13192.951548237497,113192.9515482375
IFGLEXPOR.NS,2016-11-15 00:00:00+05:30,2016-12-02 00:00:00+05:30,64.16259765625,69.78330993652344,11249.368023465107,985.4566882337967,8.760107111601535,UT Sell,14178.408236471294,114178.4082364713
KAMDHENU.NS,2016-12-01 00:00:00+05:30,2016-12-07 00:00:00+05:30,3.647153377532959,3.4673819541931152,12046.917543545489,-593.8032458415128,-4.92908865438082,Stop Loss,13584.604990629781,113584.60499062978
BPCL.NS,2016-12-07 00:00:00+05:30,2016-12-12 00:00:00+05:30,115.674560546875,111.95994567871094,11453.114297703976,-367.789671781753,-3.2112634364915404,UT Sell,13216.815318848028,113216.81531884804
JSL.NS,2016-10-06 00:00:00+05:30,2016-12-14 00:00:00+05:30,28.27010154724121,37.36570358276367,10709.247313799919,3445.585489091305,32.1739277105995,UT Sell,16662.40080793933,116662.40080793932
INDIANB.NS,2016-11-09 00:00:00+05:30,2016-12-16 00:00:00+05:30,191.43612670898438,195.14842224121094,11129.972877806784,215.8304667900793,1.9391823246977191,UT Sell,16878.231274729413,116878.23127472942
GOKULAGRO.NS,2016-10-03 00:00:00+05:30,2016-12-19 00:00:00+05:30,7.979021072387695,10.315556526184082,11600.541921990789,3397.042975332266,29.283485186951474,UT Sell,20275.27425006168,120275.27425006169
GOLDTECH.NS,2016-12-02 00:00:00+05:30,2016-12-20 00:00:00+05:30,6.900000095367432,6.550000190734863,12563.695957923486,-637.2887429462644,-5.072462315870885,Stop Loss,19637.985507115416,119637.98550711542
AUSOMENT.NS,2016-12-02 00:00:00+05:30,2016-12-20 00:00:00+05:30,25.011411666870117,23.343982696533203,12563.695957923486,-837.5804970055069,-6.6666727673975075,Stop Loss,18800.40501010991,118800.40501010991
TANLA.NS,2016-11-21 00:00:00+05:30,2016-12-22 00:00:00+05:30,35.32270812988281,48.9930534362793,10357.213359012716,4008.3756463153186,38.7012945217285,UT Sell,22808.780656425228,122808.78065642522
INDIAGLYCO.NS,2016-11-21 00:00:00+05:30,2016-12-22 00:00:00+05:30,53.74849319458008,61.02809143066406,10357.213359012716,1402.7621542070938,13.543818260598318,UT Sell,24211.542810632323,124211.54281063232
NAGREEKCAP.NS,2016-12-23 00:00:00+05:30,2016-12-30 00:00:00+05:30,11.649999618530273,10.800000190734863,13062.782259273921,-953.0779235510072,-7.29613266633431,Stop Loss,23258.464887081318,123258.46488708133
MBAPL.NS,2016-12-20 00:00:00+05:30,2017-01-03 00:00:00+05:30,10.390040397644043,11.277872085571289,11826.2613379476,1010.5571454678429,8.545026332415052,UT Sell,24269.02203254916,124269.02203254917
CCL.NS,2016-11-16 00:00:00+05:30,2017-01-04 00:00:00+05:30,222.99681091308594,237.0018768310547,11249.368023465107,706.5040081022671,6.280388432741879,UT Sell,24975.526040651428,124975.52604065143
KHAITANLTD.NS,2016-12-16 00:00:00+05:30,2017-01-04 00:00:00+05:30,11.300000190734863,10.75,11345.803344596863,-552.2295485167342,-4.8672582429319045,Stop Loss,24423.296492134694,124423.29649213469
ANANTRAJ.NS,2016-12-30 00:00:00+05:30,2017-01-06 00:00:00+05:30,15.805475234985352,17.606096267700195,12109.704335722914,1379.5844795982812,11.392387801976223,UT Sell,25802.880971732975,125802.88097173297
STCINDIA.NS,2016-12-20 00:00:00+05:30,2017-01-10 00:00:00+05:30,120.44999694824219,228.0,11826.2613379476,10559.688461708274,89.29016668881482,UT Sell,36362.56943344125,136362.56943344124
WEBELSOLAR.NS,2017-01-10 00:00:00+05:30,2017-01-13 00:00:00+05:30,5.224999904632568,4.909999847412109,22385.949799655875,-1349.5838462262727,-6.02870933913654,Stop Loss,35012.98558721498,135012.985587215
GOLDIAM.NS,2017-01-04 00:00:00+05:30,2017-01-13 00:00:00+05:30,12.72356128692627,12.015339851379395,11374.722913823753,-633.1421218722571,-5.566220176693671,Stop Loss,34379.843465342725,134379.8434653427
RUCHINFRA.NS,2016-12-22 00:00:00+05:30,2017-01-16 00:00:00+05:30,3.799999952316284,3.700000047683716,13062.782259273921,-343.7571043565822,-2.6315764707210976,UT Sell,34036.08636098614,134036.08636098614
SHAHALLOYS.NS,2016-12-14 00:00:00+05:30,2017-01-19 00:00:00+05:30,13.300000190734863,16.100000381469727,14154.832802891224,2979.9649608670934,21.05263271112896,UT Sell,37016.051321853236,137016.05132185324
THOMASCOTT.NS,2017-01-06 00:00:00+05:30,2017-01-19 00:00:00+05:30,12.899999618530273,12.649999618530273,13489.288815321195,-261.4203336088558,-1.9379845534327478,UT Sell,36754.63098824438,136754.63098824437
KIRIINDUS.NS,2017-01-03 00:00:00+05:30,2017-01-20 00:00:00+05:30,321.4496765136719,309.3119812011719,12836.818483415444,-484.7085031268889,-3.775923946833948,UT Sell,36269.922485117495,136269.9224851175
PGEL.NS,2017-01-19 00:00:00+05:30,2017-01-25 00:00:00+05:30,17.04692268371582,15.977744102478027,15181.333122735328,-952.1692865404839,-6.271974133250058,Stop Loss,35317.75319857701,135317.753198577
HEG.NS,2017-01-04 00:00:00+05:30,2017-01-27 00:00:00+05:30,27.630935668945312,30.126035690307617,11374.722913823753,1027.1484008111147,9.030096017220913,UT Sell,36344.901599388126,136344.90159938813
MBAPL.NS,2017-01-13 00:00:00+05:30,2017-01-27 00:00:00+05:30,11.997737884521484,11.997737884521484,15888.973372690549,-1.8189894035458565e-12,0.0,UT Sell,36344.901599388126,136344.90159938813
MAHSEAMLES.NS,2016-10-03 00:00:00+05:30,2017-01-31 00:00:00+05:30,98.1956558227539,121.5638427734375,11600.541921990789,2760.647913504821,23.797577148284297,UT Sell,39105.54951289295,139105.54951289296
ADANIENT.NS,2017-01-27 00:00:00+05:30,2017-01-31 00:00:00+05:30,49.42695617675781,46.517921447753906,14145.422343662707,-832.5320439920706,-5.885522706680102,Stop Loss,38273.01746890088,138273.01746890089
GOCLCORP.NS,2017-01-19 00:00:00+05:30,2017-02-09 00:00:00+05:30,257.6448974609375,280.2622985839844,15181.333122735328,1332.695908994514,8.778516999924669,UT Sell,39605.713377895394,139605.7133778954
IOC.NS,2016-12-19 00:00:00+05:30,2017-02-10 00:00:00+05:30,54.088775634765625,69.76705932617188,14997.584897323055,4347.230787658029,28.986205561896682,UT Sell,43952.944165553425,143952.94416555343
PRESTIGE.NS,2017-01-31 00:00:00+05:30,2017-02-13 00:00:00+05:30,159.8651885986328,170.00466918945312,13837.040067583122,877.6169498158142,6.342519393810675,UT Sell,44830.56111536924,144830.56111536923
FIEMIND.NS,2017-02-10 00:00:00+05:30,2017-02-13 00:00:00+05:30,469.5184631347656,442.6645812988281,19344.815684981084,-1106.4173942684029,-5.7194517243573495,Stop Loss,43724.14372110083,143724.14372110082
BCG.NS,2017-01-27 00:00:00+05:30,2017-02-15 00:00:00+05:30,3.7453861236572266,3.5804946422576904,14145.422343662707,-622.7554565164792,-4.402522889643379,Stop Loss,43101.388264584355,143101.38826458436
MAHSEAMLES.NS,2017-02-09 00:00:00+05:30,2017-02-15 00:00:00+05:30,133.94183349609375,128.8384246826172,16514.029031729842,-629.2122416630627,-3.8101679514678244,UT Sell,42472.176022921296,142472.17602292128
INDOTHAI.NS,2017-01-13 00:00:00+05:30,2017-02-16 00:00:00+05:30,1.9119616746902466,1.8984968662261963,15888.973372690549,-111.89658557791518,-0.7042405003349073,UT Sell,42360.27943734338,142360.2794373434
CANFINHOME.NS,2017-02-15 00:00:00+05:30,2017-02-17 00:00:00+05:30,374.0139465332031,370.1568603515625,14703.741838606504,-151.63498578004328,-1.0312680094933913,UT Sell,42208.644451563334,142208.64445156333
JPOLYINVST.NS,2017-01-25 00:00:00+05:30,2017-02-17 00:00:00+05:30,88.0,86.0999984741211,14229.163836194844,-307.22082955398946,-2.1590926430442137,UT Sell,41901.423622009344,141901.42362200934
CCCL.NS,2017-02-13 00:00:00+05:30,2017-02-20 00:00:00+05:30,3.9000000953674316,3.6500000953674316,16476.527654055808,-1056.1876443046258,-6.410256253505208,Stop Loss,40845.23597770472,140845.23597770472
EMAMILTD.NS,2017-01-31 00:00:00+05:30,2017-02-27 00:00:00+05:30,439.35772705078125,446.06854248046875,13837.040067583122,211.3490130469654,1.527414909653313,UT Sell,41056.58499075168,141056.5849907517
BHAGYANGR.NS,2017-01-20 00:00:00+05:30,2017-03-02 00:00:00+05:30,21.049999237060547,22.299999237060547,12352.109980288555,733.4982439418254,5.938242495511625,UT Sell,41790.083234693506,141790.0832346935
KIRIINDUS.NS,2017-02-20 00:00:00+05:30,2017-03-02 00:00:00+05:30,296.7265930175781,290.5582580566406,15420.340009751182,-320.55712103315636,-2.078794117577487,UT Sell,41469.52611366035,141469.52611366037
ZENITHSTL.NS,2017-03-02 00:00:00+05:30,2017-03-07 00:00:00+05:30,0.699999988079071,0.6499999761581421,14092.695556474202,-1006.6213683165643,-7.142858967489152,Stop Loss,40462.90474534379,140462.90474534378
VEDL.NS,2017-02-13 00:00:00+05:30,2017-03-08 00:00:00+05:30,85.75836944580078,84.43592071533203,16476.527654055808,-254.07856072182403,-1.5420637530947134,UT Sell,40208.82618462197,140208.82618462195
KHAITANLTD.NS,2017-02-16 00:00:00+05:30,2017-03-09 00:00:00+05:30,10.5,13.0,15777.076787112634,3756.4468540744383,23.809523809523814,UT Sell,43965.27303869641,143965.2730386964
ANTGRAPHIC.NS,2017-03-02 00:00:00+05:30,2017-03-09 00:00:00+05:30,1.350000023841858,1.25,14092.695556474202,-1043.9036050036048,-7.407409042651403,Stop Loss,42921.3694336928,142921.3694336928
ADANIENT.NS,2017-03-07 00:00:00+05:30,2017-03-09 00:00:00+05:30,52.229244232177734,49.960723876953125,13086.074188157638,-568.3793840448834,-4.343391118470374,Stop Loss,42352.99004964792,142352.99004964792
INDOTHAI.NS,2017-02-17 00:00:00+05:30,2017-03-10 00:00:00+05:30,1.9882603883743286,1.894008755683899,14237.024929733658,-674.8929124816004,-4.740406902513062,Stop Loss,41678.09713716632,141678.0971371663
PREMIERPOL.NS,2017-03-10 00:00:00+05:30,2017-03-14 00:00:00+05:30,5.319840431213379,5.070039749145508,13562.132017252057,-636.8292192236604,-4.6956423843505295,Stop Loss,41041.267917942656,141041.26791794266
GROBTEA.NS,2017-03-09 00:00:00+05:30,2017-03-17 00:00:00+05:30,299.8075256347656,279.57843017578125,15033.336798923472,-1014.353474045085,-6.747360799617841,Stop Loss,40026.91444389757,140026.91444389758
KELLTONTEC.NS,2017-02-15 00:00:00+05:30,2017-03-17 00:00:00+05:30,12.02553653717041,12.782110214233398,14703.741838606504,925.0700785810404,6.291392277795271,UT Sell,40951.98452247861,140951.9845224786
MBAPL.NS,2017-03-08 00:00:00+05:30,2017-03-20 00:00:00+05:30,12.02173137664795,11.877758979797363,16222.449093333984,-194.2802418036681,-1.1976011802280806,UT Sell,40757.704280674945,140757.70428067495
NAGREEKCAP.NS,2017-03-17 00:00:00+05:30,2017-03-21 00:00:00+05:30,12.850000381469727,12.300000190734863,14823.897621032966,-634.4860915926056,-4.280156999279072,Stop Loss,40123.21818908234,140123.21818908234
KIRIINDUS.NS,2017-03-17 00:00:00+05:30,2017-03-23 00:00:00+05:30,294.78656005859375,274.9881896972656,14823.897621032966,-995.598358491261,-6.716171306247087,Stop Loss,39127.61983059108,139127.61983059108
MAGNUM.NS,2017-03-23 00:00:00+05:30,2017-03-27 00:00:00+05:30,4.052619934082031,3.718874931335449,13828.299262541705,-1138.8005414830295,-8.235289964889825,Stop Loss,37988.819289108054,137988.81928910804
CANTABIL.NS,2017-01-16 00:00:00+05:30,2017-03-28 00:00:00+05:30,12.894522666931152,14.194727897644043,12719.025154917339,1282.5091291206518,10.08339171830961,UT Sell,39271.3284182287,139271.32841822872
TIPSMUSIC.NS,2017-03-28 00:00:00+05:30,2017-03-31 00:00:00+05:30,5.236637592315674,5.024800777435303,14001.53428403799,-566.4016983954243,-4.045283087590857,Stop Loss,38704.92671983328,138704.92671983328
CUBEXTUB.NS,2017-03-21 00:00:00+05:30,2017-04-07 00:00:00+05:30,11.949999809265137,12.0,14189.41152944036,59.37015014321696,0.41841164462694813,UT Sell,38764.2968699765,138764.2968699765
NAHARPOLY.NS,2017-03-31 00:00:00+05:30,2017-04-07 00:00:00+05:30,56.42323303222656,56.93238067626953,13435.132585642566,121.23491930137789,0.902372332603063,UT Sell,38885.53178927788,138885.53178927788
TARIL.NS,2017-02-17 00:00:00+05:30,2017-04-18 00:00:00+05:30,18.997119903564453,21.97088623046875,14237.024929733658,2228.6317897796234,15.653774582674117,UT Sell,41114.1635790575,141114.1635790575
JKTYRE.NS,2017-04-07 00:00:00+05:30,2017-04-18 00:00:00+05:30,122.3697280883789,123.39395141601562,13902.574592263762,116.36326593225749,0.8369907685804368,UT Sell,41230.526844989756,141230.52684498974
JSL.NS,2017-02-27 00:00:00+05:30,2017-04-19 00:00:00+05:30,53.78694534301758,71.97814178466797,14048.389080630088,4751.283119439202,33.82083947255039,UT Sell,45981.80996442896,145981.80996442895
KHAITANLTD.NS,2017-03-14 00:00:00+05:30,2017-04-19 00:00:00+05:30,13.649999618530273,16.200000762939453,12925.302798028397,2414.6181573561407,18.68132758734644,UT Sell,48396.4281217851,148396.4281217851
COFORGE.NS,2017-04-07 00:00:00+05:30,2017-04-19 00:00:00+05:30,78.59402465820312,74.9110336303711,13902.574592263762,-651.4879179396848,-4.686095468261053,Stop Loss,47744.94020384541,147744.9402038454
SAKAR.NS,2017-04-18 00:00:00+05:30,2017-04-25 00:00:00+05:30,59.95000076293945,54.900001525878906,15242.29728885465,-1283.963114264885,-8.423685025509474,Stop Loss,46460.97708958053,146460.97708958053
REDINGTON.NS,2017-04-19 00:00:00+05:30,2017-04-26 00:00:00+05:30,45.252376556396484,46.398719787597656,15796.893276592635,400.17040119563717,2.533222160768789,UT Sell,46861.147490776166,146861.14749077617
HECPROJECT.NS,2017-04-26 00:00:00+05:30,2017-05-04 00:00:00+05:30,23.407588958740234,21.637269973754883,16197.063677788272,-1224.9860239919562,-7.563012953217152,Stop Loss,45636.16146678421,145636.1614667842
CENTEXT.NS,2017-04-19 00:00:00+05:30,2017-05-08 00:00:00+05:30,5.949999809265137,5.550000190734863,15796.893276592633,-1061.9750398581782,-6.722682879878549,Stop Loss,44574.186426926026,144574.18642692603
KEI.NS,2017-03-09 00:00:00+05:30,2017-05-11 00:00:00+05:30,168.857177734375,216.30706787109375,15033.336798923474,4224.4587352948165,28.10060595194892,UT Sell,48798.64516222084,148798.64516222084
RAMKY.NS,2017-03-09 00:00:00+05:30,2017-05-11 00:00:00+05:30,82.94999694824219,105.75,15033.336798923472,4132.129445495073,27.486442303288072,UT Sell,52930.77460771591,152930.7746077159
CCL.NS,2017-04-19 00:00:00+05:30,2017-05-12 00:00:00+05:30,317.3277282714844,303.2774353027344,15796.893276592633,-699.4377066926754,-4.4276915368484655,Stop Loss,52231.336901023235,152231.33690102323
KIRIINDUS.NS,2017-05-04 00:00:00+05:30,2017-05-12 00:00:00+05:30,286.08123779296875,274.8887023925781,14972.077653796316,-585.76196904875,-3.9123626165552428,UT Sell,51645.57493197449,151645.5749319745
ORIENTHOT.NS,2017-05-12 00:00:00+05:30,2017-05-15 00:00:00+05:30,45.00901794433594,42.11454391479492,14741.885627323762,-948.0323509285154,-6.430875770541588,Stop Loss,50697.54258104597,150697.54258104597
CHENNPETRO.NS,2017-04-25 00:00:00+05:30,2017-05-16 00:00:00+05:30,297.2866516113281,308.057373046875,13958.334174589765,505.71167014702223,3.6230087618022155,UT Sell,51203.25425119299,151203.254251193
INSPIRISYS.NS,2017-05-12 00:00:00+05:30,2017-05-17 00:00:00+05:30,61.650001525878906,58.45000076293945,14741.885627323762,-765.1913071697145,-5.190593160968837,Stop Loss,50438.06294402328,150438.0629440233
ASHOKA.NS,2016-12-12 00:00:00+05:30,2017-05-18 00:00:00+05:30,101.02727508544922,138.74050903320312,11085.324625922223,4138.124488170179,37.329754678482544,UT Sell,54576.18743219346,154576.18743219346
FIEMIND.NS,2017-03-27 00:00:00+05:30,2017-05-18 00:00:00+05:30,370.8208923339844,403.974609375,12689.498721058675,1134.5208932062997,8.940628137843799,UT Sell,55710.708325399755,155710.70832539976
VEDL.NS,2017-05-11 00:00:00+05:30,2017-05-18 00:00:00+05:30,84.50413513183594,82.76748657226562,19211.630889318418,-394.81915362934524,-2.055104826362575,UT Sell,55315.88917177041,155315.88917177042
KOHINOOR.NS,2017-05-17 00:00:00+05:30,2017-05-18 00:00:00+05:30,87.0999984741211,81.69999694824219,13976.694320154047,-866.5232144406928,-6.199772239356971,Stop Loss,54449.36595732972,154449.36595732972
KRISHANA.NS,2017-05-08 00:00:00+05:30,2017-05-19 00:00:00+05:30,17.415363311767578,17.050004959106445,14734.918236734455,-309.12507291375914,-2.097908301541207,UT Sell,54140.24088441596,154140.24088441595
AUSOMENT.NS,2017-05-15 00:00:00+05:30,2017-05-19 00:00:00+05:30,24.72556495666504,22.819934844970703,13793.853276395246,-1063.109466087517,-7.7071246502727675,Stop Loss,53077.13141832844,153077.13141832844
IZMO.NS,2017-05-18 00:00:00+05:30,2017-05-19 00:00:00+05:30,58.20000076293945,55.75,15243.612892439949,-641.6986722827187,-4.209623248836047,Stop Loss,52435.43274604572,152435.43274604573
GLOBAL.NS,2017-05-19 00:00:00+05:30,2017-05-22 00:00:00+05:30,11.106921195983887,10.83974552154541,13919.483731428552,-334.8315332537459,-2.405488161157421,UT Sell,52100.601212791975,152100.60121279198
BLS.NS,2017-04-18 00:00:00+05:30,2017-05-23 00:00:00+05:30,31.36684799194336,45.065608978271484,15242.29728885465,6656.728387124134,43.67273686487938,UT Sell,58757.329599916106,158757.32959991612
PREMIERPOL.NS,2017-05-18 00:00:00+05:30,2017-05-23 00:00:00+05:30,5.412360191345215,5.181063175201416,15243.612892439949,-651.4352431515072,-4.27349636695763,Stop Loss,58105.8943567646,158105.8943567646
REFEX.NS,2017-05-11 00:00:00+05:30,2017-05-24 00:00:00+05:30,3.6989216804504395,3.480219841003418,19211.630889318418,-1135.9037517548895,-5.912583675477789,Stop Loss,56969.990605009705,156969.99060500972
BLBLIMITED.NS,2017-05-18 00:00:00+05:30,2017-05-24 00:00:00+05:30,6.349999904632568,6.300000190734863,15243.612892439947,-120.027762966316,-0.7873970810807207,UT Sell,56849.96284204339,156849.96284204337
APCOTEXIND.NS,2017-05-23 00:00:00+05:30,2017-05-24 00:00:00+05:30,134.75030517578125,129.0128631591797,18245.601662633613,-776.8671207149455,-4.257832298870934,Stop Loss,56073.09572132844,156073.09572132846
MAHASTEEL.NS,2017-05-24 00:00:00+05:30,2017-05-25 00:00:00+05:30,78.55000305175781,74.30000305175781,16889.34893631861,-913.8094231779633,-5.4105663079345945,Stop Loss,55159.28629815048,155159.2862981505
SAKAR.NS,2017-05-19 00:00:00+05:30,2017-05-26 00:00:00+05:30,57.5,52.04999923706055,13919.48373142855,-1319.3251644523298,-9.478262196416443,Stop Loss,53839.96113369815,153839.96113369815
EXPLEOSOL.NS,2017-05-18 00:00:00+05:30,2017-05-30 00:00:00+05:30,478.2040710449219,456.601318359375,15243.612892439949,-688.6265075703632,-4.517475695751139,Stop Loss,53151.334626127784,153151.3346261278
KIRIINDUS.NS,2017-05-26 00:00:00+05:30,2017-06-01 00:00:00+05:30,275.08770751953125,263.795654296875,12600.15856697622,-517.2228975084308,-4.104891972264701,Stop Loss,52634.111728619355,152634.11172861935
MAITHANALL.NS,2017-05-24 00:00:00+05:30,2017-06-02 00:00:00+05:30,389.5555419921875,405.3195495605469,16889.34893631861,683.4553632460666,4.046664947376244,UT Sell,53317.56709186542,153317.5670918654
KRISHANA.NS,2017-05-25 00:00:00+05:30,2017-06-05 00:00:00+05:30,17.196147918701172,17.050004959106445,15975.539513140646,-135.76951283570997,-0.8498587025748572,UT Sell,53181.79757902971,153181.79757902972
BANCOINDIA.NS,2017-06-01 00:00:00+05:30,2017-06-05 00:00:00+05:30,63.39103317260742,62.400760650634766,12082.93566946779,-188.75538983023944,-1.5621649820349859,UT Sell,52993.04218919948,152993.04218919948
GESHIP.NS,2017-06-02 00:00:00+05:30,2017-06-06 00:00:00+05:30,312.1683654785156,297.4530029296875,17572.804299564676,-828.3676850833763,-4.7139185696383095,Stop Loss,52164.674504116105,152164.67450411612
THANGAMAYL.NS,2017-06-05 00:00:00+05:30,2017-06-06 00:00:00+05:30,116.21145629882812,111.24496459960938,13866.975139971244,-592.6284646915174,-4.273667895915379,Stop Loss,51572.04603942459,151572.0460394246
GLOBAL.NS,2017-06-06 00:00:00+05:30,2017-06-12 00:00:00+05:30,10.412261962890625,10.009587287902832,15009.391644880514,-580.46003105831,-3.867312178880322,UT Sell,50991.58600836628,150991.58600836628
ENDURANCE.NS,2017-05-24 00:00:00+05:30,2017-06-20 00:00:00+05:30,801.3881225585938,871.5769653320312,16889.34893631861,1479.2381165473525,8.758408166737652,UT Sell,52470.82412491363,152470.82412491363
PDMJEPAPER.NS,2017-06-05 00:00:00+05:30,2017-06-21 00:00:00+05:30,25.082202911376953,23.234525680541992,13866.975139971244,-1021.5089287495412,-7.366487056034776,Stop Loss,51449.31519616409,151449.3151961641
BSE.NS,2017-05-16 00:00:00+05:30,2017-06-22 00:00:00+05:30,95.10081481933594,97.98359680175781,14464.045844736787,438.4472502506196,3.0312905182761307,UT Sell,51887.76244641471,151887.7624464147
CHAMBLFERT.NS,2017-03-20 00:00:00+05:30,2017-06-23 00:00:00+05:30,69.14370727539062,96.63703918457031,16028.168851530316,6373.215777632149,39.76259444648698,UT Sell,58260.978224046856,158260.97822404685
ADANIENT.NS,2017-05-30 00:00:00+05:30,2017-06-23 00:00:00+05:30,62.93129348754883,67.44164276123047,14554.986384869586,1043.1705536519967,7.16710085511596,UT Sell,59304.14877769885,159304.14877769887
PFC.NS,2017-06-12 00:00:00+05:30,2017-06-23 00:00:00+05:30,62.53575134277344,58.09603500366211,14428.931613822204,-1024.379847787808,-7.099485084581747,Stop Loss,58279.76892991104,158279.76892991105
SHAHALLOYS.NS,2017-06-22 00:00:00+05:30,2017-06-23 00:00:00+05:30,16.700000762939453,15.649999618530273,14902.493094987407,-936.984077211051,-6.28743171520888,Stop Loss,57342.78485269999,157342.7848527
MBAPL.NS,2017-05-22 00:00:00+05:30,2017-06-27 00:00:00+05:30,13.79739761352539,14.757216453552246,13584.652198174806,945.0191608770238,6.956520837566926,UT Sell,58287.80401357701,158287.804013577
BANCOINDIA.NS,2017-06-20 00:00:00+05:30,2017-06-27 00:00:00+05:30,63.47471618652344,60.15522384643555,18368.58705286596,-960.609005970975,-5.229629275274594,Stop Loss,57327.19500760604,157327.19500760603
THOMASCOTT.NS,2017-06-27 00:00:00+05:30,2017-06-28 00:00:00+05:30,18.5,18.0,16217.875292906938,-438.3209538623505,-2.7027027027026973,UT Sell,56888.87405374369,156888.8740537437
HECPROJECT.NS,2017-06-21 00:00:00+05:30,2017-06-29 00:00:00+05:30,21.479907989501953,20.555404663085938,12845.466211221703,-552.8737016677678,-4.304037647032077,Stop Loss,56336.00035207592,156336.0003520759
SUPREMEINF.NS,2017-06-28 00:00:00+05:30,2017-07-03 00:00:00+05:30,80.8499984741211,76.69999694824219,15779.554339044587,-809.9588846088227,-5.13296425998977,Stop Loss,55526.0414674671,155526.0414674671
EDELWEISS.NS,2017-06-06 00:00:00+05:30,2017-07-07 00:00:00+05:30,84.83978271484375,88.06328582763672,15009.391644880514,570.2845898488595,3.7995183505213914,UT Sell,56096.32605731596,156096.32605731595
CHENNPETRO.NS,2017-06-29 00:00:00+05:30,2017-07-11 00:00:00+05:30,283.628173828125,280.5452880859375,12292.592509553935,-133.6138708321323,-1.086946229839525,UT Sell,55962.71218648383,155962.71218648384
INDIANCARD.NS,2017-06-27 00:00:00+05:30,2017-07-11 00:00:00+05:30,156.929443359375,163.00038146972656,16217.875292906941,627.401175183968,3.8685781204543357,UT Sell,56590.1133616678,156590.11336166778
MAHSEAMLES.NS,2017-05-23 00:00:00+05:30,2017-07-11 00:00:00+05:30,153.6839141845703,186.6545867919922,18245.601662633613,3914.331321765112,21.453561215147722,UT Sell,60504.444683432914,160504.44468343293
MANAKSTEEL.NS,2017-06-27 00:00:00+05:30,2017-07-11 00:00:00+05:30,20.25,22.799999237060547,16217.87529290694,2042.250351785473,12.592588824990347,UT Sell,62546.695035218385,162546.69503521838
COFORGE.NS,2017-07-11 00:00:00+05:30,2017-07-14 00:00:00+05:30,104.49028015136719,99.91096496582031,17356.078433975963,-760.6348975149995,-4.382527426391403,Stop Loss,61786.06013770339,161786.06013770337
INSPIRISYS.NS,2017-07-11 00:00:00+05:30,2017-07-21 00:00:00+05:30,52.79999923706055,52.29999923706055,17356.078433975963,-164.35680572693673,-0.946969710653045,UT Sell,61621.70333197645,161621.70333197646
MANAKCOAT.NS,2017-06-27 00:00:00+05:30,2017-07-24 00:00:00+05:30,9.005880355834961,10.299544334411621,16217.87529290694,2329.6424387748757,14.364658728099666,UT Sell,63951.34577075133,163951.34577075133
TPHQ.NS,2017-06-27 00:00:00+05:30,2017-07-24 00:00:00+05:30,0.3199999928474426,0.3449999988079071,16217.875292906941,1267.0218376599696,7.812502037268176,UT Sell,65218.367608411296,165218.3676084113
JBCHEPHARM.NS,2017-07-11 00:00:00+05:30,2017-07-24 00:00:00+05:30,149.82290649414062,142.77398681640625,17356.078433975963,-816.5747525819024,-4.7048344226388705,Stop Loss,64401.79285582939,164401.7928558294
POWERMECH.NS,2017-06-27 00:00:00+05:30,2017-07-26 00:00:00+05:30,300.5010681152344,289.96978759765625,16217.87529290694,-568.3673445154182,-3.5045734058887446,UT Sell,63833.42551131397,163833.42551131398
IOC.NS,2017-07-21 00:00:00+05:30,2017-07-27 00:00:00+05:30,70.76824951171875,68.53874206542969,17191.721628249026,-541.6139532794696,-3.1504346393644633,UT Sell,63291.811558034504,163291.8115580345
INDOTECH.NS,2017-07-26 00:00:00+05:30,2017-07-28 00:00:00+05:30,210.8000030517578,202.35000610351562,15649.507948391521,-627.3163780407158,-4.008537393696077,Stop Loss,62664.495179993784,162664.4951799938
SHARDACROP.NS,2017-07-24 00:00:00+05:30,2017-07-31 00:00:00+05:30,445.7454528808594,427.7638244628906,17523.972847880927,-706.9271623986533,-4.034057622293896,Stop Loss,61957.56801759513,161957.56801759513
SRHHYPOLTD.NS,2017-07-14 00:00:00+05:30,2017-08-01 00:00:00+05:30,129.1978302001953,122.38339233398438,16595.443536460964,-875.3136075597504,-5.274421293029297,Stop Loss,61082.25441003538,161082.25441003538
PREMIERPOL.NS,2017-08-01 00:00:00+05:30,2017-08-03 00:00:00+05:30,5.689916610717773,5.366100788116455,15720.129928901213,-894.6399662058666,-5.691046894981988,Stop Loss,60187.61444382951,160187.61444382952
SOUTHBANK.NS,2017-07-24 00:00:00+05:30,2017-08-03 00:00:00+05:30,27.272428512573242,26.900745391845703,17523.972847880927,-238.8259964690078,-1.3628530387610471,UT Sell,59948.7884473605,159948.7884473605
ADANIENT.NS,2017-07-03 00:00:00+05:30,2017-08-03 00:00:00+05:30,72.85939025878906,73.90583038330078,14969.595454435765,215.00022544232343,1.436246063540847,UT Sell,60163.788672802824,160163.78867280282
BPCL.NS,2017-07-11 00:00:00+05:30,2017-08-08 00:00:00+05:30,130.1995849609375,145.4164276123047,17356.078433975963,2028.4604951224428,11.687320398089241,UT Sell,62192.24916792527,162192.24916792527
KRISHANA.NS,2017-07-27 00:00:00+05:30,2017-08-08 00:00:00+05:30,17.02564811706543,16.562862396240234,16650.107674969557,-452.5779006588564,-2.7181680112449147,UT Sell,61739.671267266414,161739.6712672664
INFOBEAN.NS,2017-07-31 00:00:00+05:30,2017-08-08 00:00:00+05:30,16.08000373840332,15.734323501586914,16817.045685482273,-361.5248124119571,-2.1497522167288396,UT Sell,61378.14645485446,161378.14645485446
MOTHERSON.NS,2017-05-19 00:00:00+05:30,2017-08-10 00:00:00+05:30,45.98141860961914,51.688392639160156,13919.48373142855,1727.6137744750486,12.41147881493838,UT Sell,63105.760229329506,163105.76022932952
KIRIINDUS.NS,2017-07-28 00:00:00+05:30,2017-08-10 00:00:00+05:30,297.32354736328125,245.29067993164062,15022.191570350806,-2628.9465111141235,-17.500419288373713,Stop Loss,60476.81371821538,160476.8137182154
PFC.NS,2017-08-03 00:00:00+05:30,2017-08-10 00:00:00+05:30,59.971649169921875,59.14067077636719,15765.077497995118,-218.44386397363633,-1.3856187132693654,UT Sell,60258.36985424174,160258.36985424173
AUSOMENT.NS,2017-08-03 00:00:00+05:30,2017-08-10 00:00:00+05:30,27.869855880737305,26.726478576660156,15765.07749799512,-646.7716189621042,-4.102559083799973,Stop Loss,59611.598235279635,159611.59823527964
FILATEX.NS,2017-08-08 00:00:00+05:30,2017-08-10 00:00:00+05:30,14.086507797241211,13.005575180053711,17345.863192159806,-1331.0402810659489,-7.673531529221145,Stop Loss,58280.557954213684,158280.5579542137
RAMCOIND.NS,2017-08-08 00:00:00+05:30,2017-08-11 00:00:00+05:30,230.85360717773438,221.04656982421875,17345.863192159806,-736.8805293283294,-4.248162926024879,Stop Loss,57543.677424885354,157543.67742488536
MBAPL.NS,2017-08-08 00:00:00+05:30,2017-08-14 00:00:00+05:30,15.956992149353027,15.201132774353027,17345.86319215981,-821.6481645504246,-4.736853712312228,Stop Loss,56722.02926033493,156722.02926033494
SAKAR.NS,2017-08-11 00:00:00+05:30,2017-08-16 00:00:00+05:30,57.0,49.0,15277.013330852478,-2144.1422218740317,-14.035087719298245,Stop Loss,54577.887038460896,154577.8870384609
THANGAMAYL.NS,2017-07-24 00:00:00+05:30,2017-08-21 00:00:00+05:30,131.0880889892578,166.4596405029297,17523.97284788093,4728.500606670696,26.983040020188586,UT Sell,59306.38764513159,159306.3876451316
IOC.NS,2017-08-03 00:00:00+05:30,2017-08-21 00:00:00+05:30,71.91087341308594,76.94984436035156,15765.07749799512,1104.6975752533763,7.0072448130614085,UT Sell,60411.085220384964,160411.08522038496
ELECTHERM.NS,2017-08-21 00:00:00+05:30,2017-08-22 00:00:00+05:30,228.0500030517578,216.64999389648438,19561.124263900063,-977.8425464229949,-4.998907696873001,Stop Loss,59433.24267396197,159433.24267396197
DEVIT.NS,2017-08-14 00:00:00+05:30,2017-08-22 00:00:00+05:30,5.142817497253418,4.998627185821533,16524.215027609385,-463.29307082565174,-2.8037221135864043,UT Sell,58969.949603136316,158969.9496031363
KHAITANLTD.NS,2017-08-21 00:00:00+05:30,2017-08-23 00:00:00+05:30,16.399999618530273,16.100000381469727,19561.124263900063,-357.8245421777938,-1.8292636831624076,UT Sell,58612.125060958526,158612.12506095853
GUJAPOLLO.NS,2017-08-11 00:00:00+05:30,2017-08-28 00:00:00+05:30,163.6506805419922,167.0155487060547,15277.013330852478,314.1150139351448,2.0561284272808678,UT Sell,58926.24007489367,158926.24007489366
ABBOTINDIA.NS,2017-08-22 00:00:00+05:30,2017-08-31 00:00:00+05:30,3886.074951171875,3772.271728515625,17322.1018371304,-507.2756025075432,-2.928487589307349,UT Sell,58418.96447238613,158418.9644723861
PAISALO.NS,2017-08-11 00:00:00+05:30,2017-09-04 00:00:00+05:30,8.426229476928711,8.43602466583252,15277.013330852476,17.75897889695807,0.11624640571001876,UT Sell,58436.723451283084,158436.7234512831
TNPETRO.NS,2017-08-11 00:00:00+05:30,2017-09-06 00:00:00+05:30,44.135318756103516,47.24285125732422,15277.013330852478,1075.6422925039114,7.040920035931442,UT Sell,59512.365743787,159512.365743787
GLOBAL.NS,2017-08-23 00:00:00+05:30,2017-09-07 00:00:00+05:30,7.823061943054199,8.09282112121582,19203.29972172227,662.17887428623,3.448255684606072,UT Sell,60174.544618073225,160174.5446180732
INFOBEAN.NS,2017-08-31 00:00:00+05:30,2017-09-08 00:00:00+05:30,14.9237699508667,14.756890296936035,16814.82623462286,-188.02570611691408,-1.1182137923599678,UT Sell,59986.518911956315,159986.51891195631
JPOLYINVST.NS,2017-09-07 00:00:00+05:30,2017-09-11 00:00:00+05:30,69.19999694824219,65.25,19865.4785960085,-1133.9390648860026,-5.708088327224303,Stop Loss,58852.579847070316,158852.57984707033
MBAPL.NS,2017-09-08 00:00:00+05:30,2017-09-11 00:00:00+05:30,15.237126350402832,13.809396743774414,16626.800528505944,-1557.943068275823,-9.370071323131556,Stop Loss,57294.63677879449,157294.6367787945
APOLLOHOSP.NS,2017-08-22 00:00:00+05:30,2017-09-13 00:00:00+05:30,1065.5606689453125,1043.714111328125,17322.1018371304,-355.14476731787363,-2.0502406154697117,UT Sell,56939.492011476614,156939.4920114766
BCG.NS,2017-09-06 00:00:00+05:30,2017-09-14 00:00:00+05:30,2.85026216506958,2.685370922088623,16352.65562335639,-946.0216484012253,-5.785125487813914,Stop Loss,55993.47036307539,155993.47036307538
ASHOKA.NS,2017-09-11 00:00:00+05:30,2017-09-19 00:00:00+05:30,129.93894958496094,127.78819274902344,16900.198495676308,-279.7330404730601,-1.6552056506592083,UT Sell,55713.73732260233,155713.73732260233
STCINDIA.NS,2017-09-19 00:00:00+05:30,2017-09-25 00:00:00+05:30,168.60000610351562,157.64999389648438,16620.465455203248,-1079.444205412883,-6.494668926825698,Stop Loss,54634.293117189445,154634.29311718943
IOLCP.NS,2017-09-25 00:00:00+05:30,2017-09-26 00:00:00+05:30,9.789291381835938,9.1923828125,15541.021249790365,-947.6241331874626,-6.097566678253175,Stop Loss,53686.66898400198,153686.66898400197
ADANIENT.NS,2017-08-28 00:00:00+05:30,2017-09-27 00:00:00+05:30,63.953338623046875,61.297569274902344,15591.128344787623,-647.4476806462262,-4.152667249786813,Stop Loss,53039.22130335576,153039.22130335576
WEBELSOLAR.NS,2017-09-13 00:00:00+05:30,2017-09-27 00:00:00+05:30,11.680000305175781,11.119999885559082,16966.957069812528,-813.4848313748007,-4.794524015282309,Stop Loss,52225.736471980956,152225.73647198096
INFOBEAN.NS,2017-09-27 00:00:00+05:30,2017-09-28 00:00:00+05:30,15.126408576965332,14.506571769714355,15548.576451289562,-637.1360350229625,-4.097712977255363,Stop Loss,51588.60043695799,151588.600436958
KHAITANLTD.NS,2017-09-11 00:00:00+05:30,2017-09-29 00:00:00+05:30,17.100000381469727,16.75,16900.198495676308,-345.91086482142055,-2.046785810888063,UT Sell,51242.68957213657,151242.68957213656
THOMASCOTT.NS,2017-09-27 00:00:00+05:30,2017-09-29 00:00:00+05:30,17.649999618530273,17.600000381469727,15548.576451289562,-44.04628763424262,-0.2832818024996131,UT Sell,51198.64328450233,151198.64328450232
PREMIERPOL.NS,2017-09-26 00:00:00+05:30,2017-10-03 00:00:00+05:30,7.098459243774414,10.108505249023438,14593.397116602902,6188.21566558524,42.40421620915742,UT Sell,57386.85895008757,157386.85895008757
PDMJEPAPER.NS,2017-09-28 00:00:00+05:30,2017-10-03 00:00:00+05:30,27.729480743408203,26.568283081054688,14911.4404162666,-624.4303639839563,-4.187592523273464,Stop Loss,56762.42858610361,156762.4285861036
TI.NS,2017-09-04 00:00:00+05:30,2017-10-05 00:00:00+05:30,11.378026008605957,13.613883018493652,15294.772309749434,3005.523441194815,19.650658279358545,UT Sell,59767.95202729842,159767.95202729842
REFEX.NS,2017-09-29 00:00:00+05:30,2017-10-05 00:00:00+05:30,4.050747394561768,4.2409234046936035,16029.408897255104,752.5547095196052,4.69483755978346,UT Sell,60520.50673681803,160520.50673681803
MBAPL.NS,2017-10-03 00:00:00+05:30,2017-10-05 00:00:00+05:30,12.223916053771973,12.102888107299805,17534.311417235393,-173.60571639205955,-0.990091439926255,UT Sell,60346.90102042597,160346.90102042595
KRISHANA.NS,2017-10-03 00:00:00+05:30,2017-10-06 00:00:00+05:30,16.27057647705078,15.832144737243652,17534.311417235393,-472.48471323813646,-2.6946294154083894,UT Sell,59874.41630718783,159874.4163071878
ADANIENT.NS,2017-10-05 00:00:00+05:30,2017-10-09 00:00:00+05:30,65.2409896850586,64.00699615478516,17480.988352854096,-330.64223326991487,-1.891439011318441,UT Sell,59543.77407391791,159543.7740739179
ASHOKA.NS,2017-10-05 00:00:00+05:30,2017-10-11 00:00:00+05:30,129.60752868652344,123.72683715820312,17480.988352854096,-793.1661158506795,-4.537307043747207,Stop Loss,58750.60795806724,158750.60795806724
IZMO.NS,2017-10-06 00:00:00+05:30,2017-10-12 00:00:00+05:30,58.0,55.54999923706055,17061.826703997256,-720.7153179643792,-4.224139246447334,Stop Loss,58029.89264010286,158029.89264010286
KRISHANA.NS,2017-10-09 00:00:00+05:30,2017-10-13 00:00:00+05:30,16.44107437133789,15.58857536315918,17150.34611958418,-889.2760124214037,-5.185178224513676,Stop Loss,57140.616627681455,157140.61662768145
PFC.NS,2017-10-13 00:00:00+05:30,2017-10-31 00:00:00+05:30,58.737056732177734,66.12074279785156,16261.070107162777,2044.1377801865128,12.570745754832569,UT Sell,59184.754407867964,159184.75440786796
INDNIPPON.NS,2017-08-10 00:00:00+05:30,2017-11-06 00:00:00+05:30,321.9068603515625,525.6514282226562,14944.020997857728,9458.521937494008,63.293018250241474,UT Sell,68643.27634536197,168643.27634536196
SUPREMEINF.NS,2017-09-29 00:00:00+05:30,2017-11-08 00:00:00+05:30,79.8499984741211,96.1500015258789,16029.408897255104,3272.1279766562693,20.41327910236661,UT Sell,71915.40432201824,171915.40432201824
BCG.NS,2017-11-06 00:00:00+05:30,2017-11-08 00:00:00+05:30,2.9209296703338623,2.803150177001953,24402.542935351736,-983.9740997965819,-4.032260500077256,Stop Loss,70931.43022222165,170931.43022222165
REMSONSIND.NS,2017-07-07 00:00:00+05:30,2017-11-16 00:00:00+05:30,11.344170570373535,13.447355270385742,15579.676234729373,2888.438293902316,18.53978382081887,UT Sell,73819.86851612397,173819.86851612397
DEVIT.NS,2017-11-08 00:00:00+05:30,2017-11-20 00:00:00+05:30,5.687180519104004,6.200674057006836,21360.052854733265,1928.5916937794827,9.028964988502452,UT Sell,75748.46020990345,175748.46020990345
THOMASCOTT.NS,2017-11-08 00:00:00+05:30,2017-11-22 00:00:00+05:30,18.899999618530273,18.799999237060547,21360.052854733265,-113.01658607403442,-0.5291025581380615,UT Sell,75635.44362382941,175635.4436238294
KRISHANA.NS,2017-11-16 00:00:00+05:30,2017-11-22 00:00:00+05:30,17.951217651367188,17.537147521972656,18468.11452863169,-425.9930842051326,-2.306640905571078,UT Sell,75209.45053962429,175209.4505396243
TALBROAUTO.NS,2017-11-22 00:00:00+05:30,2017-11-23 00:00:00+05:30,46.164283752441406,44.246334075927734,19644.578856542896,-816.1572237360051,-4.154618074004535,Stop Loss,74393.29331588828,174393.29331588827
DEVIT.NS,2017-11-23 00:00:00+05:30,2017-12-01 00:00:00+05:30,7.029046535491943,6.6851019859313965,18828.42163280689,-921.3103035714339,-4.893189251541575,Stop Loss,73471.98301231685,173471.98301231686
TORNTPOWER.NS,2017-10-12 00:00:00+05:30,2017-12-13 00:00:00+05:30,183.51234436035156,209.11964416503906,16341.111386032877,2280.2375494819535,13.953993064577762,UT Sell,75752.22056179881,175752.2205617988
BCG.NS,2017-12-13 00:00:00+05:30,2017-12-14 00:00:00+05:30,2.685370922088623,2.520479440689087,18621.34893551483,-1143.4181350435356,-6.140361468995392,Stop Loss,74608.80242675527,174608.80242675525
NAGREEKCAP.NS,2017-09-14 00:00:00+05:30,2017-12-15 00:00:00+05:30,14.800000190734863,72.05000305175781,15406.633974955164,59596.60998498415,386.82433867036536,UT Sell,134205.4124117394,234205.4124117394
POWERMECH.NS,2017-10-11 00:00:00+05:30,2017-12-21 00:00:00+05:30,285.6541442871094,371.1244812011719,16687.822237003416,4993.149294291652,29.920916123015083,UT Sell,139198.56170603106,239198.56170603106
KIRIINDUS.NS,2017-12-21 00:00:00+05:30,2017-12-29 00:00:00+05:30,525.7010498046875,501.4256896972656,21680.97153129507,-1001.1648095366945,-4.617711932749769,Stop Loss,138197.39689649438,238197.39689649438
JPOLYINVST.NS,2017-12-29 00:00:00+05:30,2018-01-15 00:00:00+05:30,81.0999984741211,77.3499984741211,20679.806721758374,-956.2179613522421,-4.6239211720782265,Stop Loss,137241.17893514215,237241.17893514215
IMPAL.NS,2017-08-11 00:00:00+05:30,2018-01-16 00:00:00+05:30,448.9438171386719,735.7102661132812,15277.013330852478,9758.314284731823,63.87579871403632,UT Sell,146999.49321987398,246999.49321987398
INDIAGLYCO.NS,2017-08-16 00:00:00+05:30,2018-01-16 00:00:00+05:30,74.7164535522461,239.32550048828125,13132.871108978447,28933.24420532198,220.31164370098338,UT Sell,175932.73742519596,275932.737425196
BFINVEST.NS,2017-10-31 00:00:00+05:30,2018-01-16 00:00:00+05:30,263.0,368.79998779296875,18305.20788734929,7363.843235852892,40.22813224067252,UT Sell,183296.58066104885,283296.5806610489
KOHINOOR.NS,2017-11-20 00:00:00+05:30,2018-01-16 00:00:00+05:30,67.94999694824219,83.5999984741211,23288.644548512748,5363.757749650711,23.0316441924193,UT Sell,188660.33841069957,288660.33841069957
APARINDS.NS,2017-11-22 00:00:00+05:30,2018-01-16 00:00:00+05:30,690.8779907226562,744.3811645507812,19644.578856542896,1521.3211760336017,7.744229016784976,UT Sell,190181.65958673318,290181.6595867332
STCINDIA.NS,2017-12-14 00:00:00+05:30,2018-01-16 00:00:00+05:30,176.5500030517578,170.1999969482422,17477.930800471295,-628.6319192375195,-3.5967182066001135,UT Sell,189553.02766749565,289553.02766749565
AARVI.NS,2018-01-16 00:00:00+05:30,2018-01-17 00:00:00+05:30,93.02239990234375,89.60872650146484,26573.01587751011,-975.1586454167955,-3.6697326713378997,UT Sell,188577.86902207887,288577.86902207887
BALPHARMA.NS,2018-01-17 00:00:00+05:30,2018-01-18 00:00:00+05:30,105.67084503173828,101.12043762207031,26377.984148426745,-1135.8911200630027,-4.306208972116432,Stop Loss,187441.97790201587,287441.9779020159
GESHIP.NS,2017-12-15 00:00:00+05:30,2018-01-23 00:00:00+05:30,303.9925537109375,332.24078369140625,75003.24395993931,6969.607836763724,9.292408526338324,UT Sell,194411.5857387796,294411.5857387796
PASHUPATI.NS,2018-01-17 00:00:00+05:30,2018-01-24 00:00:00+05:30,7.188637733459473,7.015650272369385,26377.98414842675,-634.7601139047802,-2.4064011500387394,UT Sell,193776.82562487482,293776.8256248748
SBIN.NS,2018-01-17 00:00:00+05:30,2018-01-25 00:00:00+05:30,283.36627197265625,288.9486999511719,26377.98414842675,519.6567527317711,1.970039673265811,UT Sell,194296.4823776066,294296.48237760656
ASHOKA.NS,2018-01-24 00:00:00+05:30,2018-01-29 00:00:00+05:30,158.84478759765625,152.199951171875,25743.22403452197,-1076.897236407418,-4.183225981964355,Stop Loss,193219.58514119918,293219.5851411992
KRISHANA.NS,2018-01-25 00:00:00+05:30,2018-01-30 00:00:00+05:30,15.880860328674316,15.58857536315918,26897.64090115852,-495.04723802894296,-1.8404857134055264,UT Sell,192724.53790317022,292724.5379031702
DPABHUSHAN.NS,2018-01-23 00:00:00+05:30,2018-01-30 00:00:00+05:30,73.82601165771484,70.93868255615234,81972.85179670303,-3205.9513336307573,-3.910991582410339,UT Sell,189518.58656953945,289518.58656953945
BANKINDIA.NS,2018-01-17 00:00:00+05:30,2018-01-31 00:00:00+05:30,144.77471923828125,138.1820526123047,26377.98414842675,-1201.185239182898,-4.553741606727524,Stop Loss,188317.40133035654,288317.40133035654
INDOTHAI.NS,2017-10-05 00:00:00+05:30,2018-02-02 00:00:00+05:30,4.742602825164795,6.920891284942627,17480.988352854096,8029.058430211182,45.93023156439715,UT Sell,196346.45976056773,296346.45976056776
CUPID.NS,2017-12-01 00:00:00+05:30,2018-02-02 00:00:00+05:30,1.9810696840286255,2.3278861045837402,17907.111329235457,3134.912569586144,17.506523034053135,UT Sell,199481.37233015388,299481.3723301539
PONNIERODE.NS,2018-01-15 00:00:00+05:30,2018-02-02 00:00:00+05:30,160.05340576171875,143.64675903320312,19723.58876040613,-2021.8123536356652,-10.250732654162453,Stop Loss,197459.5599765182,297459.5599765182
BPCL.NS,2018-01-30 00:00:00+05:30,2018-02-02 00:00:00+05:30,139.81629943847656,137.38333129882812,52584.74706310093,-915.0364782204269,-1.7401176754209713,UT Sell,196544.52349829779,296544.5234982978
HINDPETRO.NS,2018-01-30 00:00:00+05:30,2018-02-02 00:00:00+05:30,180.09361267089844,171.61593627929688,52584.74706310093,-2475.3596872412963,-4.707372052718828,Stop Loss,194069.1638110565,294069.1638110565
MAGADSUGAR.NS,2018-01-31 00:00:00+05:30,2018-02-02 00:00:00+05:30,92.94535827636719,85.35166931152344,25176.79890924385,-2056.9588798478726,-8.170057231114647,Stop Loss,192012.20493120863,292012.20493120863
NAUKRI.NS,2018-02-02 00:00:00+05:30,2018-02-05 00:00:00+05:30,266.1392517089844,249.85177612304688,31525.464179798906,-1929.3291946476456,-6.119907334731433,Stop Loss,190082.875736561,290082.875736561
TECHM.NS,2018-01-16 00:00:00+05:30,2018-02-06 00:00:00+05:30,422.0343017578125,459.1557312011719,26573.01587751011,2337.3179144104943,8.795832302906458,UT Sell,192420.1936509715,292420.1936509715
IOC.NS,2018-01-29 00:00:00+05:30,2018-02-09 00:00:00+05:30,74.42643737792969,73.98884582519531,24666.32679811455,-145.02610395054944,-0.5879517657312205,UT Sell,192275.16754702094,292275.16754702094
DPABHUSHAN.NS,2018-02-07 00:00:00+05:30,2018-02-14 00:00:00+05:30,69.54479217529297,75.21989440917969,30439.384139989736,2483.9619406090205,8.160355443412914,UT Sell,194759.12948762998,294759.12948763
TIIL.NS,2018-02-06 00:00:00+05:30,2018-02-15 00:00:00+05:30,546.0687255859375,541.6970825195312,30439.384139989736,-243.6875001007902,-0.8005664601493989,UT Sell,194515.4419875292,294515.44198752916
KOHINOOR.NS,2018-02-14 00:00:00+05:30,2018-02-16 00:00:00+05:30,76.44999694824219,70.44999694824219,32923.346080598756,-2583.912156560713,-7.848267154362465,Stop Loss,191931.52983096847,291931.5298309685
JAMNAAUTO.NS,2018-02-05 00:00:00+05:30,2018-02-19 00:00:00+05:30,66.1143569946289,66.95294952392578,31203.909314024302,395.7894536843778,1.26839701301944,UT Sell,192327.31928465285,292327.3192846528
KRISHANA.NS,2018-02-05 00:00:00+05:30,2018-02-20 00:00:00+05:30,15.58857536315918,16.075719833374023,31203.909314024302,975.1251488533599,3.1250095590269478,UT Sell,193302.44443350623,293302.4444335062
BPCL.NS,2018-02-15 00:00:00+05:30,2018-02-20 00:00:00+05:30,136.77871704101562,130.44436645507812,30195.696639888945,-1398.3910131743323,-4.631093727862668,Stop Loss,191904.0534203319,291904.0534203319
SOTL.NS,2018-02-05 00:00:00+05:30,2018-02-21 00:00:00+05:30,275.92449951171875,261.2578430175781,31203.909314024302,-1658.63132847206,-5.3154600334856195,Stop Loss,190245.42209185986,290245.42209185986
DHAMPURSUG.NS,2018-02-05 00:00:00+05:30,2018-02-21 00:00:00+05:30,165.79849243164062,170.1173095703125,31203.909314024302,812.8178752562198,2.604859112607749,UT Sell,191058.23996711607,291058.23996711604
NAGREEKCAP.NS,2018-02-16 00:00:00+05:30,2018-02-22 00:00:00+05:30,43.099998474121094,47.400001525878906,30339.433924038043,3026.9063359782012,9.976805577707148,UT Sell,194085.14630309428,294085.1463030943
TERASOFT.NS,2018-02-20 00:00:00+05:30,2018-02-22 00:00:00+05:30,62.952327728271484,60.30853271484375,30488.170044796138,-1280.4049483426788,-4.1996779290504715,Stop Loss,192804.7413547516,292804.74135475163
GESHIP.NS,2018-02-09 00:00:00+05:30,2018-02-26 00:00:00+05:30,300.8706970214844,282.9014892578125,24521.300694164,-1464.510672428296,-5.97240207888664,Stop Loss,191340.2306823233,291340.23068232334
PGEL.NS,2018-02-22 00:00:00+05:30,2018-02-26 00:00:00+05:30,32.240272521972656,30.68146514892578,31287.052678234853,-1512.7194834503935,-4.834969592718252,Stop Loss,189827.5111988729,289827.51119887293
USHAMART.NS,2018-02-21 00:00:00+05:30,2018-02-28 00:00:00+05:30,22.350862503051758,21.58180046081543,30781.002587416384,-1059.1314186970594,-3.44086069220515,UT Sell,188768.37978017583,288768.37978017586
PFIZER.NS,2018-01-17 00:00:00+05:30,2018-03-05 00:00:00+05:30,1808.888427734375,1917.141357421875,26377.984148426745,1578.5904865863522,5.984500095624279,UT Sell,190346.9702667622,290346.9702667622
MANALIPETC.NS,2018-02-06 00:00:00+05:30,2018-03-05 00:00:00+05:30,31.339733123779297,31.555870056152344,30439.384139989736,209.92760485092367,0.6896578586658375,UT Sell,190556.89787161312,290556.89787161315
GLOBAL.NS,2018-02-21 00:00:00+05:30,2018-03-05 00:00:00+05:30,7.833610534667969,7.685511589050293,30781.002587416384,-581.9326871149497,-1.890557935734205,UT Sell,189974.96518449817,289974.96518449817
GABRIEL.NS,2018-02-26 00:00:00+05:30,2018-03-05 00:00:00+05:30,144.58262634277344,142.5125274658203,26415.561608260083,-378.21158601521165,-1.431775676868241,UT Sell,189596.75359848296,289596.75359848293
KRISHANA.NS,2018-02-26 00:00:00+05:30,2018-03-05 00:00:00+05:30,17.537147521972656,16.806434631347656,26415.561608260083,-1100.6460062031401,-4.166657603293089,Stop Loss,188496.10759227982,288496.1075922798
SKMEGGPROD.NS,2018-02-28 00:00:00+05:30,2018-03-06 00:00:00+05:30,44.320987701416016,41.502891540527344,29721.871168719324,-1889.829071483433,-6.358378517811403,Stop Loss,186606.2785207964,286606.2785207964
LGBBROSLTD.NS,2018-02-22 00:00:00+05:30,2018-03-07 00:00:00+05:30,468.8791198730469,449.1803283691406,31287.052678234853,-1314.4477997807917,-4.201251595345057,Stop Loss,185291.8307210156,285291.8307210156
ELECTHERM.NS,2018-03-05 00:00:00+05:30,2018-03-07 00:00:00+05:30,154.1999969482422,147.60000610351562,28031.444380891404,-1199.7878076511442,-4.2801497894593865,Stop Loss,184092.04291336445,284092.0429133645
LAXMICOT.NS,2018-03-05 00:00:00+05:30,2018-03-07 00:00:00+05:30,13.210714340209961,12.29464340209961,28031.444380891404,-1943.7852404719524,-6.93430282813755,Stop Loss,182148.2576728925,282148.25767289253
BEL.NS,2018-03-05 00:00:00+05:30,2018-03-07 00:00:00+05:30,44.68718719482422,42.61873245239258,28031.444380891404,-1297.503327163522,-4.628742313571288,Stop Loss,180850.754345729,280850.754345729
MKPL.NS,2018-03-05 00:00:00+05:30,2018-03-07 00:00:00+05:30,0.85555499792099,0.8444439768791199,28031.4443808914,-364.04201846397336,-1.2986916175897534,UT Sell,180486.712327265,280486.712327265
SHAHALLOYS.NS,2018-02-20 00:00:00+05:30,2018-03-09 00:00:00+05:30,25.100000381469727,36.150001525878906,30488.170044796138,13422.084014574513,44.02390827279401,UT Sell,193908.7963418395,293908.7963418395
KHAITANLTD.NS,2018-03-07 00:00:00+05:30,2018-03-09 00:00:00+05:30,49.45000076293945,48.900001525878906,27458.652801653814,-305.40420340980927,-1.1122330203738762,UT Sell,193603.39213842968,293603.3921384297
RGL.NS,2018-03-08 00:00:00+05:30,2018-03-09 00:00:00+05:30,62.18858337402344,58.77888870239258,27458.652801653814,-1505.5114149306828,-5.482830588250886,Stop Loss,192097.880723499,292097.880723499
DPABHUSHAN.NS,2018-03-06 00:00:00+05:30,2018-03-12 00:00:00+05:30,72.58147430419922,69.54479217529297,27832.04209723589,-1164.4440355870938,-4.183825360420601,Stop Loss,190933.4366879119,290933.43668791186
AIAENG.NS,2018-03-08 00:00:00+05:30,2018-03-16 00:00:00+05:30,1358.760986328125,1283.7137451171875,27458.652801653814,-1516.5994320324608,-5.52321136432854,Stop Loss,189416.83725587942,289416.8372558794
INFOBEAN.NS,2018-03-09 00:00:00+05:30,2018-03-16 00:00:00+05:30,18.714313507080078,18.213674545288086,32338.881348112594,-865.1187753966187,-2.675166051923772,UT Sell,188551.7184804828,288551.7184804828
KSB.NS,2018-03-07 00:00:00+05:30,2018-03-19 00:00:00+05:30,149.484375,142.71682739257812,27458.652801653814,-1243.1248421171804,-4.5272608641684915,Stop Loss,187308.59363836562,287308.5936383656
HECPROJECT.NS,2018-03-16 00:00:00+05:30,2018-03-19 00:00:00+05:30,33.393863677978516,32.08196258544922,28707.907971168665,-1127.8100729758553,-3.9285693478901873,UT Sell,186180.78356538978,286180.7835653898
GLOBAL.NS,2018-03-16 00:00:00+05:30,2018-03-21 00:00:00+05:30,7.677717208862305,7.65823221206665,28707.907971168665,-72.8567462972569,-0.25378633082712154,UT Sell,186107.92681909254,286107.92681909254
KRISHANA.NS,2018-03-12 00:00:00+05:30,2018-03-22 00:00:00+05:30,16.562862396240234,15.58857536315918,26667.598061648798,-1568.6838647394507,-5.882359037784546,Stop Loss,184539.24295435307,284539.2429543531
ZENITHSTL.NS,2018-01-18 00:00:00+05:30,2018-03-23 00:00:00+05:30,0.5,2.299999952316284,25242.093028363743,90871.53249483589,359.99999046325684,UT Sell,275410.77544918895,375410.77544918895
TIPSMUSIC.NS,2018-02-19 00:00:00+05:30,2018-03-23 00:00:00+05:30,7.6837477684021,8.256260871887207,31599.69876770868,2354.4814530601943,7.450961701781189,UT Sell,277765.2569022491,377765.2569022491
CIGNITITEC.NS,2018-03-08 00:00:00+05:30,2018-03-23 00:00:00+05:30,256.839111328125,238.2240447998047,27458.652801653818,-1990.1355601087598,-7.247753830038217,Stop Loss,275775.12134214037,375775.12134214037
VAIBHAVGBL.NS,2018-03-09 00:00:00+05:30,2018-03-23 00:00:00+05:30,118.4326400756836,111.67143249511719,32338.88134811259,-1846.1961970802113,-5.7089055654300225,Stop Loss,273928.9251450602,373928.9251450602
INFOBEAN.NS,2018-03-22 00:00:00+05:30,2018-03-26 00:00:00+05:30,18.41631317138672,17.87991714477539,25098.914196909347,-731.0343673128955,-2.912613516177176,UT Sell,273197.89077774726,373197.89077774726
TIRUPATIFL.NS,2018-03-05 00:00:00+05:30,2018-03-27 00:00:00+05:30,3.360743522644043,3.560533046722412,28031.4443808914,1666.4136654145805,5.944801283770262,UT Sell,274864.3044431618,374864.3044431618
ADANIENT.NS,2018-03-26 00:00:00+05:30,2018-03-28 00:00:00+05:30,87.8553695678711,83.91194152832031,24367.87982959645,-1093.763318703015,-4.488545274975319,Stop Loss,273770.5411244588,373770.5411244588
DPABHUSHAN.NS,2018-03-19 00:00:00+05:30,2018-04-02 00:00:00+05:30,69.34567260742188,68.79808044433594,26897.81292886472,-212.4001543309205,-0.7896558537775711,UT Sell,273558.14097012783,373558.14097012783
THOMASCOTT.NS,2018-03-19 00:00:00+05:30,2018-04-04 00:00:00+05:30,13.199999809265137,14.300000190734863,26897.81292886472,2241.4852204531744,8.333336343668973,UT Sell,275799.626190581,375799.626190581
HECPROJECT.NS,2018-03-23 00:00:00+05:30,2018-04-04 00:00:00+05:30,31.803680419921875,30.2134952545166,51507.25203413649,-2575.364455120369,-5.000003598354541,Stop Loss,273224.26173546066,373224.26173546066
DPABHUSHAN.NS,2018-04-04 00:00:00+05:30,2018-04-09 00:00:00+05:30,69.69414520263672,67.6530990600586,39035.592864167,-1143.1870784411876,-2.9285761905017305,UT Sell,272081.07465701946,372081.07465701946
SIKKO.NS,2018-03-23 00:00:00+05:30,2018-04-16 00:00:00+05:30,0.6422148942947388,0.6553880572319031,51507.25203413649,1056.5208460890499,2.05120794522069,UT Sell,273137.5955031085,373137.5955031085
GABRIEL.NS,2018-04-02 00:00:00+05:30,2018-04-17 00:00:00+05:30,141.22450256347656,138.46444702148438,26685.4127745338,-521.5328790809253,-1.954374412295501,UT Sell,272616.0626240276,372616.0626240276
SOUTHWEST.NS,2018-04-16 00:00:00+05:30,2018-04-18 00:00:00+05:30,40.949546813964844,38.27385711669922,52563.77288022554,-3434.576362565909,-6.534113086577909,Stop Loss,269181.4862614617,369181.4862614617
THOMASCOTT.NS,2018-04-17 00:00:00+05:30,2018-04-19 00:00:00+05:30,13.149999618530273,13.0,26163.879895452876,-298.44654885461205,-1.140681542826072,UT Sell,268883.03971260705,368883.03971260705
EIDPARRY.NS,2018-03-23 00:00:00+05:30,2018-04-19 00:00:00+05:30,262.97137451171875,248.0487060546875,51507.25203413648,-2922.8490996989276,-5.674636064377514,Stop Loss,265960.1906129081,365960.1906129081
BSE.NS,2018-04-09 00:00:00+05:30,2018-04-19 00:00:00+05:30,75.58673095703125,75.23533630371094,37892.405785725816,-176.1577544889078,-0.4648893382094621,UT Sell,265784.0328584192,365784.0328584192
PRECWIRE.NS,2018-03-23 00:00:00+05:30,2018-05-02 00:00:00+05:30,32.363956451416016,36.32699966430664,51507.25203413649,6307.185151943944,12.245237132363119,UT Sell,272091.2180103631,372091.2180103631
PRICOLLTD.NS,2018-03-28 00:00:00+05:30,2018-05-02 00:00:00+05:30,75.6269302368164,82.0855484008789,23274.116510893436,1987.6336535022492,8.54010356342394,UT Sell,274078.8516638654,374078.8516638654
HINDZINC.NS,2018-04-18 00:00:00+05:30,2018-05-02 00:00:00+05:30,166.19309997558594,158.3305206298828,49129.19651765963,-2324.297494104663,-4.7309902437936096,Stop Loss,271754.5541697607,371754.5541697607
KRISHANA.NS,2018-04-04 00:00:00+05:30,2018-05-04 00:00:00+05:30,17.050004959106445,17.537147521972656,39035.592864167,1115.3016551291876,2.8571403001617757,UT Sell,272869.8558248899,372869.8558248899
GESHIP.NS,2018-04-19 00:00:00+05:30,2018-05-04 00:00:00+05:30,264.8180236816406,264.09466552734375,37388.694770757575,-102.1283100936489,-0.2731529161951962,UT Sell,272767.72751479625,372767.72751479625
DVL.NS,2018-05-02 00:00:00+05:30,2018-05-04 00:00:00+05:30,136.4888916015625,130.08116149902344,43293.69545801036,-2032.504714349052,-4.694689822263676,Stop Loss,270735.2228004472,370735.2228004472
INDIANHUME.NS,2018-03-27 00:00:00+05:30,2018-05-10 00:00:00+05:30,292.90289306640625,300.52093505859375,29697.85804630598,772.4045580645397,2.6008763219898867,UT Sell,271507.62735851173,371507.62735851173
LFIC.NS,2018-05-02 00:00:00+05:30,2018-05-10 00:00:00+05:30,71.86048889160156,72.253173828125,43293.69545801036,236.58038394977484,0.5464545852391645,UT Sell,271744.2077424615,371744.2077424615
ASAL.NS,2018-03-09 00:00:00+05:30,2018-05-11 00:00:00+05:30,78.94999694824219,73.69999694824219,32338.88134811259,-2150.4640106432744,-6.649778597764577,Stop Loss,269593.7437318183,369593.7437318183
KOTHARIPET.NS,2018-05-03 00:00:00+05:30,2018-05-14 00:00:00+05:30,28.758594512939453,27.438976287841797,43293.69545801036,-1986.5765530548742,-4.588604719552325,Stop Loss,267607.1671787634,367607.1671787634
ANDHRSUGAR.NS,2018-05-04 00:00:00+05:30,2018-05-14 00:00:00+05:30,61.9595947265625,60.5223274230957,39566.21724120714,-917.8115288457775,-2.319684803959232,UT Sell,266689.3556499176,366689.3556499176
SHRADHA.NS,2018-05-10 00:00:00+05:30,2018-05-14 00:00:00+05:30,9.493285179138184,9.128159523010254,37000.26922316533,-1423.0845615705766,-3.846146505008674,UT Sell,265266.2710883471,365266.2710883471
SPMLINFRA.NS,2018-05-04 00:00:00+05:30,2018-05-15 00:00:00+05:30,98.75,112.94999694824219,39566.21724120714,5689.520648897509,14.379743745055373,UT Sell,270955.7917372446,370955.7917372446
PREMIERPOL.NS,2018-05-15 00:00:00+05:30,2018-05-16 00:00:00+05:30,7.314132213592529,6.948426246643066,45255.73789010465,-2262.7829114649066,-4.999991198816966,Stop Loss,268693.00882577966,368693.00882577966
GESHIP.NS,2018-05-11 00:00:00+05:30,2018-05-17 00:00:00+05:30,274.71630859375,261.6200256347656,30188.417337469316,-1439.143011054577,-4.767202582920238,Stop Loss,267253.86581472505,367253.86581472505
SOUTHBANK.NS,2018-05-14 00:00:00+05:30,2018-05-18 00:00:00+05:30,24.577709197998047,23.787878036499023,38510.90309297053,-1237.5893568947795,-3.2136077253422712,UT Sell,266016.2764578303,366016.2764578303
KIRLOSBROS.NS,2018-05-14 00:00:00+05:30,2018-05-18 00:00:00+05:30,270.4615478515625,255.38925170898438,38510.90309297053,-2146.1377439647986,-5.572805547519188,Stop Loss,263870.1387138655,363870.1387138655
JBCHEPHARM.NS,2018-03-21 00:00:00+05:30,2018-05-21 00:00:00+05:30,133.70431518554688,139.75177001953125,28635.051224871408,1295.165221189196,4.52300647558912,UT Sell,265165.3039350547,365165.3039350547
FMNL.NS,2018-05-04 00:00:00+05:30,2018-05-21 00:00:00+05:30,129.10000610351562,123.25,39566.217241207145,-1792.8938916431507,-4.531375543719918,Stop Loss,263372.41004341154,363372.41004341154
USHAMART.NS,2018-05-14 00:00:00+05:30,2018-05-21 00:00:00+05:30,21.918264389038086,21.053068161010742,38510.903092970526,-1520.1700053690656,-3.9473756346330546,UT Sell,261852.24003804248,361852.2400380425
DPABHUSHAN.NS,2018-05-17 00:00:00+05:30,2018-05-21 00:00:00+05:30,67.80244445800781,64.21817016601562,28749.27432641474,-1519.787165570684,-5.286349659874046,Stop Loss,260332.4528724718,360332.45287247177
JKTYRE.NS,2018-05-18 00:00:00+05:30,2018-05-21 00:00:00+05:30,133.72296142578125,126.94188690185547,36819.03954254075,-1867.0888557602884,-5.070987399340099,Stop Loss,258465.3640167115,358465.3640167115
THOMASCOTT.NS,2018-05-16 00:00:00+05:30,2018-05-22 00:00:00+05:30,12.050000190734863,11.600000381469727,42992.95497863974,-1605.5453306140262,-3.7344381920519587,UT Sell,256859.81868609748,356859.8186860975
ONGC.NS,2018-05-10 00:00:00+05:30,2018-05-23 00:00:00+05:30,119.17778778076172,111.04266357421875,37000.26922316533,-2525.653407493177,-6.826040622190654,Stop Loss,254334.1652786043,354334.1652786043
JPOLYINVST.NS,2018-05-21 00:00:00+05:30,2018-05-23 00:00:00+05:30,48.0,45.29999923706055,33375.14214617012,-1877.3522762056673,-5.62500158945719,Stop Loss,252456.81300239865,352456.81300239865
DEVIT.NS,2018-05-21 00:00:00+05:30,2018-05-23 00:00:00+05:30,7.973679542541504,7.799285411834717,33375.14214617012,-729.9552070964746,-2.1871223915678084,UT Sell,251726.85779530217,351726.8577953022
USHAMART.NS,2018-05-22 00:00:00+05:30,2018-05-25 00:00:00+05:30,24.51384735107422,23.167991638183594,41387.409648025714,-2272.2455973072356,-5.490185582116092,Stop Loss,249454.61219799495,349454.61219799495
REFEX.NS,2018-05-23 00:00:00+05:30,2018-05-28 00:00:00+05:30,2.843129873275757,2.652954339981079,32872.53087490341,-2198.8271266263655,-6.688949916859199,Stop Loss,247255.7850713686,347255.78507136856
BANKINDIA.NS,2018-05-21 00:00:00+05:30,2018-05-29 00:00:00+05:30,86.10008239746094,89.30850982666016,33375.142146170125,1243.6889551496279,3.7263929834448595,UT Sell,248499.47402651823,348499.47402651823
PERSISTENT.NS,2018-04-19 00:00:00+05:30,2018-05-31 00:00:00+05:30,321.8255920410156,362.41021728515625,37388.694770757575,4714.995336496941,12.610751365903884,UT Sell,253214.46936301517,353214.46936301515
DPABHUSHAN.NS,2018-05-29 00:00:00+05:30,2018-05-31 00:00:00+05:30,68.20069122314453,61.77888107299805,34618.83110131975,-3259.725920156321,-9.41604848129044,Stop Loss,249954.74344285886,349954.74344285886
FILATEX.NS,2018-05-23 00:00:00+05:30,2018-06-01 00:00:00+05:30,19.68278694152832,20.621232986450195,32872.530874903416,1567.313443861829,4.767851461836781,UT Sell,251522.0568867207,351522.0568867207
HECPROJECT.NS,2018-04-19 00:00:00+05:30,2018-06-04 00:00:00+05:30,30.014724731445312,29.83582878112793,37388.694770757575,-222.84682408344088,-0.5960272896654573,UT Sell,251299.21006263726,351299.2100626372
MAGADSUGAR.NS,2018-05-18 00:00:00+05:30,2018-06-04 00:00:00+05:30,59.36031723022461,56.82909393310547,36819.03954254075,-1570.025481942277,-4.26416740210801,Stop Loss,249729.18458069497,349729.184580695
WEBELSOLAR.NS,2018-05-23 00:00:00+05:30,2018-06-04 00:00:00+05:30,5.590000152587891,5.239999771118164,32872.530874903416,-2058.2107391830978,-6.2611873330217005,Stop Loss,247670.97384151188,347670.9738415119
MAGNUM.NS,2018-05-28 00:00:00+05:30,2018-06-04 00:00:00+05:30,8.057562828063965,7.533105850219727,30673.703748277043,-1996.5141210045258,-6.5088785410098104,Stop Loss,245674.45972050735,345674.4597205074
TIIL.NS,2018-05-31 00:00:00+05:30,2018-06-04 00:00:00+05:30,544.8765258789062,511.6910705566406,36731.39764420898,-2237.1089550610777,-6.090454212307317,Stop Loss,243437.35076544626,343437.35076544626
SUPREMEINF.NS,2018-05-25 00:00:00+05:30,2018-06-05 00:00:00+05:30,38.20000076293945,35.150001525878906,39115.16405071848,-3123.0685374208697,-7.984291037029423,Stop Loss,240314.28222802537,340314.2822280254
RMDRIP.NS,2018-05-31 00:00:00+05:30,2018-06-06 00:00:00+05:30,3.9640142917633057,3.8182787895202637,36731.39764420898,-1350.416090802355,-3.676462583544693,UT Sell,238963.86613722303,338963.866137223
DPABHUSHAN.NS,2018-06-06 00:00:00+05:30,2018-06-08 00:00:00+05:30,60.683685302734375,56.85050964355469,34006.93525511096,-2148.0988804962617,-6.316649425718001,Stop Loss,236815.76725672677,336815.76725672674
SPAL.NS,2018-06-05 00:00:00+05:30,2018-06-15 00:00:00+05:30,327.4872131347656,309.64837646484375,33732.125995451825,-1837.4515462821,-5.447185708157997,Stop Loss,234978.31571044467,334978.3157104447
CANBK.NS,2018-05-21 00:00:00+05:30,2018-06-15 00:00:00+05:30,42.953731536865234,47.15031433105469,33375.14214617012,3260.75389198809,9.770007503510424,UT Sell,238239.06960243278,338239.0696024328
UNIONBANK.NS,2018-05-21 00:00:00+05:30,2018-06-15 00:00:00+05:30,75.09453582763672,78.07413482666016,33375.142146170125,1324.2580040609973,3.9677973452854953,UT Sell,239563.32760649378,339563.3276064938
BLBLIMITED.NS,2018-06-15 00:00:00+05:30,2018-06-18 00:00:00+05:30,8.300000190734863,7.949999809265137,34409.99021251968,-1451.0252318060666,-4.216871968996161,Stop Loss,238112.30237468772,338112.30237468774
TIRUPATIFL.NS,2018-06-06 00:00:00+05:30,2018-06-19 00:00:00+05:30,3.2751195430755615,3.2465786933898926,34006.93525511096,-296.35157270471973,-0.8714445170714957,UT Sell,237815.950801983,337815.950801983
SOLARINDS.NS,2018-06-06 00:00:00+05:30,2018-06-19 00:00:00+05:30,1120.64990234375,1108.3348388671875,34006.93525511096,-373.7095460715791,-1.0989215678158248,UT Sell,237442.24125591142,337442.2412559114
AVANTIFEED.NS,2018-06-06 00:00:00+05:30,2018-06-19 00:00:00+05:30,490.01458740234375,521.2196655273438,34006.93525511096,2165.6275113218726,6.368193708359526,UT Sell,239607.86876723327,339607.8687672333
MOKSH.NS,2018-06-19 00:00:00+05:30,2018-06-20 00:00:00+05:30,5.8851847648620605,5.446289539337158,34505.45738595949,-2573.2888781454494,-7.457628656713711,Stop Loss,237034.57988908782,337034.5798890878
GABRIEL.NS,2018-06-08 00:00:00+05:30,2018-06-21 00:00:00+05:30,141.1324920654297,135.1522979736328,31858.8363746147,-1349.9515403629885,-4.2372907927002545,Stop Loss,235684.62834872483,335684.6283487248
GESHIP.NS,2018-06-18 00:00:00+05:30,2018-06-21 00:00:00+05:30,247.26754760742188,236.68394470214844,32958.964980713616,-1410.7172611203387,-4.280223186455778,Stop Loss,234273.9110876045,334273.9110876045
VADILALIND.NS,2018-06-19 00:00:00+05:30,2018-06-21 00:00:00+05:30,770.5574340820312,739.5429077148438,34505.45738595948,-1388.826284160903,-4.024946745745861,Stop Loss,232885.0848034436,332885.08480344363
KAPSTON.NS,2018-06-21 00:00:00+05:30,2018-06-22 00:00:00+05:30,42.10041809082031,41.71730422973633,31724.587885214518,-288.69379229877086,-0.9100001341020403,UT Sell,232596.39101114485,332596.39101114485
GOKUL.NS,2018-06-19 00:00:00+05:30,2018-06-25 00:00:00+05:30,16.0,14.949999809265137,34505.45738595948,-2264.421052290698,-6.5625011920928955,Stop Loss,230331.96995885414,330331.96995885414
APARINDS.NS,2018-06-15 00:00:00+05:30,2018-06-25 00:00:00+05:30,645.940673828125,628.67431640625,34409.99021251968,-919.7983870120443,-2.6730562296916616,UT Sell,229412.1715718421,329412.1715718421
TARIL.NS,2018-06-21 00:00:00+05:30,2018-06-25 00:00:00+05:30,11.495231628417969,10.820511817932129,31724.58788521452,-1862.0945290685922,-5.86956254815979,Stop Loss,227550.0770427735,327550.0770427735
RAMKY.NS,2018-06-25 00:00:00+05:30,2018-06-26 00:00:00+05:30,187.4499969482422,179.35000610351562,31864.573838440785,-1376.9152337396372,-4.3211474935169525,Stop Loss,226173.1618090339,326173.1618090339
CENTURYPLY.NS,2018-06-21 00:00:00+05:30,2018-06-26 00:00:00+05:30,264.9636535644531,252.99722290039062,31724.587885214518,-1432.7628569706103,-4.516253645767165,Stop Loss,224740.3989520633,324740.3989520633
DEVIT.NS,2018-06-15 00:00:00+05:30,2018-06-27 00:00:00+05:30,7.702400207519531,7.169529914855957,34409.99021251968,-2380.5646371367948,-6.918236891188223,Stop Loss,222359.8343149265,322359.8343149265
PFC.NS,2018-06-20 00:00:00+05:30,2018-06-27 00:00:00+05:30,41.542503356933594,38.206974029541016,31932.16850781404,-2563.8966344881665,-8.02919674515924,Stop Loss,219795.93768043834,319795.93768043834
MRPL.NS,2018-06-25 00:00:00+05:30,2018-06-27 00:00:00+05:30,82.83125305175781,79.71591186523438,31864.57383844078,-1198.4488416212007,-3.7610697312242647,UT Sell,218597.48883881714,318597.4888388171
INFOBEAN.NS,2018-06-26 00:00:00+05:30,2018-06-27 00:00:00+05:30,15.734323501586914,14.995290756225586,30389.741816472528,-1427.3898921160799,-4.696946425988968,Stop Loss,217170.09894670107,317170.09894670104
CORALFINAC.NS,2018-06-25 00:00:00+05:30,2018-06-28 00:00:00+05:30,21.95306396484375,20.3388671875,31864.57383844078,-2342.9846732926962,-7.352945265083588,Stop Loss,214827.11427340837,314827.11427340837
MUTHOOTFIN.NS,2018-06-26 00:00:00+05:30,2018-06-28 00:00:00+05:30,343.90447998046875,327.54058837890625,30389.741816472528,-1446.0248988686326,-4.758266482161511,Stop Loss,213381.08937453973,313381.08937453973
TECHM.NS,2018-06-27 00:00:00+05:30,2018-06-28 00:00:00+05:30,540.550537109375,502.7101135253906,30256.5435924712,-2118.0636168616657,-7.000348901018249,Stop Loss,211263.02575767806,311263.0257576781
PFIZER.NS,2018-06-01 00:00:00+05:30,2018-07-02 00:00:00+05:30,2213.380859375,2182.142822265625,34439.844318765245,-486.0587504919822,-1.4113267934464657,UT Sell,210776.9670071861,310776.9670071861
SIKKO.NS,2018-06-27 00:00:00+05:30,2018-07-02 00:00:00+05:30,0.6751487255096436,0.671031653881073,30256.543592471196,-184.5050616205226,-0.6098021773591755,UT Sell,210592.46194556556,310592.46194556553
AARVI.NS,2018-06-28 00:00:00+05:30,2018-07-02 00:00:00+05:30,59.31245040893555,57.17890167236328,28867.928686120504,-1038.418280665941,-3.5971347025157474,UT Sell,209554.04366489963,309554.04366489965
MBAPL.NS,2018-06-28 00:00:00+05:30,2018-07-03 00:00:00+05:30,10.892599105834961,9.99698543548584,28867.928686120504,-2373.58515766024,-8.222221910924432,Stop Loss,207180.45850723938,307180.45850723935
DPABHUSHAN.NS,2018-07-03 00:00:00+05:30,2018-07-04 00:00:00+05:30,53.76405334472656,50.77716064453125,26494.343528460264,-1471.9083915459087,-5.555557132279132,Stop Loss,205708.55011569348,305708.5501156935
KOHINOOR.NS,2018-07-04 00:00:00+05:30,2018-07-05 00:00:00+05:30,42.54999923706055,40.599998474121094,25022.435136914355,-1146.7395648056117,-4.582845588493045,Stop Loss,204561.81055088787,304561.81055088784
FILATEX.NS,2018-06-06 00:00:00+05:30,2018-07-05 00:00:00+05:30,20.316604614257812,20.734241485595703,34006.93525511096,699.0612020754488,2.0556430528987146,UT Sell,205260.8717529633,305260.8717529633
EIDPARRY.NS,2018-06-27 00:00:00+05:30,2018-07-05 00:00:00+05:30,203.60414123535156,200.64730834960938,30256.543592471196,-439.39942753766445,-1.4522459453927827,UT Sell,204821.47232542565,304821.47232542565
RMDRIP.NS,2018-07-05 00:00:00+05:30,2018-07-09 00:00:00+05:30,3.206188440322876,2.943863868713379,29466.278731409562,-2410.8779284241427,-8.181820142270857,Stop Loss,202410.59439700152,302410.59439700155
DEVIT.NS,2018-07-02 00:00:00+05:30,2018-07-11 00:00:00+05:30,7.266414642333984,7.2179718017578125,30618.4448348595,-204.12328704504034,-0.6666677166197621,UT Sell,202206.47110995647,302206.4711099565
USHAMART.NS,2018-07-11 00:00:00+05:30,2018-07-12 00:00:00+05:30,26.436500549316406,25.330974578857422,30414.32154781446,-1271.8711495976931,-4.181816607673405,Stop Loss,200934.59996035878,300934.5999603588
INDIANB.NS,2018-06-06 00:00:00+05:30,2018-07-13 00:00:00+05:30,297.9869384765625,292.7081604003906,34006.93525511096,-602.4259492051424,-1.7714796840288538,UT Sell,200332.17401115363,300332.17401115363
KOTHARIPET.NS,2018-07-02 00:00:00+05:30,2018-07-16 00:00:00+05:30,22.479028701782227,21.56894302368164,30618.444834859496,-1239.6179790325696,-4.04859876364867,Stop Loss,199092.55603212107,299092.55603212107
TALBROAUTO.NS,2018-07-05 00:00:00+05:30,2018-07-16 00:00:00+05:30,51.86086654663086,51.040252685546875,29466.278731409562,-466.2559338420797,-1.5823373493887294,UT Sell,198626.300098279,298626.300098279
SAKSOFT.NS,2018-07-13 00:00:00+05:30,2018-07-16 00:00:00+05:30,15.970782279968262,15.319660186767578,33404.50930590582,-1361.8878299332973,-4.07695804617767,Stop Loss,197264.4122683457,297264.4122683457
CUBEXTUB.NS,2018-07-16 00:00:00+05:30,2018-07-17 00:00:00+05:30,15.600000381469727,14.850000381469727,30140.490376455647,-1449.0620018954141,-4.807692190128909,Stop Loss,195815.3502664503,295815.3502664503
ONEPOINT.NS,2018-07-16 00:00:00+05:30,2018-07-18 00:00:00+05:30,4.778099060058594,4.646592140197754,30140.490376455644,-829.5522974055639,-2.752285337910665,UT Sell,194985.7979690447,294985.7979690447
IMFA.NS,2018-07-17 00:00:00+05:30,2018-07-18 00:00:00+05:30,138.0472869873047,129.7227325439453,29415.95937550794,-1773.8469235370248,-6.030219517551927,Stop Loss,193211.95104550768,293211.9510455077
DHAMPURSUG.NS,2018-07-05 00:00:00+05:30,2018-07-19 00:00:00+05:30,70.75943756103516,65.21308898925781,29466.278731409562,-2309.6601469814705,-7.838316361677144,Stop Loss,190902.2908985262,290902.2908985262
IOC.NS,2018-07-17 00:00:00+05:30,2018-07-20 00:00:00+05:30,64.26762390136719,62.93888854980469,29415.95937550794,-608.1759795935468,-2.06750346582244,UT Sell,190294.11491893267,290294.11491893267
KRISHANA.NS,2018-06-22 00:00:00+05:30,2018-07-20 00:00:00+05:30,17.293575286865234,18.024288177490234,31435.894092915747,1328.274382883821,4.225343102880452,UT Sell,191622.3893018165,291622.38930181647
THOMASCOTT.NS,2018-07-12 00:00:00+05:30,2018-07-23 00:00:00+05:30,9.949999809265137,9.0,29142.450398216766,-2782.444507591339,-9.547736959557785,Stop Loss,188839.94479422516,288839.94479422516
INFOBEAN.NS,2018-07-18 00:00:00+05:30,2018-07-24 00:00:00+05:30,14.184734344482422,13.815216064453125,28476.5252655105,-741.8254287867821,-2.6050419490093013,UT Sell,188098.11936543838,288098.11936543835
TNPETRO.NS,2018-07-18 00:00:00+05:30,2018-07-25 00:00:00+05:30,29.39554786682129,27.715808868408203,28476.5252655105,-1627.2236273494564,-5.714263282396603,Stop Loss,186470.89573808893,286470.89573808893
PASHUPATI.NS,2018-06-28 00:00:00+05:30,2018-07-26 00:00:00+05:30,5.766287326812744,5.285763740539551,28867.928686120504,-2405.6589334407763,-8.333327131286017,Stop Loss,184065.23680464816,284065.2368046482
CUBEXTUB.NS,2018-07-19 00:00:00+05:30,2018-07-31 00:00:00+05:30,15.800000190734863,15.300000190734863,27156.61858442809,-859.3866536898131,-3.164556923823336,UT Sell,183205.85015095834,283205.85015095834
SAMPANN.NS,2018-07-26 00:00:00+05:30,2018-08-02 00:00:00+05:30,3.1500000953674316,3.049999952316284,26462.269752679727,-840.0732319398085,-3.1746076197970097,UT Sell,182365.77691901854,282365.77691901854
ANANTRAJ.NS,2018-07-23 00:00:00+05:30,2018-08-07 00:00:00+05:30,15.18759822845459,16.641733169555664,26360.005890625427,2523.835897987734,9.574489127429597,UT Sell,184889.61281700627,284889.6128170063
INDOTHAI.NS,2018-07-02 00:00:00+05:30,2018-08-08 00:00:00+05:30,4.632309436798096,4.976975440979004,30618.444834859496,2278.1589139172575,7.440478855815491,UT Sell,187167.77173092353,287167.77173092356
APARINDS.NS,2018-07-20 00:00:00+05:30,2018-08-08 00:00:00+05:30,555.9315185546875,550.6384887695312,30785.97593585698,-293.11359790723145,-0.9521010427538057,UT Sell,186874.6581330163,286874.6581330163
MAGNUM.NS,2018-08-08 00:00:00+05:30,2018-08-09 00:00:00+05:30,8.20059585571289,7.8191728591918945,31694.733043363252,-1474.1733727691062,-4.651161979349105,Stop Loss,185400.48476024717,285400.4847602472
KIRIINDUS.NS,2018-08-09 00:00:00+05:30,2018-08-10 00:00:00+05:30,578.181640625,552.21484375,30220.559670594146,-1357.2398002241316,-4.491114046258982,Stop Loss,184043.24496002303,284043.24496002303
CHOLAHLDNG.NS,2018-06-27 00:00:00+05:30,2018-08-10 00:00:00+05:30,616.5955200195312,589.0057373046875,30256.5435924712,-1353.8396506546742,-4.474535058894014,Stop Loss,182689.40530936836,282689.4053093684
MBAPL.NS,2018-08-07 00:00:00+05:30,2018-08-13 00:00:00+05:30,10.166424751281738,10.650540351867676,28883.84178861316,1375.421424622331,4.761906101994229,UT Sell,184064.8267339907,284064.8267339907
SAMPANN.NS,2018-08-10 00:00:00+05:30,2018-08-13 00:00:00+05:30,3.9000000953674316,3.6500000953674316,28883.01190609327,-1851.475076910996,-6.410256253505208,Stop Loss,182213.3516570797,282213.3516570797
JPOLYINVST.NS,2018-07-31 00:00:00+05:30,2018-08-14 00:00:00+05:30,42.70000076293945,42.20000076293945,26297.23193073828,-307.93011078307245,-1.1709601664315783,UT Sell,181905.42154629662,281905.4215462966
CHENNPETRO.NS,2018-08-10 00:00:00+05:30,2018-08-14 00:00:00+05:30,281.63482666015625,270.0478210449219,28883.01190609327,-1188.303396669835,-4.114194878752054,Stop Loss,180717.1181496268,280717.11814962677
RMDRIP.NS,2018-08-13 00:00:00+05:30,2018-08-14 00:00:00+05:30,3.0546226501464844,2.780639171600342,28645.400021208883,-2569.340714402213,-8.969470534535706,Stop Loss,178147.7774352246,278147.7774352246
KOHINOOR.NS,2018-07-24 00:00:00+05:30,2018-08-16 00:00:00+05:30,37.400001525878906,36.849998474121094,27734.699836723717,-407.86547934309056,-1.4705963350756468,UT Sell,177739.91195588151,277739.9119558815
INFOBEAN.NS,2018-08-14 00:00:00+05:30,2018-08-20 00:00:00+05:30,14.351613998413086,14.089373588562012,26586.689878728437,-485.80629684940504,-1.8272537839999825,UT Sell,177254.10565903212,277254.1056590321
THOMASCOTT.NS,2018-08-08 00:00:00+05:30,2018-08-21 00:00:00+05:30,10.25,10.25,31694.733043363252,-3.637978807091713e-12,0.0,UT Sell,177254.10565903212,277254.1056590321
REFEX.NS,2018-08-20 00:00:00+05:30,2018-08-21 00:00:00+05:30,3.4421839714050293,3.26151704788208,26100.883581879032,-1369.9344303331745,-5.248613235776722,Stop Loss,175884.17122869895,275884.1712286989
USHAMART.NS,2018-07-20 00:00:00+05:30,2018-08-23 00:00:00+05:30,24.609981536865234,26.003904342651367,30785.97593585698,1743.7345042738452,5.664054658871098,UT Sell,177627.90573297278,277627.9057329728
GOKULAGRO.NS,2018-08-02 00:00:00+05:30,2018-08-23 00:00:00+05:30,7.357602119445801,7.009606838226318,25622.19652073992,-1211.862688270423,-4.729737699457093,Stop Loss,176416.04304470235,276416.0430447024
ADANIENT.NS,2018-08-14 00:00:00+05:30,2018-09-03 00:00:00+05:30,128.19564819335938,133.39190673828125,26586.689878728434,1077.6599394010227,4.05338138864455,UT Sell,177493.70298410338,277493.70298410335
TCI.NS,2018-08-13 00:00:00+05:30,2018-09-03 00:00:00+05:30,314.21905517578125,326.6212158203125,28645.400021208883,1130.6279709585033,3.9469791663631515,UT Sell,178624.3309550619,278624.3309550619
MBAPL.NS,2018-08-21 00:00:00+05:30,2018-09-04 00:00:00+05:30,10.892599105834961,11.158862113952637,28212.841097454555,689.6458655244387,2.44443961932872,UT Sell,179313.97682058634,279313.97682058637
ZUARIIND.NS,2018-08-21 00:00:00+05:30,2018-09-04 00:00:00+05:30,116.0042724609375,110.06002807617188,28212.841097454555,-1445.671083608584,-5.124159876755618,Stop Loss,177868.30573697775,277868.3057369777
GABRIEL.NS,2018-07-09 00:00:00+05:30,2018-09-04 00:00:00+05:30,131.65625,127.744873046875,27055.40080298542,-803.7891946516538,-2.9709010799905067,UT Sell,177064.5165423261,277064.5165423261
INFOBEAN.NS,2018-09-04 00:00:00+05:30,2018-09-06 00:00:00+05:30,14.295841217041016,14.067395210266113,27307.089528386245,-436.3643569269989,-1.5979892565020193,UT Sell,176628.1521853991,276628.1521853991
SARVESHWAR.NS,2018-09-04 00:00:00+05:30,2018-09-10 00:00:00+05:30,1.5083329677581787,1.3350000381469727,27307.08952838624,-3138.0457288191574,-11.491688726318117,Stop Loss,173490.10645657996,273490.10645658
WANBURY.NS,2018-09-03 00:00:00+05:30,2018-09-10 00:00:00+05:30,26.149999618530273,24.899999618530273,28720.18890514842,-1372.8579982844822,-4.78011479248448,Stop Loss,172117.24845829548,272117.2484582955
PFC.NS,2018-09-06 00:00:00+05:30,2018-09-11 00:00:00+05:30,43.993614196777344,41.03711700439453,26870.725171459246,-1805.78988512676,-6.720287128851954,Stop Loss,170311.45857316873,270311.4585731687
GRANULES.NS,2018-08-23 00:00:00+05:30,2018-09-11 00:00:00+05:30,111.6750717163086,110.51873779296875,28470.022136300162,-294.7914148474447,-1.0354449794107268,UT Sell,170016.66715832127,270016.66715832124
SUPREMEINF.NS,2018-07-25 00:00:00+05:30,2018-09-12 00:00:00+05:30,31.75,29.950000762939453,26849.301638161043,-1522.164487064514,-5.669288935623773,Stop Loss,168494.50267125675,268494.5026712568
SOUTHWEST.NS,2018-09-11 00:00:00+05:30,2018-09-12 00:00:00+05:30,31.596296310424805,29.61861801147461,26620.0830038926,-1666.2066957411516,-6.259209242501262,Stop Loss,166828.2959755156,266828.2959755156
VBL.NS,2018-09-11 00:00:00+05:30,2018-09-18 00:00:00+05:30,46.745174407958984,45.987850189208984,26620.0830038926,-431.2751812206443,-1.6201120828871152,UT Sell,166397.02079429495,266397.02079429495
CANTABIL.NS,2018-08-14 00:00:00+05:30,2018-09-21 00:00:00+05:30,24.244436264038086,29.689661026000977,26586.689878728437,5971.287617894384,22.45968808126022,UT Sell,172368.30841218933,272368.30841218936
INDRAMEDCO.NS,2018-08-16 00:00:00+05:30,2018-09-21 00:00:00+05:30,41.44771957397461,38.64518737792969,27326.834357380627,-1847.7333346617634,-6.7616076948287755,Stop Loss,170520.57507752758,270520.57507752755
DPABHUSHAN.NS,2018-09-12 00:00:00+05:30,2018-09-21 00:00:00+05:30,39.576316833496094,42.81211853027344,25140.506729623987,2055.514530970904,8.176106206120393,UT Sell,172576.0896084985,272576.0896084985
DEVIT.NS,2018-09-12 00:00:00+05:30,2018-09-21 00:00:00+05:30,7.169529914855957,7.12011194229126,25140.506729623987,-173.28791239894053,-0.6892777232479164,UT Sell,172402.80169609957,272402.8016960996
APARINDS.NS,2018-09-04 00:00:00+05:30,2018-09-24 00:00:00+05:30,577.191162109375,543.4423828125,27307.08952838624,-1596.6650188570966,-5.847071388539337,Stop Loss,170806.13667724247,270806.13667724247
SARVESHWAR.NS,2018-09-18 00:00:00+05:30,2018-09-24 00:00:00+05:30,1.2999999523162842,1.2599999904632568,26188.807822671955,-805.8087325439228,-3.0769202554013275,UT Sell,170000.32794469854,270000.3279446985
MACPOWER.NS,2018-09-21 00:00:00+05:30,2018-09-24 00:00:00+05:30,185.96282958984375,178.0647735595703,27550.079649290405,-1170.083683865796,-4.247115430375659,Stop Loss,168830.24426083275,268830.2442608328
WABAG.NS,2018-09-21 00:00:00+05:30,2018-09-24 00:00:00+05:30,389.5474853515625,362.7664489746094,27550.079649290405,-1894.0429935254979,-6.8749093201778795,Stop Loss,166936.20126730725,266936.2012673073
DIL.NS,2018-09-21 00:00:00+05:30,2018-09-24 00:00:00+05:30,5.307798862457275,4.847304821014404,27550.079649290405,-2390.1899541651765,-8.675800522510436,Stop Loss,164546.01131314208,264546.0113131421
GOLDENTOBC.NS,2018-09-24 00:00:00+05:30,2018-09-25 00:00:00+05:30,32.04999923706055,30.600000381469727,25657.869183194383,-1160.8075456523147,-4.5241775042357375,Stop Loss,163385.20376748976,263385.20376748976
BALRAMCHIN.NS,2018-09-25 00:00:00+05:30,2018-09-26 00:00:00+05:30,75.25428771972656,71.22852325439453,25425.70767406392,-1360.1605112705802,-5.349548294610662,Stop Loss,162025.04325621919,262025.04325621919
HECPROJECT.NS,2018-09-03 00:00:00+05:30,2018-09-28 00:00:00+05:30,29.21963119506836,30.780000686645508,28720.18890514842,1533.6985693197166,5.340140952362549,UT Sell,163558.7418255389,263558.7418255389
DEVIT.NS,2018-09-25 00:00:00+05:30,2018-09-28 00:00:00+05:30,7.168879508972168,6.925040245056152,25425.70767406392,-864.8193676610463,-3.401358100813945,UT Sell,162693.92245787784,262693.92245787784
LUMAXIND.NS,2018-09-25 00:00:00+05:30,2018-09-28 00:00:00+05:30,1864.170654296875,1759.0322265625,25425.70767406392,-1433.9990401217801,-5.639957237393101,Stop Loss,161259.92341775604,261259.92341775604
INVENTURE.NS,2018-09-25 00:00:00+05:30,2018-09-28 00:00:00+05:30,1.4036139249801636,1.3253637552261353,25425.707674063924,-1417.4595351352873,-5.574906914316502,Stop Loss,159842.46388262077,259842.46388262077
RHIM.NS,2018-09-25 00:00:00+05:30,2018-09-28 00:00:00+05:30,230.97698974609375,221.55905151367188,25425.707674063924,-1036.7168809896502,-4.077435697285148,Stop Loss,158805.74700163113,258805.74700163113
TDPOWERSYS.NS,2018-09-26 00:00:00+05:30,2018-09-28 00:00:00+05:30,26.65117073059082,23.964292526245117,24065.54716279334,-2426.20464222772,-10.081651689926119,Stop Loss,156379.5423594034,256379.5423594034
REFEX.NS,2018-09-10 00:00:00+05:30,2018-10-01 00:00:00+05:30,3.0618324279785156,3.2995519638061523,25758.18735321551,1999.8561271396466,7.763962967254345,UT Sell,158379.39848654304,258379.39848654304
NAGREEKCAP.NS,2018-09-21 00:00:00+05:30,2018-10-01 00:00:00+05:30,15.350000381469727,14.699999809265137,27550.079649290405,-1166.6167486183622,-4.234531309779377,Stop Loss,157212.78173792467,257212.78173792467
SOUTHWEST.NS,2018-09-28 00:00:00+05:30,2018-10-01 00:00:00+05:30,26.989471435546875,23.266786575317383,24807.177644563617,-3421.678889228282,-13.79310028030588,Stop Loss,153791.10284869638,253791.10284869638
TIRUPATIFL.NS,2018-09-28 00:00:00+05:30,2018-10-01 00:00:00+05:30,3.1038711071014404,2.9718682765960693,24807.177644563613,-1055.010840636991,-4.25284510698134,Stop Loss,152736.09200805938,252736.09200805938
GLOBAL.NS,2018-09-28 00:00:00+05:30,2018-10-03 00:00:00+05:30,4.676782131195068,4.557880401611328,24807.177644563613,-630.6935506692062,-2.5423833364107806,UT Sell,152105.39845739017,252105.39845739017
INFOBEAN.NS,2018-10-03 00:00:00+05:30,2018-10-04 00:00:00+05:30,14.175607681274414,13.514320373535156,24176.484093894407,-1127.8248126301914,-4.664966205383914,Stop Loss,150977.57364475998,250977.57364475998
SARVESHWAR.NS,2018-10-01 00:00:00+05:30,2018-10-04 00:00:00+05:30,1.1649999618530273,1.100000023841858,24819.792985072294,-1384.7940414639124,-5.579394003393934,Stop Loss,149592.77960329608,249592.77960329608
FEDERALBNK.NS,2018-10-01 00:00:00+05:30,2018-10-04 00:00:00+05:30,68.91436767578125,64.19742584228516,24819.792985072294,-1698.8260036106185,-6.844642115397049,Stop Loss,147893.95359968545,247893.95359968545
KEI.NS,2018-09-28 00:00:00+05:30,2018-10-04 00:00:00+05:30,352.2605895996094,329.9867248535156,24807.177644563613,-1568.5879598832726,-6.323121406062182,Stop Loss,146325.36563980218,246325.36563980218
CANFINHOME.NS,2018-10-01 00:00:00+05:30,2018-10-04 00:00:00+05:30,247.76133728027344,233.08688354492188,24819.79298507229,-1470.0312319853037,-5.922818263913177,Stop Loss,144855.33440781687,244855.33440781687
INDIANB.NS,2018-10-01 00:00:00+05:30,2018-10-05 00:00:00+05:30,215.32301330566406,200.6329345703125,24819.79298507229,-1693.2918945745005,-6.822344955064374,Stop Loss,143162.04251324237,243162.04251324237
SEAMECLTD.NS,2018-10-04 00:00:00+05:30,2018-10-08 00:00:00+05:30,223.61183166503906,219.33834838867188,23238.595328820327,-444.11669885491574,-1.9111167975980226,UT Sell,142717.92581438745,242717.92581438745
THOMASCOTT.NS,2018-09-28 00:00:00+05:30,2018-10-09 00:00:00+05:30,8.699999809265137,8.300000190734863,24807.177644563617,-1140.5588289864936,-4.597696865513612,Stop Loss,141577.36698540096,241577.36698540096
MBAPL.NS,2018-09-28 00:00:00+05:30,2018-10-09 00:00:00+05:30,11.034189224243164,11.98836612701416,24807.177644563613,2145.1903216752326,8.647458217179915,UT Sell,143722.5573070762,243722.5573070762
TARACHAND.NS,2018-10-04 00:00:00+05:30,2018-10-09 00:00:00+05:30,5.476123332977295,4.9889235496521,23238.595328820324,-2067.4915301492365,-8.896800778595892,Stop Loss,141655.06577692696,241655.06577692696
UNIVASTU.NS,2018-10-05 00:00:00+05:30,2018-10-09 00:00:00+05:30,14.5,14.0,23126.50109049779,-797.4655548447518,-3.4482758620689613,UT Sell,140857.6002220822,240857.6002220822
MOKSH.NS,2018-10-09 00:00:00+05:30,2018-10-11 00:00:00+05:30,4.807896614074707,3.9899556636810303,23529.78152903502,-4002.9920381552183,-17.012448811798997,Stop Loss,136854.608183927,236854.608183927
SIKKO.NS,2018-10-09 00:00:00+05:30,2018-10-15 00:00:00+05:30,0.5821099877357483,0.5565856099128723,23529.78152903502,-1031.734631753916,-4.384803277840832,Stop Loss,135822.87355217309,235822.87355217309
THOMASCOTT.NS,2018-10-11 00:00:00+05:30,2018-10-15 00:00:00+05:30,8.699999809265137,8.100000381469727,19526.7894908798,-1346.67388253643,-6.896545298270418,Stop Loss,134476.19966963667,234476.19966963667
TRIVENI.NS,2018-10-09 00:00:00+05:30,2018-10-17 00:00:00+05:30,39.580501556396484,41.180171966552734,23529.781529035023,950.9706494195634,4.0415617469550025,UT Sell,135427.17031905623,235427.17031905623
DPABHUSHAN.NS,2018-10-08 00:00:00+05:30,2018-10-17 00:00:00+05:30,36.340518951416016,38.132652282714844,22794.47862996541,1124.110114579089,4.931501758945012,UT Sell,136551.28043363531,236551.28043363531
MAGADSUGAR.NS,2018-09-10 00:00:00+05:30,2018-10-17 00:00:00+05:30,51.76664733886719,78.03327178955078,25758.18735321551,13069.817508333643,50.74043964783135,UT Sell,149621.09794196897,249621.09794196897
INDIANHUME.NS,2018-10-04 00:00:00+05:30,2018-10-17 00:00:00+05:30,236.82432556152344,238.6024932861328,23238.595328820324,174.48427259737582,0.7508382934874769,UT Sell,149795.58221456636,249795.58221456636
REMSONSIND.NS,2018-08-23 00:00:00+05:30,2018-10-19 00:00:00+05:30,17.849153518676758,24.051523208618164,28470.022136300162,9892.995888313693,34.74881698704342,UT Sell,159688.57810288004,259688.57810288004
SUPREMEINF.NS,2018-10-15 00:00:00+05:30,2018-10-19 00:00:00+05:30,23.649999618530273,22.100000381469727,20339.081252812237,-1333.0046906077114,-6.553908084827576,Stop Loss,158355.57341227232,258355.57341227232
IEX.NS,2018-10-04 00:00:00+05:30,2018-10-23 00:00:00+05:30,49.74293899536133,46.65293884277344,23238.595328820324,-1443.5669576877917,-6.2119372417380525,Stop Loss,156912.00645458454,256912.00645458454
MAHSEAMLES.NS,2018-10-09 00:00:00+05:30,2018-10-23 00:00:00+05:30,201.23316955566406,204.55650329589844,23529.781529035023,388.590593829289,1.6514840707287481,UT Sell,157300.59704841382,257300.59704841382
GPPL.NS,2018-10-19 00:00:00+05:30,2018-10-23 00:00:00+05:30,72.35760498046875,68.25414276123047,28172.326819950344,-1597.6769651912073,-5.671086294724537,Stop Loss,155702.92008322262,255702.92008322262
GOLDENTOBC.NS,2018-10-17 00:00:00+05:30,2018-10-24 00:00:00+05:30,29.450000762939453,27.549999237060547,27660.10634649148,-1784.5243770058587,-6.451617917341146,Stop Loss,153918.39570621675,253918.39570621675
DEVIT.NS,2018-10-19 00:00:00+05:30,2018-10-25 00:00:00+05:30,6.925040245056152,6.5348968505859375,28172.32681995034,-1587.1744894921649,-5.633806890129511,Stop Loss,152331.22121672457,252331.22121672457
KAPSTON.NS,2018-10-23 00:00:00+05:30,2018-10-30 00:00:00+05:30,39.5888671875,37.247589111328125,24096.01678291866,-1425.0338497871962,-5.913980981277289,Stop Loss,150906.18736693737,250906.18736693737
ADANIENT.NS,2018-10-15 00:00:00+05:30,2018-11-05 00:00:00+05:30,150.56570434570312,166.4173126220703,20339.081252812237,2141.305353180076,10.528033821016392,UT Sell,153047.49272011744,253047.49272011744
SCI.NS,2018-10-25 00:00:00+05:30,2018-11-05 00:00:00+05:30,39.92720031738281,40.57416534423828,26585.152330458175,430.7756029651646,1.6203616124163878,UT Sell,153478.2683230826,253478.2683230826
OBEROIRLTY.NS,2018-10-23 00:00:00+05:30,2018-11-09 00:00:00+05:30,384.8038330078125,408.40594482421875,24096.01678291866,1477.9397543810373,6.133543845423972,UT Sell,154956.20807746364,254956.20807746364
INDIANHUME.NS,2018-11-05 00:00:00+05:30,2018-11-09 00:00:00+05:30,277.67547607421875,277.86260986328125,24748.157269707826,16.678521660145634,0.06739298396394311,UT Sell,154972.8865991238,254972.8865991238
SUZLON.NS,2018-10-23 00:00:00+05:30,2018-11-12 00:00:00+05:30,5.64701509475708,5.555193901062012,24096.016782918658,-391.80434037766463,-1.6260128962700793,UT Sell,154581.08225874614,254581.08225874614
CUB.NS,2018-10-17 00:00:00+05:30,2018-11-14 00:00:00+05:30,162.86598205566406,157.4467010498047,27660.106346491484,-920.375679755889,-3.3274480879667,UT Sell,153660.70657899027,253660.70657899027
KMSUGAR.NS,2018-11-12 00:00:00+05:30,2018-11-15 00:00:00+05:30,9.384261131286621,8.987043380737305,23704.212442540993,-1003.3537870741602,-4.232807942918527,Stop Loss,152657.3527919161,252657.3527919161
MAGADSUGAR.NS,2018-11-09 00:00:00+05:30,2018-11-16 00:00:00+05:30,63.92484664916992,62.208126068115234,25169.396164333833,-675.9315457597877,-2.6855294475344293,UT Sell,151981.42124615633,251981.42124615633
RMDRIP.NS,2018-11-14 00:00:00+05:30,2018-11-19 00:00:00+05:30,2.5358026027679443,2.448361396789551,26739.730666735595,-922.0569039895236,-3.4482654873430385,UT Sell,151059.3643421668,251059.3643421668
DPABHUSHAN.NS,2018-10-24 00:00:00+05:30,2018-11-20 00:00:00+05:30,39.825225830078125,45.30119323730469,25875.58196948562,3557.8917772490786,13.749997126421377,UT Sell,154617.2561194159,254617.2561194159
MBAPL.NS,2018-11-09 00:00:00+05:30,2018-11-22 00:00:00+05:30,11.376713752746582,11.98836612701416,25169.396164333833,1353.1957696553072,5.376353730618488,UT Sell,155970.4518890712,255970.4518890712
REFEX.NS,2018-11-15 00:00:00+05:30,2018-11-22 00:00:00+05:30,3.73695707321167,4.297976493835449,22700.858655466833,3408.019498497175,15.01273388033917,UT Sell,159378.4713875684,259378.4713875684
AUSOMENT.NS,2018-11-19 00:00:00+05:30,2018-11-27 00:00:00+05:30,50.21338653564453,48.02191162109375,25817.67376274607,-1126.7669501428863,-4.364324069230296,Stop Loss,158251.7044374255,258251.7044374255
DEVIT.NS,2018-11-22 00:00:00+05:30,2018-11-27 00:00:00+05:30,7.12011194229126,6.827503681182861,26315.735043976572,-1081.4719674940134,-4.109601976485733,Stop Loss,157170.23246993148,257170.23246993148
LAGNAM.NS,2018-11-22 00:00:00+05:30,2018-11-27 00:00:00+05:30,16.837175369262695,16.450115203857422,26315.735043976572,-604.9573361026851,-2.2988426319528354,UT Sell,156565.2751338288,256565.2751338288
INDIANHUME.NS,2018-11-16 00:00:00+05:30,2018-11-28 00:00:00+05:30,296.533447265625,278.2369689941406,24493.464618574046,-1511.2768806335625,-6.170122945724565,Stop Loss,155053.99825319526,255053.99825319526
RMDRIP.NS,2018-11-28 00:00:00+05:30,2018-12-04 00:00:00+05:30,2.098595142364502,2.0403013229370117,22982.187737940483,-638.3887368264404,-2.7777544248868358,UT Sell,154415.60951636883,254415.60951636883
GOLDIAM.NS,2018-10-04 00:00:00+05:30,2018-12-10 00:00:00+05:30,12.470381736755371,14.952516555786133,23238.595328820324,4625.465990429133,19.904240875921907,UT Sell,159041.07550679796,259041.07550679796
KIRIINDUS.NS,2018-10-30 00:00:00+05:30,2018-12-10 00:00:00+05:30,454.6159973144531,457.8991394042969,22670.982933131465,163.72511905780993,0.7221791818233791,UT Sell,159204.80062585577,259204.80062585577
VOLTAMP.NS,2018-11-27 00:00:00+05:30,2018-12-10 00:00:00+05:30,968.2362670898438,960.6678466796875,25211.982532319875,-197.07471168336997,-0.7816708243024273,UT Sell,159007.7259141724,259007.7259141724
TEMBO.NS,2018-11-20 00:00:00+05:30,2018-12-13 00:00:00+05:30,31.13003158569336,30.839513778686523,29433.4737467347,-274.6848560675535,-0.933239679526543,UT Sell,158733.04105810483,258733.04105810483
GLOBAL.NS,2018-10-19 00:00:00+05:30,2018-12-14 00:00:00+05:30,4.637147903442383,6.050845623016357,28172.32681995034,8588.717679436293,30.486362501496167,UT Sell,167321.75873754112,267321.75873754115
HINDZINC.NS,2018-10-19 00:00:00+05:30,2018-12-14 00:00:00+05:30,147.20474243164062,148.7244415283203,28172.326819950344,290.84293693543805,1.0323710171127098,UT Sell,167612.60167447655,267612.6016744765
KAPSTON.NS,2018-11-05 00:00:00+05:30,2018-12-17 00:00:00+05:30,37.46043395996094,39.5888671875,24748.157269707826,1406.1449557554333,5.681816793190397,UT Sell,169018.746630232,269018.74663023197
APLAPOLLO.NS,2018-11-27 00:00:00+05:30,2018-12-18 00:00:00+05:30,128.18951416015625,119.54500579833984,25211.982532319875,-1700.1795758919397,-6.743537814657918,Stop Loss,167318.56705434006,267318.56705434003
CHOLAHLDNG.NS,2018-11-27 00:00:00+05:30,2018-12-20 00:00:00+05:30,485.5686340332031,496.785888671875,25211.982532319875,582.4289465769762,2.31012751904911,UT Sell,167900.99600091705,267900.99600091705
JPOLYINVST.NS,2018-12-14 00:00:00+05:30,2018-12-21 00:00:00+05:30,38.5,36.099998474121094,32612.10712813621,-2032.9638147961887,-6.233770197088074,Stop Loss,165868.03218612086,265868.03218612086
REFEX.NS,2018-12-17 00:00:00+05:30,2018-12-21 00:00:00+05:30,4.145835876464844,3.9651684761047363,26154.30222546326,-1139.7532203653536,-4.357803968693585,Stop Loss,164728.2789657555,264728.2789657555
ASHOKA.NS,2018-12-18 00:00:00+05:30,2018-12-21 00:00:00+05:30,131.60000610351562,125.94999694824219,23511.802956427935,-1009.4368981739281,-4.293319827682362,Stop Loss,163718.84206758157,263718.8420675816
SOUTHWEST.NS,2018-12-21 00:00:00+05:30,2018-12-24 00:00:00+05:30,21.870779037475586,19.776765823364258,26032.01945889731,-2492.4303173439257,-9.574479311062657,Stop Loss,161226.41175023763,261226.41175023763
PFC.NS,2018-12-14 00:00:00+05:30,2019-01-02 00:00:00+05:30,45.8382453918457,52.585113525390625,32612.10712813621,4800.131079836603,14.718862111474152,UT Sell,166026.54283007424,266026.5428300742
FMNL.NS,2018-12-21 00:00:00+05:30,2019-01-02 00:00:00+05:30,59.0,57.54999923706055,26032.01945889731,-639.7703063772169,-2.457628411761781,UT Sell,165386.77252369703,265386.772523697
JPOLYINVST.NS,2018-12-24 00:00:00+05:30,2019-01-02 00:00:00+05:30,37.20000076293945,36.70000076293945,23539.589141553384,-316.39232068248384,-1.344085993939348,UT Sell,165070.38020301453,265070.38020301453
KOHINOOR.NS,2019-01-02 00:00:00+05:30,2019-01-03 00:00:00+05:30,37.79999923706055,35.0,28675.894727121267,-2124.13981424757,-7.407405538557055,Stop Loss,162946.24038876695,262946.240388767
ALMONDZ.NS,2019-01-02 00:00:00+05:30,2019-01-04 00:00:00+05:30,3.858333110809326,3.6583330631256104,28675.894727121267,-1486.4399076197078,-5.183586847994148,Stop Loss,161459.80048114725,261459.80048114725
DPABHUSHAN.NS,2018-12-20 00:00:00+05:30,2019-01-04 00:00:00+05:30,42.86189651489258,42.81211853027344,25794.41147889685,-29.956533010859857,-0.11613574915390057,UT Sell,161429.84394813637,261429.84394813637
HINDPETRO.NS,2018-12-13 00:00:00+05:30,2019-01-09 00:00:00+05:30,108.12129974365234,114.77233123779297,29158.788890667147,1793.689344307113,6.151453515551264,UT Sell,163223.5332924435,263223.5332924435
MBAPL.NS,2019-01-09 00:00:00+05:30,2019-01-10 00:00:00+05:30,12.954774856567383,11.25438404083252,30952.47823497426,-4062.695824335551,-13.12559140981795,Stop Loss,159160.83746810793,259160.83746810793
AARVI.NS,2019-01-04 00:00:00+05:30,2019-01-15 00:00:00+05:30,36.77104949951172,35.69587326049805,26476.954882693775,-774.179501503957,-2.923974848822164,UT Sell,158386.65796660396,258386.65796660396
GESHIP.NS,2018-12-04 00:00:00+05:30,2019-01-16 00:00:00+05:30,228.27088928222656,237.8617706298828,22343.799001114043,938.782539242733,4.201535017370706,UT Sell,159325.4405058467,259325.4405058467
TARIL.NS,2019-01-03 00:00:00+05:30,2019-01-22 00:00:00+05:30,7.122045993804932,6.697221755981445,26551.754912873697,-1583.7905362516976,-5.964918482596393,Stop Loss,157741.649969595,257741.649969595
ASHOKA.NS,2019-01-04 00:00:00+05:30,2019-01-22 00:00:00+05:30,126.4000015258789,124.5999984741211,26476.954882693775,-377.0458782814567,-1.4240530300858256,UT Sell,157364.60409131352,257364.60409131352
DENORA.NS,2018-12-10 00:00:00+05:30,2019-01-24 00:00:00+05:30,237.36732482910156,248.29446411132812,25237.89239735841,1161.819410545806,4.6034723987784965,UT Sell,158526.42350185933,258526.42350185933
REFEX.NS,2019-01-15 00:00:00+05:30,2019-01-25 00:00:00+05:30,3.527763605117798,4.68783712387085,25702.77538118982,8452.127867899053,32.884105870079,UT Sell,166978.55136975838,266978.5513697584
INDSWFTLAB.NS,2019-01-24 00:00:00+05:30,2019-01-28 00:00:00+05:30,47.400001525878906,43.099998474121094,26399.711807904216,-2394.91218745082,-9.071736104080387,Stop Loss,164583.63918230755,264583.6391823075
THOMASCOTT.NS,2019-01-10 00:00:00+05:30,2019-01-28 00:00:00+05:30,8.0,7.599999904632568,26889.78241063871,-1344.489441083122,-5.0000011920928955,Stop Loss,163239.14974122442,263239.1497412244
NAHARCAP.NS,2019-01-16 00:00:00+05:30,2019-01-28 00:00:00+05:30,90.55250549316406,84.46533966064453,23282.581540356776,-1565.1133458257427,-6.722250035344479,Stop Loss,161674.03639539867,261674.03639539867
MAHSEAMLES.NS,2019-01-22 00:00:00+05:30,2019-01-28 00:00:00+05:30,227.59059143066406,216.86424255371094,25533.93669051716,-1203.4149189684795,-4.713001890599211,Stop Loss,160470.62147643018,260470.62147643018
KIRLOSENG.NS,2019-01-25 00:00:00+05:30,2019-01-28 00:00:00+05:30,162.8250732421875,153.69512939453125,34154.90324908887,-1915.137162705225,-5.607210035813271,Stop Loss,158555.48431372497,258555.48431372497
ESABINDIA.NS,2019-01-28 00:00:00+05:30,2019-01-29 00:00:00+05:30,774.6302490234375,741.5745849609375,25567.56972849447,-1091.040527923,-4.267282888084045,Stop Loss,157464.44378580197,257464.44378580197
LAGNAM.NS,2019-01-28 00:00:00+05:30,2019-01-29 00:00:00+05:30,16.256582260131836,15.240546226501465,25567.569728494465,-1597.972545571014,-6.249997800104213,Stop Loss,155866.47124023095,255866.47124023095
PENIND.NS,2018-12-21 00:00:00+05:30,2019-01-29 00:00:00+05:30,37.20000076293945,35.45000076293945,26032.01945889731,-1224.6245462031147,-4.704300978787723,Stop Loss,154641.84669402783,254641.84669402783
DPABHUSHAN.NS,2019-01-28 00:00:00+05:30,2019-01-29 00:00:00+05:30,44.753597259521484,41.81648635864258,25567.56972849447,-1677.9609317900358,-6.562848755703154,Stop Loss,152963.8857622378,252963.8857622378
KRISHANA.NS,2019-01-28 00:00:00+05:30,2019-01-29 00:00:00+05:30,30.178510665893555,28.25429344177246,25567.56972849447,-1630.2182236609515,-6.376117249204616,Stop Loss,151333.66753857685,251333.66753857685
HINDZINC.NS,2019-01-29 00:00:00+05:30,2019-02-01 00:00:00+05:30,143.3941192626953,140.68751525878906,24216.096319545417,-457.0855736237463,-1.8875278971153597,UT Sell,150876.5819649531,250876.5819649531
BEL.NS,2019-01-29 00:00:00+05:30,2019-02-05 00:00:00+05:30,23.594562530517578,23.00362205505371,24216.096319545413,-606.5071753054035,-2.504562119766096,UT Sell,150270.0747896477,250270.0747896477
SUNFLAG.NS,2019-01-29 00:00:00+05:30,2019-02-05 00:00:00+05:30,46.00361633300781,43.6569938659668,24216.096319545417,-1235.2514914507192,-5.100952173095363,Stop Loss,149034.823298197,249034.823298197
GRSE.NS,2019-02-01 00:00:00+05:30,2019-02-05 00:00:00+05:30,71.72281646728516,68.27222442626953,23759.01074592167,-1143.048438702579,-4.811010234922297,Stop Loss,147891.7748594944,247891.7748594944
SIKKO.NS,2019-01-29 00:00:00+05:30,2019-02-08 00:00:00+05:30,0.543412446975708,0.494011253118515,24216.096319545413,-2201.4660786741188,-9.090920558063953,Stop Loss,145690.30878082028,245690.30878082028
GANDHITUBE.NS,2019-01-28 00:00:00+05:30,2019-02-08 00:00:00+05:30,314.93450927734375,297.95458984375,25567.56972849447,-1378.4938179648962,-5.391571559609732,Stop Loss,144311.8149628554,244311.8149628554
KEI.NS,2019-01-22 00:00:00+05:30,2019-02-11 00:00:00+05:30,354.7627258300781,342.3011779785156,25533.93669051716,-896.9160251070243,-3.5126429425201944,UT Sell,143414.89893774837,243414.89893774837
REFEX.NS,2019-02-08 00:00:00+05:30,2019-02-11 00:00:00+05:30,4.1933794021606445,3.9841856956481934,23101.853075700434,-1152.474367027644,-4.988666334476289,Stop Loss,142262.42457072073,242262.42457072073
WEWIN.NS,2018-12-10 00:00:00+05:30,2019-02-11 00:00:00+05:30,30.0,29.91666603088379,25237.89239735841,-70.105791519989,-0.2777798970540313,UT Sell,142192.31877920075,242192.31877920075
GRAVITA.NS,2019-02-08 00:00:00+05:30,2019-02-12 00:00:00+05:30,59.83342361450195,57.29132843017578,23101.853075700434,-981.5100976190006,-4.248620638365141,Stop Loss,141210.80868158175,241210.80868158175
SHREERAMA.NS,2019-02-11 00:00:00+05:30,2019-02-12 00:00:00+05:30,5.156720161437988,4.9382147789001465,23918.061993307114,-1013.4785526065898,-4.2372937777742425,Stop Loss,140197.33012897515,240197.33012897515
REMSONSIND.NS,2019-01-02 00:00:00+05:30,2019-02-12 00:00:00+05:30,20.489377975463867,16.316314697265625,28675.894727121267,-5840.407815138624,-20.366959324951228,Stop Loss,134356.92231383652,234356.92231383652
BLS.NS,2019-02-05 00:00:00+05:30,2019-02-14 00:00:00+05:30,24.918073654174805,23.16714096069336,23068.798759851263,-1620.9886249052179,-7.026757837631203,Stop Loss,132735.9336889313,232735.9336889313
SOUTHWEST.NS,2019-02-11 00:00:00+05:30,2019-02-14 00:00:00+05:30,18.729761123657227,17.682756423950195,23918.061993307114,-1337.0337800649359,-5.590059012469617,Stop Loss,131398.89990886638,231398.89990886638
JSL.NS,2019-02-12 00:00:00+05:30,2019-02-14 00:00:00+05:30,31.810007095336914,28.417600631713867,22620.137776921532,-2412.3446867674975,-10.664588830350642,Stop Loss,128986.55522209889,228986.5552220989
STCINDIA.NS,2019-02-14 00:00:00+05:30,2019-02-18 00:00:00+05:30,114.9000015258789,109.3499984741211,21412.21047944742,-1034.2718183432553,-4.830289798131804,Stop Loss,127952.28340375563,227952.28340375563
PERSISTENT.NS,2019-01-29 00:00:00+05:30,2019-02-20 00:00:00+05:30,269.2635498046875,291.1664123535156,24216.096319545413,1969.8240981407143,8.13435853635427,UT Sell,129922.10750189635,229922.10750189633
AARON.NS,2019-02-05 00:00:00+05:30,2019-02-20 00:00:00+05:30,10.286758422851562,10.275188446044922,23068.798759851263,-25.94650867037126,-0.11247446796202043,UT Sell,129896.16099322597,229896.160993226
KHAITANLTD.NS,2019-02-12 00:00:00+05:30,2019-02-25 00:00:00+05:30,33.79999923706055,37.95000076293945,22620.137776921532,2777.325692566472,12.27811130045402,UT Sell,132673.48668579245,232673.48668579245
AXISCADES.NS,2019-02-11 00:00:00+05:30,2019-02-27 00:00:00+05:30,57.20000076293945,60.900001525878906,23918.061993307114,1547.147665085482,6.468532716063757,UT Sell,134220.63435087792,234220.63435087792
TEMBO.NS,2019-02-05 00:00:00+05:30,2019-03-05 00:00:00+05:30,36.20290756225586,44.694942474365234,23068.798759851266,5411.196438081766,23.45677594404858,UT Sell,139631.8307889597,239631.8307889597
SOUTHWEST.NS,2019-02-20 00:00:00+05:30,2019-03-05 00:00:00+05:30,19.404499053955078,19.776765823364258,24614.38633443351,472.2161626657107,1.9184559641249876,UT Sell,140104.0469516254,240104.0469516254
DEVIT.NS,2019-02-14 00:00:00+05:30,2019-03-08 00:00:00+05:30,7.022575378417969,8.144237518310547,21412.21047944742,3420.008263637581,15.97223353899071,UT Sell,143524.05521526298,243524.05521526298
REFEX.NS,2019-02-18 00:00:00+05:30,2019-03-13 00:00:00+05:30,4.326502323150635,8.45332145690918,20377.938661104166,19437.425636689,95.38465082236043,UT Sell,162961.480851952,262961.480851952
JPOLYINVST.NS,2019-03-08 00:00:00+05:30,2019-03-15 00:00:00+05:30,38.150001525878906,36.599998474121094,24832.218743085003,-1008.9125372010712,-4.062917404358091,Stop Loss,161952.5683147509,261952.5683147509
NAHARPOLY.NS,2019-03-15 00:00:00+05:30,2019-03-20 00:00:00+05:30,37.09107971191406,35.57908630371094,23823.30620588393,-971.141369425568,-4.076434064326939,Stop Loss,160981.42694532534,260981.42694532534
20MICRONS.NS,2019-02-20 00:00:00+05:30,2019-03-25 00:00:00+05:30,33.469078063964844,35.62373733520508,24614.38633443351,1584.6153760201087,6.437761049534529,UT Sell,162566.04232134545,262566.0423213454
MAGNUM.NS,2019-03-05 00:00:00+05:30,2019-03-25 00:00:00+05:30,5.053855895996094,5.1492109298706055,26783.298847516126,505.34135152120507,1.8867778551037828,UT Sell,163071.38367286665,263071.3836728666
NEXTMEDIA.NS,2018-12-10 00:00:00+05:30,2019-04-01 00:00:00+05:30,16.049999237060547,23.600000381469727,25237.892397358413,11872.032743936066,47.04050780872133,UT Sell,174943.4164168027,274943.4164168027
CANBK.NS,2019-02-27 00:00:00+05:30,2019-04-03 00:00:00+05:30,40.42704391479492,49.860599517822266,25465.209658392596,5942.246773261606,23.33476477505936,UT Sell,180885.6631900643,280885.6631900643
MBAPL.NS,2019-03-25 00:00:00+05:30,2019-04-09 00:00:00+05:30,13.578660011291504,15.046623229980469,26743.820954745475,2891.2238362344506,10.81081062099103,UT Sell,183776.88702629876,283776.8870262988
REFEX.NS,2019-04-03 00:00:00+05:30,2019-04-09 00:00:00+05:30,8.310688018798828,8.567426681518555,31407.456431654202,970.257618316471,3.089258821158758,UT Sell,184747.14464461524,284747.14464461524
GOKULAGRO.NS,2019-04-01 00:00:00+05:30,2019-04-10 00:00:00+05:30,5.866196155548096,5.741911888122559,37109.92514129448,-786.2300779083598,-2.1186517485950795,UT Sell,183960.91456670687,283960.91456670687
DEVIT.NS,2019-04-09 00:00:00+05:30,2019-04-10 00:00:00+05:30,9.314667701721191,8.978167533874512,31006.3794204753,-1120.131411384631,-3.612583707999595,UT Sell,182840.78315532225,282840.78315532225
TIPSMUSIC.NS,2019-03-05 00:00:00+05:30,2019-04-11 00:00:00+05:30,5.489229202270508,5.5764288902282715,26783.298847516126,425.46871626655775,1.5885597912671523,UT Sell,183266.2518715888,283266.2518715888
SAMPANN.NS,2019-04-09 00:00:00+05:30,2019-04-11 00:00:00+05:30,4.300000190734863,4.099999904632568,31006.3794204753,-1442.1591814003114,-4.651169237927755,Stop Loss,181824.0926901885,281824.0926901885
INDOTHAI.NS,2019-02-25 00:00:00+05:30,2019-04-12 00:00:00+05:30,2.860551118850708,3.216947555541992,25397.463469488004,3164.2732835200113,12.459013032232559,UT Sell,184988.3659737085,284988.3659737085
THOMASCOTT.NS,2019-04-10 00:00:00+05:30,2019-04-12 00:00:00+05:30,10.0,9.5,33104.971536238394,-1655.2485768119186,-5.000000000000004,Stop Loss,183333.1173968966,283333.1173968966
INFOBEAN.NS,2019-04-11 00:00:00+05:30,2019-04-15 00:00:00+05:30,16.712547302246094,16.351844787597656,28386.493901428836,-612.6582349850287,-2.158273709717251,UT Sell,182720.45916191157,282720.45916191157
DPABHUSHAN.NS,2019-03-20 00:00:00+05:30,2019-04-16 00:00:00+05:30,49.78152847290039,51.6732292175293,22852.164836458363,868.38348607644,3.800005348688096,UT Sell,183588.842647988,283588.842647988
MAGNUM.NS,2019-04-12 00:00:00+05:30,2019-04-18 00:00:00+05:30,5.101532936096191,4.672431945800781,30005.729856217244,-2523.8469607317675,-8.411216700362377,Stop Loss,181064.99568725622,281064.9956872562
TDPOWERSYS.NS,2019-04-10 00:00:00+05:30,2019-04-22 00:00:00+05:30,23.614242553710938,23.358800888061523,33104.971536238394,-358.105454843997,-1.0817271189978217,UT Sell,180706.89023241223,280706.89023241226
ONWARDTEC.NS,2019-04-11 00:00:00+05:30,2019-04-22 00:00:00+05:30,60.452972412109375,57.75016403198242,28386.493901428836,-1269.1394738405943,-4.470927188992202,Stop Loss,179437.75075857164,279437.75075857167
SHREERAMA.NS,2019-04-15 00:00:00+05:30,2019-04-22 00:00:00+05:30,5.681132793426514,5.156720161437988,27773.835666443807,-2563.740505961996,-9.230775816317994,Stop Loss,176874.01025260965,276874.0102526096
HINDPETRO.NS,2019-04-16 00:00:00+05:30,2019-04-22 00:00:00+05:30,130.7202911376953,123.43473052978516,23720.548322534803,-1322.0402965186986,-5.573396864788071,Stop Loss,175551.96995609094,275551.9699560909
MACPOWER.NS,2019-04-22 00:00:00+05:30,2019-04-25 00:00:00+05:30,143.60064697265625,137.85659790039062,26868.20592387014,-1074.732576517119,-4.000016151291696,Stop Loss,174477.2373795738,274477.2373795738
GOKULAGRO.NS,2019-04-12 00:00:00+05:30,2019-04-26 00:00:00+05:30,5.990479946136475,5.592772006988525,30005.729856217244,-1992.0802825561077,-6.638999591417527,Stop Loss,172485.1570970177,272485.15709701774
SUPREMEINF.NS,2019-02-14 00:00:00+05:30,2019-04-30 00:00:00+05:30,20.25,22.649999618530273,21412.210479447418,2537.743060867346,11.851849968050733,UT Sell,175022.90015788504,275022.90015788504
INFOBEAN.NS,2019-04-18 00:00:00+05:30,2019-04-30 00:00:00+05:30,16.472078323364258,16.61635971069336,27481.882895485476,240.7179053387772,0.8759148936564376,UT Sell,175263.6180632238,275263.6180632238
THOMASCOTT.NS,2019-04-22 00:00:00+05:30,2019-04-30 00:00:00+05:30,10.399999618530273,10.0,26868.205923870137,-1033.3915879181222,-3.846150319251662,UT Sell,174230.22647530568,274230.2264753057
GLOBAL.NS,2019-04-22 00:00:00+05:30,2019-04-30 00:00:00+05:30,5.242049217224121,5.082709312438965,26868.205923870137,-816.6991945803384,-3.0396491559370187,UT Sell,173413.52728072534,273413.5272807253
VSSL.NS,2019-04-22 00:00:00+05:30,2019-04-30 00:00:00+05:30,49.52325439453125,47.5194206237793,26868.20592387014,-1087.1542883844486,-4.046248162102273,Stop Loss,172326.37299234088,272326.3729923409
HECPROJECT.NS,2019-03-25 00:00:00+05:30,2019-05-02 00:00:00+05:30,24.799999237060547,26.790000915527344,26743.820954745475,2145.97783168589,8.024200563252371,UT Sell,174472.35082402677,274472.35082402674
MACPOWER.NS,2019-04-30 00:00:00+05:30,2019-05-02 00:00:00+05:30,138.76608276367188,136.9949951171875,25867.985408373304,-330.15610503492644,-1.2763116254428386,UT Sell,174142.19471899184,274142.1947189919
GABRIEL.NS,2019-04-26 00:00:00+05:30,2019-05-03 00:00:00+05:30,137.98146057128906,131.70745849609375,28013.649573661136,-1273.7776135377098,-4.546989174646265,Stop Loss,172868.41710545414,272868.41710545414
NAHARPOLY.NS,2019-05-03 00:00:00+05:30,2019-05-06 00:00:00+05:30,32.55510330200195,30.71236228942871,26739.871960123426,-1513.577096493089,-5.66037525815476,Stop Loss,171354.84000896104,271354.84000896104
REDINGTON.NS,2019-02-12 00:00:00+05:30,2019-05-07 00:00:00+05:30,28.197052001953125,36.47079086303711,22620.137776921532,6637.329070961958,29.342566948172056,UT Sell,177992.16907992298,277992.16907992295
DALMIASUG.NS,2019-04-25 00:00:00+05:30,2019-05-07 00:00:00+05:30,102.62370300292969,97.97321319580078,25793.47334735302,-1168.8555507385245,-4.53159423315308,Stop Loss,176823.31352918447,276823.31352918444
ECLERX.NS,2019-04-30 00:00:00+05:30,2019-05-08 00:00:00+05:30,379.8460998535156,364.5952453613281,25867.985408373304,-1038.601901194379,-4.015008841230394,Stop Loss,175784.7116279901,275784.7116279901
HINDZINC.NS,2019-04-30 00:00:00+05:30,2019-05-09 00:00:00+05:30,152.9224090576172,144.80262756347656,25867.9854083733,-1373.522628266146,-5.309739458185813,Stop Loss,174411.18899972393,274411.18899972393
JPOLYINVST.NS,2019-05-02 00:00:00+05:30,2019-05-09 00:00:00+05:30,32.75,30.5,27213.81404488487,-1869.651346595143,-6.870229007633588,Stop Loss,172541.5376531288,272541.5376531288
VBL.NS,2019-04-30 00:00:00+05:30,2019-05-13 00:00:00+05:30,50.82195281982422,52.23214340209961,25867.9854083733,717.7762242755853,2.77476661960403,UT Sell,173259.31387740438,273259.3138774044
DPABHUSHAN.NS,2019-05-07 00:00:00+05:30,2019-05-13 00:00:00+05:30,55.755313873291016,50.826942443847656,26941.04232224899,-2381.3956740005196,-8.839285598218549,Stop Loss,170877.91820340385,270877.9182034038
DEVIT.NS,2019-05-02 00:00:00+05:30,2019-05-14 00:00:00+05:30,9.217129707336426,8.778220176696777,27213.81404488487,-1295.891750318744,-4.7618894881157665,Stop Loss,169582.0264530851,269582.0264530851
RMDRIP.NS,2019-05-08 00:00:00+05:30,2019-05-16 00:00:00+05:30,1.926627278327942,1.9237122535705566,24829.383507178925,-37.56734291484463,-0.1513019560231199,UT Sell,169544.45911017025,269544.45911017025
AARON.NS,2019-05-06 00:00:00+05:30,2019-05-17 00:00:00+05:30,11.10831069946289,10.772747039794922,25226.294863630337,-762.0445676508098,-3.020834299172004,UT Sell,168782.41454251943,268782.41454251943
TEMBO.NS,2019-05-09 00:00:00+05:30,2019-05-21 00:00:00+05:30,49.4102668762207,49.611392974853516,24919.31273919844,101.43487312872458,0.40705325299428274,UT Sell,168883.84941564815,268883.84941564815
BCG.NS,2019-05-16 00:00:00+05:30,2019-05-30 00:00:00+05:30,2.4969234466552734,2.2849206924438477,24791.81616426408,-2104.963736780901,-8.49055883132548,Stop Loss,166778.88567886726,266778.8856788672
SONATSOFTW.NS,2019-05-13 00:00:00+05:30,2019-06-03 00:00:00+05:30,104.87519836425781,107.05109405517578,25572.70414044868,530.5690726901739,2.0747476284722177,UT Sell,167309.45475155744,267309.45475155744
KMSUGAR.NS,2019-05-21 00:00:00+05:30,2019-06-06 00:00:00+05:30,8.391217231750488,7.795391082763672,25020.747612327166,-1776.6213509781846,-7.100592590218535,Stop Loss,165532.83340057926,265532.8334005793
KIRIINDUS.NS,2019-05-17 00:00:00+05:30,2019-06-06 00:00:00+05:30,515.2048950195312,515.2546997070312,24464.250295979527,2.36495101791661,0.009666967061350284,UT Sell,165535.19835159718,265535.1983515972
SHRADHA.NS,2019-04-30 00:00:00+05:30,2019-06-06 00:00:00+05:30,8.58046817779541,8.763032913208008,25867.985408373304,550.3874396921274,2.127678019773316,UT Sell,166085.5857912893,266085.58579128934
TDPOWERSYS.NS,2019-05-07 00:00:00+05:30,2019-06-06 00:00:00+05:30,23.557479858398438,28.969078063964844,26941.04232224899,6188.8664306846185,22.97188934510381,UT Sell,172274.45222197392,272274.4522219739
WEBELSOLAR.NS,2019-06-03 00:00:00+05:30,2019-06-11 00:00:00+05:30,2.7899999618530273,3.2200000286102295,26103.273213138855,4023.0857984586873,15.412188983386589,UT Sell,176297.5380204326,276297.5380204326
REFEX.NS,2019-05-14 00:00:00+05:30,2019-06-13 00:00:00+05:30,7.236194133758545,14.881267547607422,25917.922294566128,27382.407798043776,105.65047416545687,UT Sell,203679.94581847638,303679.9458184764
SAMPANN.NS,2019-05-30 00:00:00+05:30,2019-06-14 00:00:00+05:30,3.3499999046325684,3.75,22686.85242748318,2708.8786247519165,11.940301694166887,UT Sell,206388.8244432283,306388.8244432283
EUROTEXIND.NS,2019-06-06 00:00:00+05:30,2019-06-14 00:00:00+05:30,14.449999809265137,13.75,26814.755777336366,-1298.9843721375983,-4.844289401417889,Stop Loss,205089.8400710907,305089.84007109073
GNA.NS,2019-05-13 00:00:00+05:30,2019-06-17 00:00:00+05:30,135.56361389160156,130.1649627685547,25572.70414044868,-1018.4009113062712,-3.982374745013595,UT Sell,204071.43915978444,304071.43915978447
LAGNAM.NS,2019-06-11 00:00:00+05:30,2019-06-17 00:00:00+05:30,14.176127433776855,13.982595443725586,30126.359011597542,-411.2839870937969,-1.36519646113048,UT Sell,203660.15517269063,303660.15517269063
JSL.NS,2019-05-09 00:00:00+05:30,2019-06-18 00:00:00+05:30,34.51411437988281,32.5474967956543,24919.31273919844,-1419.9048563263095,-5.698009697084371,Stop Loss,202240.2503163643,302240.25031636434
IVP.NS,2019-06-17 00:00:00+05:30,2019-06-19 00:00:00+05:30,84.91253662109375,79.94576263427734,27134.689126823076,-1587.1845720126003,-5.849282313846893,Stop Loss,200653.0657443517,300653.0657443517
LAXMICOT.NS,2019-03-13 00:00:00+05:30,2019-06-19 00:00:00+05:30,12.699999809265137,12.5,39815.36429779317,-627.013022438885,-1.5748016714081325,UT Sell,200026.05272191283,300026.05272191286
INFOBEAN.NS,2019-06-06 00:00:00+05:30,2019-06-19 00:00:00+05:30,16.592313766479492,15.630441665649414,26814.755777336366,-1554.476719509661,-5.797094452090789,Stop Loss,198471.57600240316,298471.57600240316
AARVI.NS,2019-06-14 00:00:00+05:30,2019-06-19 00:00:00+05:30,30.018938064575195,29.28782081604004,25455.75122871693,-619.9799192662867,-2.435520027265503,UT Sell,197851.5960831369,297851.59608313686
MKPL.NS,2019-06-06 00:00:00+05:30,2019-06-20 00:00:00+05:30,0.7850000262260437,0.7827770113945007,26814.755777336366,-75.93579338309064,-0.2831865932833577,UT Sell,197775.6602897538,297775.6602897538
BCG.NS,2019-06-18 00:00:00+05:30,2019-06-21 00:00:00+05:30,2.355587959289551,2.2378087043762207,23499.407882872132,-1174.9689670615699,-4.9999939271574645,Stop Loss,196600.69132269223,296600.6913226922
TATASTEEL.NS,2019-06-19 00:00:00+05:30,2019-06-24 00:00:00+05:30,40.4050407409668,39.76310348510742,28707.97654936053,-456.0995199959507,-1.5887553733079485,UT Sell,196144.5918026963,296144.5918026963
RELINFRA.NS,2019-06-20 00:00:00+05:30,2019-06-24 00:00:00+05:30,59.25,56.5,26738.819983953275,-1241.0422777362292,-4.641350210970463,Stop Loss,194903.54952496005,294903.54952496005
PGEL.NS,2019-06-24 00:00:00+05:30,2019-06-25 00:00:00+05:30,5.640673637390137,5.0111565589904785,26874.827367790815,-2999.3160205054264,-11.160317346261628,Stop Loss,191904.23350445463,291904.2335044546
BALAXI.NS,2019-06-06 00:00:00+05:30,2019-06-26 00:00:00+05:30,18.643644332885742,17.21566390991211,26814.755777336366,-2053.833768396533,-7.659341690266008,Stop Loss,189850.3997360581,289850.3997360581
TVSHLTD.NS,2019-06-19 00:00:00+05:30,2019-06-27 00:00:00+05:30,1899.5631103515625,1787.4256591796875,28707.97654936053,-1694.7261720361857,-5.903328537008756,Stop Loss,188155.67356402194,288155.67356402194
KRISHANA.NS,2019-06-21 00:00:00+05:30,2019-06-28 00:00:00+05:30,24.47893524169922,24.357149124145508,22324.438915810562,-111.06719778767729,-0.49751394965190654,UT Sell,188044.60636623425,288044.60636623425
WILLAMAGOR.NS,2019-06-24 00:00:00+05:30,2019-07-01 00:00:00+05:30,21.5,24.399999618530273,26874.827367790815,3624.97623789118,13.488370318745456,UT Sell,191669.58260412543,291669.58260412543
CUPID.NS,2019-06-26 00:00:00+05:30,2019-07-02 00:00:00+05:30,1.1118254661560059,1.0495054721832275,24760.922008939833,-1387.8981524794872,-5.6051957676632185,Stop Loss,190281.68445164594,290281.68445164594
TEMBO.NS,2019-07-02 00:00:00+05:30,2019-07-03 00:00:00+05:30,52.51655578613281,50.170074462890625,23373.023856460346,-1044.3252251770864,-4.468079233523891,Stop Loss,189237.35922646886,289237.35922646883
GESHIP.NS,2019-06-14 00:00:00+05:30,2019-07-05 00:00:00+05:30,213.14381408691406,207.91952514648438,25455.75122871693,-623.9364730532907,-2.451062895167755,UT Sell,188613.42275341557,288613.42275341554
STCINDIA.NS,2019-06-25 00:00:00+05:30,2019-07-05 00:00:00+05:30,113.80000305175781,114.44999694824219,23875.51134728539,136.3702656855021,0.5711721257061431,UT Sell,188749.79301910108,288749.7930191011
MBAPL.NS,2019-06-13 00:00:00+05:30,2019-07-05 00:00:00+05:30,12.477685928344727,13.456329345703125,53300.330092609904,4180.423957431842,7.843148344800688,UT Sell,192930.21697653292,292930.21697653295
INDOTHAI.NS,2019-07-01 00:00:00+05:30,2019-07-05 00:00:00+05:30,2.513533115386963,2.447880983352661,30499.803605681995,-796.6384532921657,-2.6119461737902916,UT Sell,192133.57852324075,292133.57852324075
KOHINOOR.NS,2019-07-03 00:00:00+05:30,2019-07-08 00:00:00+05:30,17.200000762939453,16.049999237060547,22328.69863128326,-1492.9090905736484,-6.68605508644392,Stop Loss,190640.6694326671,290640.6694326671
KIRIINDUS.NS,2019-06-27 00:00:00+05:30,2019-07-10 00:00:00+05:30,517.3936767578125,492.7203674316406,27013.250377324344,-1288.1995130702744,-4.768769011786988,Stop Loss,189352.46991959683,289352.4699195968
AARON.NS,2019-07-05 00:00:00+05:30,2019-07-11 00:00:00+05:30,10.853745460510254,10.784317970275879,34006.903892766524,-217.52988371678657,-0.639663888258446,UT Sell,189134.94003588005,289134.9400358801
USHAMART.NS,2019-06-28 00:00:00+05:30,2019-07-15 00:00:00+05:30,29.27242088317871,28.022693634033203,22213.371718022885,-948.3553151343185,-4.269299263402093,Stop Loss,188186.58472074574,288186.58472074574
SPAL.NS,2019-06-19 00:00:00+05:30,2019-07-16 00:00:00+05:30,274.2858581542969,273.44903564453125,28707.97654936053,-87.58556182220127,-0.3050913799919175,UT Sell,188098.99915892354,288098.9991589235
LIBAS.NS,2019-07-05 00:00:00+05:30,2019-07-16 00:00:00+05:30,35.14167404174805,33.055641174316406,34006.903892766524,-2018.6721655782349,-5.9360657234298175,Stop Loss,186080.3269933453,286080.3269933453
RELINFRA.NS,2019-07-11 00:00:00+05:30,2019-07-16 00:00:00+05:30,51.04999923706055,47.900001525878906,33789.37400904974,-2084.9451984613916,-6.170416764462649,Stop Loss,183995.38179488393,283995.3817948839
TIRUPATIFL.NS,2019-07-05 00:00:00+05:30,2019-07-17 00:00:00+05:30,3.560533046722412,3.4784762859344482,34006.903892766524,-783.7299475247855,-2.304620114774658,UT Sell,183211.65184735914,283211.65184735914
VADILALIND.NS,2019-06-17 00:00:00+05:30,2019-07-19 00:00:00+05:30,489.29815673828125,519.9879760742188,27134.689126823076,1701.945318147722,6.272212333788341,UT Sell,184913.59716550686,284913.59716550686
MBAPL.NS,2019-07-15 00:00:00+05:30,2019-07-19 00:00:00+05:30,13.456329345703125,12.477685928344727,21265.016402888567,-1546.5486752039542,-7.27273680820616,Stop Loss,183367.0484903029,283367.04849030287
DEVIT.NS,2019-07-16 00:00:00+05:30,2019-07-19 00:00:00+05:30,8.290539741516113,7.802862167358398,30771.01717510499,-1810.0552531186986,-5.882338054729985,Stop Loss,181556.9932371842,281556.9932371842
KIRIINDUS.NS,2019-07-17 00:00:00+05:30,2019-07-19 00:00:00+05:30,519.6321411132812,495.5557861328125,33223.17394524174,-1539.3445982186095,-4.633345991432824,Stop Loss,180017.64863896556,280017.64863896556
BAFNAPH.NS,2019-07-05 00:00:00+05:30,2019-07-22 00:00:00+05:30,5.25,6.099999904632568,34006.903892766524,5505.8790601334185,16.19047437395369,UT Sell,185523.52769909898,285523.527699099
KIRLOSBROS.NS,2019-06-19 00:00:00+05:30,2019-07-22 00:00:00+05:30,167.49232482910156,159.86404418945312,28707.976549360534,-1307.477831825512,-4.554406088417395,Stop Loss,184216.04986727348,284216.0498672735
LASA.NS,2019-07-19 00:00:00+05:30,2019-07-23 00:00:00+05:30,11.535445213317871,10.842328071594238,27299.973360416207,-1640.3423669211443,-6.008585961844082,Stop Loss,182575.70750035235,282575.70750035235
BPCL.NS,2019-07-16 00:00:00+05:30,2019-07-24 00:00:00+05:30,110.99952697753906,109.32414245605469,30771.017175104986,-464.4459962062065,-1.5093618568513323,UT Sell,182111.26150414615,282111.26150414615
HINDPETRO.NS,2019-07-16 00:00:00+05:30,2019-07-24 00:00:00+05:30,150.50807189941406,141.8043670654297,30771.017175104986,-1779.4517433760338,-5.7828824222804105,Stop Loss,180331.80976077012,280331.8097607701
GLOBAL.NS,2019-07-23 00:00:00+05:30,2019-07-24 00:00:00+05:30,3.8943467140197754,3.7939136028289795,25659.630993495062,-661.7481087153647,-2.578946317985331,UT Sell,179670.06165205475,279670.0616520548
KRISHANA.NS,2019-07-08 00:00:00+05:30,2019-07-25 00:00:00+05:30,24.722505569458008,24.357149124145508,20835.78954070961,-307.91741478167387,-1.4778293578942892,UT Sell,179362.14423727308,279362.1442372731
VESUVIUS.NS,2019-07-19 00:00:00+05:30,2019-07-25 00:00:00+05:30,107.0149154663086,102.01544189453125,27299.97336041621,-1275.387591822153,-4.671753979333215,Stop Loss,178086.75664545092,278086.75664545095
INDSWFTLAB.NS,2019-07-22 00:00:00+05:30,2019-07-25 00:00:00+05:30,32.25,31.399999618530273,33456.640835217484,-881.8033324846692,-2.63566009758055,UT Sell,177204.95331296624,277204.9533129663
BSE.NS,2019-07-25 00:00:00+05:30,2019-07-26 00:00:00+05:30,56.491451263427734,53.7465934753418,26375.765132418273,-1281.5695600179024,-4.858890551928418,Stop Loss,175923.38375294834,275923.3837529484
VEDL.NS,2019-07-22 00:00:00+05:30,2019-07-29 00:00:00+05:30,70.37837982177734,65.49713897705078,33456.640835217484,-2320.455830125218,-6.935710735438317,Stop Loss,173602.92792282312,273602.9279228231
PGEL.NS,2019-07-25 00:00:00+05:30,2019-07-29 00:00:00+05:30,4.966190338134766,4.671417236328125,26375.76513241827,-1565.5594270932634,-5.935598149412725,Stop Loss,172037.36849572987,272037.36849572987
GENUSPOWER.NS,2019-07-25 00:00:00+05:30,2019-07-30 00:00:00+05:30,18.681137084960938,17.59061050415039,26375.765132418273,-1539.7067552849257,-5.837581384103563,Stop Loss,170497.66174044495,270497.66174044495
MAGNUM.NS,2019-07-26 00:00:00+05:30,2019-07-30 00:00:00+05:30,4.100297927856445,3.909585952758789,25094.19557240037,-1167.1746017736878,-4.651173608678638,Stop Loss,169330.48713867128,269330.4871386713
KRBL.NS,2019-07-24 00:00:00+05:30,2019-07-30 00:00:00+05:30,222.21060180664062,208.46803283691406,28098.673165135806,-1737.7566632293056,-6.184479434372281,Stop Loss,167592.73047544196,267592.73047544196
TAINWALCHM.NS,2019-07-24 00:00:00+05:30,2019-07-31 00:00:00+05:30,51.79872131347656,48.00014877319336,28098.673165135806,-2060.569172307114,-7.333332645983526,Stop Loss,165532.16130313484,265532.16130313487
INDSWFTLAB.NS,2019-07-31 00:00:00+05:30,2019-08-01 00:00:00+05:30,34.400001525878906,32.599998474121094,26038.103992828692,-1362.4611793641925,-5.2325667788232,Stop Loss,164169.70012377066,264169.7001237706
BLBLIMITED.NS,2019-07-30 00:00:00+05:30,2019-08-01 00:00:00+05:30,3.9000000953674316,3.5999999046325684,25041.331949888845,-1926.257481415243,-7.692312394843659,Stop Loss,162243.44264235543,262243.44264235545
V2RETAIL.NS,2019-07-30 00:00:00+05:30,2019-08-01 00:00:00+05:30,13.78499984741211,13.210000038146973,25041.331949888845,-1044.5238486987837,-4.171199242871825,Stop Loss,161198.91879365663,261198.91879365663
PALASHSECU.NS,2019-07-19 00:00:00+05:30,2019-08-01 00:00:00+05:30,41.900001525878906,40.04999923706055,27299.973360416207,-1205.370199575209,-4.41527976478887,Stop Loss,159993.54859408143,259993.54859408143
SIRCA.NS,2019-07-19 00:00:00+05:30,2019-08-01 00:00:00+05:30,99.39014434814453,84.84524536132812,27299.97336041621,-3995.11800163157,-14.634146154238826,Stop Loss,155998.43059244985,255998.43059244985
SUPREMEINF.NS,2019-07-10 00:00:00+05:30,2019-08-01 00:00:00+05:30,19.600000381469727,18.399999618530273,25725.05086425407,-1575.0040848441204,-6.122452752980356,Stop Loss,154423.42650760573,254423.42650760573
GOODLUCK.NS,2019-08-01 00:00:00+05:30,2019-08-02 00:00:00+05:30,56.82224655151367,53.862247467041016,24222.83844702729,-1261.8223315322248,-5.209225724275424,Stop Loss,153161.6041760735,253161.6041760735
TARACHAND.NS,2019-08-01 00:00:00+05:30,2019-08-02 00:00:00+05:30,7.113114356994629,6.811049938201904,24222.838447027298,-1028.6433269298395,-4.246584598990621,Stop Loss,152132.96084914368,252132.96084914368
THANGAMAYL.NS,2019-08-01 00:00:00+05:30,2019-08-05 00:00:00+05:30,148.73117065429688,134.8640594482422,24222.838447027294,-2258.4424838017003,-9.323607919611343,Stop Loss,149874.518365342,249874.518365342
MACPOWER.NS,2019-08-01 00:00:00+05:30,2019-08-05 00:00:00+05:30,101.66925048828125,101.1905746459961,24222.838447027294,-114.04517629944166,-0.4708167316924694,UT Sell,149760.47318904256,249760.47318904256
LIBAS.NS,2019-08-01 00:00:00+05:30,2019-08-05 00:00:00+05:30,34.339351654052734,32.734710693359375,24222.838447027294,-1131.907181822713,-4.672892420506658,Stop Loss,148628.56600721984,248628.56600721984
CGCL.NS,2019-08-01 00:00:00+05:30,2019-08-06 00:00:00+05:30,158.7845916748047,150.85948181152344,24222.838447027294,-1208.9879368544898,-4.991107625551039,Stop Loss,147419.57807036536,247419.57807036536
BHAGYANGR.NS,2019-08-05 00:00:00+05:30,2019-08-06 00:00:00+05:30,21.350000381469727,20.350000381469727,23054.706833052674,-1079.845734010505,-4.6838406657263025,Stop Loss,146339.73233635485,246339.73233635485
PRICOLLTD.NS,2019-08-05 00:00:00+05:30,2019-08-14 00:00:00+05:30,22.592243194580078,23.345319747924805,23054.706833052678,768.4920444010459,3.333341212993801,UT Sell,147108.22438075588,247108.22438075588
RELINFRA.NS,2019-08-14 00:00:00+05:30,2019-08-16 00:00:00+05:30,49.400001525878906,46.29999923706055,23823.198877453724,-1494.9791248162837,-6.27530808312704,Stop Loss,145613.2452559396,245613.2452559396
STCINDIA.NS,2019-08-16 00:00:00+05:30,2019-08-19 00:00:00+05:30,94.5,90.5999984741211,22328.21975263744,-921.482445560272,-4.126985741670797,Stop Loss,144691.76281037932,244691.76281037932
THOMASCOTT.NS,2019-08-06 00:00:00+05:30,2019-08-20 00:00:00+05:30,7.949999809265137,8.550000190734863,22494.355804607487,1697.6883506274971,7.5471747907524644,UT Sell,146389.45116100681,246389.45116100681
GOCLCORP.NS,2019-07-24 00:00:00+05:30,2019-08-21 00:00:00+05:30,203.61822509765625,265.41339111328125,28098.67316513581,8527.538103357827,30.34854369543185,UT Sell,154916.98926436465,254916.98926436465
MANAKCOAT.NS,2019-07-29 00:00:00+05:30,2019-08-21 00:00:00+05:30,3.93074369430542,4.378550052642822,27973.195355208634,3186.820540149776,11.392407980865094,UT Sell,158103.80980451443,258103.80980451443
RMDRIP.NS,2019-07-29 00:00:00+05:30,2019-08-21 00:00:00+05:30,0.8248642683029175,0.9297940135002136,27973.195355208634,3558.4281848153987,12.720849869419059,UT Sell,161662.23798932982,261662.23798932982
DPABHUSHAN.NS,2019-08-02 00:00:00+05:30,2019-08-21 00:00:00+05:30,39.825225830078125,38.92915344238281,23077.60561779626,-519.2489116436191,-2.2500120690302605,UT Sell,161142.98907768622,261142.98907768622
MANINDS.NS,2019-08-05 00:00:00+05:30,2019-08-21 00:00:00+05:30,35.93099594116211,33.582855224609375,23054.706833052674,-1506.6572580266366,-6.5351395224275795,Stop Loss,159636.33181965956,259636.33181965956
GOLDIAM.NS,2019-08-19 00:00:00+05:30,2019-08-22 00:00:00+05:30,16.934675216674805,16.185190200805664,21406.73730707717,-947.4069413804536,-4.425741895133351,Stop Loss,158688.9248782791,258688.9248782791
PAR.NS,2019-08-21 00:00:00+05:30,2019-08-23 00:00:00+05:30,22.757768630981445,22.380828857421875,28684.851397010952,-475.11078812268534,-1.6563125307743065,UT Sell,158213.8140901564,258213.8140901564
HEADSUP.NS,2019-08-21 00:00:00+05:30,2019-08-23 00:00:00+05:30,13.350000381469727,13.300000190734863,28684.851397010956,-107.43430712126064,-0.37453325322945874,UT Sell,158106.37978303514,258106.37978303514
MOKSH.NS,2019-08-21 00:00:00+05:30,2019-08-26 00:00:00+05:30,4.388951301574707,4.289202690124512,28684.851397010952,-651.9265992950168,-2.2727208528015908,UT Sell,157454.45318374012,257454.45318374012
LEXUS.NS,2019-08-21 00:00:00+05:30,2019-08-28 00:00:00+05:30,10.399999618530273,9.899999618530273,28684.851397010956,-1379.0794446713953,-4.807692484037418,Stop Loss,156075.37373906872,256075.37373906872
THOMASCOTT.NS,2019-08-22 00:00:00+05:30,2019-08-28 00:00:00+05:30,8.949999809265137,8.550000190734863,20459.330365696715,-914.382627493651,-4.469269576030488,Stop Loss,155160.99111157507,255160.99111157507
NATIONALUM.NS,2019-08-23 00:00:00+05:30,2019-08-28 00:00:00+05:30,27.840465545654297,27.910507202148438,28393.57884938898,71.4331911277477,0.2515822028165582,UT Sell,155232.42430270283,255232.42430270283
JPOLYINVST.NS,2019-08-28 00:00:00+05:30,2019-08-29 00:00:00+05:30,17.5,16.799999237060547,25105.243910353118,-1004.2108509159007,-4.000004359654019,Stop Loss,154228.21345178693,254228.21345178693
ZUARIIND.NS,2019-08-28 00:00:00+05:30,2019-08-29 00:00:00+05:30,58.74822998046875,56.292667388916016,25105.243910353114,-1049.3507262868225,-4.179806936088292,Stop Loss,153178.8627255001,253178.8627255001
KIRIINDUS.NS,2019-08-26 00:00:00+05:30,2019-08-29 00:00:00+05:30,397.6584167480469,386.26690673828125,28032.924797715936,-803.0443465717362,-2.864647026189615,UT Sell,152375.81837892838,252375.81837892838
BANCOINDIA.NS,2019-08-06 00:00:00+05:30,2019-09-03 00:00:00+05:30,30.413986206054688,29.764179229736328,22494.355804607487,-480.600906128886,-2.1365399849790134,UT Sell,151895.2174727995,251895.2174727995
RAMKY.NS,2019-08-29 00:00:00+05:30,2019-09-03 00:00:00+05:30,63.95000076293945,60.79999923706055,25128.935564882566,-1237.7823991984333,-4.925725548551374,Stop Loss,150657.43507360108,250657.43507360108
TANLA.NS,2019-09-03 00:00:00+05:30,2019-09-09 00:00:00+05:30,49.12874984741211,54.022979736328125,22952.45403208137,2286.5346033978276,9.96204850340563,UT Sell,152943.9696769989,252943.9696769989
VOLTAMP.NS,2019-08-28 00:00:00+05:30,2019-09-12 00:00:00+05:30,997.7286987304688,1048.7392578125,25105.243910353114,1283.5478516227704,5.112668318245039,UT Sell,154227.51752862168,254227.51752862168
SOUTHWEST.NS,2019-09-12 00:00:00+05:30,2019-09-16 00:00:00+05:30,14.267626762390137,13.737409591674805,26388.791761975885,-980.6669840504728,-3.7162254069681655,UT Sell,153246.8505445712,253246.8505445712
SPIC.NS,2019-08-29 00:00:00+05:30,2019-09-17 00:00:00+05:30,17.035795211791992,19.523115158081055,25128.935564882566,3668.963020656687,14.600550871657392,UT Sell,156915.8135652279,256915.8135652279
GRAVITA.NS,2019-09-09 00:00:00+05:30,2019-09-19 00:00:00+05:30,38.22560119628906,42.20941162109375,25238.988635479196,2630.366636256076,10.421838506470472,UT Sell,159546.18020148398,259546.18020148398
NAGREEKCAP.NS,2019-09-17 00:00:00+05:30,2019-09-20 00:00:00+05:30,10.25,9.600000381469727,28797.898585539253,-1826.2071312267326,-6.34145969297828,Stop Loss,157719.97307025726,257719.97307025726
THOMASCOTT.NS,2019-09-19 00:00:00+05:30,2019-09-23 00:00:00+05:30,7.0,6.650000095367432,27869.355271735272,-1393.467383896932,-4.999998637608116,Stop Loss,156326.50568636032,256326.50568636032
JINDRILL.NS,2019-09-03 00:00:00+05:30,2019-09-24 00:00:00+05:30,72.50438690185547,82.24524688720703,22952.45403208137,3083.629151286579,13.434856015729292,UT Sell,159410.1348376469,259410.1348376469
SOUTHWEST.NS,2019-09-23 00:00:00+05:30,2019-09-24 00:00:00+05:30,14.894245147705078,14.171223640441895,26475.88788783834,-1285.2370950632212,-4.854368248226315,Stop Loss,158124.89774258368,258124.89774258368
GABRIEL.NS,2019-09-20 00:00:00+05:30,2019-09-25 00:00:00+05:30,110.66226959228516,105.35462951660156,26971.69145431252,-1293.6299878839818,-4.7962508768694345,Stop Loss,156831.2677546997,256831.2677546997
DEVIT.NS,2019-09-16 00:00:00+05:30,2019-09-27 00:00:00+05:30,7.363950729370117,7.5603227615356445,25408.12477792541,677.550037951336,2.6666668393410697,UT Sell,157508.817792651,257508.817792651
MAGNUM.NS,2019-08-29 00:00:00+05:30,2019-09-30 00:00:00+05:30,3.0513839721679688,3.623518943786621,25128.93556488257,4711.679345292705,18.750015626914298,UT Sell,162220.49713794372,262220.49713794375
AVROIND.NS,2019-07-30 00:00:00+05:30,2019-10-01 00:00:00+05:30,10.483869552612305,14.90322494506836,25041.331949888845,10555.887292535816,42.153857125729566,UT Sell,172776.38443047955,272776.38443047955
RMDRIP.NS,2019-09-24 00:00:00+05:30,2019-10-01 00:00:00+05:30,0.8452675938606262,0.906476616859436,25613.36698807153,1854.7607650368882,7.241378167504009,UT Sell,174631.14519551644,274631.1451955164
ABINFRA.NS,2019-09-24 00:00:00+05:30,2019-10-04 00:00:00+05:30,1.5988390445709229,1.656978726387024,25613.36698807153,931.3964479302231,3.6363686522118854,UT Sell,175562.54164344666,275562.54164344666
SCI.NS,2019-08-23 00:00:00+05:30,2019-10-07 00:00:00+05:30,24.584800720214844,36.09159469604492,28393.57884938898,13289.47367825361,46.80450375328291,UT Sell,188852.01532170028,288852.01532170025
IIFL.NS,2019-09-30 00:00:00+05:30,2019-10-07 00:00:00+05:30,116.52822875976562,109.37667083740234,29840.614910175274,-1831.375008788771,-6.13718924459662,Stop Loss,187020.6403129115,287020.6403129115
MASFIN.NS,2019-10-01 00:00:00+05:30,2019-10-07 00:00:00+05:30,231.3979034423828,219.37660217285156,31532.67349776654,-1638.1469421774673,-5.1950778683370835,Stop Loss,185382.49337073404,285382.49337073404
BSE.NS,2019-08-20 00:00:00+05:30,2019-10-09 00:00:00+05:30,47.883514404296875,53.827327728271484,24192.044155234984,3002.9749522972415,12.413068250982917,UT Sell,188385.46832303127,288385.46832303127
BCG.NS,2019-10-07 00:00:00+05:30,2019-10-10 00:00:00+05:30,1.5546879768371582,1.4604642391204834,33195.60632820606,-2011.8597111544368,-6.060620466645828,Stop Loss,186373.60861187684,286373.60861187684
PAR.NS,2019-09-27 00:00:00+05:30,2019-10-14 00:00:00+05:30,21.909652709960938,22.333711624145508,26085.674815876748,504.88536192832544,1.9354889819489296,UT Sell,186878.49397380516,286878.49397380516
ARROWGREEN.NS,2019-10-07 00:00:00+05:30,2019-10-14 00:00:00+05:30,49.29164123535156,46.84780502319336,33195.606328206064,-1645.8089606323738,-4.957912033177547,Stop Loss,185232.6850131728,285232.6850131728
SONAMLTD.NS,2019-10-01 00:00:00+05:30,2019-10-15 00:00:00+05:30,9.699999809265137,9.5,31532.67349776654,-650.1576091939023,-2.0618537443073293,UT Sell,184582.5274039789,284582.52740397886
MANAKCOAT.NS,2019-10-07 00:00:00+05:30,2019-10-15 00:00:00+05:30,4.378550052642822,4.428305625915527,33195.606328206064,377.2176640981925,1.1363481671900377,UT Sell,184959.74506807709,284959.7450680771
GRAVITA.NS,2019-10-15 00:00:00+05:30,2019-10-16 00:00:00+05:30,41.78257751464844,39.93294906616211,32227.66994043845,-1426.652415815286,-4.426793554892283,Stop Loss,183533.0926522618,283533.09265226184
RMDRIP.NS,2019-10-09 00:00:00+05:30,2019-10-16 00:00:00+05:30,0.9501973986625671,1.0347238779067993,27195.019107532225,2419.1807106342458,8.89567571572032,UT Sell,185952.27336289606,285952.27336289606
MANAKCOAT.NS,2019-10-16 00:00:00+05:30,2019-10-18 00:00:00+05:30,4.826355934143066,4.478062152862549,30207.608671394817,-2179.9308611229317,-7.216495965757197,Stop Loss,183772.34250177312,283772.34250177315
KIRIINDUS.NS,2019-10-04 00:00:00+05:30,2019-10-23 00:00:00+05:30,433.4967346191406,412.46630859375,26544.763436001755,-1287.7782904011729,-4.851345891651859,Stop Loss,182484.56421137194,282484.56421137194
ASHOKA.NS,2019-10-15 00:00:00+05:30,2019-10-29 00:00:00+05:30,100.75,103.0,32227.66994043845,719.7246388683488,2.2332506203474045,UT Sell,183204.2888502403,283204.2888502403
POWERGRID.NS,2019-09-25 00:00:00+05:30,2019-11-04 00:00:00+05:30,77.95903015136719,76.39002990722656,25678.06146642854,-516.7956121524112,-2.012595899531089,UT Sell,182687.4932380879,282687.49323808786
GABRIEL.NS,2019-10-18 00:00:00+05:30,2019-11-04 00:00:00+05:30,98.12117767333984,111.78956604003906,28027.677810271885,3904.2864589629025,13.930110390850924,UT Sell,186591.7796970508,286591.7796970508
JPOLYINVST.NS,2019-11-04 00:00:00+05:30,2019-11-05 00:00:00+05:30,11.649999618530273,11.149999618530273,28546.61506175546,-1225.176652209917,-4.291845634095203,Stop Loss,185366.6030448409,285366.60304484086
TBZ.NS,2019-11-05 00:00:00+05:30,2019-11-07 00:00:00+05:30,39.7514533996582,35.93426513671875,27321.438409545543,-2623.578890940302,-9.602638234536286,Stop Loss,182743.0241539006,282743.02415390057
CHENNPETRO.NS,2019-10-16 00:00:00+05:30,2019-11-08 00:00:00+05:30,139.73558044433594,132.9298553466797,30207.608671394817,-1471.2407521503483,-4.8704310498551395,Stop Loss,181271.78340175026,281271.78340175026
RELINFRA.NS,2019-10-23 00:00:00+05:30,2019-11-11 00:00:00+05:30,26.25,44.45000076293945,25256.98514560058,17511.510435027845,69.33333623976934,UT Sell,198783.29383677812,298783.29383677815
BCG.NS,2019-11-04 00:00:00+05:30,2019-11-15 00:00:00+05:30,1.4133524894714355,1.3897967338562012,28546.61506175546,-475.77450993018283,-1.6666582321614443,UT Sell,198307.51932684792,298307.5193268479
MACPOWER.NS,2019-11-08 00:00:00+05:30,2019-11-18 00:00:00+05:30,84.29986572265625,85.07325744628906,28736.36791924447,263.63587801111134,0.9174293659935939,UT Sell,198571.15520485904,298571.15520485904
TARIL.NS,2019-10-10 00:00:00+05:30,2019-11-20 00:00:00+05:30,3.77343487739563,3.523538589477539,31183.74661705162,-2065.1482737017395,-6.622514924401335,Stop Loss,196506.0069311573,296506.0069311573
THOMASCOTT.NS,2019-11-07 00:00:00+05:30,2019-11-21 00:00:00+05:30,4.75,5.300000190734863,24697.85951860524,2859.753146521205,11.578951383891866,UT Sell,199365.76007767848,299365.7600776785
PFC.NS,2019-11-18 00:00:00+05:30,2019-11-21 00:00:00+05:30,59.433074951171875,58.06851577758789,29000.00379725558,-665.8282656252704,-2.2959592360063064,UT Sell,198699.9318120532,298699.9318120532
MACPOWER.NS,2019-11-21 00:00:00+05:30,2019-11-22 00:00:00+05:30,83.1397705078125,77.87103271484375,27945.894098378376,-1770.9886314948708,-6.337205119508549,Stop Loss,196928.94318055833,296928.94318055833
DPABHUSHAN.NS,2019-11-20 00:00:00+05:30,2019-11-25 00:00:00+05:30,41.916046142578125,40.92041778564453,29118.59834334988,-691.6516440072664,-2.3752916807729174,UT Sell,196237.29153655106,296237.2915365511
TIPSMUSIC.NS,2019-11-22 00:00:00+05:30,2019-12-03 00:00:00+05:30,7.197275638580322,6.763225555419922,26174.905466883505,-1578.544502827659,-6.030755315715785,Stop Loss,194658.7470337234,294658.7470337234
NAGREEKCAP.NS,2019-11-11 00:00:00+05:30,2019-12-04 00:00:00+05:30,7.0,7.0,42768.49558062843,0.0,0.0,UT Sell,194658.7470337234,294658.7470337234
APARINDS.NS,2019-11-21 00:00:00+05:30,2019-12-04 00:00:00+05:30,432.5856018066406,411.65478515625,27945.894098378376,-1352.1725713049636,-4.838537520198461,Stop Loss,193306.57446241844,293306.57446241844
MKPL.NS,2019-08-02 00:00:00+05:30,2019-12-05 00:00:00+05:30,0.7433329820632935,0.7777770161628723,23077.60561779626,1069.353646369378,4.633728750199051,UT Sell,194375.92810878783,294375.92810878786
SHAHALLOYS.NS,2019-10-29 00:00:00+05:30,2019-12-09 00:00:00+05:30,8.550000190734863,8.100000381469727,32947.3945793068,-1734.0726252307795,-5.263155546508358,Stop Loss,192641.85548355704,292641.85548355704
ASHOKA.NS,2019-11-25 00:00:00+05:30,2019-12-09 00:00:00+05:30,96.55000305175781,90.94999694824219,28426.946699342614,-1648.7940962083048,-5.800109711559109,Stop Loss,190993.06138734875,290993.06138734875
THANGAMAYL.NS,2019-10-14 00:00:00+05:30,2019-12-11 00:00:00+05:30,158.4381866455078,155.3357391357422,29070.17877268938,-569.2358998248419,-1.9581437880926367,UT Sell,190423.8254875239,290423.8254875239
MAGNUM.NS,2019-12-03 00:00:00+05:30,2019-12-11 00:00:00+05:30,4.004941940307617,3.8142309188842773,24596.360964055846,-1171.2522160538392,-4.761892288722958,Stop Loss,189252.57327147006,289252.57327147
BANCOINDIA.NS,2019-12-09 00:00:00+05:30,2019-12-11 00:00:00+05:30,30.366436004638672,29.114376068115234,28995.737278605164,-1195.5436907694711,-4.123170517383656,Stop Loss,188057.0295807006,288057.02958070056
JMA.NS,2019-10-14 00:00:00+05:30,2019-12-12 00:00:00+05:30,19.111431121826172,18.856613159179688,29070.17877268938,-387.60068157145724,-1.3333274783146387,UT Sell,187669.42889912913,287669.42889912915
PGEL.NS,2019-12-11 00:00:00+05:30,2019-12-12 00:00:00+05:30,4.131831169128418,3.961961030960083,26575.415069567414,-1092.58322641013,-4.111255547843884,Stop Loss,186576.845672719,286576.845672719
ALMONDZ.NS,2019-12-11 00:00:00+05:30,2019-12-17 00:00:00+05:30,1.6333329677581787,1.6916660070419312,26575.41506956741,949.1173948217402,3.5714113677517423,UT Sell,187525.96306754075,287525.9630675408
RELINFRA.NS,2019-12-17 00:00:00+05:30,2019-12-18 00:00:00+05:30,23.299999237060547,22.200000762939453,27524.53246438915,-1299.439686829115,-4.721023648668011,Stop Loss,186226.52338071165,286226.5233807117
NAGREEKCAP.NS,2019-12-11 00:00:00+05:30,2019-12-20 00:00:00+05:30,6.949999809265137,7.5,26575.41506956741,2103.091188237846,7.913672026316476,UT Sell,188329.6145689495,288329.6145689495
RAMKY.NS,2019-12-18 00:00:00+05:30,2019-12-20 00:00:00+05:30,33.400001525878906,31.950000762939453,26225.092777560036,-1138.5150538438284,-4.341319451186154,Stop Loss,187191.09951510568,287191.0995151057
JPOLYINVST.NS,2019-12-05 00:00:00+05:30,2019-12-20 00:00:00+05:30,11.600000381469727,12.5,24146.959264165638,1873.4701217019792,7.75861714597843,UT Sell,189064.56963680766,289064.56963680766
JSL.NS,2019-12-20 00:00:00+05:30,2019-12-24 00:00:00+05:30,38.49650955200195,36.923213958740234,26595.171122463027,-1086.9054367770987,-4.086852578508382,Stop Loss,187977.66420003056,287977.66420003056
CANBK.NS,2019-12-20 00:00:00+05:30,2019-12-26 00:00:00+05:30,40.21721267700195,38.512351989746094,26595.171122463027,-1127.4043798529492,-4.239131888498027,Stop Loss,186850.2598201776,286850.25982017757
AARON.NS,2019-12-24 00:00:00+05:30,2019-12-27 00:00:00+05:30,12.3973388671875,12.333697319030762,25508.26568568593,-130.94628907234073,-0.513348460008467,UT Sell,186719.31353110526,286719.3135311053
DPABHUSHAN.NS,2019-12-09 00:00:00+05:30,2019-12-31 00:00:00+05:30,44.80337905883789,47.88983154296875,28995.737278605164,1997.4824942384148,6.888883269446233,UT Sell,188716.79602534368,288716.7960253437
MAGNUM.NS,2019-12-26 00:00:00+05:30,2020-01-03 00:00:00+05:30,3.7665529251098633,3.480484962463379,25467.766742610078,-1934.2651729769204,-7.594954015896116,Stop Loss,186782.53085236676,286782.53085236676
CHENNPETRO.NS,2019-12-12 00:00:00+05:30,2020-01-06 00:00:00+05:30,99.86097717285156,100.73350524902344,27082.704967137604,236.63317876015572,0.8737427780839635,UT Sell,187019.16403112691,287019.1640311269
MAHABANK.NS,2019-12-20 00:00:00+05:30,2020-01-06 00:00:00+05:30,10.276407241821289,10.710012435913086,26595.171122463027,1122.1630347160462,4.219424005767114,UT Sell,188141.32706584295,288141.3270658429
MBAPL.NS,2019-12-04 00:00:00+05:30,2020-01-07 00:00:00+05:30,17.233949661254883,18.489564895629883,34681.10855385092,2526.764270591324,7.2857079140590475,UT Sell,190668.09133643427,290668.09133643424
DPABHUSHAN.NS,2020-01-06 00:00:00+05:30,2020-01-08 00:00:00+05:30,52.71864318847656,52.220829010009766,27518.336151538417,-259.8514884966862,-0.9442848835980899,UT Sell,190408.2398479376,290408.2398479376
IZMO.NS,2020-01-03 00:00:00+05:30,2020-01-14 00:00:00+05:30,25.350000381469727,24.850000381469727,23533.501569633157,-464.17162160746375,-1.9723865580904998,UT Sell,189944.06822633013,289944.0682263301
MARINE.NS,2020-01-06 00:00:00+05:30,2020-01-20 00:00:00+05:30,19.99414825439453,19.646854400634766,27518.336151538417,-477.9873035613782,-1.736977486317448,UT Sell,189466.08092276874,289466.08092276874
DALMIASUG.NS,2020-01-07 00:00:00+05:30,2020-01-21 00:00:00+05:30,115.24797821044922,108.635009765625,37207.872824442245,-2135.000480769908,-5.7380342349681595,Stop Loss,187331.08044199884,287331.08044199884
SARVESHWAR.NS,2020-01-21 00:00:00+05:30,2020-01-22 00:00:00+05:30,0.5333330035209656,0.5066660046577454,35072.87234367234,-1753.6665474365582,-5.000065378885166,Stop Loss,185577.41389456228,285577.4138945623
KHAITANLTD.NS,2020-01-08 00:00:00+05:30,2020-01-22 00:00:00+05:30,20.399999618530273,20.899999618530273,27258.48466304173,668.1001267833744,2.45098043798897,UT Sell,186245.51402134565,286245.51402134565
LAGNAM.NS,2020-01-20 00:00:00+05:30,2020-01-23 00:00:00+05:30,10.015216827392578,9.77330207824707,27040.34884797704,-653.152030665362,-2.4154719095431654,UT Sell,185592.36199068028,285592.3619906803
MBAPL.NS,2020-01-22 00:00:00+05:30,2020-01-27 00:00:00+05:30,17.726348876953125,17.480148315429688,30622.895293030444,-425.320186855839,-1.388896062197753,UT Sell,185167.04180382442,285167.0418038244
KRISHANA.NS,2020-01-23 00:00:00+05:30,2020-01-29 00:00:00+05:30,26.554357528686523,26.111783981323242,26387.196817311677,-439.7875297037317,-1.6666701383574067,UT Sell,184727.2542741207,284727.25427412067
FIEMIND.NS,2019-11-15 00:00:00+05:30,2020-01-30 00:00:00+05:30,163.55731201171875,214.06602478027344,28070.840551825277,8668.655685063197,30.881354154888395,UT Sell,193395.9099591839,293395.9099591839
GOODLUCK.NS,2019-12-27 00:00:00+05:30,2020-01-30 00:00:00+05:30,46.340946197509766,48.52455520629883,25377.319396613588,1195.7922269688315,4.7120509785931075,UT Sell,194591.70218615272,294591.7021861527
SUPREMEINF.NS,2019-12-31 00:00:00+05:30,2020-01-30 00:00:00+05:30,8.399999618530273,21.149999618530273,30993.21977284358,47043.282148731385,151.78572117876877,UT Sell,241634.9843348841,341634.9843348841
DPABHUSHAN.NS,2020-01-14 00:00:00+05:30,2020-02-03 00:00:00+05:30,50.72738265991211,59.73783874511719,23069.329948025694,4097.6918877397475,17.762509344535317,UT Sell,245732.67622262385,345732.67622262385
CGPOWER.NS,2020-01-27 00:00:00+05:30,2020-02-03 00:00:00+05:30,9.58207893371582,8.594236373901367,30197.575106174605,-3113.150089810919,-10.309271783794195,Stop Loss,242619.52613281293,342619.52613281296
GRAVITA.NS,2020-01-29 00:00:00+05:30,2020-02-03 00:00:00+05:30,58.61891555786133,55.5836296081543,25947.409287607945,-1343.5561898826672,-5.177997444717263,Stop Loss,241275.96994293027,341275.9699429303
SARVESHWAR.NS,2020-01-30 00:00:00+05:30,2020-02-03 00:00:00+05:30,0.550000011920929,0.5283330082893372,47116.36992734861,-1856.1282476300184,-3.9394551203585704,UT Sell,239419.84169530025,339419.84169530025
AARON.NS,2020-02-03 00:00:00+05:30,2020-02-05 00:00:00+05:30,12.435523986816406,12.371881484985352,31028.885407393256,-158.7995727762791,-0.5117798164237075,UT Sell,239261.04212252397,339261.042122524
GLOBAL.NS,2019-12-12 00:00:00+05:30,2020-02-06 00:00:00+05:30,3.613039255142212,3.803088665008545,27082.704967137604,1424.5768543098566,5.260098118110612,UT Sell,240685.61897683382,340685.6189768338
INDIANHUME.NS,2020-01-30 00:00:00+05:30,2020-02-10 00:00:00+05:30,228.6018524169922,224.4342498779297,47116.36992734861,-858.9707426449095,-1.8230834505489457,UT Sell,239826.6482341889,339826.6482341889
VESUVIUS.NS,2019-08-21 00:00:00+05:30,2020-02-12 00:00:00+05:30,91.35406494140625,109.67420196533203,28684.851397010952,5752.4578511229665,20.053992162993705,UT Sell,245579.10608531188,345579.10608531185
NAHARCAP.NS,2020-02-03 00:00:00+05:30,2020-02-12 00:00:00+05:30,72.6516342163086,71.68743896484375,31028.885407393253,-411.79946316114,-1.327148744643658,UT Sell,245167.30662215073,345167.3066221507
MBAPL.NS,2020-02-12 00:00:00+05:30,2020-02-14 00:00:00+05:30,17.578630447387695,16.741552352905273,32527.197596183018,-1548.915011562367,-4.761907345329153,Stop Loss,243618.39161058835,343618.39161058835
PAR.NS,2020-02-12 00:00:00+05:30,2020-02-17 00:00:00+05:30,18.393861770629883,17.764596939086914,32527.197596183018,-1112.7745642086593,-3.4210588259814934,UT Sell,242505.6170463797,342505.6170463797
SUPREMEINF.NS,2020-02-06 00:00:00+05:30,2020-02-18 00:00:00+05:30,21.0,19.649999618530273,28507.28182144746,-1832.6114920770997,-6.428573245093938,Stop Loss,240673.0055543026,340673.0055543026
JPOLYINVST.NS,2020-02-14 00:00:00+05:30,2020-02-18 00:00:00+05:30,12.899999618530273,12.0,30978.28258462065,-2161.2746770032936,-6.97674143522814,Stop Loss,238511.7308772993,338511.7308772993
NEXTMEDIA.NS,2020-02-18 00:00:00+05:30,2020-02-20 00:00:00+05:30,7.349999904632568,7.050000190734863,27745.83911849386,-1132.4821640002483,-4.081628813472782,Stop Loss,237379.24871329905,337379.24871329905
IZMO.NS,2020-02-17 00:00:00+05:30,2020-02-25 00:00:00+05:30,27.350000381469727,25.149999618530273,31414.42303197436,-2526.9379771003987,-8.04387836290491,Stop Loss,234852.31073619865,334852.3107361987
ZENITHSTL.NS,2020-02-18 00:00:00+05:30,2020-02-25 00:00:00+05:30,0.5,0.44999998807907104,27745.83911849386,-2774.584573361739,-10.000002384185791,Stop Loss,232077.72616283692,332077.7261628369
GREENPOWER.NS,2020-02-03 00:00:00+05:30,2020-02-26 00:00:00+05:30,1.8415499925613403,1.7494720220565796,31028.885407393253,-1551.452204326939,-5.000025569585165,Stop Loss,230526.27395850996,330526.27395850996
KHAITANLTD.NS,2020-02-25 00:00:00+05:30,2020-02-26 00:00:00+05:30,20.200000762939453,19.200000762939453,26929.36980000304,-1333.137068460408,-4.950494862528321,Stop Loss,229193.13689004956,329193.13689004956
MAGADSUGAR.NS,2019-12-04 00:00:00+05:30,2020-02-27 00:00:00+05:30,87.5969009399414,101.49555206298828,34681.10855385092,5502.71326015261,15.86660141387437,UT Sell,234695.85015020217,334695.85015020217
USHAMART.NS,2020-02-26 00:00:00+05:30,2020-02-27 00:00:00+05:30,25.61937713623047,24.129318237304688,27536.832967304472,-1601.5808188068258,-5.8161402246527105,Stop Loss,233094.26933139534,333094.26933139534
KIRIINDUS.NS,2020-02-10 00:00:00+05:30,2020-02-28 00:00:00+05:30,400.9270324707031,381.59503173828125,46257.3991847037,-2230.4509361911623,-4.82182521175708,Stop Loss,230863.81839520417,330863.81839520414
PFC.NS,2020-02-05 00:00:00+05:30,2020-02-28 00:00:00+05:30,62.1115837097168,59.859893798828125,30870.085834616977,-1119.1126786741406,-3.6252334530900265,UT Sell,229744.70571653004,329744.70571653004
ZENTEC.NS,2020-02-25 00:00:00+05:30,2020-02-28 00:00:00+05:30,59.779754638671875,54.6288948059082,26929.36980000304,-2320.3408923786847,-8.61639507203924,Stop Loss,227424.36482415136,327424.3648241514
INFOBEAN.NS,2020-01-22 00:00:00+05:30,2020-02-28 00:00:00+05:30,19.178043365478516,28.74508285522461,30622.895293030444,15276.347173463182,49.885378333053865,UT Sell,242700.71199761453,342700.71199761453
MOKSH.NS,2020-02-03 00:00:00+05:30,2020-02-28 00:00:00+05:30,5.1969170570373535,6.284180164337158,31028.885407393253,6491.6491823566685,20.921309602728755,UT Sell,249192.3611799712,349192.3611799712
PASHUPATI.NS,2020-02-28 00:00:00+05:30,2020-03-03 00:00:00+05:30,6.58180570602417,6.18980073928833,36361.34547366465,-2165.640959262608,-5.95588785577561,Stop Loss,247026.72022070858,347026.7202207086
SHEKHAWATI.NS,2020-03-02 00:00:00+05:30,2020-03-04 00:00:00+05:30,0.4000000059604645,0.3499999940395355,36361.34547366465,-4545.1692001323245,-12.50000279396768,Stop Loss,242481.55102057627,342481.55102057627
DPABHUSHAN.NS,2020-03-03 00:00:00+05:30,2020-03-04 00:00:00+05:30,65.21379852294922,63.91948318481445,34195.704514402045,-678.6911030146366,-1.9847261890124201,UT Sell,241802.85991756164,341802.85991756164
GLOBAL.NS,2020-03-04 00:00:00+05:30,2020-03-06 00:00:00+05:30,3.5898115634918213,3.351194381713867,32666.59484245987,-2171.370463804509,-6.6470670551256,Stop Loss,239631.48945375712,339631.4894537571
SUZLON.NS,2020-02-20 00:00:00+05:30,2020-03-09 00:00:00+05:30,2.249624013900757,2.0200700759887695,26613.35695449361,-2715.6541947506485,-10.20410239638001,Stop Loss,236915.83525900648,336915.8352590065
PAR.NS,2020-02-27 00:00:00+05:30,2020-03-09 00:00:00+05:30,18.10343360900879,19.119935989379883,33059.53698125059,1856.2831096684677,5.614970078743808,UT Sell,238772.11836867494,338772.11836867494
MANAKCOAT.NS,2020-02-27 00:00:00+05:30,2020-03-11 00:00:00+05:30,3.433181047439575,3.0848872661590576,33059.53698125059,-3353.8665696556236,-10.144929045914164,Stop Loss,235418.25179901932,335418.2517990193
BPCL.NS,2020-03-09 00:00:00+05:30,2020-03-11 00:00:00+05:30,135.90968322753906,129.67294311523438,29406.76142533101,-1349.4426901671577,-4.588885768987616,Stop Loss,234068.80910885215,334068.8091088522
THOMASCOTT.NS,2020-02-28 00:00:00+05:30,2020-03-12 00:00:00+05:30,4.099999904632568,4.0,36361.34547366465,-886.8612595746381,-2.439022120941492,UT Sell,233181.94784927752,333181.9478492775
SIKKO.NS,2020-02-28 00:00:00+05:30,2020-03-12 00:00:00+05:30,0.44131675362586975,0.39850208163261414,36361.34547366465,-3527.6228851447377,-9.701574128217239,Stop Loss,229654.3249641328,329654.3249641328
MACPOWER.NS,2020-03-11 00:00:00+05:30,2020-03-12 00:00:00+05:30,49.98054122924805,47.51535415649414,28881.49457337941,-1424.5201294947692,-4.932293672945076,Stop Loss,228229.80483463802,328229.804834638
SHRADHA.NS,2020-03-11 00:00:00+05:30,2020-03-13 00:00:00+05:30,4.976630210876465,4.47896671295166,28881.49457337941,-2888.15222462609,-10.000009581526815,Stop Loss,225341.65261001192,325341.6526100119
JYOTISTRUC.NS,2020-03-09 00:00:00+05:30,2020-03-13 00:00:00+05:30,1.649999976158142,1.5499999523162842,29406.76142533101,-1782.2284158403418,-6.060607593140565,Stop Loss,223559.4241941716,323559.42419417156
TATASTEEL.NS,2020-03-13 00:00:00+05:30,2020-03-16 00:00:00+05:30,27.414283752441406,24.301122665405273,29365.332380643427,-3334.721815125293,-11.355981849275521,Stop Loss,220224.7023790463,320224.7023790463
GESHIP.NS,2020-03-13 00:00:00+05:30,2020-03-16 00:00:00+05:30,188.10646057128906,172.35113525390625,29365.332380643424,-2459.566584289496,-8.375749173916237,Stop Loss,217765.13579475682,317765.1357947568
SAIL.NS,2020-03-13 00:00:00+05:30,2020-03-16 00:00:00+05:30,25.08502769470215,23.132558822631836,29365.332380643427,-2285.622248019823,-7.783403294717772,Stop Loss,215479.513546737,315479.513546737
MBAPL.NS,2020-03-04 00:00:00+05:30,2020-03-17 00:00:00+05:30,17.578630447387695,16.827720642089844,32666.59484245987,-1395.425340234091,-4.27171961743722,Stop Loss,214084.0882065029,314084.0882065029
ALMONDZ.NS,2020-03-13 00:00:00+05:30,2020-03-17 00:00:00+05:30,2.7083330154418945,2.616666078567505,29365.332380643424,-993.906603908792,-3.3846257587873962,UT Sell,213090.1816025941,313090.1816025941
NAGREEKCAP.NS,2020-03-16 00:00:00+05:30,2020-03-17 00:00:00+05:30,6.650000095367432,6.199999809265137,26672.028831498556,-1804.8752530792008,-6.766921498479029,Stop Loss,211285.3063495149,311285.30634951487
BANCOINDIA.NS,2020-03-12 00:00:00+05:30,2020-03-18 00:00:00+05:30,30.112855911254883,28.288211822509766,31921.727082164856,-1934.2499693374193,-6.059352504201188,Stop Loss,209351.05638017747,309351.0563801775
REPL.NS,2020-03-16 00:00:00+05:30,2020-03-18 00:00:00+05:30,33.9210319519043,33.523712158203125,26672.02883149856,-312.41163322944703,-1.1713080965948253,UT Sell,209038.64474694803,309038.64474694803
KMSUGAR.NS,2020-03-17 00:00:00+05:30,2020-03-18 00:00:00+05:30,5.858956813812256,5.5610432624816895,27795.444422219578,-1413.3300213296607,-5.084754177198358,Stop Loss,207625.31472561837,307625.31472561834
INDIANHUME.NS,2020-03-17 00:00:00+05:30,2020-03-18 00:00:00+05:30,143.02413940429688,134.64158630371094,27795.44442221958,-1629.0731745989506,-5.860935878027107,Stop Loss,205996.24155101943,305996.2415510194
SARVESHWAR.NS,2020-03-17 00:00:00+05:30,2020-03-18 00:00:00+05:30,0.3700000047683716,0.35166600346565247,27795.44442221958,-1377.3019126463332,-4.9551354233621225,Stop Loss,204618.9396383731,304618.9396383731
ONGC.NS,2020-03-18 00:00:00+05:30,2020-03-19 00:00:00+05:30,45.649757385253906,40.893863677978516,27062.744493836064,-2819.4571803225517,-10.418223402895176,Stop Loss,201799.48245805054,301799.48245805054
INDIANCARD.NS,2020-03-18 00:00:00+05:30,2020-03-19 00:00:00+05:30,77.665771484375,73.7992935180664,27062.744493836064,-1347.2795453310791,-4.978355190981986,Stop Loss,200452.20291271945,300452.20291271945
SJVN.NS,2020-03-18 00:00:00+05:30,2020-03-19 00:00:00+05:30,16.791759490966797,15.4249906539917,27062.744493836064,-2202.7778469011937,-8.139521279532126,Stop Loss,198249.42506581827,298249.42506581824
KRISHANA.NS,2020-03-18 00:00:00+05:30,2020-03-20 00:00:00+05:30,24.882413864135742,24.58736801147461,27062.744493836064,-320.8993535809277,-1.1857605707876973,UT Sell,197928.52571223734,297928.52571223734
DPABHUSHAN.NS,2020-03-20 00:00:00+05:30,2020-03-23 00:00:00+05:30,57.4976692199707,51.822574615478516,26741.845140255136,-2639.454835795601,-9.870129835664809,Stop Loss,195289.07087644175,295289.0708764418
NAHARCAP.NS,2020-03-19 00:00:00+05:30,2020-03-23 00:00:00+05:30,53.22322463989258,47.9683952331543,24939.572969651123,-2462.3311029935066,-9.873188710929048,Stop Loss,192826.73977344824,292826.7397734482
MAGNUM.NS,2020-03-06 00:00:00+05:30,2020-03-24 00:00:00+05:30,2.765316963195801,3.337451934814453,30495.22437865536,6309.361482462016,20.689670632094614,UT Sell,199136.10125591024,299136.10125591024
LAXMICOT.NS,2020-03-18 00:00:00+05:30,2020-03-25 00:00:00+05:30,7.25,7.050000190734863,27062.74449383606,-746.5577568218396,-2.758618058829476,UT Sell,198389.5434990884,298389.5434990884
ZENITHSTL.NS,2020-03-19 00:00:00+05:30,2020-03-26 00:00:00+05:30,0.3499999940395355,0.30000001192092896,24939.57296965112,-3562.794925040438,-14.285709420028914,Stop Loss,194826.74857404796,294826.74857404793
NIBL.NS,2020-02-26 00:00:00+05:30,2020-03-30 00:00:00+05:30,4.400000095367432,5.599999904632568,27536.832967304472,7510.043998254019,27.27272234672369,UT Sell,202336.792572302,302336.792572302
GLOBAL.NS,2020-03-30 00:00:00+05:30,2020-04-03 00:00:00+05:30,2.3185951709747314,2.1116535663604736,35046.87696555849,-3128.039360541814,-8.925301286091269,Stop Loss,199208.75321176017,299208.7532117602
EUROTEXIND.NS,2020-03-19 00:00:00+05:30,2020-04-20 00:00:00+05:30,7.550000190734863,8.600000381469727,24939.57296965112,3468.4179752889395,13.907286943163166,UT Sell,202677.1711870491,302677.1711870491
FIEMIND.NS,2020-04-03 00:00:00+05:30,2020-04-21 00:00:00+05:30,120.176025390625,135.38584899902344,31918.837605016677,4039.739941301894,12.656287773671849,UT Sell,206716.911128351,306716.911128351
INDIANB.NS,2020-04-20 00:00:00+05:30,2020-04-21 00:00:00+05:30,47.08687973022461,44.33249282836914,28407.99094494006,-1661.7494855269797,-5.849584677592167,Stop Loss,205055.161642824,305055.161642824
TARACHAND.NS,2020-03-24 00:00:00+05:30,2020-04-22 00:00:00+05:30,5.826907157897949,6.466493606567383,30047.200973337975,3298.1103083040653,10.976431086644656,UT Sell,208353.2719511281,308353.2719511281
FORCEMOT.NS,2020-03-26 00:00:00+05:30,2020-05-04 00:00:00+05:30,680.145263671875,802.4049072265625,21376.77804461068,3842.5868761803504,17.975519361062496,UT Sell,212195.85882730843,312195.8588273084
MUTHOOTFIN.NS,2020-04-22 00:00:00+05:30,2020-05-04 00:00:00+05:30,695.0170288085938,716.8763427734375,33345.31128164204,1048.7593804864882,3.1451479688656248,UT Sell,213244.6182077949,313244.6182077949
LEXUS.NS,2020-04-21 00:00:00+05:30,2020-05-14 00:00:00+05:30,5.300000190734863,7.599999904632568,31352.409502865827,13605.760432358911,43.396219455207266,UT Sell,226850.37864015382,326850.3786401538
BHARATWIRE.NS,2020-04-21 00:00:00+05:30,2020-05-15 00:00:00+05:30,15.850000381469727,16.450000762939453,31352.409502865827,1186.8427261179822,3.7854912746323244,UT Sell,228037.2213662718,328037.22136627184
SERVOTECH.NS,2020-05-04 00:00:00+05:30,2020-05-19 00:00:00+05:30,1.6233973503112793,1.6329467296600342,29806.717791459778,175.33332506508668,0.5882342574307975,UT Sell,228212.5546913369,328212.55469133693
PATANJALI.NS,2020-01-30 00:00:00+05:30,2020-05-19 00:00:00+05:30,6.397705554962158,219.2356719970703,47116.36992734862,1567460.752189977,3326.7859018148747,UT Sell,1795673.306881314,1895673.306881314
MAGNUM.NS,2020-05-14 00:00:00+05:30,2020-05-20 00:00:00+05:30,2.6222829818725586,2.4315719604492188,44958.16993522474,-3269.6770596238784,-7.2727094192997495,Stop Loss,1792403.62982169,1892403.62982169
TREJHARA.NS,2020-05-19 00:00:00+05:30,2020-05-26 00:00:00+05:30,5.467647075653076,5.169411659240723,822279.5866169253,-44851.63206931832,-5.454547674453392,Stop Loss,1747551.9977523717,1847551.9977523717
NAGREEKCAP.NS,2020-05-26 00:00:00+05:30,2020-06-01 00:00:00+05:30,5.300000190734863,5.449999809265137,777427.954547607,22002.62121136696,2.830181379851515,UT Sell,1769554.6189637387,1869554.6189637387
AARVI.NS,2020-05-19 00:00:00+05:30,2020-06-04 00:00:00+05:30,19.4724063873291,18.94133949279785,822279.5866169253,-22425.86035926442,-2.7272792276809787,UT Sell,1747128.7586044744,1847128.7586044744
BCG.NS,2020-05-15 00:00:00+05:30,2020-06-26 00:00:00+05:30,2.355587959289551,4.664065837860107,32539.25222898381,31888.490370146035,98.00007125468571,UT Sell,1779017.2489746204,1879017.2489746204
KOHINOOR.NS,2020-03-25 00:00:00+05:30,2020-07-01 00:00:00+05:30,5.150000095367432,13.699999809265137,26316.18673701422,43689.977651601796,166.019408846005,UT Sell,1822707.2266262223,1922707.2266262223
KMSUGAR.NS,2020-06-26 00:00:00+05:30,2020-07-01 00:00:00+05:30,9.33460807800293,8.887739181518555,64427.742599129844,-3084.3024150203055,-4.787227195295163,Stop Loss,1819622.924211202,1919622.924211202
NEXTMEDIA.NS,2020-06-04 00:00:00+05:30,2020-07-08 00:00:00+05:30,3.549999952316284,5.849999904632568,799853.7262576609,518215.08646846283,64.7887319214073,UT Sell,2337838.010679665,2437838.010679665
CANBK.NS,2020-07-01 00:00:00+05:30,2020-07-14 00:00:00+05:30,18.44746208190918,17.643115997314453,65674.80228636277,-2863.552169995928,-4.360199148388666,Stop Loss,2334974.458509669,2434974.458509669
SHRADHA.NS,2020-07-01 00:00:00+05:30,2020-07-20 00:00:00+05:30,4.285431385040283,4.3130784034729,65674.80228636277,423.6942109743977,0.6451396825329692,UT Sell,2335398.1527206437,2435398.1527206437
ADROITINFO.NS,2020-07-14 00:00:00+05:30,2020-07-23 00:00:00+05:30,6.703225135803223,6.385704040527344,62811.25011636684,-2975.268848732492,-4.736840682553501,Stop Loss,2332422.883871911,2432422.883871911
INDSWFTLAB.NS,2020-03-17 00:00:00+05:30,2020-07-27 00:00:00+05:30,18.200000762939453,34.25,27795.44442221958,24511.91445435585,88.18680529806933,UT Sell,2356934.798326267,2456934.798326267
JPOLYINVST.NS,2020-07-23 00:00:00+05:30,2020-07-27 00:00:00+05:30,14.75,14.050000190734863,59835.98126763435,-2839.6729135278874,-4.745761418746685,Stop Loss,2354095.125412739,2454095.125412739
BBTCL.NS,2020-03-24 00:00:00+05:30,2020-07-29 00:00:00+05:30,32.90526580810547,28.485158920288086,30047.200973337975,-4036.1880300984885,-13.432825352617538,Stop Loss,2350058.9373826403,2450058.9373826403
DBREALTY.NS,2020-05-04 00:00:00+05:30,2020-07-30 00:00:00+05:30,4.400000095367432,6.75,29806.717791459778,15919.49601116794,53.40908758403848,UT Sell,2365978.433393808,2465978.433393808
UNITEDTEA.NS,2020-07-27 00:00:00+05:30,2020-08-03 00:00:00+05:30,310.1947326660156,284.0064392089844,54651.83361534095,-4613.999226816006,-8.44253325385379,Stop Loss,2361364.434166992,2461364.434166992
KARURVYSYA.NS,2020-07-30 00:00:00+05:30,2020-08-04 00:00:00+05:30,26.43404197692871,24.666650772094727,45726.21380262772,-3057.273956652476,-6.6860422116925555,Stop Loss,2358307.16021034,2458307.16021034
SHAHALLOYS.NS,2020-08-03 00:00:00+05:30,2020-08-20 00:00:00+05:30,7.199999809265137,6.75,50037.83438852494,-3127.363406579716,-6.249997516473071,Stop Loss,2355179.79680376,2455179.79680376
PTL.NS,2020-07-08 00:00:00+05:30,2020-08-31 00:00:00+05:30,13.156126022338867,16.083723068237305,1318068.8127261237,293306.27844973,22.252728811866284,UT Sell,2648486.07525349,2748486.07525349
ERIS.NS,2020-07-27 00:00:00+05:30,2020-08-31 00:00:00+05:30,410.1197814941406,470.0616455078125,54651.83361534095,7987.746327996603,14.615696856975013,UT Sell,2656473.8215814866,2756473.8215814866
PFC.NS,2020-07-29 00:00:00+05:30,2020-08-31 00:00:00+05:30,45.77684020996094,51.437400817871094,26011.012943239486,3216.406256155362,12.365555555925912,UT Sell,2659690.227837642,2759690.227837642
KOTHARIPET.NS,2020-08-20 00:00:00+05:30,2020-08-31 00:00:00+05:30,15.53232479095459,14.903289794921875,46910.470981945226,-1899.801113173031,-4.049844466290331,Stop Loss,2657790.4267244693,2757790.4267244693
WEWIN.NS,2020-03-23 00:00:00+05:30,2020-09-07 00:00:00+05:30,19.600000381469727,19.0,23289.816085558574,-712.9539930471728,-3.061226376490178,UT Sell,2657077.472731422,2757077.472731422
NAGREEKCAP.NS,2020-08-31 00:00:00+05:30,2020-09-07 00:00:00+05:30,5.699999809265137,5.5,437063.19004683953,-15335.536416000221,-3.508768701010212,UT Sell,2641741.936315422,2741741.936315422
ZENITHSTL.NS,2020-09-01 00:00:00+05:30,2020-09-07 00:00:00+05:30,1.100000023841858,1.100000023841858,437063.19004683953,0.0,0.0,UT Sell,2641741.936315422,2741741.936315422
INDOTHAI.NS,2020-05-20 00:00:00+05:30,2020-09-09 00:00:00+05:30,1.483536720275879,1.6104179620742798,41688.49287560086,3565.4579171969453,8.552618891348107,UT Sell,2645307.394232619,2745307.394232619
BLS.NS,2020-07-20 00:00:00+05:30,2020-09-15 00:00:00+05:30,16.267120361328125,25.37950325012207,66098.49649733717,37026.516991244906,56.01718488821685,UT Sell,2682333.911223864,2782333.911223864
DEVIT.NS,2020-09-07 00:00:00+05:30,2020-09-15 00:00:00+05:30,10.604089736938477,10.604089736938477,293789.23525673005,0.0,0.0,UT Sell,2682333.911223864,2782333.911223864
IRISDOREME.NS,2020-08-31 00:00:00+05:30,2020-09-17 00:00:00+05:30,6.3768181800842285,6.565255165100098,437063.19004683953,12915.354878874205,2.955031485833892,UT Sell,2695249.266102738,2795249.266102738
WEBELSOLAR.NS,2020-06-01 00:00:00+05:30,2020-09-21 00:00:00+05:30,1.5,1.9850000143051147,799430.575758974,258482.56045269908,32.333334287007645,UT Sell,2953731.8265554374,3053731.8265554374
INDIANHUME.NS,2020-09-09 00:00:00+05:30,2020-09-21 00:00:00+05:30,175.49073791503906,163.903076171875,45253.950792797805,-2988.1205159819074,-6.603004740212581,Stop Loss,2950743.7060394557,3050743.7060394557
DPABHUSHAN.NS,2020-09-15 00:00:00+05:30,2020-09-22 00:00:00+05:30,89.55697631835938,87.6155014038086,198457.12437265605,-4302.283802143153,-2.167865636339905,UT Sell,2946441.4222373124,3046441.4222373124
BCG.NS,2020-08-04 00:00:00+05:30,2020-09-24 00:00:00+05:30,3.1329329013824463,3.180044412612915,42668.93984597524,641.6346286442422,1.5037510445780722,UT Sell,2947083.0568659566,3047083.0568659566
PAR.NS,2020-09-07 00:00:00+05:30,2020-09-24 00:00:00+05:30,24.138042449951172,23.49237632751465,293789.2352567301,-7858.539346556994,-2.674890160522647,UT Sell,2939224.5175193995,3039224.5175193995
LAGNAM.NS,2020-09-21 00:00:00+05:30,2020-09-24 00:00:00+05:30,8.515353202819824,8.128291130065918,550089.4832442445,-25004.103824388003,-4.545461163322417,Stop Loss,2914220.4136950113,3014220.4136950113
CENTRALBK.NS,2020-09-22 00:00:00+05:30,2020-09-25 00:00:00+05:30,16.89833641052246,15.869744300842285,194154.8405705129,-11818.094528091315,-6.086943026176705,Stop Loss,2902402.31916692,3002402.31916692
TEMBO.NS,2020-09-15 00:00:00+05:30,2020-10-06 00:00:00+05:30,76.30750274658203,76.30750274658203,198457.12437265605,0.0,0.0,UT Sell,2902402.31916692,3002402.31916692
DEVIT.NS,2020-09-17 00:00:00+05:30,2020-10-08 00:00:00+05:30,10.800460815429688,12.371437072753906,449978.54492571374,65451.43049578968,14.545455829809594,UT Sell,2967853.74966271,3067853.74966271
SHAHALLOYS.NS,2020-10-06 00:00:00+05:30,2020-10-08 00:00:00+05:30,7.25,6.800000190734863,198457.12437265605,-12318.023188276245,-6.2068939208984375,Stop Loss,2955535.7264744337,3055535.7264744337
GABRIEL.NS,2020-09-25 00:00:00+05:30,2020-10-09 00:00:00+05:30,100.47218322753906,96.3294906616211,182336.74604242158,-7518.151373429777,-4.123223396605235,Stop Loss,2948017.575101004,3048017.575101004
MANAKCOAT.NS,2020-09-24 00:00:00+05:30,2020-10-16 00:00:00+05:30,4.08001184463501,3.980499744415283,284775.549934883,-6945.718332291464,-2.4390149835123554,UT Sell,2941071.8567687124,3041071.8567687124
NITCO.NS,2020-10-08 00:00:00+05:30,2020-10-16 00:00:00+05:30,17.950000762939453,17.100000381469727,350784.5383029416,-16610.973743622017,-4.735377968477216,Stop Loss,2924460.88302509,3024460.88302509
GESHIP.NS,2020-10-16 00:00:00+05:30,2020-10-20 00:00:00+05:30,194.5728302001953,185.135986328125,306001.69808095554,-14841.179245875392,-4.850031662879539,Stop Loss,2909619.703779215,3009619.703779215
TERASOFT.NS,2020-10-08 00:00:00+05:30,2020-10-22 00:00:00+05:30,28.084121704101562,26.737279891967773,350784.5383029416,-16822.718837863766,-4.7957412602192555,Stop Loss,2892796.984941351,2992796.984941351
SARVESHWAR.NS,2020-10-09 00:00:00+05:30,2020-10-26 00:00:00+05:30,0.33500000834465027,0.4433329999446869,174818.5946689918,56533.19664494431,32.3382056422467,UT Sell,2949330.1815862954,3049330.1815862954
ONWARDTEC.NS,2020-09-07 00:00:00+05:30,2020-10-29 00:00:00+05:30,59.75845718383789,58.011959075927734,293789.2352567301,-8586.271595362166,-2.9225957131679636,UT Sell,2940743.9099909333,3040743.9099909333
SRHHYPOLTD.NS,2020-10-26 00:00:00+05:30,2020-10-29 00:00:00+05:30,173.70846557617188,165.74720764160156,231351.79131393612,-10603.117574989272,-4.583114535128551,Stop Loss,2930140.792415944,3030140.792415944
GESHIP.NS,2020-10-22 00:00:00+05:30,2020-11-02 00:00:00+05:30,190.0199432373047,182.19735717773438,333961.81946507783,-13748.267833727994,-4.1167184487583715,Stop Loss,2916392.524582216,3016392.524582216
MAGNUM.NS,2020-09-24 00:00:00+05:30,2020-11-04 00:00:00+05:30,4.100297927856445,3.909585952758789,284775.549934883,-13245.40522254078,-4.651173608678638,Stop Loss,2903147.1193596753,3003147.1193596753
SUPREMEINF.NS,2020-11-04 00:00:00+05:30,2020-11-06 00:00:00+05:30,8.5,8.399999618530273,271530.14471234224,-3194.4844766781316,-1.176475076114425,UT Sell,2899952.6348829973,2999952.6348829973
SPECTRUM.NS,2020-09-21 00:00:00+05:30,2020-11-17 00:00:00+05:30,58.79467010498047,63.6942253112793,550089.4832442445,45840.784321898245,8.333332251971925,UT Sell,2945793.4192048954,3045793.4192048954
MBAPL.NS,2020-10-29 00:00:00+05:30,2020-11-25 00:00:00+05:30,14.899052619934082,17.119644165039062,252975.8187001574,37704.13988403411,14.904246610512374,UT Sell,2983497.5590889296,3083497.5590889296
VGL.NS,2020-11-25 00:00:00+05:30,2020-12-01 00:00:00+05:30,6.0,5.599999904632568,290679.9585841915,-19378.668525846268,-6.666668256123865,Stop Loss,2964118.8905630833,3064118.8905630833
NAGREEKCAP.NS,2020-12-01 00:00:00+05:30,2020-12-02 00:00:00+05:30,5.650000095367432,5.400000095367432,271301.29005834524,-12004.481658362783,-4.424778686375264,Stop Loss,2952114.4089047206,3052114.4089047206
SARVESHWAR.NS,2020-12-02 00:00:00+05:30,2020-12-09 00:00:00+05:30,0.4350000023841858,0.4350000023841858,259296.80839998246,0.0,0.0,UT Sell,2952114.4089047206,3052114.4089047206
BAFNAPH.NS,2020-03-02 00:00:00+05:30,2020-12-18 00:00:00+05:30,4.599999904632568,211.35000610351562,36361.34547366465,1634284.469116828,4494.565445331189,UT Sell,4586398.8780215485,4686398.8780215485
INDOTECH.NS,2020-11-06 00:00:00+05:30,2020-12-18 00:00:00+05:30,88.94999694824219,110.1500015258789,268335.6602356641,63954.1025352634,23.833620354110273,UT Sell,4650352.980556812,4750352.980556812
FMNL.NS,2020-12-09 00:00:00+05:30,2020-12-21 00:00:00+05:30,18.549999237060547,17.350000381469727,259296.80839998246,-16773.902217563504,-6.468996792158221,Stop Loss,4633579.078339249,4733579.078339249
SBIN.NS,2020-11-02 00:00:00+05:30,2020-12-21 00:00:00+05:30,180.89859008789062,235.01589965820312,320213.55163134984,95794.53269272891,29.91582717367742,UT Sell,4729373.611031977,4829373.611031977
KARURVYSYA.NS,2020-10-16 00:00:00+05:30,2020-12-21 00:00:00+05:30,23.360315322875977,33.96466827392578,306001.69808095554,138908.65620693745,45.394733780264154,UT Sell,4868282.267238915,4968282.267238915
HINDPETRO.NS,2020-10-29 00:00:00+05:30,2020-12-21 00:00:00+05:30,95.6067886352539,111.44366455078125,252975.8187001574,41904.41607308667,16.56459352059827,UT Sell,4910186.683312002,5010186.683312002
VADILALIND.NS,2020-08-31 00:00:00+05:30,2020-12-21 00:00:00+05:30,701.2476806640625,765.0110473632812,437063.1900468396,39741.47968845494,9.09284528953258,UT Sell,4949928.163000457,5049928.163000457
KIRIINDUS.NS,2020-12-18 00:00:00+05:30,2020-12-24 00:00:00+05:30,530.2999877929688,544.5499877929688,1001467.78868071,26911.024546867586,2.687158274188617,UT Sell,4976839.187547324,5076839.187547324
DEVIT.NS,2020-12-18 00:00:00+05:30,2020-12-30 00:00:00+05:30,12.764180183410645,12.360065460205078,1001467.78868071,-31706.531277894974,-3.166006099873042,UT Sell,4945132.656269429,5045132.656269429
ASHOKA.NS,2020-12-23 00:00:00+05:30,2020-12-30 00:00:00+05:30,94.25,90.1500015258789,375025.24986058584,-16314.089678358461,-4.350131007025038,Stop Loss,4928818.566591071,5028818.566591071
KIRIINDUS.NS,2020-12-30 00:00:00+05:30,2021-01-04 00:00:00+05:30,544.9000244140625,521.0499877929688,664236.2087925212,-29073.329408992548,-4.376956423655876,Stop Loss,4899745.237182079,4999745.237182079
NAGREEKCAP.NS,2021-01-04 00:00:00+05:30,2021-01-05 00:00:00+05:30,6.5,6.199999809265137,635162.8793835286,-29315.22845580976,-4.615387549767124,Stop Loss,4870430.008726269,4970430.008726269
NITCO.NS,2020-11-17 00:00:00+05:30,2021-01-11 00:00:00+05:30,18.149999618530273,26.799999237060547,595930.2675661427,284010.83721538924,47.658401103761136,UT Sell,5154440.845941658,5254440.845941658
SHAHALLOYS.NS,2021-01-05 00:00:00+05:30,2021-01-13 00:00:00+05:30,9.850000381469727,11.800000190734863,605847.6509277188,119939.36629437015,19.796951611632085,UT Sell,5274380.212236028,5374380.212236028
ABINFRA.NS,2021-01-11 00:00:00+05:30,2021-01-19 00:00:00+05:30,0.5855482816696167,0.6727575063705444,879941.104781532,131054.91713110963,14.893600994312827,UT Sell,5405435.129367137,5505435.129367137
MRPL.NS,2020-12-30 00:00:00+05:30,2021-01-21 00:00:00+05:30,33.98874282836914,36.92961120605469,664236.2087925212,57472.88952744682,8.65247765278012,UT Sell,5462908.018894584,5562908.018894584
ADROITINFO.NS,2020-12-21 00:00:00+05:30,2021-01-22 00:00:00+05:30,6.03290319442749,7.3735480308532715,375025.24986058584,83338.92465227848,22.222216952927674,UT Sell,5546246.943546862,5646246.943546862
IZMO.NS,2021-01-13 00:00:00+05:30,2021-01-22 00:00:00+05:30,49.04999923706055,45.95000076293945,725787.017222089,-45870.30949891219,-6.320078536879647,Stop Loss,5500376.63404795,5600376.63404795
MINDACORP.NS,2021-01-22 00:00:00+05:30,2021-01-25 00:00:00+05:30,90.35022735595703,85.89876556396484,569140.4411180206,-28040.957970510353,-4.926896060210839,Stop Loss,5472335.676077439,5572335.676077439
NAGREEKCAP.NS,2021-01-21 00:00:00+05:30,2021-01-28 00:00:00+05:30,6.300000190734863,6.300000190734863,721709.098319968,0.0,0.0,UT Sell,5472335.676077439,5572335.676077439
LAGNAM.NS,2020-12-23 00:00:00+05:30,2021-01-29 00:00:00+05:30,8.85403060913086,14.224509239196777,375025.2498605858,227474.37625010812,60.655749535443526,UT Sell,5699810.052327547,5799810.052327547
TPHQ.NS,2021-01-25 00:00:00+05:30,2021-01-29 00:00:00+05:30,0.27000001072883606,0.25999999046325684,541099.4831475102,-20040.761415390705,-3.703711062301529,UT Sell,5679769.290912157,5779769.290912157
MRPL.NS,2021-01-28 00:00:00+05:30,2021-01-29 00:00:00+05:30,36.399288177490234,34.61548614501953,721709.098319968,-35368.4432002682,-4.900650869249223,Stop Loss,5644400.847711889,5744400.847711889
JPOLYINVST.NS,2021-01-19 00:00:00+05:30,2021-02-01 00:00:00+05:30,26.149999618530273,30.149999618530273,1010996.0219126416,154645.6652636025,15.296367335950322,UT Sell,5799046.512975492,5899046.512975492
MAGNUM.NS,2021-01-29 00:00:00+05:30,2021-02-02 00:00:00+05:30,4.5770769119262695,4.100297927856445,603299.6676541711,-62843.73371230159,-10.416669705232707,Stop Loss,5736202.77926319,5836202.77926319
SIMPLEXINF.NS,2020-09-24 00:00:00+05:30,2021-02-05 00:00:00+05:30,29.149999618530273,37.650001525878906,284775.549934883,83039.20237700525,29.15952665037187,UT Sell,5819241.9816401955,5919241.9816401955
MAHSEAMLES.NS,2021-02-02 00:00:00+05:30,2021-02-05 00:00:00+05:30,133.55496215820312,133.67274475097656,540455.9339418695,476.62999675038736,0.08819035314757695,UT Sell,5819718.611636946,5919718.611636946
TARIL.NS,2021-02-05 00:00:00+05:30,2021-02-09 00:00:00+05:30,9.371112823486328,8.97127914428711,454373.6581252541,-19386.586724695982,-4.266661673276806,Stop Loss,5800332.02491225,5900332.02491225
BPL.NS,2021-02-05 00:00:00+05:30,2021-02-11 00:00:00+05:30,22.950000762939453,21.649999618530273,454373.6581252541,-25737.963220728037,-5.6644928156537215,Stop Loss,5774594.061691523,5874594.061691523
ABINFRA.NS,2021-02-09 00:00:00+05:30,2021-02-12 00:00:00+05:30,0.5730904936790466,0.5730904936790466,434987.0714005581,0.0,0.0,UT Sell,5774594.061691523,5874594.061691523
DPABHUSHAN.NS,2021-02-12 00:00:00+05:30,2021-02-16 00:00:00+05:30,115.69227600097656,109.32024383544922,434987.0714005581,-23957.965962477087,-5.507742077330691,Stop Loss,5750636.095729046,5850636.095729046
IIFL.NS,2021-01-22 00:00:00+05:30,2021-02-17 00:00:00+05:30,112.76628112792969,214.28671264648438,569140.4411180206,512381.7385749661,90.02729406619612,UT Sell,6263017.834304011,6363017.834304011
NITCO.NS,2021-01-29 00:00:00+05:30,2021-02-17 00:00:00+05:30,23.950000762939453,22.950000762939453,603299.6676541711,-25189.96444408165,-4.175365211459258,Stop Loss,6237827.86985993,6337827.86985993
RELINFRA.NS,2020-12-24 00:00:00+05:30,2021-02-18 00:00:00+05:30,26.75,30.649999618530273,1028378.8132275776,149931.84969316516,14.579437826281394,UT Sell,6387759.719553095,6487759.719553095
WEBELSOLAR.NS,2020-10-20 00:00:00+05:30,2021-02-18 00:00:00+05:30,2.049999952316284,3.5199999809265137,291160.51883508015,208783.405352832,71.70732013672898,UT Sell,6596543.124905927,6696543.124905927
NAGREEKCAP.NS,2021-02-18 00:00:00+05:30,2021-02-19 00:00:00+05:30,6.300000190734863,6.0,839127.2935543275,-39958.46674534213,-4.761907645273733,Stop Loss,6556584.658160585,6656584.658160585
KIRIINDUS.NS,2021-02-17 00:00:00+05:30,2021-02-22 00:00:00+05:30,486.70001220703125,458.6499938964844,829815.9414515381,-47824.84439757536,-5.763307500928317,Stop Loss,6508759.813763009,6608759.813763009
LAGNAM.NS,2021-02-11 00:00:00+05:30,2021-02-25 00:00:00+05:30,14.272891998291016,13.78906536102295,428635.69490452606,-14530.017245527357,-3.3898290362317507,UT Sell,6494229.796517482,6594229.796517482
MBAPL.NS,2021-02-17 00:00:00+05:30,2021-03-02 00:00:00+05:30,17.839162826538086,19.315420150756836,829815.9414515381,68670.36717098241,8.275373337714175,UT Sell,6562900.163688464,6662900.163688464
CCCL.NS,2021-02-16 00:00:00+05:30,2021-03-03 00:00:00+05:30,0.4000000059604645,0.3499999940395355,411029.105438081,-51378.649663780525,-12.50000279396768,Stop Loss,6511521.514024683,6611521.514024683
GESHIP.NS,2021-01-29 00:00:00+05:30,2021-03-05 00:00:00+05:30,215.7643280029297,254.58782958984375,603299.6676541711,108554.57814249257,17.993475541697013,UT Sell,6620076.092167176,6720076.092167176
THOMASCOTT.NS,2021-02-25 00:00:00+05:30,2021-03-05 00:00:00+05:30,6.900000095367432,6.900000095367432,414105.6776589987,0.0,0.0,UT Sell,6620076.092167176,6720076.092167176
SUPREMEINF.NS,2021-02-22 00:00:00+05:30,2021-03-08 00:00:00+05:30,13.899999618530273,13.75,781991.0970539628,-8438.7316166393,-1.0791339758765672,UT Sell,6611637.360550537,6711637.360550537
SARVESHWAR.NS,2021-03-05 00:00:00+05:30,2021-03-08 00:00:00+05:30,0.5316659808158875,0.5066660046577454,562979.9617278312,-26472.420896874042,-4.702195938844433,Stop Loss,6585164.939653663,6685164.939653663
USHAMART.NS,2021-03-05 00:00:00+05:30,2021-03-10 00:00:00+05:30,33.93486022949219,32.540931701660156,562979.9617278312,-23125.30017637124,-4.107659552463971,Stop Loss,6562039.639477292,6662039.639477292
CANBK.NS,2021-03-03 00:00:00+05:30,2021-03-12 00:00:00+05:30,28.99136734008789,27.452619552612305,359650.4557743005,-19088.832085613976,-5.307606810762177,Stop Loss,6542950.807391678,6642950.807391678
HILTON.NS,2021-03-08 00:00:00+05:30,2021-03-15 00:00:00+05:30,10.62274169921875,9.870689392089844,655029.9531341402,-46373.78950194176,-7.0796441109381,Stop Loss,6496577.017889736,6596577.017889736
MAGADSUGAR.NS,2021-02-18 00:00:00+05:30,2021-03-18 00:00:00+05:30,102.87812805175781,96.88301086425781,839127.2935543275,-48899.280686337734,-5.8273972330482815,Stop Loss,6447677.737203399,6547677.737203399
ASHOKA.NS,2021-02-01 00:00:00+05:30,2021-03-18 00:00:00+05:30,96.6500015258789,104.55000305175781,1165641.687176244,95277.50607282412,8.17382452266553,UT Sell,6542955.243276223,6642955.243276223
MGEL.NS,2020-12-22 00:00:00+05:30,2021-03-24 00:00:00+05:30,4.033283710479736,4.3309783935546875,375025.24986058584,27680.428880385472,7.38095072016498,UT Sell,6570635.672156608,6670635.672156608
BCG.NS,2021-03-02 00:00:00+05:30,2021-03-24 00:00:00+05:30,3.760199546813965,4.021985054016113,898486.3086225205,62552.715910044615,6.962011030078452,UT Sell,6633188.388066652,6733188.388066652
THOMASCOTT.NS,2021-03-12 00:00:00+05:30,2021-03-24 00:00:00+05:30,7.099999904632568,8.149999618530273,340561.6236886865,50364.73411842453,14.7887285633991,UT Sell,6683553.122185077,6783553.122185077
ATALREAL.NS,2021-03-18 00:00:00+05:30,2021-03-25 00:00:00+05:30,2.4666659832000732,2.4000000953674316,1025573.603058529,-27717.8893499471,-2.702671877209506,UT Sell,6655835.23283513,6755835.23283513
DVL.NS,2021-03-24 00:00:00+05:30,2021-03-25 00:00:00+05:30,91.49657440185547,87.46265411376953,584890.353693549,-25786.76938994031,-4.408821111016515,Stop Loss,6630048.463445189,6730048.463445189
NAGREEKCAP.NS,2021-03-24 00:00:00+05:30,2021-03-26 00:00:00+05:30,5.75,5.699999809265137,584890.3536935492,-5086.022477158112,-0.8695685345193604,UT Sell,6624962.440968031,6724962.440968031
REDINGTON.NS,2021-03-25 00:00:00+05:30,2021-03-26 00:00:00+05:30,74.76212310791016,68.84494018554688,778479.6490060952,-61614.17430397787,-7.914680156718578,Stop Loss,6563348.266664053,6663348.266664053
SUPREMEINF.NS,2021-03-15 00:00:00+05:30,2021-03-30 00:00:00+05:30,13.800000190734863,14.199999809265137,608656.1636321985,17642.19057275355,2.8985479203023967,UT Sell,6580990.457236807,6680990.457236807
KMSUGAR.NS,2021-03-25 00:00:00+05:30,2021-03-30 00:00:00+05:30,12.214434623718262,11.618608474731445,778479.6490060952,-37974.62147214066,-4.878049351787661,Stop Loss,6543015.835764666,6643015.835764666
CCCL.NS,2021-03-08 00:00:00+05:30,2021-04-05 00:00:00+05:30,0.44999998807907104,0.6000000238418579,655029.9531341402,218343.3755526077,33.33334216365132,UT Sell,6761359.211317274,6861359.211317274
ABINFRA.NS,2021-03-18 00:00:00+05:30,2021-04-05 00:00:00+05:30,0.5772424340248108,0.552325963973999,1025573.603058529,-44268.52992656571,-4.316465419404847,Stop Loss,6717090.681390708,6817090.681390708
ASHOKA.NS,2021-03-30 00:00:00+05:30,2021-04-05 00:00:00+05:30,101.0,96.25,683401.6908694534,-32140.178530989215,-4.702970297029707,Stop Loss,6684950.502859719,6784950.502859719
BCG.NS,2021-03-30 00:00:00+05:30,2021-04-12 00:00:00+05:30,3.902991771697998,3.6174068450927734,683401.6908694534,-50005.030280637904,-7.31707734246595,Stop Loss,6634945.472579082,6734945.472579082
SUNFLAG.NS,2021-03-26 00:00:00+05:30,2021-04-12 00:00:00+05:30,61.32535171508789,62.47208786010742,648334.9029592542,12123.355945110554,1.8699218397428385,UT Sell,6647068.828524192,6747068.828524192
JSL.NS,2021-03-24 00:00:00+05:30,2021-04-12 00:00:00+05:30,65.97997283935547,70.30652618408203,584890.353693549,38353.445858979016,6.557373637089281,UT Sell,6685422.2743831705,6785422.2743831705
DCI.NS,2021-02-19 00:00:00+05:30,2021-04-12 00:00:00+05:30,22.024999618530273,23.75,799168.8268089853,62590.99001047807,7.8320109482246325,UT Sell,6748013.264393648,6848013.264393648
APARINDS.NS,2020-12-23 00:00:00+05:30,2021-04-12 00:00:00+05:30,327.82080078125,431.82666015625,375025.2498605858,118982.1491074377,31.726436860363094,UT Sell,6866995.413501086,6966995.413501086
SUPREMEINF.NS,2021-04-05 00:00:00+05:30,2021-04-19 00:00:00+05:30,14.800000190734863,14.5,835313.3047190584,-16932.03699388902,-2.027028289652799,UT Sell,6850063.376507197,6950063.376507197
JMA.NS,2021-04-05 00:00:00+05:30,2021-04-19 00:00:00+05:30,28.932621002197266,32.58217239379883,835313.3047190586,105366.14824592706,12.613967436010732,UT Sell,6955429.5247531235,7055429.5247531235
NILASPACES.NS,2021-04-05 00:00:00+05:30,2021-04-19 00:00:00+05:30,1.4500000476837158,1.399999976158142,835313.3047190586,-28803.94731637044,-3.44828068146934,UT Sell,6926625.577436753,7026625.577436753
TIRUPATIFL.NS,2021-04-12 00:00:00+05:30,2021-04-19 00:00:00+05:30,2.9682998657226562,2.9568841457366943,654573.186966639,-2517.408803274855,-0.38458782812977876,UT Sell,6924108.168633478,7024108.168633478
NAGREEKCAP.NS,2021-04-12 00:00:00+05:30,2021-04-20 00:00:00+05:30,5.599999904632568,5.900000095367432,654573.186966639,35066.4436221635,5.357146354354225,UT Sell,6959174.612255641,7059174.612255641
LAXMICOT.NS,2021-03-26 00:00:00+05:30,2021-04-23 00:00:00+05:30,10.300000190734863,9.25,648334.9029592542,-66092.40380205435,-10.194176420301115,Stop Loss,6893082.208453587,6993082.208453587
THOMASCOTT.NS,2021-04-20 00:00:00+05:30,2021-04-23 00:00:00+05:30,7.5,7.150000095367432,689639.6305888025,-32183.17399158934,-4.66666539510091,Stop Loss,6860899.034461997,6960899.034461997
EUROTEXIND.NS,2021-04-13 00:00:00+05:30,2021-04-27 00:00:00+05:30,7.349999904632568,7.300000190734863,654573.186966639,-4452.853401101776,-0.6802682251218939,UT Sell,6856446.181060895,6956446.181060895
VESUVIUS.NS,2021-04-19 00:00:00+05:30,2021-04-28 00:00:00+05:30,102.16082000732422,100.26795959472656,804406.4640640519,-14904.237763120327,-1.8528242162327513,UT Sell,6841541.943297775,6941541.943297775
NAGREEKCAP.NS,2021-04-27 00:00:00+05:30,2021-04-28 00:00:00+05:30,6.099999904632568,5.800000190734863,650120.3335655372,-31973.10116687452,-4.918028173572164,Stop Loss,6809568.842130901,6909568.842130901
MOKSH.NS,2021-04-19 00:00:00+05:30,2021-05-03 00:00:00+05:30,10.094587326049805,9.376395225524902,804406.4640640519,-57230.50873126113,-7.114625663513319,Stop Loss,6752338.33339964,6852338.33339964
KIRIINDUS.NS,2021-04-28 00:00:00+05:30,2021-05-06 00:00:00+05:30,446.3999938964844,435.1000061035156,703824.7293497971,-17816.332792976056,-2.5313593072290863,UT Sell,6734522.000606664,6834522.000606664
SHAHALLOYS.NS,2021-03-10 00:00:00+05:30,2021-05-10 00:00:00+05:30,7.800000190734863,12.449999809265137,539854.6615514599,321836.39857572527,59.61537826696106,UT Sell,7056358.3991823895,7156358.3991823895
ANTGRAPHIC.NS,2021-04-19 00:00:00+05:30,2021-05-17 00:00:00+05:30,0.5,0.44999998807907104,804406.4640640519,-80440.66558494978,-10.000002384185791,Stop Loss,6975917.73359744,7075917.73359744
CAPLIPOINT.NS,2021-04-19 00:00:00+05:30,2021-05-19 00:00:00+05:30,481.8122863769531,578.3275146484375,804406.4640640519,161136.35060243926,20.031707575836744,UT Sell,7137054.084199879,7237054.084199879
GABRIEL.NS,2021-05-10 00:00:00+05:30,2021-05-28 00:00:00+05:30,103.23967742919922,114.83267211914062,861691.0601271852,96761.05285465647,11.229204680430893,UT Sell,7233815.137054536,7333815.137054536
SUPREMEINF.NS,2021-05-03 00:00:00+05:30,2021-06-07 00:00:00+05:30,14.449999809265137,15.899999618530273,747175.9553327907,74976.12505332893,10.034600888613276,UT Sell,7308791.262107864,7408791.262107864
LGBBROSLTD.NS,2021-05-17 00:00:00+05:30,2021-06-09 00:00:00+05:30,282.6769714355469,303.7599792480469,723965.7984791021,53995.82607597695,7.458339356556731,UT Sell,7362787.088183841,7462787.088183841
ABINFRA.NS,2021-05-28 00:00:00+05:30,2021-06-23 00:00:00+05:30,0.5357142686843872,0.8803993463516235,958452.1129818417,616679.7494768708,64.3412165432363,UT Sell,7979466.837660711,8079466.837660711
INDIANB.NS,2021-04-23 00:00:00+05:30,2021-06-29 00:00:00+05:30,93.7365493774414,126.61430358886719,619849.4778772065,217409.95286340103,35.07463676632643,UT Sell,8196876.790524112,8296876.790524112
KMSUGAR.NS,2021-04-23 00:00:00+05:30,2021-06-30 00:00:00+05:30,12.859912872314453,32.12495422363281,619849.4778772065,928577.5060424906,149.8069352615384,UT Sell,9125454.296566602,9225454.296566602
SPECTRUM.NS,2021-06-30 00:00:00+05:30,2021-07-05 00:00:00+05:30,53.89511489868164,52.18027114868164,1548426.983919697,-49268.10789248347,-3.1818166696995887,UT Sell,9076186.188674118,9176186.188674118
SARVESHWAR.NS,2021-06-29 00:00:00+05:30,2021-07-06 00:00:00+05:30,0.8999999761581421,0.8333330154418945,837259.4307406076,-62019.492285724264,-7.407440275813215,Stop Loss,9014166.696388394,9114166.696388394
DCI.NS,2021-06-23 00:00:00+05:30,2021-07-15 00:00:00+05:30,24.450000762939453,25.25,1575131.8624587124,51538.00609064824,3.271980417575948,UT Sell,9065704.702479042,9165704.702479042
NAGREEKCAP.NS,2021-07-05 00:00:00+05:30,2021-07-15 00:00:00+05:30,7.550000190734863,7.150000095367432,1499158.8760272136,-79425.65274603665,-5.298014374334715,Stop Loss,8986279.049733005,9086279.049733005
KELLTONTEC.NS,2021-07-15 00:00:00+05:30,2021-07-20 00:00:00+05:30,12.612876892089844,11.975761413574219,1523201.5459152688,-76941.62799687404,-5.051309736600951,Stop Loss,8909337.421736132,9009337.421736132
HINDZINC.NS,2021-07-15 00:00:00+05:30,2021-07-20 00:00:00+05:30,231.0017852783203,221.55409240722656,1523201.5459152688,-62297.095969384536,-4.089878725270801,Stop Loss,8847040.325766748,8947040.325766748
ASHOKA.NS,2021-06-09 00:00:00+05:30,2021-07-20 00:00:00+05:30,98.1500015258789,104.55000305175781,777961.624555079,50728.02350303542,6.520633139461984,UT Sell,8897768.349269783,8997768.349269783
FORCEMOT.NS,2021-06-07 00:00:00+05:30,2021-07-23 00:00:00+05:30,1192.8175048828125,1440.58447265625,822152.0803861197,170773.9257447474,20.77157375367149,UT Sell,9068542.27501453,9168542.27501453
NAGREEKCAP.NS,2021-07-20 00:00:00+05:30,2021-07-23 00:00:00+05:30,7.400000095367432,7.0,1245284.6719741311,-67312.70015267772,-5.405406624492349,Stop Loss,9001229.574861852,9101229.574861852
V2RETAIL.NS,2021-07-22 00:00:00+05:30,2021-07-23 00:00:00+05:30,12.949999809265137,12.324999809265137,1245284.6719741314,-60100.612466958584,-4.826254897338611,Stop Loss,8941128.962394893,9041128.962394893
SIKKO.NS,2021-07-23 00:00:00+05:30,2021-07-28 00:00:00+05:30,0.8892210125923157,0.8727536201477051,1118694.0124864979,-20716.979320300044,-1.8518897114907062,UT Sell,8920411.983074592,9020411.983074592
BBTCL.NS,2021-07-20 00:00:00+05:30,2021-07-30 00:00:00+05:30,76.61524963378906,76.7134780883789,1245284.6719741314,1596.580177407479,0.12821005616945325,UT Sell,8922008.563252,9022008.563252
RELINFRA.NS,2021-04-28 00:00:00+05:30,2021-08-04 00:00:00+05:30,34.95000076293945,73.5,703824.7293497971,776321.66486903,110.30042459380569,UT Sell,9698330.228121031,9798330.228121031
BAJAJHLDNG.NS,2021-07-06 00:00:00+05:30,2021-08-04 00:00:00+05:30,3555.21142578125,3679.37548828125,775239.9384548833,27074.884906361345,3.4924522800416913,UT Sell,9725405.113027392,9825405.113027392
KIRIINDUS.NS,2021-07-30 00:00:00+05:30,2021-08-05 00:00:00+05:30,579.7000122070312,543.5999755859375,1246881.2521515389,-77647.84874413675,-6.2273651648986235,Stop Loss,9647757.264283255,9747757.264283255
NAGREEKCAP.NS,2021-08-04 00:00:00+05:30,2021-08-05 00:00:00+05:30,8.449999809265137,8.100000381469727,1141230.6087900358,-47269.83065977809,-4.142005156161632,Stop Loss,9600487.433623476,9700487.433623476
RMDRIP.NS,2021-08-04 00:00:00+05:30,2021-08-06 00:00:00+05:30,1.2853891849517822,1.2708159685134888,1141230.6087900358,-12938.80550934188,-1.1337590675963405,UT Sell,9587548.628114134,9687548.628114134
PDMJEPAPER.NS,2021-08-05 00:00:00+05:30,2021-08-06 00:00:00+05:30,43.574363708496094,41.030921936035156,1131597.09076883,-66051.48223186866,-5.837014143169272,Stop Loss,9521497.145882266,9621497.145882266
INDIANHUME.NS,2021-05-19 00:00:00+05:30,2021-08-09 00:00:00+05:30,169.36172485351562,216.6699981689453,965542.8146664911,269707.7123742072,27.93327320936745,UT Sell,9791204.858256472,9891204.858256472
VOLTAMP.NS,2021-07-28 00:00:00+05:30,2021-08-10 00:00:00+05:30,1497.688720703125,1401.786865234375,1097977.0331661978,-70307.02260565665,-6.403323610778521,Stop Loss,9720897.835650817,9820897.835650817
TIMETECHNO.NS,2021-08-05 00:00:00+05:30,2021-08-10 00:00:00+05:30,42.630455017089844,40.051902770996094,1131597.09076883,-68445.95533651696,-6.048615350364084,Stop Loss,9652451.8803143,9752451.8803143
APARINDS.NS,2021-07-23 00:00:00+05:30,2021-08-10 00:00:00+05:30,583.3848266601562,598.5455932617188,1118694.0124864979,29072.163084819447,2.598759156688568,UT Sell,9681524.04339912,9781524.04339912
SRHHYPOLTD.NS,2021-08-06 00:00:00+05:30,2021-08-11 00:00:00+05:30,323.5265197753906,306.59332275390625,1096918.7059088275,-57412.11130574753,-5.23394404676325,Stop Loss,9624111.932093373,9724111.932093373
JMFINANCIL.NS,2021-08-06 00:00:00+05:30,2021-08-11 00:00:00+05:30,90.81258392333984,84.70149230957031,1096918.7059088275,-73815.438511529,-6.729344491428913,Stop Loss,9550296.493581843,9650296.493581843
NATCOPHARM.NS,2021-08-11 00:00:00+05:30,2021-08-17 00:00:00+05:30,975.0665893554688,931.2124633789062,1055417.019094123,-47467.92826093675,-4.497551906229358,Stop Loss,9502828.565320905,9602828.565320905
SBIN.NS,2021-07-23 00:00:00+05:30,2021-08-20 00:00:00+05:30,399.4069519042969,378.7335510253906,1118694.0124864979,-57903.873907801,-5.176024298109827,Stop Loss,9444924.691413105,9544924.691413105
ONGC.NS,2021-08-11 00:00:00+05:30,2021-08-20 00:00:00+05:30,85.6341781616211,80.65715789794922,1055417.019094123,-61340.36670196941,-5.811955425412652,Stop Loss,9383584.324711135,9483584.324711135
TATASTEEL.NS,2021-08-11 00:00:00+05:30,2021-08-20 00:00:00+05:30,125.52592468261719,121.0724105834961,1055417.019094123,-37444.970725150546,-3.5478839214938773,UT Sell,9346139.353985984,9446139.353985984
WEBELSOLAR.NS,2021-08-12 00:00:00+05:30,2021-08-23 00:00:00+05:30,7.025000095367432,6.235000133514404,1055417.019094123,-118687.4581501031,-11.24555090574284,Stop Loss,9227451.89583588,9327451.89583588
TARACHAND.NS,2021-08-17 00:00:00+05:30,2021-08-23 00:00:00+05:30,7.672111511230469,7.273560523986816,1007949.0908331863,-52360.95756101422,-5.194801804695515,Stop Loss,9175090.938274866,9275090.938274866
HPL.NS,2021-08-20 00:00:00+05:30,2021-08-23 00:00:00+05:30,68.43238830566406,65.12432861328125,1024279.6131132743,-49514.24589676387,-4.8340555901787985,Stop Loss,9125576.692378102,9225576.692378102
LAXMICOT.NS,2021-08-20 00:00:00+05:30,2021-08-25 00:00:00+05:30,23.950000762939453,23.25,1024279.6131132743,-29937.222872748738,-2.9227588335723254,UT Sell,9095639.469505353,9195639.469505353
THOMASCOTT.NS,2021-08-20 00:00:00+05:30,2021-08-31 00:00:00+05:30,18.600000381469727,17.200000762939453,1024279.6131132743,-77096.29237725912,-7.526879515147888,Stop Loss,9018543.177128093,9118543.177128093
SARVESHWAR.NS,2021-08-31 00:00:00+05:30,2021-09-01 00:00:00+05:30,0.7083330154418945,0.6733329892158508,947183.3207360152,-46802.055451206164,-4.94118239063146,Stop Loss,8971741.121676886,9071741.121676886
DEVIT.NS,2021-09-01 00:00:00+05:30,2021-09-02 00:00:00+05:30,10.691505432128906,10.295339584350586,900381.265284809,-33362.96366771299,-3.705426240422671,UT Sell,8938378.158009173,9038378.158009173
SHAHALLOYS.NS,2021-08-09 00:00:00+05:30,2021-09-06 00:00:00+05:30,14.899999618530273,14.199999809265137,1235250.5270406983,-58031.88962822524,-4.697985417359252,Stop Loss,8880346.268380947,8980346.268380947
RMDRIP.NS,2021-09-02 00:00:00+05:30,2021-09-15 00:00:00+05:30,1.0551271438598633,1.1105061769485474,867018.3016170961,45506.018391395686,5.248564915702647,UT Sell,8925852.286772342,9025852.286772342
REFEX.NS,2021-08-23 00:00:00+05:30,2021-09-16 00:00:00+05:30,26.19205093383789,31.534040451049805,955694.3538109008,194918.2686232801,20.395460938534306,UT Sell,9120770.555395622,9220770.555395622
SAKSOFT.NS,2021-08-10 00:00:00+05:30,2021-09-17 00:00:00+05:30,53.02021789550781,74.08466339111328,1079529.1071880572,428886.99710925017,39.72908134236501,UT Sell,9549657.552504871,9649657.552504871
BLS.NS,2021-08-23 00:00:00+05:30,2021-09-20 00:00:00+05:30,41.45524597167969,67.15198516845703,955694.3538109008,592403.3975938396,61.98670058388309,UT Sell,10142060.95009871,10242060.95009871
TARIL.NS,2021-09-15 00:00:00+05:30,2021-09-20 00:00:00+05:30,14.294071197509766,13.644340515136719,912524.3200084917,-41478.38925165066,-4.54545575851224,Stop Loss,10100582.560847059,10200582.560847059
BANKINDIA.NS,2021-09-16 00:00:00+05:30,2021-09-20 00:00:00+05:30,52.78519821166992,49.181217193603516,1150612.622434181,-78559.63775624521,-6.827635663343267,Stop Loss,10022022.923090814,10122022.923090814
SHRADHA.NS,2021-09-20 00:00:00+05:30,2021-09-21 00:00:00+05:30,11.331511497497559,10.392862319946289,1163732.2222798392,-96398.11013509659,-8.283530204761824,Stop Loss,9925624.812955717,10025624.812955717
ANTGRAPHIC.NS,2021-08-23 00:00:00+05:30,2021-09-24 00:00:00+05:30,0.6499999761581421,0.949999988079071,955694.3538109008,441089.73546528234,46.15384968074834,UT Sell,10366714.548421,10466714.548421
IVP.NS,2021-09-21 00:00:00+05:30,2021-09-24 00:00:00+05:30,118.06039428710938,112.50347900390625,1067334.1121447426,-50237.72176838096,-4.706841203400813,Stop Loss,10316476.826652618,10416476.826652618
CCCL.NS,2021-09-20 00:00:00+05:30,2021-10-04 00:00:00+05:30,0.44999998807907104,0.4000000059604645,1163732.2222798392,-129303.53743612568,-11.11110743181195,Stop Loss,10187173.289216492,10287173.289216492
BLUECOAST.NS,2021-09-20 00:00:00+05:30,2021-10-04 00:00:00+05:30,6.449999809265137,6.150000095367432,1163732.2222798392,-54127.03008703934,-4.651158492543972,Stop Loss,10133046.259129453,10233046.259129453
KPIGREEN.NS,2021-10-04 00:00:00+05:30,2021-10-06 00:00:00+05:30,14.801504135131836,14.176783561706543,1072016.9385182566,-45246.14731304033,-4.220656007131729,Stop Loss,10087800.111816414,10187800.111816414
KIRIINDUS.NS,2021-10-04 00:00:00+05:30,2021-10-19 00:00:00+05:30,520.75,512.2000122070312,1072016.9385182566,-17601.02110069478,-1.6418603539066212,UT Sell,10070199.09071572,10170199.09071572
KRISHANA.NS,2021-09-24 00:00:00+05:30,2021-10-20 00:00:00+05:30,90.70925903320312,86.05941772460938,1206940.2398262725,-61868.88355128118,-5.1260933648369145,Stop Loss,10008330.207164438,10108330.207164438
CHENNPETRO.NS,2021-08-25 00:00:00+05:30,2021-10-28 00:00:00+05:30,90.43766021728516,109.98233032226562,994342.3902405256,214889.39388697734,21.61120716527001,UT Sell,10223219.601051416,10323219.601051416
CHAMBLFERT.NS,2021-10-28 00:00:00+05:30,2021-11-03 00:00:00+05:30,324.73443603515625,320.5194396972656,1209231.784127503,-15695.617637565825,-1.297982557487154,UT Sell,10207523.98341385,10307523.98341385
ZENITHSTL.NS,2021-10-20 00:00:00+05:30,2021-11-08 00:00:00+05:30,0.949999988079071,1.2999999523162842,1145071.3562749913,421868.3566045966,36.84210196096147,UT Sell,10629392.340018447,10729392.340018447
ZUARIIND.NS,2021-09-24 00:00:00+05:30,2021-11-11 00:00:00+05:30,128.8812255859375,130.6221923828125,1206940.2398262725,16303.715873253997,1.3508304168896368,UT Sell,10645696.055891702,10745696.055891702
PFC.NS,2021-11-08 00:00:00+05:30,2021-11-16 00:00:00+05:30,84.46479034423828,80.07154083251953,1566939.712879588,-81500.90825354843,-5.201279129225278,Stop Loss,10564195.147638153,10664195.147638153
APARINDS.NS,2021-11-11 00:00:00+05:30,2021-11-16 00:00:00+05:30,704.0946044921875,665.1470947265625,1223243.9556995265,-67664.6371189137,-5.531573387601096,Stop Loss,10496530.51051924,10596530.51051924
IRFC.NS,2021-11-03 00:00:00+05:30,2021-11-17 00:00:00+05:30,21.726736068725586,21.455121994018555,1193536.166489937,-14920.843170603039,-1.2501374980939062,UT Sell,10481609.667348636,10581609.667348636
SIMPLEXINF.NS,2021-11-16 00:00:00+05:30,2021-11-18 00:00:00+05:30,42.900001525878906,39.54999923706055,1320509.0616033261,-103116.74175834167,-7.8088628663509745,Stop Loss,10378492.925590295,10478492.925590295
V2RETAIL.NS,2021-10-06 00:00:00+05:30,2021-11-26 00:00:00+05:30,15.199999809265137,16.600000381469727,1026770.7912052163,94571.03376633266,9.21053019587028,UT Sell,10473063.959356628,10573063.959356628
UNIVCABLES.NS,2021-11-16 00:00:00+05:30,2021-11-26 00:00:00+05:30,161.72927856445312,153.80422973632812,1320509.0616033261,-64707.50926535111,-4.900194261960222,Stop Loss,10408356.450091276,10508356.450091276
JPOLYINVST.NS,2021-04-12 00:00:00+05:30,2021-11-29 00:00:00+05:30,33.79999923706055,405.6499938964844,654573.186966639,7201273.419286461,1100.1479380262915,UT Sell,17609629.869377736,17709629.869377736
IZMO.NS,2021-11-26 00:00:00+05:30,2021-11-29 00:00:00+05:30,72.4000015258789,69.05000305175781,1188571.688654762,-54996.03949529957,-4.627069618118251,Stop Loss,17554633.829882436,17654633.829882436
EUROTEXIND.NS,2021-11-29 00:00:00+05:30,2021-12-01 00:00:00+05:30,9.800000190734863,9.449999809265137,4494711.127706281,-160525.56925261207,-3.5714323944669335,UT Sell,17394108.260629825,17494108.260629825
NPST.NS,2021-12-01 00:00:00+05:30,2021-12-03 00:00:00+05:30,21.013309478759766,20.980009078979492,4334185.558453669,-6868.509311409667,-0.1584728945906111,UT Sell,17387239.751318417,17487239.751318417
ENGINERSIN.NS,2021-11-26 00:00:00+05:30,2021-12-06 00:00:00+05:30,65.31126403808594,62.396759033203125,1188571.688654762,-53039.82683945983,-4.462484454723203,Stop Loss,17334199.92447896,17434199.92447896
PANSARI.NS,2021-10-19 00:00:00+05:30,2021-12-08 00:00:00+05:30,57.75,203.6999969482422,1054415.9174175619,2664796.535571795,252.7272674428436,UT Sell,19998996.460050754,20098996.460050754
SONAMLTD.NS,2021-11-29 00:00:00+05:30,2021-12-09 00:00:00+05:30,16.987499237060547,16.8125,4494711.127706281,-46302.93177233171,-1.0301647971748706,UT Sell,19952693.52827842,20052693.52827842
ASHOKA.NS,2021-12-03 00:00:00+05:30,2021-12-14 00:00:00+05:30,100.4000015258789,95.94999694824219,4327317.049142259,-191798.6094114245,-4.432275408372077,Stop Loss,19760894.918866996,19860894.918866996
KARURVYSYA.NS,2021-12-09 00:00:00+05:30,2021-12-15 00:00:00+05:30,39.3922119140625,37.76218795776367,4448408.195933949,-184072.22073711175,-4.137934574110402,Stop Loss,19576822.698129885,19676822.698129885
SCI.NS,2021-11-18 00:00:00+05:30,2021-12-17 00:00:00+05:30,132.0519256591797,133.22552490234375,1217392.3198449844,10819.461345011368,0.8887407262754055,UT Sell,19587642.159474894,19687642.159474894
KIRIINDUS.NS,2021-12-08 00:00:00+05:30,2021-12-17 00:00:00+05:30,490.1499938964844,463.3500061035156,3719212.4529893566,-203355.808590753,-5.467711542730058,Stop Loss,19384286.35088414,19484286.35088414
GABRIEL.NS,2021-12-15 00:00:00+05:30,2021-12-17 00:00:00+05:30,138.5988006591797,131.856689453125,4264335.975196837,-207437.77888421807,-4.864480193182786,Stop Loss,19176848.571999922,19276848.571999922
GENCON.NS,2021-12-17 00:00:00+05:30,2021-12-22 00:00:00+05:30,36.45375061035156,33.860599517822266,2933655.540633739,-208686.6767596407,-7.113537150805371,Stop Loss,18968161.89524028,19068161.89524028
ABINFRA.NS,2021-12-22 00:00:00+05:30,2021-12-27 00:00:00+05:30,0.5274094343185425,0.5274094343185425,2724968.8638740983,0.0,0.0,UT Sell,18968161.89524028,19068161.89524028
KPIGREEN.NS,2021-12-27 00:00:00+05:30,2021-12-29 00:00:00+05:30,36.777923583984375,33.89812469482422,2724968.8638740983,-213371.54310141457,-7.830237839784459,Stop Loss,18754790.352138866,18854790.352138866
SARVESHWAR.NS,2021-12-17 00:00:00+05:30,2022-01-06 00:00:00+05:30,0.8366659879684448,1.475000023841858,2933655.5406337394,2238231.514181932,76.29496657601528,UT Sell,20993021.866320796,21093021.866320796
FMNL.NS,2021-09-06 00:00:00+05:30,2022-01-24 00:00:00+05:30,8.300000190734863,9.25,1177218.637412473,134741.86208496895,11.445780571494502,UT Sell,21127763.728405766,21227763.728405766
HILTON.NS,2022-01-24 00:00:00+05:30,2022-01-31 00:00:00+05:30,25.09975242614746,27.590927124023438,1311960.499497442,130213.34814266954,9.92509669251087,UT Sell,21257977.076548435,21357977.076548435
BPCL.NS,2022-01-31 00:00:00+05:30,2022-02-01 00:00:00+05:30,162.12493896484375,154.69345092773438,1442173.8476401116,-66106.41006004368,-4.583803136370568,Stop Loss,21191870.66648839,21291870.66648839
INDIANHUME.NS,2022-02-01 00:00:00+05:30,2022-02-07 00:00:00+05:30,224.79833984375,215.12957763671875,1376067.437580068,-59185.79667469184,-4.301082567492132,Stop Loss,21132684.8698137,21232684.8698137
ANTGRAPHIC.NS,2021-12-17 00:00:00+05:30,2022-02-07 00:00:00+05:30,1.100000023841858,2.5999999046325684,2933655.540633739,4000438.968957925,136.3636225708263,UT Sell,25133123.838771626,25233123.838771626
CUBEXTUB.NS,2022-02-07 00:00:00+05:30,2022-02-08 00:00:00+05:30,33.400001525878906,31.399999618530273,4125488.07524852,-247035.4383920636,-5.988029389157356,Stop Loss,24886088.40037956,24986088.40037956
SHAHALLOYS.NS,2022-02-07 00:00:00+05:30,2022-02-09 00:00:00+05:30,56.95000076293945,54.25,4125488.07524852,-195589.47851528833,-4.7410021541149705,Stop Loss,24690498.92186427,24790498.92186427
CCCL.NS,2021-12-14 00:00:00+05:30,2022-02-11 00:00:00+05:30,0.800000011920929,3.8499999046325684,4135518.4397308347,15766663.261915974,381.2499809078875,UT Sell,40457162.183780245,40557162.183780245
TPHQ.NS,2021-09-17 00:00:00+05:30,2022-02-14 00:00:00+05:30,0.27000001072883606,0.36000001430511475,1508416.1042973073,502805.3680991023,33.33333333333333,UT Sell,40959967.55187935,41059967.55187935
ABINFRA.NS,2021-12-29 00:00:00+05:30,2022-02-14 00:00:00+05:30,0.552325963973999,0.8928581476211548,2511597.3207726837,1548505.3679738482,61.65420528070384,UT Sell,42508472.919853196,42608472.919853196
HINDPETRO.NS,2022-02-09 00:00:00+05:30,2022-02-14 00:00:00+05:30,170.0952606201172,166.61631774902344,3929898.5967332316,-80377.8580154595,-2.0452908907694134,UT Sell,42428095.06183773,42528095.06183773
BLS.NS,2022-01-06 00:00:00+05:30,2022-02-21 00:00:00+05:30,48.516326904296875,52.75972366333008,5171887.054815671,452350.170897766,8.746327328949931,UT Sell,42880445.2327355,42980445.2327355
USHAMART.NS,2022-02-11 00:00:00+05:30,2022-02-21 00:00:00+05:30,87.09626007080078,82.818359375,19902181.70164681,-977534.0167329609,-4.91169275503135,Stop Loss,41902911.21600254,42002911.21600254
DIACABS.NS,2022-02-14 00:00:00+05:30,2022-02-21 00:00:00+05:30,18.0,17.5,3306948.299953571,-91859.6749987104,-2.777777777777779,UT Sell,41811051.54100383,41911051.54100383
POWERMECH.NS,2022-02-15 00:00:00+05:30,2022-02-21 00:00:00+05:30,465.2997131347656,444.81549072265625,3306948.2999535715,-145584.15268563945,-4.402371597030507,Stop Loss,41665467.38831819,41765467.38831819
DCI.NS,2022-02-08 00:00:00+05:30,2022-02-22 00:00:00+05:30,38.150001525878906,39.29999923706055,3878452.6368564563,116912.48956532171,3.014410655793931,UT Sell,41782379.87788351,41882379.87788351
CHALET.NS,2022-02-21 00:00:00+05:30,2022-02-23 00:00:00+05:30,282.4371032714844,261.8598937988281,7731334.420712519,-563273.330718305,-7.285590042635793,Stop Loss,41219106.5471652,41319106.5471652
FMNL.NS,2022-02-23 00:00:00+05:30,2022-02-24 00:00:00+05:30,9.050000190734863,8.199999809265137,7168061.0899942145,-673243.594749432,-9.392269210556847,Stop Loss,40545862.952415764,40645862.952415764
BEPL.NS,2022-02-21 00:00:00+05:30,2022-02-24 00:00:00+05:30,72.6664810180664,65.8680648803711,7731334.420712519,-723316.0042334162,-9.355642439882406,Stop Loss,39822546.948182344,39922546.948182344
NOIDATOLL.NS,2022-02-22 00:00:00+05:30,2022-02-24 00:00:00+05:30,7.800000190734863,7.699999809265137,3995365.126421778,-51222.82397218468,-1.282056141338439,UT Sell,39771324.12421016,39871324.12421016
APOLLO.NS,2022-02-21 00:00:00+05:30,2022-02-24 00:00:00+05:30,13.031414031982422,12.004847526550293,7731334.420712519,-609045.8747699382,-7.877629418516452,Stop Loss,39162278.249440216,39262278.249440216
EXCELINDUS.NS,2022-02-14 00:00:00+05:30,2022-02-24 00:00:00+05:30,1114.5469970703125,1080.3817138671875,3306948.2999535715,-101371.07318308903,-3.0653963711652854,UT Sell,39060907.176257126,39160907.176257126
MAZDOCK.NS,2022-02-25 00:00:00+05:30,2022-03-04 00:00:00+05:30,116.22132110595703,115.86172485351562,5554968.797377309,-17187.43121276982,-0.3094064402465069,UT Sell,39043719.74504436,39143719.74504436
FMGOETZE.NS,2022-02-21 00:00:00+05:30,2022-03-07 00:00:00+05:30,255.1999969482422,262.1499938964844,7731334.420712519,210551.53319884092,2.7233530687117202,UT Sell,39254271.2782432,39354271.2782432
RMDRIP.NS,2022-02-24 00:00:00+05:30,2022-03-07 00:00:00+05:30,0.7811434864997864,0.7811434864997864,5554968.797377309,0.0,0.0,UT Sell,39254271.2782432,39354271.2782432
SANSERA.NS,2022-02-24 00:00:00+05:30,2022-03-07 00:00:00+05:30,656.5038452148438,614.7479248046875,5554968.797377309,-353315.27252255566,-6.360346662781757,Stop Loss,38900956.005720645,39000956.005720645
HECPROJECT.NS,2022-03-04 00:00:00+05:30,2022-03-07 00:00:00+05:30,39.29999923706055,37.349998474121094,5537781.366164539,-274775.5241386732,-4.961834098715634,Stop Loss,38626180.48158197,38726180.48158197
ONGC.NS,2022-03-07 00:00:00+05:30,2022-03-08 00:00:00+05:30,145.62986755371094,139.51490783691406,5990378.529542322,-251534.4140034048,-4.1989736168245635,Stop Loss,38374646.06757857,38474646.06757857
PNBHOUSING.NS,2022-03-07 00:00:00+05:30,2022-03-11 00:00:00+05:30,350.9591369628906,334.5195007324219,5990378.529542321,-280601.4533791691,-4.684202375448354,Stop Loss,38094044.6141994,38194044.6141994
SAMPANN.NS,2022-03-07 00:00:00+05:30,2022-03-16 00:00:00+05:30,19.25,24.450000762939453,5990378.529542321,1618180.4116320098,27.01299097630885,UT Sell,39712225.02583141,39812225.02583141
MAGNUM.NS,2021-12-06 00:00:00+05:30,2022-03-22 00:00:00+05:30,7.247037887573242,11.824115753173828,1135531.8618153022,717178.2224722796,63.15791274458584,UT Sell,40429403.24830369,40529403.24830369
SUPREMEINF.NS,2022-03-07 00:00:00+05:30,2022-03-24 00:00:00+05:30,17.049999237060547,16.149999618530273,5990378.529542322,-316207.5444391342,-5.278590374209513,Stop Loss,40113195.70386455,40213195.70386455
MACPOWER.NS,2022-03-24 00:00:00+05:30,2022-03-25 00:00:00+05:30,230.6370086669922,221.19601440429688,5674170.985103188,-232268.94948702212,-4.093442902880684,Stop Loss,39880926.75437753,39980926.75437753
MRPL.NS,2022-03-22 00:00:00+05:30,2022-03-28 00:00:00+05:30,40.979331970214844,39.24373245239258,1852710.0842875817,-78467.91478424193,-4.235304565442299,Stop Loss,39802458.839593284,39902458.839593284
MAZDOCK.NS,2022-03-16 00:00:00+05:30,2022-03-28 00:00:00+05:30,122.31047821044922,115.62200164794922,7608558.941174331,-416069.5706289597,-5.468441183748551,Stop Loss,39386389.26896432,39486389.26896432
NDRAUTO.NS,2022-02-25 00:00:00+05:30,2022-03-28 00:00:00+05:30,96.75240325927734,91.62335205078125,5554968.797377309,-294480.7411862835,-5.301213236792934,Stop Loss,39091908.52777804,39191908.52777804
GABRIEL.NS,2022-03-11 00:00:00+05:30,2022-03-28 00:00:00+05:30,114.47161865234375,107.82581329345703,5709777.076163152,-331488.8663019417,-5.8056358747493375,Stop Loss,38760419.6614761,38860419.6614761
NPST.NS,2022-03-28 00:00:00+05:30,2022-04-01 00:00:00+05:30,26.60797882080078,26.308263778686523,4901376.9515252365,-55209.61999172345,-1.126410405438072,UT Sell,38705210.04148437,38805210.04148437
SERVOTECH.NS,2021-11-17 00:00:00+05:30,2022-04-07 00:00:00+05:30,4.507314682006836,18.017793655395508,1178615.323319334,3532847.9742021714,299.74563407614727,UT Sell,42238058.01568654,42338058.01568654
SBIN.NS,2022-03-28 00:00:00+05:30,2022-04-18 00:00:00+05:30,463.28973388671875,474.4645690917969,4901376.951525236,118224.2465244336,2.4120619102279806,UT Sell,42356282.26221097,42456282.26221097
PIGL.NS,2022-03-28 00:00:00+05:30,2022-04-18 00:00:00+05:30,41.299903869628906,43.23583984375,4901376.951525236,229752.3982898062,4.687507216075493,UT Sell,42586034.66050078,42686034.66050078
MAZDA.NS,2022-04-18 00:00:00+05:30,2022-04-22 00:00:00+05:30,105.70559692382812,100.77896118164062,5075365.273932355,-236548.26887956262,-4.660714177450465,Stop Loss,42349486.39162122,42449486.39162122
REFEX.NS,2022-04-07 00:00:00+05:30,2022-04-25 00:00:00+05:30,26.420948028564453,24.99843406677246,4711463.2975215055,-253666.9885557862,-5.384038302690996,Stop Loss,42095819.40306543,42195819.40306543
SPIC.NS,2022-04-18 00:00:00+05:30,2022-04-25 00:00:00+05:30,73.07088470458984,74.57266998291016,5075365.273932355,104311.16143323481,2.0552444169681383,UT Sell,42200130.56449866,42300130.56449866
SWELECTES.NS,2022-04-25 00:00:00+05:30,2022-04-26 00:00:00+05:30,439.39300537109375,417.74658203125,4818736.372165655,-237392.05267254077,-4.926437852956278,Stop Loss,41962738.51182612,42062738.51182612
DCI.NS,2022-04-25 00:00:00+05:30,2022-04-29 00:00:00+05:30,43.25,43.0,4818736.372165655,-27853.967469166033,-0.5780346820809301,UT Sell,41934884.54435696,42034884.54435696
CANBK.NS,2022-04-26 00:00:00+05:30,2022-05-04 00:00:00+05:30,41.18767547607422,38.97572708129883,4581344.319493114,-246037.12387951557,-5.370413283119857,Stop Loss,41688847.42047744,41788847.42047744
NPST.NS,2022-04-22 00:00:00+05:30,2022-05-04 00:00:00+05:30,25.975250244140625,23.311119079589844,4838817.005052793,-496289.4702285826,-10.256421553250462,Stop Loss,41192557.95024886,41292557.95024886
AXISCADES.NS,2022-03-28 00:00:00+05:30,2022-05-04 00:00:00+05:30,110.1500015258789,155.3000030517578,4901376.9515252365,2009052.8713091305,40.98956050878606,UT Sell,43201610.82155799,43301610.82155799
GABRIEL.NS,2022-04-01 00:00:00+05:30,2022-05-04 00:00:00+05:30,113.1713638305664,110.52266693115234,4846167.331533513,-113421.16901844367,-2.3404303083062072,UT Sell,43088189.65253955,43188189.65253955
INDOTECH.NS,2022-05-04 00:00:00+05:30,2022-05-05 00:00:00+05:30,248.85000610351562,238.10000610351562,5080252.678946812,-219460.37757363264,-4.319871302526012,Stop Loss,42868729.27496592,42968729.27496592
SHRADHA.NS,2022-05-04 00:00:00+05:30,2022-05-05 00:00:00+05:30,10.083206176757812,9.49292278289795,5080252.678946812,-297404.29189147335,-5.8541240108775146,Stop Loss,42571324.98307445,42671324.98307445
DCI.NS,2022-05-04 00:00:00+05:30,2022-05-06 00:00:00+05:30,43.900001525878906,43.25,5080252.678946812,-75220.31613641791,-1.4806412375537925,UT Sell,42496104.66693803,42596104.66693803
KIRIINDUS.NS,2022-03-08 00:00:00+05:30,2022-05-09 00:00:00+05:30,467.20001220703125,479.1000061035156,5738844.1155389175,146173.39076079894,2.547087668142245,UT Sell,42642278.05769883,42742278.05769883
ONGC.NS,2022-05-04 00:00:00+05:30,2022-05-10 00:00:00+05:30,126.38912963867188,120.31312561035156,5080252.678946812,-244226.9824185986,-4.8073786453714185,Stop Loss,42398051.075280234,42498051.075280234
KAMDHENU.NS,2022-05-05 00:00:00+05:30,2022-05-10 00:00:00+05:30,12.40511703491211,9.80105972290039,4821820.344214259,-1012186.8652444328,-20.99179963141854,Stop Loss,41385864.2100358,41485864.2100358
PONNIERODE.NS,2022-05-05 00:00:00+05:30,2022-05-10 00:00:00+05:30,258.4035949707031,244.93435668945312,4821820.344214259,-251336.4691112917,-5.212480996163038,Stop Loss,41134527.74092451,41234527.74092451
SARVESHWAR.NS,2022-05-06 00:00:00+05:30,2022-05-10 00:00:00+05:30,1.4149999618530273,1.4116660356521606,5005032.362810394,-11792.515180500224,-0.23561316542374255,UT Sell,41122735.22574401,41222735.22574401
REFEX.NS,2022-05-09 00:00:00+05:30,2022-05-10 00:00:00+05:30,27.75393295288086,25.26702117919922,5885017.506299716,-527331.3641560907,-8.960574264929534,Stop Loss,40595403.86158792,40695403.86158792
NDRAUTO.NS,2022-04-29 00:00:00+05:30,2022-05-11 00:00:00+05:30,93.83203887939453,93.43937683105469,4790882.404696489,-20048.56465712469,-0.4184733200187085,UT Sell,40575355.2969308,40675355.2969308
SHRADHA.NS,2022-05-10 00:00:00+05:30,2022-05-11 00:00:00+05:30,9.812256813049316,9.009084701538086,4713413.808074905,-385811.60203870106,-8.185396354925123,Stop Loss,40189543.69489209,40289543.69489209
AAVAS.NS,2022-05-10 00:00:00+05:30,2022-05-12 00:00:00+05:30,2306.89990234375,2148.550048828125,4713413.808074905,-323537.3954929272,-6.864183979319849,Stop Loss,39866006.29939917,39966006.29939917
SREEL.NS,2022-05-10 00:00:00+05:30,2022-05-13 00:00:00+05:30,179.1471710205078,167.5523681640625,4713413.808074905,-305062.61178536527,-6.47222213468166,Stop Loss,39560943.6876138,39660943.6876138
CIGNITITEC.NS,2022-05-11 00:00:00+05:30,2022-05-17 00:00:00+05:30,387.0509033203125,376.8498229980469,4603949.95138349,-121341.30898768827,-2.6355914001894187,UT Sell,39439602.37862611,39539602.37862611
RMDRIP.NS,2022-03-25 00:00:00+05:30,2022-05-18 00:00:00+05:30,0.8569257855415344,1.005576252937317,5441902.035616166,944003.897146347,17.346947647495846,UT Sell,40383606.27577245,40483606.27577245
SKIPPER.NS,2022-05-12 00:00:00+05:30,2022-05-19 00:00:00+05:30,59.0447883605957,56.9012451171875,4389876.412581977,-159368.6790122697,-3.6303682389667524,UT Sell,40224237.59676018,40324237.59676018
SOUTHBANK.NS,2022-05-13 00:00:00+05:30,2022-05-19 00:00:00+05:30,7.602573394775391,7.5544562339782715,4408351.196289539,-27900.72944350727,-0.6329062318580991,UT Sell,40196336.86731668,40296336.86731668
KAMDHENU.NS,2022-05-18 00:00:00+05:30,2022-05-19 00:00:00+05:30,10.468366622924805,9.962672233581543,6385905.932762513,-308483.34963736683,-4.830690475014842,Stop Loss,39887853.51767931,39987853.51767931
JPOLYINVST.NS,2022-05-17 00:00:00+05:30,2022-05-25 00:00:00+05:30,231.8000030517578,222.0500030517578,4482608.642395802,-188548.03144070785,-4.206212196564529,Stop Loss,39699305.486238606,39799305.486238606
SHEKHAWATI.NS,2021-05-06 00:00:00+05:30,2022-06-06 00:00:00+05:30,0.5,0.550000011920929,686008.3965568211,68600.85601139686,10.000002384185791,UT Sell,39767906.342250004,39867906.342250004
URAVIDEF.NS,2022-05-19 00:00:00+05:30,2022-06-09 00:00:00+05:30,55.5,109.0,4896126.927846963,4719689.921438063,96.39639639639638,UT Sell,44487596.263688065,44587596.263688065
GESHIP.NS,2022-02-25 00:00:00+05:30,2022-06-13 00:00:00+05:30,275.0284423828125,330.504638671875,5554968.797377309,1120496.981013989,20.17107605614299,UT Sell,45608093.244702056,45708093.244702056
VSTIND.NS,2022-05-19 00:00:00+05:30,2022-06-13 00:00:00+05:30,250.36090087890625,246.01243591308594,4896126.927846963,-85039.78192764893,-1.7368786222428434,UT Sell,45523053.46277441,45623053.46277441
LUMAXIND.NS,2022-05-25 00:00:00+05:30,2022-06-13 00:00:00+05:30,960.6868286132812,1101.050048828125,4294060.610955094,627392.9830196528,14.610715587456657,UT Sell,46150446.44579406,46250446.44579406
HINDPETRO.NS,2022-06-09 00:00:00+05:30,2022-06-13 00:00:00+05:30,137.20327758789062,130.44664001464844,9615816.849285025,-473535.2577832937,-4.924545311181783,Stop Loss,45676911.18801077,45776911.18801077
ELDEHSG.NS,2022-06-13 00:00:00+05:30,2022-06-14 00:00:00+05:30,621.8717651367188,582.47900390625,6387572.027446773,-404623.77265884075,-6.334547319704765,Stop Loss,45272287.41535193,45372287.41535193
TARACHAND.NS,2022-06-13 00:00:00+05:30,2022-06-14 00:00:00+05:30,8.519033432006836,7.971024990081787,6387572.027446773,-410896.7786525674,-6.432753742532904,Stop Loss,44861390.63669936,44961390.63669936
NPST.NS,2022-05-11 00:00:00+05:30,2022-06-15 00:00:00+05:30,24.8096923828125,27.973344802856445,4603949.95138349,587080.9351729825,12.751679348655042,UT Sell,45448471.571872346,45548471.571872346
PONNIERODE.NS,2022-06-14 00:00:00+05:30,2022-06-16 00:00:00+05:30,235.26649475097656,218.5120391845703,6115731.8436763035,-435530.59920150414,-7.121479658266006,Stop Loss,45012940.97267084,45112940.97267084
VSTTILLERS.NS,2022-06-13 00:00:00+05:30,2022-06-16 00:00:00+05:30,2581.243896484375,2425.62548828125,6387572.027446773,-385094.8732694052,-6.028814573279007,Stop Loss,44627846.09940143,44727846.09940143
EICHERMOT.NS,2022-05-10 00:00:00+05:30,2022-06-16 00:00:00+05:30,2317.32763671875,2544.642578125,4713413.808074905,462355.58866551146,9.809357028517528,UT Sell,45090201.688066944,45190201.688066944
INDIANCARD.NS,2022-05-19 00:00:00+05:30,2022-06-16 00:00:00+05:30,212.6411895751953,202.63076782226562,4896126.927846962,-230492.95200773887,-4.707658837372031,Stop Loss,44859708.736059204,44959708.736059204
GULPOLY.NS,2022-06-14 00:00:00+05:30,2022-06-17 00:00:00+05:30,190.40748596191406,181.3660125732422,6115731.843676304,-290404.68885720614,-4.7484863018885655,Stop Loss,44569304.047202,44669304.047202
MKPL.NS,2022-06-16 00:00:00+05:30,2022-06-17 00:00:00+05:30,2.2555549144744873,2.177777051925659,5381020.442807952,-185552.68403680716,-3.4482806004725086,UT Sell,44383751.36316519,44483751.36316519
MOLDTECH.NS,2022-06-16 00:00:00+05:30,2022-06-17 00:00:00+05:30,93.49372100830078,89.63034057617188,5381020.442807952,-222356.4198689256,-4.132235181639521,Stop Loss,44161394.94329627,44261394.94329627
PAR.NS,2022-06-14 00:00:00+05:30,2022-06-20 00:00:00+05:30,150.5,143.35000610351562,6115731.843676304,-290547.8096665833,-4.750826509291938,Stop Loss,43870847.13362969,43970847.13362969
BHARATGEAR.NS,2022-06-16 00:00:00+05:30,2022-06-20 00:00:00+05:30,87.06666564941406,82.46666717529297,5381020.442807951,-284295.78233535495,-5.283306119294407,Stop Loss,43586551.35129433,43686551.35129433
WABAG.NS,2022-06-17 00:00:00+05:30,2022-06-20 00:00:00+05:30,240.9299774169922,229.90834045410156,5393152.97884309,-246716.3897801796,-4.5746225027925025,Stop Loss,43339834.96151415,43439834.96151415
MAHASTEEL.NS,2022-06-17 00:00:00+05:30,2022-06-20 00:00:00+05:30,70.6500015258789,61.45000076293945,5393152.978843089,-702293.1415200466,-13.021939935230598,Stop Loss,42637541.81999411,42737541.81999411
FMNL.NS,2022-06-06 00:00:00+05:30,2022-06-21 00:00:00+05:30,5.449999809265137,5.099999904632568,754609.2525682179,-48461.133151735296,-6.4220168235154755,Stop Loss,42589080.686842375,42689080.686842375
NAGREEKCAP.NS,2022-06-15 00:00:00+05:30,2022-06-29 00:00:00+05:30,10.5,10.949999809265137,5191030.886556473,222472.65798474755,4.2857124691917825,UT Sell,42811553.34482712,42911553.34482712
KOHINOOR.NS,2021-04-12 00:00:00+05:30,2022-07-01 00:00:00+05:30,6.800000190734863,116.80000305175781,654573.186966639,10588683.885212945,1617.6470555236183,UT Sell,53400237.230040066,53500237.230040066
IRIS.NS,2022-06-20 00:00:00+05:30,2022-07-01 00:00:00+05:30,79.25,75.80000305175781,5189801.280217067,-225928.05777580198,-4.353308452040617,Stop Loss,53174309.17226426,53274309.17226426
ISGEC.NS,2022-06-16 00:00:00+05:30,2022-07-04 00:00:00+05:30,448.0166320800781,469.7115173339844,5381020.442807951,260572.06964311097,4.842428539578969,UT Sell,53434881.24190737,53534881.24190737
KIRIINDUS.NS,2022-06-29 00:00:00+05:30,2022-07-13 00:00:00+05:30,469.75,472.54998779296875,5413503.54454122,32267.682473461144,0.5960591363424639,UT Sell,53467148.92438083,53567148.92438083
HDFCBANK.NS,2022-06-20 00:00:00+05:30,2022-07-13 00:00:00+05:30,636.1759033203125,653.3535766601562,5189801.280217067,140132.1719747465,2.7001452350192023,UT Sell,53607281.09635558,53707281.09635558
TERASOFT.NS,2022-07-13 00:00:00+05:30,2022-07-14 00:00:00+05:30,43.2485466003418,39.3576774597168,5387852.339603247,-484719.83570057806,-8.996531551870113,Stop Loss,53122561.260655,53222561.260655
FIEMIND.NS,2022-06-17 00:00:00+05:30,2022-07-20 00:00:00+05:30,528.4146728515625,742.3737182617188,5393152.978843089,2183727.8985406877,40.490746454018264,UT Sell,55306289.15919569,55406289.15919569
HINDPETRO.NS,2022-07-01 00:00:00+05:30,2022-07-20 00:00:00+05:30,131.36668395996094,134.75938415527344,8103565.147310425,209284.16725801863,2.5826184334123425,UT Sell,55515573.32645371,55615573.32645371
INSPIRISYS.NS,2022-05-11 00:00:00+05:30,2022-07-25 00:00:00+05:30,49.349998474121094,61.099998474121094,4603949.95138349,1096178.593746541,23.809524545703177,UT Sell,56611751.92020025,56711751.92020025
WANBURY.NS,2022-07-14 00:00:00+05:30,2022-07-28 00:00:00+05:30,65.4000015258789,62.20000076293945,4903132.503902669,-239908.67564541567,-4.892967413270178,Stop Loss,56371843.24455483,56471843.24455483
KOHINOOR.NS,2022-07-20 00:00:00+05:30,2022-07-28 00:00:00+05:30,73.4000015258789,88.9000015258789,7944865.095976111,1677730.332801314,21.117165773538993,UT Sell,58049573.577356145,58149573.577356145
CHENNPETRO.NS,2022-07-20 00:00:00+05:30,2022-08-03 00:00:00+05:30,250.0232696533203,236.19369506835938,7944865.095976111,-439455.5137392003,-5.531314986855773,Stop Loss,57610118.06361695,57710118.06361695
ULTRACEMCO.NS,2022-06-20 00:00:00+05:30,2022-08-22 00:00:00+05:30,5214.55908203125,6359.80810546875,5189801.280217068,1139811.584163323,21.962528478848608,UT Sell,58749929.64778027,58849929.64778027
RAMCOCEM.NS,2022-06-20 00:00:00+05:30,2022-08-22 00:00:00+05:30,590.7344360351562,725.5015869140625,5189801.280217068,1183974.878554279,22.813491589118385,UT Sell,59933904.52633455,60033904.52633455
STCINDIA.NS,2022-06-21 00:00:00+05:30,2022-08-22 00:00:00+05:30,77.80000305175781,88.5,706148.1194164826,97118.0260460492,13.75320890556242,UT Sell,60031022.5523806,60131022.5523806
IRFC.NS,2022-07-01 00:00:00+05:30,2022-08-22 00:00:00+05:30,17.83457374572754,18.728534698486328,8103565.147310425,406192.5405740626,5.01251650588479,UT Sell,60437215.092954665,60537215.092954665
V2RETAIL.NS,2022-08-22 00:00:00+05:30,2022-08-29 00:00:00+05:30,11.649999618530273,11.164999961853027,5504103.214124689,-229140.62288212962,-4.163087318095826,Stop Loss,60208074.47007254,60308074.47007254
ABINFRA.NS,2022-07-13 00:00:00+05:30,2022-09-02 00:00:00+05:30,0.9053168296813965,1.407808780670166,5387852.339603247,2990502.7113208836,55.50454100865538,UT Sell,63198577.18139342,63298577.18139342
GICRE.NS,2022-08-03 00:00:00+05:30,2022-09-16 00:00:00+05:30,112.24153137207031,113.1604232788086,7505409.58223691,61444.81492337957,0.8186737079452611,UT Sell,63260021.996316805,63360021.996316805
NAGREEKCAP.NS,2022-07-25 00:00:00+05:30,2022-09-21 00:00:00+05:30,11.850000381469727,12.600000381469727,5700128.545130031,360767.61782494467,6.329113720306734,UT Sell,63620789.61414175,63720789.61414175
SIGIND.NS,2022-09-16 00:00:00+05:30,2022-09-21 00:00:00+05:30,43.37188720703125,40.916873931884766,7566854.39716029,-428312.6511755176,-5.6603791839348165,Stop Loss,63192476.96296623,63292476.96296623
GABRIEL.NS,2022-07-28 00:00:00+05:30,2022-09-23 00:00:00+05:30,128.17015075683594,152.8723602294922,7142909.628517339,1376651.6528691668,19.272981522446052,UT Sell,64569128.6158354,64669128.6158354
INDOTECH.NS,2022-09-02 00:00:00+05:30,2022-09-23 00:00:00+05:30,188.5,214.4499969482422,8378355.050924131,1153412.668449712,13.7665766303672,UT Sell,65722541.28428511,65822541.28428511
EDELWEISS.NS,2022-07-28 00:00:00+05:30,2022-09-26 00:00:00+05:30,28.377195358276367,30.706235885620117,7142909.628517339,586249.8318784265,8.207437338110557,UT Sell,66308791.11616354,66408791.11616354
MANINDS.NS,2022-08-29 00:00:00+05:30,2022-09-26 00:00:00+05:30,87.6064682006836,87.70507049560547,5274962.591242559,5937.043551762588,0.11255138684052035,UT Sell,66314728.1597153,66414728.1597153
CSLFINANCE.NS,2022-09-21 00:00:00+05:30,2022-09-26 00:00:00+05:30,247.50938415527344,236.03704833984375,6599718.9544698745,-305904.3292097403,-4.635111454292407,Stop Loss,66008823.830505565,66108823.830505565
GODFRYPHLP.NS,2022-09-23 00:00:00+05:30,2022-09-26 00:00:00+05:30,374.9970703125,355.4009704589844,9025664.500380173,-471651.21222517826,-5.225667453131145,Stop Loss,65537172.61828039,65637172.61828039
ELECTHERM.NS,2022-08-22 00:00:00+05:30,2022-09-27 00:00:00+05:30,84.5,80.9000015258789,5504103.214124689,-234494.23872489855,-4.260353223811942,Stop Loss,65302678.37955549,65402678.37955549
JSLL.NS,2022-09-26 00:00:00+05:30,2022-09-27 00:00:00+05:30,88.23995971679688,83.41780853271484,6964471.752151305,-380595.54666534346,-5.464815713378113,Stop Loss,64922082.83289015,65022082.83289015
EMAMILTD.NS,2022-09-26 00:00:00+05:30,2022-09-27 00:00:00+05:30,484.33758544921875,464.0118713378906,6964471.752151305,-292271.0646941727,-4.196600619478296,Stop Loss,64629811.76819598,64729811.76819598
GOKUL.NS,2022-09-23 00:00:00+05:30,2022-09-28 00:00:00+05:30,33.5,30.899999618530273,9025664.500380173,-700499.4371345146,-7.761195168566348,Stop Loss,63929312.33106147,64029312.33106147
FILATEX.NS,2022-09-27 00:00:00+05:30,2022-09-29 00:00:00+05:30,53.413692474365234,49.95169448852539,6372539.405123549,-413034.88980490994,-6.481480357309799,Stop Loss,63516277.44125656,63616277.44125656
CARERATING.NS,2022-09-21 00:00:00+05:30,2022-09-29 00:00:00+05:30,490.4787902832031,469.4835510253906,6599718.9544698745,-282504.9344201181,-4.280560071861583,Stop Loss,63233772.506836444,63333772.506836444
INDIANB.NS,2022-09-29 00:00:00+05:30,2022-10-10 00:00:00+05:30,179.4497833251953,183.4724884033203,6138359.267684197,137602.89112593234,2.2416884565612083,UT Sell,63371375.39796238,63471375.39796238
BANKINDIA.NS,2022-09-29 00:00:00+05:30,2022-10-10 00:00:00+05:30,44.26662063598633,43.71558380126953,6138359.267684197,-76411.1199956704,-1.2448134210381379,UT Sell,63294964.27796671,63394964.27796671
PARADEEP.NS,2022-08-22 00:00:00+05:30,2022-10-11 00:00:00+05:30,49.23655700683594,62.651309967041016,5504103.214124689,1499621.2037064685,27.245513853339887,UT Sell,64794585.48167317,64894585.48167317
KALYANKJIL.NS,2022-09-27 00:00:00+05:30,2022-10-11 00:00:00+05:30,95.9200210571289,96.81275939941406,6372539.405123548,59309.9355273135,0.9307111617015362,UT Sell,64853895.41720049,64953895.41720049
JSLL.NS,2022-10-10 00:00:00+05:30,2022-10-12 00:00:00+05:30,85.91203308105469,82.05984497070312,6168955.153249328,-276608.233356772,-4.483874926713904,Stop Loss,64577287.18384372,64677287.18384372
DEVIT.NS,2022-10-11 00:00:00+05:30,2022-10-13 00:00:00+05:30,48.3117790222168,46.922080993652344,6717786.879241009,-193238.4890671121,-2.876520088248835,UT Sell,64384048.6947766,64484048.6947766
TDPOWERSYS.NS,2022-08-22 00:00:00+05:30,2022-10-17 00:00:00+05:30,108.2858657836914,117.35204315185547,5504103.214124689,460828.15731110703,8.372447597431032,UT Sell,64844876.85208771,64944876.85208771
CUPID.NS,2022-10-10 00:00:00+05:30,2022-10-19 00:00:00+05:30,2.4417104721069336,2.3082756996154785,6168955.153249328,-337121.5124754412,-5.464807315025977,Stop Loss,64507755.33961227,64607755.33961227
BFINVEST.NS,2022-10-11 00:00:00+05:30,2022-10-20 00:00:00+05:30,308.1000061035156,294.6000061035156,6717786.879241009,-294352.8759271875,-4.381694168309835,Stop Loss,64213402.46368508,64313402.46368508
MARKSANS.NS,2022-10-12 00:00:00+05:30,2022-10-21 00:00:00+05:30,47.961387634277344,47.269161224365234,5892346.919892556,-85044.20650662761,-1.4432993790558846,UT Sell,64128358.257178456,64228358.257178456
FORCEMOT.NS,2022-10-13 00:00:00+05:30,2022-10-21 00:00:00+05:30,1322.015380859375,1234.2086181640625,6524548.390173897,-433353.1065407647,-6.641886619975157,Stop Loss,63695005.15063769,63795005.15063769
KPIGREEN.NS,2022-09-28 00:00:00+05:30,2022-10-25 00:00:00+05:30,96.84431457519531,84.92476654052734,8325165.063245659,-1024657.0002913987,-12.307948160873162,Stop Loss,62670348.150346294,62770348.150346294
JSLL.NS,2022-10-21 00:00:00+05:30,2022-10-28 00:00:00+05:30,81.61641693115234,77.76423645019531,5949248.99850953,-280796.2139252415,-4.719859834335227,Stop Loss,62389551.93642105,62489551.93642105
RMDRIP.NS,2022-10-25 00:00:00+05:30,2022-10-28 00:00:00+05:30,0.9093906879425049,0.8919024467468262,7300508.06295426,-140394.05455624498,-1.9230723854502862,UT Sell,62249157.88186481,62349157.88186481
IPCALAB.NS,2022-09-26 00:00:00+05:30,2022-10-28 00:00:00+05:30,882.3556518554688,891.6061401367188,6964471.752151306,73014.50859740749,1.048385451127043,UT Sell,62322172.39046222,62422172.39046222
LGBBROSLTD.NS,2022-10-28 00:00:00+05:30,2022-11-01 00:00:00+05:30,719.32080078125,699.7672729492188,6622017.684577005,-180008.42872741632,-2.7183320447280668,UT Sell,62142163.9617348,62242163.9617348
PNBHOUSING.NS,2022-10-19 00:00:00+05:30,2022-11-02 00:00:00+05:30,350.3822937011719,348.7342224121094,5831833.640773887,-27430.831291222014,-0.4703637480232059,UT Sell,62114733.13044358,62214733.13044358
HINDPETRO.NS,2022-10-20 00:00:00+05:30,2022-11-03 00:00:00+05:30,124.8558120727539,128.16546630859375,6423434.003313822,170271.17284149677,2.65078107370067,UT Sell,62285004.30328508,62385004.30328508
SCI.NS,2022-10-21 00:00:00+05:30,2022-11-07 00:00:00+05:30,116.7457046508789,119.52312469482422,5949248.99850953,141534.65829252265,2.3790340314883807,UT Sell,62426538.9615776,62526538.9615776
STCINDIA.NS,2022-11-03 00:00:00+05:30,2022-11-16 00:00:00+05:30,85.4000015258789,81.69999694824219,6593705.1761553185,-285676.09952522814,-4.3325579760270845,Stop Loss,62140862.86205237,62240862.86205237
CAPLIPOINT.NS,2022-09-27 00:00:00+05:30,2022-11-17 00:00:00+05:30,723.4962768554688,721.2212524414062,6372539.405123549,-20038.365351708606,-0.3144486691694426,UT Sell,62120824.49670067,62220824.49670067
LAGNAM.NS,2022-11-16 00:00:00+05:30,2022-11-17 00:00:00+05:30,59.84358215332031,56.65458297729492,6308029.07663009,-336147.9845270496,-5.328890853918333,Stop Loss,61784676.512173615,61884676.512173615
MUTHOOTFIN.NS,2022-09-27 00:00:00+05:30,2022-11-18 00:00:00+05:30,956.719482421875,1003.4187622070312,6372539.405123548,311055.65015615616,4.881188336098274,UT Sell,62095732.16232977,62195732.16232977
HECPROJECT.NS,2022-11-17 00:00:00+05:30,2022-11-18 00:00:00+05:30,33.75,31.549999237060547,6162191.065937441,-401683.7050797343,-6.518520779079862,Stop Loss,61694048.45725004,61794048.45725004
NAVNETEDUL.NS,2022-11-17 00:00:00+05:30,2022-11-23 00:00:00+05:30,123.1233901977539,117.30504608154297,6162191.065937441,-291201.76169514563,-4.72562045835957,Stop Loss,61402846.69555489,61502846.69555489
BPCL.NS,2022-11-07 00:00:00+05:30,2022-12-06 00:00:00+05:30,130.43978881835938,138.356689453125,6090783.656802053,369673.46724168677,6.0693908710555355,UT Sell,61772520.16279658,61872520.16279658
DPABHUSHAN.NS,2022-12-06 00:00:00+05:30,2022-12-08 00:00:00+05:30,325.8780212402344,312.0544128417969,6460457.124043739,-274049.870002863,-4.241957879155911,Stop Loss,61498470.29279371,61598470.29279371
INDIANB.NS,2022-10-17 00:00:00+05:30,2022-12-09 00:00:00+05:30,189.06729125976562,252.13595581054688,5964931.371435796,1989769.1093307203,33.357787129942636,UT Sell,63488239.402124435,63588239.402124435
SKMEGGPROD.NS,2022-07-04 00:00:00+05:30,2022-12-12 00:00:00+05:30,28.65894889831543,66.85747528076172,5641592.512451062,7519484.444125598,133.28655743090283,UT Sell,71007723.84625003,71107723.84625003
IZMO.NS,2022-11-18 00:00:00+05:30,2022-12-13 00:00:00+05:30,78.6500015258789,77.5,6222051.208068705,-90977.34576675482,-1.4621761011670342,UT Sell,70916746.50048327,71016746.50048327
GESHIP.NS,2022-10-28 00:00:00+05:30,2022-12-15 00:00:00+05:30,483.16015625,610.3117065429688,6622017.684577006,1742692.9844474765,26.316646488370022,UT Sell,72659439.48493075,72759439.48493075
CANBK.NS,2022-12-08 00:00:00+05:30,2022-12-15 00:00:00+05:30,58.65768814086914,57.952491760253906,6186407.254040876,-74374.42802185472,-1.2022232770607544,UT Sell,72585065.0569089,72685065.0569089
MALLCOM.NS,2022-12-09 00:00:00+05:30,2022-12-15 00:00:00+05:30,670.2964477539062,657.4423828125,7954700.480766516,-152544.79851689283,-1.9176686650330454,UT Sell,72432520.258392,72532520.258392
IOC.NS,2022-12-12 00:00:00+05:30,2022-12-16 00:00:00+05:30,65.52445983886719,63.905029296875,13161076.95657666,-325274.7148378212,-2.4714901060986505,UT Sell,72107245.54355419,72207245.54355419
NAGREEKCAP.NS,2022-11-02 00:00:00+05:30,2022-12-19 00:00:00+05:30,12.800000190734863,19.450000762939453,5804402.809482665,3015568.8616555883,51.953128696186425,UT Sell,75122814.40520978,75222814.40520978
STCINDIA.NS,2022-11-23 00:00:00+05:30,2022-12-21 00:00:00+05:30,87.75,93.30000305175781,5870989.304242295,371327.7328248685,6.324789802573005,UT Sell,75494142.13803464,75594142.13803464
GABRIEL.NS,2022-12-13 00:00:00+05:30,2022-12-21 00:00:00+05:30,181.60032653808594,179.11265563964844,6131073.86230195,-83987.1508723339,-1.3698603663665598,UT Sell,75410154.9871623,75510154.9871623
DBL.NS,2022-12-15 00:00:00+05:30,2022-12-21 00:00:00+05:30,233.70433044433594,225.83786010742188,7426299.725764376,-249968.69503739383,-3.365992543637397,UT Sell,75160186.29212491,75260186.29212491
ZUARIIND.NS,2022-12-15 00:00:00+05:30,2022-12-21 00:00:00+05:30,146.50253295898438,141.66519165039062,7426299.725764377,-245207.68145009317,-3.3018823708311107,UT Sell,74914978.61067481,75014978.61067481
UCOBANK.NS,2022-11-18 00:00:00+05:30,2022-12-23 00:00:00+05:30,15.463546752929688,28.963468551635742,6222051.208068705,5431949.479543439,87.30158749737275,UT Sell,80346928.09021825,80446928.09021825
KOHINOOR.NS,2022-12-16 00:00:00+05:30,2022-12-23 00:00:00+05:30,57.5,52.0,12835802.24173884,-1227772.3883402366,-9.565217391304348,Stop Loss,79119155.70187801,79219155.70187801
SHEKHAWATI.NS,2022-12-19 00:00:00+05:30,2022-12-26 00:00:00+05:30,0.699999988079071,0.6499999761581421,8819971.671138253,-629998.1374419015,-7.142858967489152,Stop Loss,78489157.56443611,78589157.56443611
SHILPAMED.NS,2022-12-23 00:00:00+05:30,2022-12-27 00:00:00+05:30,144.59979248046875,138.38232421875,11631015.270505372,-500107.6907195486,-4.299776752832162,Stop Loss,77989049.87371656,78089049.87371656
GLENMARK.NS,2022-12-21 00:00:00+05:30,2022-12-28 00:00:00+05:30,437.41357421875,418.4927673339844,6661706.705884511,-288159.47545778286,-4.325610360528809,Stop Loss,77700890.39825878,77800890.39825878
AUROPHARMA.NS,2022-12-21 00:00:00+05:30,2023-01-02 00:00:00+05:30,447.0960693359375,428.5656433105469,6661706.705884511,-276102.3229293674,-4.144618415660306,Stop Loss,77424788.07532941,77524788.07532941
EKC.NS,2022-12-23 00:00:00+05:30,2023-01-05 00:00:00+05:30,100.32272338867188,95.39527893066406,11631015.270505372,-571268.2012590505,-4.911593596714702,Stop Loss,76853519.87407036,76953519.87407036
NAGREEKCAP.NS,2022-12-28 00:00:00+05:30,2023-01-05 00:00:00+05:30,17.25,17.649999618530273,6373547.230426728,147792.25860031135,2.3188383682914315,UT Sell,77001312.13267067,77101312.13267067
ABINFRA.NS,2023-01-05 00:00:00+05:30,2023-01-06 00:00:00+05:30,1.0382071733474731,0.9883732199668884,8790543.27913668,-421946.15410916135,-4.8000008726491465,Stop Loss,76579365.9785615,76679365.9785615
INDOTHAI.NS,2022-10-28 00:00:00+05:30,2023-01-10 00:00:00+05:30,18.078983306884766,29.41497039794922,6622017.684577005,4152175.2476301417,62.70256960051248,UT Sell,80731541.22619164,80831541.22619164
KIRIINDUS.NS,2023-01-06 00:00:00+05:30,2023-01-10 00:00:00+05:30,479.20001220703125,459.3999938964844,8368597.125027519,-345781.2439235654,-4.131890193273325,Stop Loss,80385759.98226808,80485759.98226808
FORCEMOT.NS,2023-01-02 00:00:00+05:30,2023-01-17 00:00:00+05:30,1457.2745361328125,1502.046630859375,6385604.382955143,196186.0152162593,3.072317097187116,UT Sell,80581945.99748434,80681945.99748434
NATCOPHARM.NS,2022-12-21 00:00:00+05:30,2023-01-18 00:00:00+05:30,550.2474365234375,527.9347534179688,6661706.705884512,-270134.0175414812,-4.055027179489345,Stop Loss,80311811.97994286,80411811.97994286
SOUTHBANK.NS,2022-12-26 00:00:00+05:30,2023-01-24 00:00:00+05:30,17.033615112304688,15.975028991699219,8189973.533696352,-508981.34387422074,-6.214688506380373,Stop Loss,79802830.63606864,79902830.63606864
AFSL.NS,2023-01-10 00:00:00+05:30,2023-01-25 00:00:00+05:30,196.14999389648438,259.3500061035156,9398504.40665555,3028221.31894603,32.22024683843949,UT Sell,82831051.95501468,82931051.95501468
MAGADSUGAR.NS,2023-01-17 00:00:00+05:30,2023-01-25 00:00:00+05:30,300.9871520996094,298.4777526855469,6581790.3981714025,-54873.906920743175,-0.8337230996597556,UT Sell,82776178.04809393,82876178.04809393
GODFRYPHLP.NS,2023-01-25 00:00:00+05:30,2023-01-27 00:00:00+05:30,626.40966796875,600.99658203125,9476821.10842612,-384469.27235925384,-4.056943440848649,Stop Loss,82391708.77573468,82491708.77573468
KOHINOOR.NS,2023-01-18 00:00:00+05:30,2023-01-27 00:00:00+05:30,66.0,72.75,6391572.68834303,653683.5703987181,10.22727272727273,UT Sell,83045392.3461334,83145392.3461334
BANCOINDIA.NS,2022-12-27 00:00:00+05:30,2023-01-27 00:00:00+05:30,86.42938232421875,82.73452758789062,11130907.579785824,-475846.1241400987,-4.274998428737787,Stop Loss,82569546.2219933,82669546.2219933
SDBL.NS,2023-01-25 00:00:00+05:30,2023-01-30 00:00:00+05:30,50.84028625488281,48.75014114379883,9476821.10842612,-389610.93195048533,-4.111198549522809,Stop Loss,82179935.29004282,82279935.29004282
ENGINERSIN.NS,2023-01-05 00:00:00+05:30,2023-02-01 00:00:00+05:30,78.33697509765625,76.99747467041016,8790543.27913668,-150311.34995255992,-1.7099210501506423,UT Sell,82029623.94009025,82129623.94009025
CHENNPETRO.NS,2023-01-10 00:00:00+05:30,2023-02-01 00:00:00+05:30,193.04083251953125,206.6662139892578,9398504.40665555,663373.6816931292,7.058289840491638,UT Sell,82692997.62178338,82792997.62178338
DBL.NS,2023-01-24 00:00:00+05:30,2023-02-01 00:00:00+05:30,219.51478576660156,210.0052947998047,7680992.189822131,-332744.44630264305,-4.332050314327263,Stop Loss,82360253.17548074,82460253.17548074
REMSONSIND.NS,2023-01-27 00:00:00+05:30,2023-02-01 00:00:00+05:30,49.88243865966797,47.857765197753906,8930889.850151446,-362495.0214292444,-4.058890295496109,Stop Loss,81997758.1540515,82097758.1540515
GENUSPOWER.NS,2023-01-30 00:00:00+05:30,2023-02-06 00:00:00+05:30,91.68252563476562,87.77798461914062,9087210.176475635,-387002.69878036156,-4.258762494370483,Stop Loss,81610755.45527114,81710755.45527114
KOHINOOR.NS,2023-02-01 00:00:00+05:30,2023-02-06 00:00:00+05:30,72.1500015258789,68.8499984741211,8654688.147443622,-395848.8800354628,-4.573808706815008,Stop Loss,81214906.57523568,81314906.57523568
LUPIN.NS,2022-12-21 00:00:00+05:30,2023-02-10 00:00:00+05:30,740.2513427734375,726.2611694335938,6661706.705884512,-125901.06382697728,-1.889922048290782,UT Sell,81089005.5114087,81189005.5114087
MANINDS.NS,2023-02-01 00:00:00+05:30,2023-02-10 00:00:00+05:30,82.13414764404297,86.62046813964844,8654688.147443622,472735.2256362792,5.462186708320771,UT Sell,81561740.73704498,81661740.73704498
CCCL.NS,2023-02-01 00:00:00+05:30,2023-02-13 00:00:00+05:30,1.4500000476837158,1.5499999523162842,8654688.147443622,596874.4557984751,6.89654492027858,UT Sell,82158615.19284345,82258615.19284345
HECPROJECT.NS,2023-02-10 00:00:00+05:30,2023-02-14 00:00:00+05:30,32.20000076293945,31.0,7831614.507568718,-291861.58886513766,-3.7267103556115178,UT Sell,81866753.60397832,81966753.60397832
CHOLAHLDNG.NS,2023-02-06 00:00:00+05:30,2023-02-15 00:00:00+05:30,628.9195556640625,598.8687744140625,8479523.372551717,-405165.1752246097,-4.778159778840085,Stop Loss,81461588.4287537,81561588.4287537
KARURVYSYA.NS,2023-02-14 00:00:00+05:30,2023-02-17 00:00:00+05:30,84.6357421875,80.29750061035156,7539752.91870358,-386471.1143063279,-5.125779564309363,Stop Loss,81075117.31444737,81175117.31444737
KMSUGAR.NS,2023-02-13 00:00:00+05:30,2023-02-20 00:00:00+05:30,27.850000381469727,26.5,9251562.603242097,-448460.06723497063,-4.84739807173562,Stop Loss,80626657.24721241,80726657.24721241
SOUTHBANK.NS,2023-02-10 00:00:00+05:30,2023-02-20 00:00:00+05:30,16.793027877807617,16.69679069519043,7831614.507568718,-44881.27579114679,-0.5730782043443572,UT Sell,80581775.97142126,80681775.97142126
SPECTRUM.NS,2022-11-01 00:00:00+05:30,2023-02-20 00:00:00+05:30,68.96578216552734,254.10548400878906,6442009.255849589,17293672.82512579,268.4515364429581,UT Sell,97875448.79654706,97975448.79654706
THOMASCOTT.NS,2022-12-15 00:00:00+05:30,2023-02-21 00:00:00+05:30,41.29999923706055,42.599998474121094,7426299.725764377,233757.48561790492,3.147697968705998,UT Sell,98109206.28216496,98209206.28216496
KIRIINDUS.NS,2023-02-06 00:00:00+05:30,2023-02-21 00:00:00+05:30,279.29998779296875,285.6000061035156,8479523.372551717,191268.00875975937,2.255645752199875,UT Sell,98300474.29092473,98400474.29092473
UNICHEMLAB.NS,2023-01-27 00:00:00+05:30,2023-02-22 00:00:00+05:30,297.45001220703125,312.20001220703125,8930889.850151446,442866.4309418369,4.958816404328714,UT Sell,98743340.72186656,98843340.72186656
CHENNPETRO.NS,2023-02-15 00:00:00+05:30,2023-02-22 00:00:00+05:30,217.08302307128906,205.21575927734375,8074358.197327107,-441400.4252327848,-5.466693629951969,Stop Loss,98301940.29663378,98401940.29663378
EIMCOELECO.NS,2023-02-17 00:00:00+05:30,2023-02-22 00:00:00+05:30,385.0925598144531,364.35150146484375,7153281.804397252,-385275.2578956317,-5.385993008954237,Stop Loss,97916665.03873815,98016665.03873815
PASUPTAC.NS,2023-02-21 00:00:00+05:30,2023-02-23 00:00:00+05:30,30.399999618530273,28.899999618530273,8165424.296346879,-402899.23020441364,-4.934210588231968,Stop Loss,97513765.80853373,97613765.80853373
UNITEDTEA.NS,2023-02-01 00:00:00+05:30,2023-02-27 00:00:00+05:30,276.42822265625,262.9260559082031,8654688.147443622,-422739.1884816522,-4.884510929565023,Stop Loss,97091026.62005207,97191026.62005207
NAVNETEDUL.NS,2023-02-20 00:00:00+05:30,2023-02-27 00:00:00+05:30,96.75321197509766,91.4979476928711,13441839.282920025,-730109.2793605756,-5.431617385042642,Stop Loss,96360917.34069149,96460917.34069149
GANDHITUBE.NS,2023-02-20 00:00:00+05:30,2023-02-27 00:00:00+05:30,484.3766174316406,479.353271484375,13441839.282920025,-139401.87543256395,-1.037074409970784,UT Sell,96221515.46525893,96321515.46525893
KARURVYSYA.NS,2023-02-23 00:00:00+05:30,2023-02-27 00:00:00+05:30,82.06494140625,77.56603240966797,7762525.066142465,-425551.92580204736,-5.482132710374909,Stop Loss,95795963.53945687,95895963.53945687
CHEVIOT.NS,2023-02-22 00:00:00+05:30,2023-02-28 00:00:00+05:30,1103.98095703125,1051.8798828125,7924906.866563076,-374006.59694512933,-4.719381605898043,Stop Loss,95421956.94251174,95521956.94251174
TAINWALCHM.NS,2023-02-27 00:00:00+05:30,2023-02-28 00:00:00+05:30,104.92940521240234,100.24285888671875,10395772.377587322,-464314.7337031346,-4.466380340379228,Stop Loss,94957642.2088086,95057642.2088086
MAHAPEXLTD.NS,2023-02-22 00:00:00+05:30,2023-03-01 00:00:00+05:30,114.44999694824219,108.0999984741211,7924906.866563076,-439695.4814510383,-5.548273170328488,Stop Loss,94517946.72735757,94617946.72735757
PCJEWELLER.NS,2023-02-27 00:00:00+05:30,2023-03-10 00:00:00+05:30,2.5850000381469727,3.434999942779541,10395772.377587324,3418338.645698972,32.8820074309121,UT Sell,97936285.37305653,98036285.37305653
INDOTECH.NS,2023-02-28 00:00:00+05:30,2023-03-10 00:00:00+05:30,186.10000610351562,178.25,8741178.956751067,-368717.38802765124,-4.218165419698683,Stop Loss,97567567.98502888,97667567.98502888
EKC.NS,2023-02-21 00:00:00+05:30,2023-03-13 00:00:00+05:30,77.75503540039062,77.9028549194336,8165424.296346879,15523.227351803333,0.19010925566658177,UT Sell,97583091.21238068,97683091.21238068
MODISONLTD.NS,2023-02-27 00:00:00+05:30,2023-03-13 00:00:00+05:30,58.09327697753906,56.69343948364258,10395772.377587324,-250500.4487487711,-2.409637683957322,UT Sell,97332590.76363191,97432590.76363191
STCINDIA.NS,2023-03-01 00:00:00+05:30,2023-03-13 00:00:00+05:30,71.3499984741211,70.75,7485211.385112038,-62944.85642028414,-0.8409228969201932,UT Sell,97269645.90721163,97369645.90721163
MANAKCOAT.NS,2023-03-10 00:00:00+05:30,2023-03-13 00:00:00+05:30,17.404186248779297,16.30707550048828,11093286.296004856,-699289.4384860992,-6.3037175804066425,Stop Loss,96570356.46872553,96670356.46872553
JPOLYINVST.NS,2023-03-10 00:00:00+05:30,2023-03-14 00:00:00+05:30,466.25,436.79998779296875,11093286.296004856,-700691.5106347147,-6.316356505529486,Stop Loss,95869664.95809081,95969664.95809081
LIBAS.NS,2023-03-13 00:00:00+05:30,2023-03-14 00:00:00+05:30,12.949999809265137,12.149999618530273,9035620.709686937,-558185.2044496369,-6.177607741449531,Stop Loss,95311479.75364117,95411479.75364117
NINSYS.NS,2023-03-13 00:00:00+05:30,2023-03-14 00:00:00+05:30,177.36111450195312,168.5,9035620.709686937,-451427.4164863415,-4.996086389531307,Stop Loss,94860052.33715484,94960052.33715484
NATCOPHARM.NS,2023-01-27 00:00:00+05:30,2023-03-16 00:00:00+05:30,522.857177734375,512.744140625,8930889.850151448,-172740.13692551106,-1.9341872962701623,UT Sell,94687312.20022932,94787312.20022932
KIRIINDUS.NS,2023-02-28 00:00:00+05:30,2023-03-16 00:00:00+05:30,278.25,278.95001220703125,8741178.956751067,21990.77079450339,0.2515767141172409,UT Sell,94709302.97102383,94809302.97102383
DRCSYSTEMS.NS,2023-03-14 00:00:00+05:30,2023-03-17 00:00:00+05:30,11.166666030883789,10.666666030883789,9122461.073373744,-408468.42952693626,-4.4776121952348475,Stop Loss,94300834.54149689,94400834.54149689
INDOTHAI.NS,2023-03-15 00:00:00+05:30,2023-03-20 00:00:00+05:30,28.173622131347656,26.35628890991211,9122461.073373746,-588442.3200042993,-6.450477730421012,Stop Loss,93712392.22149259,93812392.22149259
UNICHEMLAB.NS,2023-03-16 00:00:00+05:30,2023-03-20 00:00:00+05:30,292.8500061035156,281.1000061035156,8760659.720385753,-351503.3278781846,-4.012292899132341,Stop Loss,93360888.89361441,93460888.89361441
LAGNAM.NS,2023-03-15 00:00:00+05:30,2023-03-21 00:00:00+05:30,54.86077117919922,52.61850357055664,9122461.073373744,-372852.9245262295,-4.087196662471904,Stop Loss,92988035.96908818,93088035.96908818
BPCL.NS,2023-03-16 00:00:00+05:30,2023-03-22 00:00:00+05:30,147.76858520507812,148.1475830078125,8760659.720385753,22469.395507317036,0.25648063301708657,UT Sell,93010505.3645955,93110505.3645955
NPST.NS,2023-02-22 00:00:00+05:30,2023-03-23 00:00:00+05:30,109.44571685791016,153.5203857421875,7924906.866563075,3191423.621775645,40.270802868876146,UT Sell,96201928.98637114,96301928.98637114
RELINFRA.NS,2023-03-17 00:00:00+05:30,2023-03-24 00:00:00+05:30,148.64999389648438,143.10000610351562,8713992.643846808,-325345.13815754093,-3.7335943631680246,UT Sell,95876583.8482136,95976583.8482136
PASHUPATI.NS,2023-03-20 00:00:00+05:30,2023-03-24 00:00:00+05:30,10.11870002746582,10.128620147705078,8471587.572938507,8305.332415511832,0.09803749703352072,UT Sell,95884889.1806291,95984889.1806291
MANAKCOAT.NS,2023-03-21 00:00:00+05:30,2023-03-24 00:00:00+05:30,15.808387756347656,14.761144638061523,8749608.148847515,-579626.9083734704,-6.62460419384403,Stop Loss,95305262.27225563,95405262.27225563
STCINDIA.NS,2023-03-23 00:00:00+05:30,2023-03-24 00:00:00+05:30,73.6500015258789,70.5,11116330.48833872,-475444.09063097276,-4.276987726567894,Stop Loss,94829818.18162465,94929818.18162465
20MICRONS.NS,2023-03-22 00:00:00+05:30,2023-03-27 00:00:00+05:30,66.95734405517578,63.12277603149414,8783129.11589307,-502999.4324135296,-5.726881909356784,Stop Loss,94326818.74921112,94426818.74921112
LUMAXTECH.NS,2023-02-20 00:00:00+05:30,2023-03-28 00:00:00+05:30,238.52886962890625,262.5522766113281,13441839.282920025,1353793.2586033624,10.071488210125912,UT Sell,95680612.00781448,95780612.00781448
TECHM.NS,2023-03-13 00:00:00+05:30,2023-03-28 00:00:00+05:30,1033.71435546875,975.8197631835938,9035620.709686939,-506052.3482750971,-5.600637350044657,Stop Loss,95174559.65953939,95274559.65953939
NIRAJ.NS,2023-03-24 00:00:00+05:30,2023-03-28 00:00:00+05:30,28.0,26.850000381469727,8919852.01230627,-366350.9432678111,-4.107141494750977,Stop Loss,94808208.71627158,94908208.71627158
VADILALIND.NS,2023-03-24 00:00:00+05:30,2023-04-03 00:00:00+05:30,2216.25830078125,2086.975830078125,8919852.01230627,-520327.6648983974,-5.8333665646081005,Stop Loss,94287881.05137318,94387881.05137318
BANKBARODA.NS,2023-02-27 00:00:00+05:30,2023-04-05 00:00:00+05:30,145.20033264160156,152.50599670410156,10395772.377587322,523056.7952508237,5.0314375522352295,UT Sell,94810937.846624,94910937.846624
TORNTPOWER.NS,2023-03-28 00:00:00+05:30,2023-04-17 00:00:00+05:30,489.61236572265625,497.8468322753906,10626233.990657896,178715.60136854835,1.6818338606665817,UT Sell,94989653.44799255,95089653.44799255
GABRIEL.NS,2023-04-05 00:00:00+05:30,2023-04-17 00:00:00+05:30,140.13905334472656,138.870849609375,10918829.172838146,-98811.14230589196,-0.9049609691824556,UT Sell,94890842.30568665,94990842.30568665
NAGREEKCAP.NS,2023-04-17 00:00:00+05:30,2023-04-18 00:00:00+05:30,21.899999618530273,20.850000381469727,10812483.811279349,-518406.3904259894,-4.794517147717714,Stop Loss,94372435.91526066,94472435.91526066
INDUSINDBK.NS,2023-03-28 00:00:00+05:30,2023-04-19 00:00:00+05:30,1013.6529541015625,1096.07373046875,10626233.990657896,864025.948748596,8.13106458514099,UT Sell,95236461.86400926,95336461.86400926
THOMASCOTT.NS,2023-03-27 00:00:00+05:30,2023-04-26 00:00:00+05:30,37.95000076293945,41.849998474121094,8280129.68347954,850921.90157195,10.27667360415505,UT Sell,96087383.7655812,96187383.7655812
STCINDIA.NS,2023-04-26 00:00:00+05:30,2023-04-28 00:00:00+05:30,81.19999694824219,73.5999984741211,9131051.58505149,-854630.3044536579,-9.35960438393294,Stop Loss,95232753.46112755,95332753.46112755
KOHINOOR.NS,2023-04-19 00:00:00+05:30,2023-05-03 00:00:00+05:30,30.799999237060547,43.04999923706055,11490259.939406492,4569989.861829711,39.77272825792804,UT Sell,99802743.32295726,99902743.32295726
SUPREMEINF.NS,2023-05-03 00:00:00+05:30,2023-05-04 00:00:00+05:30,25.549999237060547,24.399999618530273,16060249.801236203,-722868.1681576185,-4.5009771149510875,Stop Loss,99079875.15479964,99179875.15479964
GESHIP.NS,2023-03-24 00:00:00+05:30,2023-05-05 00:00:00+05:30,562.5274658203125,590.5886840820312,8919852.01230627,444959.454227807,4.988417449234794,UT Sell,99524834.60902745,99624834.60902745
ASHOKA.NS,2023-04-28 00:00:00+05:30,2023-05-12 00:00:00+05:30,87.8499984741211,83.9000015258789,8276421.280597832,-372132.49138938263,-4.496297116505676,Stop Loss,99152702.11763807,99252702.11763807
STCINDIA.NS,2023-05-04 00:00:00+05:30,2023-05-18 00:00:00+05:30,77.6500015258789,73.94999694824219,15337381.633078584,-730822.6804405041,-4.764976825407519,Stop Loss,98421879.43719757,98521879.43719757
MUTHOOTFIN.NS,2023-03-20 00:00:00+05:30,2023-05-19 00:00:00+05:30,894.3751220703125,999.2805786132812,8471587.572938507,993672.274700176,11.72946943114117,UT Sell,99415551.71189775,99515551.71189775
SOUTHBANK.NS,2023-04-17 00:00:00+05:30,2023-05-19 00:00:00+05:30,15.253265380859375,16.023143768310547,10812483.811279349,545738.7249955945,5.047302123368658,UT Sell,99961290.43689334,100061290.43689334
THOMASCOTT.NS,2023-05-18 00:00:00+05:30,2023-05-24 00:00:00+05:30,42.849998474121094,42.650001525878906,14606558.95263808,-68174.26648478024,-0.4667373520747642,UT Sell,99893116.17040856,99993116.17040856
PCJEWELLER.NS,2023-05-24 00:00:00+05:30,2023-05-31 00:00:00+05:30,2.4800000190734863,2.3499999046325684,14538384.6861533,-762093.410665419,-5.241940058108763,Stop Loss,99131022.75974314,99231022.75974314
MAHABANK.NS,2023-05-31 00:00:00+05:30,2023-06-09 00:00:00+05:30,28.36654281616211,26.49724769592285,13776291.275487881,-907828.4309497084,-6.589788302204413,Stop Loss,98223194.32879344,98323194.32879344
CIGNITITEC.NS,2023-05-19 00:00:00+05:30,2023-06-14 00:00:00+05:30,845.0946044921875,848.124755859375,10411741.191956814,37332.09470266104,0.3585576515434452,UT Sell,98260526.4234961,98360526.4234961
MALLCOM.NS,2023-03-15 00:00:00+05:30,2023-06-14 00:00:00+05:30,734.715576171875,902.91015625,9122461.073373746,2088357.126589898,22.89247506558627,UT Sell,100348883.55008599,100448883.55008599
KIRIINDUS.NS,2023-04-03 00:00:00+05:30,2023-06-19 00:00:00+05:30,297.20001220703125,281.6499938964844,8399524.347407872,-439477.6313504698,-5.232172837097549,Stop Loss,99909405.91873552,100009405.91873552
INSPIRISYS.NS,2023-05-05 00:00:00+05:30,2023-06-19 00:00:00+05:30,54.0,82.9000015258789,9364811.466534076,5011908.62356302,53.51852134422019,UT Sell,104921314.54229854,105021314.54229854
SHRADHA.NS,2023-06-09 00:00:00+05:30,2023-06-22 00:00:00+05:30,20.563444137573242,19.441802978515625,12868462.844538173,-701915.3738874141,-5.454539383352475,Stop Loss,104219399.16841112,104319399.16841112
IOC.NS,2023-04-18 00:00:00+05:30,2023-06-23 00:00:00+05:30,64.77703094482422,74.16140747070312,10294077.42085336,1491323.3455562554,14.487197682574138,UT Sell,105710722.51396738,105810722.51396738
VEDL.NS,2023-06-14 00:00:00+05:30,2023-06-23 00:00:00+05:30,228.5884246826172,224.68370056152344,10829945.74331156,-184996.02695438266,-1.7081897854255956,UT Sell,105525726.487013,105625726.487013
RMDRIP.NS,2023-06-23 00:00:00+05:30,2023-06-30 00:00:00+05:30,2.562035322189331,2.3900671005249023,11215175.241383396,-752781.8704183772,-6.712172161524965,Stop Loss,104772944.61659461,104872944.61659461
RHL.NS,2023-06-23 00:00:00+05:30,2023-06-30 00:00:00+05:30,99.55000305175781,97.75,11215175.241383396,-202786.02754028141,-1.8081396248897708,UT Sell,104570158.58905433,104670158.58905433
ASIANHOTNR.NS,2023-03-28 00:00:00+05:30,2023-07-10 00:00:00+05:30,85.8499984741211,155.6999969482422,10626233.990657896,8645805.954869665,81.36284183531689,UT Sell,113215964.543924,113315964.543924
CANBK.NS,2023-06-30 00:00:00+05:30,2023-07-13 00:00:00+05:30,56.74252700805664,60.473976135253906,10737391.292404067,706102.3094852269,6.576106712109331,UT Sell,113922066.85340923,114022066.85340923
FIBERWEB.NS,2023-06-14 00:00:00+05:30,2023-07-14 00:00:00+05:30,30.850000381469727,29.549999237060547,10829945.74331156,-456367.63974404894,-4.213942069154831,Stop Loss,113465699.21366519,113565699.21366519
VIPULLTD.NS,2023-07-13 00:00:00+05:30,2023-07-19 00:00:00+05:30,14.149999618530273,13.449999809265137,11443493.601889294,-566109.0851309393,-4.946995251847531,Stop Loss,112899590.12853424,112999590.12853424
INDSWFTLAB.NS,2023-07-19 00:00:00+05:30,2023-07-24 00:00:00+05:30,90.94999694824219,88.0,10877384.516758354,-352812.00886191055,-3.243537160227694,UT Sell,112546778.11967233,112646778.11967233
CUPID.NS,2023-07-14 00:00:00+05:30,2023-08-01 00:00:00+05:30,2.512265682220459,2.653214693069458,10373578.10356751,582002.7646798734,5.610434113179519,UT Sell,113128780.8843522,113228780.8843522
JINDRILL.NS,2023-07-10 00:00:00+05:30,2023-08-02 00:00:00+05:30,374.9510498046875,382.77288818359375,19272039.94552756,402033.23010900617,2.086095873842897,UT Sell,113530814.11446121,113630814.11446121
FORCEMOT.NS,2023-05-12 00:00:00+05:30,2023-08-02 00:00:00+05:30,1359.4908447265625,2454.817138671875,7904288.789208449,6368395.476395085,80.56886136409531,UT Sell,119899209.5908563,119999209.5908563
JPOLYINVST.NS,2023-08-01 00:00:00+05:30,2023-08-03 00:00:00+05:30,548.7999877929688,513.0,10955580.868247384,-714667.7661663815,-6.523321535946181,Stop Loss,119184541.82468992,119284541.82468992
SANSERA.NS,2023-06-22 00:00:00+05:30,2023-08-07 00:00:00+05:30,865.859130859375,919.2489624023438,12166547.470650759,750202.7717521116,6.166110587755624,UT Sell,119934744.59644204,120034744.59644204
ASHOKA.NS,2023-08-02 00:00:00+05:30,2023-08-10 00:00:00+05:30,103.6500015258789,98.75,16973378.72062005,-802407.9151565973,-4.72744954533888,Stop Loss,119132336.68128544,119232336.68128544
ERIS.NS,2023-03-24 00:00:00+05:30,2023-08-16 00:00:00+05:30,569.665771484375,805.42724609375,8919852.01230627,3691563.6659002043,41.38592950653373,UT Sell,122823900.34718564,122923900.34718564
TERASOFT.NS,2023-08-10 00:00:00+05:30,2023-08-17 00:00:00+05:30,43.04901885986328,40.95392990112305,16170970.805463454,-787001.034725666,-4.866751935881142,Stop Loss,122036899.31245998,122136899.31245998
INDOTECH.NS,2023-07-24 00:00:00+05:30,2023-08-21 00:00:00+05:30,415.70001220703125,390.1000061035156,10524572.507896444,-648133.5398779307,-6.1582885137771,Stop Loss,121388765.77258204,121488765.77258204
SIGACHI.NS,2023-08-07 00:00:00+05:30,2023-09-08 00:00:00+05:30,33.025569915771484,35.21623992919922,12916750.24240287,856800.8818359356,6.6332542300248765,UT Sell,122245566.65441798,122345566.65441798
CENTRALBK.NS,2023-06-19 00:00:00+05:30,2023-09-12 00:00:00+05:30,26.98835563659668,36.833473205566406,11168383.403077248,4074129.1962792315,36.47913085753019,UT Sell,126319695.8506972,126419695.8506972
INDIANB.NS,2023-06-30 00:00:00+05:30,2023-09-12 00:00:00+05:30,278.94720458984375,365.9543151855469,10737391.292404067,3349126.201358445,31.19124664598665,UT Sell,129668822.05205566,129768822.05205566
NAZARA.NS,2023-08-16 00:00:00+05:30,2023-09-12 00:00:00+05:30,174.16250610351562,206.10000610351562,12611415.678206474,2312650.967386309,18.33775863389193,UT Sell,131981473.01944196,132081473.01944196
ASHOKA.NS,2023-08-17 00:00:00+05:30,2023-09-12 00:00:00+05:30,102.1500015258789,101.5999984741211,15383969.770737788,-82831.4262913838,-0.5384268659246905,UT Sell,131898641.59315059,131998641.59315059
SKYGOLD.NS,2023-09-08 00:00:00+05:30,2023-09-13 00:00:00+05:30,28.459081649780273,27.786466598510742,13773551.124238806,-325530.45490366034,-2.363446085670595,UT Sell,131573111.13824692,131673111.13824692
CANTABIL.NS,2023-09-12 00:00:00+05:30,2023-09-20 00:00:00+05:30,215.8869171142578,219.8148651123047,14888558.770789545,270889.433223851,1.8194469820364434,UT Sell,131844000.57147077,131944000.57147077
BCG.NS,2023-09-12 00:00:00+05:30,2023-09-22 00:00:00+05:30,15.199999809265137,19.200000762939453,14888558.770789543,3918042.765085632,26.315796078077057,UT Sell,135762043.3365564,135862043.3365564
BANKINDIA.NS,2023-06-19 00:00:00+05:30,2023-09-28 00:00:00+05:30,69.0173568725586,99.11515045166016,11168383.403077248,4870422.651779847,43.60902089408829,UT Sell,140632465.98833627,140732465.98833627
NAGREEKCAP.NS,2023-09-28 00:00:00+05:30,2023-10-05 00:00:00+05:30,16.049999237060547,15.399999618530273,16038806.054857096,-649546.3123303838,-4.049842052511632,Stop Loss,139982919.67600587,140082919.67600587
CHENNPETRO.NS,2023-08-21 00:00:00+05:30,2023-10-06 00:00:00+05:30,347.2698059082031,454.15460205078125,9876438.968018513,3039829.9758612495,30.7786033579988,UT Sell,143022749.65186712,143122749.65186712
OMAXAUTO.NS,2023-08-02 00:00:00+05:30,2023-10-09 00:00:00+05:30,50.174644470214844,56.23438262939453,16973378.72062005,2049924.4550623,12.077291674237834,UT Sell,145072674.10692942,145172674.10692942
JPOLYINVST.NS,2023-09-20 00:00:00+05:30,2023-10-09 00:00:00+05:30,529.0999755859375,493.54998779296875,15159448.204013396,-1018556.4609108288,-6.718954721855708,Stop Loss,144054117.6460186,144154117.6460186
SHREERAMA.NS,2023-09-22 00:00:00+05:30,2023-10-09 00:00:00+05:30,19.100000381469727,22.700000762939453,18806601.535875175,3544700.070738431,18.84816916005061,UT Sell,147598817.71675703,147698817.71675703
MANALIPETC.NS,2023-10-05 00:00:00+05:30,2023-10-09 00:00:00+05:30,66.54915618896484,63.74346160888672,15389259.742526712,-648807.0641860571,-4.215973185462218,Stop Loss,146950010.65257096,147050010.65257096
ROLLT.NS,2023-10-06 00:00:00+05:30,2023-10-16 00:00:00+05:30,1.2000000476837158,1.149999976158142,12916268.943879763,-538178.6211459823,-4.1666724615624595,Stop Loss,146411832.03142497,146511832.03142497
HINDZINC.NS,2023-10-09 00:00:00+05:30,2023-10-18 00:00:00+05:30,284.2073669433594,285.529052734375,17563987.300934795,81680.05178363621,0.4650427626948339,UT Sell,146493512.08320862,146593512.08320862
RAJTV.NS,2023-10-09 00:00:00+05:30,2023-10-18 00:00:00+05:30,52.900001525878906,52.25,17563987.3009348,-215815.0891647935,-1.2287363083740566,UT Sell,146277696.99404383,146377696.99404383
KOHINOOR.NS,2023-10-16 00:00:00+05:30,2023-10-23 00:00:00+05:30,35.849998474121094,35.150001525878906,12378090.32273378,-241691.09678580612,-1.9525717657909891,UT Sell,146036005.897258,146136005.897258
GOKULAGRO.NS,2023-10-18 00:00:00+05:30,2023-10-23 00:00:00+05:30,59.95000076293945,54.25,17496919.78224422,-1663593.9089017678,-9.507924421017089,Stop Loss,144372411.98835623,144472411.98835623
DPABHUSHAN.NS,2023-08-03 00:00:00+05:30,2023-10-23 00:00:00+05:30,282.7104187011719,571.2000122070312,10240913.102081003,10450258.152922934,102.04420298029278,UT Sell,154822670.14127916,154922670.14127916
NATCOPHARM.NS,2023-09-13 00:00:00+05:30,2023-10-23 00:00:00+05:30,844.7342529296875,796.0888061523438,13448020.669335146,-774426.9531653691,-5.758668671080014,Stop Loss,154048243.18811378,154148243.18811378
THEINVEST.NS,2023-10-09 00:00:00+05:30,2023-10-25 00:00:00+05:30,84.5,80.3499984741211,17563987.3009348,-862610.3443715628,-4.911244409324144,Stop Loss,153185632.84374222,153285632.84374222
ASHOKAMET.NS,2023-10-18 00:00:00+05:30,2023-10-25 00:00:00+05:30,21.399999618530273,19.149999618530273,17496919.78224422,-1839629.4491501153,-10.514018879008402,Stop Loss,151346003.3945921,151446003.3945921
SARVESHWAR.NS,2023-10-23 00:00:00+05:30,2023-10-25 00:00:00+05:30,4.699999809265137,4.5,15333622.517616035,-652493.9794298224,-4.2553152634363105,Stop Loss,150693509.4151623,150793509.4151623
TPHQ.NS,2023-09-12 00:00:00+05:30,2023-10-26 00:00:00+05:30,1.1549999713897705,1.1050000190734863,14888558.770789545,-644525.755010996,-4.32900030777672,Stop Loss,150048983.6601513,150148983.6601513
MGEL.NS,2023-10-23 00:00:00+05:30,2023-10-26 00:00:00+05:30,8.182080268859863,8.132789611816406,15333622.517616035,-92373.12564949505,-0.6024220665623692,UT Sell,149956610.53450182,150056610.53450182
ICDSLTD.NS,2023-10-25 00:00:00+05:30,2023-11-03 00:00:00+05:30,26.5,24.600000381469727,15541408.172615126,-1114289.4188449811,-7.169809881246314,Stop Loss,148842321.11565685,148942321.11565685
BLUECOAST.NS,2023-10-09 00:00:00+05:30,2023-11-06 00:00:00+05:30,5.699999809265137,7.349999904632568,17563987.300934795,5084312.577426393,28.94737106280982,UT Sell,153926633.69308326,154026633.69308326
PCJEWELLER.NS,2023-11-06 00:00:00+05:30,2023-11-13 00:00:00+05:30,3.0799999237060547,2.940000057220459,22648299.878361188,-1029467.2200124748,-4.545450323165556,Stop Loss,152897166.47307077,152997166.47307077
VOLTAMP.NS,2023-10-26 00:00:00+05:30,2023-11-22 00:00:00+05:30,4606.5234375,5012.06884765625,15142024.688243836,1333061.4065262564,8.803719674035637,UT Sell,154230227.87959704,154330227.87959704
SIGACHI.NS,2023-09-12 00:00:00+05:30,2023-11-24 00:00:00+05:30,37.07889938354492,53.14060974121094,14888558.770789545,6449374.781756185,43.317656739277346,UT Sell,160679602.66135323,160779602.66135323
PREMIERPOL.NS,2023-10-25 00:00:00+05:30,2023-11-29 00:00:00+05:30,30.012657165527344,28.532390594482422,15541408.172615126,-766524.1653881483,-4.932141005979174,Stop Loss,159913078.4959651,160013078.4959651
INDIANB.NS,2023-11-29 00:00:00+05:30,2023-11-30 00:00:00+05:30,399.326904296875,378.4452209472656,14774884.007226977,-772611.226657426,-5.229220251607469,Stop Loss,159140467.26930767,159240467.26930767
LIBAS.NS,2023-10-26 00:00:00+05:30,2023-12-01 00:00:00+05:30,13.800000190734863,15.350000381469727,15142024.688243836,1700734.842789892,11.231885284867694,UT Sell,160841202.11209756,160941202.11209756
TORNTPHARM.NS,2023-10-25 00:00:00+05:30,2023-12-08 00:00:00+05:30,1871.1959228515625,1998.911376953125,15541408.172615126,1060753.701899089,6.825338412822846,UT Sell,161901955.81399664,162001955.81399664
RMDRIP.NS,2023-11-22 00:00:00+05:30,2023-12-12 00:00:00+05:30,4.44785737991333,5.876068592071533,16475086.094770093,5290165.729702614,32.11009459538994,UT Sell,167192121.54369926,167292121.54369926
AUSOMENT.NS,2023-12-01 00:00:00+05:30,2023-12-13 00:00:00+05:30,68.949951171875,66.15666961669922,16842759.53103373,-682329.2654554937,-4.0511726371101116,Stop Loss,166509792.27824378,166609792.27824378
MONARCH.NS,2023-05-19 00:00:00+05:30,2023-12-13 00:00:00+05:30,103.65753173828125,221.17245483398438,10411741.191956814,11803628.206722114,113.36843654777499,UT Sell,178313420.4849659,178413420.4849659
MAGNUM.NS,2023-12-12 00:00:00+05:30,2023-12-14 00:00:00+05:30,48.297698974609375,46.05683898925781,21765251.824472707,-1009838.6242003255,-4.639682703164816,Stop Loss,177303581.86076558,177403581.86076558
HYBRIDFIN.NS,2023-12-14 00:00:00+05:30,2023-12-19 00:00:00+05:30,8.550000190734863,8.300000190734863,20755413.20027238,-606883.4133700915,-2.923976542958562,UT Sell,176696698.44739547,176796698.44739547
SHILPAMED.NS,2023-10-26 00:00:00+05:30,2023-12-20 00:00:00+05:30,163.2272186279297,178.2839813232422,15142024.688243836,1396763.8141108397,9.224419077821722,UT Sell,178093462.26150632,178193462.26150632
SCI.NS,2023-11-13 00:00:00+05:30,2023-12-20 00:00:00+05:30,127.76901245117188,150.48875427246094,21618832.658348713,3844236.4627576806,17.781887317921964,UT Sell,181937698.724264,182037698.724264
JPOLYINVST.NS,2023-12-08 00:00:00+05:30,2023-12-20 00:00:00+05:30,663.6500244140625,618.8499755859375,16602161.874514215,-1120737.7914094925,-6.750553330828102,Stop Loss,180816960.9328545,180916960.9328545
INDIANHUME.NS,2023-12-13 00:00:00+05:30,2023-12-20 00:00:00+05:30,261.8598327636719,247.64541625976562,19187899.83212858,-1041567.915058054,-5.428253869212063,Stop Loss,179775393.01779646,179875393.01779646
HINDPETRO.NS,2023-12-13 00:00:00+05:30,2023-12-20 00:00:00+05:30,227.72824096679688,221.56442260742188,19187899.83212858,-519350.2956024073,-2.7066552366132313,UT Sell,179256042.72219405,179356042.72219405
AUBANK.NS,2023-12-20 00:00:00+05:30,2024-01-02 00:00:00+05:30,757.9153442382812,764.6962280273438,18859632.6320325,168732.53478031978,0.8946756178788595,UT Sell,179424775.25697437,179524775.25697437
KIRIINDUS.NS,2023-11-03 00:00:00+05:30,2024-01-08 00:00:00+05:30,273.3500061035156,409.3999938964844,14427118.753770145,7180571.745057279,49.771349828120215,UT Sell,186605347.00203165,186705347.00203165
HYBRIDFIN.NS,2023-12-20 00:00:00+05:30,2024-01-08 00:00:00+05:30,8.449999809265137,10.399999618530273,18859632.6320325,4352222.5876206495,23.07692134060202,UT Sell,190957569.5896523,191057569.5896523
WEWIN.NS,2023-12-20 00:00:00+05:30,2024-01-12 00:00:00+05:30,76.8499984741211,72.94999694824219,18859632.6320325,-957093.005892653,-5.074823166316933,Stop Loss,190000476.58375964,190100476.58375964
TEMBO.NS,2024-01-08 00:00:00+05:30,2024-01-16 00:00:00+05:30,276.51220703125,297.7976379394531,22409772.859240286,1725065.5115199871,7.697826847043165,UT Sell,191725542.09527963,191825542.09527963
PASUPTAC.NS,2024-01-08 00:00:00+05:30,2024-01-16 00:00:00+05:30,39.75,41.349998474121094,22409772.859240286,902027.7328348383,4.025153394015324,UT Sell,192627569.82811448,192727569.82811448
DPABHUSHAN.NS,2023-11-30 00:00:00+05:30,2024-01-16 00:00:00+05:30,572.2999877929688,705.0499877929688,14002272.780569552,3247949.9410596434,23.195876783422676,UT Sell,195875519.76917413,195975519.76917413
KALYANKJIL.NS,2023-12-20 00:00:00+05:30,2024-01-16 00:00:00+05:30,320.5911865234375,366.00616455078125,18859632.6320325,2671657.3555115946,14.166009527533774,UT Sell,198547177.12468573,198647177.12468573
PREMIERPOL.NS,2024-01-16 00:00:00+05:30,2024-01-17 00:00:00+05:30,30.499460220336914,30.00272560119629,21557037.918002173,-351092.34532808885,-1.6286669191915903,UT Sell,198196084.77935764,198296084.77935764
SHAHALLOYS.NS,2023-11-24 00:00:00+05:30,2024-01-23 00:00:00+05:30,54.650001525878906,78.69999694824219,21337933.55254573,9390250.501976788,44.00730969966153,UT Sell,207586335.28133443,207686335.28133443
HECPROJECT.NS,2024-01-16 00:00:00+05:30,2024-01-23 00:00:00+05:30,81.3499984741211,84.4000015258789,21557037.918002173,808224.1262448393,3.7492355365293273,UT Sell,208394559.40757927,208494559.40757927
SAMPANN.NS,2024-01-23 00:00:00+05:30,2024-01-29 00:00:00+05:30,25.899999618530273,27.0,26546723.049384765,1127467.409698423,4.247105782514082,UT Sell,209522026.8172777,209622026.8172777
VOLTAMP.NS,2024-01-17 00:00:00+05:30,2024-02-09 00:00:00+05:30,6923.52783203125,7534.8154296875,21205945.572674084,1872301.497103393,8.82913469096156,UT Sell,211394328.3143811,211494328.3143811
JPOLYINVST.NS,2024-01-29 00:00:00+05:30,2024-02-09 00:00:00+05:30,692.2000122070312,683.2000122070312,27674190.45908319,-359820.44169230014,-1.3002022307546768,UT Sell,211034507.8726888,211134507.8726888
GRSE.NS,2023-10-26 00:00:00+05:30,2024-02-12 00:00:00+05:30,725.2200927734375,755.7936401367188,15142024.688243836,638351.603320267,4.215761210691182,UT Sell,211672859.47600907,211772859.47600907
SOUTHBANK.NS,2024-01-12 00:00:00+05:30,2024-02-12 00:00:00+05:30,26.521522521972656,32.079341888427734,17902539.626139846,3751635.3505141363,20.955883516304596,UT Sell,215424494.8265232,215524494.8265232
TMB.NS,2024-01-16 00:00:00+05:30,2024-02-12 00:00:00+05:30,488.9874267578125,465.6158447265625,21557037.918002173,-1030337.4943439774,-4.779587521546958,Stop Loss,214394157.33217925,214494157.33217925
CHOLAFIN.NS,2024-02-13 00:00:00+05:30,2024-02-20 00:00:00+05:30,1138.710693359375,1097.0203857421875,19320417.23062543,-707356.2603165768,-3.6611852211727802,UT Sell,213686801.07186267,213786801.07186267
IZMO.NS,2024-02-09 00:00:00+05:30,2024-02-21 00:00:00+05:30,301.6499938964844,306.3999938964844,25196308.543584183,396759.383403454,1.5746726657087429,UT Sell,214083560.45526612,214183560.45526612
HECPROJECT.NS,2024-02-12 00:00:00+05:30,2024-02-23 00:00:00+05:30,78.19999694824219,88.80000305175781,19320417.230625425,2618881.6951315925,13.554995546267602,UT Sell,216702442.15039772,216802442.15039772
WEBELSOLAR.NS,2024-01-23 00:00:00+05:30,2024-02-26 00:00:00+05:30,29.979999542236328,39.46500015258789,26546723.049384765,8398788.798229113,31.637761024608867,UT Sell,225101230.94862682,225201230.94862682
CSLFINANCE.NS,2024-01-16 00:00:00+05:30,2024-02-28 00:00:00+05:30,424.70660400390625,447.7381896972656,21557037.918002173,1169025.3022269867,5.422940325445835,UT Sell,226270256.2508538,226370256.2508538
REDINGTON.NS,2024-02-13 00:00:00+05:30,2024-02-28 00:00:00+05:30,189.2375946044922,193.278076171875,19320417.23062543,412517.34285484254,2.1351368240689395,UT Sell,226682773.59370863,226782773.59370863
GOCLCORP.NS,2024-02-21 00:00:00+05:30,2024-02-28 00:00:00+05:30,479.7059631347656,467.247314453125,25593067.926987637,-664688.5102366917,-2.597142758081694,UT Sell,226018085.08347195,226118085.08347195
BAJAJHCARE.NS,2024-02-28 00:00:00+05:30,2024-02-29 00:00:00+05:30,356.3665771484375,333.58062744140625,22462459.070153452,-1436241.4869663045,-6.3939637351401295,Stop Loss,224581843.59650564,224681843.59650564
NILASPACES.NS,2024-02-09 00:00:00+05:30,2024-03-01 00:00:00+05:30,5.050000190734863,5.449999809265137,25196308.543584183,1995745.2327022888,7.9207842261896255,UT Sell,226577588.82920793,226677588.82920793
GOKULAGRO.NS,2024-02-26 00:00:00+05:30,2024-03-06 00:00:00+05:30,57.75,53.67499923706055,34945511.84761388,-2465852.59636946,-7.05627837738434,Stop Loss,224111736.23283845,224211736.23283845
DONEAR.NS,2024-02-28 00:00:00+05:30,2024-03-06 00:00:00+05:30,104.75982666015625,99.08097839355469,22462459.070153452,-1217650.8955857717,-5.4208263297570225,Stop Loss,222894085.33725268,222994085.33725268
DBL.NS,2024-03-01 00:00:00+05:30,2024-03-06 00:00:00+05:30,455.4468994140625,430.4458312988281,27192053.77628647,-1492666.6303550713,-5.48934862601953,Stop Loss,221401418.70689762,221501418.70689762
20MICRONS.NS,2024-03-06 00:00:00+05:30,2024-03-07 00:00:00+05:30,155.85696411132812,147.1954803466797,26474618.190581165,-1471281.5493389815,-5.557328678917139,Stop Loss,219930137.15755862,220030137.15755862
GENUSPOWER.NS,2024-02-29 00:00:00+05:30,2024-03-11 00:00:00+05:30,248.00210571289062,234.3701629638672,21026217.583187148,-1155749.0348664336,-5.496704437181266,Stop Loss,218774388.1226922,218874388.1226922
NGIL.NS,2024-03-06 00:00:00+05:30,2024-03-11 00:00:00+05:30,56.150001525878906,51.25,26474618.19058116,-2310341.3358078003,-8.726627591667203,Stop Loss,216464046.7868844,216564046.7868844
SUPREMEINF.NS,2024-02-23 00:00:00+05:30,2024-03-12 00:00:00+05:30,69.3499984741211,78.44999694824219,21939298.925757017,2878840.53555065,13.121843798622269,UT Sell,219342887.32243505,219442887.32243505
CIGNITITEC.NS,2024-03-11 00:00:00+05:30,2024-03-13 00:00:00+05:30,1177.4000244140625,1092.3499755859375,22017372.701547038,-1590435.3529001325,-7.223547398043451,Stop Loss,217752451.96953493,217852451.96953493
FORCEMOT.NS,2024-03-07 00:00:00+05:30,2024-03-13 00:00:00+05:30,6460.64697265625,5832.7880859375,25003336.641242184,-2429875.3939452767,-9.7182045292998,Stop Loss,215322576.57558966,215422576.57558966
WILLAMAGOR.NS,2024-02-20 00:00:00+05:30,2024-03-13 00:00:00+05:30,33.599998474121094,31.799999237060547,18613060.97030885,-997127.8889111243,-5.357140829773899,Stop Loss,214325448.68667853,214425448.68667853
STARTECK.NS,2023-12-21 00:00:00+05:30,2024-03-19 00:00:00+05:30,285.8663330078125,273.18780517578125,18859632.6320325,-836448.1914020069,-4.435124520831479,Stop Loss,213489000.4952765,213589000.4952765
AUBANK.NS,2024-03-11 00:00:00+05:30,2024-03-19 00:00:00+05:30,582.5592041015625,558.5767822265625,22017372.701547038,-906397.0099347271,-4.1167355534252215,Stop Loss,212582603.4853418,212682603.4853418
HDFCBANK.NS,2024-03-12 00:00:00+05:30,2024-03-20 00:00:00+05:30,710.3422241210938,696.4716186523438,24818139.461307667,-484615.17455497757,-1.952665208085036,UT Sell,212097988.3107868,212197988.3107868
AUSOMENT.NS,2024-03-14 00:00:00+05:30,2024-03-20 00:00:00+05:30,80.12307739257812,76.34970092773438,20205443.89244718,-951570.3705677129,-4.709475206943658,Stop Loss,211146417.9402191,211246417.9402191
NITCO.NS,2023-12-19 00:00:00+05:30,2024-03-26 00:00:00+05:30,29.75,55.25,20148529.78690229,17270168.388773393,85.71428571428572,UT Sell,228416586.3289925,228516586.3289925
ELECTHERM.NS,2024-01-02 00:00:00+05:30,2024-03-26 00:00:00+05:30,249.6999969482422,521.2999877929688,19028365.16681282,20697252.175648678,108.7705222924067,UT Sell,249113838.50464118,249213838.50464118
PCJEWELLER.NS,2024-02-28 00:00:00+05:30,2024-03-26 00:00:00+05:30,5.764999866485596,5.409999847412109,22462459.070153456,-1383204.4376443364,-6.1578495627944925,Stop Loss,247730634.06699684,247830634.06699684
INDIANHUME.NS,2024-03-14 00:00:00+05:30,2024-03-27 00:00:00+05:30,269.5818176269531,251.3342742919922,20205443.892447177,-1367672.776580792,-6.768833111813144,Stop Loss,246362961.29041606,246462961.29041606
NAGREEKCAP.NS,2024-03-26 00:00:00+05:30,2024-03-28 00:00:00+05:30,16.600000381469727,15.5,32741190.050215434,-2169597.6335767433,-6.626508169828938,Stop Loss,244193363.6568393,244293363.6568393
REDINGTON.NS,2024-03-14 00:00:00+05:30,2024-04-04 00:00:00+05:30,195.1794891357422,205.25692749023438,20205443.89244718,1043240.3330540322,5.1631646332897185,UT Sell,245236603.98989335,245336603.98989335
ASHOKAMET.NS,2024-04-04 00:00:00+05:30,2024-04-09 00:00:00+05:30,21.700000762939453,20.950000762939453,21248684.225501213,-734401.5027106926,-3.4562210766411305,UT Sell,244502202.48718265,244602202.48718265
PASHUPATI.NS,2024-04-09 00:00:00+05:30,2024-04-15 00:00:00+05:30,9.62950611114502,9.225366592407227,20514282.72279052,-860961.3256534673,-4.19688729695128,Stop Loss,243641241.16152918,243741241.16152918
INDIANB.NS,2024-03-26 00:00:00+05:30,2024-04-15 00:00:00+05:30,487.6689453125,490.6247863769531,32741190.05021543,198449.6962124072,0.6061163198651132,UT Sell,243839690.8577416,243939690.8577416
DBL.NS,2024-03-28 00:00:00+05:30,2024-04-15 00:00:00+05:30,455.0982360839844,441.9004821777344,30571592.41663869,-886569.8023987003,-2.8999791385292184,UT Sell,242953121.05534288,243053121.05534288
GOKULAGRO.NS,2024-03-20 00:00:00+05:30,2024-04-15 00:00:00+05:30,54.400001525878906,56.5,21793698.90431608,841300.2419263981,3.860291204444355,UT Sell,243794421.29726928,243894421.29726928
PNBGILTS.NS,2024-03-19 00:00:00+05:30,2024-04-15 00:00:00+05:30,107.60306549072266,106.08131408691406,19567080.0661214,-276722.8928215094,-1.4142268130268087,UT Sell,243517698.40444776,243617698.40444776
TIIL.NS,2024-04-15 00:00:00+05:30,2024-04-18 00:00:00+05:30,2259.289794921875,2204.345458984375,24840668.01546945,-604107.543627914,-2.431929540911326,UT Sell,242913590.86081985,243013590.86081985
BAJAJ-AUTO.NS,2024-03-06 00:00:00+05:30,2024-04-19 00:00:00+05:30,8325.4228515625,8517.6494140625,26474618.190581165,611275.2395898141,2.3089105013317512,UT Sell,243524866.10040966,243624866.10040966
RMDRIP.NS,2024-04-16 00:00:00+05:30,2024-04-19 00:00:00+05:30,8.09708309173584,7.869734764099121,24840668.015469454,-697471.4556727111,-2.807780592850262,UT Sell,242827394.64473695,242927394.64473695
KMSUGAR.NS,2024-04-18 00:00:00+05:30,2024-04-23 00:00:00+05:30,36.04999923706055,40.400001525878906,24236560.471841536,2924524.1541423053,12.066580806876747,UT Sell,245751918.79887927,245851918.79887927
SPMLINFRA.NS,2024-03-19 00:00:00+05:30,2024-04-30 00:00:00+05:30,118.3499984741211,113.0999984741211,19567080.0661214,-867994.690930225,-4.435994987484504,Stop Loss,244883924.10794905,244983924.10794905
NGIL.NS,2024-04-30 00:00:00+05:30,2024-05-02 00:00:00+05:30,61.650001525878906,58.54999923706055,18699085.375191174,-940262.8714870252,-5.028389638428587,Stop Loss,243943661.23646203,244043661.23646203
KRISHNADEF.NS,2024-04-15 00:00:00+05:30,2024-05-03 00:00:00+05:30,434.6378479003906,409.4732666015625,24840668.01546945,-1438220.3777516894,-5.789781405459948,Stop Loss,242505440.85871035,242605440.85871035
INDSWFTLAB.NS,2024-04-23 00:00:00+05:30,2024-05-03 00:00:00+05:30,123.75,116.0,27161084.62598384,-1700997.21900101,-6.2626262626262585,Stop Loss,240804443.63970935,240904443.63970935
MSPL.NS,2024-03-26 00:00:00+05:30,2024-05-06 00:00:00+05:30,27.100000381469727,25.75,32741190.05021543,-1631019.1304567978,-4.981551153013342,Stop Loss,239173424.50925255,239273424.50925255
SHEKHAWATI.NS,2024-03-20 00:00:00+05:30,2024-05-07 00:00:00+05:30,1.850000023841858,2.75,21793698.90431608,10602339.590001471,48.648646732940584,UT Sell,249775764.099254,249875764.099254
NATCOPHARM.NS,2024-05-03 00:00:00+05:30,2024-05-08 00:00:00+05:30,1023.2341918945312,974.650146484375,24431267.522350296,-1160017.7360530272,-4.748086586141365,Stop Loss,248615746.363201,248715746.363201
KOHINOOR.NS,2024-05-08 00:00:00+05:30,2024-05-09 00:00:00+05:30,42.099998474121094,39.5,23271249.78629727,-1437178.5303616188,-6.175768570916496,Stop Loss,247178567.83283937,247278567.83283937
RVHL.NS,2024-05-07 00:00:00+05:30,2024-05-09 00:00:00+05:30,44.95000076293945,44.900001525878906,32396038.49431755,-36035.08745288849,-0.11123300603316233,UT Sell,247142532.74538648,247242532.74538648
ONGC.NS,2024-04-15 00:00:00+05:30,2024-05-09 00:00:00+05:30,252.10952758789062,238.956787109375,24840668.01546945,-1295956.018982783,-5.217073945739836,Stop Loss,245846576.7264037,245946576.7264037
NITCO.NS,2024-04-19 00:00:00+05:30,2024-05-10 00:00:00+05:30,60.70000076293945,76.19999694824219,25614544.99498386,6540779.9789175615,25.535413493382197,UT Sell,252387356.70532128,252487356.70532128
KRYSTAL.NS,2024-05-03 00:00:00+05:30,2024-05-13 00:00:00+05:30,753.8019409179688,696.6406860351562,24431267.522350296,-1852637.7210631482,-7.583060188622282,Stop Loss,250534718.98425815,250634718.98425815
BAIDFIN.NS,2024-05-09 00:00:00+05:30,2024-05-14 00:00:00+05:30,23.072736740112305,21.938819885253906,25912928.88642899,-1273498.9851457886,-4.914531239317899,Stop Loss,249261219.99911237,249361219.99911237
VIPULLTD.NS,2024-05-06 00:00:00+05:30,2024-05-15 00:00:00+05:30,35.79999923706055,39.349998474121094,31110170.919758633,3084946.519094795,9.91619919752833,UT Sell,252346166.51820716,252446166.51820716
BCLIND.NS,2024-05-09 00:00:00+05:30,2024-05-15 00:00:00+05:30,57.480438232421875,55.05656814575195,25912928.88642899,-1092712.1489897147,-4.216860833365632,Stop Loss,251253454.36921746,251353454.36921746
MANINDS.NS,2024-04-16 00:00:00+05:30,2024-05-17 00:00:00+05:30,376.29998779296875,366.8999938964844,24840668.015469454,-620521.220581267,-2.4980053684338754,UT Sell,250632933.1486362,250732933.1486362
KIRIINDUS.NS,2024-05-17 00:00:00+05:30,2024-05-21 00:00:00+05:30,369.79998779296875,327.25,24220146.794888187,-2786822.564860016,-11.506216656986535,Stop Loss,247846110.58377618,247946110.58377618
SHREERAMA.NS,2024-05-02 00:00:00+05:30,2024-05-23 00:00:00+05:30,24.149999618530273,27.149999618530273,17758822.50370415,2206064.9421391077,12.42236044466891,UT Sell,250052175.5259153,250152175.5259153
NITCO.NS,2024-05-15 00:00:00+05:30,2024-05-27 00:00:00+05:30,79.05000305175781,74.80000305175781,29507667.08814635,-1586433.6531715468,-5.376343878465539,Stop Loss,248465741.87274376,248565741.87274376
SUPREMEINF.NS,2024-05-13 00:00:00+05:30,2024-05-28 00:00:00+05:30,80.55000305175781,114.19999694824219,22578629.80128715,9432287.10390114,41.77528568790048,UT Sell,257898028.9766449,257998028.9766449
TMB.NS,2024-03-27 00:00:00+05:30,2024-05-29 00:00:00+05:30,455.244384765625,445.398681640625,18837771.115866385,-407409.9717649594,-2.1627291745880406,UT Sell,257490619.00487995,257590619.00487995
CHENNPETRO.NS,2024-05-23 00:00:00+05:30,2024-05-30 00:00:00+05:30,883.2456665039062,864.2479858398438,19964887.445843257,-429423.6253559962,-2.1508942964033717,UT Sell,257061195.37952396,257161195.37952396
TERASOFT.NS,2024-05-27 00:00:00+05:30,2024-05-30 00:00:00+05:30,61.655372619628906,59.061458587646484,27921233.434974805,-1174679.1255978905,-4.207117598631804,Stop Loss,255886516.25392607,255986516.25392607
KMSUGAR.NS,2024-05-29 00:00:00+05:30,2024-05-31 00:00:00+05:30,37.5,35.95000076293945,18430361.144101426,-761787.8856562003,-4.133331298828125,Stop Loss,255124728.36826986,255224728.36826986
NGIL.NS,2024-05-30 00:00:00+05:30,2024-06-03 00:00:00+05:30,49.349998474121094,46.25,23141009.064932086,-1453639.2099085972,-6.281658703083282,Stop Loss,253671089.15836126,253771089.15836126
FMNL.NS,2024-05-09 00:00:00+05:30,2024-06-04 00:00:00+05:30,5.900000095367432,7.449999809265137,25912928.886428993,6807632.493388154,26.27118116683991,UT Sell,260478721.6517494,260578721.6517494
ASHOKA.NS,2024-05-14 00:00:00+05:30,2024-06-04 00:00:00+05:30,172.1999969482422,172.14999389648438,24639429.9012832,-7154.742801807821,-0.029037777377449725,UT Sell,260471566.9089476,260571566.9089476
BPCL.NS,2024-05-15 00:00:00+05:30,2024-06-04 00:00:00+05:30,278.7265319824219,258.7267150878906,29507667.08814635,-2117300.9061976634,-7.175426304874543,Stop Loss,258354266.00274992,258454266.00274992
HINDPETRO.NS,2024-05-21 00:00:00+05:30,2024-06-04 00:00:00+05:30,329.157958984375,309.1029968261719,21433324.23002817,-1305891.2738552913,-6.092807909030428,Stop Loss,257048374.72889462,257148374.72889462
BCG.NS,2024-05-28 00:00:00+05:30,2024-06-04 00:00:00+05:30,10.5,9.949999809265137,32010916.90518829,-1676762.8955668025,-5.238097054617741,Stop Loss,255371611.83332783,255471611.83332783
VENUSREM.NS,2024-05-31 00:00:00+05:30,2024-06-04 00:00:00+05:30,322.8999938964844,301.1000061035156,17668573.258445226,-1192860.6027684212,-6.7513125441425075,Stop Loss,254178751.2305594,254278751.2305594
DBL.NS,2024-06-03 00:00:00+05:30,2024-06-04 00:00:00+05:30,424.7185363769531,377.60504150390625,21687369.85502349,-2405752.753790017,-11.0928746541055,Stop Loss,251772998.4767694,251872998.4767694
ABINFRA.NS,2024-06-05 00:00:00+05:30,2024-06-06 00:00:00+05:30,4.554176330566406,4.509085655212402,24423159.9204217,-241812.50244952366,-0.9900950705700073,UT Sell,251531185.97431988,251631185.97431988
SHEKHAWATI.NS,2024-05-10 00:00:00+05:30,2024-06-13 00:00:00+05:30,2.9000000953674316,4.03000020980835,32155324.97390142,12529489.55361665,38.96551990622421,UT Sell,264060675.52793652,264160675.52793652
TERASOFT.NS,2024-06-06 00:00:00+05:30,2024-06-14 00:00:00+05:30,69.43711853027344,67.781005859375,24382857.836680114,-581544.2902982198,-2.385053852971164,UT Sell,263479131.2376383,263579131.2376383
AVANTIFEED.NS,2024-06-06 00:00:00+05:30,2024-06-14 00:00:00+05:30,552.3870849609375,581.1618041992188,24382857.836680114,1270141.7313676141,5.20915858130826,UT Sell,264749272.9690059,264849272.9690059
SRM.NS,2024-06-14 00:00:00+05:30,2024-06-19 00:00:00+05:30,184.77999877929688,177.02000427246094,24727156.55721481,-1038438.1443948671,-4.199585755006174,Stop Loss,263710834.82461104,263810834.82461104
HINDPETRO.NS,2024-06-14 00:00:00+05:30,2024-06-21 00:00:00+05:30,335.06201171875,319.42724609375,24727156.55721481,-1153826.1092673466,-4.666230452327069,Stop Loss,262557008.71534368,262657008.71534368
RADHIKAJWE.NS,2024-06-21 00:00:00+05:30,2024-06-26 00:00:00+05:30,61.289459228515625,58.48406219482422,23573330.447947465,-1079019.9839474224,-4.577291216147916,Stop Loss,261477988.73139626,261577988.73139626
KOHINOOR.NS,2024-06-13 00:00:00+05:30,2024-06-27 00:00:00+05:30,41.220001220703125,42.189998626708984,44684814.52751807,1051532.0935452878,2.3532202262979807,UT Sell,262529520.82494155,262629520.82494155
FIBERWEB.NS,2024-06-26 00:00:00+05:30,2024-06-27 00:00:00+05:30,46.86000061035156,44.650001525878906,22494310.464000043,-1060870.7828378081,-4.716173827758041,Stop Loss,261468650.04210374,261568650.04210374
INDSWFTLAB.NS,2024-06-06 00:00:00+05:30,2024-07-04 00:00:00+05:30,110.8499984741211,127.1500015258789,24382857.836680114,3585391.6339137256,14.704558661372635,UT Sell,265054041.67601746,265154041.67601746
BPCL.NS,2024-06-27 00:00:00+05:30,2024-07-08 00:00:00+05:30,271.8815612792969,267.1101379394531,33584893.151112795,-589402.7616045661,-1.7549639326008504,UT Sell,264464638.9144129,264564638.9144129
KIRIINDUS.NS,2024-07-08 00:00:00+05:30,2024-07-12 00:00:00+05:30,363.8500061035156,343.6000061035156,32995490.38950823,-1836357.4802234583,-5.565480186975414,Stop Loss,262628281.43418944,262728281.43418944
WILLAMAGOR.NS,2024-07-04 00:00:00+05:30,2024-07-18 00:00:00+05:30,39.290000915527344,37.619998931884766,27968249.47059384,-1188776.5590874217,-4.250450355633861,Stop Loss,261439504.875102,261539504.875102
GOLDIAM.NS,2024-06-05 00:00:00+05:30,2024-07-19 00:00:00+05:30,162.1133575439453,167.07418823242188,24423159.920421697,747373.0917574465,3.0600998977717175,UT Sell,262186877.96685946,262286877.96685946
CHENNPETRO.NS,2024-06-06 00:00:00+05:30,2024-07-19 00:00:00+05:30,883.3866577148438,1020.0826416015625,24382857.836680114,3773023.6390222684,15.474082916344445,UT Sell,265959901.60588172,266059901.60588172
JINDRILL.NS,2024-06-27 00:00:00+05:30,2024-07-19 00:00:00+05:30,640.4279174804688,613.29443359375,33584893.151112795,-1422916.0414148904,-4.23677406092251,Stop Loss,264536985.56446683,264636985.56446683
RAMAPHO.NS,2024-07-18 00:00:00+05:30,2024-07-23 00:00:00+05:30,96.04357147216797,91.7779541015625,26779472.91150642,-1189366.2748691365,-4.441335640919586,Stop Loss,263347619.2895977,263447619.2895977
WEWIN.NS,2024-07-19 00:00:00+05:30,2024-07-26 00:00:00+05:30,75.01000213623047,71.55999755859375,28496130.53252648,-1310648.9532369226,-4.599392720148099,Stop Loss,262036970.33636075,262136970.33636075
TERASOFT.NS,2024-07-26 00:00:00+05:30,2024-08-01 00:00:00+05:30,77.987060546875,73.12846374511719,27185481.579289556,-1693656.5236484595,-6.230003756632807,Stop Loss,260343313.81271228,260443313.81271228
HECPROJECT.NS,2024-08-01 00:00:00+05:30,2024-08-02 00:00:00+05:30,114.02999877929688,111.73999786376953,25491825.055641096,-511938.1157660745,-2.008244269088877,UT Sell,259831375.6969462,259931375.6969462
DRCSYSTEMS.NS,2024-08-02 00:00:00+05:30,2024-08-05 00:00:00+05:30,26.780000686645508,26.239999771118164,24979886.93987502,-503702.8182015233,-2.016433538766216,UT Sell,259327672.8787447,259427672.8787447
RHL.NS,2024-07-22 00:00:00+05:30,2024-08-05 00:00:00+05:30,167.50999450683594,205.99000549316406,28496130.53252648,6546065.6194738895,22.971770191752828,UT Sell,265873738.4982186,265973738.4982186
ASHOKA.NS,2024-07-22 00:00:00+05:30,2024-08-05 00:00:00+05:30,236.72000122070312,239.35000610351562,28496130.53252648,316597.50783767924,1.111019292518689,UT Sell,266190336.00605628,266290336.00605628
BAJAJHLDNG.NS,2024-05-30 00:00:00+05:30,2024-08-05 00:00:00+05:30,7863.759765625,9003.8759765625,23141009.064932086,3355066.833006665,14.498360134567069,UT Sell,269545402.8390629,269645402.8390629
TERASOFT.NS,2024-08-05 00:00:00+05:30,2024-08-09 00:00:00+05:30,76.80982208251953,84.45189666748047,28706796.05299419,2856138.324296035,9.949345510461916,UT Sell,272401541.163359,272501541.163359
INDOTHAI.NS,2024-08-05 00:00:00+05:30,2024-08-09 00:00:00+05:30,28.534330368041992,27.21121597290039,28706796.05299419,-1331111.492935203,-4.636921133511052,Stop Loss,271070429.6704238,271170429.6704238
WEBELSOLAR.NS,2024-08-05 00:00:00+05:30,2024-08-14 00:00:00+05:30,63.630001068115234,81.0,28706796.05299419,7836508.068647638,27.298441993251533,UT Sell,278906937.7390714,279006937.7390714
BLUECOAST.NS,2024-08-05 00:00:00+05:30,2024-08-19 00:00:00+05:30,9.65999984741211,9.170000076293945,28706796.05299419,-1456141.1716037765,-5.072461478862589,Stop Loss,277450796.56746763,277550796.56746763
GABRIEL.NS,2024-08-09 00:00:00+05:30,2024-08-28 00:00:00+05:30,499.3943786621094,510.84906005859375,29469309.468674608,675941.8314687572,2.293714524214674,UT Sell,278126738.3989364,278226738.3989364
TBZ.NS,2024-06-19 00:00:00+05:30,2024-08-29 00:00:00+05:30,116.4383544921875,194.67449951171875,23688718.412819944,15916697.012379803,67.19104315818937,UT Sell,294043435.4113162,294143435.4113162
RELINFRA.NS,2024-08-28 00:00:00+05:30,2024-09-02 00:00:00+05:30,213.5,204.75,30145251.300143365,-1235461.1188583337,-4.098360655737709,Stop Loss,292807974.2924579,292907974.2924579
CHENNPETRO.NS,2024-08-14 00:00:00+05:30,2024-09-04 00:00:00+05:30,951.09228515625,958.232666015625,36543304.12164183,274350.9892372042,0.7507558383992086,UT Sell,293082325.28169507,293182325.28169507
KIRIINDUS.NS,2024-08-09 00:00:00+05:30,2024-09-06 00:00:00+05:30,334.95001220703125,385.5,29469309.468674608,4447449.409220979,15.091800552532607,UT Sell,297529774.69091606,297629774.69091606
GABRIEL.NS,2024-08-30 00:00:00+05:30,2024-09-06 00:00:00+05:30,543.8246459960938,515.2623291015625,39605415.42519975,-2080123.5001810417,-5.25211887780761,Stop Loss,295449651.19073504,295549651.19073504
INDSWFTLAB.NS,2024-09-02 00:00:00+05:30,2024-09-06 00:00:00+05:30,154.82000732421875,145.42999267578125,28909790.18128503,-1753412.6110524721,-6.065117041864787,Stop Loss,293696238.5796826,293796238.5796826
FMNL.NS,2024-08-19 00:00:00+05:30,2024-09-09 00:00:00+05:30,7.210000038146973,13.470000267028809,27250654.881390415,23660070.02664686,86.8238584710286,UT Sell,317356308.60632944,317456308.60632944
WEBELSOLAR.NS,2024-09-06 00:00:00+05:30,2024-09-12 00:00:00+05:30,108.93499755859375,102.76499938964844,32866142.79104895,-1861514.1633614525,-5.663926476545433,Stop Loss,315494794.442968,315594794.442968
NIBL.NS,2024-09-06 00:00:00+05:30,2024-09-17 00:00:00+05:30,39.9900016784668,38.349998474121094,32866142.791048948,-1347851.3935853913,-4.10103309705232,Stop Loss,314146943.0493826,314246943.0493826
NAZARA.NS,2024-06-06 00:00:00+05:30,2024-09-19 00:00:00+05:30,202.41250610351562,258.125,24382857.836680114,6711195.096365109,27.524235023300637,UT Sell,320858138.1457477,320958138.1457477
PASUPTAC.NS,2024-09-09 00:00:00+05:30,2024-09-26 00:00:00+05:30,54.86000061035156,52.41999816894531,41888433.84954311,-1863067.43934457,-4.447689417170453,Stop Loss,318995070.70640314,319095070.70640314
REDINGTON.NS,2024-09-17 00:00:00+05:30,2024-09-30 00:00:00+05:30,188.88633728027344,180.64964294433594,31518291.397463556,-1374406.0897676572,-4.3606617898020446,Stop Loss,317620664.6166355,317720664.6166355
MUTHOOTFIN.NS,2024-09-12 00:00:00+05:30,2024-10-01 00:00:00+05:30,1945.9302978515625,1916.0516357421875,31004628.6276875,-476058.58422375843,-1.5354435943755518,UT Sell,317144606.03241175,317244606.03241175
KOHINOOR.NS,2024-09-30 00:00:00+05:30,2024-10-01 00:00:00+05:30,51.029998779296875,47.880001068115234,30143885.3076959,-1860732.3534541577,-6.172835168594226,Stop Loss,315283873.6789576,315383873.6789576
EDELWEISS.NS,2024-07-23 00:00:00+05:30,2024-10-03 00:00:00+05:30,60.52594757080078,131.16696166992188,25590106.63663728,29866712.64588001,116.7119507158283,UT Sell,345150586.32483757,345250586.32483757
VGL.NS,2024-09-09 00:00:00+05:30,2024-10-07 00:00:00+05:30,22.424999237060547,24.049999237060547,41888433.84954311,3035393.860482909,7.246377058129183,UT Sell,348185980.1853205,348285980.1853205
KIRIINDUS.NS,2024-10-01 00:00:00+05:30,2024-10-07 00:00:00+05:30,361.29998779296875,341.54998779296875,29405861.49885274,-1607433.6679333933,-5.466371621168475,Stop Loss,346578546.5173871,346678546.5173871
ASHOKA.NS,2024-10-01 00:00:00+05:30,2024-10-07 00:00:00+05:30,236.74000549316406,229.99000549316406,29405861.49885274,-838428.4891088568,-2.8512291304288673,UT Sell,345740118.02827823,345840118.02827823
VIPULLTD.NS,2024-10-03 00:00:00+05:30,2024-10-07 00:00:00+05:30,38.0099983215332,37.900001525878906,55456819.28251729,-160485.9954650551,-0.28938910947539087,UT Sell,345579632.0328132,345679632.0328132
GUJAPOLLO.NS,2024-06-06 00:00:00+05:30,2024-10-16 00:00:00+05:30,228.16641235351562,328.57574462890625,24382857.836680114,10730179.122742832,44.00706100414937,UT Sell,356309811.155556,356409811.155556
TAINWALCHM.NS,2024-10-07 00:00:00+05:30,2024-10-17 00:00:00+05:30,247.9530792236328,234.64328002929688,39146505.45943537,-2101333.5605932698,-5.367870097040262,Stop Loss,354208477.5949628,354308477.5949628
UNITEDTEA.NS,2024-09-26 00:00:00+05:30,2024-10-17 00:00:00+05:30,434.95428466796875,444.32037353515625,40025366.41019854,861886.2992138043,2.1533501789360088,UT Sell,355070363.8941766,355170363.8941766
MVGJL.NS,2024-09-04 00:00:00+05:30,2024-10-21 00:00:00+05:30,252.75999450683594,244.85000610351562,36817655.110879034,-1152188.7612504438,-3.1294463424695107,UT Sell,353918175.13292617,354018175.13292617
MANAKCOAT.NS,2024-09-19 00:00:00+05:30,2024-10-21 00:00:00+05:30,63.47821044921875,59.09971237182617,31094052.933045223,-2144755.657448709,-6.897639436283864,Stop Loss,351773419.47547746,351873419.47547746
INDSWFTLAB.NS,2024-10-16 00:00:00+05:30,2024-10-21 00:00:00+05:30,120.83999633789062,125.16000366210938,35113036.959422946,1255284.520334825,3.574981343212902,UT Sell,353028703.9958123,353128703.9958123
CENTRALBK.NS,2024-10-17 00:00:00+05:30,2024-10-21 00:00:00+05:30,57.767818450927734,55.48531723022461,38966212.304127224,-1539618.9355133772,-3.951163955831305,UT Sell,351489085.0602989,351589085.0602989
NEXTMEDIA.NS,2024-07-12 00:00:00+05:30,2024-10-22 00:00:00+05:30,6.989999771118164,6.659999847412109,31159132.90928477,-1471031.7338345125,-4.721029106031938,Stop Loss,350018053.3264644,350118053.3264644
NATCOPHARM.NS,2024-10-07 00:00:00+05:30,2024-10-22 00:00:00+05:30,1389.609375,1316.6417236328125,39146505.45943537,-2055562.2421644777,-5.250946969696968,Stop Loss,347962491.0842999,348062491.0842999
NAHARCAP.NS,2024-10-21 00:00:00+05:30,2024-10-22 00:00:00+05:30,341.9682922363281,310.78076171875,34602419.61839918,-3155742.922168575,-9.120006511020318,Stop Loss,344806748.16213137,344906748.16213137
MGEL.NS,2024-10-21 00:00:00+05:30,2024-10-22 00:00:00+05:30,13.826799392700195,13.032270431518555,34602419.61839919,-1988357.8066730723,-5.746297017957092,Stop Loss,342818390.3554583,342918390.3554583
NAHARPOLY.NS,2024-10-21 00:00:00+05:30,2024-10-23 00:00:00+05:30,249.86209106445312,234.97201538085938,34602419.61839918,-2062068.0982795656,-5.959317646050111,Stop Loss,340756322.2571788,340856322.2571788
TALBROAUTO.NS,2024-10-22 00:00:00+05:30,2024-10-25 00:00:00+05:30,312.85894775390625,296.906982421875,32709945.72516947,-1667805.6484130472,-5.098772289095277,Stop Loss,339088516.6087657,339188516.6087657
PNBHOUSING.NS,2024-10-23 00:00:00+05:30,2024-10-28 00:00:00+05:30,942.845458984375,899.0187377929688,32653414.323486187,-1517843.748268634,-4.648346213452204,Stop Loss,337570672.8604971,337670672.8604971
UEL.NS,2024-04-19 00:00:00+05:30,2024-10-28 00:00:00+05:30,4.738094806671143,128.67063903808594,25614544.99498386,669989913.6861515,2615.661975714801,UT Sell,1007560586.5466486,1007660586.5466486
FMNL.NS,2024-10-07 00:00:00+05:30,2024-10-29 00:00:00+05:30,10.279999732971191,13.4399995803833,39146505.45943537,12033361.331885919,30.73929892504761,UT Sell,1019593947.8785346,1019693947.8785346
KARURVYSYA.NS,2024-10-17 00:00:00+05:30,2024-11-04 00:00:00+05:30,178.96316528320312,184.103271484375,38966212.304127224,1119171.4741057009,2.8721587445315055,UT Sell,1020713119.3526403,1020813119.3526403
CANFINHOME.NS,2024-10-23 00:00:00+05:30,2024-11-04 00:00:00+05:30,852.045166015625,837.4254760742188,32653414.32348619,-560278.7410554811,-1.7158350900306818,UT Sell,1020152840.6115848,1020252840.6115848
DCBBANK.NS,2024-10-25 00:00:00+05:30,2024-11-04 00:00:00+05:30,115.26163482666016,118.88739776611328,31042140.07675642,976486.5926193073,3.1456806463884046,UT Sell,1021129327.2042041,1021229327.2042041
CANBK.NS,2024-10-28 00:00:00+05:30,2024-11-04 00:00:00+05:30,97.20712280273438,98.38492584228516,363370014.6281765,4402746.376715481,1.2116427331574586,UT Sell,1025532073.5809195,1025632073.5809195
SOUTHBANK.NS,2024-10-28 00:00:00+05:30,2024-11-04 00:00:00+05:30,23.540376663208008,23.875822067260742,363370014.6281765,5177946.093279958,1.4249789153842007,UT Sell,1030710019.6741995,1030810019.6741995
ROLLT.NS,2024-10-29 00:00:00+05:30,2024-11-07 00:00:00+05:30,2.130000114440918,2.5899999141693115,51179866.79132129,11052923.572407007,21.5962335687073,UT Sell,1041762943.2466065,1041862943.2466065
CUB.NS,2024-10-22 00:00:00+05:30,2024-11-11 00:00:00+05:30,166.93719482421875,172.67315673828125,32709945.725169472,1123913.7155035287,3.4359999400387364,UT Sell,1042886856.96211,1042986856.96211
FMNL.NS,2024-11-04 00:00:00+05:30,2024-11-11 00:00:00+05:30,14.520000457763672,15.380000114440918,168103573.55127758,9956543.456100047,5.922862462565659,UT Sell,1052843400.41821,1052943400.41821
BCG.NS,2024-11-04 00:00:00+05:30,2024-11-11 00:00:00+05:30,8.489999771118164,8.100000381469727,168103573.55127758,-7722060.406379133,-4.593632510747092,Stop Loss,1045121340.0118309,1045221340.0118309
PANSARI.NS,2024-10-21 00:00:00+05:30,2024-11-12 00:00:00+05:30,127.0,191.05999755859375,34602419.61839919,17453786.742331408,50.44094295952264,UT Sell,1062575126.7541623,1062675126.7541623
KARURVYSYA.NS,2024-11-07 00:00:00+05:30,2024-11-12 00:00:00+05:30,191.1327667236328,183.4514923095703,62232790.3637283,-2501021.402718574,-4.018816106591072,Stop Loss,1060074105.3514438,1060174105.3514438
PNBGILTS.NS,2024-11-12 00:00:00+05:30,2024-11-13 00:00:00+05:30,119.87726593017578,112.11642456054688,55893987.660870165,-3618570.780590482,-6.473989300147465,Stop Loss,1056455534.5708532,1056555534.5708532
SCI.NS,2024-11-11 00:00:00+05:30,2024-11-13 00:00:00+05:30,215.1512908935547,200.1403045654297,124091829.86431634,-8657818.197553143,-6.97694457968725,Stop Loss,1047797716.3733001,1047897716.3733001
STCINDIA.NS,2024-11-12 00:00:00+05:30,2024-11-13 00:00:00+05:30,168.41000366210938,153.3800048828125,55893987.660870165,-4988341.2389113605,-8.924647261128516,Stop Loss,1042809375.1343887,1042909375.1343887
PFC.NS,2024-11-11 00:00:00+05:30,2024-11-13 00:00:00+05:30,450.4404296875,431.3702392578125,124091829.86431634,-5253646.587458104,-4.233676458154023,Stop Loss,1037555728.5469306,1037655728.5469306
ARIES.NS,2024-11-11 00:00:00+05:30,2024-11-13 00:00:00+05:30,295.8835754394531,278.9830322265625,124091829.86431634,-7087988.340933457,-5.711889613267496,Stop Loss,1030467740.2059971,1030567740.2059971
BAJAJHLDNG.NS,2024-11-04 00:00:00+05:30,2024-11-13 00:00:00+05:30,10584.3798828125,10455.677734375,168103573.55127758,-2044077.3399680555,-1.2159630499137042,UT Sell,1028423662.866029,1028523662.866029
EUROTEXIND.NS,2024-11-04 00:00:00+05:30,2024-11-18 00:00:00+05:30,10.149999618530273,12.270000457763672,168103573.55127758,35111303.48775774,20.886708560688348,UT Sell,1063534966.3537867,1063634966.3537867
JAYSREETEA.NS,2024-11-14 00:00:00+05:30,2024-11-18 00:00:00+05:30,136.79275512695312,127.41506958007812,103419432.66342539,-7089812.015656412,-6.855396353536314,Stop Loss,1056445154.3381302,1056545154.3381302
AUSOMENT.NS,2024-11-13 00:00:00+05:30,2024-11-19 00:00:00+05:30,109.11361694335938,102.45805358886719,103419432.66342539,-6308237.280177131,-6.099663397600574,Stop Loss,1050136917.0579531,1050236917.0579531
MHLXMIRU.NS,2024-11-14 00:00:00+05:30,2024-11-21 00:00:00+05:30,157.97000122070312,149.2100067138672,103419432.66342539,-5734972.811489508,-5.545353193102254,Stop Loss,1044401944.2464637,1044501944.2464637
BANCOINDIA.NS,2024-11-14 00:00:00+05:30,2024-12-03 00:00:00+05:30,397.2262878417969,517.2700805664062,103419432.66342539,31253875.481900126,30.220505640960795,UT Sell,1075655819.7283638,1075755819.7283638
KHAICHEM.NS,2024-11-21 00:00:00+05:30,2024-12-10 00:00:00+05:30,70.41999816894531,71.45999908447266,97684459.85193588,1442657.346214041,1.4768545052106674,UT Sell,1077098477.0745778,1077198477.0745778
RELINFRA.NS,2024-12-03 00:00:00+05:30,2024-12-11 00:00:00+05:30,281.3999938964844,293.3999938964844,134673308.1453255,5742998.33971706,4.2643924165877145,UT Sell,1082841475.414295,1082941475.414295
INTLCONV.NS,2024-12-11 00:00:00+05:30,2024-12-13 00:00:00+05:30,92.06266021728516,88.23291015625,140416306.48504257,-5841232.015914053,-4.159938515785044,Stop Loss,1077000243.398381,1077100243.398381
SUPREMEINF.NS,2024-12-10 00:00:00+05:30,2024-12-16 00:00:00+05:30,143.6699981689453,158.30999755859375,99127117.19814992,10101071.57913369,10.190018498109033,UT Sell,1087101314.9775147,1087201314.9775147
IOC.NS,2024-12-13 00:00:00+05:30,2024-12-17 00:00:00+05:30,135.28199768066406,131.60545349121094,134575074.46912852,-3657332.213947743,-2.717689162257708,UT Sell,1083443982.763567,1083543982.763567
FMNL.NS,2024-11-18 00:00:00+05:30,2024-12-19 00:00:00+05:30,15.979999542236328,23.600000381469727,149772248.84340215,71418316.30621454,47.684612374945125,UT Sell,1154862299.0697815,1154962299.0697815
JPOLYINVST.NS,2024-11-18 00:00:00+05:30,2024-12-19 00:00:00+05:30,941.5,935.5999755859375,149772248.84340215,-938566.0379448831,-0.6266621788701521,UT Sell,1153923733.0318367,1154023733.0318367
CSLFINANCE.NS,2024-12-17 00:00:00+05:30,2024-12-20 00:00:00+05:30,343.9690856933594,315.4122314453125,130917742.25518078,-10868996.777801827,-8.302157209995508,Stop Loss,1143054736.254035,1143154736.254035
LUMAXTECH.NS,2024-11-14 00:00:00+05:30,2024-12-20 00:00:00+05:30,511.0545654296875,612.817626953125,103419432.66342539,20593257.16031614,19.91236717313669,UT Sell,1163647993.4143512,1163747993.4143512
SPIC.NS,2024-12-16 00:00:00+05:30,2024-12-20 00:00:00+05:30,75.97714233398438,72.69000244140625,109228188.77728361,-4725741.528228834,-4.326485297549542,Stop Loss,1158922251.8861225,1159022251.8861225
MAGNUM.NS,2024-12-19 00:00:00+05:30,2024-12-23 00:00:00+05:30,41.91999816894531,39.2599983215332,185012123.97753698,-11739795.874185264,-6.3454197604966955,Stop Loss,1147182456.0119371,1147282456.0119371
PASUPTAC.NS,2024-12-20 00:00:00+05:30,2024-12-23 00:00:00+05:30,46.9900016784668,46.04999923706055,116187960.8500584,-2324259.6926979274,-2.0004307466049864,UT Sell,1144858196.3192391,1144958196.3192391
LAGNAM.NS,2024-12-20 00:00:00+05:30,2024-12-23 00:00:00+05:30,132.1300048828125,125.70999908447266,116187960.8500584,-5645404.940507099,-4.858855340264167,Stop Loss,1139212791.378732,1139312791.378732
MOKSH.NS,2024-11-14 00:00:00+05:30,2024-12-26 00:00:00+05:30,17.540000915527344,18.610000610351562,103419432.66342539,6308937.036074951,6.100340016955186,UT Sell,1145521728.4148068,1145621728.4148068
KRBL.NS,2024-11-19 00:00:00+05:30,2024-12-26 00:00:00+05:30,284.9092102050781,285.5040283203125,97111195.38324825,202743.52719044685,0.2087746179936456,UT Sell,1145724471.9419973,1145824471.9419973
BALPHARMA.NS,2024-12-23 00:00:00+05:30,2024-12-26 00:00:00+05:30,121.61085510253906,119.38109588623047,132559528.39008784,-2430505.3186912984,-1.8335198896747507,UT Sell,1143293966.623306,1143393966.623306
CHENNPETRO.NS,2024-12-19 00:00:00+05:30,2024-12-30 00:00:00+05:30,597.0303344726562,583.1435546875,185012123.97753698,-4303336.823797107,-2.3259755800217663,UT Sell,1138990629.799509,1139090629.799509
MAHABANK.NS,2024-12-20 00:00:00+05:30,2024-12-30 00:00:00+05:30,52.315086364746094,48.836334228515625,116187960.85005842,-7726052.752610505,-6.649615585026957,Stop Loss,1131264577.0468986,1131364577.0468986
DEVIT.NS,2024-12-26 00:00:00+05:30,2024-12-30 00:00:00+05:30,69.90306091308594,65.98031616210938,112390443.89377853,-6307005.989228621,-5.611692391916733,Stop Loss,1124957571.0576699,1125057571.0576699
UNITEDTEA.NS,2024-12-26 00:00:00+05:30,2024-12-30 00:00:00+05:30,554.0872192382812,527.6242065429688,112390443.89377853,-5367728.4736536,-4.775965186797116,Stop Loss,1119589842.5840163,1119689842.5840163
SHRADHA.NS,2024-12-23 00:00:00+05:30,2024-12-31 00:00:00+05:30,84.41694641113281,97.44775390625,132559528.39008784,20462214.86953661,15.436245977974284,UT Sell,1140052057.453553,1140152057.453553
MVGJL.NS,2024-12-30 00:00:00+05:30,2025-01-06 00:00:00+05:30,274.0199890136719,276.75,125569212.14396566,1251023.0729207546,0.9962816932278296,UT Sell,1141303080.5264738,1141403080.5264738
FEDERALBNK.NS,2024-12-30 00:00:00+05:30,2025-01-06 00:00:00+05:30,199.8402557373047,196.3414306640625,125569212.14396566,-2198479.5118262023,-1.7508109466400468,UT Sell,1139104601.0146475,1139204601.0146475
LICI.NS,2024-12-30 00:00:00+05:30,2025-01-06 00:00:00+05:30,893.5518188476562,864.3884887695312,125569212.14396566,-4098269.7412302196,-3.263753647296541,UT Sell,1135006331.2734172,1135106331.2734172
DYCL.NS,2024-10-23 00:00:00+05:30,2025-01-06 00:00:00+05:30,320.10113525390625,497.9295349121094,32653414.323486187,18140218.115489908,55.55381723877628,UT Sell,1153146549.3889072,1153246549.3889072
EUROBOND.NS,2024-12-23 00:00:00+05:30,2025-01-06 00:00:00+05:30,194.75,183.5,132559528.39008784,-7657482.384536535,-5.776636713735561,Stop Loss,1145489067.0043707,1145589067.0043707
VIRINCHI.NS,2024-12-30 00:00:00+05:30,2025-01-06 00:00:00+05:30,29.790000915527344,28.149999618530273,125569212.14396566,-6912845.39946644,-5.505207272894907,Stop Loss,1138576221.6049042,1138676221.6049042
FMNL.NS,2024-12-26 00:00:00+05:30,2025-01-07 00:00:00+05:30,24.530000686645508,27.600000381469727,112390443.89377852,14065985.275039256,12.515285808758957,UT Sell,1152642206.8799434,1152742206.8799434
MAHESHWARI.NS,2025-01-06 00:00:00+05:30,2025-01-08 00:00:00+05:30,66.56999969482422,63.529998779296875,111002325.90679799,-5069057.742666125,-4.566622997541792,Stop Loss,1147573149.1372771,1147673149.1372771
EASEMYTRIP.NS,2025-01-06 00:00:00+05:30,2025-01-08 00:00:00+05:30,16.200000762939453,15.399999618530273,111002325.90679798,-5481603.924406618,-4.938278436624111,Stop Loss,1142091545.2128706,1142191545.2128706
NAGREEKCAP.NS,2024-12-31 00:00:00+05:30,2025-01-09 00:00:00+05:30,36.720001220703125,36.310001373291016,153021743.25962445,-1708575.4167079926,-1.1165572815420965,UT Sell,1140382969.7961626,1140482969.7961626
SHARDACROP.NS,2025-01-07 00:00:00+05:30,2025-01-09 00:00:00+05:30,840.3790283203125,795.0714111328125,114093146.55920193,-6151139.466620967,-5.39133125181116,Stop Loss,1134231830.3295417,1134331830.3295417
RAMAPHO.NS,2025-01-08 00:00:00+05:30,2025-01-09 00:00:00+05:30,119.9698486328125,114.05174255371094,105726995.07326162,-5215506.891096279,-4.932994536998125,Stop Loss,1129016323.4384453,1129116323.4384453
GARUDA.NS,2025-01-07 00:00:00+05:30,2025-01-10 00:00:00+05:30,142.13720703125,130.8498077392578,114093146.55920193,-9060364.478741735,-7.941199582956882,Stop Loss,1119955958.9597037,1120055958.9597037
MVGJL.NS,2025-01-07 00:00:00+05:30,2025-01-10 00:00:00+05:30,299.8500061035156,284.79998779296875,114093146.55920191,-5726542.971058384,-5.019182259196365,Stop Loss,1114229415.9886453,1114329415.9886453
ELECTHERM.NS,2025-01-09 00:00:00+05:30,2025-01-10 00:00:00+05:30,1261.6500244140625,1198.5999755859375,119922221.0392209,-5993026.3906677365,-4.997427781718377,Stop Loss,1108236389.5979776,1108336389.5979776
KAMDHENU.NS,2025-01-09 00:00:00+05:30,2025-01-10 00:00:00+05:30,50.5654411315918,46.004638671875,119922221.0392209,-10816509.229436293,-9.019603819627985,Stop Loss,1097419880.3685412,1097519880.3685412
INDIAGLYCO.NS,2025-01-10 00:00:00+05:30,2025-01-13 00:00:00+05:30,644.5039672851562,600.6859130859375,109108573.03173538,-7417992.144940063,-6.798725286951068,Stop Loss,1090001888.223601,1090101888.223601
MWL.NS,2025-01-09 00:00:00+05:30,2025-01-13 00:00:00+05:30,160.80735778808594,150.81932067871094,119922221.03922091,-7448586.995359197,-6.211181656586495,Stop Loss,1082553301.228242,1082653301.228242
BLBLIMITED.NS,2025-01-08 00:00:00+05:30,2025-01-13 00:00:00+05:30,19.850000381469727,18.170000076293945,105726995.07326162,-8948180.381608963,-8.463477445290568,Stop Loss,1073605120.846633,1073705120.846633
VEEDOL.NS,2025-01-07 00:00:00+05:30,2025-01-13 00:00:00+05:30,1633.1785888671875,1500.9454345703125,114093146.55920193,-9237750.700395584,-8.096674497098022,Stop Loss,1064367370.1462374,1064467370.1462374
NIRAJISPAT.NS,2024-10-07 00:00:00+05:30,2025-01-17 00:00:00+05:30,204.2100067138672,242.3300018310547,39146505.45943537,7307499.867327973,18.6670554154577,UT Sell,1071674870.0135653,1071774870.0135653
MAHABANK.NS,2025-01-14 00:00:00+05:30,2025-01-22 00:00:00+05:30,50.403682708740234,47.966644287109375,104981399.70257027,-5075893.087220505,-4.835040399157709,Stop Loss,1066598976.9263448,1066698976.9263448
VGL.NS,2024-11-04 00:00:00+05:30,2025-01-24 00:00:00+05:30,27.604999542236328,67.375,168103573.55127758,242183637.31022966,144.06810765171213,UT Sell,1308782614.2365744,1308882614.2365744
RGL.NS,2025-01-10 00:00:00+05:30,2025-01-24 00:00:00+05:30,179.6300048828125,173.25999450683594,109108573.03173539,-3869190.6887915134,-3.5461839352129654,UT Sell,1304913423.547783,1305013423.547783
PFC.NS,2025-01-14 00:00:00+05:30,2025-01-24 00:00:00+05:30,393.070068359375,384.59466552734375,104981399.70257027,-2263615.889308259,-2.1562066191929907,UT Sell,1302649807.6584747,1302749807.6584747
INDIANB.NS,2025-01-14 00:00:00+05:30,2025-01-24 00:00:00+05:30,493.1899108886719,488.75335693359375,104981399.70257029,-944373.8279658556,-0.8995629993898246,UT Sell,1301705433.8305087,1301805433.8305087
CHENNPETRO.NS,2025-01-17 00:00:00+05:30,2025-01-24 00:00:00+05:30,582.010986328125,548.47607421875,46454005.32676335,-2676635.016101189,-5.761903623322451,Stop Loss,1299028798.8144076,1299128798.8144076
CGCL.NS,2025-01-24 00:00:00+05:30,2025-01-27 00:00:00+05:30,200.3865966796875,186.59127807617188,153211754.64059594,-10547636.439223647,-6.884351963702972,Stop Loss,1288481162.375184,1288581162.375184
REDINGTON.NS,2025-01-07 00:00:00+05:30,2025-01-28 00:00:00+05:30,200.91856384277344,198.48275756835938,114093146.55920193,-1383191.2638695836,-1.21233510126032,UT Sell,1287097971.1113145,1287197971.1113145
KRISHIVAL.NS,2025-01-24 00:00:00+05:30,2025-01-29 00:00:00+05:30,241.53076171875,247.677734375,153211754.64059594,3899248.5250739455,2.5450061153733383,UT Sell,1290997219.6363885,1291097219.6363885
VIRINCHI.NS,2025-01-13 00:00:00+05:30,2025-02-01 00:00:00+05:30,29.06999969482422,28.350000381469727,104981399.70257027,-2600156.0541571677,-2.4767778497179815,UT Sell,1288397063.5822313,1288497063.5822313
GOCLCORP.NS,2025-01-29 00:00:00+05:30,2025-02-03 00:00:00+05:30,346.97705078125,332.9420471191406,157111003.1656699,-6355041.3487663865,-4.044937159534989,Stop Loss,1282042022.233465,1282142022.233465
INDIANHUME.NS,2025-02-01 00:00:00+05:30,2025-02-03 00:00:00+05:30,340.65106201171875,324.4131164550781,102381243.6484131,-4880246.227815658,-4.766738568418738,Stop Loss,1277161776.0056493,1277261776.0056493
EUROTEXIND.NS,2025-01-27 00:00:00+05:30,2025-02-05 00:00:00+05:30,13.100000381469727,14.0,150574845.53079003,10344832.029902726,6.870225895591164,UT Sell,1287506608.035552,1287606608.035552
SATIA.NS,2025-02-03 00:00:00+05:30,2025-02-10 00:00:00+05:30,88.67516326904297,84.27582550048828,124128479.61875048,-6158241.92940259,-4.961183725376372,Stop Loss,1281348366.1061494,1281448366.1061494
NGIL.NS,2025-01-27 00:00:00+05:30,2025-02-11 00:00:00+05:30,40.060001373291016,37.70000076293945,150574845.53079003,-8870611.961416006,-5.891164576756691,Stop Loss,1272477754.1447334,1272577754.1447334
SOUTHBANK.NS,2025-01-28 00:00:00+05:30,2025-02-11 00:00:00+05:30,25.760234832763672,24.13233757019043,131642400.41306119,-8319035.314011604,-6.319419342026988,Stop Loss,1264158718.8307219,1264258718.8307219
EUROBOND.NS,2025-02-03 00:00:00+05:30,2025-02-11 00:00:00+05:30,173.0,163.5500030517578,124128479.61875048,-6780426.321312919,-5.462425981642882,Stop Loss,1257378292.509409,1257478292.509409
VENUSREM.NS,2025-02-05 00:00:00+05:30,2025-02-11 00:00:00+05:30,351.29998779296875,313.5,160919677.56069276,-17315007.283824325,-10.76003105791321,Stop Loss,1240063285.2255845,1240163285.2255845
TRANSRAILL.NS,2025-02-11 00:00:00+05:30,2025-02-12 00:00:00+05:30,627.3543701171875,577.5056762695312,131495080.56068239,-10448413.728460878,-7.945859026748259,Stop Loss,1229614871.4971237,1229714871.4971237
AVANTIFEED.NS,2025-01-22 00:00:00+05:30,2025-02-14 00:00:00+05:30,662.4082641601562,650.1259155273438,99905506.61534977,-1852444.0726041347,-1.854196165318811,UT Sell,1227762427.4245195,1227862427.4245195
DCBBANK.NS,2025-01-27 00:00:00+05:30,2025-02-14 00:00:00+05:30,116.68816375732422,110.56597137451172,150574845.53079003,-7900100.084434718,-5.246626723465109,Stop Loss,1219862327.3400848,1219962327.3400848
MWL.NS,2025-02-12 00:00:00+05:30,2025-02-14 00:00:00+05:30,148.62196350097656,142.32949829101562,128882977.12856716,-5456741.592115834,-4.233873016971401,Stop Loss,1214405585.747969,1214505585.747969
BLBLIMITED.NS,2025-01-28 00:00:00+05:30,2025-02-17 00:00:00+05:30,17.84000015258789,16.5,131642400.41306119,-9887939.188999906,-7.511211553400732,Stop Loss,1204517646.558969,1204617646.558969
AARTIDRUGS.NS,2025-02-14 00:00:00+05:30,2025-02-17 00:00:00+05:30,409.30328369140625,384.6853942871094,121384681.1751841,-7300783.49139142,-6.014583900298609,Stop Loss,1197216863.0675776,1197316863.0675776
INDIANHUME.NS,2025-02-17 00:00:00+05:30,2025-02-18 00:00:00+05:30,337.6897277832031,315.33172607421875,117919179.45392698,-7807276.913811028,-6.620871133912076,Stop Loss,1189409586.1537666,1189509586.1537666
KRIDHANINF.NS,2025-02-14 00:00:00+05:30,2025-02-18 00:00:00+05:30,4.579999923706055,4.289999961853027,121384681.17518409,-7685928.711077541,-6.331877001831144,Stop Loss,1181723657.4426892,1181823657.4426892
FMNL.NS,2025-02-10 00:00:00+05:30,2025-02-18 00:00:00+05:30,21.440000534057617,20.31999969482422,117970237.6893479,-6162628.821148992,-5.223884381225963,Stop Loss,1175561028.62154,1175661028.62154
KTKBANK.NS,2025-02-12 00:00:00+05:30,2025-02-18 00:00:00+05:30,176.02145385742188,165.28512573242188,128882977.12856716,-7861143.638206705,-6.099442931369303,Stop Loss,1167699884.9833333,1167799884.9833333
SURYODAY.NS,2025-02-14 00:00:00+05:30,2025-02-21 00:00:00+05:30,123.06999969482422,118.01000213623047,121384681.1751841,-4990706.036565825,-4.111479297262521,Stop Loss,1162709178.9467676,1162809178.9467676
TIMETECHNO.NS,2025-02-18 00:00:00+05:30,2025-02-25 00:00:00+05:30,202.93115234375,191.9141845703125,114160024.34069547,-6197655.188227773,-5.428918944280959,Stop Loss,1156511523.7585397,1156611523.7585397
NIBL.NS,2025-02-21 00:00:00+05:30,2025-02-25 00:00:00+05:30,23.299999237060547,23.079999923706055,116393975.13861828,-1098995.512770936,-0.9442030925244205,UT Sell,1155412528.2457688,1155512528.2457688
FORCEMOT.NS,2025-02-12 00:00:00+05:30,2025-02-27 00:00:00+05:30,6673.0673828125,6586.908203125,128882977.12856716,-1664070.0517548025,-1.2911480544826492,UT Sell,1153748458.194014,1153848458.194014
PRAKASH.NS,2025-02-17 00:00:00+05:30,2025-02-27 00:00:00+05:30,144.79148864746094,146.16903686523438,117919179.45392698,1121884.6978883594,0.9514013776925179,UT Sell,1154870342.8919024,1154970342.8919024
GPPL.NS,2025-02-18 00:00:00+05:30,2025-02-27 00:00:00+05:30,129.13143920898438,122.21283721923828,114160024.34069546,-6116463.785978198,-5.3577982496959,Stop Loss,1148753879.1059241,1148853879.1059241
PARADEEP.NS,2025-02-25 00:00:00+05:30,2025-02-27 00:00:00+05:30,95.74142456054688,89.88824462890625,111628674.38915752,-6824451.586440131,-6.113529183952215,Stop Loss,1141929427.519484,1142029427.519484
EUROTEXIND.NS,2025-02-27 00:00:00+05:30,2025-02-28 00:00:00+05:30,12.300000190734863,12.0,114776938.64651558,-2799439.2643876076,-2.439025903112113,UT Sell,1139129988.2550964,1139229988.2550964
KARURVYSYA.NS,2025-01-14 00:00:00+05:30,2025-02-28 00:00:00+05:30,178.98793029785156,165.92726135253906,104981399.70257029,-7660445.621384203,-7.2969551207047285,Stop Loss,1131469542.6337123,1131569542.6337123
GICRE.NS,2025-02-18 00:00:00+05:30,2025-02-28 00:00:00+05:30,367.8037109375,358.99664306640625,114160024.34069547,-2733564.2698424757,-2.394502178524871,UT Sell,1128735978.36387,1128835978.36387
BPL.NS,2025-02-25 00:00:00+05:30,2025-02-28 00:00:00+05:30,84.41999816894531,78.23999786376953,111628674.38915752,-8171822.515451491,-7.320540676639286,Stop Loss,1120564155.8484185,1120664155.8484185
ATL.NS,2025-02-18 00:00:00+05:30,2025-03-03 00:00:00+05:30,28.31999969482422,27.110000610351562,114160024.34069547,-4877596.272038907,-4.272595683303615,Stop Loss,1115686559.5763795,1115786559.5763795
UMAEXPORTS.NS,2025-02-28 00:00:00+05:30,2025-03-03 00:00:00+05:30,89.4800033569336,83.02999877929688,106045441.35196826,-7644094.283605114,-7.208319552590769,Stop Loss,1108042465.2927744,1108142465.2927744
CUBEXTUB.NS,2025-01-10 00:00:00+05:30,2025-03-03 00:00:00+05:30,96.83999633789062,89.94999694824219,109108573.03173538,-7762887.546701908,-7.114828222016967,Stop Loss,1100279577.7460725,1100379577.7460725
SOUTHBANK.NS,2025-02-27 00:00:00+05:30,2025-03-04 00:00:00+05:30,24.240863800048828,23.20492935180664,114776938.64651558,-4904997.841185257,-4.273504677007844,Stop Loss,1095374579.9048872,1095474579.9048872
SHREEPUSHK.NS,2025-02-12 00:00:00+05:30,2025-03-10 00:00:00+05:30,296.72479248046875,297.7195129394531,128882977.12856716,432058.7204489857,0.3352333489456738,UT Sell,1095806638.6253362,1095906638.6253362
MAHESHWARI.NS,2025-02-28 00:00:00+05:30,2025-03-10 00:00:00+05:30,59.130001068115234,55.65999984741211,106045441.35196824,-6223199.802033424,-5.868427461561909,Stop Loss,1089583438.8233027,1089683438.8233027
NIBL.NS,2025-02-27 00:00:00+05:30,2025-03-12 00:00:00+05:30,23.540000915527344,22.170000076293945,114776938.64651556,-6679885.138264626,-5.819884392314211,Stop Loss,1082903553.685038,1083003553.685038
GOLDIAM.NS,2025-03-10 00:00:00+05:30,2025-03-13 00:00:00+05:30,400.9150085449219,382.4912414550781,114568638.69947548,-5264921.168355525,-4.595429629015602,Stop Loss,1077638632.5166826,1077738632.5166826
AFSL.NS,2025-02-28 00:00:00+05:30,2025-03-17 00:00:00+05:30,190.3000030517578,181.0,106045441.35196826,-5182464.069273174,-4.887022019242115,Stop Loss,1072456168.4474094,1072556168.4474094
NIRAJ.NS,2025-03-13 00:00:00+05:30,2025-03-26 00:00:00+05:30,49.189998626708984,52.779998779296875,109303717.53111996,7977238.738975689,7.298231861788684,UT Sell,1080433407.1863852,1080533407.1863852
HEG.NS,2025-02-28 00:00:00+05:30,2025-04-04 00:00:00+05:30,357.1275634765625,473.0146789550781,106045441.35196826,34411514.44120392,32.44978190716468,UT Sell,1114844921.627589,1114944921.627589
DBL.NS,2025-03-03 00:00:00+05:30,2025-04-04 00:00:00+05:30,437.1085510253906,453.5730895996094,103009820.20735104,3880064.0123573095,3.7666933157897375,UT Sell,1118724985.6399462,1118824985.6399462
PFC.NS,2025-03-03 00:00:00+05:30,2025-04-04 00:00:00+05:30,360.908447265625,390.2194519042969,103009820.20735106,8365892.626791954,8.121451537292291,UT Sell,1127090878.2667382,1127190878.2667382
DALMIASUG.NS,2025-03-12 00:00:00+05:30,2025-04-07 00:00:00+05:30,315.72998046875,349.85101318359375,108097053.50825094,11682080.661637738,10.807029685361469,UT Sell,1138772958.928376,1138872958.928376
KRISHANA.NS,2025-03-10 00:00:00+05:30,2025-04-07 00:00:00+05:30,207.11593627929688,221.95347595214844,114568638.69947548,8207561.197394878,7.163881224882207,UT Sell,1146980520.1257708,1147080520.1257708
ABCAPITAL.NS,2025-02-27 00:00:00+05:30,2025-04-07 00:00:00+05:30,157.6699981689453,179.33999633789062,114776938.64651558,15774821.330574617,13.743894476186668,UT Sell,1162755341.4563453,1162855341.4563453
FORCEMOT.NS,2025-03-03 00:00:00+05:30,2025-04-07 00:00:00+05:30,6929.00244140625,8326.81640625,103009820.20735106,20780562.05341105,20.173379597771678,UT Sell,1183535903.5097563,1183635903.5097563
KRISHIVAL.NS,2025-04-08 00:00:00+05:30,2025-04-21 00:00:00+05:30,231.88552856445312,221.99041748046875,122231432.73594785,-5215908.092085123,-4.267239592415528,Stop Loss,1178319995.4176712,1178419995.4176712
HINDPETRO.NS,2025-03-04 00:00:00+05:30,2025-04-23 00:00:00+05:30,303.98193359375,374.96246337890625,109871940.80533032,25655368.64209889,23.35024616298962,UT Sell,1203975364.05977,1204075364.05977
BLBLIMITED.NS,2025-03-17 00:00:00+05:30,2025-04-23 00:00:00+05:30,14.0600004196167,15.739999771118164,100862977.28269508,12051901.235295564,11.94878592718609,UT Sell,1216027265.2950656,1216127265.2950656
CCCL.NS,2025-03-26 00:00:00+05:30,2025-04-25 00:00:00+05:30,13.789999961853027,13.869999885559082,117280956.27009565,680381.9854775369,0.5801299777183244,UT Sell,1216707647.280543,1216807647.280543
PANSARI.NS,2025-04-09 00:00:00+05:30,2025-04-25 00:00:00+05:30,153.5,189.25999450683594,122231432.73594785,28475539.82540834,23.296413359502232,UT Sell,1245183187.1059513,1245283187.1059513
ANTGRAPHIC.NS,2025-04-23 00:00:00+05:30,2025-04-29 00:00:00+05:30,1.0499999523162842,1.0,124221093.98270993,-5915284.817023724,-4.761900436850974,Stop Loss,1239267902.2889276,1239367902.2889276
SBGLP.NS,2025-04-09 00:00:00+05:30,2025-04-30 00:00:00+05:30,38.241451263427734,43.97517395019531,122231432.73594785,18326740.11471054,14.993475658835752,UT Sell,1257594642.4036381,1257694642.4036381
AKI.NS,2025-04-25 00:00:00+05:30,2025-04-30 00:00:00+05:30,7.610000133514404,7.449999809265137,134334155.40846467,-2824376.878582254,-2.1025009387927174,UT Sell,1254770265.525056,1254870265.525056
KRISHIVAL.NS,2025-04-25 00:00:00+05:30,2025-04-30 00:00:00+05:30,232.38528442382812,238.882080078125,134334155.40846467,3755580.1316990256,2.795700110876176,UT Sell,1258525845.656755,1258625845.656755
NGIL.NS,2025-04-29 00:00:00+05:30,2025-05-02 00:00:00+05:30,33.369998931884766,31.889999389648438,118305809.1656862,-5247004.765163913,-4.435120136675219,Stop Loss,1253278840.891591,1253378840.891591
MACPOWER.NS,2025-04-30 00:00:00+05:30,2025-05-05 00:00:00+05:30,846.5218505859375,835.5902709960938,136719228.97356814,-1765526.9405652583,-1.2913523238977542,UT Sell,1251513313.9510257,1251613313.9510257
MASTEK.NS,2025-04-09 00:00:00+05:30,2025-05-06 00:00:00+05:30,2115.28125,2028.2867431640625,122231432.73594785,-5026973.699461415,-4.112668555821475,Stop Loss,1246486340.2515643,1246586340.2515643
SEAMECLTD.NS,2025-04-30 00:00:00+05:30,2025-05-06 00:00:00+05:30,974.75,911.7000122070312,136719228.97356814,-8843442.644624338,-6.468323959268407,Stop Loss,1237642897.60694,1237742897.60694
HUHTAMAKI.NS,2025-04-09 00:00:00+05:30,2025-05-06 00:00:00+05:30,192.4907989501953,186.27000427246094,122231432.73594785,-3950197.3619651794,-3.2317361201996575,UT Sell,1233692700.2449749,1233792700.2449749
KIRIINDUS.NS,2025-05-02 00:00:00+05:30,2025-05-06 00:00:00+05:30,603.0,591.4000244140625,113058804.40052229,-2174924.3297203034,-1.9237107107690665,UT Sell,1231517775.9152546,1231617775.9152546
CHAMBLFERT.NS,2025-05-06 00:00:00+05:30,2025-05-08 00:00:00+05:30,712.1460571289062,677.256591796875,118561340.20255372,-5808558.128360748,-4.899200800562165,Stop Loss,1225709217.7868938,1225809217.7868938
GANDHITUBE.NS,2025-04-08 00:00:00+05:30,2025-05-09 00:00:00+05:30,655.3425903320312,615.376708984375,122231432.73594785,-7454249.135866284,-6.098471537979455,Stop Loss,1218254968.6510277,1218354968.6510277
NOIDATOLL.NS,2025-05-05 00:00:00+05:30,2025-05-09 00:00:00+05:30,3.319999933242798,3.430000066757202,134953702.03300288,4471363.114575028,3.3132571001880162,UT Sell,1222726331.7656026,1222826331.7656026
JSL.NS,2025-04-30 00:00:00+05:30,2025-05-20 00:00:00+05:30,580.8749389648438,639.3011474609375,136719228.97356817,13751645.391467512,10.058311105693928,UT Sell,1236477977.1570702,1236577977.1570702
HEROMOTOCO.NS,2025-05-06 00:00:00+05:30,2025-05-20 00:00:00+05:30,3741.978759765625,4098.53271484375,118561340.2025537,11297101.742830679,9.528486877366916,UT Sell,1247775078.899901,1247875078.899901
SCHAND.NS,2025-04-08 00:00:00+05:30,2025-05-23 00:00:00+05:30,189.14173889160156,220.26284790039062,122231432.73594785,20111783.706588358,16.45385581795078,UT Sell,1267886862.6064892,1267986862.6064892
GUJRAFFIA.NS,2025-05-20 00:00:00+05:30,2025-05-27 00:00:00+05:30,39.970001220703125,38.310001373291016,140164658.15521002,-5821198.499981582,-4.153114327532936,Stop Loss,1262065664.1065075,1262165664.1065075
VIPULLTD.NS,2025-04-21 00:00:00+05:30,2025-05-30 00:00:00+05:30,11.350000381469727,11.510000228881836,117015524.64386272,1649556.4280713648,1.40969023819002,UT Sell,1263715220.5345788,1263815220.5345788
TATASTEEL.NS,2025-05-06 00:00:00+05:30,2025-06-10 00:00:00+05:30,141.14834594726562,155.67999267578125,118561340.20255372,12206246.555142462,10.295300756797232,UT Sell,1275921467.0897212,1276021467.0897212
SOUTHBANK.NS,2025-05-30 00:00:00+05:30,2025-06-12 00:00:00+05:30,29.08509063720703,29.45013427734375,118665081.07193409,1489351.8363736272,1.2550885424085223,UT Sell,1277410818.9260948,1277510818.9260948
UNIONBANK.NS,2025-05-09 00:00:00+05:30,2025-06-13 00:00:00+05:30,118.87313842773438,141.44839477539062,127101124.37382974,24137837.216764346,18.991049320515963,UT Sell,1301548656.1428592,1301648656.1428592
SIGACHI.NS,2025-05-27 00:00:00+05:30,2025-06-17 00:00:00+05:30,46.972660064697266,54.59524154663086,134343459.65522844,21800851.098838806,16.227698136394064,UT Sell,1323349507.241698,1323449507.241698
FMNL.NS,2025-06-10 00:00:00+05:30,2025-06-17 00:00:00+05:30,15.020000457763672,15.90999984741211,130767586.75769618,7748539.870382756,5.92542851214366,UT Sell,1331098047.1120808,1331198047.1120808
NAZARA.NS,2025-06-13 00:00:00+05:30,2025-06-20 00:00:00+05:30,331.95001220703125,318.6000061035156,151238961.59059408,-6082364.7720324695,-4.021691704348984,Stop Loss,1325015682.3400483,1325115682.3400483
LORDSCHLO.NS,2025-06-17 00:00:00+05:30,2025-06-23 00:00:00+05:30,160.63999938964844,153.38999938964844,147330218.6910731,-6649303.346418649,-4.513197228303268,Stop Loss,1318366378.9936297,1318466378.9936297
FORCEMOT.NS,2025-06-12 00:00:00+05:30,2025-06-24 00:00:00+05:30,12817.7021484375,13687.78125,120154432.90830772,8156209.266132474,6.788105164922742,UT Sell,1326522588.2597623,1326622588.2597623
ASHOKA.NS,2025-06-24 00:00:00+05:30,2025-07-07 00:00:00+05:30,207.22999572753906,205.6699981689453,128310642.17444019,-965904.0325267017,-0.7527855960798191,UT Sell,1325556684.2272356,1325656684.2272356
CIGNITITEC.NS,2025-04-23 00:00:00+05:30,2025-07-10 00:00:00+05:30,1357.0999755859375,1771.5999755859375,124221093.98270993,37940936.100601,30.543070330617073,UT Sell,1363497620.3278365,1363597620.3278365
COASTCORP.NS,2025-05-20 00:00:00+05:30,2025-07-15 00:00:00+05:30,38.52712631225586,36.7971305847168,140164658.15521002,-6293857.937786296,-4.4903316004358595,Stop Loss,1357203762.3900502,1357303762.3900502
ANMOL.NS,2025-07-07 00:00:00+05:30,2025-07-15 00:00:00+05:30,18.15999984741211,17.389999389648438,127344738.14191349,-5399532.350604162,-4.240090662078943,Stop Loss,1351804230.039446,1351904230.039446
DBL.NS,2025-07-15 00:00:00+05:30,2025-07-18 00:00:00+05:30,497.5284423828125,485.7038879394531,127908003.00436652,-3039937.049674809,-2.376658987921987,UT Sell,1348764292.9897714,1348864292.9897714
MANALIPETC.NS,2025-07-18 00:00:00+05:30,2025-07-24 00:00:00+05:30,78.70011138916016,74.20154571533203,124868065.95469171,-7137565.441088468,-5.716085523161962,Stop Loss,1341626727.548683,1341726727.548683
PFC.NS,2025-06-20 00:00:00+05:30,2025-07-28 00:00:00+05:30,394.27362060546875,390.5144958496094,145156596.8185616,-1383967.1945056915,-0.9534304501748414,UT Sell,1340242760.3541772,1340342760.3541772
KIRIINDUS.NS,2025-07-15 00:00:00+05:30,2025-07-28 00:00:00+05:30,571.3499755859375,547.7999877929688,127908003.00436652,-5272130.9846678525,-4.121814789405997,Stop Loss,1334970629.3695095,1335070629.3695095
CANBK.NS,2025-07-24 00:00:00+05:30,2025-07-30 00:00:00+05:30,113.51000213623047,108.19999694824219,117730500.51360324,-5507440.373064294,-4.678006420628389,Stop Loss,1329463188.9964452,1329563188.9964452
TMB.NS,2025-07-30 00:00:00+05:30,2025-08-05 00:00:00+05:30,448.9425354003906,430.75,112223060.14053895,-4547624.324627861,-4.0523082501339625,Stop Loss,1324915564.6718173,1325015564.6718173
VCL.NS,2025-05-23 00:00:00+05:30,2025-08-06 00:00:00+05:30,0.8399999737739563,1.2300000190734863,142343216.4425362,66087931.659398705,46.42857827094158,UT Sell,1391003496.331216,1391103496.331216
BHAGYANGR.NS,2025-07-10 00:00:00+05:30,2025-08-06 00:00:00+05:30,85.4800033569336,88.94000244140625,162162030.08331093,6563879.896934658,4.047729233262842,UT Sell,1397567376.2281508,1397667376.2281508
AADHARHFC.NS,2025-07-28 00:00:00+05:30,2025-08-06 00:00:00+05:30,516.5499877929688,495.54998779296875,133204250.8218773,-5415331.203880623,-4.065434226361209,Stop Loss,1392152045.0242703,1392252045.0242703
SUPREMEINF.NS,2025-06-23 00:00:00+05:30,2025-08-07 00:00:00+05:30,101.97000122070312,109.44000244140625,140680915.34465444,10305840.901969492,7.325685134135784,UT Sell,1402457885.9262397,1402557885.9262397
KIRIINDUS.NS,2025-08-05 00:00:00+05:30,2025-08-08 00:00:00+05:30,565.4000244140625,556.0499877929688,107675435.81591108,-1780631.8086284846,-1.653702903671328,UT Sell,1400677254.1176112,1400777254.1176112
NAHARINDUS.NS,2025-05-08 00:00:00+05:30,2025-08-11 00:00:00+05:30,110.43000030517578,113.51000213623047,112752782.07419297,3144786.5098733306,2.7890988160309993,UT Sell,1403822040.6274846,1403922040.6274846
NAVNETEDUL.NS,2025-05-09 00:00:00+05:30,2025-08-11 00:00:00+05:30,141.30361938476562,133.7978973388672,127101124.37382974,-6751318.29902713,-5.311769138383193,Stop Loss,1397070722.3284574,1397170722.3284574
MFML.NS,2025-08-06 00:00:00+05:30,2025-08-11 00:00:00+05:30,29.649999618530273,29.899999618530273,168315325.90005904,1419184.8909406662,0.8431703312527405,UT Sell,1398489907.219398,1398589907.219398
KMSUGAR.NS,2025-08-08 00:00:00+05:30,2025-08-13 00:00:00+05:30,28.350000381469727,28.520000457763672,105894804.0072826,634995.5738320649,0.5996475273596813,UT Sell,1399124902.79323,1399224902.79323
ORICONENT.NS,2025-07-28 00:00:00+05:30,2025-08-14 00:00:00+05:30,46.59153366088867,50.90188980102539,133204250.8218773,12323220.879598737,9.251372087274845,UT Sell,1411448123.6728287,1411548123.6728287
LASA.NS,2025-08-07 00:00:00+05:30,2025-08-14 00:00:00+05:30,10.300000190734863,9.75,150986756.24662393,-8062402.252067983,-5.339807578155231,Stop Loss,1403385721.4207606,1403485721.4207606
LIBAS.NS,2025-08-13 00:00:00+05:30,2025-08-14 00:00:00+05:30,12.789999961853027,12.1899995803833,106529799.58111466,-4997491.835590422,-4.691167969188936,Stop Loss,1398388229.5851703,1398488229.5851703
ANMOL.NS,2025-08-11 00:00:00+05:30,2025-08-18 00:00:00+05:30,16.280000686645508,15.539999961853027,135327295.14995623,-6151246.454020128,-4.545458805781887,Stop Loss,1392236983.1311502,1392336983.1311502
BAFNAPH.NS,2025-06-17 00:00:00+05:30,2025-08-19 00:00:00+05:30,75.9800033569336,109.13999938964844,147330218.6910731,64299411.04825139,43.643056814485924,UT Sell,1456536394.1794016,1456636394.1794016
MWL.NS,2025-08-06 00:00:00+05:30,2025-08-19 00:00:00+05:30,186.5,185.0,168315325.90005904,-1353742.567560792,-0.8042895442359255,UT Sell,1455182651.6118407,1455282651.6118407
NITCO.NS,2025-08-11 00:00:00+05:30,2025-08-19 00:00:00+05:30,130.44000244140625,125.13999938964844,135327295.1499562,-5498582.21294561,-4.063173070039294,Stop Loss,1449684069.398895,1449784069.398895
INTLCONV.NS,2025-08-14 00:00:00+05:30,2025-08-25 00:00:00+05:30,87.875732421875,86.00054931640625,129994711.14718542,-2773961.359129578,-2.133903244716462,UT Sell,1446910108.0397654,1447010108.0397654
INDIANHUME.NS,2025-08-19 00:00:00+05:30,2025-08-25 00:00:00+05:30,392.8500061035156,369.8500061035156,169473308.6696111,-9922072.136544555,-5.854651811801048,Stop Loss,1436988035.903221,1437088035.903221
EASEMYTRIP.NS,2025-08-14 00:00:00+05:30,2025-08-25 00:00:00+05:30,9.1899995803833,8.8100004196167,129994711.1471854,-5375177.736185163,-4.134920327719449,Stop Loss,1431612858.1670358,1431712858.1670358
EIDPARRY.NS,2025-05-06 00:00:00+05:30,2025-08-26 00:00:00+05:30,843.1500244140625,1131.199951171875,118561340.20255372,40504755.23070398,34.16354366567083,UT Sell,1472117613.39774,1472217613.39774
UNIONBANK.NS,2025-08-06 00:00:00+05:30,2025-08-26 00:00:00+05:30,131.02000427246094,129.6699981689453,168315325.90005907,-1734290.2600413263,-1.030381666534097,UT Sell,1470383323.1376987,1470483323.1376987
INDIANB.NS,2025-08-11 00:00:00+05:30,2025-08-26 00:00:00+05:30,674.0,655.9000244140625,135327295.14995623,-3634155.398108542,-2.6854563183883573,UT Sell,1466749167.7395902,1466849167.7395902
INDUSINDBK.NS,2025-08-18 00:00:00+05:30,2025-08-26 00:00:00+05:30,788.6500244140625,756.4000244140625,129176048.6959361,-5282352.680504963,-4.089266341424458,Stop Loss,1461466815.0590851,1461566815.0590851
SHAHALLOYS.NS,2025-08-25 00:00:00+05:30,2025-08-26 00:00:00+05:30,58.720001220703125,56.11000061035156,137130506.57737422,-6095209.441831127,-4.44482383530902,Stop Loss,1455371605.617254,1455471605.617254
STCINDIA.NS,2025-08-19 00:00:00+05:30,2025-08-29 00:00:00+05:30,122.7300033569336,116.4000015258789,169473308.66961113,-8740864.701792806,-5.157664513904758,Stop Loss,1446630740.9154613,1446730740.9154613
VIPULLTD.NS,2025-08-25 00:00:00+05:30,2025-08-29 00:00:00+05:30,10.170000076293945,9.6899995803833,137130506.57737422,-6472242.936855912,-4.719768852603212,Stop Loss,1440158497.9786053,1440258497.9786053
NRAIL.NS,2025-08-26 00:00:00+05:30,2025-08-29 00:00:00+05:30,406.4389343261719,405.3942565917969,142453852.79521948,-366151.8511700332,-0.25703190470838244,UT Sell,1439792346.1274352,1439892346.1274352
INDIASHLTR.NS,2025-08-28 00:00:00+05:30,2025-09-01 00:00:00+05:30,952.0999755859375,904.8499755859375,142453852.79521948,-7069577.4783858955,-4.962714127885737,Stop Loss,1432722768.6490493,1432822768.6490493
LAGNAM.NS,2025-08-29 00:00:00+05:30,2025-09-02 00:00:00+05:30,88.87999725341797,85.76000213623047,144492802.85079533,-5072196.819244176,-3.5103456498672636,UT Sell,1427650571.8298051,1427750571.8298051
INDIANHUME.NS,2025-09-02 00:00:00+05:30,2025-09-05 00:00:00+05:30,388.3500061035156,383.25,139420606.03155115,-1830940.9824683368,-1.3132499094531291,UT Sell,1425819630.8473368,1425919630.8473368
RELINFRA.NS,2025-08-19 00:00:00+05:30,2025-09-10 00:00:00+05:30,274.8999938964844,261.54998779296875,169473308.6696111,-8230155.530575424,-4.856313714049287,Stop Loss,1417589475.3167613,1417689475.3167613
UGROCAP.NS,2025-08-14 00:00:00+05:30,2025-09-15 00:00:00+05:30,171.49000549316406,171.32000732421875,129994711.14718542,-128863.8530510664,-0.09913007376519678,UT Sell,1417460611.4637103,1417560611.4637103
ASHIANA.NS,2025-08-26 00:00:00+05:30,2025-09-15 00:00:00+05:30,320.42645263671875,307.0319519042969,142453852.79521948,-5954871.140945345,-4.180210660574835,Stop Loss,1411505740.3227649,1411605740.3227649
MAGNUM.NS,2025-08-25 00:00:00+05:30,2025-09-16 00:00:00+05:30,25.100000381469727,27.260000228881836,137130506.57737422,11800871.26617524,8.60557695053561,UT Sell,1423306611.5889401,1423406611.5889401
SUPREMEINF.NS,2025-09-16 00:00:00+05:30,2025-09-18 00:00:00+05:30,108.77999877929688,103.38999938964844,148931377.84354946,-7379481.933116287,-4.9549544494702396,Stop Loss,1415927129.655824,1416027129.655824
BCG.NS,2025-09-10 00:00:00+05:30,2025-09-19 00:00:00+05:30,15.720000267028809,14.899999618530273,161243153.13903567,-8410908.899109602,-5.21628902397927,Stop Loss,1407516220.7567143,1407616220.7567143
FIBERWEB.NS,2025-09-15 00:00:00+05:30,2025-09-19 00:00:00+05:30,48.33000183105469,46.09000015258789,133182414.47420424,-6172746.134116337,-4.63480569749839,Stop Loss,1401343474.622598,1401443474.622598
ASHOKAMET.NS,2025-09-18 00:00:00+05:30,2025-09-19 00:00:00+05:30,19.079999923706055,18.079999923706055,141551895.91043317,-7418862.498765588,-5.241090167707729,Stop Loss,1393924612.1238322,1394024612.1238322
SPAL.NS,2025-08-28 00:00:00+05:30,2025-09-25 00:00:00+05:30,736.25,703.3499755859375,142453852.79521948,-6365684.529494047,-4.468594147920202,Stop Loss,1387558927.5943382,1387658927.5943382
ASHOKA.NS,2025-09-01 00:00:00+05:30,2025-09-25 00:00:00+05:30,184.3300018310547,189.3000030517578,135384275.3168336,3650301.1278943717,2.696251923904569,UT Sell,1391209228.7222326,1391309228.7222326
INDIANCARD.NS,2025-09-05 00:00:00+05:30,2025-09-26 00:00:00+05:30,276.04998779296875,261.6499938964844,137589665.04908282,-7177288.261327684,-5.216444315615776,Stop Loss,1384031940.4609048,1384131940.4609048
LICI.NS,2025-09-15 00:00:00+05:30,2025-09-26 00:00:00+05:30,883.7000122070312,872.4500122070312,133182414.47420424,-1695487.3171188533,-1.273056449541432,UT Sell,1382336453.143786,1382436453.143786
PARADEEP.NS,2025-09-19 00:00:00+05:30,2025-09-26 00:00:00+05:30,179.6699981689453,182.4499969482422,137991648.66389388,2135117.8201608956,1.5472804628643866,UT Sell,1384471570.9639468,1384571570.9639468
BCG.NS,2025-09-25 00:00:00+05:30,2025-09-26 00:00:00+05:30,14.930000305175781,14.220000267028809,137561372.3552267,-6541766.753072485,-4.755525945306493,Stop Loss,1377929804.2108743,1378029804.2108743
LICI.NS,2025-09-29 00:00:00+05:30,2025-10-08 00:00:00+05:30,895.0499877929688,893.7999877929688,133261419.00776237,-186108.905682981,-0.1396570043067924,UT Sell,1377743695.3051913,1377843695.3051913
JINDRILL.NS,2025-09-26 00:00:00+05:30,2025-10-13 00:00:00+05:30,606.0499877929688,580.75,133261419.00776237,-5563092.718552798,-4.174571124917081,Stop Loss,1372180602.5866385,1372280602.5866385
BCG.NS,2025-10-08 00:00:00+05:30,2025-10-13 00:00:00+05:30,14.75,14.020000457763672,133075310.10207939,-6586095.963218659,-4.949149438890366,Stop Loss,1365594506.6234198,1365694506.6234198
KARURVYSYA.NS,2025-09-29 00:00:00+05:30,2025-10-14 00:00:00+05:30,213.8800048828125,221.17999267578125,133261419.00776237,4548376.238177896,3.413123071962021,UT Sell,1370142882.8615975,1370242882.8615975
UYFINCORP.NS,2025-09-19 00:00:00+05:30,2025-10-14 00:00:00+05:30,13.670000076293945,14.460000038146973,137991648.66389388,7974644.957724601,5.779077962281942,UT Sell,1378117527.819322,1378217527.819322
GANDHITUBE.NS,2025-09-26 00:00:00+05:30,2025-10-15 00:00:00+05:30,927.6500244140625,882.25,133261419.00776237,-6521933.398564264,-4.894089712630456,Stop Loss,1371595594.4207578,1371695594.4207578
MANAKSIA.NS,2025-10-13 00:00:00+05:30,2025-10-15 00:00:00+05:30,67.77999877929688,66.55000305175781,127093770.21403515,-2306355.815512985,-1.8146883294349658,UT Sell,1369289238.6052449,1369389238.6052449
JMA.NS,2025-10-14 00:00:00+05:30,2025-10-17 00:00:00+05:30,93.48999786376953,89.52999877929688,141888044.43377936,-6010017.530154705,-4.235746256239126,Stop Loss,1363279221.0750902,1363379221.0750902
JPOLYINVST.NS,2025-08-29 00:00:00+05:30,2025-10-23 00:00:00+05:30,865.5999755859375,1002.3499755859375,144492802.85079536,22827392.96113175,15.79829064891458,UT Sell,1386106614.036222,1386206614.036222
FIBERWEB.NS,2025-10-23 00:00:00+05:30,2025-10-28 00:00:00+05:30,43.66999816894531,43.630001068115234,167320195.8119271,-153247.6075887978,-0.09158942639599932,UT Sell,1385953366.4286332,1386053366.4286332
LIBAS.NS,2025-10-15 00:00:00+05:30,2025-10-30 00:00:00+05:30,12.279999732971191,11.720000267028809,125763450.00386015,-5735135.697775215,-4.560256336478674,Stop Loss,1380218230.730858,1380318230.730858
CENTRALBK.NS,2025-10-15 00:00:00+05:30,2025-10-30 00:00:00+05:30,37.60222244262695,39.08871078491211,125763450.00386015,4971671.623972222,3.9531927788396537,UT Sell,1385189902.3548303,1385289902.3548303
NAHARPOLY.NS,2025-08-29 00:00:00+05:30,2025-10-31 00:00:00+05:30,292.51904296875,285.04998779296875,144492802.85079533,-3689416.9557062387,-2.5533569028458714,UT Sell,1381500485.3991241,1381600485.3991241
VEDL.NS,2025-09-25 00:00:00+05:30,2025-10-31 00:00:00+05:30,454.06671142578125,485.44268798828125,137561372.3552267,9505480.772572368,6.9099926889550245,UT Sell,1391005966.1716964,1391105966.1716964
BCG.NS,2025-10-28 00:00:00+05:30,2025-11-06 00:00:00+05:30,13.619999885559082,12.720000267028809,167166948.2043383,-11046269.521212876,-6.60792677013543,Stop Loss,1379959696.6504836,1380059696.6504836
DBL.NS,2025-10-30 00:00:00+05:30,2025-11-06 00:00:00+05:30,495.6000061035156,476.45001220703125,125381717.96695864,-4844752.026287258,-3.8640019492825695,UT Sell,1375114944.6241963,1375214944.6241963
TNPETRO.NS,2025-09-19 00:00:00+05:30,2025-11-11 00:00:00+05:30,105.05000305175781,107.95999908447266,137991648.66389385,3822514.4073709846,2.770105614638685,UT Sell,1378937459.0315673,1379037459.0315673
NAGREEKCAP.NS,2025-10-31 00:00:00+05:30,2025-11-17 00:00:00+05:30,31.25,29.739999771118164,143935119.5114441,-6954946.029005289,-4.832000732421871,Stop Loss,1371982513.002562,1372082513.002562
NILKAMAL.NS,2025-11-06 00:00:00+05:30,2025-11-17 00:00:00+05:30,1546.300048828125,1482.9000244140625,138328822.3118984,-5671635.798232898,-4.100111389255323,Stop Loss,1366310877.2043293,1366410877.2043293
CHENNPETRO.NS,2025-10-30 00:00:00+05:30,2025-11-19 00:00:00+05:30,878.044189453125,1052.0655517578125,125381717.96695864,24849657.489678174,19.81920322405115,UT Sell,1391160534.6940074,1391260534.6940074
TMB.NS,2025-10-17 00:00:00+05:30,2025-11-20 00:00:00+05:30,438.8500061035156,493.79998779296875,135878026.90362465,17013774.607518196,12.521358305847109,UT Sell,1408174309.3015256,1408274309.3015256
GARUDA.NS,2025-10-31 00:00:00+05:30,2025-11-20 00:00:00+05:30,216.63999938964844,217.67999267578125,143935119.5114441,690969.1578303277,0.48005598645810554,UT Sell,1408865278.4593558,1408965278.4593558
SPIC.NS,2025-11-17 00:00:00+05:30,2025-11-20 00:00:00+05:30,92.2699966430664,88.05999755859375,134818679.99805215,-6151365.991235927,-4.562695608149259,Stop Loss,1402713912.4681199,1402813912.4681199
ORICONENT.NS,2025-08-26 00:00:00+05:30,2025-11-24 00:00:00+05:30,53.7358283996582,56.650001525878906,142453852.79521948,7725482.269573957,5.423147298570807,UT Sell,1410439394.7376938,1410539394.7376938
KIRIINDUS.NS,2025-11-19 00:00:00+05:30,2025-11-24 00:00:00+05:30,547.0,523.9000244140625,150231375.45663682,-6344316.463053256,-4.2230302716521955,Stop Loss,1404095078.2746406,1404195078.2746406
ARIES.NS,2025-11-20 00:00:00+05:30,2025-11-24 00:00:00+05:30,369.3999938964844,344.8500061035156,142061734.72907782,-9441293.749517903,-6.645909095452851,Stop Loss,1394653784.5251226,1394753784.5251226
LAGNAM.NS,2025-11-20 00:00:00+05:30,2025-11-25 00:00:00+05:30,80.83000183105469,76.41000366210938,142061734.72907785,-7768311.185890347,-5.468264343459605,Stop Loss,1386885473.3392322,1386985473.3392322
AVANTIFEED.NS,2025-11-06 00:00:00+05:30,2025-11-27 00:00:00+05:30,715.5999755859375,801.4000244140625,138328822.3118984,16585550.745693952,11.989945745578234,UT Sell,1403471024.0849261,1403571024.0849261
BCG.NS,2025-11-11 00:00:00+05:30,2025-11-27 00:00:00+05:30,13.430000305175781,12.8100004196167,141814163.07126483,-6546892.246976048,-4.616529199333974,Stop Loss,1396924131.83795,1397024131.83795
ASHOKA.NS,2025-11-27 00:00:00+05:30,2025-12-01 00:00:00+05:30,183.97000122070312,173.4199981689453,145090821.94094056,-8320425.091603011,-5.734632267084294,Stop Loss,1388603706.746347,1388703706.746347
MAHSEAMLES.NS,2025-11-25 00:00:00+05:30,2025-12-02 00:00:00+05:30,585.0,572.9000244140625,134293423.5431875,-2777687.4294436574,-2.0683718950320507,UT Sell,1385826019.3169034,1385926019.3169034
CENTRALBK.NS,2025-11-17 00:00:00+05:30,2025-12-03 00:00:00+05:30,38.64112854003906,37.07957077026367,134818679.99805215,-5448266.270061895,-4.041180547191681,Stop Loss,1380377753.0468414,1380477753.0468414
KOHINOOR.NS,2025-11-27 00:00:00+05:30,2025-12-03 00:00:00+05:30,29.579999923706055,27.729999542236328,145090821.94094056,-9074309.554794163,-6.254227134013934,Stop Loss,1371303443.4920473,1371403443.4920473
REPRO.NS,2025-12-03 00:00:00+05:30,2025-12-05 00:00:00+05:30,479.79998779296875,451.95001220703125,132693463.05706832,-7702187.996193618,-5.80449693507592,Stop Loss,1363601255.4958537,1363701255.4958537
EASEMYTRIP.NS,2025-12-02 00:00:00+05:30,2025-12-05 00:00:00+05:30,8.539999961853027,7.699999809265137,131515736.11374384,-12935976.45160678,-9.836067404450265,Stop Loss,1350665279.044247,1350765279.044247
NIITMTS.NS,2025-11-24 00:00:00+05:30,2025-12-05 00:00:00+05:30,379.04998779296875,368.20001220703125,142228945.01264566,-4071179.608753115,-2.8624128572360186,UT Sell,1346594099.4354937,1346694099.4354937
SCI.NS,2025-10-13 00:00:00+05:30,2025-12-08 00:00:00+05:30,224.50326538085938,220.81748962402344,127093770.21403515,-2086558.2347102165,-1.641747059038623,UT Sell,1344507541.2007835,1344607541.2007835
TMB.NS,2025-12-01 00:00:00+05:30,2025-12-08 00:00:00+05:30,535.2000122070312,513.0,136770396.84933755,-5673214.518614903,-4.147984249007008,Stop Loss,1338834326.6821685,1338934326.6821685
GULPOLY.NS,2025-12-03 00:00:00+05:30,2025-12-08 00:00:00+05:30,139.44000244140625,134.3000030517578,132693463.05706832,-4891310.292469829,-3.686172762230344,UT Sell,1333943016.3896987,1334043016.3896987
PAR.NS,2025-12-05 00:00:00+05:30,2025-12-10 00:00:00+05:30,96.83999633789062,92.61000061035156,127242933.37563476,-5558003.76799351,-4.368025493082339,Stop Loss,1328385012.6217053,1328485012.6217053
GANESHCP.NS,2025-12-08 00:00:00+05:30,2025-12-10 00:00:00+05:30,247.1999969482422,235.85000610351562,127968849.02488202,-5875587.713484943,-4.591420301312943,Stop Loss,1322509424.9082203,1322609424.9082203
DBL.NS,2025-11-24 00:00:00+05:30,2025-12-16 00:00:00+05:30,442.79998779296875,440.3999938964844,142228945.01264563,-770886.6516350508,-0.5420040566050055,UT Sell,1321738538.2565851,1321838538.2565851
AADHARHFC.NS,2025-12-08 00:00:00+05:30,2025-12-17 00:00:00+05:30,485.6499938964844,477.3999938964844,127968849.02488202,-2173876.2848215103,-1.698754268235092,UT Sell,1319564661.9717636,1319664661.9717636
JMA.NS,2025-12-10 00:00:00+05:30,2025-12-17 00:00:00+05:30,82.25,79.16999816894531,121889095.45951916,-4564360.330710262,-3.744683077270139,UT Sell,1315000301.6410534,1315100301.6410534
SBIN.NS,2025-12-05 00:00:00+05:30,2025-12-22 00:00:00+05:30,971.5,974.2999877929688,127242933.37563476,366730.4788402617,0.28821284539051195,UT Sell,1315367032.1198938,1315467032.1198938
KOHINOOR.NS,2025-12-22 00:00:00+05:30,2025-12-29 00:00:00+05:30,29.100000381469727,26.100000381469727,127609663.85447502,-13155635.276458725,-10.309278215371908,Stop Loss,1302211396.843435,1302311396.843435
NOIDATOLL.NS,2025-10-14 00:00:00+05:30,2026-01-01 00:00:00+05:30,4.139999866485596,4.090000152587891,141888044.43377936,-1713613.9748758376,-1.2077225968644578,UT Sell,1300497782.8685591,1300597782.8685591
KAMDHENU.NS,2025-12-29 00:00:00+05:30,2026-01-06 00:00:00+05:30,24.56999969482422,23.579999923706055,114454028.5780163,-4611699.776278675,-4.029303147800656,Stop Loss,1295886083.0922804,1295986083.0922804
HMAAGRO.NS,2025-12-16 00:00:00+05:30,2026-01-08 00:00:00+05:30,29.600000381469727,27.90999984741211,141458058.36101058,-8076492.9424298555,-5.7094611901275405,Stop Loss,1287809590.1498506,1287909590.1498506
APTUS.NS,2025-11-24 00:00:00+05:30,2026-01-08 00:00:00+05:30,286.3999938964844,279.70001220703125,142228945.01264566,-3327274.2583904862,-2.339379131367836,UT Sell,1284482315.8914602,1284582315.8914602
DBL.NS,2025-12-17 00:00:00+05:30,2026-01-09 00:00:00+05:30,467.8500061035156,445.6499938964844,121559853.93443471,-5768152.625891581,-4.745113159647863,Stop Loss,1278714163.2655685,1278814163.2655685
SIGIND.NS,2025-12-08 00:00:00+05:30,2026-01-13 00:00:00+05:30,51.029998779296875,48.720001220703125,127968849.02488202,-5792822.5728952885,-4.526744295222141,Stop Loss,1272921340.6926732,1273021340.6926732
LASA.NS,2026-01-01 00:00:00+05:30,2026-01-13 00:00:00+05:30,10.380000114440918,9.869999885559082,140174430.45890352,-6887186.01437822,-4.913296948545409,Stop Loss,1266034154.678295,1266134154.678295
SOMANYCERA.NS,2026-01-09 00:00:00+05:30,2026-01-14 00:00:00+05:30,416.54998779296875,397.79998779296875,115791701.30854313,-5212086.095689058,-4.501260484808611,Stop Loss,1260822068.5826058,1260922068.5826058
STCINDIA.NS,2025-12-10 00:00:00+05:30,2026-01-16 00:00:00+05:30,117.33999633789062,127.72000122070312,121889095.45951916,10782422.409389958,8.84609272777066,UT Sell,1271604490.9919958,1271704490.9919958
TALBROAUTO.NS,2026-01-08 00:00:00+05:30,2026-01-16 00:00:00+05:30,276.3500061035156,272.04998779296875,136141618.08641794,-2118369.595330462,-1.5560044203278056,UT Sell,1269486121.3966653,1269586121.3966653
ONGC.NS,2026-01-13 00:00:00+05:30,2026-01-16 00:00:00+05:30,238.1753387451172,241.48739624023438,127731635.44825602,1776231.4216867983,1.3905963197397009,UT Sell,1271262352.8183522,1271362352.8183522
CANBK.NS,2025-12-17 00:00:00+05:30,2026-01-20 00:00:00+05:30,150.2100067138672,153.67999267578125,121559853.93443471,2808141.7204668373,2.3100897455680114,UT Sell,1274070494.538819,1274170494.538819
ASHOKA.NS,2026-01-16 00:00:00+05:30,2026-01-20 00:00:00+05:30,150.16000366210938,141.9600067138672,132067544.40997982,-7211996.768197611,-5.460839603263368,Stop Loss,1266858497.7706215,1266958497.7706215
KRYSTAL.NS,2026-01-08 00:00:00+05:30,2026-01-21 00:00:00+05:30,519.9500122070312,601.9500122070312,136141618.08641794,21470549.90094164,15.7707468169747,UT Sell,1288329047.6715631,1288429047.6715631
PATELRMART.NS,2026-01-20 00:00:00+05:30,2026-01-21 00:00:00+05:30,207.22000122070312,187.11000061035156,124611771.64834188,-12093151.187834159,-9.704661949563963,Stop Loss,1276235896.483729,1276335896.483729
MAHESHWARI.NS,2026-01-21 00:00:00+05:30,2026-01-22 00:00:00+05:30,46.08000183105469,44.02000045776367,135065394.22393364,-6038083.475028977,-4.470488913702075,Stop Loss,1270197813.0087,1270297813.0087
PNBGILTS.NS,2026-01-13 00:00:00+05:30,2026-01-23 00:00:00+05:30,79.94000244140625,77.0999984741211,127731635.44825602,-4537882.666275367,-3.552669352702109,UT Sell,1265659930.3424246,1265759930.3424246
BLBLIMITED.NS,2026-01-16 00:00:00+05:30,2026-01-28 00:00:00+05:30,13.350000381469727,12.680000305175781,132067544.40997982,-6628109.535746619,-5.01872701984285,Stop Loss,1259031820.806678,1259131820.806678
NGIL.NS,2025-12-05 00:00:00+05:30,2026-01-29 00:00:00+05:30,27.530000686645508,26.309999465942383,127242933.37563477,-5638813.300844714,-4.431533564381396,Stop Loss,1253393007.5058334,1253493007.5058334
VIPULLTD.NS,2026-01-14 00:00:00+05:30,2026-01-29 00:00:00+05:30,12.489999771118164,11.920000076293945,110579615.21285407,-5046465.018426791,-4.563648561005451,Stop Loss,1248346542.4874065,1248446542.4874065
FMNL.NS,2026-01-29 00:00:00+05:30,2026-02-02 00:00:00+05:30,8.670000076293945,7.960000038146973,113568635.13460867,-9300315.405803233,-8.189158384073137,Stop Loss,1239046227.0816033,1239146227.0816033
SREEL.NS,2026-01-20 00:00:00+05:30,2026-02-06 00:00:00+05:30,217.16616821289062,209.55242919921875,124611771.64834188,-4368827.406079516,-3.5059508008669305,UT Sell,1234677399.6755238,1234777399.6755238
NAZARA.NS,2026-01-21 00:00:00+05:30,2026-02-06 00:00:00+05:30,277.1499938964844,259.0,135065394.22393364,-8845160.14713052,-6.5487982306300925,Stop Loss,1225832239.5283933,1225932239.5283933
KOHINOOR.NS,2026-01-28 00:00:00+05:30,2026-02-13 00:00:00+05:30,24.270000457763672,25.329999923706055,125439434.8742332,5478604.510378897,4.367529649564972,UT Sell,1231310844.038772,1231410844.038772
TBZ.NS,2026-02-06 00:00:00+05:30,2026-02-13 00:00:00+05:30,161.3000030517578,157.17999267578125,123231589.15953274,-3147646.7227495313,-2.554253129588935,UT Sell,1228163197.3160226,1228263197.3160226
IOC.NS,2026-01-16 00:00:00+05:30,2026-02-19 00:00:00+05:30,159.31141662597656,172.12979125976562,132067544.40997982,10626302.226576656,8.04611176353005,UT Sell,1238789499.5425992,1238889499.5425992
RAJTV.NS,2025-11-20 00:00:00+05:30,2026-02-23 00:00:00+05:30,38.540000915527344,38.54999923706055,142061734.72907782,36854.66703799367,0.025942712235837995,UT Sell,1238826354.2096372,1238926354.2096372
PRAXIS.NS,2026-02-06 00:00:00+05:30,2026-02-25 00:00:00+05:30,7.929999828338623,7.880000114440918,123231589.15953274,-776991.7193588465,-0.6305134297610704,UT Sell,1238049362.4902782,1238149362.4902782
TMB.NS,2026-01-06 00:00:00+05:30,2026-02-27 00:00:00+05:30,555.7999877929688,669.0499877929688,109842328.80173762,22381511.353020146,20.376034992318992,UT Sell,1260430873.8432984,1260530873.8432984
JPOLYINVST.NS,2026-01-23 00:00:00+05:30,2026-02-27 00:00:00+05:30,994.2000122070312,1180.4000244140625,123193752.78198065,23072498.48138009,18.72862702884952,UT Sell,1283503372.3246784,1283603372.3246784
BFINVEST.NS,2026-02-25 00:00:00+05:30,2026-03-02 00:00:00+05:30,409.45001220703125,382.25,122454597.4401739,-8134733.046474248,-6.643060543683177,Stop Loss,1275368639.2782042,1275468639.2782042
GABRIEL.NS,2026-02-23 00:00:00+05:30,2026-03-02 00:00:00+05:30,972.2000122070312,953.5499877929688,142098589.3961158,-2725922.7814914584,-1.9183320489499223,UT Sell,1272642716.4967127,1272742716.4967127
MAGNUM.NS,2026-01-29 00:00:00+05:30,2026-03-02 00:00:00+05:30,21.709999084472656,20.889999389648438,113568635.13460867,-4289555.508023381,-3.7770600156805,UT Sell,1268353160.9886894,1268453160.9886894
ASHOKAMET.NS,2026-02-13 00:00:00+05:30,2026-03-02 00:00:00+05:30,15.039999961853027,14.1899995803833,125500990.91069765,-7092811.862998083,-5.651598295383242,Stop Loss,1261260349.1256914,1261360349.1256914
KOHINOOR.NS,2026-02-27 00:00:00+05:30,2026-03-04 00:00:00+05:30,25.06999969482422,23.989999771118164,139245045.70905924,-5998589.572112262,-4.30793752234877,Stop Loss,1255261759.553579,1255361759.553579
TREL.NS,2026-03-02 00:00:00+05:30,2026-03-04 00:00:00+05:30,25.1200008392334,23.889999389648438,120344947.42065221,-5892693.265616372,-4.896502422340276,Stop Loss,1249369066.2879627,1249469066.2879627
SAGILITY.NS,2026-03-04 00:00:00+05:30,2026-03-06 00:00:00+05:30,41.31999969482422,39.209999084472656,123849355.14599141,-6324351.812190905,-5.10648747806226,Stop Loss,1243044714.4757717,1243144714.4757717
PNBGILTS.NS,2026-02-27 00:00:00+05:30,2026-03-09 00:00:00+05:30,79.93000030517578,75.37999725341797,139245045.70905924,-7926502.946320519,-5.692484717109636,Stop Loss,1235118211.5294511,1235218211.5294511
ONGC.NS,2026-02-19 00:00:00+05:30,2026-03-13 00:00:00+05:30,274.6499938964844,264.1000061035156,142693846.63655648,-5481224.735489398,-3.841248143972298,UT Sell,1229636986.7939618,1229736986.7939618
DEVIT.NS,2026-03-02 00:00:00+05:30,2026-03-13 00:00:00+05:30,24.079999923706055,24.459999084472656,120344947.42065221,1899127.0418289304,1.5780696095123448,UT Sell,1231536113.8357906,1231636113.8357906
JINDRILL.NS,2026-03-02 00:00:00+05:30,2026-03-13 00:00:00+05:30,522.1500244140625,474.1000061035156,120344947.42065221,-11074550.716785148,-9.202339569832796,Stop Loss,1220461563.1190054,1220561563.1190054
BALRAMCHIN.NS,2026-03-04 00:00:00+05:30,2026-03-13 00:00:00+05:30,491.70001220703125,486.0,123849355.14599141,-1435718.565465197,-1.159245894960692,UT Sell,1219025844.5535402,1219125844.5535402
JPOLYINVST.NS,2026-03-09 00:00:00+05:30,2026-03-13 00:00:00+05:30,1315.0,1231.300048828125,131318542.76273872,-8358445.336276069,-6.36501529824145,Stop Loss,1210667399.2172642,1210767399.2172642
KRIDHANINF.NS,2026-03-06 00:00:00+05:30,2026-03-16 00:00:00+05:30,2.8399999141693115,2.5,117525003.33380051,-14069891.638686165,-11.971828325521628,Stop Loss,1196597507.578578,1196697507.578578
MRPL.NS,2026-03-16 00:00:00+05:30,2026-03-18 00:00:00+05:30,206.77000427246094,192.0500030517578,113137638.5549976,-8054292.901414052,-7.119021577862217,Stop Loss,1188543214.6771638,1188643214.6771638
TREL.NS,2026-03-13 00:00:00+05:30,2026-03-19 00:00:00+05:30,24.75,24.15999984741211,122820165.41488084,-2927835.003460601,-2.3838390003551146,UT Sell,1185615379.6737032,1185715379.6737032
BMWVENTLTD.NS,2026-03-13 00:00:00+05:30,2026-03-20 00:00:00+05:30,60.849998474121094,58.2400016784668,122820165.41488084,-5268040.20070602,-4.289230667383337,Stop Loss,1180347339.4729972,1180447339.4729972
ANTELOPUS.NS,2026-03-02 00:00:00+05:30,2026-03-20 00:00:00+05:30,538.1500244140625,515.4500122070312,120344947.42065221,-5076338.663140938,-4.218156866525657,Stop Loss,1175271000.8098562,1175371000.8098562
UYFINCORP.NS,2026-02-02 00:00:00+05:30,2026-03-23 00:00:00+05:30,13.399999618530273,12.109999656677246,104268319.72880544,-10037771.06729433,-9.626865661019446,Stop Loss,1165233229.7425618,1165333229.7425618
SUPREMEINF.NS,2026-03-18 00:00:00+05:30,2026-03-23 00:00:00+05:30,70.61000061035156,66.5,105083345.65358354,-6116592.706992507,-5.820706096621997,Stop Loss,1159116637.0355692,1159216637.0355692
MAHABANK.NS,2026-03-20 00:00:00+05:30,2026-03-23 00:00:00+05:30,65.48999786376953,62.31999969482422,116410366.98584305,-5634763.509368271,-4.840431015953694,Stop Loss,1153481873.526201,1153581873.526201
MODISONLTD.NS,2026-03-20 00:00:00+05:30,2026-03-23 00:00:00+05:30,125.95999908447266,114.58999633789062,116410366.98584305,-10507988.26595752,-9.026677381092195,Stop Loss,1142973885.2602434,1143073885.2602434
AURIGROW.NS,2026-03-13 00:00:00+05:30,2026-03-27 00:00:00+05:30,0.25,0.25999999046325684,122820165.41488084,4912801.931377739,3.9999961853027344,UT Sell,1147886687.191621,1147986687.191621
MODINATUR.NS,2026-03-13 00:00:00+05:30,2026-03-27 00:00:00+05:30,286.29998779296875,277.20001220703125,122820165.41488083,-3903809.131645605,-3.178475715660156,UT Sell,1143982878.0599754,1144082878.0599754
CHENNPETRO.NS,2026-03-16 00:00:00+05:30,2026-03-27 00:00:00+05:30,980.7802734375,952.2066650390625,113137638.5549976,-3296100.7340248823,-2.9133547209601707,UT Sell,1140686777.3259506,1140786777.3259506
KHAITANLTD.NS,2026-03-24 00:00:00+05:30,2026-03-27 00:00:00+05:30,103.81999969482422,98.25,102468820.95111561,-5497508.217149079,-5.365054624539656,Stop Loss,1135189269.1088016,1135289269.1088016
INSPIRISYS.NS,2026-03-24 00:00:00+05:30,2026-03-27 00:00:00+05:30,76.77999877929688,73.5999984741211,102468820.95111561,-4243955.2888273,-4.14170403195323,Stop Loss,1130945313.8199744,1131045313.8199744
SHK.NS,2026-03-24 00:00:00+05:30,2026-03-27 00:00:00+05:30,129.05999755859375,119.37999725341797,102468820.95111561,-7685558.940348476,-7.5003877950493685,Stop Loss,1123259754.879626,1123359754.879626
GOCLCORP.NS,2026-03-24 00:00:00+05:30,2026-03-30 00:00:00+05:30,264.25,252.89999389648438,102468820.95111561,-4401217.57129693,-4.295177333402322,Stop Loss,1118858537.308329,1118958537.308329
VIPULLTD.NS,2026-02-13 00:00:00+05:30,2026-03-30 00:00:00+05:30,10.350000381469727,10.5600004196167,125500990.91069765,2546397.285734862,2.028985801033878,UT Sell,1121404934.594064,1121504934.594064
HEG.NS,2026-03-27 00:00:00+05:30,2026-03-30 00:00:00+05:30,572.2999877929688,542.4000244140625,107745050.30958143,-5629168.490704745,-5.224526300308541,Stop Loss,1115775766.1033592,1115875766.1033592
ONGC.NS,2026-03-19 00:00:00+05:30,2026-04-06 00:00:00+05:30,269.1000061035156,281.8500061035156,119892330.41142024,5680517.198344424,4.7380155001168545,UT Sell,1121456283.3017037,1121556283.3017037
ATUL.NS,2026-03-30 00:00:00+05:30,2026-04-13 00:00:00+05:30,6368.5,6308.5,108458724.94763622,-1021829.8652521223,-0.9421370809452823,UT Sell,1120434453.4364517,1120534453.4364517
