Stock,Entry Date,Exit Date,Entry,Exit,Invested,Profit,Return %,Exit Reason,Cumulative Profit,Equity
SAKHTISUG.NS,2016-04-29 00:00:00+05:30,2016-05-03 00:00:00+05:30,39.04999923706055,37.099998474121094,5000.0,-249.68000013285473,-4.993600002657095,UT Sell,-249.68000013285473,99750.31999986715
CREST.NS,2016-04-25 00:00:00+05:30,2016-05-04 00:00:00+05:30,35.1984748840332,36.099952697753906,5000.0,128.05637413137356,2.5611274826274677,UT Sell,-121.62362600148117,99878.37637399852
RAJESHEXPO.NS,2016-04-29 00:00:00+05:30,2016-05-04 00:00:00+05:30,586.3677368164062,565.9159545898438,5000.0,-174.39382270247552,-3.487876454049521,UT Sell,-296.0174487039567,99703.98255129604
NMDC.NS,2016-05-02 00:00:00+05:30,2016-05-04 00:00:00+05:30,13.647821426391602,13.046225547790527,5000.0,-220.39996707376758,-4.407999341475355,UT Sell,-516.4174157777243,99483.58258422227
KICL.NS,2016-05-02 00:00:00+05:30,2016-05-05 00:00:00+05:30,1678.0999755859375,1487.5999755859375,5000.0,-567.6062295796282,-11.35212459159256,UT Sell,-1084.0236453573525,98915.97635464265
AVTNPL.NS,2016-05-02 00:00:00+05:30,2016-05-06 00:00:00+05:30,30.91959571838379,29.71841049194336,5000.0,-194.24335903044266,-3.884867180608842,UT Sell,-1278.2670043877952,98721.7329956122
MOTOGENFIN.NS,2016-04-27 00:00:00+05:30,2016-05-10 00:00:00+05:30,21.0,21.225000381469727,5000.0,53.57151939755386,1.0714303879510778,UT Sell,-1224.6954849902413,98775.30451500976
DSSL.NS,2016-04-29 00:00:00+05:30,2016-05-10 00:00:00+05:30,13.402478218078613,12.780220031738281,5000.0,-232.14295752444013,-4.6428591504888095,UT Sell,-1456.8384425146814,98543.16155748532
SANCO.NS,2016-05-04 00:00:00+05:30,2016-05-11 00:00:00+05:30,39.83333206176758,40.45833206176758,4911.087528118376,77.05681513950094,1.5690377069908168,UT Sell,-1379.7816273751805,98620.21837262482
KIRLOSIND.NS,2016-05-02 00:00:00+05:30,2016-05-11 00:00:00+05:30,578.6349487304688,539.6441040039062,5000.0,-336.92092753910583,-6.7384185507821215,UT Sell,-1716.7025549142863,98283.29744508571
BANG.NS,2016-04-27 00:00:00+05:30,2016-05-11 00:00:00+05:30,16.950000762939453,16.700000762939453,5000.0,-73.7463093649576,-1.4749261872991526,UT Sell,-1790.448864279244,98209.55113572076
UPL.NS,2016-04-29 00:00:00+05:30,2016-05-13 00:00:00+05:30,325.00341796875,352.7063903808594,5000.0,426.1950933508815,8.523901867017614,UT Sell,-1364.2537709283624,98635.74622907164
SHRIRAMFIN.NS,2016-05-02 00:00:00+05:30,2016-05-13 00:00:00+05:30,184.1162567138672,181.90614318847656,5000.0,-60.01951062977969,-1.2003902125955812,UT Sell,-1424.2732815581421,98575.72671844186
ORIENTLTD.NS,2016-05-10 00:00:00+05:30,2016-05-13 00:00:00+05:30,55.61632537841797,52.835506439208984,4910.714280936557,-245.5359498233156,-5.000004801266655,UT Sell,-1669.8092313814577,98330.19076861854
BLUECOAST.NS,2016-04-27 00:00:00+05:30,2016-05-17 00:00:00+05:30,96.3499984741211,105.25,5000.0,461.85789656599627,9.237157931319917,UT Sell,-1207.9513348154615,98792.04866518454
PPAP.NS,2016-04-27 00:00:00+05:30,2016-05-18 00:00:00+05:30,130.81956481933594,128.36138916015625,5000.0,-93.95290614880469,-1.8790581229760739,UT Sell,-1301.9042409642661,98698.09575903573
ALPHAGEO.NS,2016-05-13 00:00:00+05:30,2016-05-19 00:00:00+05:30,399.6380920410156,388.8758544921875,5010.451304611448,-134.93124965057086,-2.6929959288574445,UT Sell,-1436.835490614837,98563.16450938517
WSI.NS,2016-05-19 00:00:00+05:30,2016-05-24 00:00:00+05:30,8.0,7.699999809265137,4875.520054960877,-182.8321183024891,-3.750002384185791,UT Sell,-1619.667608917326,98380.33239108267
NSIL.NS,2016-05-10 00:00:00+05:30,2016-05-27 00:00:00+05:30,630.0999755859375,621.0999755859375,4910.714280936557,-70.14193023469034,-1.428344762532452,UT Sell,-1689.8095391520164,98310.19046084798
CURAA.NS,2016-05-13 00:00:00+05:30,2016-05-30 00:00:00+05:30,85.0,78.0,5010.451304611448,-412.6254015562372,-8.235294117647063,UT Sell,-2102.4349407082536,97897.56505929175
WEIZMANIND.NS,2016-04-26 00:00:00+05:30,2016-05-31 00:00:00+05:30,11.349371910095215,10.293615341186523,5000.0,-465.1167382970334,-9.302334765940667,UT Sell,-2567.551679005287,97432.4483209947
SIMBHALS.NS,2016-05-05 00:00:00+05:30,2016-05-31 00:00:00+05:30,32.349998474121094,31.200000762939453,4671.7406492693735,-166.07391985479808,-3.554861716922797,UT Sell,-2733.625598860085,97266.37440113991
MICEL.NS,2016-05-18 00:00:00+05:30,2016-05-31 00:00:00+05:30,76.5999984741211,63.0,4906.047093851195,-871.0474454236996,-17.75456755226409,UT Sell,-3604.6730442837847,96395.32695571621
TIL.NS,2016-05-17 00:00:00+05:30,2016-06-03 00:00:00+05:30,298.5135192871094,274.3486328125,5461.857896565996,-442.1413687599961,-8.095072723110963,UT Sell,-4046.814413043781,95953.18558695621
NHPC.NS,2016-05-05 00:00:00+05:30,2016-06-06 00:00:00+05:30,12.741877555847168,14.6363525390625,4671.7406492693735,694.5990297991475,14.86809910793696,UT Sell,-3352.2153832446334,96647.78461675537
ASIANPAINT.NS,2016-05-03 00:00:00+05:30,2016-06-08 00:00:00+05:30,803.9465942382812,938.5986328125,4750.319999867145,795.6253269137069,16.748878537360824,UT Sell,-2556.5900563309265,97443.40994366907
BAJFINANCE.NS,2016-05-02 00:00:00+05:30,2016-06-10 00:00:00+05:30,68.4660415649414,73.72589874267578,5000.0,384.12160667601165,7.682432133520223,UT Sell,-2172.468449654915,97827.53155034508
LYKALABS.NS,2016-06-08 00:00:00+05:30,2016-06-10 00:00:00+05:30,72.25,70.75,5545.945326780852,-115.14073342797565,-2.076124567474047,UT Sell,-2287.6091830828905,97712.3908169171
CAMLINFINE.NS,2016-05-27 00:00:00+05:30,2016-06-14 00:00:00+05:30,93.71654510498047,89.48611450195312,4840.5723507018665,-218.50683233828386,-4.514070165826589,UT Sell,-2506.1160154211743,97493.88398457883
AGRITECH.NS,2016-05-31 00:00:00+05:30,2016-06-15 00:00:00+05:30,7.550000190734863,8.550000190734863,4358.516546515013,577.2869452193727,13.245032777974908,UT Sell,-1928.8290702018016,98071.1709297982
INDTERRAIN.NS,2016-05-13 00:00:00+05:30,2016-06-16 00:00:00+05:30,129.64999389648438,145.64999389648438,5010.451304611448,618.3357088145376,12.34091843673728,UT Sell,-1310.493361387264,98689.50663861273
BAJAJHIND.NS,2016-05-30 00:00:00+05:30,2016-06-16 00:00:00+05:30,19.25,21.700000762939453,4597.825903055211,585.1780244336651,12.727276690594568,UT Sell,-725.315336953599,99274.6846630464
63MOONS.NS,2016-05-02 00:00:00+05:30,2016-06-24 00:00:00+05:30,79.50408935546875,72.02289581298828,5000.0,-470.49111581113084,-9.409822316222616,UT Sell,-1195.8064527647298,98804.19354723526
KSCL.NS,2016-05-02 00:00:00+05:30,2016-06-24 00:00:00+05:30,384.10736083984375,406.7599792480469,5000.0,294.8735264884481,5.897470529768967,UT Sell,-900.9329262762817,99099.06707372372
ACCELYA.NS,2016-05-04 00:00:00+05:30,2016-06-24 00:00:00+05:30,658.38232421875,715.9358520507812,4911.087528118376,429.31045129515223,8.741657501258926,UT Sell,-471.62247498112947,99528.37752501888
KANANIIND.NS,2016-05-11 00:00:00+05:30,2016-06-24 00:00:00+05:30,6.349999904632568,9.0,4859.159035451271,2027.8381261009608,41.7322855931723,UT Sell,1556.2156511198314,101556.21565111983
SMARTLINK.NS,2016-05-31 00:00:00+05:30,2016-06-24 00:00:00+05:30,93.30413818359375,88.74913024902344,4358.516546515013,-212.77810222379594,-4.881892725494619,UT Sell,1343.4375488960354,101343.43754889604
TVSELECT.NS,2016-06-03 00:00:00+05:30,2016-06-24 00:00:00+05:30,98.34917449951172,89.38689422607422,5019.716527806,-457.4324761172984,-9.112715301420238,UT Sell,886.005072778737,100886.00507277873
SANGHVIMOV.NS,2016-06-16 00:00:00+05:30,2016-06-24 00:00:00+05:30,130.77513122558594,126.14146423339844,5405.895470457431,-191.54344690708058,-3.543232531110574,UT Sell,694.4616258716565,100694.46162587166
SALONA.NS,2016-06-24 00:00:00+05:30,2016-06-28 00:00:00+05:30,29.213607788085938,29.02634620666504,5139.164581596192,-32.94245933993989,-0.6410080630207871,UT Sell,661.5191665317166,100661.51916653171
DBSTOCKBRO.NS,2016-06-24 00:00:00+05:30,2016-06-29 00:00:00+05:30,19.200000762939453,18.799999237060547,5139.164581596192,-107.06633295292613,-2.083341197834765,UT Sell,554.4528335787904,100554.45283357879
CALSOFT.NS,2016-06-24 00:00:00+05:30,2016-07-04 00:00:00+05:30,7.5,7.0,5139.164581596191,-342.6109721064122,-6.666666666666665,UT Sell,211.84186147237824,100211.84186147238
PAGEIND.NS,2016-05-06 00:00:00+05:30,2016-07-05 00:00:00+05:30,11801.5732421875,12462.0703125,4805.756640969557,268.9631387998634,5.5966866176061725,UT Sell,480.8050002722416,100480.80500027224
ARCHIES.NS,2016-06-15 00:00:00+05:30,2016-07-05 00:00:00+05:30,23.200000762939453,23.549999237060547,4935.803491734386,74.46222559734633,1.508614062979663,UT Sell,555.267225869588,100555.26722586958
KHANDSE.NS,2016-06-24 00:00:00+05:30,2016-07-05 00:00:00+05:30,18.25,16.899999618530273,5139.164581596192,-380.15748742962023,-7.397262364217683,UT Sell,175.1097384399677,100175.10973843996
CINEVISTA.NS,2016-04-29 00:00:00+05:30,2016-07-07 00:00:00+05:30,3.950000047683716,5.449999809265137,5000.0,1898.7338524983334,37.97467704996669,UT Sell,2073.843590938301,102073.8435909383
RELAXO.NS,2016-06-06 00:00:00+05:30,2016-07-07 00:00:00+05:30,219.85206604003906,232.2974395751953,5366.339679068521,303.7774582949569,5.660794442063466,UT Sell,2377.621049233258,102377.62104923326
CINELINE.NS,2016-05-11 00:00:00+05:30,2016-07-12 00:00:00+05:30,29.582677841186523,55.78447723388672,4859.159035451272,4303.8264131336055,88.57142525556189,UT Sell,6681.447462366863,106681.44746236686
63MOONS.NS,2016-07-07 00:00:00+05:30,2016-07-13 00:00:00+05:30,81.1419677734375,76.00696563720703,6284.425494930905,-397.70465551878715,-6.3284170659606005,UT Sell,6283.742806848076,106283.74280684808
SPECIALITY.NS,2016-07-07 00:00:00+05:30,2016-07-13 00:00:00+05:30,96.8317642211914,90.93807220458984,6284.425494930905,-382.50328976548644,-6.086527560459077,UT Sell,5901.239517082589,105901.23951708259
HDIL.NS,2016-06-29 00:00:00+05:30,2016-07-13 00:00:00+05:30,99.3499984741211,103.5999984741211,5032.098248643266,215.2633908928001,4.277805802993595,UT Sell,6116.5029079753895,106116.50290797539
CURAA.NS,2016-07-13 00:00:00+05:30,2016-07-18 00:00:00+05:30,71.0,68.0,5678.668228037867,-239.94372794526225,-4.225352112676061,UT Sell,5876.559180030127,105876.55918003013
IDEA.NS,2016-07-13 00:00:00+05:30,2016-07-18 00:00:00+05:30,63.81982421875,62.173439025878906,5678.668228037868,-146.49484545465566,-2.5797394665768913,UT Sell,5730.064334575472,105730.06433457547
FCL.NS,2016-06-14 00:00:00+05:30,2016-07-19 00:00:00+05:30,2.6330225467681885,2.608865737915039,4622.065518363583,-42.4053919974549,-0.9174554499276844,UT Sell,5687.658942578017,105687.65894257801
WELSPUNLIV.NS,2016-05-11 00:00:00+05:30,2016-07-26 00:00:00+05:30,88.79489135742188,92.58256530761719,4859.159035451272,207.274425556202,4.265643994032242,UT Sell,5894.933368134219,105894.93336813423
SALONA.NS,2016-07-12 00:00:00+05:30,2016-07-27 00:00:00+05:30,29.119977951049805,26.68551254272461,9162.985448584877,-766.0366758884447,-8.360121056470204,UT Sell,5128.896692245774,105128.89669224578
TEXRAIL.NS,2016-07-18 00:00:00+05:30,2016-08-01 00:00:00+05:30,84.44739532470703,89.01448822021484,5485.448941337909,296.66462526554096,5.408210493582399,UT Sell,5425.561317511315,105425.56131751131
PARAGMILK.NS,2016-05-31 00:00:00+05:30,2016-08-01 00:00:00+05:30,249.33999633789062,301.8198547363281,4358.516546515013,917.3591663905681,21.047509091690173,UT Sell,6342.920483901883,106342.92048390188
MBLINFRA.NS,2016-06-27 00:00:00+05:30,2016-08-01 00:00:00+05:30,117.05487823486328,130.7853546142578,5139.164581596191,602.8213344158694,11.729948026467717,UT Sell,6945.741818317752,106945.74181831775
CUMMINSIND.NS,2016-07-19 00:00:00+05:30,2016-08-01 00:00:00+05:30,705.1209716796875,711.84326171875,4579.660126366128,43.660314876789016,0.953352730815693,UT Sell,6989.402133194541,106989.40213319454
HIMATSEIDE.NS,2016-07-05 00:00:00+05:30,2016-08-02 00:00:00+05:30,233.83705139160156,240.3441619873047,4947.997530422575,137.69061389593844,2.782754297053547,UT Sell,7127.09274709048,107127.09274709049
TIL.NS,2016-06-10 00:00:00+05:30,2016-08-03 00:00:00+05:30,272.0164489746094,256.832763671875,5407.463100014444,-301.83916563233925,-5.58189968289442,UT Sell,6825.253581458141,106825.25358145814
RKDL.NS,2016-06-10 00:00:00+05:30,2016-08-03 00:00:00+05:30,8.399999618530273,7.900000095367432,5407.463100014444,-321.87251122767884,-5.952375546063715,UT Sell,6503.381070230462,106503.38107023046
ORIENTLTD.NS,2016-08-02 00:00:00+05:30,2016-08-04 00:00:00+05:30,64.43821716308594,61.17795181274414,5085.688144318514,-257.31147709443667,-5.059521342886364,UT Sell,6246.069593136025,106246.06959313602
WSI.NS,2016-08-01 00:00:00+05:30,2016-08-05 00:00:00+05:30,10.25,10.0,5355.823909191002,-130.62985144368213,-2.4390243902439046,UT Sell,6115.439741692343,106115.43974169235
EMKAY.NS,2016-05-02 00:00:00+05:30,2016-08-10 00:00:00+05:30,51.89116668701172,67.85073852539062,5000.0,1537.7927359622809,30.755854719245622,UT Sell,7653.232477654624,107653.23247765463
TNTELE.NS,2016-08-03 00:00:00+05:30,2016-08-10 00:00:00+05:30,3.200000047683716,3.0,5095.607261584435,-318.4755250338367,-6.25000139698384,UT Sell,7334.756952620787,107334.75695262078
ZEEL.NS,2016-07-27 00:00:00+05:30,2016-08-11 00:00:00+05:30,452.1717529296875,464.823486328125,8396.948772696433,234.94602779623892,2.797992868078336,UT Sell,7569.702980417026,107569.70298041703
CURAA.NS,2016-08-10 00:00:00+05:30,2016-08-11 00:00:00+05:30,70.0,67.0,5657.46223625644,-242.46266726813246,-4.285714285714281,UT Sell,7327.240313148894,107327.2403131489
EXCEL.NS,2016-08-05 00:00:00+05:30,2016-08-17 00:00:00+05:30,0.8777769804000854,0.7888879776000977,5225.19405774732,-529.1347342213076,-10.126604454752586,UT Sell,6798.105578927586,106798.10557892759
BAJFINANCE.NS,2016-07-26 00:00:00+05:30,2016-08-23 00:00:00+05:30,95.66944885253906,97.53749084472656,5066.433461007474,98.92719744182614,1.9526003490067279,UT Sell,6897.032776369412,106897.03277636941
KAYA.NS,2016-06-16 00:00:00+05:30,2016-08-24 00:00:00+05:30,828.6500244140625,711.0999755859375,5405.895470457431,-766.8656945510211,-14.185729242118173,UT Sell,6130.167081818391,106130.16708181839
FORTIS.NS,2016-08-03 00:00:00+05:30,2016-08-25 00:00:00+05:30,188.66143798828125,175.19625854492188,5095.607261584435,-363.68463466488265,-7.1372187061331305,UT Sell,5766.4824471535085,105766.48244715351
ATLANTAA.NS,2016-08-11 00:00:00+05:30,2016-08-26 00:00:00+05:30,60.12614059448242,61.87109375,7023.447184740489,203.83124887860504,2.902153935484275,UT Sell,5970.3136960321135,105970.31369603211
JAIBALAJI.NS,2016-06-24 00:00:00+05:30,2016-08-29 00:00:00+05:30,1.5099999904632568,2.0399999618530273,5139.164581596192,1803.812647957484,35.09933607530491,UT Sell,7774.126343989597,107774.1263439896
BILVYAPAR.NS,2016-06-28 00:00:00+05:30,2016-08-31 00:00:00+05:30,84.05000305175781,109.3499984741211,5106.222122256252,1537.0302394766122,30.101123740333,UT Sell,9311.15658346621,109311.15658346622
RELAXO.NS,2016-07-13 00:00:00+05:30,2016-09-01 00:00:00+05:30,243.42764282226562,212.716064453125,5678.668228037868,-716.4382084785238,-12.616306847108627,UT Sell,8594.718374987686,108594.71837498769
CROMPTON.NS,2016-08-01 00:00:00+05:30,2016-09-07 00:00:00+05:30,154.16688537597656,155.840576171875,5355.823909191002,58.14473814791472,1.0856357328726585,UT Sell,8652.863113135601,108652.8631131356
INFY.NS,2016-08-01 00:00:00+05:30,2016-09-08 00:00:00+05:30,419.0260009765625,400.6471252441406,5355.823909191002,-234.9114896029114,-4.386094344882874,UT Sell,8417.95162353269,108417.95162353269
ZEEL.NS,2016-08-29 00:00:00+05:30,2016-09-12 00:00:00+05:30,491.3318786621094,477.8459777832031,6942.977229553676,-190.56834451129816,-2.744764071818051,UT Sell,8227.383279021393,108227.3832790214
BAJFINANCE.NS,2016-08-25 00:00:00+05:30,2016-09-12 00:00:00+05:30,99.95634460449219,106.31288146972656,4731.922626919552,300.91777305849064,6.359313048497284,UT Sell,8528.301052079883,108528.30105207989
GUJALKALI.NS,2016-08-17 00:00:00+05:30,2016-09-12 00:00:00+05:30,246.20079040527344,261.0743408203125,4696.059323526012,283.6996379479624,6.041227727399079,UT Sell,8812.000690027846,108812.00069002784
SPARC.NS,2016-08-04 00:00:00+05:30,2016-09-12 00:00:00+05:30,388.95001220703125,360.1499938964844,4828.376667224077,-357.5198150456745,-7.404555188757045,UT Sell,8454.480874982171,108454.48087498217
ASAHIINDIA.NS,2016-07-05 00:00:00+05:30,2016-09-12 00:00:00+05:30,166.5001983642578,181.7181854248047,4947.9975304225745,452.2430791875422,9.139921279405328,UT Sell,8906.723954169713,108906.72395416972
EXCEL.NS,2016-08-31 00:00:00+05:30,2016-09-14 00:00:00+05:30,0.8166660070419312,0.7177770137786865,6643.252361732864,-804.4225330560439,-12.108866098324977,UT Sell,8102.301421113669,108102.30142111366
SALONA.NS,2016-09-08 00:00:00+05:30,2016-09-16 00:00:00+05:30,30.213891983032227,29.782262802124023,5120.91241958809,-73.15625654618543,-1.428578553039772,UT Sell,8029.145164567483,108029.14516456748
ESSENTIA.NS,2016-09-12 00:00:00+05:30,2016-09-16 00:00:00+05:30,0.4064219892024994,0.3984529972076416,5327.221141656582,-104.45444331395811,-1.9607679226448682,UT Sell,7924.690721253525,107924.69072125353
REGENCERAM.NS,2016-09-12 00:00:00+05:30,2016-09-19 00:00:00+05:30,3.9000000953674316,3.75,5327.221141656582,-204.8932460901906,-3.846156197421824,UT Sell,7719.797475163335,107719.79747516333
ZODIACLOTH.NS,2016-08-11 00:00:00+05:30,2016-09-22 00:00:00+05:30,207.25047302246094,195.35137939453125,7023.447184740489,-403.2447039722265,-5.741407223056183,UT Sell,7316.552771191108,107316.55277119111
INFY.NS,2016-09-12 00:00:00+05:30,2016-09-23 00:00:00+05:30,406.9599914550781,402.5390930175781,5327.221141656582,-57.870808226528425,-1.0863226190105713,UT Sell,7258.68196296458,107258.68196296458
DOLPHIN.NS,2016-07-05 00:00:00+05:30,2016-09-26 00:00:00+05:30,777.5999755859375,668.7999877929688,4947.997530422575,-692.3123557250165,-13.991768416785987,UT Sell,6566.369607239563,106566.36960723957
NSIL.NS,2016-09-19 00:00:00+05:30,2016-09-26 00:00:00+05:30,764.25,745.0499877929688,5122.327895566392,-128.68663149923668,-2.5122685256174337,UT Sell,6437.682975740327,106437.68297574033
LT.NS,2016-09-22 00:00:00+05:30,2016-09-26 00:00:00+05:30,865.8278198242188,846.0574340820312,6620.202480768263,-151.16626393772822,-2.283408466385539,UT Sell,6286.516711802598,106286.5167118026
NESCO.NS,2016-09-26 00:00:00+05:30,2016-09-29 00:00:00+05:30,331.0743103027344,318.3399658203125,5239.45421853175,-201.52881948965478,-3.8463704631076956,UT Sell,6084.987892312944,106084.98789231294
BALAMINES.NS,2016-09-16 00:00:00+05:30,2016-09-29 00:00:00+05:30,284.31402587890625,277.1204833984375,5135.261430692264,-129.92929608661325,-2.530139854420188,UT Sell,5955.05859622633,105955.05859622633
CENTUM.NS,2016-09-16 00:00:00+05:30,2016-09-29 00:00:00+05:30,468.6214294433594,464.1068115234375,5135.261430692264,-49.47222175909701,-0.9633827299115327,UT Sell,5905.586374467233,105905.58637446724
INDIGO.NS,2016-09-12 00:00:00+05:30,2016-09-29 00:00:00+05:30,833.0529174804688,870.3258056640625,5327.221141656582,238.3533071857928,4.474252163514891,UT Sell,6143.939681653026,106143.93968165302
JAGRAN.NS,2016-09-01 00:00:00+05:30,2016-09-29 00:00:00+05:30,150.3637237548828,139.6126251220703,4962.230019559344,-354.80249522121267,-7.1500614405762715,UT Sell,5789.1371864318135,105789.13718643182
GUJALKALI.NS,2016-09-14 00:00:00+05:30,2016-09-29 00:00:00+05:30,274.7727966308594,246.23095703125,5838.82982867682,-606.5045246942473,-10.387432798871131,UT Sell,5182.632661737566,105182.63266173756
HIKAL.NS,2016-08-24 00:00:00+05:30,2016-09-29 00:00:00+05:30,112.89730834960938,125.5185775756836,4639.02977590641,518.6168262592782,11.179424390694859,UT Sell,5701.249487996844,105701.24948799684
THEMISMED.NS,2016-08-10 00:00:00+05:30,2016-09-29 00:00:00+05:30,50.63590621948242,56.290809631347656,5657.46223625644,631.8125790744916,11.167773688800864,UT Sell,6333.062067071336,106333.06206707134
EMMBI.NS,2016-07-18 00:00:00+05:30,2016-09-29 00:00:00+05:30,115.231201171875,113.8462905883789,5485.448941337909,-65.92707718767178,-1.2018538116515876,UT Sell,6267.134989883664,106267.13498988366
NILAINFRA.NS,2016-07-04 00:00:00+05:30,2016-09-29 00:00:00+05:30,9.786018371582031,9.961127281188965,4796.553609489779,85.82849945060661,1.7893785087859548,UT Sell,6352.963489334271,106352.96348933427
PPAP.NS,2016-05-24 00:00:00+05:30,2016-09-29 00:00:00+05:30,129.74688720703125,145.7922821044922,4692.687936658388,580.330154311051,12.366689670063558,UT Sell,6933.293643645322,106933.29364364532
DIGJAMLMTD.NS,2016-08-26 00:00:00+05:30,2016-09-29 00:00:00+05:30,364.5,289.5,7227.278433619094,-1487.0943279051635,-20.576131687242793,Stop Loss,5446.199315740158,105446.19931574016
ORIENTLTD.NS,2016-09-12 00:00:00+05:30,2016-10-03 00:00:00+05:30,65.78068542480469,61.8200569152832,5327.221141656582,-320.74983399632583,-6.020959623549327,UT Sell,5125.449481743833,105125.44948174384
MOTOGENFIN.NS,2016-09-30 00:00:00+05:30,2016-10-05 00:00:00+05:30,21.0,20.950000762939453,5274.700133917884,-12.558618210431632,-0.23809160505022797,UT Sell,5112.890863533401,105112.8908635334
ASIANPAINT.NS,2016-10-03 00:00:00+05:30,2016-10-07 00:00:00+05:30,1105.7646484375,1097.9791259765625,5236.381730166795,-36.868575633940964,-0.7040849489933332,UT Sell,5076.02228789946,105076.02228789945
ASTRAL.NS,2016-09-29 00:00:00+05:30,2016-10-10 00:00:00+05:30,196.84796142578125,186.6780548095703,5274.700133917883,-272.5108627080481,-5.166376396559924,UT Sell,4803.511425191412,104803.5114251914
ZEEMEDIA.NS,2016-10-05 00:00:00+05:30,2016-10-13 00:00:00+05:30,27.136877059936523,28.71947479248047,5262.1415157074525,306.88325752040146,5.831908104416361,UT Sell,5110.394682711813,105110.39468271182
ASAHIINDIA.NS,2016-10-03 00:00:00+05:30,2016-10-13 00:00:00+05:30,192.16563415527344,189.89231872558594,5236.381730166795,-61.946286261066234,-1.1829979068216812,UT Sell,5048.448396450747,105048.44839645075
ENIL.NS,2016-08-01 00:00:00+05:30,2016-10-13 00:00:00+05:30,693.3639526367188,777.2018432617188,5355.823909191002,647.5978126609871,12.091469466530814,UT Sell,5696.046209111734,105696.04620911174
APOLSINHOT.NS,2016-09-30 00:00:00+05:30,2016-10-19 00:00:00+05:30,148.89524841308594,151.00132751464844,5274.700133917884,74.60906803576017,1.4144703232701783,UT Sell,5770.655277147494,105770.6552771475
MANAPPURAM.NS,2016-10-13 00:00:00+05:30,2016-10-21 00:00:00+05:30,78.35539245605469,83.2734603881836,5582.2939796618575,350.37921639520573,6.276617062300072,UT Sell,6121.0344935427,106121.0344935427
CYIENT.NS,2016-10-13 00:00:00+05:30,2016-10-21 00:00:00+05:30,426.5582580566406,401.69744873046875,5582.2939796618575,-325.34910205063443,-5.828233038890252,UT Sell,5795.685391492066,105795.68539149206
BLUECHIP.NS,2016-09-30 00:00:00+05:30,2016-10-24 00:00:00+05:30,0.44999998807907104,0.4000000059604645,5274.700133917884,-586.0775985855453,-11.11110743181195,UT Sell,5209.60779290652,105209.60779290652
SIMBHALS.NS,2016-10-07 00:00:00+05:30,2016-10-26 00:00:00+05:30,36.650001525878906,33.75,5199.513154532854,-411.4214312194663,-7.91269141921096,UT Sell,4798.186361687054,104798.18636168705
INFY.NS,2016-10-13 00:00:00+05:30,2016-10-27 00:00:00+05:30,406.32293701171875,391.61700439453125,5582.293979661857,-202.03840747457252,-3.619272080808811,UT Sell,4596.147954212482,104596.14795421249
PPAP.NS,2016-10-03 00:00:00+05:30,2016-11-02 00:00:00+05:30,161.49159240722656,165.13526916503906,5236.381730166795,118.14659897049114,2.256264059013291,UT Sell,4714.294553182973,104714.29455318298
KHANDSE.NS,2016-11-02 00:00:00+05:30,2016-11-03 00:00:00+05:30,18.5,17.600000381469727,5354.528329137286,-260.4904569531409,-4.864862802866343,UT Sell,4453.804096229832,104453.80409622983
IGPL.NS,2016-10-03 00:00:00+05:30,2016-11-03 00:00:00+05:30,193.36009216308594,257.8869934082031,5236.381730166795,1747.452036272427,33.371364547495766,UT Sell,6201.256132502259,106201.25613250225
NILAINFRA.NS,2016-10-03 00:00:00+05:30,2016-11-04 00:00:00+05:30,11.15169906616211,11.786672592163086,5236.381730166795,298.15759472743684,5.693962168757705,UT Sell,6499.413727229696,106499.4137272297
QUESS.NS,2016-09-23 00:00:00+05:30,2016-11-04 00:00:00+05:30,507.64556884765625,500.5297546386719,5269.350333430054,-73.86200190785257,-1.401728813498182,UT Sell,6425.551725321843,106425.55172532184
DPSCLTD.NS,2016-08-23 00:00:00+05:30,2016-11-04 00:00:00+05:30,28.10382080078125,35.51708221435547,5165.3606584493,1362.5253707642496,26.37812654060241,UT Sell,7788.077096086093,107788.0770960861
ENERGYDEV.NS,2016-11-03 00:00:00+05:30,2016-11-07 00:00:00+05:30,202.57339477539062,144.89503479003906,6038.935819311684,-1719.45538307683,-28.472820949317747,Stop Loss,6068.621713009263,106068.62171300926
GLFL.NS,2016-10-26 00:00:00+05:30,2016-11-08 00:00:00+05:30,2.0999999046325684,2.0999999046325684,4788.091723313388,0.0,0.0,UT Sell,6068.621713009263,106068.62171300926
ITC.NS,2016-11-04 00:00:00+05:30,2016-11-09 00:00:00+05:30,171.67388916015625,171.05349731445312,5752.637895209993,-20.788773755464717,-0.3613781039959796,UT Sell,6047.832939253798,106047.8329392538
RUSHIL.NS,2016-11-03 00:00:00+05:30,2016-11-09 00:00:00+05:30,50.208919525146484,44.823280334472656,6038.935819311684,-647.763977517182,-10.726459046736704,UT Sell,5400.068961736616,105400.06896173662
VGUARD.NS,2016-10-24 00:00:00+05:30,2016-11-09 00:00:00+05:30,133.65989685058594,139.5803985595703,4688.622535332339,207.68381831274837,4.429527366464092,UT Sell,5607.752780049364,105607.75278004937
INDTERRAIN.NS,2016-10-21 00:00:00+05:30,2016-11-09 00:00:00+05:30,150.35000610351562,144.8000030517578,5594.809036834144,-206.526145446599,-3.691388644132576,UT Sell,5401.226634602765,105401.22663460276
PATELENG.NS,2016-10-27 00:00:00+05:30,2016-11-09 00:00:00+05:30,61.10496520996094,50.042259216308594,5380.255572187284,-974.0646338853503,-18.1044305575498,UT Sell,4427.162000717415,104427.16200071742
63MOONS.NS,2016-10-19 00:00:00+05:30,2016-11-09 00:00:00+05:30,75.43148040771484,65.47134399414062,5349.309201953644,-706.334398872501,-13.204217071889168,UT Sell,3720.827601844914,103720.82760184491
SECURKLOUD.NS,2016-10-10 00:00:00+05:30,2016-11-09 00:00:00+05:30,815.65380859375,743.4937133789062,5002.189271209835,-442.5387956141485,-8.846902258600775,UT Sell,3278.2888062307657,103278.28880623076
FCL.NS,2016-10-03 00:00:00+05:30,2016-11-09 00:00:00+05:30,2.748971700668335,3.0678329467773438,5236.381730166795,607.3831910228455,11.599291692653168,UT Sell,3885.671997253611,103885.67199725361
NELCO.NS,2016-10-21 00:00:00+05:30,2016-11-09 00:00:00+05:30,93.00017547607422,78.34412384033203,5594.809036834144,-881.6952195649719,-15.759165572233458,UT Sell,3003.9767776886392,103003.97677768864
KHANDSE.NS,2016-11-09 00:00:00+05:30,2016-11-10 00:00:00+05:30,17.0,16.149999618530273,5063.700573746582,-253.18514231371046,-5.000002243939572,UT Sell,2750.791635374929,102750.79163537493
PDSL.NS,2016-11-09 00:00:00+05:30,2016-11-11 00:00:00+05:30,32.1515998840332,31.36283302307129,5063.700573746582,-124.22645283007023,-2.4532740635206274,UT Sell,2626.5651825448585,102626.56518254486
SSWL.NS,2016-11-09 00:00:00+05:30,2016-11-15 00:00:00+05:30,63.219818115234375,51.490203857421875,5063.700573746582,-939.5037223746531,-18.553698203358103,UT Sell,1687.0614601702055,101687.06146017021
MMFL.NS,2016-06-24 00:00:00+05:30,2016-11-15 00:00:00+05:30,99.50590515136719,95.74003601074219,5139.164581596192,-194.4952038473084,-3.784568498619656,UT Sell,1492.566256322897,101492.5662563229
ASHIMASYN.NS,2016-11-07 00:00:00+05:30,2016-11-15 00:00:00+05:30,16.600000381469727,13.699999809265137,4319.480436234854,-754.608159569123,-17.46988256362817,UT Sell,737.958096753774,100737.95809675378
ASAHIINDIA.NS,2016-11-08 00:00:00+05:30,2016-11-15 00:00:00+05:30,195.35791015625,164.16062927246094,4788.091723313388,-764.6244898406253,-15.969294951423796,UT Sell,-26.666393086851258,99973.33360691315
DRREDDY.NS,2016-11-09 00:00:00+05:30,2016-11-16 00:00:00+05:30,617.3038330078125,603.8389892578125,5063.700573746583,-110.45118040182388,-2.1812344310892295,UT Sell,-137.11757348867513,99862.88242651132
VARDMNPOLY.NS,2016-09-30 00:00:00+05:30,2016-11-18 00:00:00+05:30,4.920000076293945,7.909999847412109,5274.700133917883,3205.559339139564,60.77235212911665,UT Sell,3068.441765650889,103068.44176565089
LT.NS,2016-10-03 00:00:00+05:30,2016-11-21 00:00:00+05:30,848.9435424804688,778.058837890625,5236.381730166795,-437.2250373423012,-8.349754847387224,UT Sell,2631.216728308588,102631.21672830859
DPSCLTD.NS,2016-11-16 00:00:00+05:30,2016-11-21 00:00:00+05:30,35.856727600097656,33.28513717651367,4530.640445805028,-324.9306995628558,-7.171849177828992,UT Sell,2306.286028745732,102306.28602874573
TARAPUR.NS,2016-11-21 00:00:00+05:30,2016-11-22 00:00:00+05:30,5.099999904632568,4.75,4502.433219533334,-308.9904366507444,-6.86274335641942,UT Sell,1997.2955920949876,101997.29559209499
CTE.NS,2016-09-26 00:00:00+05:30,2016-11-25 00:00:00+05:30,121.5,96.0,5239.45421853175,-1099.6385396918486,-20.98765432098766,Stop Loss,897.657052403139,100897.65705240314
SALONA.NS,2016-11-22 00:00:00+05:30,2016-11-25 00:00:00+05:30,38.31888198852539,36.44850158691406,4193.442782882589,-204.6858569289875,-4.881093352805577,UT Sell,692.9711954741515,100692.97119547415
SHREECEM.NS,2016-11-04 00:00:00+05:30,2016-12-01 00:00:00+05:30,16185.728515625,14419.1083984375,5752.637895209993,-627.8818913070536,-10.914677800768013,UT Sell,65.08930416709791,100065.0893041671
BLUECHIP.NS,2016-11-15 00:00:00+05:30,2016-12-02 00:00:00+05:30,0.5,0.4000000059604645,4319.335972035164,-863.8671429165356,-19.999998807907104,UT Sell,-798.7778387494377,99201.22216125057
KHANDSE.NS,2016-11-17 00:00:00+05:30,2016-12-02 00:00:00+05:30,15.5,17.450000762939453,4530.640445805029,569.9840210273642,12.58065008348035,UT Sell,-228.79381772207353,99771.20618227792
SPARC.NS,2016-11-09 00:00:00+05:30,2016-12-07 00:00:00+05:30,321.8999938964844,316.70001220703125,5063.700573746582,-81.79916360241714,-1.6154028543179488,UT Sell,-310.59298132449067,99689.40701867551
KARMAENG.NS,2016-11-16 00:00:00+05:30,2016-12-09 00:00:00+05:30,38.54999923706055,51.79999923706055,4530.640445805029,1557.2240491565317,34.37094750254091,UT Sell,1246.631067832041,101246.63106783204
NAGAFERT.NS,2016-09-26 00:00:00+05:30,2016-12-12 00:00:00+05:30,9.800000190734863,10.050000190734863,5239.45421853175,133.65954378973493,2.551020358513423,UT Sell,1380.290611621776,101380.29061162178
UEL.NS,2016-11-09 00:00:00+05:30,2016-12-19 00:00:00+05:30,4007.255126953125,5084.30419921875,5063.700573746582,1360.9949535036103,26.877476929814257,UT Sell,2741.2855651253863,102741.28556512539
TARAPUR.NS,2016-12-02 00:00:00+05:30,2016-12-19 00:00:00+05:30,5.300000190734863,6.199999809265137,4278.0466479755105,726.4604174851602,16.981124266817904,UT Sell,3467.7459826105464,103467.74598261055
SALONA.NS,2016-12-12 00:00:00+05:30,2016-12-19 00:00:00+05:30,41.148441314697266,36.44850158691406,5373.1137623214845,-613.7124524426044,-11.421914360835084,UT Sell,2854.033530167942,102854.03353016794
PGHL.NS,2016-11-15 00:00:00+05:30,2016-12-20 00:00:00+05:30,615.5768432617188,715.8523559570312,4319.335972035164,703.6061116337105,16.289682400005322,UT Sell,3557.6396418016525,103557.63964180165
TIL.NS,2016-11-25 00:00:00+05:30,2016-12-20 00:00:00+05:30,271.8179626464844,262.2413635253906,4064.286302396751,-143.1915692857524,-3.5231663970451743,UT Sell,3414.4480725159,103414.4480725159
NELCO.NS,2016-12-01 00:00:00+05:30,2016-12-20 00:00:00+05:30,80.53522491455078,77.32160949707031,5124.7560039029395,-204.494305720782,-3.990322769806842,UT Sell,3209.953766795118,103209.95376679512
OMKARCHEM.NS,2016-11-21 00:00:00+05:30,2016-12-21 00:00:00+05:30,44.4122428894043,44.753875732421875,4502.433219533334,34.63412251248701,0.7692312317311156,UT Sell,3244.587889307605,103244.5878893076
NORBTEAEXP.NS,2016-12-19 00:00:00+05:30,2016-12-21 00:00:00+05:30,10.399999618530273,9.899999618530273,5396.2013008632475,-259.43276436513133,-4.807692484037418,UT Sell,2985.155124942474,102985.15512494248
ZEEMEDIA.NS,2016-12-07 00:00:00+05:30,2016-12-22 00:00:00+05:30,34.49129867553711,34.8171272277832,4981.901410144165,47.062470426819345,0.944668843325358,UT Sell,3032.217595369293,103032.2175953693
HCLTECH.NS,2016-11-04 00:00:00+05:30,2016-12-23 00:00:00+05:30,308.26092529296875,307.8730163574219,5752.637895209994,-7.238996121212949,-0.12583785479077791,UT Sell,3024.97859924808,103024.97859924808
RPOWER.NS,2016-12-19 00:00:00+05:30,2016-12-26 00:00:00+05:30,42.75,39.5,5396.2013008632475,-410.2375257966214,-7.602339181286554,UT Sell,2614.7410734514588,102614.74107345146
RCOM.NS,2016-12-21 00:00:00+05:30,2016-12-26 00:00:00+05:30,37.400001525878906,33.0,4836.917939271969,-569.0493434504633,-11.764709482255842,UT Sell,2045.6917300009954,102045.691730001
BERGEPAINT.NS,2016-12-22 00:00:00+05:30,2016-12-26 00:00:00+05:30,160.5178680419922,153.40757751464844,5028.963880570985,-222.76270348310027,-4.429594420905014,UT Sell,1822.9290265178952,101822.9290265179
SALONA.NS,2016-12-23 00:00:00+05:30,2016-12-26 00:00:00+05:30,37.98317337036133,34.530155181884766,5745.398899088781,-522.3093580192362,-9.090915481988105,UT Sell,1300.619668498659,101300.61966849866
NKIND.NS,2016-12-26 00:00:00+05:30,2016-12-27 00:00:00+05:30,34.75,33.25,4820.780772261391,-208.09125635660712,-4.316546762589923,UT Sell,1092.5284121420518,101092.52841214206
AGI.NS,2016-12-20 00:00:00+05:30,2016-12-28 00:00:00+05:30,62.30573654174805,60.41470718383789,4621.432838320678,-140.26421414693868,-3.035080656887945,UT Sell,952.2641979951131,100952.26419799511
HITECH.NS,2016-12-26 00:00:00+05:30,2016-12-28 00:00:00+05:30,12.21543025970459,11.609624862670898,4820.780772261391,-239.079176718481,-4.959345550292071,UT Sell,713.1850212766321,100713.18502127663
CURAA.NS,2016-09-07 00:00:00+05:30,2016-12-30 00:00:00+05:30,70.0,115.0,5413.9686473389165,3480.408416146446,64.28571428571428,UT Sell,4193.593437423078,104193.59343742309
BEARDSELL.NS,2016-12-21 00:00:00+05:30,2017-01-02 00:00:00+05:30,57.37553024291992,56.24778747558594,4836.917939271969,-95.07187470176086,-1.9655465710892384,UT Sell,4098.521562721317,104098.52156272132
AMBUJACEM.NS,2016-12-20 00:00:00+05:30,2017-01-04 00:00:00+05:30,178.6661834716797,184.58255004882812,4621.432838320677,153.0345040784432,3.3114081591641753,UT Sell,4251.556066799761,104251.55606679976
PRIMESECU.NS,2016-12-20 00:00:00+05:30,2017-01-09 00:00:00+05:30,30.417369842529297,28.75066375732422,4621.432838320678,-253.2293315915167,-5.479454975343412,UT Sell,3998.326735208244,103998.32673520825
AURIONPRO.NS,2016-12-02 00:00:00+05:30,2017-01-11 00:00:00+05:30,46.43578338623047,57.147132873535156,4278.0466479755105,986.8176959203838,23.067015792999214,UT Sell,4985.144431128628,104985.14443112863
TOKYOPLAST.NS,2016-11-15 00:00:00+05:30,2017-01-17 00:00:00+05:30,72.82652282714844,107.84502410888672,4319.335972035164,2076.9448602121893,48.084818445683084,UT Sell,7062.089291340817,107062.08929134082
SALONA.NS,2016-12-27 00:00:00+05:30,2017-01-17 00:00:00+05:30,39.32601547241211,42.7310791015625,4612.689515904784,399.39213557470885,8.658552330426406,UT Sell,7461.481426915526,107461.48142691553
DOLPHIN.NS,2016-11-10 00:00:00+05:30,2017-01-20 00:00:00+05:30,828.0,1015.5999755859375,4937.108002589727,1118.6006530808809,22.657001882359594,UT Sell,8580.082079996406,108580.08207999641
ASAHIINDIA.NS,2016-12-09 00:00:00+05:30,2017-01-20 00:00:00+05:30,170.7870635986328,187.66741943359375,6087.864494961561,601.7160596629556,9.883860919719023,UT Sell,9181.79813965936,109181.79813965937
GUJALKALI.NS,2016-12-28 00:00:00+05:30,2017-01-20 00:00:00+05:30,285.7568664550781,330.37188720703125,4531.435109858325,707.4898110776976,15.612930427681171,UT Sell,9889.287950737058,109889.28795073705
HDIL.NS,2016-12-30 00:00:00+05:30,2017-01-20 00:00:00+05:30,59.900001525878906,60.45000076293945,8894.377063485363,81.6677875530986,0.9181956979131822,UT Sell,9970.955738290157,109970.95573829015
INDOCO.NS,2016-11-09 00:00:00+05:30,2017-01-25 00:00:00+05:30,273.8147277832031,261.1800842285156,5063.700573746582,-233.6545310579868,-4.614303860488899,UT Sell,9737.301207232169,109737.30120723217
EXCEL.NS,2016-12-28 00:00:00+05:30,2017-01-30 00:00:00+05:30,0.8033329844474792,0.8822219967842102,4531.435109858325,444.9965919556744,9.82021326946878,UT Sell,10182.297799187843,110182.29779918784
DPSCLTD.NS,2017-01-02 00:00:00+05:30,2017-01-31 00:00:00+05:30,36.19636917114258,41.72772216796875,4741.846064570208,724.625840667456,15.281513376861078,UT Sell,10906.9236398553,110906.9236398553
ASTEC.NS,2017-01-17 00:00:00+05:30,2017-01-31 00:00:00+05:30,595.3896484375,558.5015258789062,5704.181241863423,-353.40980028539707,-6.1956271250936945,UT Sell,10553.513839569903,110553.5138395699
LAKPRE.NS,2017-01-20 00:00:00+05:30,2017-01-31 00:00:00+05:30,41.5,39.5,6740.0647455674025,-324.82239737674263,-4.81927710843374,UT Sell,10228.691442193161,110228.69144219316
HATHWAY.NS,2016-09-30 00:00:00+05:30,2017-02-01 00:00:00+05:30,26.149999618530273,36.349998474121094,5274.700133917884,2057.4354154644934,39.00573233034754,UT Sell,12286.126857657655,112286.12685765765
ARVIND.NS,2017-01-30 00:00:00+05:30,2017-02-07 00:00:00+05:30,126.01934051513672,122.77998352050781,4976.431701813999,-127.92035552374546,-2.5705236842116452,UT Sell,12158.20650213391,112158.20650213391
SHYAMCENT.NS,2017-01-31 00:00:00+05:30,2017-02-07 00:00:00+05:30,8.480278968811035,8.085846900939941,5744.161898335449,-267.1706513523404,-4.651168544357387,UT Sell,11891.035850781569,111891.03585078157
ACCELYA.NS,2016-11-09 00:00:00+05:30,2017-02-08 00:00:00+05:30,968.4856567382812,1070.3782958984375,5063.700573746582,532.7428566299004,10.520820670005149,UT Sell,12423.77870741147,112423.77870741147
RELAXO.NS,2016-12-19 00:00:00+05:30,2017-02-09 00:00:00+05:30,201.37411499023438,208.3247833251953,5396.2013008632475,186.25633941484557,3.4516195566138164,UT Sell,12610.035046826315,112610.03504682632
TEXRAIL.NS,2017-01-20 00:00:00+05:30,2017-02-09 00:00:00+05:30,97.92427825927734,84.32491302490234,6740.0647455674025,-936.0355144575396,-13.887633869884153,UT Sell,11673.999532368776,111673.99953236878
CENTUM.NS,2016-11-18 00:00:00+05:30,2017-02-10 00:00:00+05:30,508.92071533203125,602.4930419921875,8480.259473057447,1559.2165649183826,18.386425201636293,UT Sell,13233.216097287159,113233.21609728716
NELCO.NS,2017-01-04 00:00:00+05:30,2017-02-13 00:00:00+05:30,80.19439697265625,78.53890228271484,4774.46734239912,-98.56181517688128,-2.0643520650275304,UT Sell,13134.654282110278,113134.65428211028
DBCORP.NS,2017-01-31 00:00:00+05:30,2017-02-13 00:00:00+05:30,256.0357666015625,261.4510498046875,5744.161898335449,121.4918675502613,2.1150495007020487,UT Sell,13256.146149660539,113256.14614966053
XCHANGING.NS,2017-02-08 00:00:00+05:30,2017-02-13 00:00:00+05:30,41.97333908081055,39.33113479614258,5596.443430376483,-352.2937925470633,-6.294958520171523,UT Sell,12903.852357113476,112903.85235711347
EXCEL.NS,2017-02-07 00:00:00+05:30,2017-02-14 00:00:00+05:30,0.8888880014419556,0.8533329963684082,5162.751296636681,-206.5070607856178,-3.9999420642274353,UT Sell,12697.345296327858,112697.34529632785
HDIL.NS,2017-02-01 00:00:00+05:30,2017-02-15 00:00:00+05:30,66.05000305175781,63.849998474121094,7332.135549382378,-244.22000041171668,-3.330816769096534,UT Sell,12453.125295916141,112453.12529591614
RAMANEWS.NS,2017-02-09 00:00:00+05:30,2017-02-15 00:00:00+05:30,36.0,33.849998474121094,5693.2434356939775,-340.01339094283685,-5.972226460774744,UT Sell,12113.111904973304,112113.11190497331
GUJALKALI.NS,2017-02-10 00:00:00+05:30,2017-02-15 00:00:00+05:30,330.117431640625,321.6779479980469,10039.47603797583,-256.6601629652487,-2.556509542872487,UT Sell,11856.451742008056,111856.45174200805
ASIANPAINT.NS,2017-01-17 00:00:00+05:30,2017-02-16 00:00:00+05:30,892.151123046875,901.210693359375,5704.181241863423,57.92452612671332,1.0154748538072411,UT Sell,11914.376268134769,111914.37626813477
UMESLTD.NS,2016-12-26 00:00:00+05:30,2017-02-21 00:00:00+05:30,2.3499999046325684,2.8499999046325684,4820.780772261391,1025.698078276122,21.276596608125264,UT Sell,12940.074346410891,112940.0743464109
HINDOILEXP.NS,2017-02-15 00:00:00+05:30,2017-02-27 00:00:00+05:30,74.6500015258789,74.4000015258789,7407.9871562441285,-24.809065655798804,-0.33489617533809524,UT Sell,12915.265280755091,112915.26528075509
KITEX.NS,2017-01-31 00:00:00+05:30,2017-02-27 00:00:00+05:30,99.38629913330078,93.61383819580078,5744.161898335449,-333.6269733954423,-5.808105330250546,UT Sell,12581.638307359648,112581.63830735965
ASAHIINDIA.NS,2017-01-25 00:00:00+05:30,2017-03-02 00:00:00+05:30,196.0350799560547,199.03390502929688,4830.046042688596,73.88709806926272,1.5297390007515066,UT Sell,12655.52540542891,112655.52540542891
JHS.NS,2017-01-09 00:00:00+05:30,2017-03-07 00:00:00+05:30,40.70000076293945,37.75,4368.203506729161,-316.61433503607486,-7.248158986831421,UT Sell,12338.911070392836,112338.91107039283
EMAMIREAL.NS,2016-12-26 00:00:00+05:30,2017-03-08 00:00:00+05:30,55.400001525878906,63.04999923706055,4820.780772261391,665.6852140460842,13.808659748155616,UT Sell,13004.596284438921,113004.59628443891
FCL.NS,2017-02-16 00:00:00+05:30,2017-03-08 00:00:00+05:30,3.2079386711120605,3.1009256839752197,6585.046462117132,-219.6692532472125,-3.33588008089144,UT Sell,12784.92703119171,112784.9270311917
TIL.NS,2017-02-21 00:00:00+05:30,2017-03-08 00:00:00+05:30,302.731201171875,281.1961669921875,5846.478850537513,-415.8941047033459,-7.113582642398675,UT Sell,12369.032926488364,112369.03292648836
HONAUT.NS,2017-02-07 00:00:00+05:30,2017-03-09 00:00:00+05:30,9876.943359375,9412.703125,5162.751296636681,-242.66180181093114,-4.700241942101979,UT Sell,12126.371124677433,112126.37112467743
AUTOAXLES.NS,2017-02-15 00:00:00+05:30,2017-03-17 00:00:00+05:30,583.7020874023438,549.3327026367188,7407.987156244128,-436.1950495069277,-5.88817232410106,UT Sell,11690.176075170504,111690.1760751705
IGPL.NS,2016-11-25 00:00:00+05:30,2017-03-20 00:00:00+05:30,196.2730712890625,314.6018371582031,4064.286302396751,2450.269816143954,60.28782506535046,UT Sell,14140.445891314459,114140.44589131446
SALONA.NS,2017-02-14 00:00:00+05:30,2017-03-20 00:00:00+05:30,45.51266860961914,56.591094970703125,4956.244235851063,1206.4198490619428,24.341412401255134,UT Sell,15346.865740376401,115346.86574037641
TVVISION.NS,2016-11-10 00:00:00+05:30,2017-03-20 00:00:00+05:30,321.1000061035156,255.60000610351562,4937.108002589727,-1007.1023607062043,-20.39862932263048,Stop Loss,14339.763379670196,114339.7633796702
FCL.NS,2017-03-17 00:00:00+05:30,2017-03-21 00:00:00+05:30,3.3286502361297607,3.3044235706329346,6971.7921067372,-50.74227188246732,-0.7278225039646924,UT Sell,14289.021107787728,114289.02110778773
DBSTOCKBRO.NS,2017-03-21 00:00:00+05:30,2017-03-28 00:00:00+05:30,9.600000381469727,9.449999809265137,6921.049834854733,-108.14181189915234,-1.5625058983760765,UT Sell,14180.879295888575,114180.87929588858
SUTLEJTEX.NS,2017-03-09 00:00:00+05:30,2017-03-29 00:00:00+05:30,72.09201049804688,70.98967742919922,4920.08949482575,-75.23132333760259,-1.5290641240717218,UT Sell,14105.647972550973,114105.64797255097
ATLANTAA.NS,2017-01-11 00:00:00+05:30,2017-03-31 00:00:00+05:30,78.37337493896484,80.2180404663086,5264.864343895894,123.9185344371017,2.3536890286788514,UT Sell,14229.566506988074,114229.56650698808
JKIL.NS,2017-02-13 00:00:00+05:30,2017-03-31 00:00:00+05:30,218.76864624023438,238.46383666992188,5261.902976979123,473.71587718443243,9.002748231142688,UT Sell,14703.282384172508,114703.2823841725
DISHTV.NS,2017-03-07 00:00:00+05:30,2017-04-03 00:00:00+05:30,98.3470458984375,101.60881042480469,4051.589171693086,134.37444627761715,3.316586173554814,UT Sell,14837.656830450125,114837.65683045013
DPSCLTD.NS,2017-03-31 00:00:00+05:30,2017-04-05 00:00:00+05:30,43.23185729980469,41.193992614746094,5562.200866248276,-262.1912039985591,-4.713803228314695,UT Sell,14575.465626451565,114575.46562645157
ASIANPAINT.NS,2017-04-03 00:00:00+05:30,2017-04-10 00:00:00+05:30,1012.6655883789062,984.186279296875,4185.963617970703,-117.72232911870151,-2.8123113304977077,UT Sell,14457.743297332863,114457.74329733287
ZEEL.NS,2017-03-28 00:00:00+05:30,2017-04-11 00:00:00+05:30,491.5635070800781,500.6469421386719,6812.90802295558,125.89341294736914,1.8478660290610183,UT Sell,14583.636710280232,114583.63671028023
ENIL.NS,2017-02-27 00:00:00+05:30,2017-04-11 00:00:00+05:30,767.4420776367188,774.3453369140625,6396.856507764169,57.540706093474,0.8995153482594942,UT Sell,14641.177416373706,114641.17741637371
CURAA.NS,2017-02-13 00:00:00+05:30,2017-04-11 00:00:00+05:30,138.0,230.0,5261.902976979122,3507.935317986082,66.66666666666667,UT Sell,18149.112734359787,118149.11273435979
BLUEDART.NS,2017-01-20 00:00:00+05:30,2017-04-17 00:00:00+05:30,4375.64501953125,4743.53173828125,6740.0647455674025,566.6776651993987,8.407599727763348,UT Sell,18715.790399559184,118715.79039955919
PPAP.NS,2017-02-09 00:00:00+05:30,2017-04-17 00:00:00+05:30,187.8114013671875,233.18896484375,5693.2434356939775,1375.5582116425321,24.161240023892617,UT Sell,20091.348611201716,120091.34861120171
NHPC.NS,2017-04-11 00:00:00+05:30,2017-04-17 00:00:00+05:30,21.6561279296875,20.86141014099121,7387.678981575266,-271.1066319379779,-3.669713215938497,UT Sell,19820.241979263737,119820.24197926374
ITI.NS,2017-02-27 00:00:00+05:30,2017-04-18 00:00:00+05:30,43.900001525878906,74.75,6396.856507764169,4495.284889394892,70.27334260099084,UT Sell,24315.526868658628,124315.52686865864
INDIACEM.NS,2017-04-11 00:00:00+05:30,2017-04-18 00:00:00+05:30,162.5108642578125,154.56588745117188,7387.678981575265,-361.1754723696895,-4.888889640040595,UT Sell,23954.351396288937,123954.35139628894
ASTRAL.NS,2017-03-08 00:00:00+05:30,2017-04-19 00:00:00+05:30,207.76461791992188,246.42059326171875,5760.809313670521,1071.8365090627321,18.60565852300027,UT Sell,25026.187905351668,125026.18790535166
TREEHOUSE.NS,2017-03-20 00:00:00+05:30,2017-04-20 00:00:00+05:30,19.149999618530273,18.899999618530273,5535.741948445744,-72.26817309031594,-1.3054830547259644,UT Sell,24953.91973226135,124953.91973226135
NITIRAJ.NS,2017-04-17 00:00:00+05:30,2017-04-20 00:00:00+05:30,70.19685363769531,67.35423278808594,7164.0388025802,-290.10767594702247,-4.049498948031061,UT Sell,24663.812056314327,124663.81205631433
GREENPLY.NS,2017-02-13 00:00:00+05:30,2017-04-20 00:00:00+05:30,288.6474914550781,276.6850280761719,5261.902976979123,-218.06987252223007,-4.144315725247849,UT Sell,24445.7421837921,124445.7421837921
ARCHIES.NS,2017-03-08 00:00:00+05:30,2017-04-21 00:00:00+05:30,23.649999618530273,31.450000762939453,5760.809313670521,1899.9712458407885,32.98097788677221,UT Sell,26345.713429632888,126345.71342963289
SECURKLOUD.NS,2017-03-02 00:00:00+05:30,2017-04-24 00:00:00+05:30,636.8742065429688,561.2233276367188,4903.933140757858,-582.5119754960415,-11.878464872504768,UT Sell,25763.201454136848,125763.20145413684
PKTEA.NS,2017-04-10 00:00:00+05:30,2017-04-24 00:00:00+05:30,154.9522705078125,146.62359619140625,4068.2412888520016,-218.66770086274255,-5.374993402233708,UT Sell,25544.533753274107,125544.53375327411
PROZONER.NS,2017-03-20 00:00:00+05:30,2017-05-02 00:00:00+05:30,35.95000076293945,45.650001525878906,5535.741948445744,1493.6495127620447,26.981920882013167,UT Sell,27038.18326603615,127038.18326603615
PPAP.NS,2017-04-20 00:00:00+05:30,2017-05-05 00:00:00+05:30,236.9969024658203,249.5086212158203,5793.7460021485,305.8677971467305,5.279275222512436,UT Sell,27344.05106318288,127344.05106318288
CAMLINFINE.NS,2017-03-08 00:00:00+05:30,2017-05-05 00:00:00+05:30,93.3499984741211,90.1500015258789,5760.809313670521,-197.47801311706917,-3.4279560798592845,UT Sell,27146.57305006581,127146.57305006581
THEMISMED.NS,2017-04-17 00:00:00+05:30,2017-05-05 00:00:00+05:30,59.89026641845703,56.25183868408203,7164.038802580199,-435.2266073976498,-6.075157036292134,UT Sell,26711.34644266816,126711.34644266816
HIKAL.NS,2017-03-29 00:00:00+05:30,2017-05-08 00:00:00+05:30,132.1825714111328,137.3395233154297,4844.8581714881475,189.0166026184579,3.9013856738018715,UT Sell,26900.36304528662,126900.36304528662
MBLINFRA.NS,2017-04-18 00:00:00+05:30,2017-05-15 00:00:00+05:30,41.650001525878906,40.04999923706055,8959.322453182318,-344.1761322012553,-3.8415419692703012,UT Sell,26556.186913085367,126556.18691308537
HONDAPOWER.NS,2017-04-11 00:00:00+05:30,2017-05-16 00:00:00+05:30,1301.7811279296875,1243.1268310546875,7387.678981575265,-332.86633744003575,-4.505695743821548,UT Sell,26223.32057564533,126223.32057564534
MOHITIND.NS,2017-04-19 00:00:00+05:30,2017-05-17 00:00:00+05:30,46.75,44.54999923706055,6832.645822733253,-321.5363855167525,-4.7058839848972305,UT Sell,25901.78419012858,125901.78419012859
VIPIND.NS,2017-04-17 00:00:00+05:30,2017-05-18 00:00:00+05:30,187.60702514648438,184.69281005859375,7164.0388025802,-111.28341250767062,-1.5533613869817442,UT Sell,25790.50077762091,125790.50077762091
IGPL.NS,2017-04-21 00:00:00+05:30,2017-05-18 00:00:00+05:30,330.2701416015625,342.0544738769531,7660.78055951131,273.34346109629405,3.568088903903166,UT Sell,26063.844238717204,126063.8442387172
JUBLPHARMA.NS,2017-05-05 00:00:00+05:30,2017-05-18 00:00:00+05:30,527.4508666992188,503.1739807128906,6130.58576501041,-282.1713661747299,-4.602681978371292,UT Sell,25781.672872542473,125781.67287254248
HDIL.NS,2017-05-08 00:00:00+05:30,2017-05-18 00:00:00+05:30,92.9000015258789,90.69999694824219,5033.874774106605,-119.20933653805696,-2.368142671153639,UT Sell,25662.463536004416,125662.46353600442
NHPC.NS,2017-05-15 00:00:00+05:30,2017-05-18 00:00:00+05:30,20.762067794799805,20.132917404174805,8615.146320981063,-261.06372095048937,-3.0302877191383693,UT Sell,25401.399815053926,125401.39981505393
NAVKARCORP.NS,2017-04-05 00:00:00+05:30,2017-05-19 00:00:00+05:30,181.0,219.75,5300.009662249717,1134.6705768628535,21.40883977900552,UT Sell,26536.07039191678,126536.07039191679
VGUARD.NS,2017-04-20 00:00:00+05:30,2017-05-19 00:00:00+05:30,179.268798828125,196.52096557617188,5793.7460021485,557.5687056436855,9.623630470457666,UT Sell,27093.639097560466,127093.63909756046
NORBTEAEXP.NS,2017-05-18 00:00:00+05:30,2017-05-22 00:00:00+05:30,6.400000095367432,6.099999904632568,6820.808369422988,-319.7255908283496,-4.687502910383001,UT Sell,26773.91350673212,126773.91350673212
JPASSOCIAT.NS,2017-05-18 00:00:00+05:30,2017-05-22 00:00:00+05:30,12.949999809265137,11.399999618530273,6820.808369422988,-816.3903034197428,-11.969113618255879,UT Sell,25957.523203312376,125957.52320331238
IGARASHI.NS,2017-05-02 00:00:00+05:30,2017-05-23 00:00:00+05:30,688.6102905273438,679.8114624023438,7029.391461207789,-89.81917369132589,-1.2777659942115882,UT Sell,25867.70402962105,125867.70402962105
PRAKASHSTL.NS,2017-01-20 00:00:00+05:30,2017-05-23 00:00:00+05:30,1.5,1.149999976158142,6740.064745567402,-1572.6818810961704,-23.333334922790527,Stop Loss,24295.02214852488,124295.02214852488
LYKALABS.NS,2017-04-24 00:00:00+05:30,2017-05-23 00:00:00+05:30,55.04999923706055,47.849998474121094,4085.497376625538,-534.3430451655295,-13.079020640734718,UT Sell,23760.67910335935,123760.67910335935
SWANCORP.NS,2017-04-18 00:00:00+05:30,2017-05-24 00:00:00+05:30,144.5579376220703,128.98251342773438,8959.322453182318,-965.3240077828013,-10.77452020314239,UT Sell,22795.35509557655,122795.35509557655
DBSTOCKBRO.NS,2017-05-23 00:00:00+05:30,2017-05-26 00:00:00+05:30,9.649999618530273,9.5,5219.369827815901,-81.12989783309877,-1.5544002534698453,UT Sell,22714.22519774345,122714.22519774345
NESCO.NS,2017-02-16 00:00:00+05:30,2017-05-30 00:00:00+05:30,429.52728271484375,478.9967956542969,6585.046462117132,758.4129210736764,11.517199239773346,UT Sell,23472.638118817125,123472.63811881712
SALONA.NS,2017-05-16 00:00:00+05:30,2017-05-30 00:00:00+05:30,57.454349517822266,55.8717155456543,7054.81264413523,-194.33143446215763,-2.754593839195829,UT Sell,23278.306684354968,123278.30668435496
HGS.NS,2017-05-18 00:00:00+05:30,2017-05-30 00:00:00+05:30,218.30364990234375,210.92628479003906,6820.808369422989,-230.50275945824524,-3.379405298814242,UT Sell,23047.80392489672,123047.80392489673
VARDMNPOLY.NS,2017-05-22 00:00:00+05:30,2017-05-31 00:00:00+05:30,7.644999980926514,6.010000228881836,6252.750422298942,-1337.245966718374,-21.386523951914103,Stop Loss,21710.557958178346,121710.55795817834
GAEL.NS,2017-05-05 00:00:00+05:30,2017-06-01 00:00:00+05:30,33.84455108642578,30.903108596801758,6130.585765010411,-532.8114829898959,-8.691037095196585,UT Sell,21177.74647518845,121177.74647518845
SANGINITA.NS,2017-05-24 00:00:00+05:30,2017-06-05 00:00:00+05:30,28.95237922668457,34.380950927734375,6606.684136607709,1238.7534116266224,18.75000205871318,UT Sell,22416.499886815072,122416.49988681507
DBCORP.NS,2017-05-05 00:00:00+05:30,2017-06-05 00:00:00+05:30,265.6935729980469,255.3459014892578,6130.58576501041,-238.76109209932747,-3.8945885638209,UT Sell,22177.738794715744,122177.73879471574
HDIL.NS,2017-06-05 00:00:00+05:30,2017-06-08 00:00:00+05:30,93.80000305175781,88.75,6868.631110572707,-369.7932509730417,-5.3837983874811535,UT Sell,21807.945543742702,121807.94554374271
ZEEL.NS,2017-04-20 00:00:00+05:30,2017-06-12 00:00:00+05:30,494.4369201660156,475.6678466796875,5793.746002148499,-219.93350423534866,-3.7960501574247463,UT Sell,21588.012039507354,121588.01203950736
GPTINFRA.NS,2017-05-18 00:00:00+05:30,2017-06-12 00:00:00+05:30,25.101215362548828,23.2880916595459,6820.808369422988,-492.68408519745117,-7.223250654660019,UT Sell,21095.3279543099,121095.3279543099
MIRCELECTR.NS,2017-05-23 00:00:00+05:30,2017-06-12 00:00:00+05:30,14.449999809265137,13.25,5219.369827815901,-433.442413877915,-8.304497059548154,UT Sell,20661.885540431987,120661.88554043199
NAVKARCORP.NS,2017-05-31 00:00:00+05:30,2017-06-12 00:00:00+05:30,218.39999389648438,214.35000610351562,4915.504455580568,-91.15262636326133,-1.854390066919298,UT Sell,20570.732914068725,120570.73291406872
VGUARD.NS,2017-06-05 00:00:00+05:30,2017-06-12 00:00:00+05:30,181.91925048828125,175.1243896484375,6868.631110572707,-256.5500486138453,-3.7350972047246023,UT Sell,20314.18286545488,120314.18286545487
DCMSHRIRAM.NS,2017-06-12 00:00:00+05:30,2017-06-16 00:00:00+05:30,336.96759033203125,317.50445556640625,5624.859417450569,-324.8899894843353,-5.775966390846965,UT Sell,19989.292875970546,119989.29287597054
ARCHIES.NS,2017-06-01 00:00:00+05:30,2017-06-19 00:00:00+05:30,29.75,31.649999618530273,5597.774282020515,357.50484035151476,6.386553339597567,UT Sell,20346.79771632206,120346.79771632206
CENTUM.NS,2017-06-16 00:00:00+05:30,2017-06-22 00:00:00+05:30,692.2941284179688,672.9841918945312,5299.9694279662335,-147.83033544435693,-2.789267701513598,UT Sell,20198.967380877704,120198.9673808777
INDIACEM.NS,2017-05-30 00:00:00+05:30,2017-06-22 00:00:00+05:30,197.37245178222656,203.0543212890625,6931.415400942875,199.53847383567154,2.8787550924812555,UT Sell,20398.505854713374,120398.50585471338
PANAMAPET.NS,2017-05-22 00:00:00+05:30,2017-06-23 00:00:00+05:30,56.930755615234375,53.96046447753906,6252.750422298942,-326.22945128459287,-5.217375222928677,UT Sell,20072.276403428783,120072.27640342878
VOLTAS.NS,2017-05-24 00:00:00+05:30,2017-06-23 00:00:00+05:30,423.9135437011719,431.3189392089844,6606.684136607709,115.41294151540387,1.7469117507207477,UT Sell,20187.689344944185,120187.68934494418
BBOX.NS,2017-05-18 00:00:00+05:30,2017-06-27 00:00:00+05:30,24.725605010986328,24.835363388061523,6820.808369422988,30.277959088812167,0.4439057286016901,UT Sell,20217.967304032998,120217.967304033
GMDCLTD.NS,2017-05-19 00:00:00+05:30,2017-06-27 00:00:00+05:30,106.863525390625,107.92391204833984,6392.9974734523785,63.4365111844636,0.9922811865308967,UT Sell,20281.40381521746,120281.40381521746
VGUARD.NS,2017-06-19 00:00:00+05:30,2017-06-27 00:00:00+05:30,180.08802795410156,169.34152221679688,5955.27912237203,-355.37310271470596,-5.96736266113348,UT Sell,19926.030712502754,119926.03071250275
JETFREIGHT.NS,2017-06-23 00:00:00+05:30,2017-06-30 00:00:00+05:30,16.23070526123047,17.639732360839844,6324.309024568731,549.0286872011075,8.681243833409091,UT Sell,20475.05939970386,120475.05939970387
PKTEA.NS,2017-06-22 00:00:00+05:30,2017-07-03 00:00:00+05:30,146.04254150390625,139.98968505859375,6141.5464836502115,-254.54157969959851,-4.144584436138832,UT Sell,20220.51782000426,120220.51782000426
QUESS.NS,2017-06-30 00:00:00+05:30,2017-07-06 00:00:00+05:30,835.5072631835938,796.8215942382812,6873.337711769838,-318.249378531651,-4.630201393810229,UT Sell,19902.26844147261,119902.26844147261
BAGFILMS.NS,2017-06-27 00:00:00+05:30,2017-07-11 00:00:00+05:30,4.300000190734863,4.349999904632568,6302.475444268655,73.28417560067373,1.1627839925551386,UT Sell,19975.552617073285,119975.55261707329
SPARC.NS,2017-05-30 00:00:00+05:30,2017-07-11 00:00:00+05:30,291.25,300.04998779296875,6931.415400942875,209.4295997125937,3.0214550362124504,UT Sell,20184.98221678588,120184.98221678588
ENIL.NS,2017-05-30 00:00:00+05:30,2017-07-11 00:00:00+05:30,759.7296142578125,893.4129638671875,6931.415400942875,1219.6639579954654,17.59617462588603,UT Sell,21404.646174781345,121404.64617478134
NHPC.NS,2017-05-26 00:00:00+05:30,2017-07-11 00:00:00+05:30,20.166032791137695,20.728958129882812,5138.239929982802,143.4315555814428,2.7914530566096385,UT Sell,21548.077730362787,121548.07773036278
DPSCLTD.NS,2017-04-24 00:00:00+05:30,2017-07-14 00:00:00+05:30,43.95966720581055,35.12892150878906,4085.497376625538,-820.7065856508525,-20.088290604379832,Stop Loss,20727.371144711935,120727.37114471194
FCL.NS,2017-06-22 00:00:00+05:30,2017-07-18 00:00:00+05:30,3.1590683460235596,3.1832938194274902,6141.5464836502115,47.096755974257576,0.7668549949045644,UT Sell,20774.46790068619,120774.4679006862
MAANALU.NS,2017-06-27 00:00:00+05:30,2017-07-19 00:00:00+05:30,10.17982006072998,10.604220390319824,6302.475444268655,262.75244943648886,4.169035671141419,UT Sell,21037.22035012268,121037.22035012268
EMMBI.NS,2017-05-19 00:00:00+05:30,2017-07-20 00:00:00+05:30,166.00364685058594,179.84132385253906,6392.9974734523785,532.9053655764556,8.335766872885596,UT Sell,21570.125715699134,121570.12571569913
OMKARCHEM.NS,2017-06-12 00:00:00+05:30,2017-07-20 00:00:00+05:30,90.4000015258789,97.5,5624.859417450569,441.7753606963379,7.853980480396983,UT Sell,22011.901076395472,122011.90107639547
ORTEL.NS,2017-06-23 00:00:00+05:30,2017-07-26 00:00:00+05:30,68.0999984741211,63.0,6324.309024568731,-473.6265359451918,-7.488984711297986,UT Sell,21538.27454045028,121538.27454045028
WINDMACHIN.NS,2017-05-17 00:00:00+05:30,2017-07-27 00:00:00+05:30,57.30706787109375,50.83341979980469,6511.109437216501,-735.5223817243987,-11.296421736060303,UT Sell,20802.75215872588,120802.75215872588
VGUARD.NS,2017-07-06 00:00:00+05:30,2017-07-31 00:00:00+05:30,173.53408813476562,172.36727905273438,6555.088333238187,-44.075124852701265,-0.6723803343612333,UT Sell,20758.67703387318,120758.67703387319
DISHTV.NS,2017-07-27 00:00:00+05:30,2017-08-01 00:00:00+05:30,80.35794067382812,80.06140899658203,5775.587055492102,-21.312697939803,-0.3690135346420931,UT Sell,20737.364335933376,120737.36433593338
WIPL.NS,2017-07-31 00:00:00+05:30,2017-08-02 00:00:00+05:30,47.237831115722656,46.1007194519043,6511.013208385486,-156.73346738534474,-2.4072054896692396,UT Sell,20580.630868548033,120580.63086854803
ASHIMASYN.NS,2017-06-08 00:00:00+05:30,2017-08-03 00:00:00+05:30,20.100000381469727,22.299999237060547,6498.8378595996655,711.3152031066829,10.945267730537012,UT Sell,21291.946071654715,121291.94607165472
DAMODARIND.NS,2017-06-12 00:00:00+05:30,2017-08-03 00:00:00+05:30,42.13558578491211,39.65720748901367,5624.859417450568,-330.84931033951034,-5.88191252057042,UT Sell,20961.096761315202,120961.0967613152
HDIL.NS,2017-07-19 00:00:00+05:30,2017-08-03 00:00:00+05:30,87.5,83.5,6565.227893705144,-300.1247037122357,-4.571428571428571,UT Sell,20660.972057602965,120660.97205760296
ENIL.NS,2017-08-02 00:00:00+05:30,2017-08-03 00:00:00+05:30,878.2260131835938,838.2828979492188,6354.279741000141,-289.00274430058835,-4.548158974428473,UT Sell,20371.969313302376,120371.96931330237
SPARC.NS,2017-07-14 00:00:00+05:30,2017-08-04 00:00:00+05:30,309.0,356.45001220703125,3264.7907909746855,501.34098021084765,15.355991005511726,UT Sell,20873.310293513223,120873.31029351322
ABMINTLLTD.NS,2017-07-11 00:00:00+05:30,2017-08-07 00:00:00+05:30,107.625,101.75,6737.338866256845,-367.77575692691244,-5.458768873403019,UT Sell,20505.53453658631,120505.53453658632
NACLIND.NS,2017-07-11 00:00:00+05:30,2017-08-07 00:00:00+05:30,35.8607292175293,34.80448532104492,6737.338866256845,-198.44195060462334,-2.945405516093258,UT Sell,20307.092585981685,120307.09258598168
BOHRAIND.NS,2017-08-04 00:00:00+05:30,2017-08-08 00:00:00+05:30,871.875,833.125,3766.131771185533,-167.3836342749123,-4.444444444444439,UT Sell,20139.708951706772,120139.70895170677
EXCEL.NS,2017-06-27 00:00:00+05:30,2017-08-09 00:00:00+05:30,1.194443941116333,1.3255549669265747,6302.475444268654,691.8064483374883,10.976741670078273,UT Sell,20831.51540004426,120831.51540004426
POKARNA.NS,2017-06-12 00:00:00+05:30,2017-08-09 00:00:00+05:30,275.5426025390625,240.57061767578125,5624.859417450569,-713.9095609626438,-12.692042733509211,UT Sell,20117.605839081618,120117.60583908162
TIL.NS,2017-03-31 00:00:00+05:30,2017-08-09 00:00:00+05:30,289.234619140625,422.2656555175781,5562.200866248276,2558.287621213266,45.99416099366509,UT Sell,22675.893460294883,122675.89346029489
WSTCSTPAPR.NS,2017-06-12 00:00:00+05:30,2017-08-09 00:00:00+05:30,173.90353393554688,163.13229370117188,5624.859417450569,-348.3926444669132,-6.193801811047206,UT Sell,22327.50081582797,122327.50081582797
WALCHANNAG.NS,2017-03-20 00:00:00+05:30,2017-08-10 00:00:00+05:30,146.0,136.8000030517578,5535.741948445745,-348.8274591229938,-6.301367772768618,UT Sell,21978.673356704978,121978.67335670498
GUJALKALI.NS,2017-07-03 00:00:00+05:30,2017-08-10 00:00:00+05:30,334.69769287109375,331.0080871582031,5887.004903950613,-64.89655407871942,-1.10236962831759,UT Sell,21913.776802626257,121913.77680262626
NESCO.NS,2017-07-11 00:00:00+05:30,2017-08-10 00:00:00+05:30,478.9967956542969,451.47662353515625,6737.338866256845,-387.0855231319356,-5.74537708160423,UT Sell,21526.69127949432,121526.69127949432
PFOCUS.NS,2017-07-11 00:00:00+05:30,2017-08-10 00:00:00+05:30,114.0,108.94999694824219,6737.338866256844,-298.4524722396809,-4.429827238384043,UT Sell,21228.23880725464,121228.23880725465
ASHIMASYN.NS,2017-08-07 00:00:00+05:30,2017-08-10 00:00:00+05:30,24.100000381469727,21.549999237060547,6454.230012491077,-682.9167492788483,-10.58091744417503,UT Sell,20545.32205797579,120545.32205797579
ACEINTEG.NS,2017-08-09 00:00:00+05:30,2017-08-10 00:00:00+05:30,24.833332061767578,22.66666603088379,6325.5467523848165,-551.8932071246154,-8.72483010131171,UT Sell,19993.428850851175,119993.42885085117
BOHRAIND.NS,2017-08-10 00:00:00+05:30,2017-08-11 00:00:00+05:30,891.25,813.75,5890.521564134859,-512.2192664465092,-8.695652173913048,UT Sell,19481.209584404663,119481.20958440466
ORIENTLTD.NS,2017-08-03 00:00:00+05:30,2017-08-11 00:00:00+05:30,81.84076690673828,75.19975280761719,6208.635839127466,-503.8031741679488,-8.114555068489116,UT Sell,18977.406410236716,118977.40641023671
JYOTHYLAB.NS,2017-07-20 00:00:00+05:30,2017-08-17 00:00:00+05:30,168.0891571044922,165.23944091796875,6496.268808587871,-110.13513717801561,-1.6953599123302854,UT Sell,18867.2712730587,118867.2712730587
SHEMAROO.NS,2017-08-11 00:00:00+05:30,2017-08-17 00:00:00+05:30,360.9649963378906,336.8414611816406,5716.044522729397,-382.00712644634496,-6.683067721521818,UT Sell,18485.264146612357,118485.26414661236
SANGINITA.NS,2017-08-03 00:00:00+05:30,2017-08-18 00:00:00+05:30,38.0,40.71428680419922,6208.635839127466,443.4741665847905,7.142860011050578,UT Sell,18928.738313197147,118928.73831319714
INFY.NS,2017-08-10 00:00:00+05:30,2017-08-18 00:00:00+05:30,388.803466796875,365.8219299316406,5890.521564134859,-348.17909314668486,-5.91083640651815,UT Sell,18580.55922005046,118580.55922005046
THEINVEST.NS,2017-08-10 00:00:00+05:30,2017-08-18 00:00:00+05:30,310.1000061035156,274.1499938964844,5890.521564134859,-682.8904158929263,-11.593038213301632,UT Sell,17897.668804157536,117897.66880415754
IGARASHI.NS,2017-08-08 00:00:00+05:30,2017-08-21 00:00:00+05:30,847.5368041992188,806.8587036132812,3598.748136910621,-172.7243442071167,-4.799567450568887,UT Sell,17724.94445995042,117724.94445995042
EIHOTEL.NS,2017-08-18 00:00:00+05:30,2017-08-22 00:00:00+05:30,129.52059936523438,127.89201354980469,5800.694541647454,-72.93765544991129,-1.2573952123532517,UT Sell,17652.00680450051,117652.0068045005
BOHRAIND.NS,2017-08-17 00:00:00+05:30,2017-08-23 00:00:00+05:30,850.5625,828.28125,5860.0855338464535,-153.51021330121694,-2.6195899772209597,UT Sell,17498.49659119929,117498.49659119929
ENIL.NS,2017-08-23 00:00:00+05:30,2017-08-29 00:00:00+05:30,781.2254638671875,787.7560424804688,5706.5753205452365,47.703563781642515,0.8359403162505608,UT Sell,17546.200154980936,117546.20015498094
BILVYAPAR.NS,2017-08-07 00:00:00+05:30,2017-08-29 00:00:00+05:30,78.6500015258789,69.5999984741211,6454.230012491077,-742.6675165488932,-11.506678799974356,UT Sell,16803.532638432043,116803.53263843205
SELMC.NS,2017-08-11 00:00:00+05:30,2017-08-29 00:00:00+05:30,3050.0,2550.0,5716.044522729397,-937.0564791359666,-16.393442622950815,UT Sell,15866.476159296077,115866.47615929607
CURAA.NS,2017-07-26 00:00:00+05:30,2017-08-31 00:00:00+05:30,84.0,86.0,5850.682488623539,139.3019640148459,2.3809523809523725,UT Sell,16005.778123310924,116005.77812331093
TIL.NS,2017-08-31 00:00:00+05:30,2017-09-12 00:00:00+05:30,435.093994140625,482.3771057128906,5989.984452638385,650.9515346210392,10.867332624449745,UT Sell,16656.729657931963,116656.72965793197
SHRENIK.NS,2017-08-18 00:00:00+05:30,2017-09-13 00:00:00+05:30,2.7583978176116943,3.633817195892334,5800.694541647455,1840.938379817033,31.736516491250867,UT Sell,18497.668037748997,118497.668037749
APOLSINHOT.NS,2017-08-11 00:00:00+05:30,2017-09-18 00:00:00+05:30,362.4586486816406,348.51507568359375,5716.044522729397,-219.89290185973277,-3.8469417266668637,UT Sell,18277.775135889264,118277.77513588927
SALONA.NS,2017-08-21 00:00:00+05:30,2017-09-19 00:00:00+05:30,56.111507415771484,103.80400085449219,3426.023792703504,2911.9805326863598,84.99592264619073,UT Sell,21189.755668575624,121189.75566857563
ASIANPAINT.NS,2017-07-18 00:00:00+05:30,2017-09-20 00:00:00+05:30,1072.5335693359375,1157.3751220703125,6188.643239624469,489.5456112333359,7.910386691850113,UT Sell,21679.301279808962,121679.30127980896
PAGEIND.NS,2017-08-09 00:00:00+05:30,2017-09-20 00:00:00+05:30,15240.599609375,17322.060546875,6325.5467523848165,863.9016056376086,13.657342826719399,UT Sell,22543.20288544657,122543.20288544658
ZEEL.NS,2017-09-12 00:00:00+05:30,2017-09-21 00:00:00+05:30,496.0336608886719,498.9215087890625,6640.935987259424,38.66272505191955,0.5821878892688259,UT Sell,22581.86561049849,122581.8656104985
63MOONS.NS,2017-08-11 00:00:00+05:30,2017-09-22 00:00:00+05:30,56.92775344848633,71.16832733154297,5716.044522729397,1429.878212538766,25.015169263517258,UT Sell,24011.743823037257,124011.74382303725
TTKHLTCARE.NS,2017-08-09 00:00:00+05:30,2017-09-22 00:00:00+05:30,673.650634765625,714.974853515625,6325.5467523848165,388.03240762898895,6.134369451663546,UT Sell,24399.776230666248,124399.77623066625
IGPL.NS,2017-08-09 00:00:00+05:30,2017-09-22 00:00:00+05:30,406.2724304199219,534.7742919921875,6325.5467523848165,2000.7376141760215,31.62948109460604,UT Sell,26400.51384484227,126400.51384484227
ATLASCYCLE.NS,2017-07-20 00:00:00+05:30,2017-09-22 00:00:00+05:30,189.25,197.60000610351562,6496.268808587871,286.6255439988745,4.412156461567052,UT Sell,26687.139388841144,126687.13938884114
SIMBHALS.NS,2017-08-01 00:00:00+05:30,2017-09-22 00:00:00+05:30,33.79999923706055,30.0,5754.274357552299,-646.9301379320805,-11.242601546848485,UT Sell,26040.209250909065,126040.20925090907
NSIL.NS,2017-08-03 00:00:00+05:30,2017-09-22 00:00:00+05:30,932.5,1142.25,6208.635839127466,1396.5269353962321,22.493297587131366,UT Sell,27436.736186305297,127436.7361863053
SABEVENTS.NS,2017-09-20 00:00:00+05:30,2017-09-26 00:00:00+05:30,39.29999923706055,31.049999237060547,6933.818604440115,-1455.5726360596618,-20.992366819743125,Stop Loss,25981.163550245634,125981.16355024563
IITL.NS,2017-09-22 00:00:00+05:30,2017-09-27 00:00:00+05:30,78.94999694824219,74.1500015258789,6946.864601428912,-422.3549027936824,-6.0797917769522485,UT Sell,25558.80864745195,125558.80864745195
APOLSINHOT.NS,2017-09-25 00:00:00+05:30,2017-09-27 00:00:00+05:30,347.53314208984375,319.7933349609375,6946.864601428912,-554.4929701825286,-7.981917051736898,UT Sell,25004.315677269424,125004.31567726942
ACEINTEG.NS,2017-09-22 00:00:00+05:30,2017-09-27 00:00:00+05:30,22.66666603088379,20.03333282470703,6946.864601428912,-807.062194714983,-11.617646823704852,UT Sell,24197.253482554443,124197.25348255444
RCOM.NS,2017-09-21 00:00:00+05:30,2017-09-27 00:00:00+05:30,20.950000762939453,19.049999237060547,6679.598712311344,-605.7874598315593,-9.069219363657533,UT Sell,23591.46602272288,123591.46602272289
SUDARSCHEM.NS,2017-09-19 00:00:00+05:30,2017-09-27 00:00:00+05:30,372.7554626464844,339.0162658691406,6338.004325389864,-573.6714724226222,-9.051295060252807,UT Sell,23017.79455030026,123017.79455030026
ORISSAMINE.NS,2017-08-29 00:00:00+05:30,2017-09-27 00:00:00+05:30,1905.904541015625,1726.75,5414.943141287498,-509.003274941625,-9.399974508700026,UT Sell,22508.791275358635,122508.79127535864
LYKALABS.NS,2017-08-29 00:00:00+05:30,2017-09-27 00:00:00+05:30,53.04999923706055,46.45000076293945,5414.943141287497,-673.677982731866,-12.44109061081825,UT Sell,21835.113292626767,121835.11329262677
ITI.NS,2017-09-18 00:00:00+05:30,2017-09-29 00:00:00+05:30,100.44999694824219,137.1999969482422,5496.151620869664,2010.7872394564047,36.5853669651536,UT Sell,23845.90053208317,123845.90053208318
MCL.NS,2017-09-27 00:00:00+05:30,2017-09-29 00:00:00+05:30,25.41666603088379,25.16666603088379,5791.71898099201,-56.96772910690288,-0.9836065819813888,UT Sell,23788.93280297627,123788.93280297627
SHANTI.NS,2017-09-27 00:00:00+05:30,2017-10-03 00:00:00+05:30,23.848676681518555,23.651851654052734,5791.718980992011,-47.799517882326654,-0.8253079619228942,UT Sell,23741.133285093943,123741.13328509394
WIPL.NS,2017-08-29 00:00:00+05:30,2017-10-04 00:00:00+05:30,48.70661926269531,56.713829040527344,5414.943141287498,890.1990391382051,16.439674728081165,UT Sell,24631.33232423215,124631.33232423215
ABMINTLLTD.NS,2017-09-27 00:00:00+05:30,2017-10-04 00:00:00+05:30,56.625,56.375,5791.71898099201,-25.570503227338122,-0.44150110375276164,UT Sell,24605.76182100481,124605.76182100481
CROWN.NS,2017-09-22 00:00:00+05:30,2017-10-06 00:00:00+05:30,17.21916961669922,17.61501121520996,6946.864601428912,159.69747959277174,2.2988425535157786,UT Sell,24765.45930059758,124765.45930059758
SHRIPISTON.NS,2017-09-22 00:00:00+05:30,2017-10-06 00:00:00+05:30,870.43310546875,838.7874145507812,6946.864601428912,-252.5620046441236,-3.635625841795931,UT Sell,24512.89729595346,124512.89729595346
COMPINFO.NS,2017-08-18 00:00:00+05:30,2017-10-09 00:00:00+05:30,27.0272159576416,24.15340805053711,5800.694541647454,-616.7887164778831,-10.633014926910956,UT Sell,23896.108579475575,123896.10857947558
GUJALKALI.NS,2017-08-17 00:00:00+05:30,2017-10-11 00:00:00+05:30,343.5189514160156,554.5120849609375,5860.0855338464535,3599.329249611479,61.42110433068959,UT Sell,27495.43782908705,127495.43782908705
SECURKLOUD.NS,2017-10-04 00:00:00+05:30,2017-10-11 00:00:00+05:30,451.3999938964844,480.3999938964844,6035.645329095188,387.75745881799776,6.4244573309963915,UT Sell,27883.19528790505,127883.19528790505
AKSHARCHEM.NS,2017-10-06 00:00:00+05:30,2017-10-11 00:00:00+05:30,728.5953369140625,708.92138671875,6900.432338903236,-186.32944143824352,-2.7002574952841085,UT Sell,27696.865846466808,127696.86584646681
VTL.NS,2017-09-27 00:00:00+05:30,2017-10-12 00:00:00+05:30,225.55291748046875,228.86705017089844,5791.718980992012,85.09987555514545,1.4693370972320263,UT Sell,27781.965722021952,127781.96572202195
ASTEC.NS,2017-09-25 00:00:00+05:30,2017-10-16 00:00:00+05:30,585.7559814453125,580.9595947265625,6946.864601428912,-56.88349785013452,-0.8188370022129798,UT Sell,27725.08222417182,127725.08222417181
BOHRAIND.NS,2017-10-12 00:00:00+05:30,2017-10-16 00:00:00+05:30,714.9375,686.84375,5876.818856547157,-230.93190628708362,-3.9295392953929587,UT Sell,27494.150317884734,127494.15031788473
SANGINITA.NS,2017-10-16 00:00:00+05:30,2017-10-19 00:00:00+05:30,49.08333206176758,47.0476188659668,6267.934026919425,-259.960264982652,-4.147463324696443,UT Sell,27234.190052902082,127234.19005290208
NHPC.NS,2017-10-11 00:00:00+05:30,2017-10-23 00:00:00+05:30,18.774005889892578,18.242353439331055,7532.30682294537,-213.30393759789695,-2.831854073550444,UT Sell,27020.886115304187,127020.8861153042
COUNCODOS.NS,2017-09-27 00:00:00+05:30,2017-10-23 00:00:00+05:30,3.5,2.799999952316284,5791.718980992011,-1158.3438751043113,-20.000001362391885,Stop Loss,25862.542240199877,125862.54224019988
MBLINFRA.NS,2017-08-10 00:00:00+05:30,2017-10-23 00:00:00+05:30,23.799999237060547,26.799999237060547,5890.521564134859,742.5027419701346,12.605042420877478,UT Sell,26605.04498217001,126605.04498217002
SHRIRAMFIN.NS,2017-09-27 00:00:00+05:30,2017-10-25 00:00:00+05:30,181.04713439941406,187.99024963378906,5791.718980992011,222.11106750483123,3.834976597341533,UT Sell,26827.156049674843,126827.15604967484
SHIVATEX.NS,2017-09-29 00:00:00+05:30,2017-10-25 00:00:00+05:30,349.7991638183594,354.85894775390625,6620.845056105588,95.76936974047021,1.446482570259744,UT Sell,26922.92541941531,126922.92541941532
EXCEL.NS,2017-09-26 00:00:00+05:30,2017-10-26 00:00:00+05:30,1.5966659784317017,1.678887963294983,5478.245968380454,282.1080070434891,5.1496046119829275,UT Sell,27205.033426458802,127205.0334264588
BERGEPAINT.NS,2017-10-16 00:00:00+05:30,2017-11-07 00:00:00+05:30,213.02064514160156,198.4219512939453,6267.934026919425,-429.5529658896612,-6.853182628356058,UT Sell,26775.48046056914,126775.48046056915
SECURKLOUD.NS,2017-10-23 00:00:00+05:30,2017-11-08 00:00:00+05:30,539.9500122070312,772.0999755859375,6195.134099113388,2663.580186539827,42.994713979169944,UT Sell,29439.060647108967,129439.06064710897
SUDARSCHEM.NS,2017-10-11 00:00:00+05:30,2017-11-10 00:00:00+05:30,351.1289367675781,336.2317199707031,7532.306822945369,-319.57037991509424,-4.242662804728015,UT Sell,29119.490267193873,129119.49026719388
COMPINFO.NS,2017-10-19 00:00:00+05:30,2017-11-10 00:00:00+05:30,24.955551147460938,24.821861267089844,6007.973761936773,-32.18543596813015,-0.5357119928192655,UT Sell,29087.30483122574,129087.30483122575
SHALPAINTS.NS,2017-11-10 00:00:00+05:30,2017-11-14 00:00:00+05:30,151.033447265625,138.30953979492188,6594.26238449946,-555.5377695269353,-8.424562705190318,UT Sell,28531.767061698807,128531.7670616988
VAISHALI.NS,2017-11-07 00:00:00+05:30,2017-11-14 00:00:00+05:30,3.78125,3.359375,5838.381061029764,-651.3896225115859,-11.157024793388427,UT Sell,27880.37743918722,127880.37743918723
IGPL.NS,2017-10-04 00:00:00+05:30,2017-11-15 00:00:00+05:30,624.1845092773438,615.4388427734375,6035.645329095188,-84.56752835029329,-1.4011348205407503,UT Sell,27795.809910836928,127795.80991083692
HDIL.NS,2017-10-26 00:00:00+05:30,2017-12-01 00:00:00+05:30,57.599998474121094,59.849998474121094,5760.353975423943,225.01383312582857,3.906250103480291,UT Sell,28020.823743962756,128020.82374396276
SUPERSPIN.NS,2017-11-10 00:00:00+05:30,2017-12-01 00:00:00+05:30,17.450000762939453,21.049999237060547,6594.26238449946,1360.4202569761546,20.630362846555393,UT Sell,29381.24400093891,129381.24400093891
NOCIL.NS,2017-09-13 00:00:00+05:30,2017-12-04 00:00:00+05:30,128.0829620361328,149.44476318359375,7641.6329214644875,1274.4789807731404,16.678097389280143,UT Sell,30655.72298171205,130655.72298171205
SALONA.NS,2017-10-09 00:00:00+05:30,2017-12-06 00:00:00+05:30,110.69854736328125,126.8019027709961,5183.905825169571,754.104546908613,14.547034077031018,UT Sell,31409.827528620663,131409.82752862066
GLFL.NS,2017-12-01 00:00:00+05:30,2017-12-08 00:00:00+05:30,1.9500000476837158,1.899999976158142,6970.025225012692,-178.71884680190215,-2.5641061693801315,UT Sell,31231.10868181876,131231.10868181876
LT.NS,2017-10-25 00:00:00+05:30,2017-12-12 00:00:00+05:30,1068.32470703125,1067.1715087890625,6365.222237171451,-6.87091017059538,-0.10794454481840576,UT Sell,31224.237771648164,131224.23777164816
MADHAV.NS,2017-10-11 00:00:00+05:30,2017-12-12 00:00:00+05:30,65.34375,63.981407165527344,7532.306822945369,-157.04002643388412,-2.0848862124880463,UT Sell,31067.197745214282,131067.19774521427
WINDMACHIN.NS,2017-11-08 00:00:00+05:30,2017-12-12 00:00:00+05:30,56.933876037597656,81.63603210449219,8858.714285653215,3843.570086317759,43.38744836304815,UT Sell,34910.76783153204,134910.76783153205
WIPL.NS,2017-11-14 00:00:00+05:30,2017-12-13 00:00:00+05:30,53.72888946533203,66.37935638427734,5612.858026745351,1321.5474113585406,23.54499980333278,UT Sell,36232.315242890574,136232.31524289056
TTKPRESTIG.NS,2017-12-04 00:00:00+05:30,2017-12-15 00:00:00+05:30,545.809814453125,565.9380493164062,8916.111902237628,328.8060963420976,3.6877744463882145,UT Sell,36561.121339232675,136561.12133923266
SANGINITA.NS,2017-12-12 00:00:00+05:30,2017-12-20 00:00:00+05:30,49.761905670166016,48.85714340209961,8811.967498494438,-160.21765229230732,-1.818182515081701,UT Sell,36400.903686940364,136400.90368694038
ASAHIINDIA.NS,2017-12-08 00:00:00+05:30,2017-12-26 00:00:00+05:30,360.14044189453125,366.15899658203125,6791.30637821079,113.49419304816456,1.6711687962171595,UT Sell,36514.39787998853,136514.39787998854
JUBLFOOD.NS,2017-12-12 00:00:00+05:30,2017-12-27 00:00:00+05:30,168.59580993652344,169.0959930419922,8811.96749849444,26.142982262406804,0.296675881599362,UT Sell,36540.540862250935,136540.54086225093
HDIL.NS,2017-12-20 00:00:00+05:30,2017-12-27 00:00:00+05:30,55.849998474121094,57.150001525878906,8651.74984620213,201.38409150216103,2.327668911862535,UT Sell,36741.9249537531,136741.9249537531
MGL.NS,2017-08-03 00:00:00+05:30,2017-12-28 00:00:00+05:30,811.19482421875,882.0803833007812,6208.635839127466,542.5362803777052,8.738413629586471,UT Sell,37284.4612341308,137284.4612341308
SHRENIK.NS,2017-09-20 00:00:00+05:30,2017-12-29 00:00:00+05:30,3.723011016845703,18.312789916992188,6933.818604440115,27172.329040866796,391.8811637712418,UT Sell,64456.7902749976,164456.7902749976
SANGINITA.NS,2017-12-27 00:00:00+05:30,2018-01-01 00:00:00+05:30,47.9523811340332,46.82142639160156,8845.622209230569,-208.62360013625766,-2.3584954817373327,UT Sell,64248.16667486134,164248.16667486134
BOHRAIND.NS,2017-12-28 00:00:00+05:30,2018-01-02 00:00:00+05:30,883.5,833.125,6751.172119505171,-384.93525242792657,-5.701754385964907,UT Sell,63863.23142243342,163863.23142243343
SIMBHALS.NS,2017-12-27 00:00:00+05:30,2018-01-10 00:00:00+05:30,26.350000381469727,25.5,8845.622209230569,-285.34277583808216,-3.2258078526157363,UT Sell,63577.88864659534,163577.88864659535
CURAA.NS,2017-12-13 00:00:00+05:30,2018-01-15 00:00:00+05:30,92.0,120.0,6934.405438103891,2110.4712202924893,30.434782608695656,UT Sell,65688.35986688783,165688.35986688783
LYKALABS.NS,2017-10-03 00:00:00+05:30,2018-01-16 00:00:00+05:30,49.79999923706055,68.6500015258789,5743.919463109684,2174.1545519107267,37.851410798397,UT Sell,67862.51441879856,167862.51441879856
ITI.NS,2017-10-23 00:00:00+05:30,2018-01-16 00:00:00+05:30,149.5,132.25,6195.134099113389,-714.8231652823133,-11.538461538461542,UT Sell,67147.69125351624,167147.69125351624
DOLLAR.NS,2017-11-14 00:00:00+05:30,2018-01-16 00:00:00+05:30,412.34808349609375,438.1139221191406,5612.858026745351,350.7230903197924,6.248565145396379,UT Sell,67498.41434383603,167498.41434383602
MGL.NS,2018-01-01 00:00:00+05:30,2018-01-16 00:00:00+05:30,905.8822021484375,877.8633422851562,8636.998609094311,-267.14163617921986,-3.092991538726586,UT Sell,67231.27270765681,167231.2727076568
VAISHALI.NS,2018-01-02 00:00:00+05:30,2018-01-16 00:00:00+05:30,3.09375,3.1875,6366.236867077245,192.91626869931042,3.0303030303030276,UT Sell,67424.18897635612,167424.18897635612
RKDL.NS,2018-01-15 00:00:00+05:30,2018-01-16 00:00:00+05:30,23.649999618530273,22.5,9044.87665839638,-439.81415960190316,-4.862577746636509,UT Sell,66984.37481675422,166984.37481675422
LMW.NS,2017-12-12 00:00:00+05:30,2018-01-18 00:00:00+05:30,5660.8759765625,5872.75048828125,8811.96749849444,329.81314530736927,3.742786674641274,UT Sell,67314.1879620616,167314.1879620616
HDIL.NS,2017-12-29 00:00:00+05:30,2018-01-18 00:00:00+05:30,65.55000305175781,61.599998474121094,34106.14764530691,-2055.2163699846496,-6.025941104103117,UT Sell,65258.971592076945,165258.97159207694
TIJARIA.NS,2017-09-27 00:00:00+05:30,2018-01-19 00:00:00+05:30,7.050000190734863,13.399999618530273,5791.718980992011,5216.654073794791,90.07091143260682,UT Sell,70475.62566587173,170475.62566587172
KHADIM.NS,2018-01-16 00:00:00+05:30,2018-01-25 00:00:00+05:30,718.8025512695312,691.609375,7149.3397789004575,-270.4682342529859,-3.783121835266634,UT Sell,70205.15743161875,170205.15743161875
DRREDDY.NS,2018-01-16 00:00:00+05:30,2018-01-29 00:00:00+05:30,467.71502685546875,446.571533203125,7149.3397789004575,-323.1925671704839,-4.520593189937728,UT Sell,69881.96486444827,169881.96486444827
PPAP.NS,2017-09-29 00:00:00+05:30,2018-01-30 00:00:00+05:30,325.2165222167969,546.9605712890625,6620.845056105588,4514.3247366819005,68.18351280579955,UT Sell,74396.28960113016,174396.28960113018
ASIANPAINT.NS,2017-11-15 00:00:00+05:30,2018-01-30 00:00:00+05:30,1107.708251953125,1056.2861328125,5951.077800744894,-276.26139928583143,-4.642207824123079,UT Sell,74120.02820184434,174120.02820184434
THEJO.NS,2018-01-16 00:00:00+05:30,2018-01-30 00:00:00+05:30,180.8259735107422,198.4089813232422,7149.339778900457,695.1816420286332,9.723718042892472,UT Sell,74815.20984387297,174815.209843873
RCOM.NS,2018-01-30 00:00:00+05:30,2018-02-02 00:00:00+05:30,30.049999237060547,26.100000381469727,8218.169205058548,-1080.2582289252787,-13.144755260823104,UT Sell,73734.9516149477,173734.9516149477
JHS.NS,2018-01-30 00:00:00+05:30,2018-02-02 00:00:00+05:30,72.8499984741211,64.05000305175781,8218.169205058548,-992.7227577144386,-12.079609617959497,UT Sell,72742.22885723326,172742.22885723325
TIL.NS,2018-01-30 00:00:00+05:30,2018-02-02 00:00:00+05:30,610.20556640625,563.3201904296875,8218.169205058546,-631.4461457430443,-7.683537902266224,UT Sell,72110.78271149022,172110.78271149023
TARAPUR.NS,2018-01-10 00:00:00+05:30,2018-02-02 00:00:00+05:30,8.550000190734863,6.75,8560.279433392487,-1802.1642420017133,-21.05263334011873,Stop Loss,70308.6184694885,170308.61846948852
CONCOR.NS,2017-12-26 00:00:00+05:30,2018-02-02 00:00:00+05:30,503.326171875,482.9115905761719,6904.800571258955,-280.05420836563917,-4.0559347873327045,UT Sell,70028.56426112287,170028.56426112287
GUJALKALI.NS,2017-12-15 00:00:00+05:30,2018-02-02 00:00:00+05:30,631.1177978515625,607.8272094726562,9244.917998579725,-341.1717755934769,-3.6903710302880977,UT Sell,69687.39248552939,169687.3924855294
IGARASHI.NS,2017-12-06 00:00:00+05:30,2018-02-02 00:00:00+05:30,727.9853515625,676.8790283203125,5938.0103720781835,-416.8626152154593,-7.0202406040858145,UT Sell,69270.52987031393,169270.52987031394
RUSHIL.NS,2017-12-01 00:00:00+05:30,2018-02-02 00:00:00+05:30,71.72411346435547,72.59368133544922,6970.025225012692,84.5031008908336,1.212378695382399,UT Sell,69355.03297120475,169355.03297120475
VGUARD.NS,2017-10-25 00:00:00+05:30,2018-02-02 00:00:00+05:30,203.28018188476562,208.11788940429688,6365.222237171451,151.4809913821682,2.379822506393481,UT Sell,69506.51396258692,169506.51396258693
PNCINFRA.NS,2017-10-23 00:00:00+05:30,2018-02-02 00:00:00+05:30,156.72384643554688,172.19485473632812,6195.134099113389,611.5532080898283,9.87150880523069,UT Sell,70118.06717067675,170118.06717067675
HCLTECH.NS,2018-01-16 00:00:00+05:30,2018-02-06 00:00:00+05:30,375.2479553222656,377.81488037109375,7149.3397789004575,48.905847722161525,0.6840610354888144,UT Sell,70166.9730183989,170166.97301839892
LFIC.NS,2018-02-02 00:00:00+05:30,2018-02-06 00:00:00+05:30,94.24327087402344,93.45791625976562,7013.575487858632,-58.4460176387347,-0.8333269919160724,UT Sell,70108.52700076016,170108.52700076016
SANWARIA.NS,2018-01-29 00:00:00+05:30,2018-02-07 00:00:00+05:30,25.600000381469727,19.899999618530273,6826.147211729974,-1519.8845208987477,-22.26562764844853,Stop Loss,68588.64247986142,168588.64247986142
TTL.NS,2018-01-19 00:00:00+05:30,2018-02-09 00:00:00+05:30,12.043356895446777,9.58743667602539,11008.373054786802,-2244.862973246756,-20.392322844388133,Stop Loss,66343.77950661466,166343.77950661466
BOHRAIND.NS,2018-02-07 00:00:00+05:30,2018-02-12 00:00:00+05:30,682.96875,671.34375,6170.437766105368,-105.02872793370898,-1.7021276595744705,UT Sell,66238.75077868096,166238.75077868096
APEX.NS,2018-02-02 00:00:00+05:30,2018-02-14 00:00:00+05:30,646.4337158203125,685.9683837890625,7013.575487858632,428.9370609860471,6.115811567560514,UT Sell,66667.687839667,166667.68783966702
JAYNECOIND.NS,2018-02-06 00:00:00+05:30,2018-02-14 00:00:00+05:30,9.600000381469727,9.949999809265137,7034.612841379509,256.4698303551668,3.6458272279966897,UT Sell,66924.15767002218,166924.15767002216
SIS.NS,2018-01-16 00:00:00+05:30,2018-02-15 00:00:00+05:30,572.502197265625,569.2427978515625,7149.339778900458,-40.70299467421955,-0.5693252234890922,UT Sell,66883.45467534795,166883.45467534795
SEJALLTD.NS,2018-02-06 00:00:00+05:30,2018-02-15 00:00:00+05:30,1476.0147705078125,1476.0147705078125,7034.612841379509,-9.094947017729282e-13,0.0,UT Sell,66883.45467534795,166883.45467534795
HDIL.NS,2018-02-12 00:00:00+05:30,2018-02-15 00:00:00+05:30,54.79999923706055,52.25,6065.409038171659,-282.2406685242777,-4.6532833440917525,UT Sell,66601.21400682368,166601.21400682366
AGROPHOS.NS,2018-01-18 00:00:00+05:30,2018-02-19 00:00:00+05:30,32.8316764831543,35.34233474731445,20596.355959562035,1575.0158639626898,7.647060805586214,UT Sell,68176.22987078637,168176.22987078637
SANGINITA.NS,2018-02-06 00:00:00+05:30,2018-02-19 00:00:00+05:30,43.42856979370117,46.14285659790039,7034.612841379509,439.6634956828839,6.250002744950844,UT Sell,68615.89336646924,168615.89336646924
URJA.NS,2018-02-14 00:00:00+05:30,2018-02-20 00:00:00+05:30,8.136564254760742,6.7006988525390625,7366.797610289677,-1300.0241235230478,-17.647072612762173,UT Sell,67315.8692429462,167315.8692429462
WIPL.NS,2018-02-15 00:00:00+05:30,2018-02-20 00:00:00+05:30,66.521484375,58.5142707824707,6642.139331751043,-799.5165598057274,-12.03703385118471,UT Sell,66516.35268314047,166516.3526831405
VIVIDHA.NS,2018-02-02 00:00:00+05:30,2018-02-20 00:00:00+05:30,1.350000023841858,1.149999976158142,7013.575487858632,-1039.048449801645,-14.814818085302806,UT Sell,65477.30423333883,165477.30423333883
MCL.NS,2018-02-02 00:00:00+05:30,2018-02-21 00:00:00+05:30,23.47916603088379,23.75,7013.575487858632,80.90212763836553,1.1535076193079696,UT Sell,65558.2063609772,165558.2063609772
KREBSBIO.NS,2018-02-15 00:00:00+05:30,2018-02-21 00:00:00+05:30,150.6279754638672,145.85455322265625,6642.139331751043,-210.4903522586883,-3.169014405531856,UT Sell,65347.71600871851,165347.7160087185
BILVYAPAR.NS,2018-02-14 00:00:00+05:30,2018-02-22 00:00:00+05:30,112.6500015258789,103.94999694824219,7366.797610289677,-568.9407196085995,-7.72303991104526,UT Sell,64778.77528910991,164778.7752891099
DELTAMAGNT.NS,2018-02-20 00:00:00+05:30,2018-02-22 00:00:00+05:30,65.0,62.0,5961.307765589643,-275.1372814887527,-4.61538461538461,UT Sell,64503.63800762116,164503.63800762116
JUBLPHARMA.NS,2018-02-05 00:00:00+05:30,2018-02-23 00:00:00+05:30,664.9620971679688,614.9028930664062,7013.575487858633,-527.991006290009,-7.528128943703926,UT Sell,63975.64700133115,163975.64700133115
SHANTI.NS,2018-02-20 00:00:00+05:30,2018-02-27 00:00:00+05:30,27.489946365356445,27.55555534362793,5961.307765589643,14.227576382436382,0.23866535568859426,UT Sell,63989.874577713585,163989.87457771358
SUPERSPIN.NS,2018-02-22 00:00:00+05:30,2018-02-28 00:00:00+05:30,15.5,14.050000190734863,6242.013687390984,-583.9302358804707,-9.354837479129918,UT Sell,63405.944341833114,163405.94434183312
SILLYMONKS.NS,2018-02-21 00:00:00+05:30,2018-03-05 00:00:00+05:30,62.85310745239258,56.0042839050293,6763.063297494677,-736.940925303873,-10.896555198246727,UT Sell,62669.00341652924,162669.00341652925
NELCO.NS,2018-02-07 00:00:00+05:30,2018-03-05 00:00:00+05:30,119.87772369384766,165.74481201171875,6170.437766105368,2360.9058068259546,38.261560951065235,UT Sell,65029.90922335519,165029.90922335518
SUVEN.NS,2018-02-06 00:00:00+05:30,2018-03-05 00:00:00+05:30,7.885496616363525,7.584864616394043,7034.612841379509,-268.19233212609015,-3.812467553985477,UT Sell,64761.7168912291,164761.7168912291
KIOCL.NS,2018-01-25 00:00:00+05:30,2018-03-05 00:00:00+05:30,331.1526794433594,253.98806762695312,6878.871544647472,-1602.9024840441743,-23.301823178998184,Stop Loss,63158.814407184924,163158.81440718492
VTL.NS,2018-01-18 00:00:00+05:30,2018-03-05 00:00:00+05:30,266.78729248046875,239.2763214111328,20596.355959562035,-2123.885840547442,-10.311949573591473,UT Sell,61034.92856663748,161034.92856663748
HCL-INSYS.NS,2017-08-22 00:00:00+05:30,2018-03-06 00:00:00+05:30,46.65327072143555,57.150001525878906,5727.756886197542,1288.713979062738,22.499453183290917,UT Sell,62323.64254570022,162323.64254570022
JINDWORLD.NS,2018-01-17 00:00:00+05:30,2018-03-06 00:00:00+05:30,24.37672233581543,23.579605102539062,7149.3397789004575,-233.7829452951828,-3.2699934892608806,UT Sell,62089.859600405034,162089.85960040503
TIMKEN.NS,2018-02-19 00:00:00+05:30,2018-03-07 00:00:00+05:30,774.09912109375,691.4442138671875,14822.824080293558,-1582.7161093546074,-10.677561177149597,UT Sell,60507.143491050425,160507.14349105043
NESCO.NS,2017-10-06 00:00:00+05:30,2018-03-09 00:00:00+05:30,520.1207275390625,532.5684204101562,6900.432338903236,165.14331747330652,2.3932314580096925,UT Sell,60672.28680852373,160672.28680852373
EIFFL.NS,2018-03-06 00:00:00+05:30,2018-03-13 00:00:00+05:30,143.8000030517578,141.0,6966.0138494327775,-135.638801273034,-1.947150898703398,UT Sell,60536.6480072507,160536.64800725068
CROWN.NS,2018-03-07 00:00:00+05:30,2018-03-16 00:00:00+05:30,15.378499984741211,15.042033195495605,13240.10797093895,-289.68082860273535,-2.1879038240364967,UT Sell,60246.96717864796,160246.96717864796
PAGEIND.NS,2018-03-09 00:00:00+05:30,2018-03-16 00:00:00+05:30,19677.7734375,18789.3046875,7065.575656376543,-319.0169452550026,-4.515087811240082,UT Sell,59927.950233392956,159927.95023339294
BLUESTARCO.NS,2018-03-05 00:00:00+05:30,2018-03-16 00:00:00+05:30,364.25372314453125,364.13800048828125,9014.465126798688,-2.8638769705376035,-0.03176979366222854,UT Sell,59925.08635642242,159925.08635642243
KCPSUGIND.NS,2018-02-05 00:00:00+05:30,2018-03-19 00:00:00+05:30,27.21538734436035,24.47944450378418,7013.575487858633,-705.0695770025004,-10.052926331556044,UT Sell,59220.01677941992,159220.0167794199
IGPL.NS,2018-02-09 00:00:00+05:30,2018-03-19 00:00:00+05:30,666.847412109375,606.87060546875,8763.510081540046,-788.1973298675493,-8.99408253694891,UT Sell,58431.81944955237,158431.81944955236
LMW.NS,2018-02-19 00:00:00+05:30,2018-03-19 00:00:00+05:30,5840.06103515625,6405.57421875,14822.824080293558,1435.345004964085,9.683343721742798,UT Sell,59867.16445451646,159867.16445451646
AKSHARCHEM.NS,2018-02-28 00:00:00+05:30,2018-03-19 00:00:00+05:30,607.2568359375,572.9452514648438,5658.083451510513,-319.6963736112184,-5.6502590736068115,UT Sell,59547.468080905244,159547.46808090524
DREDGECORP.NS,2018-03-05 00:00:00+05:30,2018-03-22 00:00:00+05:30,693.8504638671875,617.3152465820312,9014.465126798686,-994.3411197618825,-11.030506034194442,UT Sell,58553.12696114336,158553.12696114337
JETFREIGHT.NS,2018-03-16 00:00:00+05:30,2018-03-22 00:00:00+05:30,18.822887420654297,18.715328216552734,9569.529034428633,-54.682945478412876,-0.571427760777754,UT Sell,58498.44401566495,158498.44401566495
DICIND.NS,2018-03-19 00:00:00+05:30,2018-03-22 00:00:00+05:30,475.4764404296875,444.7944641113281,8970.093706421392,-578.8303673367482,-6.452890976182147,UT Sell,57919.6136483282,157919.6136483282
BODALCHEM.NS,2018-03-16 00:00:00+05:30,2018-03-23 00:00:00+05:30,121.9399642944336,113.0385513305664,9569.529034428633,-698.5595764116097,-7.299832352233615,UT Sell,57221.054071916595,157221.0540719166
WINDMACHIN.NS,2018-02-22 00:00:00+05:30,2018-03-26 00:00:00+05:30,105.98595428466797,82.60474395751953,6242.013687390984,-1377.029964723737,-22.06066877913726,Stop Loss,55844.02410719286,155844.02410719288
OIL.NS,2018-03-22 00:00:00+05:30,2018-03-27 00:00:00+05:30,99.91515350341797,95.18794250488281,8642.077811690557,-408.87616992174117,-4.731225277428452,UT Sell,55435.14793727112,155435.1479372711
PKTEA.NS,2018-03-06 00:00:00+05:30,2018-03-27 00:00:00+05:30,358.0445556640625,278.5386657714844,6966.0138494327775,-1546.8441604313057,-22.205585487850577,Stop Loss,53888.30377683981,153888.3037768398
SHYAMTEL.NS,2018-03-19 00:00:00+05:30,2018-03-27 00:00:00+05:30,13.600000381469727,21.549999237060547,8970.09370642139,5243.54652208369,58.45587229852474,UT Sell,59131.850298923506,159131.8502989235
ARVIND.NS,2018-02-20 00:00:00+05:30,2018-03-28 00:00:00+05:30,133.9455108642578,129.44967651367188,5961.307765589644,-200.08921578650916,-3.3564651189707084,UT Sell,58931.761083137,158931.761083137
SWANCORP.NS,2018-03-05 00:00:00+05:30,2018-04-04 00:00:00+05:30,203.38282775878906,178.14048767089844,9014.465126798686,-1118.8073100790552,-12.411244531336685,UT Sell,57812.95377305794,157812.95377305793
CAMLINFINE.NS,2018-03-13 00:00:00+05:30,2018-04-04 00:00:00+05:30,109.4000015258789,103.19999694824219,6830.3750481597435,-387.0964897157555,-5.667280156454191,UT Sell,57425.857283342186,157425.8572833422
NITIRAJ.NS,2018-03-22 00:00:00+05:30,2018-04-04 00:00:00+05:30,51.32503128051758,48.95618438720703,8642.077811690557,-398.86501118884007,-4.61538324324361,UT Sell,57026.992272153344,157026.99227215335
NELCO.NS,2018-03-26 00:00:00+05:30,2018-04-10 00:00:00+05:30,151.18614196777344,189.31137084960938,4864.983722667247,1226.8228788630067,25.21740973452622,UT Sell,58253.81515101635,158253.81515101634
SILLYMONKS.NS,2018-03-27 00:00:00+05:30,2018-04-11 00:00:00+05:30,54.01032638549805,57.2613410949707,9288.670519758456,559.1079801229989,6.019246553461977,UT Sell,58812.92313113935,158812.92313113937
ENIL.NS,2018-03-28 00:00:00+05:30,2018-04-11 00:00:00+05:30,707.6266479492188,670.302734375,5761.218549803135,-303.8766613131693,-5.274520636325331,UT Sell,58509.046469826186,158509.0464698262
JYOTHYLAB.NS,2018-03-05 00:00:00+05:30,2018-04-12 00:00:00+05:30,156.75653076171875,164.13490295410156,9014.465126798686,424.30180419008684,4.706899391387065,UT Sell,58933.34827401627,158933.3482740163
IGARASHI.NS,2018-04-04 00:00:00+05:30,2018-04-13 00:00:00+05:30,678.9066772460938,684.9484252929688,7527.383058555111,66.98792840951864,0.8899232029036197,UT Sell,59000.336202425795,159000.3362024258
MOHITIND.NS,2018-04-04 00:00:00+05:30,2018-04-16 00:00:00+05:30,29.350000381469727,31.600000381469727,7527.383058555111,577.0566153873715,7.666098707857416,UT Sell,59577.39281781317,159577.39281781318
INFY.NS,2018-04-12 00:00:00+05:30,2018-04-16 00:00:00+05:30,467.0919494628906,455.28009033203125,9438.766930988773,-238.68830427511057,-2.5288081167833987,UT Sell,59338.70451353806,159338.70451353805
JKCEMENT.NS,2018-04-11 00:00:00+05:30,2018-04-17 00:00:00+05:30,925.7449951171875,888.1261596679688,7652.56019418571,-310.97160041774987,-4.063628282911392,UT Sell,59027.732913120315,159027.7329131203
INDTERRAIN.NS,2018-04-16 00:00:00+05:30,2018-04-18 00:00:00+05:30,197.75,187.8000030517578,8652.259150328073,-435.34741917150313,-5.031604019338653,UT Sell,58592.38549394881,158592.38549394882
BALKRISIND.NS,2018-03-16 00:00:00+05:30,2018-04-24 00:00:00+05:30,1008.4885864257812,1154.6907958984375,9569.529034428635,1387.309987716124,14.497160547033694,UT Sell,59979.69548166493,159979.69548166494
EPL.NS,2018-03-20 00:00:00+05:30,2018-04-25 00:00:00+05:30,109.06320190429688,109.59793090820312,8970.09370642139,43.97972174693132,0.490292779388124,UT Sell,60023.67520341186,160023.67520341187
EIHOTEL.NS,2018-04-13 00:00:00+05:30,2018-04-25 00:00:00+05:30,166.73861694335938,172.965576171875,7594.37098696463,283.61659325814617,3.734563319924211,UT Sell,60307.291796670004,160307.29179667
SILLYMONKS.NS,2018-04-25 00:00:00+05:30,2018-04-30 00:00:00+05:30,55.05065155029297,54.183712005615234,8446.030504195549,-133.00837743858756,-1.5748034224185692,UT Sell,60174.28341923142,160174.28341923142
ENIL.NS,2018-04-30 00:00:00+05:30,2018-05-02 00:00:00+05:30,657.4326171875,645.6110229492188,8313.022126756961,-149.4802233828732,-1.7981453808686987,UT Sell,60024.803195848544,160024.80319584854
GSS.NS,2018-04-16 00:00:00+05:30,2018-05-02 00:00:00+05:30,61.849998474121094,74.30000305175781,8652.259150328073,1741.6437944384998,20.12935308777084,UT Sell,61766.44699028705,161766.44699028705
ASTERDM.NS,2018-03-19 00:00:00+05:30,2018-05-02 00:00:00+05:30,121.10397338867188,126.16412353515625,8970.093706421392,374.80207884552146,4.1783518780546425,UT Sell,62141.249069132566,162141.24906913255
TVSELECT.NS,2018-02-23 00:00:00+05:30,2018-05-02 00:00:00+05:30,384.8695983886719,472.125,6485.584481568624,1470.374072134361,22.671419612419143,UT Sell,63611.62314126693,163611.62314126693
AGRITECH.NS,2018-04-04 00:00:00+05:30,2018-05-03 00:00:00+05:30,134.1999969482422,130.3000030517578,7527.383058555111,-218.7537157410443,-2.906105801171155,UT Sell,63392.86942552589,163392.8694255259
BCONCEPTS.NS,2018-04-24 00:00:00+05:30,2018-05-03 00:00:00+05:30,55.665321350097656,50.831363677978516,10956.839022144759,-951.4881935228077,-8.683966165787094,UT Sell,62441.381232003085,162441.3812320031
CASTROLIND.NS,2018-05-02 00:00:00+05:30,2018-05-04 00:00:00+05:30,138.35537719726562,127.54524993896484,8964.57479677764,-700.4295484052745,-7.813304749903449,UT Sell,61740.951683597814,161740.9516835978
UMESLTD.NS,2018-05-02 00:00:00+05:30,2018-05-08 00:00:00+05:30,1.2000000476837158,1.0499999523162842,8964.57479677764,-1120.5725175100488,-12.500007450580297,UT Sell,60620.37916608776,160620.37916608778
ASTEC.NS,2018-03-22 00:00:00+05:30,2018-05-10 00:00:00+05:30,571.070068359375,658.7901000976562,8642.077811690557,1327.4786789370464,15.360642519803536,UT Sell,61947.85784502481,161947.85784502482
NHPC.NS,2018-03-23 00:00:00+05:30,2018-05-10 00:00:00+05:30,18.371305465698242,19.270837783813477,8870.969458017023,434.358012031249,4.896398461147933,UT Sell,62382.21585705606,162382.21585705606
MEP.NS,2018-04-11 00:00:00+05:30,2018-05-10 00:00:00+05:30,79.39935302734375,74.03720092773438,7652.56019418571,-516.807633161804,-6.7533952043195455,UT Sell,61865.40822389425,161865.40822389425
SPECIALITY.NS,2018-03-27 00:00:00+05:30,2018-05-14 00:00:00+05:30,120.69873809814453,125.13117980957031,9288.670519758456,341.10953688671,3.672318187636403,UT Sell,62206.51776078096,162206.51776078096
PARSVNATH.NS,2018-05-02 00:00:00+05:30,2018-05-16 00:00:00+05:30,16.149999618530273,14.149999618530273,8964.57479677764,-1110.1640877429882,-12.383901221305472,UT Sell,61096.35367303797,161096.35367303796
GUJALKALI.NS,2018-02-15 00:00:00+05:30,2018-05-18 00:00:00+05:30,692.62548828125,547.7779541015625,6642.139331751042,-1389.058762866929,-20.912821810691174,Stop Loss,59707.29491017104,159707.29491017104
LT.NS,2018-04-10 00:00:00+05:30,2018-05-18 00:00:00+05:30,1197.5845947265625,1167.1107177734375,6091.806601530254,-155.0128196494161,-2.544611636398253,UT Sell,59552.28209052162,159552.28209052162
TIL.NS,2018-03-27 00:00:00+05:30,2018-05-21 00:00:00+05:30,456.47332763671875,419.2335510253906,9288.670519758454,-757.7836299064602,-8.15814952521501,UT Sell,58794.49846061516,158794.49846061517
ZEEL.NS,2018-04-18 00:00:00+05:30,2018-05-21 00:00:00+05:30,548.0172119140625,516.202880859375,8216.91173115657,-477.02069274268433,-5.805352525985352,UT Sell,58317.47776787248,158317.47776787248
EIHOTEL.NS,2018-05-02 00:00:00+05:30,2018-05-21 00:00:00+05:30,181.63540649414062,155.05111694335938,8964.57479677764,-1312.0616552525553,-14.636072373719067,UT Sell,57005.416112619925,157005.41611261992
BOHRAIND.NS,2018-05-14 00:00:00+05:30,2018-05-21 00:00:00+05:30,862.1875,823.4375,9629.780056645166,-432.7991036694457,-4.49438202247191,UT Sell,56572.61700895048,156572.61700895047
INGERRAND.NS,2018-05-10 00:00:00+05:30,2018-05-24 00:00:00+05:30,471.302001953125,539.8251953125,8803.545507233262,1279.9586009401246,14.539126308695426,UT Sell,57852.575609890606,157852.5756098906
HINDCON.NS,2018-05-21 00:00:00+05:30,2018-05-24 00:00:00+05:30,4.85214900970459,4.861101150512695,8280.068005691672,15.27659899549326,0.18449847253660945,UT Sell,57867.8522088861,157867.8522088861
SPECIALITY.NS,2018-05-24 00:00:00+05:30,2018-05-28 00:00:00+05:30,121.72161102294922,116.85079193115234,9189.424356430276,-367.7245414496265,-4.00160583717425,UT Sell,57500.12766743647,157500.12766743646
STEELCITY.NS,2018-05-21 00:00:00+05:30,2018-05-28 00:00:00+05:30,51.24904251098633,50.307464599609375,8280.068005691672,-152.12633752497914,-1.8372595179219298,UT Sell,57348.001329911494,157348.0013299115
JUBLFOOD.NS,2018-02-27 00:00:00+05:30,2018-05-29 00:00:00+05:30,199.91116333007812,252.68528747558594,5975.53534197208,1577.4689052877757,26.39878797482218,UT Sell,58925.47023519927,158925.47023519926
DPSCLTD.NS,2018-05-04 00:00:00+05:30,2018-05-30 00:00:00+05:30,27.25802230834961,26.577787399291992,8264.145248372366,-206.2350682625838,-2.4955402169776986,UT Sell,58719.23516693668,158719.23516693668
VERTOZ.NS,2018-05-16 00:00:00+05:30,2018-05-30 00:00:00+05:30,59.7780876159668,66.65731811523438,7854.410709034652,903.8814030064923,11.507946763807354,UT Sell,59623.11656994317,159623.11656994317
GLFL.NS,2018-05-18 00:00:00+05:30,2018-05-30 00:00:00+05:30,1.9500000476837158,1.9500000476837158,5594.937175382475,0.0,0.0,UT Sell,59623.11656994317,159623.11656994317
KREBSBIO.NS,2018-04-25 00:00:00+05:30,2018-05-31 00:00:00+05:30,177.436279296875,138.67030334472656,8446.030504195549,-1845.2743526533322,-21.847829601570766,Stop Loss,57777.84221728984,157777.84221728984
DBCORP.NS,2018-05-21 00:00:00+05:30,2018-05-31 00:00:00+05:30,179.87693786621094,179.08363342285156,8280.068005691672,-36.51727018567908,-0.44102621090281735,UT Sell,57741.32494710416,157741.32494710415
NAVKARCORP.NS,2018-05-28 00:00:00+05:30,2018-05-31 00:00:00+05:30,155.39999389648438,145.64999389648438,8474.82074157367,-531.7213994576141,-6.274131520555082,UT Sell,57209.60354764655,157209.60354764655
EIFFL.NS,2018-05-30 00:00:00+05:30,2018-06-01 00:00:00+05:30,132.5,131.39999389648438,7470.379822511133,-62.01859170069656,-0.830193285672165,UT Sell,57147.58495594585,157147.58495594584
VAISHALI.NS,2018-05-03 00:00:00+05:30,2018-06-01 00:00:00+05:30,3.25,3.5,8656.99008571801,665.922314286001,7.692307692307687,UT Sell,57813.50727023185,157813.50727023184
TVSELECT.NS,2018-05-29 00:00:00+05:30,2018-06-01 00:00:00+05:30,393.2877197265625,389.1259460449219,7553.004247259855,-79.92594916368307,-1.0582007708082375,UT Sell,57733.581321068166,157733.58132106817
PRIMESECU.NS,2018-02-06 00:00:00+05:30,2018-06-05 00:00:00+05:30,43.19544219970703,33.611881256103516,7034.612841379509,-1560.735055525688,-22.186509630565876,Stop Loss,56172.84626554248,156172.8462655425
SSWL.NS,2018-05-21 00:00:00+05:30,2018-06-05 00:00:00+05:30,125.97777557373047,117.357666015625,8280.068005691672,-566.5689287857967,-6.842563713200677,UT Sell,55606.277336756684,155606.2773367567
SASKEN.NS,2018-05-30 00:00:00+05:30,2018-06-05 00:00:00+05:30,777.2576293945312,745.7713012695312,7470.379822511134,-302.62144932973297,-4.050951310639084,UT Sell,55303.655887426954,155303.65588742695
CEREBRAINT.NS,2018-05-31 00:00:00+05:30,2018-06-05 00:00:00+05:30,64.4000015258789,59.400001525878906,7595.802076388089,-589.7361720819017,-7.763974971321652,UT Sell,54713.91971534505,154713.91971534505
VIVIDHA.NS,2018-06-01 00:00:00+05:30,2018-06-07 00:00:00+05:30,1.100000023841858,1.0499999523162842,8068.117309636873,-366.73312164996787,-4.545460949259217,UT Sell,54347.186593695085,154347.18659369508
LEXUS.NS,2018-06-05 00:00:00+05:30,2018-06-08 00:00:00+05:30,74.55000305175781,68.0,6840.3002850618195,-600.9924333737272,-8.78605336502849,UT Sell,53746.194160321356,153746.19416032135
NSIL.NS,2018-05-31 00:00:00+05:30,2018-06-11 00:00:00+05:30,1298.050048828125,1195.8499755859375,7595.802076388089,-598.0443737441838,-7.873353830574825,UT Sell,53148.149786577174,153148.14978657718
UNIINFO.NS,2018-06-05 00:00:00+05:30,2018-06-11 00:00:00+05:30,43.04999923706055,43.0,6840.30028506182,-7.9444785500409125,-0.1161422484242558,UT Sell,53140.205308027136,153140.20530802713
CONCOR.NS,2018-05-08 00:00:00+05:30,2018-06-11 00:00:00+05:30,508.02197265625,477.2327575683594,7844.002279267592,-475.3941489253084,-6.060606970778403,UT Sell,52664.811159101824,152664.81115910184
SALONA.NS,2018-06-07 00:00:00+05:30,2018-06-12 00:00:00+05:30,87.74884033203125,84.85603332519531,7701.384187986905,-253.89074154193258,-3.2966897293342012,UT Sell,52410.92041755989,152410.9204175599
CREST.NS,2018-06-05 00:00:00+05:30,2018-06-12 00:00:00+05:30,169.05548095703125,170.07272338867188,6840.30028506182,41.15952736780491,0.601721059785798,UT Sell,52452.0799449277,152452.0799449277
LT.NS,2018-05-28 00:00:00+05:30,2018-06-14 00:00:00+05:30,1221.1390380859375,1191.463134765625,8474.82074157367,-205.9535836133182,-2.4301821819428304,UT Sell,52246.12636131438,152246.12636131438
THOMASCOOK.NS,2018-03-05 00:00:00+05:30,2018-06-15 00:00:00+05:30,91.3408203125,99.67366790771484,9014.465126798688,822.3723390812702,9.122807926079556,UT Sell,53068.49870039565,153068.49870039563
SHYAMCENT.NS,2018-05-18 00:00:00+05:30,2018-06-15 00:00:00+05:30,10.797563552856445,8.874710083007812,5594.937175382475,-996.3585126038233,-17.808216274308954,UT Sell,52072.140187791825,152072.14018779184
BAGFILMS.NS,2018-05-31 00:00:00+05:30,2018-06-18 00:00:00+05:30,5.199999809265137,4.75,7595.802076388089,-657.328771339593,-8.65384280328908,UT Sell,51414.811416452234,151414.81141645223
MARALOVER.NS,2018-05-30 00:00:00+05:30,2018-06-19 00:00:00+05:30,30.918460845947266,28.495384216308594,7470.379822511133,-585.4529063604314,-7.836989822073514,UT Sell,50829.3585100918,150829.35851009178
QUESS.NS,2018-06-12 00:00:00+05:30,2018-06-19 00:00:00+05:30,1144.5440673828125,1034.5662841796875,7164.4766294372985,-688.4254437820373,-9.608872767529796,UT Sell,50140.933066309764,150140.93306630978
VAISHALI.NS,2018-06-19 00:00:00+05:30,2018-06-20 00:00:00+05:30,3.390625,3.2249999046325684,6680.489050902981,-326.32822448866773,-4.884795439408118,UT Sell,49814.6048418211,149814.6048418211
ZEEMEDIA.NS,2018-06-08 00:00:00+05:30,2018-06-21 00:00:00+05:30,31.5,29.899999618530273,6239.307851688092,-316.91729977168325,-5.079366290380083,UT Sell,49497.68754204942,149497.68754204942
TFL.NS,2018-06-19 00:00:00+05:30,2018-06-21 00:00:00+05:30,5.150102138519287,4.967798233032227,6680.489050902981,-236.47671673038167,-3.5398114558457094,UT Sell,49261.21082531904,149261.21082531905
NKIND.NS,2018-06-01 00:00:00+05:30,2018-06-21 00:00:00+05:30,46.75,40.5,8068.117309636873,-1078.6253087749828,-13.36898395721925,UT Sell,48182.58551654406,148182.58551654406
SANGINITA.NS,2018-05-10 00:00:00+05:30,2018-06-22 00:00:00+05:30,78.26190185546875,104.54523468017578,8803.545507233262,2956.566491718824,33.58381562621127,UT Sell,51139.152008262885,151139.15200826287
RHFL.NS,2018-04-17 00:00:00+05:30,2018-06-25 00:00:00+05:30,60.003753662109375,63.84636306762695,7341.58859376796,470.1515431969992,6.403948371556756,UT Sell,51609.30355145988,151609.3035514599
ASTRAL.NS,2018-05-24 00:00:00+05:30,2018-06-25 00:00:00+05:30,426.5987854003906,443.2962951660156,9189.424356430276,359.683403195706,3.9141015720317363,UT Sell,51968.986954655586,151968.9869546556
WIPL.NS,2018-06-21 00:00:00+05:30,2018-06-25 00:00:00+05:30,65.00531768798828,61.78348159790039,6451.964962316965,-319.77650916728635,-4.956265432855844,UT Sell,51649.2104454883,151649.2104454883
GVPTECH.NS,2018-06-21 00:00:00+05:30,2018-06-25 00:00:00+05:30,293.63824462890625,270.24505615234375,6451.964962316966,-514.0067248338273,-7.966669500468615,UT Sell,51135.20372065448,151135.20372065448
VGUARD.NS,2018-06-14 00:00:00+05:30,2018-06-26 00:00:00+05:30,208.26303100585938,193.1693878173828,8268.867157960352,-599.2774130501075,-7.247394372192684,UT Sell,50535.92630760437,150535.92630760436
AKSHOPTFBR.NS,2018-06-15 00:00:00+05:30,2018-06-26 00:00:00+05:30,31.918663024902344,26.623628616333008,7217.708064329305,-1197.356309122818,-16.58914850048152,UT Sell,49338.56999848155,149338.56999848154
ARENTERP.NS,2018-06-25 00:00:00+05:30,2018-06-26 00:00:00+05:30,11.5,10.949999809265137,7357.74864680594,-351.89244861934367,-4.7826103542161995,UT Sell,48986.67754986221,148986.67754986222
RAMANEWS.NS,2018-06-25 00:00:00+05:30,2018-06-27 00:00:00+05:30,23.0,20.149999618530273,7357.74864680594,-911.7211500067524,-12.391306006390113,UT Sell,48074.95639985546,148074.95639985547
GAEL.NS,2018-06-18 00:00:00+05:30,2018-06-27 00:00:00+05:30,54.342140197753906,47.83800506591797,6938.473305048496,-830.4562135470887,-11.968860829122752,UT Sell,47244.50018630837,147244.50018630837
HCL-INSYS.NS,2018-06-12 00:00:00+05:30,2018-06-27 00:00:00+05:30,40.79999923706055,33.650001525878906,7164.4766294372985,-1255.539030887042,-17.524504521772055,UT Sell,45988.961155421326,145988.96115542133
FCL.NS,2018-02-21 00:00:00+05:30,2018-06-27 00:00:00+05:30,2.7182958126068115,5.20721960067749,6763.063297494677,6192.390483513944,91.56191818887555,UT Sell,52181.35163893527,152181.35163893527
BOHRAIND.NS,2018-06-22 00:00:00+05:30,2018-06-28 00:00:00+05:30,741.09375,704.28125,11760.111998952087,-584.1624260917379,-4.967320261437913,UT Sell,51597.189212843536,151597.18921284354
WIPL.NS,2018-06-27 00:00:00+05:30,2018-06-28 00:00:00+05:30,64.7210464477539,61.64134979248047,7854.6089919648675,-373.754974134451,-4.758416039764624,UT Sell,51223.43423870909,151223.4342387091
GVPTECH.NS,2018-06-27 00:00:00+05:30,2018-06-28 00:00:00+05:30,274.0623779296875,254.48646545410156,7854.608991964868,-561.044311584069,-7.1428674827481275,UT Sell,50662.38992712502,150662.389927125
ASTRAL.NS,2018-06-26 00:00:00+05:30,2018-07-02 00:00:00+05:30,456.6365661621094,439.2497253417969,6898.599232767777,-262.6702625927728,-3.807588377436255,UT Sell,50399.71966453225,150399.71966453225
EIFFL.NS,2018-06-26 00:00:00+05:30,2018-07-03 00:00:00+05:30,144.60000610351562,140.5,6898.599232767776,-195.60371899160236,-2.8354121234134166,UT Sell,50204.115945540645,150204.11594554066
LINC.NS,2018-06-01 00:00:00+05:30,2018-07-05 00:00:00+05:30,79.65019226074219,71.43785858154297,8068.117309636873,-831.8632966102487,-10.31050076102189,UT Sell,49372.2526489304,149372.25264893041
DBCORP.NS,2018-06-27 00:00:00+05:30,2018-07-05 00:00:00+05:30,173.4613494873047,176.66915893554688,7854.6089919648675,145.25477295745895,1.8492934925984583,UT Sell,49517.50742188786,149517.50742188786
CIPLA.NS,2018-06-05 00:00:00+05:30,2018-07-06 00:00:00+05:30,511.276611328125,577.6737060546875,6840.3002850618195,888.3177049808419,12.986530824104214,UT Sell,50405.8251268687,150405.8251268687
JYOTHYLAB.NS,2018-05-03 00:00:00+05:30,2018-07-06 00:00:00+05:30,166.3881378173828,202.39622497558594,8656.99008571801,1873.460798487693,21.641018182271708,UT Sell,52279.285925356395,152279.28592535638
HESTERBIO.NS,2018-06-25 00:00:00+05:30,2018-07-11 00:00:00+05:30,1243.7880859375,1208.819091796875,7357.74864680594,-206.86246493864292,-2.8114913252499374,UT Sell,52072.423460417755,152072.42346041775
GPTINFRA.NS,2018-06-28 00:00:00+05:30,2018-07-11 00:00:00+05:30,26.81698226928711,29.235849380493164,8650.122757023855,780.2331088096835,9.019907933400573,UT Sell,52852.65656922744,152852.65656922743
CYIENT.NS,2018-06-27 00:00:00+05:30,2018-07-13 00:00:00+05:30,609.937255859375,572.380615234375,7854.6089919648675,-483.6443819872684,-6.157459683633249,UT Sell,52369.01218724017,152369.01218724018
IFBIND.NS,2018-06-28 00:00:00+05:30,2018-07-13 00:00:00+05:30,1217.1500244140625,1093.5999755859375,8650.122757023855,-878.0537054288416,-10.15076583411335,UT Sell,51490.95848181133,151490.95848181134
ZEEL.NS,2018-07-05 00:00:00+05:30,2018-07-13 00:00:00+05:30,514.0601196289062,476.444580078125,7618.058888974476,-557.4394598928666,-7.317342488644218,UT Sell,50933.51902191846,150933.51902191847
BALAMINES.NS,2018-07-11 00:00:00+05:30,2018-07-16 00:00:00+05:30,531.7069091796875,482.42864990234375,8290.621023850417,-768.369500809762,-9.267936606911842,UT Sell,50165.149521108695,150165.1495211087
WIPL.NS,2018-07-06 00:00:00+05:30,2018-07-16 00:00:00+05:30,58.5142707824707,61.214927673339844,9129.53443712418,421.362853169705,4.615381606495528,UT Sell,50586.5123742784,150586.5123742784
GOACARBON.NS,2018-06-25 00:00:00+05:30,2018-07-16 00:00:00+05:30,626.4876708984375,548.7319946289062,7357.74864680594,-913.1970961745719,-12.411365758886028,UT Sell,49673.31527810382,149673.3152781038
MTEDUCARE.NS,2018-06-21 00:00:00+05:30,2018-07-16 00:00:00+05:30,60.95000076293945,50.54999923706055,6451.964962316966,-1100.909673717576,-17.06316881984784,UT Sell,48572.405604386244,148572.40560438624
CAMLINFINE.NS,2018-06-28 00:00:00+05:30,2018-07-16 00:00:00+05:30,87.5999984741211,87.30000305175781,8650.122757023855,-29.62325656608664,-0.3424605337771891,UT Sell,48542.78234782016,148542.78234782018
MAHLOG.NS,2018-06-11 00:00:00+05:30,2018-07-16 00:00:00+05:30,566.027099609375,540.76611328125,7066.240546499323,-315.35628940654624,-4.4628581114858346,UT Sell,48227.426058413614,148227.4260584136
BILVYAPAR.NS,2018-05-10 00:00:00+05:30,2018-07-18 00:00:00+05:30,92.94999694824219,81.69999694824219,8803.54550723326,-1065.5179150949634,-12.103281731428561,UT Sell,47161.90814331865,147161.90814331867
ORIENTLTD.NS,2018-06-11 00:00:00+05:30,2018-07-18 00:00:00+05:30,381.576904296875,337.997802734375,7066.2405464993235,-807.0205795300581,-11.420791214500369,UT Sell,46354.887563788594,146354.8875637886
63MOONS.NS,2018-06-11 00:00:00+05:30,2018-07-18 00:00:00+05:30,79.32775115966797,60.83305358886719,7066.240546499323,-1647.443422504075,-23.31428447224646,Stop Loss,44707.44414128452,144707.4441412845
RELIABLE.NS,2018-07-13 00:00:00+05:30,2018-07-18 00:00:00+05:30,55.91427230834961,54.338050842285156,7401.21769688474,-208.64007930769003,-2.818996655043793,UT Sell,44498.80406197683,144498.80406197684
SPECIALITY.NS,2018-06-26 00:00:00+05:30,2018-07-19 00:00:00+05:30,113.24639892578125,97.9520492553711,6898.599232767776,-931.6816243412895,-13.505373959337707,UT Sell,43567.12243763554,143567.12243763555
SANGINITA.NS,2018-07-13 00:00:00+05:30,2018-07-19 00:00:00+05:30,71.92857360839844,74.59761810302734,7401.217696884741,274.6360501317349,3.7106873676656216,UT Sell,43841.75848776727,143841.75848776728
GALAXYSURF.NS,2018-06-20 00:00:00+05:30,2018-07-19 00:00:00+05:30,1195.9423828125,1134.70361328125,6354.160826414313,-325.36767323036565,-5.120545137570476,UT Sell,43516.390814536906,143516.3908145369
BETA.NS,2018-07-16 00:00:00+05:30,2018-07-20 00:00:00+05:30,91.0,92.0,7373.35656835264,81.0258963555234,1.098901098901095,UT Sell,43597.41671089243,143597.41671089243
SECURKLOUD.NS,2018-07-18 00:00:00+05:30,2018-07-23 00:00:00+05:30,372.95001220703125,276.75,6652.155575169965,-1715.8799479517938,-25.794344833974392,Stop Loss,41881.53676294064,141881.53676294064
SILLYMONKS.NS,2018-07-19 00:00:00+05:30,2018-07-23 00:00:00+05:30,40.767826080322266,33.832313537597656,6557.188169542303,-1115.5233223685927,-17.012220688589107,UT Sell,40766.013440572046,140766.01344057205
DBCORP.NS,2018-07-19 00:00:00+05:30,2018-07-26 00:00:00+05:30,183.6020965576172,178.01434326171875,6557.188169542302,-199.56171793870544,-3.0434038612107694,UT Sell,40566.45172263334,140566.45172263333
KSCL.NS,2018-07-19 00:00:00+05:30,2018-08-02 00:00:00+05:30,536.0785522460938,562.4904174804688,6557.188169542302,323.0637926564268,4.92686475213624,UT Sell,40889.515515289764,140889.51551528976
NH.NS,2018-07-16 00:00:00+05:30,2018-08-03 00:00:00+05:30,248.021728515625,248.5132598876953,7373.356568352641,14.612574843730727,0.19818077029463144,UT Sell,40904.1280901335,140904.12809013348
TVSELECT.NS,2018-07-20 00:00:00+05:30,2018-08-10 00:00:00+05:30,315.5382385253906,342.5127868652344,7454.382464708164,637.2558872029495,8.54874149830598,UT Sell,41541.383977336445,141541.38397733646
E2E.NS,2018-07-18 00:00:00+05:30,2018-08-13 00:00:00+05:30,73.0,87.0,6652.155575169965,1275.7558637312268,19.17808219178083,UT Sell,42817.13984106767,142817.13984106766
BETA.NS,2018-08-02 00:00:00+05:30,2018-08-13 00:00:00+05:30,101.0,98.0,6880.2519621987285,-204.3639196692693,-2.970297029702973,UT Sell,42612.7759213984,142612.7759213984
BALAMINES.NS,2018-07-23 00:00:00+05:30,2018-08-16 00:00:00+05:30,502.1783447265625,515.0730590820312,5188.970237195941,133.24009231043874,2.5677559558028973,UT Sell,42746.01601370884,142746.01601370884
CLEDUCATE.NS,2018-07-17 00:00:00+05:30,2018-08-16 00:00:00+05:30,35.945682525634766,38.88798141479492,7373.356568352641,603.5389319697615,8.185402758903937,UT Sell,43349.5549456786,143349.5549456786
FCL.NS,2018-07-23 00:00:00+05:30,2018-08-20 00:00:00+05:30,4.753356456756592,5.319464683532715,5188.970237195941,617.9883134153724,11.909652304140517,UT Sell,43967.543259093974,143967.54325909397
SANWARIA.NS,2018-08-03 00:00:00+05:30,2018-08-20 00:00:00+05:30,14.800000190734863,13.449999809265137,7387.969143196372,-673.9027725043861,-9.121624081564928,UT Sell,43293.64048658959,143293.64048658957
SANGINITA.NS,2018-08-13 00:00:00+05:30,2018-08-20 00:00:00+05:30,52.340476989746094,52.883331298828125,7301.899740715326,75.73235795135861,1.0371596521529192,UT Sell,43369.37284454095,143369.37284454095
WIPL.NS,2018-07-26 00:00:00+05:30,2018-08-21 00:00:00+05:30,58.84593200683594,73.43896484375,6357.626451603596,1576.6094343158175,24.798711379435435,UT Sell,44945.98227885677,144945.98227885677
DBCORP.NS,2018-08-10 00:00:00+05:30,2018-08-21 00:00:00+05:30,175.66888427734375,171.18487548828125,8091.638351911113,-206.54185649976262,-2.552534449973054,UT Sell,44739.44042235701,144739.440422357
SINTERCOM.NS,2018-08-16 00:00:00+05:30,2018-08-21 00:00:00+05:30,76.9000015258789,74.0,6649.552914914391,-250.7635008716452,-3.77113324881142,UT Sell,44488.67692148536,144488.67692148537
SIS.NS,2018-07-18 00:00:00+05:30,2018-08-29 00:00:00+05:30,574.5181274414062,531.7369384765625,6652.155575169966,-495.34925199363624,-7.446447191382466,UT Sell,43993.32766949173,143993.32766949173
SHRENIK.NS,2018-08-16 00:00:00+05:30,2018-08-30 00:00:00+05:30,30.90825080871582,25.219411849975586,6649.552914914391,-1223.8879487124677,-18.40556747758769,UT Sell,42769.439720779264,142769.43972077925
ZEEL.NS,2018-08-21 00:00:00+05:30,2018-08-31 00:00:00+05:30,482.4856262207031,468.2493591308594,7406.0405984578365,-218.52334309673915,-2.950609575948626,UT Sell,42550.91637768252,142550.91637768253
NELCO.NS,2018-08-21 00:00:00+05:30,2018-09-03 00:00:00+05:30,332.6582336425781,330.4671630859375,7406.040598457837,-48.780267119440396,-0.6586551406374652,UT Sell,42502.13611056308,142502.13611056306
ASIANPAINT.NS,2018-07-02 00:00:00+05:30,2018-09-04 00:00:00+05:30,1217.9683837890625,1235.1588134765625,6635.928970175004,93.65963180272047,1.4114019638195474,UT Sell,42595.7957423658,142595.7957423658
VGUARD.NS,2018-07-06 00:00:00+05:30,2018-09-04 00:00:00+05:30,189.97650146484375,203.92015075683594,9129.53443712418,670.0777486103052,7.339670530027398,UT Sell,43265.873490976104,143265.8734909761
TRIGYN.NS,2018-08-13 00:00:00+05:30,2018-09-04 00:00:00+05:30,121.00922393798828,106.97489929199219,7301.899740715326,-846.8547120526,-11.597731304506208,UT Sell,42419.018778923506,142419.0187789235
BILVYAPAR.NS,2018-08-20 00:00:00+05:30,2018-09-04 00:00:00+05:30,93.0999984741211,106.9000015258789,6632.885673323328,983.1777017618979,14.822774734624499,UT Sell,43402.1964806854,143402.1964806854
SHIVATEX.NS,2018-07-17 00:00:00+05:30,2018-09-05 00:00:00+05:30,329.7661437988281,294.6414794921875,7373.356568352642,-785.3646565808267,-10.651385828154702,UT Sell,42616.83182410458,142616.8318241046
CURAA.NS,2018-08-31 00:00:00+05:30,2018-09-05 00:00:00+05:30,72.0,70.0,7187.517255361097,-199.65325709336412,-2.777777777777779,UT Sell,42417.178567011215,142417.1785670112
WONDERLA.NS,2018-07-16 00:00:00+05:30,2018-09-07 00:00:00+05:30,320.9910888671875,293.896484375,7373.356568352641,-622.3792090441711,-8.440921082204278,UT Sell,41794.799357967044,141794.79935796704
MAHLOG.NS,2018-08-30 00:00:00+05:30,2018-09-10 00:00:00+05:30,556.4329833984375,559.3864135742188,5425.664966201924,28.798297572136107,0.530779134936088,UT Sell,41823.59765553918,141823.59765553917
VIPCLOTHNG.NS,2018-07-17 00:00:00+05:30,2018-09-10 00:00:00+05:30,53.04999923706055,52.599998474121094,7373.356568352641,-62.54507311784073,-0.8482578122736006,UT Sell,41761.05258242134,141761.05258242134
BERGEPAINT.NS,2018-06-15 00:00:00+05:30,2018-09-10 00:00:00+05:30,232.97882080078125,241.672607421875,7217.708064329305,269.3344124111745,3.7315780856010727,UT Sell,42030.386994832515,142030.38699483252
TIL.NS,2018-08-21 00:00:00+05:30,2018-09-10 00:00:00+05:30,366.85308837890625,337.87396240234375,7406.040598457837,-585.0314207211304,-7.89938176740419,UT Sell,41445.35557411138,141445.3555741114
RHFL.NS,2018-08-20 00:00:00+05:30,2018-09-11 00:00:00+05:30,59.855960845947266,66.94999694824219,6632.885673323328,786.1193733077698,11.851845667556837,UT Sell,42231.47494741915,142231.47494741913
CREST.NS,2018-09-04 00:00:00+05:30,2018-09-11 00:00:00+05:30,166.19346618652344,185.0912322998047,7650.07729786504,869.8860120127829,11.370944085173473,UT Sell,43101.36095943193,143101.3609594319
BEARDSELL.NS,2018-09-04 00:00:00+05:30,2018-09-12 00:00:00+05:30,33.61457061767578,30.20439338684082,7650.077297865039,-776.0955721263535,-10.144937651060648,UT Sell,42325.265387305575,142325.26538730558
WIPL.NS,2018-08-29 00:00:00+05:30,2018-09-18 00:00:00+05:30,76.99246978759766,75.80795288085938,6156.80632317633,-94.7214864185371,-1.5384841011154227,UT Sell,42230.54390088704,142230.54390088705
E2E.NS,2018-09-11 00:00:00+05:30,2018-09-18 00:00:00+05:30,84.80000305175781,74.0999984741211,7969.484178254461,-1005.5838929236752,-12.617929472368006,UT Sell,41224.96000796336,141224.96000796335
SALONA.NS,2018-09-03 00:00:00+05:30,2018-09-19 00:00:00+05:30,77.52754974365234,91.29448699951172,7357.260331338397,1306.4638530621414,17.75747756943209,UT Sell,42531.4238610255,142531.42386102548
KIOCL.NS,2018-09-12 00:00:00+05:30,2018-09-19 00:00:00+05:30,182.8916473388672,178.6282196044922,6873.981725738686,-160.24091182688608,-2.3311221679115812,UT Sell,42371.182949198614,142371.1829491986
PIIND.NS,2018-09-04 00:00:00+05:30,2018-09-21 00:00:00+05:30,761.951904296875,744.9046020507812,7650.07729786504,-171.1567084054086,-2.2373199869911597,UT Sell,42200.0262407932,142200.0262407932
NILAINFRA.NS,2018-09-07 00:00:00+05:30,2018-09-21 00:00:00+05:30,10.932559967041016,8.949999809265137,6750.97735930847,-1224.2529452353447,-18.13445491040352,UT Sell,40975.773295557854,140975.77329555785
BANKA.NS,2018-09-10 00:00:00+05:30,2018-09-21 00:00:00+05:30,36.56702423095703,43.02002716064453,6768.331603371512,1194.4112102148429,17.647055141622637,UT Sell,42170.1845057727,142170.1845057727
SANGHVIMOV.NS,2018-09-10 00:00:00+05:30,2018-09-21 00:00:00+05:30,62.89698028564453,59.504398345947266,6768.331603371511,-365.07507125459324,-5.393870936712652,UT Sell,41805.109434518105,141805.1094345181
OILCOUNTUB.NS,2018-07-13 00:00:00+05:30,2018-09-24 00:00:00+05:30,20.850000381469727,14.800000190734863,7401.21769688474,-2147.595571154927,-29.016786954650385,Stop Loss,39657.51386336318,139657.5138633632
MUTHOOTCAP.NS,2018-09-05 00:00:00+05:30,2018-09-24 00:00:00+05:30,1015.0499877929688,921.0499877929688,6787.927955019774,-628.6047341956128,-9.260627666661513,UT Sell,39028.909129167565,139028.90912916756
ASHIMASYN.NS,2018-09-10 00:00:00+05:30,2018-09-25 00:00:00+05:30,20.799999237060547,16.399999618530273,6768.331603371511,-1431.762382945627,-21.1538450957755,Stop Loss,37597.14674622194,137597.14674622193
RADAAN.NS,2018-09-24 00:00:00+05:30,2018-09-26 00:00:00+05:30,1.75,1.7000000476837158,5706.472673276987,-163.0419208903013,-2.857140132359093,UT Sell,37434.10482533163,137434.10482533163
GVPTECH.NS,2018-09-19 00:00:00+05:30,2018-09-26 00:00:00+05:30,176.08505249023438,129.20083618164062,7688.732499156169,-2047.1936290523272,-26.625892229662107,Stop Loss,35386.9111962793,135386.9111962793
COCHINSHIP.NS,2018-09-21 00:00:00+05:30,2018-09-26 00:00:00+05:30,166.01597595214844,159.28695678710938,6842.9110873090085,-277.3593299504655,-4.0532359168726,UT Sell,35109.55186632884,135109.55186632884
RHFL.NS,2018-09-26 00:00:00+05:30,2018-09-28 00:00:00+05:30,54.0,49.150001525878906,5916.84045994969,-531.4197630069248,-8.981478655779807,UT Sell,34578.132103321914,134578.1321033219
SUDARSCHEM.NS,2018-07-03 00:00:00+05:30,2018-10-01 00:00:00+05:30,411.93646240234375,374.5480651855469,6702.9955137761735,-608.3808589070532,-9.076253410235669,UT Sell,33969.75124441486,133969.75124441486
SHRENIK.NS,2018-09-19 00:00:00+05:30,2018-10-01 00:00:00+05:30,15.718722343444824,15.59469223022461,7688.732499156169,-60.66869441128438,-0.7890597626844631,UT Sell,33909.08255000357,133909.08255000357
MCL.NS,2018-09-25 00:00:00+05:30,2018-10-01 00:00:00+05:30,35.75,35.75,5336.569220425884,0.0,0.0,UT Sell,33909.08255000357,133909.08255000357
CONCOR.NS,2018-09-21 00:00:00+05:30,2018-10-04 00:00:00+05:30,469.56622314453125,445.4205322265625,6842.911087309008,-351.87116949518895,-5.142126866850205,UT Sell,33557.21138050838,133557.21138050838
SANOFI.NS,2018-09-21 00:00:00+05:30,2018-10-04 00:00:00+05:30,4774.97119140625,4422.005859375,6842.911087309008,-505.8272159503904,-7.391988723753961,UT Sell,33051.38416455799,133051.384164558
OIL.NS,2018-09-21 00:00:00+05:30,2018-10-04 00:00:00+05:30,96.4760513305664,92.21812438964844,6842.9110873090085,-302.00878944687884,-4.413454823444807,UT Sell,32749.37537511111,132749.37537511112
LYPSAGEMS.NS,2018-09-10 00:00:00+05:30,2018-10-08 00:00:00+05:30,13.600000381469727,10.75,6768.331603371511,-1418.3637581220282,-20.955884570068907,Stop Loss,31331.011616989083,131331.0116169891
KILITCH.NS,2018-09-11 00:00:00+05:30,2018-10-08 00:00:00+05:30,66.93183135986328,64.63041687011719,7969.484178254461,-274.0263637046628,-3.438445419747127,UT Sell,31056.98525328442,131056.98525328442
SHIVAMILLS.NS,2018-07-18 00:00:00+05:30,2018-10-09 00:00:00+05:30,46.60352325439453,42.034385681152344,6652.155575169965,-652.1956251171523,-9.8042749864654,UT Sell,30404.789628167266,130404.78962816726
TIRUMALCHM.NS,2018-09-26 00:00:00+05:30,2018-10-09 00:00:00+05:30,125.23473358154297,99.50220489501953,5916.84045994969,-1215.7590990529907,-20.5474375603382,Stop Loss,29189.030529114276,129189.03052911427
SILLYMONKS.NS,2018-10-04 00:00:00+05:30,2018-10-11 00:00:00+05:30,36.84492492675781,32.98704528808594,6456.342029011523,-676.0168599484996,-10.470586237699663,UT Sell,28513.013669165775,128513.01366916578
PANAMAPET.NS,2018-10-01 00:00:00+05:30,2018-10-17 00:00:00+05:30,97.59317016601562,102.56663513183594,6353.082560013298,323.76070460095616,5.096119899947871,UT Sell,28836.774373766733,128836.77437376673
MATRIMONY.NS,2018-10-01 00:00:00+05:30,2018-10-17 00:00:00+05:30,473.7947082519531,446.3516845703125,6353.082560013298,-367.9817273373783,-5.79217606352983,UT Sell,28468.792646429356,128468.79264642936
HONAUT.NS,2018-07-11 00:00:00+05:30,2018-10-17 00:00:00+05:30,18476.84765625,18907.2265625,8290.621023850417,193.1124007060298,2.329287518395584,UT Sell,28661.905047135384,128661.90504713538
RCOM.NS,2018-09-26 00:00:00+05:30,2018-10-17 00:00:00+05:30,12.899999618530273,11.350000381469727,5916.84045994969,-710.9378658862224,-12.015498317023532,UT Sell,27950.96718124916,127950.96718124916
SETCO.NS,2018-10-08 00:00:00+05:30,2018-10-17 00:00:00+05:30,36.81512451171875,34.974369049072266,6522.71282989964,-326.13550632132683,-4.999997927646682,UT Sell,27624.831674927835,127624.83167492783
LTIM.NS,2018-09-04 00:00:00+05:30,2018-10-19 00:00:00+05:30,1684.6202392578125,1582.000732421875,7650.077297865039,-466.0083865011493,-6.091551344601454,UT Sell,27158.823288426684,127158.82328842668
JYOTHYLAB.NS,2018-09-18 00:00:00+05:30,2018-10-19 00:00:00+05:30,188.693359375,161.768798828125,6512.99256104429,-929.3356328596738,-14.268949705520074,UT Sell,26229.48765556701,126229.487655567
ACCURACY.NS,2018-10-11 00:00:00+05:30,2018-10-22 00:00:00+05:30,6.67812442779541,6.48874568939209,5780.325169063023,-163.91888170305992,-2.835807275693991,UT Sell,26065.56877386395,126065.56877386395
KANANIIND.NS,2018-09-24 00:00:00+05:30,2018-10-22 00:00:00+05:30,3.2249999046325684,2.8499999046325684,5706.472673276987,-663.5433537238132,-11.627907320596487,UT Sell,25402.025420140137,125402.02542014014
VAISHALI.NS,2018-10-19 00:00:00+05:30,2018-10-22 00:00:00+05:30,3.25,3.0875000953674316,6383.862919774253,-319.19295866175526,-4.99999706561749,UT Sell,25082.83246147838,125082.83246147838
AGROPHOS.NS,2018-10-17 00:00:00+05:30,2018-10-24 00:00:00+05:30,34.820220947265625,31.821815490722656,6509.63148789768,-560.5511407568792,-8.611104050959295,UT Sell,24522.2813207215,124522.2813207215
SIS.NS,2018-09-05 00:00:00+05:30,2018-10-24 00:00:00+05:30,523.3460693359375,411.6868896484375,6787.927955019774,-1448.2471764755655,-21.335629754357743,Stop Loss,23074.034144245936,123074.03414424593
SAKUMA.NS,2018-09-28 00:00:00+05:30,2018-10-25 00:00:00+05:30,4.163844108581543,4.106608867645264,5385.420696942765,-74.02675102496687,-1.3745769400520857,UT Sell,23000.00739322097,123000.00739322096
SILLYMONKS.NS,2018-10-25 00:00:00+05:30,2018-10-26 00:00:00+05:30,31.643285751342773,30.3862247467041,5311.393945917798,-211.00040817992067,-3.9725994781857565,UT Sell,22789.00698504105,122789.00698504105
ZEEL.NS,2018-10-09 00:00:00+05:30,2018-10-26 00:00:00+05:30,405.3571472167969,394.9609680175781,5350.5206554747565,-137.22459792644804,-2.5646961625320874,UT Sell,22651.782387114603,122651.7823871146
TEAMGTY.NS,2018-10-17 00:00:00+05:30,2018-10-31 00:00:00+05:30,31.5,27.549999237060547,6509.631487897679,-816.2872807508102,-12.539684961712549,UT Sell,21835.495106363793,121835.49510636379
HLVLTD.NS,2018-10-26 00:00:00+05:30,2018-11-02 00:00:00+05:30,13.5,13.5,5156.8447976430925,0.0,0.0,UT Sell,21835.495106363793,121835.49510636379
LTTS.NS,2018-10-26 00:00:00+05:30,2018-11-02 00:00:00+05:30,1432.346435546875,1543.137451171875,5156.8447976430925,398.87841263293194,7.734931499494357,UT Sell,22234.373518996726,122234.37351899673
WHEELS.NS,2018-07-05 00:00:00+05:30,2018-11-05 00:00:00+05:30,1027.2918701171875,945.2780151367188,7618.058888974476,-608.1877946544555,-7.983500830305712,UT Sell,21626.18572434227,121626.18572434227
SPECIALITY.NS,2018-10-22 00:00:00+05:30,2018-11-05 00:00:00+05:30,71.74707794189453,71.35740661621094,5574.6685226752115,-30.277030588433263,-0.5431180430779059,UT Sell,21595.908693753838,121595.90869375384
NHPC.NS,2018-10-04 00:00:00+05:30,2018-11-15 00:00:00+05:30,16.79569435119629,18.195335388183594,6456.342029011523,538.0284413181625,8.333332386985326,UT Sell,22133.937135072,122133.937135072
CENTUM.NS,2018-10-24 00:00:00+05:30,2018-11-15 00:00:00+05:30,350.20550537109375,365.7946472167969,5644.380562842505,251.2554710755967,4.451426835561634,UT Sell,22385.192606147597,122385.1926061476
NILAINFRA.NS,2018-11-02 00:00:00+05:30,2018-11-15 00:00:00+05:30,6.949999809265137,8.649999618530273,5356.2840039595585,1310.17007697788,24.46042958157848,UT Sell,23695.362683125477,123695.36268312548
NESCO.NS,2018-11-05 00:00:00+05:30,2018-11-16 00:00:00+05:30,444.1830749511719,427.78521728515625,6277.1312932034,-231.7321647344561,-3.691688988333963,UT Sell,23463.630518391023,123463.63051839103
SUDARSCHEM.NS,2018-11-15 00:00:00+05:30,2018-11-20 00:00:00+05:30,346.9858093261719,338.93701171875,6518.820195061742,-151.21270950854614,-2.3196330775175578,UT Sell,23312.417808882477,123312.41780888248
SINTERCOM.NS,2018-11-15 00:00:00+05:30,2018-11-22 00:00:00+05:30,62.5,64.80000305175781,6518.820195061741,239.89290148003965,3.6800048828125043,UT Sell,23552.310710362515,123552.31071036251
LT.NS,2018-08-20 00:00:00+05:30,2018-11-28 00:00:00+05:30,1189.3359375,1260.946044921875,6632.885673323327,399.36710949987537,6.021016027851678,UT Sell,23951.67781986239,123951.6778198624
BAJAJHIND.NS,2018-10-09 00:00:00+05:30,2018-11-28 00:00:00+05:30,9.550000190734863,9.699999809265137,5350.5206554747565,84.03937604505973,1.5706766024549346,UT Sell,24035.71719590745,124035.71719590745
FCL.NS,2018-10-24 00:00:00+05:30,2018-11-28 00:00:00+05:30,4.14820671081543,3.611380100250244,5644.380562842505,-730.4490584788455,-12.94117308970023,UT Sell,23305.268137428604,123305.2681374286
SHRENIK.NS,2018-11-05 00:00:00+05:30,2018-11-28 00:00:00+05:30,14.759557723999023,15.726991653442383,6277.1312932034,411.4425314209402,6.554626822389897,UT Sell,23716.710668849544,123716.71066884954
ACEINTEG.NS,2018-10-17 00:00:00+05:30,2018-11-30 00:00:00+05:30,16.0,15.333333015441895,6509.63148789768,-271.2347746638279,-4.166668653488159,UT Sell,23445.475894185714,123445.47589418571
GANGAFORGE.NS,2018-10-19 00:00:00+05:30,2018-12-04 00:00:00+05:30,1.5712499618530273,1.7400000095367432,6383.862919774253,685.6179463945646,10.7398600974159,UT Sell,24131.09384058028,124131.09384058029
BETA.NS,2018-11-28 00:00:00+05:30,2018-12-04 00:00:00+05:30,75.8499984741211,70.3499984741211,6017.329535832754,-436.3258155947324,-7.251153738488892,UT Sell,23694.768024985548,123694.76802498555
LTIM.NS,2018-11-28 00:00:00+05:30,2018-12-05 00:00:00+05:30,1492.46337890625,1413.8162841796875,6017.329535832754,-317.0901830451594,-5.269616383096709,UT Sell,23377.67784194039,123377.67784194039
IFBIND.NS,2018-11-15 00:00:00+05:30,2018-12-05 00:00:00+05:30,923.9500122070312,830.3499755859375,6518.820195061742,-660.3840044621211,-10.130422142374584,UT Sell,22717.293837478268,122717.29383747827
ORIENTELEC.NS,2018-11-02 00:00:00+05:30,2018-12-05 00:00:00+05:30,123.44510650634766,129.44589233398438,5356.2840039595585,260.3741375370355,4.861096561432476,UT Sell,22977.667975015305,122977.6679750153
PDSL.NS,2018-10-17 00:00:00+05:30,2018-12-06 00:00:00+05:30,45.3728141784668,55.71128463745117,6509.63148789768,1483.2589526360925,22.78560553533142,UT Sell,24460.9269276514,124460.9269276514
ASIANPAINT.NS,2018-10-31 00:00:00+05:30,2018-12-06 00:00:00+05:30,1161.737548828125,1222.827392578125,5693.344207146869,299.3838912931842,5.2584892182939935,UT Sell,24760.310818944585,124760.31081894459
BOHRAIND.NS,2018-11-20 00:00:00+05:30,2018-12-06 00:00:00+05:30,507.0,609.0,6367.607485553196,1281.0571272710577,20.118343195266263,UT Sell,26041.367946215643,126041.36794621564
LTTS.NS,2018-11-28 00:00:00+05:30,2018-12-06 00:00:00+05:30,1446.2994384765625,1397.2811279296875,6017.329535832754,-203.9407055021902,-3.3892228153326043,UT Sell,25837.427240713452,125837.42724071346
INFY.NS,2018-11-28 00:00:00+05:30,2018-12-06 00:00:00+05:30,554.5719604492188,556.3194580078125,6017.329535832755,18.961053610795716,0.31510744920788536,UT Sell,25856.38829432425,125856.38829432425
CONSOFINVT.NS,2018-12-06 00:00:00+05:30,2018-12-11 00:00:00+05:30,49.020225524902344,46.7332763671875,6696.79251431444,-312.42663280327633,-4.665317495434762,UT Sell,25543.961661520974,125543.96166152097
DANGEE.NS,2018-12-05 00:00:00+05:30,2018-12-12 00:00:00+05:30,13.893333435058594,13.403332710266113,5725.111228294602,-201.91760778611751,-3.5268765921647516,UT Sell,25342.044053734855,125342.04405373486
IGARASHI.NS,2018-12-05 00:00:00+05:30,2018-12-12 00:00:00+05:30,555.2876586914062,521.2615966796875,5725.111228294603,-350.8145492320382,-6.127646000976272,UT Sell,24991.229504502815,124991.22950450281
VINNY.NS,2018-12-04 00:00:00+05:30,2018-12-13 00:00:00+05:30,1.778656005859375,1.7015810012817383,6325.24229320342,-274.09351617024276,-4.333328329015318,UT Sell,24717.13598833257,124717.13598833256
CAPTRUST.NS,2018-12-04 00:00:00+05:30,2018-12-17 00:00:00+05:30,209.51126098632812,194.3965301513672,6325.24229320342,-456.3207451360795,-7.214280876266244,UT Sell,24260.81524319649,124260.8152431965
GANGAFORGE.NS,2018-12-06 00:00:00+05:30,2018-12-17 00:00:00+05:30,1.747499942779541,1.6875,6696.792514314441,-229.9325784390112,-3.433473232857809,UT Sell,24030.882664757482,124030.88266475749
MADHUCON.NS,2018-10-17 00:00:00+05:30,2018-12-18 00:00:00+05:30,6.449999809265137,6.75,6509.631487897679,302.77375902829226,4.651165885368336,UT Sell,24333.656423785775,124333.65642378578
ZEEL.NS,2018-11-22 00:00:00+05:30,2018-12-18 00:00:00+05:30,429.7554016113281,433.361328125,6758.713096541781,56.70998587043505,0.8390648494822406,UT Sell,24390.36640965621,124390.36640965621
MATRIMONY.NS,2018-10-22 00:00:00+05:30,2018-12-21 00:00:00+05:30,458.4588928222656,469.6640319824219,5574.668522675211,136.24980897149908,2.4440880819603272,UT Sell,24526.616218627707,124526.6162186277
PAGEIND.NS,2018-11-30 00:00:00+05:30,2018-12-21 00:00:00+05:30,25021.431640625,22339.6015625,6238.396713233852,-668.6395960518585,-10.718132026349602,UT Sell,23857.97662257585,123857.97662257585
LT.NS,2018-12-12 00:00:00+05:30,2018-12-21 00:00:00+05:30,1258.16064453125,1275.86083984375,5448.745149785525,76.65464166157562,1.4068311061418148,UT Sell,23934.631264237425,123934.63126423743
TIL.NS,2018-12-11 00:00:00+05:30,2018-12-24 00:00:00+05:30,254.22845458984375,263.7551574707031,6384.365881511164,239.24134272844913,3.747300000792264,UT Sell,24173.872606965873,124173.87260696587
WORTHPERI.NS,2018-12-06 00:00:00+05:30,2018-12-26 00:00:00+05:30,55.56361770629883,58.52964401245117,6696.79251431444,357.47965277014373,5.33807269683253,UT Sell,24531.352259736017,124531.35225973601
DANGEE.NS,2018-12-17 00:00:00+05:30,2018-12-27 00:00:00+05:30,13.533332824707031,13.466666221618652,6167.890741971385,-30.38367040207595,-0.4926103861620068,UT Sell,24500.96858933394,124500.96858933393
GVPTECH.NS,2018-12-06 00:00:00+05:30,2018-12-27 00:00:00+05:30,110.99525451660156,98.07516479492188,6696.79251431444,-779.5212552936146,-11.64021811378182,UT Sell,23721.447334040327,123721.44733404033
ZOTA.NS,2018-12-06 00:00:00+05:30,2018-12-27 00:00:00+05:30,178.2228546142578,174.7023162841797,6696.79251431444,-132.28558585402698,-1.975357390441257,UT Sell,23589.1617481863,123589.1617481863
ORIENTLTD.NS,2018-12-21 00:00:00+05:30,2019-01-02 00:00:00+05:30,167.9707794189453,169.01437377929688,5602.025080091935,34.8051119388474,0.6212951823892476,UT Sell,23623.966860125147,123623.96686012515
DPSCLTD.NS,2018-10-04 00:00:00+05:30,2019-01-04 00:00:00+05:30,13.64657974243164,12.671823501586914,6456.342029011522,-461.1675456113735,-7.142861136214906,UT Sell,23162.799314513773,123162.79931451377
UNIINFO.NS,2018-12-21 00:00:00+05:30,2019-01-07 00:00:00+05:30,22.75,25.0,5602.025080091935,554.0464364926092,9.8901098901099,UT Sell,23716.84575100638,123716.84575100639
LINC.NS,2018-12-27 00:00:00+05:30,2019-01-08 00:00:00+05:30,64.35037231445312,61.74832534790039,6206.428419683516,-250.9607584498308,-4.04356163448073,UT Sell,23465.884992556552,123465.88499255656
HIMATSEIDE.NS,2018-12-21 00:00:00+05:30,2019-01-09 00:00:00+05:30,207.0473175048828,198.21051025390625,5602.025080091935,-239.09518096867578,-4.268013397839921,UT Sell,23226.789811587878,123226.78981158788
BOHRAIND.NS,2019-01-08 00:00:00+05:30,2019-01-09 00:00:00+05:30,590.0,561.0,5955.467661233685,-292.7263765691132,-4.915254237288136,UT Sell,22934.063435018765,122934.06343501876
URJA.NS,2018-12-13 00:00:00+05:30,2019-01-11 00:00:00+05:30,3.7332470417022705,2.87172794342041,6051.148777033177,-1396.4198403494665,-23.07693781467589,Stop Loss,21537.6435946693,121537.6435946693
ASIANPAINT.NS,2018-12-18 00:00:00+05:30,2019-01-14 00:00:00+05:30,1280.04541015625,1311.1094970703125,6813.914164669093,165.35977564296354,2.4267956954957315,UT Sell,21703.00337031226,121703.00337031226
TRIGYN.NS,2018-12-05 00:00:00+05:30,2019-01-14 00:00:00+05:30,88.2297592163086,82.9300765991211,5725.111228294603,-343.88932631757143,-6.006683758701559,UT Sell,21359.11404399469,121359.11404399469
HDIL.NS,2018-12-12 00:00:00+05:30,2019-01-17 00:00:00+05:30,23.75,27.549999237060547,5448.745149785525,871.799048931467,15.99999678762336,UT Sell,22230.91309292616,122230.91309292616
CROMPTON.NS,2018-09-18 00:00:00+05:30,2019-01-21 00:00:00+05:30,215.2791290283203,210.08827209472656,6512.99256104429,-157.04268568224143,-2.41122163445342,UT Sell,22073.870407243918,122073.87040724391
ACL.NS,2018-12-27 00:00:00+05:30,2019-01-21 00:00:00+05:30,118.0,109.0,6206.428419683516,-473.37165912840373,-7.6271186440677985,UT Sell,21600.498748115515,121600.49874811551
CONCOR.NS,2019-01-04 00:00:00+05:30,2019-01-21 00:00:00+05:30,494.62384033203125,485.1042785644531,5995.174483400148,-115.38350792761048,-1.9246063354301346,UT Sell,21485.115240187904,121485.11524018791
ZEEL.NS,2018-12-26 00:00:00+05:30,2019-01-22 00:00:00+05:30,426.19635009765625,398.28594970703125,7054.272167084584,-461.9644457364757,-6.5487187734549535,UT Sell,21023.15079445143,121023.15079445143
DANGEE.NS,2019-01-21 00:00:00+05:30,2019-01-23 00:00:00+05:30,13.406665802001953,13.066665649414062,5989.599203796566,-151.89941133067168,-2.536053017276829,UT Sell,20871.251383120758,120871.25138312076
LYKALABS.NS,2018-12-18 00:00:00+05:30,2019-01-24 00:00:00+05:30,29.299999237060547,25.799999237060547,6813.914164669093,-813.9488121957502,-11.945392802512334,UT Sell,20057.302570925007,120057.302570925
ANDHRAPAP.NS,2019-01-21 00:00:00+05:30,2019-01-24 00:00:00+05:30,81.66297149658203,78.2060546875,5989.599203796566,-253.5487723237611,-4.233150895356186,UT Sell,19803.753798601247,119803.75379860125
SINTERCOM.NS,2019-01-24 00:00:00+05:30,2019-01-25 00:00:00+05:30,62.0,59.04999923706055,5868.007891973074,-279.2036735202464,-4.758065746676532,UT Sell,19524.550125081,119524.550125081
SALONA.NS,2019-01-11 00:00:00+05:30,2019-01-25 00:00:00+05:30,74.8498306274414,68.0100326538086,4654.72893668371,-425.35040202572054,-9.138027322569798,UT Sell,19099.19972305528,119099.19972305528
LTIM.NS,2019-01-09 00:00:00+05:30,2019-01-25 00:00:00+05:30,1605.5411376953125,1566.94921875,5512.835591893916,-132.51040370513238,-2.4036705157682636,UT Sell,18966.68931935015,118966.68931935015
ZEEMEDIA.NS,2019-01-23 00:00:00+05:30,2019-01-28 00:00:00+05:30,25.200000762939453,17.950000762939453,5837.6997924658945,-1679.4969132548922,-28.769840398823554,Stop Loss,17287.19240609526,117287.19240609526
SANGINITA.NS,2019-01-25 00:00:00+05:30,2019-01-29 00:00:00+05:30,41.61904525756836,40.03571319580078,5066.169313766534,-192.7345583058741,-3.8043449866972945,UT Sell,17094.457847789385,117094.45784778938
AHLADA.NS,2019-01-25 00:00:00+05:30,2019-01-29 00:00:00+05:30,118.37284851074219,106.084716796875,5066.169313766533,-525.912458773566,-10.380870164455036,UT Sell,16568.545389015817,116568.54538901581
NESCO.NS,2019-01-07 00:00:00+05:30,2019-01-30 00:00:00+05:30,436.3448181152344,423.0245666503906,6156.071516584544,-187.92573495123452,-3.052689275050813,UT Sell,16380.619654064583,116380.61965406459
PKTEA.NS,2019-01-14 00:00:00+05:30,2019-01-30 00:00:00+05:30,169.1856689453125,154.51637268066406,6180.247921144544,-535.8603261695398,-8.670531231218014,UT Sell,15844.759327895044,115844.75932789504
VGUARD.NS,2019-01-30 00:00:00+05:30,2019-01-31 00:00:00+05:30,200.8127899169922,190.95668029785156,5806.266688304157,-284.9778690966141,-4.908108504052322,UT Sell,15559.78145879843,115559.78145879843
ANDHRAPAP.NS,2019-01-31 00:00:00+05:30,2019-02-04 00:00:00+05:30,86.3325424194336,82.16069793701172,5521.2888192075425,-266.80504999333334,-4.8322965657070505,UT Sell,15292.976408805098,115292.9764088051
MAHLOG.NS,2019-01-21 00:00:00+05:30,2019-02-04 00:00:00+05:30,500.7074279785156,454.85845947265625,5989.599203796566,-548.4579015859381,-9.156838094246655,UT Sell,14744.51850721916,114744.51850721915
MADHAV.NS,2018-10-22 00:00:00+05:30,2019-02-04 00:00:00+05:30,43.304874420166016,40.61664581298828,5574.668522675211,-346.0576574541492,-6.207681336505367,UT Sell,14398.460849765012,114398.46084976502
CENTUM.NS,2019-01-02 00:00:00+05:30,2019-02-04 00:00:00+05:30,339.26910400390625,364.40374755859375,5636.830192030782,417.6027701401399,7.408468162311088,UT Sell,14816.063619905151,114816.06361990515
INDTERRAIN.NS,2018-11-16 00:00:00+05:30,2019-02-05 00:00:00+05:30,151.75,118.69999694824219,6045.399128468944,-1316.64223818776,-21.779244185672365,Stop Loss,13499.421381717391,113499.42138171739
MUKTAARTS.NS,2018-12-24 00:00:00+05:30,2019-02-05 00:00:00+05:30,44.55487060546875,35.55681610107422,6623.607224239613,-1337.6669712983985,-20.195445261353974,Stop Loss,12161.754410418993,112161.75441041899
BORORENEW.NS,2019-01-22 00:00:00+05:30,2019-02-05 00:00:00+05:30,57.08924102783203,50.8973503112793,6592.307721348108,-715.0007294820107,-10.84598534693092,UT Sell,11446.753680936981,111446.75368093698
STEELCITY.NS,2019-02-04 00:00:00+05:30,2019-02-05 00:00:00+05:30,43.1340217590332,39.837154388427734,5494.667224704206,-419.9744968522182,-7.643310862648766,UT Sell,11026.779184084764,111026.77918408476
E2E.NS,2019-01-25 00:00:00+05:30,2019-02-06 00:00:00+05:30,47.0,40.0,5066.169313766533,-754.5358552418238,-14.893617021276595,UT Sell,10272.24332884294,110272.24332884295
DIAMONDYD.NS,2018-10-01 00:00:00+05:30,2019-02-06 00:00:00+05:30,1076.9971923828125,942.1431884765625,6353.082560013297,-795.4882579306104,-12.5212957712444,UT Sell,9476.75507091233,109476.75507091233
PKTEA.NS,2019-02-04 00:00:00+05:30,2019-02-07 00:00:00+05:30,153.73402404785156,146.69276428222656,5494.667224704205,-251.664389158027,-4.580157066228441,UT Sell,9225.090681754304,109225.0906817543
ASTRAL.NS,2019-01-28 00:00:00+05:30,2019-02-08 00:00:00+05:30,482.4968566894531,493.04205322265625,4158.202879211002,90.87948652571959,2.185547198287807,UT Sell,9315.970168280022,109315.97016828002
NACLIND.NS,2019-02-05 00:00:00+05:30,2019-02-11 00:00:00+05:30,27.1685848236084,28.288442611694336,5241.67421573512,216.05577659678056,4.121884873123127,UT Sell,9532.025944876803,109532.0259448768
TIL.NS,2019-01-17 00:00:00+05:30,2019-02-11 00:00:00+05:30,267.2965087890625,208.3905029296875,6320.5441987169925,-1392.9026431762231,-22.03770117546159,Stop Loss,8139.12330170058,108139.12330170057
BETA.NS,2019-02-04 00:00:00+05:30,2019-02-11 00:00:00+05:30,78.94999694824219,75.0,5494.667224704205,-274.9071514647003,-5.0031628890773945,UT Sell,7864.2161502358795,107864.21615023588
INFY.NS,2018-12-27 00:00:00+05:30,2019-02-12 00:00:00+05:30,546.5829467773438,627.9506225585938,6206.428419683517,923.9268410949207,14.886610762555662,UT Sell,8788.1429913308,108788.1429913308
GALAXYSURF.NS,2019-01-29 00:00:00+05:30,2019-02-12 00:00:00+05:30,1071.7015380859375,922.220703125,4706.845805226814,-656.5104331699404,-13.947991082284972,UT Sell,8131.63255816086,108131.63255816085
MATRIMONY.NS,2019-01-09 00:00:00+05:30,2019-02-14 00:00:00+05:30,471.3258056640625,363.2156982421875,5512.835591893916,-1264.5037485250305,-22.937447116767984,Stop Loss,6867.128809635829,106867.12880963583
TVSELECT.NS,2019-02-07 00:00:00+05:30,2019-02-14 00:00:00+05:30,172.70472717285156,143.64361572265625,5243.002835546178,-882.2427285675885,-16.82705038010308,UT Sell,5984.886081068241,105984.88608106824
ASTERDM.NS,2019-02-11 00:00:00+05:30,2019-02-14 00:00:00+05:30,119.21585083007812,113.5514907836914,5201.710540370725,-247.15137418883205,-4.751348085801355,UT Sell,5737.734706879409,105737.7347068794
TARAPUR.NS,2019-02-11 00:00:00+05:30,2019-02-14 00:00:00+05:30,3.25,3.049999952316284,5201.710540370725,-320.1053403418555,-6.153847621037412,UT Sell,5417.629366537553,105417.62936653756
CENTUM.NS,2019-02-05 00:00:00+05:30,2019-02-15 00:00:00+05:30,403.2568359375,374.87091064453125,5241.674215735121,-368.9702428776636,-7.039167786697664,UT Sell,5048.65912365989,105048.65912365989
LMW.NS,2019-02-06 00:00:00+05:30,2019-02-15 00:00:00+05:30,5458.6962890625,5297.89501953125,4934.613880303697,-145.3629464949845,-2.9457815752351846,UT Sell,4903.296177164905,104903.2961771649
SINTERCOM.NS,2019-02-14 00:00:00+05:30,2019-02-18 00:00:00+05:30,57.5,56.400001525878906,4611.31407913956,-88.21632088254955,-1.9130408245584207,UT Sell,4815.079856282356,104815.07985628236
INSECTICID.NS,2019-02-04 00:00:00+05:30,2019-02-18 00:00:00+05:30,390.8367004394531,375.9693298339844,5494.667224704206,-209.01633314258106,-3.803985293282852,UT Sell,4606.063523139775,104606.06352313978
NAVKARCORP.NS,2019-01-24 00:00:00+05:30,2019-02-18 00:00:00+05:30,48.0,38.70000076293945,5868.007891973074,-1136.9264358003093,-19.37499841054281,UT Sell,3469.1370873394653,103469.13708733946
GUJALKALI.NS,2019-01-30 00:00:00+05:30,2019-02-18 00:00:00+05:30,424.6544494628906,369.1553955078125,5806.266688304157,-758.8341735718113,-13.069226997450322,UT Sell,2710.302913767654,102710.30291376765
RHFL.NS,2019-02-18 00:00:00+05:30,2019-02-20 00:00:00+05:30,25.549999237060547,24.799999237060547,4896.815655180937,-143.7421468122211,-2.935420831293478,UT Sell,2566.560766955433,102566.56076695543
DANGEE.NS,2019-02-14 00:00:00+05:30,2019-02-22 00:00:00+05:30,12.300000190734863,12.266666412353516,4611.31407913956,-12.496952778636114,-0.2710063241011751,UT Sell,2554.0638141767968,102554.0638141768
SALONA.NS,2019-02-08 00:00:00+05:30,2019-02-25 00:00:00+05:30,67.67044830322266,60.15152359008789,4249.082365736722,-472.1193845905332,-11.111090441492898,UT Sell,2081.9444295862636,102081.94442958626
AKG.NS,2019-02-15 00:00:00+05:30,2019-02-25 00:00:00+05:30,8.995336532592773,8.995336532592773,4830.977453333086,0.0,0.0,UT Sell,2081.9444295862636,102081.94442958626
DOLPHIN.NS,2019-02-18 00:00:00+05:30,2019-02-27 00:00:00+05:30,336.3999938964844,314.0,4896.815655180937,-326.0661200309505,-6.658737902170476,UT Sell,1755.878309555313,101755.87830955531
LTIM.NS,2019-02-05 00:00:00+05:30,2019-03-05 00:00:00+05:30,1659.6337890625,1528.951904296875,5241.67421573512,-412.736755755368,-7.874139802820301,UT Sell,1343.141553799945,101343.14155379994
WIPL.NS,2019-02-20 00:00:00+05:30,2019-03-05 00:00:00+05:30,91.3959732055664,86.27893829345703,4753.073508368716,-266.11285190257877,-5.59875313171645,UT Sell,1077.0287018973663,101077.02870189736
ZEEL.NS,2019-02-12 00:00:00+05:30,2019-03-06 00:00:00+05:30,388.4048767089844,441.0413513183594,5590.345316417655,757.6013766833576,13.551960277989327,UT Sell,1834.6300785807239,101834.63007858073
NAVKARCORP.NS,2019-03-05 00:00:00+05:30,2019-03-12 00:00:00+05:30,43.25,45.54999923706055,4657.949058222945,247.7058793105125,5.317917311122655,UT Sell,2082.3359578912364,102082.33595789124
CURAA.NS,2019-02-18 00:00:00+05:30,2019-03-13 00:00:00+05:30,20.0,25.0,4896.815655180937,1224.2039137952343,25.0,UT Sell,3306.5398716864706,103306.53987168647
CTE.NS,2018-10-08 00:00:00+05:30,2019-03-18 00:00:00+05:30,47.70000076293945,43.75,6522.71282989964,-540.1408855858226,-8.280923898870062,UT Sell,2766.398986100648,102766.39898610064
ZEEL.NS,2019-03-12 00:00:00+05:30,2019-03-20 00:00:00+05:30,434.2042541503906,415.0977783203125,4905.654937533457,-215.8656360428531,-4.400342844973693,UT Sell,2550.533350057795,102550.5333500578
ORIENTELEC.NS,2019-02-22 00:00:00+05:30,2019-03-22 00:00:00+05:30,129.72523498535156,138.28121948242188,4598.817126360924,303.3134458569184,6.5954665628753295,UT Sell,2853.8467959147133,102853.84679591471
WHEELS.NS,2019-02-05 00:00:00+05:30,2019-03-25 00:00:00+05:30,778.5704345703125,836.5045166015625,5241.674215735121,390.0373948351644,7.4410842563297885,UT Sell,3243.8841907498777,103243.88419074987
JKCEMENT.NS,2019-02-15 00:00:00+05:30,2019-03-25 00:00:00+05:30,693.238037109375,789.0279541015625,4830.977453333086,667.5325133275892,13.817752613749668,UT Sell,3911.416704077467,103911.41670407746
SALONA.NS,2019-03-05 00:00:00+05:30,2019-03-25 00:00:00+05:30,65.00244140625,62.576988220214844,4657.949058222945,-173.80327783457778,-3.7313262910798173,UT Sell,3737.613426242889,103737.61342624288
WIPL.NS,2019-03-06 00:00:00+05:30,2019-03-25 00:00:00+05:30,90.59051513671875,86.27893829345703,6347.946693101013,-302.1250063864636,-4.759413098330112,UT Sell,3435.4884198564255,103435.48841985643
SHRENIK.NS,2019-01-14 00:00:00+05:30,2019-03-27 00:00:00+05:30,16.140424728393555,11.782840728759766,6180.247921144544,-1668.540320848785,-26.997951249499096,Stop Loss,1766.9480990076404,101766.94809900764
CURAA.NS,2019-03-18 00:00:00+05:30,2019-03-28 00:00:00+05:30,25.0,26.0,5982.571944313818,239.30287777255216,4.0000000000000036,UT Sell,2006.2509767801926,102006.2509767802
SILLYMONKS.NS,2019-03-25 00:00:00+05:30,2019-03-28 00:00:00+05:30,29.47593879699707,28.825735092163086,5415.0472610834695,-119.44941992369331,-2.205879545727052,UT Sell,1886.8015568564992,101886.8015568565
SPARC.NS,2019-02-11 00:00:00+05:30,2019-04-02 00:00:00+05:30,152.10000610351562,188.89999389648438,5201.710540370725,1258.5330486964067,24.194599813443496,UT Sell,3145.334605552906,103145.33460555291
PKTEA.NS,2019-02-25 00:00:00+05:30,2019-04-02 00:00:00+05:30,159.21055603027344,167.8654327392578,4303.970217239637,233.9689811915905,5.436119893544422,UT Sell,3379.3035867444964,103379.3035867445
DPSCLTD.NS,2019-03-22 00:00:00+05:30,2019-04-03 00:00:00+05:30,12.964248657226562,12.62308406829834,4902.130572217842,-129.00349304939573,-2.6315801088715562,UT Sell,3250.3000936951007,103250.3000936951
ASAHIINDIA.NS,2019-02-14 00:00:00+05:30,2019-04-04 00:00:00+05:30,248.7671661376953,243.20867919921875,4611.31407913956,-103.035820506645,-2.234413417484471,UT Sell,3147.2642731884557,103147.26427318846
EIFFL.NS,2019-03-25 00:00:00+05:30,2019-04-05 00:00:00+05:30,120.19999694824219,119.80000305175781,5415.0472610834695,-18.019849489185617,-0.3327736328118336,UT Sell,3129.24442369927,103129.24442369927
BAJFINANCE.NS,2019-02-06 00:00:00+05:30,2019-04-08 00:00:00+05:30,264.51141357421875,295.0332946777344,4934.613880303697,569.4033996915869,11.538965631421249,UT Sell,3698.647823390857,103698.64782339086
MADHAV.NS,2019-02-27 00:00:00+05:30,2019-04-10 00:00:00+05:30,41.300926208496094,41.49643325805664,4570.7495351499865,21.63665171541834,0.473372070576783,UT Sell,3720.2844751062753,103720.28447510628
SINTERCOM.NS,2019-04-08 00:00:00+05:30,2019-04-18 00:00:00+05:30,70.1500015258789,69.55000305175781,5504.017279995284,-47.07629219815499,-0.8553078561227778,UT Sell,3673.2081829081203,103673.20818290811
ARENTERP.NS,2019-03-20 00:00:00+05:30,2019-04-18 00:00:00+05:30,12.100000381469727,12.399999618530273,4689.789301490604,116.27546843523305,2.4793324595259847,UT Sell,3789.4836513433534,103789.48365134335
ZEEL.NS,2019-03-28 00:00:00+05:30,2019-04-18 00:00:00+05:30,414.72308349609375,376.7911071777344,5758.736331623073,-526.7135079951722,-9.146338322572934,UT Sell,3262.770143348181,103262.77014334819
INDIACEM.NS,2019-01-29 00:00:00+05:30,2019-04-22 00:00:00+05:30,81.4588851928711,101.73828125,4706.845805226814,1171.7812002708815,24.89525361059528,UT Sell,4434.551343619063,104434.55134361907
CONCOR.NS,2019-03-13 00:00:00+05:30,2019-04-22 00:00:00+05:30,476.48712158203125,460.575439453125,6121.019568976171,-204.40367278551093,-3.33937296690755,UT Sell,4230.147670833552,104230.14767083355
ABREL.NS,2019-04-18 00:00:00+05:30,2019-04-22 00:00:00+05:30,910.3604125976562,872.5638427734375,5165.009527116956,-214.4421489917213,-4.151824848838559,UT Sell,4015.705521841831,104015.70552184182
MCL.NS,2019-04-22 00:00:00+05:30,2019-04-25 00:00:00+05:30,81.5,78.05000305175781,5581.936759937864,-236.29036548547901,-4.233125089867718,UT Sell,3779.415156356352,103779.41515635635
TIL.NS,2019-02-18 00:00:00+05:30,2019-04-26 00:00:00+05:30,225.1994171142578,247.7443084716797,4896.815655180937,490.22407943163034,10.011078912332817,UT Sell,4269.639235787982,104269.63923578798
OPTIEMUS.NS,2019-04-02 00:00:00+05:30,2019-04-26 00:00:00+05:30,100.73841094970703,109.63001251220703,5499.09139374918,485.37324708647066,8.826426264495147,UT Sell,4755.012482874453,104755.01248287446
RHFL.NS,2019-04-04 00:00:00+05:30,2019-04-30 00:00:00+05:30,29.450000762939453,25.200000762939453,4508.278258632915,-650.6004109616692,-14.431239014935093,UT Sell,4104.412071912784,104104.41207191278
ORIENTELEC.NS,2019-03-28 00:00:00+05:30,2019-04-30 00:00:00+05:30,143.25225830078125,146.02455139160156,5758.736331623073,111.44609609220697,1.9352526261746217,UT Sell,4215.858168004991,104215.858168005
SANGINITA.NS,2019-04-26 00:00:00+05:30,2019-05-02 00:00:00+05:30,58.80952453613281,57.0,5685.752187724109,-174.94628924837252,-3.0769242744362546,UT Sell,4040.9118787566185,104040.91187875663
DANGEE.NS,2019-04-30 00:00:00+05:30,2019-05-02 00:00:00+05:30,12.149999618530273,12.066665649414062,4863.930137693263,-33.36054457645878,-0.6858763105565546,UT Sell,4007.5513341801598,104007.55133418016
BETA.NS,2019-04-26 00:00:00+05:30,2019-05-06 00:00:00+05:30,118.8499984741211,110.0,5685.752187724109,-423.3815635811361,-7.4463597709242935,UT Sell,3584.1697705990236,103584.16977059902
VGUARD.NS,2019-03-27 00:00:00+05:30,2019-05-06 00:00:00+05:30,217.22354125976562,206.7847442626953,4511.707600295759,-216.81259534069704,-4.805555114575322,UT Sell,3367.3571752583266,103367.35717525832
TIJARIA.NS,2019-04-02 00:00:00+05:30,2019-05-06 00:00:00+05:30,16.299999237060547,17.299999237060547,5499.09139374918,337.36758595952324,6.134969612307395,UT Sell,3704.72476121785,103704.72476121785
NACLIND.NS,2019-04-03 00:00:00+05:30,2019-05-06 00:00:00+05:30,29.797807693481445,27.50941276550293,4773.1270791684465,-366.56387311860726,-7.679742588845295,UT Sell,3338.1608880992426,103338.16088809924
AKG.NS,2019-04-18 00:00:00+05:30,2019-05-06 00:00:00+05:30,9.825675010681152,9.410506248474121,5165.009527116956,-218.23952144047325,-4.225345961022686,UT Sell,3119.9213666587693,103119.92136665877
ARVINDFASN.NS,2019-04-30 00:00:00+05:30,2019-05-08 00:00:00+05:30,736.6986083984375,721.9321899414062,4863.930137693263,-97.49282398548985,-2.0044042826595,UT Sell,3022.4285426732795,103022.42854267328
SINTERCOM.NS,2019-04-22 00:00:00+05:30,2019-05-08 00:00:00+05:30,70.05000305175781,69.0,5581.936759937864,-83.66952715652769,-1.4989336274289666,UT Sell,2938.759015516752,102938.75901551676
CURAA.NS,2019-04-25 00:00:00+05:30,2019-05-09 00:00:00+05:30,27.0,26.0,5345.646394452385,-197.98690349823664,-3.703703703703709,UT Sell,2740.772112018515,102740.77211201852
LALPATHLAB.NS,2019-05-02 00:00:00+05:30,2019-05-09 00:00:00+05:30,509.4322509765625,466.6117858886719,5170.68774579627,-434.62355136490896,-8.405526938234754,UT Sell,2306.148560653606,102306.1485606536
SOLARA.NS,2019-05-06 00:00:00+05:30,2019-05-10 00:00:00+05:30,411.7584228515625,420.7372741699219,4949.411564106611,107.92743531442557,2.1806114508060137,UT Sell,2414.0759959680317,102414.07599596803
NELCO.NS,2018-12-17 00:00:00+05:30,2019-05-13 00:00:00+05:30,240.33973693847656,261.130859375,6167.890741971385,533.5670797719695,8.650721974388142,UT Sell,2947.643075740001,102947.64307574
ORISSAMINE.NS,2019-04-05 00:00:00+05:30,2019-05-13 00:00:00+05:30,965.25,804.75,5397.027411594284,-897.4078213528956,-16.627816627816628,UT Sell,2050.2352543871057,102050.23525438711
DPSCLTD.NS,2019-05-08 00:00:00+05:30,2019-05-13 00:00:00+05:30,11.160951614379883,9.84503173828125,5132.352273244554,-605.124419570182,-11.7903913713163,UT Sell,1445.1108348169237,101445.11083481692
ZEEMEDIA.NS,2019-05-09 00:00:00+05:30,2019-05-13 00:00:00+05:30,14.050000190734863,13.649999618530273,4941.861842692755,-140.69377494647142,-2.8469791229495223,UT Sell,1304.4170598704522,101304.41705987045
SHRENIK.NS,2019-05-09 00:00:00+05:30,2019-05-14 00:00:00+05:30,13.70116901397705,12.799884796142578,4941.861842692755,-325.0833619374862,-6.578155607853908,UT Sell,979.3336979329661,100979.33369793296
EIFFL.NS,2019-05-13 00:00:00+05:30,2019-05-15 00:00:00+05:30,117.5,117.0,5132.36833335135,-21.839865248303795,-0.42553191489361764,UT Sell,957.4938326846623,100957.49383268466
ZEEMEDIA.NS,2019-05-14 00:00:00+05:30,2019-05-15 00:00:00+05:30,14.600000381469727,12.850000381469727,4616.778480755269,-553.3809678235366,-11.986301056684178,UT Sell,404.1128648611257,100404.11286486112
BOHRAIND.NS,2019-05-15 00:00:00+05:30,2019-05-16 00:00:00+05:30,260.0,256.0,4586.96299051739,-70.56866139257545,-1.538461538461533,UT Sell,333.5442034685502,100333.54420346855
SUNDRMBRAK.NS,2019-04-18 00:00:00+05:30,2019-05-23 00:00:00+05:30,313.48052978515625,279.8826599121094,5165.009527116956,-553.5696845480443,-10.717689515222261,UT Sell,-220.02548107949406,99779.9745189205
BAJFINANCE.NS,2019-05-15 00:00:00+05:30,2019-05-23 00:00:00+05:30,292.95037841796875,329.53564453125,4586.96299051739,572.8453486426961,12.488553969738515,UT Sell,352.819867563202,100352.8198675632
VAISHALI.NS,2019-05-06 00:00:00+05:30,2019-05-24 00:00:00+05:30,2.375,2.487499952316284,4949.411564106611,234.44571156027814,4.73684009752775,UT Sell,587.2655791234802,100587.26557912349
UNIINFO.NS,2019-02-14 00:00:00+05:30,2019-05-27 00:00:00+05:30,34.0,37.150001525878906,4611.31407913956,427.224893694015,9.264710370232088,UT Sell,1014.4904728174952,101014.4904728175
PANAMAPET.NS,2019-05-08 00:00:00+05:30,2019-05-31 00:00:00+05:30,110.28858184814453,97.37503814697266,5132.352273244554,-600.9403172996499,-11.708867305005722,UT Sell,413.55015551784527,100413.55015551785
LYKALABS.NS,2019-05-31 00:00:00+05:30,2019-06-03 00:00:00+05:30,26.950000762939453,25.700000762939453,4531.411955944905,-210.17680091202055,-4.638218792627824,UT Sell,203.37335460582472,100203.37335460582
ZEEL.NS,2019-05-23 00:00:00+05:30,2019-06-04 00:00:00+05:30,337.5947265625,324.1077575683594,4885.624090864499,-195.18154593660984,-3.99501767443744,UT Sell,8.191808669214879,100008.19180866922
MAHLOG.NS,2019-05-24 00:00:00+05:30,2019-06-04 00:00:00+05:30,489.37835693359375,481.43829345703125,5183.857275666889,-84.10702116076754,-1.622479491392781,UT Sell,-75.91521249155267,99924.08478750844
SIS.NS,2019-05-06 00:00:00+05:30,2019-06-04 00:00:00+05:30,458.578369140625,437.15130615234375,4949.411564106611,-231.26113326666473,-4.672497533722653,UT Sell,-307.1763457582174,99692.82365424179
TRIGYN.NS,2019-05-13 00:00:00+05:30,2019-06-06 00:00:00+05:30,73.75379180908203,67.66898345947266,5132.36833335135,-423.4287746030359,-8.25016341581517,UT Sell,-730.6051203612533,99269.39487963874
WINDMACHIN.NS,2019-02-12 00:00:00+05:30,2019-06-06 00:00:00+05:30,56.690555572509766,56.55695724487305,5590.345316417655,-13.174342315800459,-0.2356624067051838,UT Sell,-743.7794626770537,99256.22053732295
MAANALU.NS,2019-05-06 00:00:00+05:30,2019-06-06 00:00:00+05:30,10.50220012664795,10.30738639831543,4949.411564106611,-91.81060237170095,-1.8549801563789048,UT Sell,-835.5900650487547,99164.40993495124
VINNY.NS,2019-05-13 00:00:00+05:30,2019-06-07 00:00:00+05:30,1.7984180450439453,1.438735008239746,5132.368333351349,-1026.4720336991568,-19.999968182893213,UT Sell,-1862.0620987479115,98137.9379012521
VAISHALI.NS,2019-06-06 00:00:00+05:30,2019-06-11 00:00:00+05:30,2.21875,2.106250047683716,5047.90383152836,-255.94994494383263,-5.07042038608605,UT Sell,-2118.012043691744,97881.98795630825
TTKPRESTIG.NS,2019-03-25 00:00:00+05:30,2019-06-12 00:00:00+05:30,653.129150390625,674.1527099609375,5415.0472610834695,174.30483481154988,3.218897756705341,UT Sell,-1943.7072088801942,98056.2927911198
GLOBE.NS,2019-06-04 00:00:00+05:30,2019-06-12 00:00:00+05:30,1.6929069757461548,1.6410280466079712,4836.114410091319,-148.2021400937847,-3.06448788276259,UT Sell,-2091.909348973979,97908.09065102602
PATELENG.NS,2019-06-04 00:00:00+05:30,2019-06-13 00:00:00+05:30,18.241323471069336,15.987167358398438,4836.114410091319,-597.6187460505625,-12.357415382968128,UT Sell,-2689.5280950245415,97310.47190497546
MCL.NS,2019-06-06 00:00:00+05:30,2019-06-13 00:00:00+05:30,90.0250015258789,95.75,5047.90383152836,321.0135100603402,6.359342823754766,UT Sell,-2368.5145849642013,97631.4854150358
WIPL.NS,2019-06-06 00:00:00+05:30,2019-06-14 00:00:00+05:30,90.96955108642578,87.17916107177734,5047.90383152836,-210.3288853184822,-4.166657930462215,UT Sell,-2578.8434702826835,97421.15652971732
ESTER.NS,2019-06-04 00:00:00+05:30,2019-06-17 00:00:00+05:30,32.177005767822266,28.716625213623047,4836.114410091319,-520.0855661746446,-10.754203107548555,UT Sell,-3098.929036457328,96901.07096354268
VGUARD.NS,2019-05-27 00:00:00+05:30,2019-06-17 00:00:00+05:30,212.31973266601562,227.7108612060547,5038.538972833575,365.2453778606823,7.249033496217572,UT Sell,-2733.6836585966457,97266.31634140335
DANGEE.NS,2019-06-11 00:00:00+05:30,2019-06-17 00:00:00+05:30,11.866665840148926,11.800000190734863,4791.953886584527,-26.920680342288506,-0.5617892195844076,UT Sell,-2760.6043389389342,97239.39566106106
SINTERCOM.NS,2019-06-14 00:00:00+05:30,2019-06-17 00:00:00+05:30,64.0,63.04999923706055,4837.574946209877,-71.80781077619031,-1.4843761920928955,UT Sell,-2832.4121497151245,97167.58785028488
NSIL.NS,2019-03-25 00:00:00+05:30,2019-06-18 00:00:00+05:30,945.7000122070312,1036.6500244140625,5415.0472610834695,520.7767877128626,9.617215928207123,UT Sell,-2311.635362002262,97688.36463799774
ARVINDFASN.NS,2019-06-07 00:00:00+05:30,2019-06-19 00:00:00+05:30,587.1199951171875,517.89111328125,4105.896299652192,-484.137164673637,-11.791266250797605,UT Sell,-2795.772526675899,97204.2274733241
TIL.NS,2019-05-23 00:00:00+05:30,2019-06-19 00:00:00+05:30,252.93162536621094,239.8136749267578,4885.624090864499,-253.38616551791802,-5.186362290781199,UT Sell,-3049.158692193817,96950.84130780619
BOHRAIND.NS,2019-06-12 00:00:00+05:30,2019-06-19 00:00:00+05:30,207.0,188.0,5138.632182946277,-471.6618911883061,-9.178743961352653,UT Sell,-3520.820583382123,96479.17941661787
PNCINFRA.NS,2019-05-06 00:00:00+05:30,2019-06-19 00:00:00+05:30,151.9604034423828,192.36489868164062,4949.411564106611,1315.9906886855342,26.588831250752463,UT Sell,-2204.829894696589,97795.1701053034
HIKAL.NS,2019-05-10 00:00:00+05:30,2019-06-19 00:00:00+05:30,168.86468505859375,157.2254638671875,5057.3389994210365,-348.5837623998277,-6.892631924411907,UT Sell,-2553.4136570964165,97446.58634290358
ATLANTAA.NS,2019-06-13 00:00:00+05:30,2019-06-19 00:00:00+05:30,12.850000381469727,9.300000190734863,4803.706502814728,-1327.0940463019756,-27.626459808157843,Stop Loss,-3880.507703398392,96119.4922966016
SANGINITA.NS,2019-06-19 00:00:00+05:30,2019-06-20 00:00:00+05:30,52.25,49.71666717529297,4561.956216401535,-221.1857115384937,-4.848483875037379,UT Sell,-4101.693414936886,95898.30658506311
SINTERCOM.NS,2019-06-19 00:00:00+05:30,2019-06-21 00:00:00+05:30,63.849998474121094,63.0,4561.956216401536,-60.730711286080805,-1.331242747743533,UT Sell,-4162.424126222967,95837.57587377704
STEELCITY.NS,2019-06-19 00:00:00+05:30,2019-06-21 00:00:00+05:30,40.33773422241211,39.11537551879883,4561.956216401535,-138.24145044623856,-3.030310767762767,UT Sell,-4300.665576669206,95699.33442333079
GSS.NS,2019-02-25 00:00:00+05:30,2019-06-24 00:00:00+05:30,106.44999694824219,93.55000305175781,4303.970217239637,-521.5706070901742,-12.11836004350153,UT Sell,-4822.23618375938,95177.76381624062
ACCURACY.NS,2019-06-17 00:00:00+05:30,2019-06-24 00:00:00+05:30,6.259496212005615,5.950507640838623,4812.653384071715,-237.56782371944882,-4.9363169287387265,UT Sell,-5059.804007478829,94940.19599252117
BSHSL.NS,2019-06-19 00:00:00+05:30,2019-06-24 00:00:00+05:30,7.937500953674316,7.81562614440918,4561.956216401535,-70.04566638728647,-1.5354304834284127,UT Sell,-5129.849673866115,94870.15032613388
TARAPUR.NS,2019-06-17 00:00:00+05:30,2019-06-25 00:00:00+05:30,5.949999809265137,5.949999809265137,4812.653384071715,0.0,0.0,UT Sell,-5129.849673866115,94870.15032613388
LALPATHLAB.NS,2019-05-16 00:00:00+05:30,2019-06-26 00:00:00+05:30,494.31219482421875,536.4918212890625,4516.394329124814,385.38362550041165,8.532993299880687,UT Sell,-4744.4660483657035,95255.5339516343
PIIND.NS,2019-06-13 00:00:00+05:30,2019-06-26 00:00:00+05:30,1120.1129150390625,1126.6785888671875,4803.706502814728,28.157491660048436,0.5861617824392207,UT Sell,-4716.308556705655,95283.69144329434
ASTERDM.NS,2019-06-17 00:00:00+05:30,2019-06-26 00:00:00+05:30,106.5276870727539,90.70524597167969,4812.653384071715,-714.8181548084713,-14.852890864201495,UT Sell,-5431.126711514126,94568.87328848588
ASTRON.NS,2019-05-13 00:00:00+05:30,2019-06-27 00:00:00+05:30,89.0999984741211,116.05000305175781,5132.368333351349,1552.3833046766058,30.246919235878877,UT Sell,-3878.7434068375205,96121.25659316248
PRITI.NS,2019-06-19 00:00:00+05:30,2019-06-27 00:00:00+05:30,22.202457427978516,22.65149688720703,4561.956216401535,92.264487347049,2.0224763888643027,UT Sell,-3786.4789194904715,96213.52108050953
TIL.NS,2019-06-26 00:00:00+05:30,2019-07-02 00:00:00+05:30,250.83673095703125,249.29051208496094,4610.492392787749,-28.420201140662357,-0.6164244232377492,UT Sell,-3814.899120631134,96185.10087936887
SOLARA.NS,2019-06-24 00:00:00+05:30,2019-07-04 00:00:00+05:30,443.9651794433594,441.5740966796875,4283.131906838658,-23.06785160452364,-0.5385743915029106,UT Sell,-3837.9669722356575,96162.03302776434
PAGEIND.NS,2019-06-03 00:00:00+05:30,2019-07-05 00:00:00+05:30,19617.509765625,18964.990234375,4321.235155032884,-143.7333469676114,-3.326209794442847,UT Sell,-3981.700319203269,96018.29968079673
ASAHISONG.NS,2019-06-17 00:00:00+05:30,2019-07-05 00:00:00+05:30,137.5375213623047,124.99581909179688,4812.653384071715,-438.85381440880155,-9.118749666478399,UT Sell,-4420.5541336120705,95579.44586638793
ABREL.NS,2019-06-26 00:00:00+05:30,2019-07-05 00:00:00+05:30,932.6705932617188,901.74609375,4610.492392787748,-152.86980288606446,-3.3156936366536605,UT Sell,-4573.423936498135,95426.57606350187
BANKA.NS,2019-07-05 00:00:00+05:30,2019-07-08 00:00:00+05:30,40.750450134277344,39.782081604003906,4336.307989209956,-103.04534503269406,-2.3763382418661716,UT Sell,-4676.469281530829,95323.53071846918
VIPIND.NS,2019-07-05 00:00:00+05:30,2019-07-08 00:00:00+05:30,436.21185302734375,421.60162353515625,4336.307989209956,-145.2378114704561,-3.3493426166188223,UT Sell,-4821.707093001285,95178.29290699871
KIOCL.NS,2019-06-27 00:00:00+05:30,2019-07-08 00:00:00+05:30,125.04460906982422,119.76374053955078,5669.486170888269,-239.43304173909655,-4.22318768442439,UT Sell,-5061.140134740382,94938.85986525961
ZEEMEDIA.NS,2019-06-24 00:00:00+05:30,2019-07-08 00:00:00+05:30,12.0,12.75,4283.131906838658,267.6957441774157,6.25,UT Sell,-4793.444390562966,95206.55560943704
LT.NS,2019-06-20 00:00:00+05:30,2019-07-08 00:00:00+05:30,1399.0443115234375,1339.070068359375,4451.363360632288,-190.82108150774366,-4.28680083040085,UT Sell,-4984.26547207071,95015.7345279293
GUJALKALI.NS,2019-05-02 00:00:00+05:30,2019-07-08 00:00:00+05:30,429.9441833496094,431.3750915527344,5170.68774579627,17.208697774709435,0.3328125506843804,UT Sell,-4967.056774296,95032.943225704
ENIL.NS,2019-06-18 00:00:00+05:30,2019-07-10 00:00:00+05:30,415.3674011230469,387.91497802734375,5935.824048796332,-392.30992313942807,-6.609190567550272,UT Sell,-5359.366697435428,94640.63330256457
SILLYMONKS.NS,2019-07-08 00:00:00+05:30,2019-07-10 00:00:00+05:30,26.008180618286133,25.964834213256836,4642.275387462922,-7.737025213559718,-0.16666450324026583,UT Sell,-5367.103722648988,94632.89627735101
ICEMAKE.NS,2019-07-08 00:00:00+05:30,2019-07-10 00:00:00+05:30,67.7502670288086,66.91384887695312,4642.275387462922,-57.31170621563524,-1.2345606719155966,UT Sell,-5424.415428864623,94575.58457113538
SASKEN.NS,2019-07-10 00:00:00+05:30,2019-07-12 00:00:00+05:30,532.1673583984375,519.8865966796875,4921.0053897178495,-113.56144576338738,-2.3076878964747194,UT Sell,-5537.976874628011,94462.02312537198
IGPL.NS,2019-06-20 00:00:00+05:30,2019-07-15 00:00:00+05:30,246.81369018554688,207.02088928222656,4451.363360632288,-717.6758137881775,-16.12260684300183,UT Sell,-6255.6526884161885,93744.34731158381
VAISHALI.NS,2019-07-12 00:00:00+05:30,2019-07-16 00:00:00+05:30,2.393749952316284,2.2874999046325684,4807.443943954462,-213.38534034755412,-4.438644378077338,UT Sell,-6469.038028763743,93530.96197123626
DPSCLTD.NS,2019-07-08 00:00:00+05:30,2019-07-17 00:00:00+05:30,9.893769264221191,9.45512866973877,4642.2753874629225,-205.81543609185246,-4.433503377410231,UT Sell,-6674.853464855595,93325.1465351444
HDIL.NS,2019-06-24 00:00:00+05:30,2019-07-18 00:00:00+05:30,17.700000762939453,14.100000381469727,4283.131906838659,-871.1455273374595,-20.338984329353615,Stop Loss,-7545.998992193055,92454.00100780695
EXCEL.NS,2019-07-02 00:00:00+05:30,2019-07-18 00:00:00+05:30,0.09666600078344345,0.10999999940395355,4582.072191647087,632.0458463919858,13.793886694849068,UT Sell,-6913.953145801069,93086.04685419892
VGUARD.NS,2019-07-04 00:00:00+05:30,2019-07-18 00:00:00+05:30,239.80039978027344,228.86293029785156,4260.064055234135,-194.30459932502026,-4.561072246936937,UT Sell,-7108.2577451260895,92891.74225487391
AKSHOPTFBR.NS,2019-07-05 00:00:00+05:30,2019-07-18 00:00:00+05:30,12.050000190734863,10.149999618530273,4336.307989209956,-683.7334050076724,-15.767639353777628,UT Sell,-7791.991150133762,92208.00884986624
BETA.NS,2019-07-09 00:00:00+05:30,2019-07-18 00:00:00+05:30,93.94999694824219,86.0,4642.275387462922,-392.82678405579827,-8.461944871187066,UT Sell,-8184.81793418956,91815.18206581044
OIL.NS,2019-07-09 00:00:00+05:30,2019-07-18 00:00:00+05:30,82.12582397460938,75.59651184082031,4642.275387462922,-369.07836717867303,-7.950376407556914,UT Sell,-8553.896301368233,91446.10369863176
ARCHIES.NS,2019-04-22 00:00:00+05:30,2019-07-19 00:00:00+05:30,24.200000762939453,19.350000381469727,5581.936759937864,-1118.6939901463948,-20.041323258539524,Stop Loss,-9672.590291514629,90327.40970848537
NELCO.NS,2019-06-25 00:00:00+05:30,2019-07-19 00:00:00+05:30,282.31158447265625,270.2339782714844,4812.653384071715,-205.89070924641874,-4.2781121517674325,UT Sell,-9878.481000761047,90121.51899923895
OSWALSEEDS.NS,2019-07-18 00:00:00+05:30,2019-07-19 00:00:00+05:30,4.383333206176758,4.183332920074463,4144.514013557173,-189.10357699897395,-4.562744301995236,UT Sell,-10067.58457776002,89932.41542223998
URJA.NS,2019-07-15 00:00:00+05:30,2019-07-22 00:00:00+05:30,2.4409689903259277,2.297382116317749,3733.687546844111,-219.62938714064876,-5.882371901373739,UT Sell,-10287.21396490067,89712.78603509933
SUMIT.NS,2019-07-18 00:00:00+05:30,2019-07-23 00:00:00+05:30,24.799999237060547,24.049999237060547,4144.514013557173,-125.33812926585824,-3.0241936414224457,UT Sell,-10412.552094166527,89587.44790583347
SINTERCOM.NS,2019-07-17 00:00:00+05:30,2019-07-24 00:00:00+05:30,63.04999923706055,60.25,4436.45995137107,-197.0195817510339,-4.440918748520328,UT Sell,-10609.571675917561,89390.42832408244
ORIENTLTD.NS,2019-07-18 00:00:00+05:30,2019-07-24 00:00:00+05:30,126.02777862548828,116.58563232421875,4144.514013557174,-310.5117624897516,-7.492115154491752,UT Sell,-10920.083438407313,89079.91656159269
KSCL.NS,2019-07-19 00:00:00+05:30,2019-07-24 00:00:00+05:30,422.1623840332031,423.113037109375,4341.805293724988,9.777163278228727,0.22518658983532447,UT Sell,-10910.306275129085,89089.69372487091
ASAHIINDIA.NS,2019-07-22 00:00:00+05:30,2019-07-25 00:00:00+05:30,197.9117889404297,195.52259826660156,3514.058159703462,-42.4217022513003,-1.2071997765364384,UT Sell,-10952.727977380386,89047.27202261961
SPARC.NS,2019-07-09 00:00:00+05:30,2019-07-29 00:00:00+05:30,118.6500015258789,159.89999389648438,4642.275387462922,1613.9386586803212,34.76611195964323,UT Sell,-9338.789318700065,90661.21068129994
CENTUM.NS,2019-06-27 00:00:00+05:30,2019-07-30 00:00:00+05:30,524.0307006835938,465.94403076171875,5669.486170888269,-628.4394624311608,-11.084592915281766,UT Sell,-9967.228781131225,90032.77121886877
CELEBRITY.NS,2019-07-18 00:00:00+05:30,2019-07-30 00:00:00+05:30,6.150000095367432,7.099999904632568,4144.514013557173,640.2093433042082,15.4471511306274,UT Sell,-9327.019437827017,90672.98056217298
HESTERBIO.NS,2019-07-24 00:00:00+05:30,2019-07-31 00:00:00+05:30,1703.747314453125,1509.83984375,4141.675025896891,-471.37373126469083,-11.381234121878347,UT Sell,-9798.393169091709,90201.60683090829
DANGEE.NS,2019-07-24 00:00:00+05:30,2019-08-01 00:00:00+05:30,9.899999618530273,9.866665840148926,4141.675025896891,-13.945220480857643,-0.33670484510883725,UT Sell,-9812.338389572567,90187.66161042743
HBSL.NS,2019-07-19 00:00:00+05:30,2019-08-01 00:00:00+05:30,7.100094795227051,7.289430141448975,4341.805293724989,115.78115957947739,2.6666594134658883,UT Sell,-9696.55722999309,90303.4427700069
JHS.NS,2019-06-12 00:00:00+05:30,2019-08-02 00:00:00+05:30,22.0,17.450000762939453,5138.632182946277,-1062.762386906379,-20.68181471391157,Stop Loss,-10759.31961689947,89240.68038310052
NMDC.NS,2019-07-10 00:00:00+05:30,2019-08-02 00:00:00+05:30,18.663597106933594,17.34046173095703,4921.0053897178495,-348.8693138413337,-7.089391012866497,UT Sell,-11108.188930740802,88891.8110692592
WSTCSTPAPR.NS,2019-07-18 00:00:00+05:30,2019-08-02 00:00:00+05:30,212.03224182128906,197.74725341796875,4144.514013557173,-279.2232639362601,-6.7371774597187795,UT Sell,-11387.412194677061,88612.58780532294
FCSSOFT.NS,2019-07-24 00:00:00+05:30,2019-08-02 00:00:00+05:30,0.4000000059604645,0.30000001192092896,4141.675025896891,-1035.4186793295153,-24.999998137354872,Stop Loss,-12422.830874006577,87577.16912599342
HLVLTD.NS,2019-06-21 00:00:00+05:30,2019-08-05 00:00:00+05:30,9.0,7.25,4462.470135535375,-867.7025263541004,-19.444444444444443,UT Sell,-13290.533400360677,86709.46659963933
RHFL.NS,2019-06-26 00:00:00+05:30,2019-08-07 00:00:00+05:30,11.699999809265137,8.699999809265137,4610.492392787748,-1182.1775558842496,-25.64102605902886,Stop Loss,-14472.710956244926,85527.28904375507
SINTERCOM.NS,2019-07-31 00:00:00+05:30,2019-08-07 00:00:00+05:30,60.75,58.0,3670.3012946322006,-166.14532609446178,-4.526748971193417,UT Sell,-14638.856282339388,85361.14371766061
SHEMAROO.NS,2019-07-18 00:00:00+05:30,2019-08-08 00:00:00+05:30,335.8548583984375,296.909423828125,4144.514013557173,-480.5942070048827,-11.595912221138704,UT Sell,-15119.45048934427,84880.54951065574
NHPC.NS,2019-08-07 00:00:00+05:30,2019-08-09 00:00:00+05:30,16.12194061279297,15.905534744262695,3466.2354027206184,-46.52750564413509,-1.34230657293547,UT Sell,-15165.977994988405,84834.02200501159
MGL.NS,2019-07-30 00:00:00+05:30,2019-08-09 00:00:00+05:30,657.2780151367188,656.7343139648438,4912.885032659245,-4.063944461900974,-0.0827201213723705,UT Sell,-15170.041939450306,84829.95806054969
CENTUM.NS,2019-08-09 00:00:00+05:30,2019-08-13 00:00:00+05:30,469.2572021484375,435.89813232421875,4164.264492636914,-296.0337941333228,-7.108909500267291,UT Sell,-15466.075733583628,84533.92426641638
SINTERCOM.NS,2019-08-08 00:00:00+05:30,2019-08-13 00:00:00+05:30,60.0,57.150001525878906,3663.91980655229,-174.03609763293434,-4.749997456868494,UT Sell,-15640.111831216562,84359.88816878344
BETA.NS,2019-08-01 00:00:00+05:30,2019-08-13 00:00:00+05:30,82.5,79.5,4292.65812936025,-156.0966592494633,-3.6363636363636376,UT Sell,-15796.208490466026,84203.79150953397
WIPL.NS,2019-07-10 00:00:00+05:30,2019-08-13 00:00:00+05:30,75.71321105957031,82.91495513916016,4921.00538971785,468.07975695478854,9.511872470873794,UT Sell,-15328.128733511237,84671.87126648876
MATRIMONY.NS,2019-07-23 00:00:00+05:30,2019-08-13 00:00:00+05:30,591.0208740234375,550.7468872070312,4019.1758842913146,-273.8790518088322,-6.814308696448701,UT Sell,-15602.00778532007,84397.99221467994
DIAMONDYD.NS,2019-07-16 00:00:00+05:30,2019-08-13 00:00:00+05:30,775.9060668945312,754.5376586914062,4594.058603606908,-126.52010821858312,-2.7539942159041764,UT Sell,-15728.527893538652,84271.47210646135
63MOONS.NS,2019-08-01 00:00:00+05:30,2019-08-13 00:00:00+05:30,93.00275421142578,85.15577697753906,4292.65812936025,-362.1870223044466,-8.437360055002207,UT Sell,-16090.714915843098,83909.2850841569
VIPIND.NS,2019-07-30 00:00:00+05:30,2019-08-14 00:00:00+05:30,377.3424987792969,378.810791015625,4912.885032659245,19.1167201541366,0.3891139325885806,UT Sell,-16071.598195688963,83928.40180431104
FDC.NS,2019-08-05 00:00:00+05:30,2019-08-16 00:00:00+05:30,157.84141540527344,155.0679931640625,3594.767609181275,-63.16345056644104,-1.7570941277293417,UT Sell,-16134.761646255403,83865.2383537446
ALOKINDS.NS,2019-08-13 00:00:00+05:30,2019-08-20 00:00:00+05:30,3.0,2.799999952316284,4146.723922733285,-276.4483274259542,-6.666668256123865,UT Sell,-16411.209973681358,83588.79002631865
SIL.NS,2019-08-13 00:00:00+05:30,2019-08-21 00:00:00+05:30,11.421341896057129,10.659917831420898,4146.723922733284,-276.44872318040643,-6.666677799909737,UT Sell,-16687.658696861763,83312.34130313824
NELCO.NS,2019-08-16 00:00:00+05:30,2019-08-21 00:00:00+05:30,221.92372131347656,208.07183837890625,3531.604158614834,-220.43325105960048,-6.241731551988505,UT Sell,-16908.091947921363,83091.90805207864
ORIENTELEC.NS,2019-07-25 00:00:00+05:30,2019-08-21 00:00:00+05:30,149.6068572998047,147.88063049316406,3471.6364574521617,-40.057200745521186,-1.1538420349151202,UT Sell,-16948.149148666882,83051.85085133312
MIRCELECTR.NS,2019-08-02 00:00:00+05:30,2019-08-22 00:00:00+05:30,12.350000381469727,11.050000190734863,3904.8882420261752,-411.04091519293024,-10.526317008746155,UT Sell,-17359.190063859813,82640.80993614018
PEARLPOLY.NS,2019-08-13 00:00:00+05:30,2019-08-22 00:00:00+05:30,10.0,9.149999618530273,4146.723922733285,-352.47169161729335,-8.500003814697266,UT Sell,-17711.661755477107,82288.33824452289
ZEEL.NS,2019-08-14 00:00:00+05:30,2019-08-22 00:00:00+05:30,323.1651306152344,311.19781494140625,4932.001752813381,-182.63982183790995,-3.703158088573799,UT Sell,-17894.30157731502,82105.69842268497
AKG.NS,2019-08-22 00:00:00+05:30,2019-08-23 00:00:00+05:30,8.85694694519043,8.773913383483887,4012.4871629749027,-37.61692403774714,-0.9374964332560687,UT Sell,-17931.918501352764,82068.08149864724
PIIND.NS,2019-08-22 00:00:00+05:30,2019-08-27 00:00:00+05:30,1122.0728759765625,1098.5543212890625,4012.4871629749023,-84.10139911205533,-2.095991730219071,UT Sell,-18016.01990046482,81983.98009953518
63MOONS.NS,2019-08-21 00:00:00+05:30,2019-08-28 00:00:00+05:30,90.63472747802734,112.03975677490234,3537.6751212715835,835.4859304012571,23.616807698863806,UT Sell,-17180.533970063563,82819.46602993643
PPAP.NS,2019-08-09 00:00:00+05:30,2019-08-28 00:00:00+05:30,159.7615203857422,167.28152465820312,4164.264492636914,196.01269880680047,4.707018469969482,UT Sell,-16984.521271256763,83015.47872874324
AKG.NS,2019-08-28 00:00:00+05:30,2019-08-29 00:00:00+05:30,8.939981460571289,8.746234893798828,4366.719121558277,-94.63518930021473,-2.1671920420300306,UT Sell,-17079.156460556977,82920.84353944303
SINTERCOM.NS,2019-08-21 00:00:00+05:30,2019-08-29 00:00:00+05:30,59.95000076293945,59.5,3537.675121271584,-26.554737003243645,-0.7506267843413239,UT Sell,-17105.71119756022,82894.28880243978
ORIENTLTD.NS,2019-08-02 00:00:00+05:30,2019-08-29 00:00:00+05:30,112.90816497802734,110.3239974975586,3904.8882420261757,-89.37250208496971,-2.288733929004727,UT Sell,-17195.08369964519,82804.91630035482
INCREDIBLE.NS,2019-08-13 00:00:00+05:30,2019-08-30 00:00:00+05:30,84.44999694824219,83.80000305175781,4146.723922733284,-31.916463440896223,-0.7696790052967639,UT Sell,-17227.000163086086,82772.99983691392
PRITI.NS,2019-07-19 00:00:00+05:30,2019-09-04 00:00:00+05:30,23.449785232543945,22.426977157592773,4341.805293724989,-189.37629791698964,-4.361694850542619,UT Sell,-17416.376461003078,82583.62353899692
ACCURACY.NS,2019-08-13 00:00:00+05:30,2019-09-04 00:00:00+05:30,2.765939712524414,3.6929032802581787,4146.723922733284,1389.7128648243697,33.5135130941717,UT Sell,-16026.663596178707,83973.33640382129
MASKINVEST.NS,2019-07-29 00:00:00+05:30,2019-09-05 00:00:00+05:30,45.0,44.0,6256.214046143243,-139.02697880318374,-2.2222222222222254,UT Sell,-16165.69057498189,83834.30942501812
PVP.NS,2019-08-13 00:00:00+05:30,2019-09-09 00:00:00+05:30,1.9500000476837158,1.899999976158142,4146.723922733284,-106.32640392996609,-2.5641061693801315,UT Sell,-16272.016978911857,83727.98302108815
SINTERCOM.NS,2019-09-09 00:00:00+05:30,2019-09-12 00:00:00+05:30,60.849998474121094,60.0,4040.397518803318,-56.43930668767507,-1.3968750952107034,UT Sell,-16328.456285599532,83671.54371440047
EXCEL.NS,2019-08-27 00:00:00+05:30,2019-09-13 00:00:00+05:30,0.06666599959135056,0.08666600286960602,3928.385763862847,1178.5277148338537,30.000305104328362,UT Sell,-15149.928570765678,84850.07142923432
MCL.NS,2019-08-28 00:00:00+05:30,2019-09-17 00:00:00+05:30,117.0,116.5,4366.719121558277,-18.661192827172272,-0.42735042735042583,UT Sell,-15168.58976359285,84831.41023640714
SOLARA.NS,2019-08-07 00:00:00+05:30,2019-09-18 00:00:00+05:30,370.3865966796875,435.06903076171875,3466.2354027206184,605.325746015515,17.463492108481727,UT Sell,-14563.264017577336,85436.73598242266
OMAXE.NS,2019-08-22 00:00:00+05:30,2019-09-18 00:00:00+05:30,196.72918701171875,191.0500030517578,4012.4871629749023,-115.83259749941817,-2.8868029427797315,UT Sell,-14679.096615076754,85320.90338492325
INFY.NS,2019-08-20 00:00:00+05:30,2019-09-19 00:00:00+05:30,672.7163696289062,696.434326171875,3870.2755953073306,136.45428076835606,3.525699330915999,UT Sell,-14542.642334308399,85457.3576656916
ZEEL.NS,2019-08-23 00:00:00+05:30,2019-09-19 00:00:00+05:30,332.19976806640625,292.18255615234375,3974.8702389371556,-478.8179883697326,-12.046128793823573,UT Sell,-15021.460322678131,84978.53967732187
SPARC.NS,2019-08-29 00:00:00+05:30,2019-09-19 00:00:00+05:30,153.35000610351562,153.1999969482422,3866.2400188225365,-3.78201093070993,-0.09782142113002879,UT Sell,-15025.242333608841,84974.75766639116
VGUARD.NS,2019-09-12 00:00:00+05:30,2019-09-19 00:00:00+05:30,218.9738006591797,212.00755310058594,3983.9582121156427,-126.74228188552343,-3.18131554442731,UT Sell,-15151.984615494364,84848.01538450563
EIFFL.NS,2019-09-19 00:00:00+05:30,2019-09-23 00:00:00+05:30,94.0,88.5999984741211,3805.6140161912635,-218.62044142913783,-5.744682474339258,UT Sell,-15370.605056923501,84629.3949430765
GLOBE.NS,2019-08-29 00:00:00+05:30,2019-09-24 00:00:00+05:30,1.3434040546417236,0.9829779863357544,3866.2400188225365,-1037.285606141064,-26.829312228188286,Stop Loss,-16407.890663064565,83592.10933693543
WEIZMANIND.NS,2019-09-19 00:00:00+05:30,2019-09-25 00:00:00+05:30,15.022040367126465,14.304075241088867,3805.614016191264,-181.88595423857623,-4.779411507965047,UT Sell,-16589.77661730314,83410.22338269686
MASKINVEST.NS,2019-09-23 00:00:00+05:30,2019-09-25 00:00:00+05:30,47.0,44.650001525878906,3586.9935747621257,-179.34956228453575,-4.999996753449132,UT Sell,-16769.126179587678,83230.87382041232
GUJALKALI.NS,2019-09-04 00:00:00+05:30,2019-09-25 00:00:00+05:30,365.0797119140625,413.3952941894531,4844.432891682826,641.1246320113423,13.234255615596568,UT Sell,-16128.001547576336,83871.99845242366
CENTUM.NS,2019-09-05 00:00:00+05:30,2019-09-30 00:00:00+05:30,378.2470397949219,407.9696044921875,6117.187067340059,480.68714159103456,7.8579768167863495,UT Sell,-15647.3144059853,84352.6855940147
DELTAMAGNT.NS,2019-09-19 00:00:00+05:30,2019-09-30 00:00:00+05:30,40.400001525878906,39.900001525878906,3805.6140161912635,-47.09918158980145,-1.2376237156320857,UT Sell,-15694.413587575102,84305.58641242489
DOLLAR.NS,2019-09-25 00:00:00+05:30,2019-09-30 00:00:00+05:30,204.12130737304688,186.2243194580078,4172.309866041483,-365.82060056020737,-8.767819560517998,UT Sell,-16060.23418813531,83939.7658118647
ORISSAMINE.NS,2019-09-25 00:00:00+05:30,2019-09-30 00:00:00+05:30,878.0999755859375,820.1500244140625,4172.309866041482,-275.35036981375424,-6.599470764499937,UT Sell,-16335.584557949063,83664.41544205093
RUSHIL.NS,2019-08-13 00:00:00+05:30,2019-10-01 00:00:00+05:30,12.908284187316895,10.100688934326172,4146.723922733284,-901.9264088071645,-21.750336545497973,Stop Loss,-17237.51096675623,82762.48903324376
DIAMONDYD.NS,2019-08-30 00:00:00+05:30,2019-10-01 00:00:00+05:30,784.5326538085938,878.8531494140625,4114.807459292388,494.7030273340624,12.02250730388088,UT Sell,-16742.807939422164,83257.19206057783
TOTAL.NS,2019-09-19 00:00:00+05:30,2019-10-01 00:00:00+05:30,26.327241897583008,27.594852447509766,3805.6140161912635,183.23364424725605,4.814824716003119,UT Sell,-16559.57429517491,83440.42570482509
DANGEE.NS,2019-09-30 00:00:00+05:30,2019-10-03 00:00:00+05:30,9.59333324432373,9.399999618530273,4514.959451310389,-90.98959233473488,-2.0152914619936735,UT Sell,-16650.563887509645,83349.43611249035
SUPERSPIN.NS,2019-08-21 00:00:00+05:30,2019-10-04 00:00:00+05:30,4.25,3.3499999046325684,3537.6751212715835,-749.1548109466858,-21.176472832174863,Stop Loss,-17399.71869845633,82600.28130154367
AHLADA.NS,2019-09-30 00:00:00+05:30,2019-10-04 00:00:00+05:30,50.26365661621094,42.33677291870117,4514.959451310389,-712.0365066708491,-15.770606898013073,UT Sell,-18111.755205127178,81888.24479487282
CONCOR.NS,2019-09-13 00:00:00+05:30,2019-10-07 00:00:00+05:30,492.5606689453125,530.96240234375,5106.913478696701,398.1526383698574,7.79634587565925,UT Sell,-17713.60256675732,82286.39743324267
ENIL.NS,2019-09-17 00:00:00+05:30,2019-10-09 00:00:00+05:30,339.39678955078125,268.0329895019531,4348.057928731105,-914.2512427338725,-21.02665736564091,Stop Loss,-18627.853809491193,81372.1461905088
URJA.NS,2019-09-30 00:00:00+05:30,2019-10-09 00:00:00+05:30,1.7230370044708252,1.6751739978790283,4514.959451310389,-125.41781367378917,-2.777828129494897,UT Sell,-18753.271623164983,81246.72837683502
NITIRAJ.NS,2019-09-25 00:00:00+05:30,2019-10-14 00:00:00+05:30,73.43428039550781,75.01351165771484,4172.309866041482,89.72706126593403,2.1505368524093793,UT Sell,-18663.54456189905,81336.45543810095
PKTEA.NS,2019-09-04 00:00:00+05:30,2019-10-15 00:00:00+05:30,109.93212127685547,113.47672271728516,4844.432891682826,156.20169616011208,3.2243546283464264,UT Sell,-18507.342865738938,81492.65713426107
RPOWER.NS,2019-10-01 00:00:00+05:30,2019-10-15 00:00:00+05:30,2.549999952316284,2.0,3947.718553663696,-851.46864975464,-21.568625984353197,Stop Loss,-19358.811515493577,80641.18848450642
EXCEL.NS,2019-10-09 00:00:00+05:30,2019-10-16 00:00:00+05:30,0.07000000029802322,0.05999999865889549,3911.6741618169162,-558.8106837623454,-14.28571656650426,UT Sell,-19917.622199255922,80082.37780074409
SHIVAMILLS.NS,2019-10-15 00:00:00+05:30,2019-10-17 00:00:00+05:30,32.245643615722656,31.02421760559082,4048.4422458759973,-153.35009958425553,-3.787879146367168,UT Sell,-20070.972298840177,79929.02770115982
RKDL.NS,2019-06-21 00:00:00+05:30,2019-10-18 00:00:00+05:30,7.349999904632568,6.0,4462.470135535375,-819.6373245666869,-18.3673458795787,UT Sell,-20890.609623406865,79109.39037659313
INFY.NS,2019-09-30 00:00:00+05:30,2019-10-22 00:00:00+05:30,683.6630859375,546.1073608398438,4514.959451310389,-908.4277532110218,-20.12039671690443,Stop Loss,-21799.037376617885,78200.96262338212
LTTS.NS,2019-10-03 00:00:00+05:30,2019-10-22 00:00:00+05:30,1479.6551513671875,1371.5181884765625,4423.9698589756545,-323.3149724293944,-7.308254412570891,UT Sell,-22122.35234904728,77877.64765095271
PPAP.NS,2019-10-14 00:00:00+05:30,2019-10-22 00:00:00+05:30,189.76405334472656,155.5474090576172,4262.036927307416,-768.4943428947631,-18.031151677051927,UT Sell,-22890.846691942043,77109.15330805795
ASAHIINDIA.NS,2019-10-16 00:00:00+05:30,2019-10-24 00:00:00+05:30,185.3750457763672,198.0666046142578,3352.863478054571,229.55119945582828,6.846422497018012,UT Sell,-22661.295492486213,77338.70450751379
TIL.NS,2019-10-17 00:00:00+05:30,2019-10-25 00:00:00+05:30,194.39999389648438,188.5500030517578,3895.0921462917418,-117.21324130959829,-3.0092546442370804,UT Sell,-22778.50873379581,77221.49126620419
TTL.NS,2019-08-02 00:00:00+05:30,2019-10-29 00:00:00+05:30,3.661731481552124,4.153899669647217,3904.8882420261752,524.8505469268384,13.44085961995427,UT Sell,-22253.658186868972,77746.34181313103
WIPL.NS,2019-10-25 00:00:00+05:30,2019-10-30 00:00:00+05:30,56.0140266418457,53.62026596069336,3777.8789049821435,-161.4477394871883,-4.273502236248927,UT Sell,-22415.105926356162,77584.89407364384
ASIANPAINT.NS,2019-10-29 00:00:00+05:30,2019-11-01 00:00:00+05:30,1722.2490234375,1679.8797607421875,4429.738788953014,-108.9765555774029,-2.460112452887109,UT Sell,-22524.082481933565,77475.91751806643
NSIL.NS,2019-10-22 00:00:00+05:30,2019-11-07 00:00:00+05:30,835.4000244140625,807.5499877929688,3733.5763896860935,-124.46760371277105,-3.333736630020734,UT Sell,-22648.550085646337,77351.44991435367
DANGEE.NS,2019-10-07 00:00:00+05:30,2019-11-11 00:00:00+05:30,9.466666221618652,9.466666221618652,5505.066117066558,0.0,0.0,UT Sell,-22648.550085646337,77351.44991435367
ENIL.NS,2019-10-18 00:00:00+05:30,2019-11-13 00:00:00+05:30,253.86558532714844,232.75796508789062,3642.8328109686886,-302.88284829921895,-8.314486665081876,UT Sell,-22951.432933945554,77048.56706605444
HONDAPOWER.NS,2019-10-01 00:00:00+05:30,2019-11-15 00:00:00+05:30,994.9842529296875,1139.962158203125,3947.7185536636966,575.217110053793,14.570874347664953,UT Sell,-22376.215823891762,77623.78417610824
VGUARD.NS,2019-10-30 00:00:00+05:30,2019-11-15 00:00:00+05:30,243.0389862060547,223.35813903808594,3616.431165494955,-292.8519007285595,-8.097814871266296,UT Sell,-22669.06772462032,77330.93227537969
VASCONEQ.NS,2019-10-01 00:00:00+05:30,2019-11-20 00:00:00+05:30,12.691244125366211,12.392626762390137,3947.718553663696,-92.88745001056031,-2.3529400272052303,UT Sell,-22761.95517463088,77238.04482536911
NESCO.NS,2019-10-15 00:00:00+05:30,2019-11-21 00:00:00+05:30,569.9874877929688,595.4478759765625,4048.4422458759973,180.83714700120254,4.466832821572653,UT Sell,-22581.118027629676,77418.88197237032
DIAMONDYD.NS,2019-10-24 00:00:00+05:30,2019-11-21 00:00:00+05:30,897.46875,890.76708984375,3582.414677510399,-26.750932227374506,-0.7467290817925409,UT Sell,-22607.86895985705,77392.13104014295
SAKUMA.NS,2019-08-29 00:00:00+05:30,2019-11-21 00:00:00+05:30,1.5453442335128784,1.2720171213150024,3866.2400188225365,-683.8270700414914,-17.687134443602147,UT Sell,-23291.69602989854,76708.30397010146
ENIL.NS,2019-11-15 00:00:00+05:30,2019-11-21 00:00:00+05:30,237.83145141601562,219.73922729492188,3923.2574642419427,-298.44855634194437,-7.6071621366203495,UT Sell,-23590.144586240483,76409.85541375952
KRITIKA.NS,2019-11-21 00:00:00+05:30,2019-11-27 00:00:00+05:30,2.292140483856201,2.2987656593322754,3648.0412487103167,10.544254851256483,0.28903880555035677,UT Sell,-23579.60033138923,76420.39966861077
PANAMAPET.NS,2019-11-21 00:00:00+05:30,2019-11-28 00:00:00+05:30,57.68358612060547,53.32843017578125,3648.0412487103167,-275.429972367986,-7.550078345889267,UT Sell,-23855.030303757216,76144.96969624278
BALAMINES.NS,2019-11-21 00:00:00+05:30,2019-12-02 00:00:00+05:30,331.0667419433594,340.05389404296875,3648.0412487103167,99.0298855613155,2.7146043262620934,UT Sell,-23756.0004181959,76243.99958180409
VGUARD.NS,2019-11-27 00:00:00+05:30,2019-12-02 00:00:00+05:30,229.54495239257812,226.23231506347656,3658.585503561573,-52.79822877603738,-1.443132290461413,UT Sell,-23808.79864697194,76191.20135302807
SINTERCOM.NS,2019-11-15 00:00:00+05:30,2019-12-04 00:00:00+05:30,67.25,68.0,3923.2574642419427,43.75380071645304,1.1152416356877248,UT Sell,-23765.044846255485,76234.95515374452
ORIENTELEC.NS,2019-09-18 00:00:00+05:30,2019-12-06 00:00:00+05:30,151.18922424316406,183.220458984375,3984.1078571058088,844.0806191320153,21.186188963899788,UT Sell,-22920.96422712347,77079.03577287652
SHRENIK.NS,2019-10-22 00:00:00+05:30,2019-12-06 00:00:00+05:30,9.12827205657959,7.095157623291016,3733.5763896860935,-831.5689977913025,-22.27271953209502,Stop Loss,-23752.533224914772,76247.46677508522
PIONEEREMB.NS,2019-11-28 00:00:00+05:30,2019-12-06 00:00:00+05:30,25.185962677001953,25.976110458374023,3372.6112763423307,105.80740357666309,3.137254634676223,UT Sell,-23646.72582133811,76353.27417866189
WIPL.NS,2019-12-04 00:00:00+05:30,2019-12-06 00:00:00+05:30,53.62026596069336,51.705257415771484,3967.0112649583957,-141.67890319241542,-3.5714267928579124,UT Sell,-23788.404724530526,76211.59527546947
SOLARA.NS,2019-11-13 00:00:00+05:30,2019-12-09 00:00:00+05:30,427.38055419921875,431.9440612792969,3339.9499626694696,35.663497442712014,1.0677853812578686,UT Sell,-23752.741227087816,76247.25877291219
GALAXYSURF.NS,2019-12-06 00:00:00+05:30,2019-12-10 00:00:00+05:30,1376.193603515625,1303.8824462890625,3758.4867274543976,-197.48712970952056,-5.254432010280851,UT Sell,-23950.228356797335,76049.77164320266
IGPL.NS,2019-10-22 00:00:00+05:30,2019-12-11 00:00:00+05:30,143.07144165039062,118.41968536376953,3733.5763896860935,-643.3094835301322,-17.230382249771502,UT Sell,-24593.537840327466,75406.46215967253
SINTERCOM.NS,2019-12-06 00:00:00+05:30,2019-12-11 00:00:00+05:30,69.6500015258789,68.0,3758.4867274543976,-89.03817228189382,-2.368989935005006,UT Sell,-24682.57601260936,75317.42398739065
VAISHALI.NS,2019-12-02 00:00:00+05:30,2019-12-12 00:00:00+05:30,2.6050000190734863,2.5999999046325684,3676.429204528584,-7.056647455654911,-0.19194297137458127,UT Sell,-24689.632660065014,75310.36733993498
SALONA.NS,2019-04-10 00:00:00+05:30,2019-12-12 00:00:00+05:30,68.78617858886719,60.80022430419922,4592.386186865405,-533.1679546417399,-11.609824020607052,UT Sell,-25222.800614706754,74777.19938529325
MASKINVEST.NS,2019-11-01 00:00:00+05:30,2019-12-12 00:00:00+05:30,44.5,43.0,4320.762233375611,-145.64367078794203,-3.3707865168539297,UT Sell,-25368.444285494697,74631.5557145053
IFBIND.NS,2019-12-11 00:00:00+05:30,2019-12-13 00:00:00+05:30,646.7999877929688,598.0999755859375,3379.857730664233,-254.48224466272404,-7.529377415916006,UT Sell,-25622.92653015742,74377.07346984258
ARENTERP.NS,2019-12-12 00:00:00+05:30,2019-12-13 00:00:00+05:30,9.399999618530273,9.0,3967.9031172947543,-168.84678698860898,-4.2553152634363105,UT Sell,-25791.773317146028,74208.22668285397
ASTRAL.NS,2019-11-07 00:00:00+05:30,2019-12-16 00:00:00+05:30,606.9074096679688,635.5426025390625,3609.1087859733225,170.28549088838008,4.71821441210607,UT Sell,-25621.487826257646,74378.51217374235
PKTEA.NS,2019-11-20 00:00:00+05:30,2019-12-20 00:00:00+05:30,124.35670471191406,129.87051391601562,3854.831103653136,170.91803187306004,4.433865642286761,UT Sell,-25450.569794384584,74549.43020561541
SWANCORP.NS,2019-09-24 00:00:00+05:30,2019-12-20 00:00:00+05:30,109.49862670898438,101.17153930664062,2828.9544126814726,-215.13466752649038,-7.604741404177362,UT Sell,-25665.704461911075,74334.29553808892
LYKALABS.NS,2019-11-11 00:00:00+05:30,2019-12-20 00:00:00+05:30,17.549999237060547,21.100000381469727,5505.066117066558,1113.5607900406803,20.227927628125464,UT Sell,-24552.143671870395,75447.85632812961
HONAUT.NS,2019-12-12 00:00:00+05:30,2019-12-23 00:00:00+05:30,25872.12890625,26640.234375,3967.9031172947543,117.80120974613737,2.9688529750810266,UT Sell,-24434.34246212426,75565.65753787574
ARVINDFASN.NS,2019-12-10 00:00:00+05:30,2019-12-23 00:00:00+05:30,243.51634216308594,292.8971862792969,3560.999597744877,722.1082760694717,20.278246493674736,UT Sell,-23712.23418605479,76287.76581394521
NHPC.NS,2019-10-04 00:00:00+05:30,2019-12-23 00:00:00+05:30,16.85866928100586,17.714630126953125,3295.721627482219,167.33282000167856,5.077274081837824,UT Sell,-23544.901366053113,76455.09863394688
URJA.NS,2019-12-09 00:00:00+05:30,2019-12-23 00:00:00+05:30,1.6751739978790283,1.7230370044708252,3375.6134601121817,96.44789705264702,2.857196127231987,UT Sell,-23448.453469000466,76551.54653099953
LT.NS,2019-12-13 00:00:00+05:30,2019-12-26 00:00:00+05:30,1187.974609375,1164.3118896484375,3462.215908153827,-68.96228591164208,-1.9918539958536319,UT Sell,-23517.41575491211,76482.5842450879
SINTERCOM.NS,2019-12-20 00:00:00+05:30,2019-12-26 00:00:00+05:30,70.0,69.0,4419.398595929472,-63.13426565613554,-1.4285714285714235,UT Sell,-23580.550020568244,76419.44997943175
SWSOLAR.NS,2019-12-06 00:00:00+05:30,2020-01-03 00:00:00+05:30,265.8799133300781,309.2034606933594,3758.4867274543976,612.4230135015396,16.2944040490554,UT Sell,-22968.127007066705,77031.87299293329
ASIANPAINT.NS,2019-12-11 00:00:00+05:30,2020-01-03 00:00:00+05:30,1653.1080322265625,1665.6619873046875,3379.857730664233,25.66715622575657,0.7594152852319125,UT Sell,-22942.459850840947,77057.54014915906
SALONA.NS,2019-12-16 00:00:00+05:30,2020-01-03 00:00:00+05:30,65.05574798583984,61.289363861083984,3779.3942768617026,-218.80696243264174,-5.78947170905737,UT Sell,-23161.26681327359,76838.73318672641
NELCO.NS,2019-10-09 00:00:00+05:30,2020-01-06 00:00:00+05:30,232.20249938964844,224.8605194091797,3911.6741618169162,-123.68270566280171,-3.1618867151591235,UT Sell,-23284.94951893639,76715.0504810636
RADIOCITY.NS,2019-12-20 00:00:00+05:30,2020-01-06 00:00:00+05:30,22.959999084472656,21.760000228881836,4419.398595929471,-230.97880962467116,-5.226476060281526,UT Sell,-23515.92832856106,76484.07167143894
IGARASHI.NS,2019-10-04 00:00:00+05:30,2020-01-06 00:00:00+05:30,187.73582458496094,317.7219543457031,3295.721627482219,2281.9198204299796,69.23885201351978,UT Sell,-21234.008508131083,78765.99149186892
KIOCL.NS,2019-08-02 00:00:00+05:30,2020-01-06 00:00:00+05:30,114.04686737060547,111.57828521728516,3904.8882420261757,-84.52259713238436,-2.164533064550067,UT Sell,-21318.531105263468,78681.46889473654
BSHSL.NS,2020-01-06 00:00:00+05:30,2020-01-08 00:00:00+05:30,8.32500171661377,8.175002098083496,4343.604583816226,-78.2629304830698,-1.801796848052617,UT Sell,-21396.794035746538,78603.20596425346
TOUCHWOOD.NS,2020-01-06 00:00:00+05:30,2020-01-14 00:00:00+05:30,82.00376892089844,88.60577392578125,4343.604583816226,349.6973319512699,8.050855578663917,UT Sell,-21047.09670379527,78952.90329620473
IFBIND.NS,2020-01-03 00:00:00+05:30,2020-01-15 00:00:00+05:30,696.8499755859375,665.9500122070312,3779.007314091662,-167.5700533904237,-4.43423469347537,UT Sell,-21214.666757185692,78785.3332428143
WIPL.NS,2020-01-06 00:00:00+05:30,2020-01-15 00:00:00+05:30,53.62026596069336,51.37013244628906,4343.604583816226,-182.27604940508263,-4.1964236358949965,UT Sell,-21396.942806590774,78603.05719340923
NELCO.NS,2020-01-14 00:00:00+05:30,2020-01-16 00:00:00+05:30,243.55812072753906,237.5376739501953,4693.301915767496,-116.01245037315948,-2.4718727338509217,UT Sell,-21512.955256963935,78487.04474303607
EVERESTIND.NS,2019-12-23 00:00:00+05:30,2020-01-20 00:00:00+05:30,241.67605590820312,288.8031311035156,3825.982001375992,746.0703576826227,19.500101082919443,UT Sell,-20766.88489928131,79233.11510071869
ASAHIINDIA.NS,2019-12-26 00:00:00+05:30,2020-01-20 00:00:00+05:30,196.59654235839844,238.3953399658203,3874.758976257761,823.8205223919113,21.26120688899098,UT Sell,-19943.0643768894,80056.93562311059
SIS.NS,2019-12-23 00:00:00+05:30,2020-01-20 00:00:00+05:30,458.40185546875,493.11517333984375,3825.9820013759913,289.72947600100315,7.572682670666064,UT Sell,-19653.334900888396,80346.6650991116
PKTEA.NS,2020-01-15 00:00:00+05:30,2020-01-22 00:00:00+05:30,140.6028289794922,129.3782196044922,3886.382897556191,-310.2578392153946,-7.9832030809544925,UT Sell,-19963.59274010379,80036.40725989621
KHANDSE.NS,2020-01-20 00:00:00+05:30,2020-01-28 00:00:00+05:30,14.050000190734863,14.0,4462.114445028428,-15.879471195974475,-0.35587323883337074,UT Sell,-19979.472211299766,80020.52778870023
NHPC.NS,2020-01-20 00:00:00+05:30,2020-01-29 00:00:00+05:30,20.133642196655273,19.463762283325195,4462.114445028427,-148.46200247867182,-3.3271670708510115,UT Sell,-20127.934213778437,79872.06578622156
FLFL.NS,2019-11-21 00:00:00+05:30,2020-01-30 00:00:00+05:30,415.0,406.75,3648.0412487103167,-72.52130193219318,-1.987951807228916,UT Sell,-20200.45551571063,79799.54448428936
VGUARD.NS,2019-12-13 00:00:00+05:30,2020-01-30 00:00:00+05:30,211.95883178710938,217.0738983154297,3462.215908153827,83.5514357023967,2.413235855846696,UT Sell,-20116.904080008233,79883.09591999177
LALPATHLAB.NS,2019-12-26 00:00:00+05:30,2020-01-30 00:00:00+05:30,712.3221435546875,822.8683471679688,3874.758976257761,601.3289052116834,15.519130580670225,UT Sell,-19515.575174796548,80484.42482520346
NESCO.NS,2020-01-08 00:00:00+05:30,2020-01-30 00:00:00+05:30,654.4854736328125,698.0147705078125,4265.3416533331565,283.68440642489713,6.650918718391807,UT Sell,-19231.89076837165,80768.10923162835
ENIL.NS,2019-12-02 00:00:00+05:30,2020-02-03 00:00:00+05:30,230.07763671875,234.3374481201172,3676.429204528584,68.06787163288845,1.8514669492083025,UT Sell,-19163.822896738762,80836.17710326123
SCHNEIDER.NS,2019-12-23 00:00:00+05:30,2020-02-03 00:00:00+05:30,63.54999923706055,75.69999694824219,3825.982001375992,731.4818743952292,19.118800719191988,UT Sell,-18432.341022343535,81567.65897765647
MCL.NS,2020-01-15 00:00:00+05:30,2020-02-03 00:00:00+05:30,112.0999984741211,102.44999694824219,3886.382897556191,-334.55487423779823,-8.608386848557059,UT Sell,-18766.895896581333,81233.10410341866
SINTERCOM.NS,2020-01-16 00:00:00+05:30,2020-02-04 00:00:00+05:30,75.3499984741211,80.0,4577.289465394337,282.4738344989246,6.171203211737208,UT Sell,-18484.42206208241,81515.5779379176
JUBLFOOD.NS,2020-01-30 00:00:00+05:30,2020-02-06 00:00:00+05:30,361.5423583984375,367.5699157714844,4036.600307965461,67.29734257446762,1.6671787504368263,UT Sell,-18417.12471950794,81582.87528049207
BETA.NS,2020-01-28 00:00:00+05:30,2020-02-10 00:00:00+05:30,73.5,62.900001525878906,4446.234973832454,-641.2256318123518,-14.421766631457267,UT Sell,-19058.350351320292,80941.64964867971
SINTERCOM.NS,2020-02-06 00:00:00+05:30,2020-02-10 00:00:00+05:30,80.25,79.0,4103.897650539929,-63.923639416510014,-1.5576323987538943,UT Sell,-19122.2739907368,80877.72600926319
SANGINITA.NS,2019-09-18 00:00:00+05:30,2020-02-11 00:00:00+05:30,92.64762115478516,167.01904296875,3984.1078571058088,3198.179967277485,80.2734283805447,UT Sell,-15924.094023459316,84075.90597654069
ABB.NS,2020-01-03 00:00:00+05:30,2020-02-12 00:00:00+05:30,1286.682373046875,1240.1680908203125,3779.007314091662,-136.6132127291521,-3.6150555258184114,UT Sell,-16060.707236188468,83939.29276381154
TCIFINANCE.NS,2019-12-06 00:00:00+05:30,2020-02-17 00:00:00+05:30,8.449999809265137,6.449999809265137,3758.4867274543976,-889.5826774654706,-23.668639587507066,Stop Loss,-16950.289913653938,83049.71008634607
CENTRUM.NS,2020-01-30 00:00:00+05:30,2020-02-17 00:00:00+05:30,24.950000762939453,19.200000762939453,4036.600307965461,-930.2785996414896,-23.0460914796484,Stop Loss,-17880.568513295428,82119.43148670458
GSS.NS,2020-01-03 00:00:00+05:30,2020-02-18 00:00:00+05:30,32.349998474121094,39.5,3779.0073140916625,835.2367646532643,22.102015032855917,UT Sell,-17045.331748642162,82954.66825135784
ASAHIINDIA.NS,2020-02-03 00:00:00+05:30,2020-02-18 00:00:00+05:30,255.6440887451172,240.69845581054688,3951.262991750362,-231.0013370249735,-5.846265801777029,UT Sell,-17276.333085667135,82723.66691433286
SALONA.NS,2020-02-04 00:00:00+05:30,2020-02-20 00:00:00+05:30,74.88748168945312,62.51222229003906,4859.763299893261,-803.0825726698408,-16.52513760675297,UT Sell,-18079.415658336977,81920.58434166302
CASTROLIND.NS,2020-02-03 00:00:00+05:30,2020-02-20 00:00:00+05:30,107.28163146972656,112.53089904785156,3951.262991750362,193.3344639813131,4.892978887635824,UT Sell,-17886.081194355662,82113.91880564434
ASIANPAINT.NS,2020-02-03 00:00:00+05:30,2020-02-20 00:00:00+05:30,1776.220703125,1752.0643310546875,3951.262991750362,-53.736666174676884,-1.3599870797481928,UT Sell,-17939.81786053034,82060.18213946966
SOLARA.NS,2019-12-23 00:00:00+05:30,2020-02-26 00:00:00+05:30,435.01947021484375,670.584716796875,3825.982001375992,2071.7886331097734,54.15050652001674,UT Sell,-15868.029227420568,84131.97077257943
MUTHOOTCAP.NS,2020-02-17 00:00:00+05:30,2020-02-26 00:00:00+05:30,595.8499755859375,541.75,2987.6128791564493,-271.25919349691276,-9.079462583301702,UT Sell,-16139.28842091748,83860.71157908252
MANAPPURAM.NS,2020-02-17 00:00:00+05:30,2020-02-27 00:00:00+05:30,150.4835205078125,153.7908477783203,2987.6128791564493,65.66176492688783,2.19780030354626,UT Sell,-16073.626655990593,83926.37334400941
UNIENTER.NS,2020-01-06 00:00:00+05:30,2020-02-28 00:00:00+05:30,59.55546569824219,55.89854431152344,4343.604583816226,-266.71306003196923,-6.140362339281791,UT Sell,-16340.339716022561,83659.66028397744
BALAMINES.NS,2020-02-10 00:00:00+05:30,2020-02-28 00:00:00+05:30,424.0471496582031,397.2800598144531,3922.4916765717603,-247.59908704205782,-6.31229094814697,UT Sell,-16587.93880306462,83412.06119693538
ASTERDM.NS,2020-02-12 00:00:00+05:30,2020-02-28 00:00:00+05:30,134.13198852539062,122.65221405029297,3642.39410136251,-311.7366952712582,-8.558565783824623,UT Sell,-16899.675498335877,83100.32450166412
NELCO.NS,2020-02-20 00:00:00+05:30,2020-02-28 00:00:00+05:30,231.32147216796875,218.2527313232422,4032.9348361769266,-227.84473799040734,-5.649601276632454,UT Sell,-17127.520236326283,82872.47976367372
SILLYMONKS.NS,2020-02-26 00:00:00+05:30,2020-02-28 00:00:00+05:30,42.48823547363281,34.01995849609375,4307.062160072651,-858.4351626842076,-19.930874707174585,UT Sell,-17985.95539901049,82014.04460098951
ZODIAC.NS,2020-02-28 00:00:00+05:30,2020-03-02 00:00:00+05:30,9.332396507263184,8.8832426071167,3667.231722996034,-176.4982263497527,-4.812846301557361,UT Sell,-18162.453625360242,81837.54637463976
WIPL.NS,2020-02-28 00:00:00+05:30,2020-03-03 00:00:00+05:30,47.8752326965332,46.9177360534668,3667.2317229960345,-73.34402082957604,-1.9999832672055962,UT Sell,-18235.797646189818,81764.20235381018
ARVINDFASN.NS,2020-02-11 00:00:00+05:30,2020-03-04 00:00:00+05:30,281.2239685058594,249.62908935546875,7182.287824383294,-806.9138524726577,-11.234774659590341,UT Sell,-19042.711498662477,80957.28850133752
MAHLOG.NS,2020-02-20 00:00:00+05:30,2020-03-04 00:00:00+05:30,406.41741943359375,344.6505126953125,4032.934836176927,-612.921341449558,-15.197898462217264,UT Sell,-19655.632840112034,80344.36715988797
HIKAL.NS,2019-12-12 00:00:00+05:30,2020-03-06 00:00:00+05:30,110.04884338378906,112.66163635253906,3967.9031172947543,94.20643640382104,2.3742121120146953,UT Sell,-19561.426403708214,80438.57359629178
TTL.NS,2020-01-30 00:00:00+05:30,2020-03-06 00:00:00+05:30,4.6460676193237305,3.7355568408966064,4036.6003079654606,-791.0707268483056,-19.597449994919693,UT Sell,-20352.49713055652,79647.50286944347
LMW.NS,2020-02-26 00:00:00+05:30,2020-03-06 00:00:00+05:30,3191.87158203125,3120.21533203125,4307.062160072651,-96.6918358010189,-2.2449603049004674,UT Sell,-20449.18896635754,79550.81103364246
DICIND.NS,2020-02-28 00:00:00+05:30,2020-03-06 00:00:00+05:30,381.8255615234375,325.9843444824219,3667.2317229960345,-536.3252312560253,-14.624797988436388,UT Sell,-20985.514197613564,79014.48580238644
WORTHPERI.NS,2020-03-06 00:00:00+05:30,2020-03-09 00:00:00+05:30,38.330047607421875,34.08489227294922,3662.2289877068433,-405.60165962887504,-11.075267575849978,UT Sell,-21391.11585724244,78608.88414275757
DANGEE.NS,2020-03-04 00:00:00+05:30,2020-03-09 00:00:00+05:30,8.666666030883789,8.466666221618652,4897.693733319003,-113.02360204169145,-2.3076902761965723,UT Sell,-21504.13945928413,78495.86054071586
SHANTI.NS,2020-03-06 00:00:00+05:30,2020-03-09 00:00:00+05:30,19.799999237060547,18.350000381469727,3662.2289877068433,-268.19333564150156,-7.323226825568718,UT Sell,-21772.332794925635,78227.66720507437
NHPC.NS,2020-03-03 00:00:00+05:30,2020-03-09 00:00:00+05:30,17.9086971282959,15.75338077545166,3593.8877021664584,-432.5253188031461,-12.035025984323667,UT Sell,-22204.85811372878,77795.14188627122
SUMICHEM.NS,2020-02-27 00:00:00+05:30,2020-03-09 00:00:00+05:30,252.88812255859375,211.86868286132812,3053.274644083337,-495.25305449309053,-16.220389982040974,UT Sell,-22700.11116822187,77299.88883177814
DPWIRES.NS,2020-03-06 00:00:00+05:30,2020-03-11 00:00:00+05:30,67.10470581054688,56.123931884765625,3662.2289877068433,-599.2740463237542,-16.363642151688563,UT Sell,-23299.385214545622,76700.61478545438
NSIL.NS,2020-01-22 00:00:00+05:30,2020-03-12 00:00:00+05:30,780.7999877929688,661.5499877929688,3576.1250583407964,-546.1743338554143,-15.27279736992253,UT Sell,-23845.559548401037,76154.44045159896
BBTC.NS,2020-02-10 00:00:00+05:30,2020-03-12 00:00:00+05:30,1159.3896484375,976.656982421875,3922.4916765717603,-618.2281879522025,-15.761108981945139,UT Sell,-24463.78773635324,75536.21226364677
ASAHIINDIA.NS,2020-02-20 00:00:00+05:30,2020-03-12 00:00:00+05:30,256.67315673828125,201.88876342773438,4032.934836176927,-860.7907857158889,-21.344029117313656,Stop Loss,-25324.57852206913,74675.42147793087
EPL.NS,2020-03-04 00:00:00+05:30,2020-03-12 00:00:00+05:30,152.44183349609375,141.75112915039062,4897.693733319003,-343.47393020602885,-7.012972817580987,UT Sell,-25668.05245227516,74331.94754772485
TTKPRESTIG.NS,2020-03-09 00:00:00+05:30,2020-03-12 00:00:00+05:30,557.0331420898438,518.8582763671875,3430.943416874836,-235.13107990278831,-6.853248548090707,UT Sell,-25903.183532177947,74096.81646782205
MOHITIND.NS,2020-03-09 00:00:00+05:30,2020-03-12 00:00:00+05:30,3.8499999046325684,3.700000047683716,3430.943416874836,-133.67299596854082,-3.8961002769990483,UT Sell,-26036.856528146487,73963.14347185352
WSI.NS,2020-03-09 00:00:00+05:30,2020-03-13 00:00:00+05:30,1.350000023841858,1.25,3430.9434168748367,-254.1440129098396,-7.407409042651403,UT Sell,-26291.000541056328,73708.99945894367
PEARLPOLY.NS,2020-03-02 00:00:00+05:30,2020-03-13 00:00:00+05:30,13.5,13.300000190734863,3490.7334966462813,-51.71452100182796,-1.4814800686306473,UT Sell,-26342.715062058156,73657.28493794185
NORBTEAEXP.NS,2020-01-20 00:00:00+05:30,2020-03-13 00:00:00+05:30,3.700000047683716,3.700000047683716,4462.114445028428,0.0,0.0,UT Sell,-26342.715062058156,73657.28493794185
JETFREIGHT.NS,2020-02-28 00:00:00+05:30,2020-03-13 00:00:00+05:30,7.109318733215332,6.247582912445068,3667.2317229960345,-444.51304792484325,-12.121215169945355,UT Sell,-26787.228109983,73212.771890017
BERGEPAINT.NS,2020-01-29 00:00:00+05:30,2020-03-16 00:00:00+05:30,463.6332702636719,348.5195007324219,4313.6524425497555,-1071.0206211629034,-24.82862575107776,Stop Loss,-27858.248731145904,72141.7512688541
ASHIMASYN.NS,2020-03-11 00:00:00+05:30,2020-03-16 00:00:00+05:30,5.300000190734863,4.199999809265137,3062.954941383089,-635.7078269234594,-20.754723431759114,Stop Loss,-28493.956558069363,71506.04344193064
SILLYMONKS.NS,2020-03-12 00:00:00+05:30,2020-03-17 00:00:00+05:30,24.964284896850586,25.453781127929688,3425.6101374262157,67.16888780691761,1.9607861114453673,UT Sell,-28426.787670262445,71573.21232973755
RATNAMANI.NS,2020-03-13 00:00:00+05:30,2020-03-18 00:00:00+05:30,829.1895751953125,733.7528686523438,3500.386506176741,-402.8817652444186,-11.509636565376379,UT Sell,-28829.669435506865,71170.33056449314
WENDT.NS,2020-03-13 00:00:00+05:30,2020-03-18 00:00:00+05:30,2155.145263671875,1922.2781982421875,3500.3865061767415,-378.2226410920757,-10.805167955729134,UT Sell,-29207.89207659894,70792.10792340105
PANAMAPET.NS,2020-03-13 00:00:00+05:30,2020-03-18 00:00:00+05:30,40.61848831176758,29.463960647583008,3500.3865061767415,-961.2656635272929,-27.461700638802434,Stop Loss,-30169.157740126233,69830.84225987377
AKSHARCHEM.NS,2020-03-13 00:00:00+05:30,2020-03-18 00:00:00+05:30,207.89669799804688,161.80978393554688,3500.3865061767415,-775.9719786276628,-22.168179921228457,Stop Loss,-30945.129718753895,69054.87028124611
SHYAMTEL.NS,2020-03-06 00:00:00+05:30,2020-03-18 00:00:00+05:30,7.5,7.150000095367432,3662.2289877068433,-170.90397285866993,-4.66666539510091,UT Sell,-31116.033691612563,68883.96630838743
CERA.NS,2020-02-28 00:00:00+05:30,2020-03-18 00:00:00+05:30,2409.19140625,2177.624755859375,3667.2317229960345,-352.48696475397855,-9.611799618323701,UT Sell,-31468.52065636654,68531.47934363346
WHIRLPOOL.NS,2020-02-18 00:00:00+05:30,2020-03-18 00:00:00+05:30,2258.52880859375,1880.56787109375,4167.252866735158,-697.3826476410886,-16.7348291534671,UT Sell,-32165.903304007632,67834.09669599237
HAVISHA.NS,2020-03-18 00:00:00+05:30,2020-03-20 00:00:00+05:30,0.5,0.44999998807907104,3108.449138342831,-310.8449879454856,-10.000002384185791,UT Sell,-32476.748291953118,67523.25170804688
RELIABLE.NS,2020-03-18 00:00:00+05:30,2020-03-20 00:00:00+05:30,32.965057373046875,31.31930160522461,3108.4491383428303,-155.18699210857858,-4.992425006873735,UT Sell,-32631.935284061696,67368.06471593831
COCHINSHIP.NS,2020-03-18 00:00:00+05:30,2020-03-23 00:00:00+05:30,105.97505187988281,93.34516143798828,3108.4491383428303,-370.45862554490486,-11.917795950890264,UT Sell,-33002.3939096066,66997.6060903934
MADRASFERT.NS,2020-03-13 00:00:00+05:30,2020-03-23 00:00:00+05:30,12.300000190734863,9.149999618530273,3500.3865061767415,-896.4405956432106,-25.609760352502832,Stop Loss,-33898.83450524981,66101.1654947502
JUSTDIAL.NS,2020-03-18 00:00:00+05:30,2020-03-23 00:00:00+05:30,367.70001220703125,275.3999938964844,3108.4491383428303,-780.2825750925022,-25.101989460521946,Stop Loss,-34679.117080342316,65320.882919657684
MCL.NS,2020-03-09 00:00:00+05:30,2020-03-23 00:00:00+05:30,87.0,60.75,3430.943416874836,-1035.198444746718,-30.17241379310345,Stop Loss,-35714.315525089034,64285.684474910966
TATAPOWER.NS,2020-03-12 00:00:00+05:30,2020-03-23 00:00:00+05:30,37.553321838378906,30.61968421936035,3425.6101374262157,-632.4857071012989,-18.463446852609678,UT Sell,-36346.80123219033,63653.19876780967
WEL.NS,2020-03-18 00:00:00+05:30,2020-03-24 00:00:00+05:30,5.278181552886963,4.904945373535156,3108.4491383428303,-219.80783883228014,-7.07130240996846,UT Sell,-36566.60907102261,63433.39092897739
MBLINFRA.NS,2020-03-09 00:00:00+05:30,2020-03-25 00:00:00+05:30,3.200000047683716,2.549999952316284,3430.9434168748367,-696.9104734180073,-20.31250267755236,Stop Loss,-37263.51954444062,62736.48045555938
BSHSL.NS,2020-03-13 00:00:00+05:30,2020-03-26 00:00:00+05:30,7.942501068115234,7.841250896453857,3500.3865061767415,-44.622560524963774,-1.2747895252773755,UT Sell,-37308.142104965584,62691.857895034416
SALONA.NS,2020-03-17 00:00:00+05:30,2020-03-26 00:00:00+05:30,43.337894439697266,33.60398483276367,3492.7790252331333,-784.4957801519454,-22.460504214107335,Stop Loss,-38092.63788511753,61907.36211488247
NHPC.NS,2020-03-20 00:00:00+05:30,2020-03-26 00:00:00+05:30,16.65469741821289,14.264256477355957,2875.4331483157985,-412.7095766335924,-14.352953288979275,UT Sell,-38505.347461751124,61494.652538248876
GLOBE.NS,2020-03-16 00:00:00+05:30,2020-03-27 00:00:00+05:30,1.4690070152282715,1.4198579788208008,2834.939467923241,-94.84947428946316,-3.3457319058366353,UT Sell,-38600.196936040586,61399.803063959414
SIL.NS,2020-03-19 00:00:00+05:30,2020-03-27 00:00:00+05:30,7.614226341247559,7.774526119232178,3108.4491383428303,65.44114719226945,2.1052667835239847,UT Sell,-38534.75578884831,61465.24421115169
HBSL.NS,2020-03-24 00:00:00+05:30,2020-03-27 00:00:00+05:30,6.200749397277832,5.916745662689209,2730.217888658757,-125.04812353167426,-4.580151791222242,UT Sell,-38659.80391237999,61340.19608762001
TEAMGTY.NS,2020-03-23 00:00:00+05:30,2020-03-30 00:00:00+05:30,17.450000762939453,14.699999809265137,2571.794477806964,-405.29724684276425,-15.759317097078906,UT Sell,-39065.10115922275,60934.89884077725
NESCO.NS,2020-03-26 00:00:00+05:30,2020-04-01 00:00:00+05:30,478.9786682128906,451.869384765625,2875.5902541383903,-162.75295008124158,-5.65981018495304,UT Sell,-39227.854109304,60772.145890696
CREATIVEYE.NS,2020-03-24 00:00:00+05:30,2020-04-08 00:00:00+05:30,1.4500000476837158,1.4500000476837158,2730.217888658757,0.0,0.0,UT Sell,-39227.854109304,60772.145890696
HINDCON.NS,2020-03-23 00:00:00+05:30,2020-04-13 00:00:00+05:30,1.8625502586364746,1.8532840013504028,2571.794477806964,-12.794773836440527,-0.497503744830774,UT Sell,-39240.648883140435,60759.351116859565
ASTRAL.NS,2020-03-26 00:00:00+05:30,2020-04-13 00:00:00+05:30,530.8960571289062,512.6314697265625,2875.5902541383903,-98.92985420550167,-3.440332087060305,UT Sell,-39339.57873734594,60660.42126265406
DPSCLTD.NS,2020-03-23 00:00:00+05:30,2020-04-17 00:00:00+05:30,5.1451287269592285,8.869224548339844,2571.794477806964,1861.4906597120307,72.38100383897599,UT Sell,-37478.08807763391,62521.91192236609
OIL.NS,2020-03-18 00:00:00+05:30,2020-04-21 00:00:00+05:30,41.71330261230469,43.09120559692383,3108.4491383428303,102.68046587123808,3.303269936273723,UT Sell,-37375.407611762676,62624.592388237324
LT.NS,2020-04-13 00:00:00+05:30,2020-04-21 00:00:00+05:30,798.6909790039062,803.2129516601562,2667.830051951706,15.104533372209971,0.5661729974576257,UT Sell,-37360.30307839047,62639.69692160953
WIPL.NS,2020-04-13 00:00:00+05:30,2020-04-23 00:00:00+05:30,43.087711334228516,48.21036148071289,2667.830051951706,317.17535193310187,11.88888893807405,UT Sell,-37043.127726457365,62956.872273542635
NIITLTD.NS,2020-03-27 00:00:00+05:30,2020-04-24 00:00:00+05:30,75.65824127197266,77.8946762084961,2839.716681431987,83.94117401372296,2.9559700290732405,UT Sell,-36959.18655244364,63040.81344755636
BETA.NS,2020-04-24 00:00:00+05:30,2020-05-04 00:00:00+05:30,53.5,50.599998474121094,2923.65785544571,-158.47873349421343,-5.420563599773653,UT Sell,-37117.66528593786,62882.33471406214
LALPATHLAB.NS,2020-03-27 00:00:00+05:30,2020-05-04 00:00:00+05:30,720.510498046875,735.7655639648438,2839.7166814319867,60.124127658140424,2.117257966306041,UT Sell,-37057.54115827972,62942.45884172028
BBOX.NS,2020-01-30 00:00:00+05:30,2020-05-04 00:00:00+05:30,46.43783950805664,47.58531188964844,4036.600307965461,99.74381706779695,2.4709857171385297,UT Sell,-36957.79734121192,63042.20265878808
OSIAHYPER.NS,2020-03-13 00:00:00+05:30,2020-05-05 00:00:00+05:30,15.8125,16.0,3500.386506176742,41.50655936177964,1.1857707509881354,UT Sell,-36916.29078185014,63083.70921814986
SOLARA.NS,2020-03-25 00:00:00+05:30,2020-05-07 00:00:00+05:30,469.3944091796875,498.4122314453125,2734.0329434568293,169.01710048110863,6.181970150930538,UT Sell,-36747.273681369035,63252.726318630965
GLFL.NS,2020-04-21 00:00:00+05:30,2020-05-07 00:00:00+05:30,1.100000023841858,1.2000000476837158,2947.0320947689925,267.9120666837257,9.090911061310525,UT Sell,-36479.36161468531,63520.63838531469
PRAENG.NS,2020-05-05 00:00:00+05:30,2020-05-08 00:00:00+05:30,6.0,7.150000095367432,3335.8142804033505,639.3644567653159,19.166668256123852,UT Sell,-35839.99715791999,64160.00284208001
MANGALAM.NS,2020-03-23 00:00:00+05:30,2020-05-12 00:00:00+05:30,22.850000381469727,92.0999984741211,2571.794477806964,7794.168915080266,303.06344392365895,UT Sell,-28045.828242839725,71954.17175716028
MASKINVEST.NS,2020-05-08 00:00:00+05:30,2020-05-13 00:00:00+05:30,14.399999618530273,14.350000381469727,3975.1787371686664,-13.802493701595722,-0.34721693322968816,UT Sell,-28059.63073654132,71940.36926345868
LT.NS,2020-05-13 00:00:00+05:30,2020-05-18 00:00:00+05:30,796.3377685546875,750.6098022460938,3961.3762434670707,-227.47342465709744,-5.742282749138939,UT Sell,-28287.10416119842,71712.89583880157
BORORENEW.NS,2020-05-07 00:00:00+05:30,2020-05-18 00:00:00+05:30,37.04999923706055,34.400001525878906,3058.997102695328,-218.79448009664839,-7.152490595818661,UT Sell,-28505.898641295065,71494.10135870494
ASTRAL.NS,2020-04-23 00:00:00+05:30,2020-05-18 00:00:00+05:30,502.1627502441406,455.777587890625,2985.005403884808,-275.7272621635161,-9.237077487520562,UT Sell,-28781.625903458582,71218.37409654142
MAHLOG.NS,2020-04-08 00:00:00+05:30,2020-05-18 00:00:00+05:30,246.0470428466797,243.66580200195312,2730.217888658757,-26.423021696418346,-0.9677990099683509,UT Sell,-28808.048925155,71191.951074845
ORIENTELEC.NS,2020-03-26 00:00:00+05:30,2020-05-18 00:00:00+05:30,171.3534393310547,156.7374267578125,2875.5902541383907,-245.2805352145756,-8.529745670878574,UT Sell,-29053.329460369576,70946.67053963043
VAISHALI.NS,2019-12-20 00:00:00+05:30,2020-05-19 00:00:00+05:30,2.5399999618530273,4.514999866485596,4419.398595929471,3436.3432821181523,77.75590292496423,UT Sell,-25616.986178251424,74383.01382174858
DPWIRES.NS,2020-05-18 00:00:00+05:30,2020-05-19 00:00:00+05:30,49.02129364013672,44.22809982299805,2923.4976338032197,-285.85314140490027,-9.777779126608344,UT Sell,-25902.839319656323,74097.16068034367
GEEKAYWIRE.NS,2020-05-18 00:00:00+05:30,2020-05-26 00:00:00+05:30,7.132861614227295,5.850296497344971,2923.4976338032197,-525.6762695248526,-17.98107388378465,UT Sell,-26428.515589181174,73571.48441081883
ADVANIHOTR.NS,2020-04-21 00:00:00+05:30,2020-06-11 00:00:00+05:30,16.85409164428711,23.349939346313477,2947.0320947689925,1135.835265681139,38.5416659593649,UT Sell,-25292.680323500033,74707.31967649996
LYKALABS.NS,2020-05-19 00:00:00+05:30,2020-06-11 00:00:00+05:30,16.0,17.149999618530273,5246.693185222972,377.1059475969878,7.187497615814209,UT Sell,-24915.574375903045,75084.42562409696
SALONA.NS,2020-04-17 00:00:00+05:30,2020-06-15 00:00:00+05:30,37.663856506347656,53.46310806274414,4433.285137518995,1859.676453925843,41.948045213409756,UT Sell,-23055.8979219772,76944.1020780228
URJA.NS,2020-05-05 00:00:00+05:30,2020-06-17 00:00:00+05:30,1.579450011253357,3.0153141021728516,3335.8142804033505,3032.5593751503066,90.9091190407526,UT Sell,-20023.338546826893,79976.6614531731
KRITIKA.NS,2020-03-16 00:00:00+05:30,2020-06-19 00:00:00+05:30,2.153022050857544,2.119899034500122,2834.939467923241,-43.613926913066734,-1.5384429687670398,UT Sell,-20066.95247373996,79933.04752626004
GVPTECH.NS,2020-02-18 00:00:00+05:30,2020-06-22 00:00:00+05:30,12.920082092285156,11.354012489318848,4167.252866735158,-505.1212520054396,-12.121204739878866,UT Sell,-20572.0737257454,79427.9262742546
CIPLA.NS,2020-03-13 00:00:00+05:30,2020-06-24 00:00:00+05:30,405.6419372558594,607.9715576171875,3500.386506176742,1745.953285066621,49.878871432789836,UT Sell,-18826.120440678777,81173.87955932123
VGUARD.NS,2020-03-20 00:00:00+05:30,2020-06-29 00:00:00+05:30,175.46429443359375,168.2225799560547,2875.4331483157985,-118.67409222242077,-4.127172711072435,UT Sell,-18944.794532901196,81055.2054670988
DIAMONDYD.NS,2020-05-12 00:00:00+05:30,2020-06-29 00:00:00+05:30,476.35980224609375,606.1226806640625,10365.96339288723,2823.74214006713,27.240518155839588,UT Sell,-16121.052392834066,83878.94760716593
GKWLIMITED.NS,2020-06-11 00:00:00+05:30,2020-06-29 00:00:00+05:30,488.79998779296875,480.0,4853.333246635046,-87.37576594148231,-1.8003248798557636,UT Sell,-16208.428158775549,83791.57184122445
EXCEL.NS,2020-06-24 00:00:00+05:30,2020-06-29 00:00:00+05:30,0.07999999821186066,0.07000000029802322,5246.339791243363,-655.7923517545514,-12.499997671693508,UT Sell,-16864.2205105301,83135.7794894699
SEYAIND.NS,2020-05-18 00:00:00+05:30,2020-06-30 00:00:00+05:30,45.849998474121094,110.19999694824219,2923.4976338032197,4103.0986812467945,140.34896535589172,UT Sell,-12761.121829283305,87238.87817071669
PKTEA.NS,2020-06-22 00:00:00+05:30,2020-07-01 00:00:00+05:30,93.2921371459961,92.15983581542969,3662.1316147297184,-44.44786695773246,-1.2137157162499412,UT Sell,-12805.569696241038,87194.43030375896
EQUIPPP.NS,2020-05-18 00:00:00+05:30,2020-07-06 00:00:00+05:30,6.0,11.0,2923.49763380322,2436.2480281693506,83.33333333333333,UT Sell,-10369.321668071687,89630.67833192831
MOHITIND.NS,2020-06-29 00:00:00+05:30,2020-07-07 00:00:00+05:30,3.799999952316284,3.9000000953674316,6325.742377307528,166.46714488769157,2.631582744894323,UT Sell,-10202.854523183996,89797.145476816
RPOWER.NS,2020-05-18 00:00:00+05:30,2020-07-08 00:00:00+05:30,1.850000023841858,3.8499999046325684,2923.49763380322,3160.537753375823,108.10810027112056,UT Sell,-7042.316769808173,92957.68323019183
SWSOLAR.NS,2020-05-19 00:00:00+05:30,2020-07-09 00:00:00+05:30,129.35000610351562,244.75,5246.693185222972,4680.852980145326,89.21529837743695,UT Sell,-2361.4637896628474,97638.53621033716
HDIL.NS,2020-04-01 00:00:00+05:30,2020-07-09 00:00:00+05:30,1.4500000476837158,3.25,2712.8373040571487,3367.659901629081,124.13792366363512,UT Sell,1006.1961119662337,101006.19611196623
SIYSIL.NS,2020-06-29 00:00:00+05:30,2020-07-10 00:00:00+05:30,124.42179107666016,119.80689239501953,6325.742377307528,-234.62658674836348,-3.7090759116280902,UT Sell,771.5695252178703,100771.56952521787
SHIVATEX.NS,2020-06-11 00:00:00+05:30,2020-07-13 00:00:00+05:30,83.70890808105469,83.856201171875,4853.333246635046,8.539861181628112,0.17595868133615244,UT Sell,780.1093863994984,100780.1093863995
SUTLEJTEX.NS,2020-06-29 00:00:00+05:30,2020-07-14 00:00:00+05:30,21.93067169189453,19.15998649597168,6325.742377307528,-799.183946769198,-12.633836459039616,UT Sell,-19.07456036969961,99980.9254396303
EXCEL.NS,2020-07-08 00:00:00+05:30,2020-07-16 00:00:00+05:30,0.0733330026268959,0.06666599959135056,6084.035387179043,-553.1245270435884,-9.091408774662845,UT Sell,-572.199087413288,99427.80091258671
WIPL.NS,2020-07-07 00:00:00+05:30,2020-07-17 00:00:00+05:30,47.8752326965332,46.9177360534668,6492.2095221952195,-129.84310411583283,-1.9999832672055962,UT Sell,-702.0421915291208,99297.95780847088
BETA.NS,2020-07-09 00:00:00+05:30,2020-07-17 00:00:00+05:30,61.95000076293945,59.099998474121094,8004.021685527264,-368.22404911334706,-4.600487899466376,UT Sell,-1070.266240642468,98929.73375935754
UNIINFO.NS,2020-07-06 00:00:00+05:30,2020-07-20 00:00:00+05:30,12.850000381469727,13.050000190734863,5359.745661972571,83.42008391298987,1.5564187029406318,UT Sell,-986.846156729478,99013.15384327053
SINTERCOM.NS,2020-07-01 00:00:00+05:30,2020-07-27 00:00:00+05:30,59.95000076293945,75.0,3617.683747771986,908.1924428857196,25.104251952510936,UT Sell,-78.6537138437584,99921.34628615624
GUJALKALI.NS,2020-06-15 00:00:00+05:30,2020-07-27 00:00:00+05:30,323.2889404296875,281.60986328125,6292.961591444838,-811.3015908103043,-12.892206300976861,UT Sell,-889.9553046540627,99110.04469534593
CENTUM.NS,2020-07-17 00:00:00+05:30,2020-07-29 00:00:00+05:30,310.17138671875,303.9165344238281,6999.082027246652,-141.14204647821498,-2.0165794018239036,UT Sell,-1031.0973511322777,98968.90264886772
SWSOLAR.NS,2020-07-27 00:00:00+05:30,2020-07-30 00:00:00+05:30,235.8000030517578,226.4499969482422,5003.768095646119,-198.4107787504936,-3.965227303861951,UT Sell,-1229.5081298827713,98770.49187011723
MASKINVEST.NS,2020-06-19 00:00:00+05:30,2020-08-03 00:00:00+05:30,23.649999618530273,56.29999923706055,2791.325541010174,3853.5636075769066,138.0549689013454,UT Sell,2624.0554776941353,102624.05547769414
NILAINFRA.NS,2020-07-16 00:00:00+05:30,2020-08-03 00:00:00+05:30,4.25,3.950000047683716,5530.910860135455,-390.41717513088315,-7.058822407441978,UT Sell,2233.638302563252,102233.63830256325
ASAHIINDIA.NS,2020-07-17 00:00:00+05:30,2020-08-05 00:00:00+05:30,170.13427734375,169.19815063476562,6999.082027246652,-38.510920470423116,-0.5502281630720196,UT Sell,2195.127382092829,102195.12738209283
EXCEL.NS,2020-07-20 00:00:00+05:30,2020-08-10 00:00:00+05:30,0.07000000029802322,0.05999999865889549,5443.165745885561,-777.595230702258,-14.28571656650426,UT Sell,1417.532151390571,101417.53215139057
AKSHARCHEM.NS,2020-06-30 00:00:00+05:30,2020-08-14 00:00:00+05:30,214.73121643066406,222.65505981445312,7026.596315050015,259.2899609430733,3.6901217789858,UT Sell,1676.8221123336443,101676.82211233364
VERTOZ.NS,2020-05-05 00:00:00+05:30,2020-08-14 00:00:00+05:30,35.85344314575195,58.58977127075195,3335.8142804033505,2115.394265900446,63.41462947525554,UT Sell,3792.2163782340904,103792.2163782341
ASTRAL.NS,2020-07-29 00:00:00+05:30,2020-08-14 00:00:00+05:30,520.0651245117188,582.9609985351562,6857.939980768437,829.3886837647151,12.093845762583966,UT Sell,4621.6050619988055,104621.60506199881
PKTEA.NS,2020-07-13 00:00:00+05:30,2020-08-25 00:00:00+05:30,108.3074951171875,151.03973388671875,4861.873107816674,1918.230333788003,39.45455365143054,UT Sell,6539.8353957868085,106539.83539578681
DRREDDY.NS,2020-07-14 00:00:00+05:30,2020-08-28 00:00:00+05:30,771.97998046875,847.789306640625,5526.55843053833,542.7144242966106,9.820115558675923,UT Sell,7082.549820083419,107082.54982008343
BALAMINES.NS,2020-08-03 00:00:00+05:30,2020-08-28 00:00:00+05:30,607.7081909179688,867.165771484375,5892.691416795826,2515.8513261386197,42.694435329970574,UT Sell,9598.401146222039,109598.40114622204
ANDHRAPAP.NS,2020-06-29 00:00:00+05:30,2020-08-31 00:00:00+05:30,46.125465393066406,38.56910705566406,6325.742377307528,-1036.2947180195242,-16.382183405651276,UT Sell,8562.106428202515,108562.10642820252
NAVKARCORP.NS,2020-07-10 00:00:00+05:30,2020-08-31 00:00:00+05:30,29.0,27.0,6091.115790559164,-420.07695107304517,-6.896551724137934,UT Sell,8142.029477129469,108142.02947712947
ASIANPAINT.NS,2020-07-27 00:00:00+05:30,2020-08-31 00:00:00+05:30,1699.3997802734375,1814.9931640625,5003.768095646119,340.3569263604486,6.8020124005466975,UT Sell,8482.386403489918,108482.38640348992
PAGEIND.NS,2020-07-30 00:00:00+05:30,2020-08-31 00:00:00+05:30,18364.38671875,17787.470703125,4805.357316895625,-150.9599879035095,-3.1414935029437707,UT Sell,8331.426415586408,108331.42641558641
GUJALKALI.NS,2020-08-05 00:00:00+05:30,2020-08-31 00:00:00+05:30,295.45880126953125,302.4714660644531,6960.571106776229,165.20798075164203,2.37348312684873,UT Sell,8496.63439633805,108496.63439633805
ENIL.NS,2020-08-14 00:00:00+05:30,2020-08-31 00:00:00+05:30,134.6865997314453,156.75144958496094,6808.141162276678,1115.3345086051813,16.38236461348881,UT Sell,9611.96890494323,109611.96890494323
PURVA.NS,2020-08-14 00:00:00+05:30,2020-08-31 00:00:00+05:30,45.512168884277344,44.76606750488281,6808.141162276677,-111.60890893165288,-1.6393448119152998,UT Sell,9500.359996011579,109500.35999601158
HDIL.NS,2020-08-03 00:00:00+05:30,2020-09-01 00:00:00+05:30,2.950000047683716,5.699999809265137,5892.691416795826,5493.186348924024,93.22032939425438,UT Sell,14993.546344935603,114993.5463449356
SAKUMA.NS,2020-08-14 00:00:00+05:30,2020-09-04 00:00:00+05:30,1.2720171213150024,1.2334716320037842,6808.141162276677,-206.30471713188035,-3.0302649756294375,UT Sell,14787.241627803724,114787.24162780373
HERITGFOOD.NS,2020-08-31 00:00:00+05:30,2020-09-04 00:00:00+05:30,175.45498657226562,161.86697387695312,6100.6851230753655,-472.4641261096858,-7.744443723584871,UT Sell,14314.777501694038,114314.77750169404
BETA.NS,2020-09-01 00:00:00+05:30,2020-09-04 00:00:00+05:30,88.8499984741211,86.5,6981.550563516113,-184.6554130897457,-2.6449054749343226,UT Sell,14130.122088604292,114130.12208860429
ITI.NS,2020-06-17 00:00:00+05:30,2020-09-08 00:00:00+05:30,90.55000305175781,127.44999694824219,6368.373655553657,2595.1732865888616,40.75095820305226,UT Sell,16725.295375193153,116725.29537519315
ZEEL.NS,2020-09-02 00:00:00+05:30,2020-09-08 00:00:00+05:30,206.3772735595703,202.21473693847656,6981.550563516112,-140.8147292161275,-2.0169549433902367,UT Sell,16584.480645977026,116584.48064597702
CONCOR.NS,2020-08-28 00:00:00+05:30,2020-09-09 00:00:00+05:30,378.9706726074219,347.4746398925781,7238.907798884693,-601.6214270215924,-8.310941978212306,UT Sell,15982.859218955433,115982.85921895543
SWSOLAR.NS,2020-09-04 00:00:00+05:30,2020-09-14 00:00:00+05:30,268.79998779296875,256.6000061035156,6342.317530845614,-287.85774277865494,-4.538683870346604,UT Sell,15695.001476176778,115695.00147617678
BETA.NS,2020-09-08 00:00:00+05:30,2020-09-14 00:00:00+05:30,87.0999984741211,80.5,7902.141388221251,-598.78440893481,-7.577495510613663,UT Sell,15096.217067241967,115096.21706724196
ZEEMEDIA.NS,2020-03-30 00:00:00+05:30,2020-09-16 00:00:00+05:30,3.450000047683716,6.349999904632568,2166.4972309642,1821.113499431538,84.0579657062867,UT Sell,16917.330566673503,116917.33056667351
HBSL.NS,2020-08-31 00:00:00+05:30,2020-09-16 00:00:00+05:30,5.159402370452881,5.443406581878662,6100.685123075365,335.81801595054276,5.504595126215217,UT Sell,17253.148582624046,117253.14858262404
DANGEE.NS,2020-09-09 00:00:00+05:30,2020-09-18 00:00:00+05:30,5.400000095367432,6.300000190734863,6637.286371863101,1106.2144929927608,16.666668138386264,UT Sell,18359.363075616806,118359.3630756168
UNIVPHOTO.NS,2020-05-05 00:00:00+05:30,2020-09-21 00:00:00+05:30,64.91133880615234,217.8463897705078,3335.8142804033505,7859.380754795919,235.60606479104104,UT Sell,26218.743830412724,126218.74383041273
KOPRAN.NS,2020-07-09 00:00:00+05:30,2020-09-21 00:00:00+05:30,33.26193618774414,78.09123229980469,8004.021685527264,10787.545746061118,134.7765682040439,UT Sell,37006.28957647384,137006.28957647385
INDTERRAIN.NS,2020-08-28 00:00:00+05:30,2020-09-21 00:00:00+05:30,35.79999923706055,30.399999618530273,7238.907798884693,-1091.9022398214656,-15.083798138576876,UT Sell,35914.38733665238,135914.38733665238
BIOCON.NS,2020-09-01 00:00:00+05:30,2020-09-21 00:00:00+05:30,401.2640075683594,425.0220642089844,6981.550563516113,413.3639464265825,5.9208043065207105,UT Sell,36327.75128307896,136327.75128307895
NAGAFERT.NS,2020-09-04 00:00:00+05:30,2020-09-21 00:00:00+05:30,4.75,4.150000095367432,6342.317530845614,-801.1347186645971,-12.631576939633016,UT Sell,35526.61656441436,135526.61656441435
URJA.NS,2020-09-08 00:00:00+05:30,2020-09-21 00:00:00+05:30,2.7760040760040283,2.680279016494751,7902.141388221251,-272.4898573373366,-3.4483039969837037,UT Sell,35254.12670707703,135254.12670707703
CENTUM.NS,2020-09-16 00:00:00+05:30,2020-09-21 00:00:00+05:30,326.3270568847656,301.4165954589844,5212.056934710823,-397.8669266978295,-7.633587500707229,UT Sell,34856.259780379194,134856.2597803792
BALAMINES.NS,2020-09-18 00:00:00+05:30,2020-09-21 00:00:00+05:30,876.9335327148438,820.4869384765625,7743.500864855861,-498.4348699144002,-6.436815577519517,UT Sell,34357.82491046479,134357.82491046478
ACCURACY.NS,2020-09-21 00:00:00+05:30,2020-09-22 00:00:00+05:30,3.962021589279175,3.6978867053985596,8594.84661022662,-572.990015376703,-6.666669474879628,UT Sell,33784.83489508809,133784.8348950881
PEARLPOLY.NS,2020-09-21 00:00:00+05:30,2020-09-28 00:00:00+05:30,17.100000381469727,19.649999618530273,8594.84661022662,1281.687240339499,14.912275907454564,UT Sell,35066.522135427585,135066.52213542757
BSHSL.NS,2020-09-22 00:00:00+05:30,2020-09-30 00:00:00+05:30,9.399999618530273,9.399999618530273,8403.849938434385,0.0,0.0,UT Sell,35066.522135427585,135066.52213542757
SALONA.NS,2020-09-14 00:00:00+05:30,2020-10-01 00:00:00+05:30,57.620811462402344,51.40871047973633,6678.9083836767,-720.0532634020028,-10.781002254227923,UT Sell,34346.46887202558,134346.46887202558
ARENTERP.NS,2020-05-26 00:00:00+05:30,2020-10-05 00:00:00+05:30,9.300000190734863,10.449999809265137,2397.821364278367,296.50468792151423,12.365587042417081,UT Sell,34642.973559947095,134642.9735599471
OSIAHYPER.NS,2020-09-01 00:00:00+05:30,2020-10-05 00:00:00+05:30,14.6875,13.4375,6981.550563516113,-594.1745160439241,-8.510638297872342,UT Sell,34048.79904390317,134048.7990439032
XELPMOC.NS,2020-09-04 00:00:00+05:30,2020-10-07 00:00:00+05:30,167.6999969482422,322.0,6342.317530845615,5835.537460783197,92.00954434088626,UT Sell,39884.33650468637,139884.33650468636
DPSCLTD.NS,2020-09-16 00:00:00+05:30,2020-10-08 00:00:00+05:30,12.49531364440918,13.232419967651367,5212.056934710823,307.462480174926,5.899062194185056,UT Sell,40191.79898486129,140191.7989848613
UMESLTD.NS,2020-09-22 00:00:00+05:30,2020-10-09 00:00:00+05:30,1.2000000476837158,1.100000023841858,8403.849938434385,-700.320967344107,-8.33333498901785,UT Sell,39491.47801751718,139491.4780175172
ASIANPAINT.NS,2020-10-01 00:00:00+05:30,2020-10-09 00:00:00+05:30,1950.0831298828125,1959.783447265625,5958.855120274698,29.64119068520722,0.4974309676426758,UT Sell,39521.11920820239,139521.1192082024
HDIL.NS,2020-09-30 00:00:00+05:30,2020-10-13 00:00:00+05:30,4.650000095367432,4.199999809265137,8403.849938434385,-813.2763008808934,-9.677425309100707,UT Sell,38707.8429073215,138707.8429073215
SANGINITA.NS,2020-08-25 00:00:00+05:30,2020-10-16 00:00:00+05:30,71.02381134033203,57.9952392578125,6780.103441604677,-1243.7387511154693,-18.343949496161493,UT Sell,37464.104156206035,137464.10415620604
JUBLFOOD.NS,2020-09-02 00:00:00+05:30,2020-10-19 00:00:00+05:30,445.65313720703125,445.108642578125,6981.550563516112,-8.529989953837685,-0.12217901848928792,UT Sell,37455.5741662522,137455.5741662522
SHRENIK.NS,2020-10-08 00:00:00+05:30,2020-10-19 00:00:00+05:30,9.5,8.699999809265137,5519.519414885749,-464.8017457550932,-8.421054639314352,UT Sell,36990.7724204971,136990.7724204971
KIOCL.NS,2020-10-13 00:00:00+05:30,2020-10-20 00:00:00+05:30,127.14971160888672,120.74044799804688,7590.573637553492,-382.61972272669755,-5.040722098178863,UT Sell,36608.152697770405,136608.1526977704
PAGEIND.NS,2020-10-07 00:00:00+05:30,2020-10-21 00:00:00+05:30,19892.15234375,18946.55859375,12177.854991628812,-578.886757425651,-4.753601991677392,UT Sell,36029.265940344754,136029.26594034475
ZODIAC.NS,2020-09-21 00:00:00+05:30,2020-10-22 00:00:00+05:30,10.480230331420898,13.674205780029297,8594.846610226621,2619.3822262966496,30.476195156059728,UT Sell,38648.648166641404,138648.64816664142
MODIRUBBER.NS,2020-09-21 00:00:00+05:30,2020-10-23 00:00:00+05:30,29.700000762939453,29.399999618530273,8594.846610226621,-86.81696137553081,-1.010104837382797,UT Sell,38561.83120526587,138561.8312052659
GAEL.NS,2020-10-19 00:00:00+05:30,2020-10-26 00:00:00+05:30,60.44465637207031,57.262062072753906,6013.869121346464,-316.6484306671673,-5.265302990103504,UT Sell,38245.1827745987,138245.1827745987
ASIANPAINT.NS,2020-10-20 00:00:00+05:30,2020-10-26 00:00:00+05:30,2024.67626953125,1988.3116455078125,7207.953914826794,-129.45997245852323,-1.7960710346971442,UT Sell,38115.72280214018,138115.72280214017
E2E.NS,2020-09-21 00:00:00+05:30,2020-10-26 00:00:00+05:30,26.25,47.5,8594.84661022662,6957.732970183453,80.95238095238095,UT Sell,45073.455772323636,145073.45577232365
URJA.NS,2020-10-21 00:00:00+05:30,2020-10-27 00:00:00+05:30,3.1589009761810303,3.0153141021728516,11598.968234203161,-527.2275399030914,-4.545469297419025,UT Sell,44546.228232420544,144546.22823242054
PARAGMILK.NS,2020-10-09 00:00:00+05:30,2020-10-28 00:00:00+05:30,114.37460327148438,104.9671630859375,6846.012641025091,-563.0922651339879,-8.225112845390136,UT Sell,43983.13596728656,143983.13596728657
BETA.NS,2020-10-19 00:00:00+05:30,2020-10-28 00:00:00+05:30,128.6999969482422,118.0,6013.869121346464,-499.9874341210234,-8.313906139830973,UT Sell,43483.148533165535,143483.14853316554
SINTERCOM.NS,2020-10-22 00:00:00+05:30,2020-11-02 00:00:00+05:30,78.9000015258789,77.0,11214.22883652327,-270.0513496689964,-2.40811342095566,UT Sell,43213.09718349654,143213.09718349655
ORIENTELEC.NS,2020-10-23 00:00:00+05:30,2020-11-04 00:00:00+05:30,194.0648193359375,200.9595489501953,8508.02964885109,302.2730455712972,3.5527972755961645,UT Sell,43515.370229067834,143515.37022906783
HAPPSTMNDS.NS,2020-10-28 00:00:00+05:30,2020-11-05 00:00:00+05:30,309.694580078125,319.4632568359375,5898.401031558273,186.05289459927008,3.154293741707792,UT Sell,43701.423123667104,143701.4231236671
SALONA.NS,2020-10-16 00:00:00+05:30,2020-11-06 00:00:00+05:30,52.484832763671875,68.72430419921875,5536.3646904892075,1713.0212961295865,30.941265467434718,UT Sell,45414.44441979669,145414.4444197967
GNFC.NS,2020-10-26 00:00:00+05:30,2020-11-09 00:00:00+05:30,181.81936645507812,173.74623107910156,9442.764737819212,-419.2772174835791,-4.440195526680146,UT Sell,44995.16720231311,144995.1672023131
WIPL.NS,2020-11-05 00:00:00+05:30,2020-11-09 00:00:00+05:30,47.396484375,45.96023178100586,6084.453926157543,-184.3768129581158,-3.03029351846128,UT Sell,44810.790389354996,144810.79038935498
SOLARA.NS,2020-09-28 00:00:00+05:30,2020-11-10 00:00:00+05:30,999.4581909179688,974.1384887695312,9876.533850566118,-250.20645948742822,-2.533342802982308,UT Sell,44560.58392986757,144560.58392986757
CAMLINFINE.NS,2020-11-04 00:00:00+05:30,2020-11-10 00:00:00+05:30,100.94999694824219,102.80000305175781,8810.302694422388,161.45729817959545,1.8325964927607963,UT Sell,44722.041228047165,144722.04122804716
NESCO.NS,2020-08-10 00:00:00+05:30,2020-11-12 00:00:00+05:30,437.1002502441406,494.2336730957031,4665.570515183303,609.8372465787052,13.071011242764307,UT Sell,45331.87847462587,145331.87847462588
RESPONIND.NS,2020-09-01 00:00:00+05:30,2020-11-13 00:00:00+05:30,109.71737670898438,151.83969116210938,6981.550563516113,2680.3326604028853,38.391652914606865,UT Sell,48012.21113502875,148012.21113502875
SALONA.NS,2020-11-13 00:00:00+05:30,2020-11-17 00:00:00+05:30,63.83290100097656,62.365474700927734,9661.883223918998,-222.1127557803211,-2.298855726494986,UT Sell,47790.09837924843,147790.09837924843
DPSCLTD.NS,2020-11-09 00:00:00+05:30,2020-11-23 00:00:00+05:30,12.101024627685547,11.36315631866455,7461.782316767531,-454.9873146906466,-6.097568856548319,UT Sell,47335.11106455779,147335.1110645578
SPECIALITY.NS,2020-11-10 00:00:00+05:30,2020-11-23 00:00:00+05:30,35.50822830200195,34.72890090942383,9299.043691840336,-204.09352480769485,-2.194779716830275,UT Sell,47131.01753975009,147131.0175397501
SUPREMEIND.NS,2020-10-09 00:00:00+05:30,2020-11-25 00:00:00+05:30,1298.5211181640625,1559.8875732421875,6846.012641025091,1377.9660803165216,20.128009581212105,UT Sell,48508.98362006662,148508.9836200666
ASIANPAINT.NS,2020-10-27 00:00:00+05:30,2020-11-25 00:00:00+05:30,2100.46435546875,2062.033935546875,11071.74069430007,-202.57027596791158,-1.8296154286940314,UT Sell,48306.413344098706,148306.41334409872
IGPL.NS,2020-11-06 00:00:00+05:30,2020-11-25 00:00:00+05:30,289.7544250488281,398.2277526855469,7249.385986618794,2713.901681256544,37.43629717421548,UT Sell,51020.31502535525,151020.31502535526
RAJMET.NS,2020-11-25 00:00:00+05:30,2020-11-27 00:00:00+05:30,1.4701955318450928,1.3814958333969116,9685.478935849704,-584.3434035321225,-6.03319058770796,UT Sell,50435.97162182313,150435.97162182315
VAISHALI.NS,2020-11-17 00:00:00+05:30,2020-12-03 00:00:00+05:30,3.4649999141693115,3.2699999809265137,9439.770468138677,-531.242325169198,-5.627703840493359,UT Sell,49904.72929665394,149904.72929665394
GSS.NS,2020-11-12 00:00:00+05:30,2020-12-04 00:00:00+05:30,37.099998474121094,46.29999923706055,5275.407761762008,1308.1875317833674,24.797846742114736,UT Sell,51212.91682843731,151212.9168284373
RATNAMANI.NS,2020-05-07 00:00:00+05:30,2020-12-08 00:00:00+05:30,570.6497192382812,1057.5570068359375,3058.997102695328,2610.0915006680934,85.3250726641193,UT Sell,53823.0083291054,153823.0083291054
VGUARD.NS,2020-10-26 00:00:00+05:30,2020-12-08 00:00:00+05:30,168.0758056640625,180.8466033935547,9442.764737819214,717.4836258997329,7.5982368069188455,UT Sell,54540.491955005135,154540.49195500513
PPAP.NS,2020-11-02 00:00:00+05:30,2020-12-08 00:00:00+05:30,209.18052673339844,256.07080078125,10944.177486854274,2453.2660358053745,22.41617553034152,UT Sell,56993.75799081051,156993.7579908105
SOLARA.NS,2020-11-23 00:00:00+05:30,2020-12-08 00:00:00+05:30,1078.0057373046875,1253.3719482421875,8050.872584554762,1309.6878532613237,16.267650984489567,UT Sell,58303.44584407184,158303.44584407183
EIFFL.NS,2020-12-08 00:00:00+05:30,2020-12-10 00:00:00+05:30,95.0,94.75,9646.835231889527,-25.38640850497177,-0.2631578947368429,UT Sell,58278.059435566865,158278.05943556686
ZODIAC.NS,2020-12-08 00:00:00+05:30,2020-12-10 00:00:00+05:30,13.374770164489746,13.274958610534668,9646.835231889527,-71.99118963553519,-0.7462674328421737,UT Sell,58206.06824593133,158206.06824593132
HDIL.NS,2020-11-23 00:00:00+05:30,2020-12-15 00:00:00+05:30,4.449999809265137,7.900000095367432,8050.872584554762,6241.688519234754,77.52809963989684,UT Sell,64447.75676516609,164447.7567651661
ASTRAL.NS,2020-11-09 00:00:00+05:30,2020-12-17 00:00:00+05:30,668.4644775390625,814.7174072265625,7461.782316767531,1632.558739000251,21.878938163764072,UT Sell,66080.31550416634,166080.31550416636
HONDAPOWER.NS,2020-11-25 00:00:00+05:30,2020-12-18 00:00:00+05:30,892.9044799804688,1032.5164794921875,9685.478935849704,1514.3938806222468,15.635714977572146,UT Sell,67594.70938478858,167594.70938478858
ARCHIES.NS,2020-03-27 00:00:00+05:30,2020-12-21 00:00:00+05:30,8.800000190734863,13.600000381469727,2839.716681431987,1548.9363996670836,54.54545553065526,UT Sell,69143.64578445567,169143.64578445567
NELCO.NS,2020-09-14 00:00:00+05:30,2020-12-21 00:00:00+05:30,193.5078582763672,185.2357635498047,6678.9083836767,-285.5106935290469,-4.2748107494158365,UT Sell,68858.13509092662,168858.1350909266
KANORICHEM.NS,2020-09-21 00:00:00+05:30,2020-12-21 00:00:00+05:30,39.44090270996094,41.17729568481445,8594.846610226621,378.3896982198621,4.4025183389501565,UT Sell,69236.52478914648,169236.5247891465
ARVINDFASN.NS,2020-10-05 00:00:00+05:30,2020-12-21 00:00:00+05:30,127.31914520263672,142.1754608154297,4540.851049836035,529.8520991456462,11.668563741256799,UT Sell,69766.37688829213,169766.37688829214
AROGRANITE.NS,2020-10-26 00:00:00+05:30,2020-12-21 00:00:00+05:30,27.850000381469727,37.79999923706055,9442.764737819212,3373.626464918427,35.72710491670639,UT Sell,73140.00335321056,173140.00335321057
ARVIND.NS,2020-11-10 00:00:00+05:30,2020-12-21 00:00:00+05:30,33.27436447143555,41.8507194519043,9299.043691840336,2396.797082287614,25.774662015952664,UT Sell,75536.80043549817,175536.80043549818
LT.NS,2020-12-04 00:00:00+05:30,2020-12-21 00:00:00+05:30,1090.8094482421875,1171.8016357421875,6583.595293545375,488.82945165007095,7.424962043601369,UT Sell,76025.62988714824,176025.62988714824
SOLARA.NS,2020-12-17 00:00:00+05:30,2020-12-21 00:00:00+05:30,1249.078857421875,1134.364501953125,9094.341055767782,-835.2166610030417,-9.183916194492546,UT Sell,75190.4132261452,175190.4132261452
URJA.NS,2020-11-25 00:00:00+05:30,2020-12-23 00:00:00+05:30,3.0631771087646484,5.839180946350098,9685.478935849702,8777.46396636369,90.62498637909273,UT Sell,83967.8771925089,183967.8771925089
ZEEL.NS,2020-12-03 00:00:00+05:30,2021-01-04 00:00:00+05:30,193.72625732421875,207.5096893310547,8908.528142969479,633.8329849324637,7.114901303114585,UT Sell,84601.71017744136,184601.71017744136
FCL.NS,2020-12-23 00:00:00+05:30,2021-01-04 00:00:00+05:30,4.961235523223877,6.248209476470947,9813.591665525217,2545.703948585464,25.940593773923016,UT Sell,87147.41412602682,187147.41412602682
VINNY.NS,2020-09-22 00:00:00+05:30,2021-01-05 00:00:00+05:30,1.569169044494629,1.5019760131835938,8403.849938434387,-359.85934977982197,-4.282077290957231,UT Sell,86787.554776247,186787.554776247
SOFTTECH.NS,2020-12-22 00:00:00+05:30,2021-01-08 00:00:00+05:30,82.25,89.3499984741211,8083.7214181875825,697.804373669931,8.63221698981289,UT Sell,87485.35914991693,187485.3591499169
EXCEL.NS,2020-10-05 00:00:00+05:30,2021-01-12 00:00:00+05:30,0.07999999821186066,0.17333300411701202,4540.851049836035,5297.641091520997,116.66625998913331,UT Sell,92783.00024143793,192783.00024143793
FCSSOFT.NS,2020-12-08 00:00:00+05:30,2021-01-13 00:00:00+05:30,0.5,1.0499999523162842,9646.835231889527,10611.517835084578,109.99999046325684,UT Sell,103394.51807652251,203394.5180765225
KSOLVES.NS,2020-12-22 00:00:00+05:30,2021-01-14 00:00:00+05:30,22.651140213012695,31.24294090270996,8083.7214181875825,3066.235191825119,37.93098541132787,UT Sell,106460.75326834763,206460.75326834765
TIINDIA.NS,2020-12-10 00:00:00+05:30,2021-01-15 00:00:00+05:30,838.3634643554688,814.1907958984375,9598.146432819274,-276.74489811044805,-2.883316065737085,UT Sell,106184.00837023718,206184.0083702372
ARVINDFASN.NS,2021-01-05 00:00:00+05:30,2021-01-15 00:00:00+05:30,158.33837890625,157.12855529785156,8043.990588654565,-61.462102789692835,-0.7640747724938834,UT Sell,106122.54626744748,206122.54626744747
UNIINFO.NS,2021-01-13 00:00:00+05:30,2021-01-18 00:00:00+05:30,23.850000381469727,22.649999618530273,20258.353066974105,-1019.2888363705606,-5.031449659312348,UT Sell,105103.25743107693,205103.25743107693
GANGAFORGE.NS,2020-12-08 00:00:00+05:30,2021-01-18 00:00:00+05:30,1.462499976158142,2.819999933242798,9646.835231889527,8954.241796087888,92.82051139930189,UT Sell,114057.49922716481,214057.4992271648
APCL.NS,2020-12-23 00:00:00+05:30,2021-01-21 00:00:00+05:30,188.4864959716797,190.73472595214844,9813.591665525219,117.0545979157414,1.1927803999319586,UT Sell,114174.55382508055,214174.55382508057
HAPPSTMNDS.NS,2021-01-15 00:00:00+05:30,2021-01-21 00:00:00+05:30,365.1146545410156,352.5411682128906,8651.965010286849,-297.9485003279624,-3.4437090299569317,UT Sell,113876.6053247526,213876.6053247526
WIPL.NS,2020-12-22 00:00:00+05:30,2021-02-02 00:00:00+05:30,47.49223709106445,47.49223709106445,8083.7214181875825,-9.094947017729282e-13,0.0,UT Sell,113876.6053247526,213876.6053247526
UNIINFO.NS,2021-01-21 00:00:00+05:30,2021-02-03 00:00:00+05:30,22.899999618530273,22.299999237060547,9142.331386699923,-239.5372231842266,-2.6200890456968273,UT Sell,113637.06810156838,213637.06810156838
LTIM.NS,2020-12-18 00:00:00+05:30,2021-02-05 00:00:00+05:30,3162.92333984375,3886.888671875,11199.87281647195,2563.5523757858264,22.88912041943496,UT Sell,116200.62047735421,216200.6204773542
ZEEL.NS,2021-01-08 00:00:00+05:30,2021-02-05 00:00:00+05:30,218.97222900390625,203.95726013183594,8781.525791857513,-602.1509531771308,-6.857019696229361,UT Sell,115598.46952417708,215598.46952417708
CROMPTON.NS,2021-01-21 00:00:00+05:30,2021-02-11 00:00:00+05:30,418.6892395019531,384.1551818847656,9142.331386699923,-754.0719203562039,-8.248135934486179,UT Sell,114844.39760382088,214844.3976038209
RELAXO.NS,2020-12-10 00:00:00+05:30,2021-02-12 00:00:00+05:30,727.4004516601562,858.1182250976562,9598.146432819274,1724.838536959549,17.970537843241786,UT Sell,116569.23614078043,216569.23614078044
SECURKLOUD.NS,2020-12-23 00:00:00+05:30,2021-02-15 00:00:00+05:30,78.5,97.3499984741211,9813.591665525219,2356.5119480356407,24.012736909708398,UT Sell,118925.74808881606,218925.74808881606
MATRIMONY.NS,2021-02-11 00:00:00+05:30,2021-02-18 00:00:00+05:30,864.4905395507812,827.2767944335938,8388.25946634372,-361.0896076659892,-4.304702413114326,UT Sell,118564.65848115008,218564.65848115008
BAJAJHIND.NS,2020-12-23 00:00:00+05:30,2021-02-22 00:00:00+05:30,6.400000095367432,6.150000095367432,9813.591665525219,-383.34341872231744,-3.906249941792339,UT Sell,118181.31506242776,218181.31506242778
LT.NS,2021-01-04 00:00:00+05:30,2021-02-22 00:00:00+05:30,1247.479736328125,1378.05419921875,10950.828371006311,1146.229867396787,10.467060833786569,UT Sell,119327.54492982455,219327.54492982454
NELCO.NS,2021-01-12 00:00:00+05:30,2021-02-22 00:00:00+05:30,210.8890838623047,201.33680725097656,9838.492141357032,-445.6370934494771,-4.529526344552314,UT Sell,118881.90783637507,218881.90783637506
SUNDRMBRAK.NS,2021-01-18 00:00:00+05:30,2021-02-22 00:00:00+05:30,352.3544921875,352.1553955078125,18920.07062929048,-10.690720071022952,-0.05650465202002852,UT Sell,118871.21711630405,218871.21711630403
ARVINDFASN.NS,2021-02-02 00:00:00+05:30,2021-02-22 00:00:00+05:30,144.2079315185547,159.5481719970703,8083.721418187582,859.9126914206472,10.637584435875391,UT Sell,119731.12980772469,219731.12980772468
SEYAIND.NS,2021-02-03 00:00:00+05:30,2021-02-22 00:00:00+05:30,62.95000076293945,52.75,8902.794163515697,-1442.5497404221596,-16.203336996533444,UT Sell,118288.58006730254,218288.58006730254
VIVIMEDLAB.NS,2021-02-22 00:00:00+05:30,2021-02-23 00:00:00+05:30,17.700000762939453,14.199999809265137,11038.903329172463,-2182.8344923306013,-19.774015835087845,UT Sell,116105.74557497194,216105.74557497195
GUJALKALI.NS,2021-02-23 00:00:00+05:30,2021-02-26 00:00:00+05:30,284.318115234375,282.69342041015625,8856.068836841861,-50.60672687099577,-0.5714355636043278,UT Sell,116055.13884810093,216055.13884810093
ICIL.NS,2021-02-22 00:00:00+05:30,2021-02-26 00:00:00+05:30,129.96353149414062,123.73371887207031,11038.903329172463,-529.150743314427,-4.793508263778734,UT Sell,115525.9881047865,215525.9881047865
ASIANPAINT.NS,2021-02-18 00:00:00+05:30,2021-02-26 00:00:00+05:30,2364.930908203125,2179.669921875,8027.16985867773,-628.8223475297837,-7.833674365941046,UT Sell,114897.16575725672,214897.16575725673
BANKA.NS,2020-10-28 00:00:00+05:30,2021-03-04 00:00:00+05:30,33.099998474121094,72.5,5898.401031558273,7021.058016825558,119.03324272562554,UT Sell,121918.22377408227,221918.22377408226
BIOFILCHEM.NS,2021-02-22 00:00:00+05:30,2021-03-04 00:00:00+05:30,70.94999694824219,94.69999694824219,11038.903329172463,3695.193310002551,33.47427910014649,UT Sell,125613.41708408482,225613.41708408482
LMW.NS,2021-02-22 00:00:00+05:30,2021-03-05 00:00:00+05:30,6138.060546875,6197.27197265625,11038.903329172463,106.4879044756999,0.964660177739618,UT Sell,125719.90498856052,225719.90498856053
HONDAPOWER.NS,2021-02-26 00:00:00+05:30,2021-03-05 00:00:00+05:30,973.622802734375,986.7360229492188,8904.520735658949,119.93036829704761,1.3468480994915044,UT Sell,125839.83535685757,225839.83535685757
MASKINVEST.NS,2021-03-04 00:00:00+05:30,2021-03-05 00:00:00+05:30,36.0,34.20000076293945,13826.777843779422,-691.3385991613504,-4.999997880723739,UT Sell,125148.49675769622,225148.4967576962
WIPL.NS,2021-02-05 00:00:00+05:30,2021-03-09 00:00:00+05:30,47.204978942871094,51.705257415771484,10971.40001546908,1045.9565158783116,9.53348264035192,UT Sell,126194.45327357453,226194.45327357453
SHANTI.NS,2021-03-05 00:00:00+05:30,2021-03-09 00:00:00+05:30,24.0,23.5,11101.760527407412,-231.28667765432147,-2.083333333333337,UT Sell,125963.16659592021,225963.16659592022
NHPC.NS,2021-01-04 00:00:00+05:30,2021-03-12 00:00:00+05:30,19.580049514770508,20.53314971923828,10950.828371006311,533.0546662624183,4.867710900060729,UT Sell,126496.22126218263,226496.22126218263
ORIENTBELL.NS,2021-03-05 00:00:00+05:30,2021-03-18 00:00:00+05:30,232.18406677246094,221.91221618652344,11101.760527407412,-491.1431992882699,-4.424011831959107,UT Sell,126005.07806289436,226005.07806289435
VINYLINDIA.NS,2020-12-23 00:00:00+05:30,2021-03-18 00:00:00+05:30,114.98705291748047,105.90089416503906,9813.591665525219,-775.4599282459094,-7.901897232692812,UT Sell,125229.61813464845,225229.61813464845
RPOWER.NS,2021-02-22 00:00:00+05:30,2021-03-19 00:00:00+05:30,3.4000000953674316,4.349999904632568,11038.903329172463,3084.3987538408637,27.941170077010604,UT Sell,128314.01688848932,228314.0168884893
KSOLVES.NS,2021-03-18 00:00:00+05:30,2021-03-23 00:00:00+05:30,37.061012268066406,36.00984573364258,9824.374532699225,-278.65007182541194,-2.836313608545349,UT Sell,128035.36681666391,228035.3668166639
JYOTHYLAB.NS,2020-12-23 00:00:00+05:30,2021-03-24 00:00:00+05:30,135.05032348632812,130.44314575195312,9813.591665525219,-334.7860253013987,-3.4114525722268363,UT Sell,127700.58079136252,227700.5807913625
63MOONS.NS,2021-01-14 00:00:00+05:30,2021-03-24 00:00:00+05:30,77.62434387207031,71.44144439697266,11149.956610012701,-888.1113505451958,-7.965155216368014,UT Sell,126812.46944081732,226812.4694408173
BAJAJHIND.NS,2021-02-26 00:00:00+05:30,2021-03-24 00:00:00+05:30,6.650000095367432,6.300000190734863,8904.520735658949,-468.65885166685257,-5.263156385161372,UT Sell,126343.81058915047,226343.81058915047
CROMPTON.NS,2021-03-05 00:00:00+05:30,2021-03-24 00:00:00+05:30,388.9168395996094,356.8358154296875,11101.76052740741,-915.7635040311052,-8.248813346048312,UT Sell,125428.04708511937,225428.04708511935
PKTEA.NS,2021-02-15 00:00:00+05:30,2021-03-25 00:00:00+05:30,186.3947296142578,219.1137237548828,12170.10361356086,2136.2918879034532,17.553604765723072,UT Sell,127564.33897302282,227564.33897302282
UNIINFO.NS,2021-03-09 00:00:00+05:30,2021-03-26 00:00:00+05:30,16.200000762939453,19.549999237060547,11443.91519055024,2366.487445730114,20.67900195279524,UT Sell,129930.82641875294,229930.82641875296
SANGINITA.NS,2021-03-18 00:00:00+05:30,2021-03-30 00:00:00+05:30,23.207141876220703,18.14047622680664,9824.374532699225,-2144.8923455244403,-21.832355213916465,Stop Loss,127785.9340732285,227785.9340732285
INNOVANA.NS,2021-03-24 00:00:00+05:30,2021-03-30 00:00:00+05:30,44.815242767333984,46.341915130615234,9590.627451764933,326.713523636392,3.4065917509523036,UT Sell,128112.6475968649,228112.6475968649
SPECIALITY.NS,2021-01-15 00:00:00+05:30,2021-03-30 00:00:00+05:30,47.539127349853516,39.16133499145508,8651.965010286849,-1524.730687942154,-17.62294098657714,UT Sell,126587.91690892275,226587.91690892275
OSIAHYPER.NS,2021-03-24 00:00:00+05:30,2021-03-30 00:00:00+05:30,9.0625,8.75,9590.627451764933,-330.7112914401714,-3.4482758620689613,UT Sell,126257.20561748258,226257.2056174826
HLVLTD.NS,2021-03-04 00:00:00+05:30,2021-03-31 00:00:00+05:30,7.199999809265137,5.75,13826.777843779422,-2784.559134353345,-20.138886773291876,Stop Loss,123472.64648312924,223472.64648312924
VIKASLIFE.NS,2021-02-26 00:00:00+05:30,2021-03-31 00:00:00+05:30,2.788311004638672,2.4553780555725098,8904.52073565895,-1063.2272883518963,-11.940308972431357,UT Sell,122409.41919477735,222409.41919477735
SOLARA.NS,2021-03-24 00:00:00+05:30,2021-04-05 00:00:00+05:30,1292.259033203125,1342.8271484375,9590.627451764933,375.29623836227984,3.9131562585429824,UT Sell,122784.71543313963,222784.71543313965
ORIENTELEC.NS,2020-11-27 00:00:00+05:30,2021-04-05 00:00:00+05:30,229.21343994140625,299.1551818847656,9101.135532317581,2777.1027429962905,30.51380493274678,UT Sell,125561.81817613592,225561.81817613592
HEMIPROP.NS,2021-04-05 00:00:00+05:30,2021-04-07 00:00:00+05:30,151.5,148.75,10922.080982720541,-198.25559539591814,-1.8151815181518205,UT Sell,125363.56258073999,225363.56258074
LCCINFOTEC.NS,2021-03-31 00:00:00+05:30,2021-04-08 00:00:00+05:30,5.449999809265137,4.349999904632568,9441.756078366565,-1905.6754402286124,-20.183485195036898,Stop Loss,123457.88714051138,223457.88714051136
CAMLINFINE.NS,2021-04-08 00:00:00+05:30,2021-04-12 00:00:00+05:30,146.3000030517578,133.9499969482422,7536.0806381379525,-636.162952400372,-8.441562437388638,UT Sell,122821.72418811101,222821.72418811102
NAVKARCORP.NS,2021-04-07 00:00:00+05:30,2021-04-12 00:00:00+05:30,33.54999923706055,33.04999923706055,10723.825387324623,-159.81856380310637,-1.4903129996130748,UT Sell,122661.9056243079,222661.9056243079
GREENPANEL.NS,2021-04-05 00:00:00+05:30,2021-04-12 00:00:00+05:30,174.24447631835938,183.7191162109375,10922.080982720541,593.8942018442012,5.437555377805592,UT Sell,123255.7998261521,223255.7998261521
PIONEEREMB.NS,2021-03-30 00:00:00+05:30,2021-04-12 00:00:00+05:30,40.643226623535156,38.32217025756836,8495.993411311392,-485.18981465701927,-5.71080733197189,UT Sell,122770.61001149508,222770.61001149507
NHPC.NS,2021-03-30 00:00:00+05:30,2021-04-12 00:00:00+05:30,20.951339721679688,19.61313247680664,8495.993411311392,-542.6574188783698,-6.38721562749669,UT Sell,122227.95259261671,222227.95259261673
VALIANTORG.NS,2021-03-31 00:00:00+05:30,2021-04-12 00:00:00+05:30,1283.4415283203125,1377.07080078125,9441.756078366565,688.7923858347112,7.295172424681762,UT Sell,122916.74497845142,222916.7449784514
WHEELS.NS,2021-03-24 00:00:00+05:30,2021-04-12 00:00:00+05:30,456.604248046875,410.4892883300781,9590.627451764933,-968.6099077894305,-10.099546798798665,UT Sell,121948.13507066199,221948.13507066199
CYIENT.NS,2021-02-22 00:00:00+05:30,2021-04-12 00:00:00+05:30,568.9533081054688,586.9821166992188,11038.903329172463,349.7972019343051,3.1687676891770433,UT Sell,122297.93227259628,222297.93227259628
ABB.NS,2021-01-18 00:00:00+05:30,2021-04-12 00:00:00+05:30,1315.303955078125,1281.014892578125,18920.07062929048,-493.23312821151194,-2.606930692150422,UT Sell,121804.69914438477,221804.69914438477
VGUARD.NS,2020-12-15 00:00:00+05:30,2021-04-12 00:00:00+05:30,192.83456420898438,226.6454620361328,14292.561103789516,2506.004694494435,17.53362939151608,UT Sell,124310.7038388792,224310.70383887918
WIPL.NS,2021-03-25 00:00:00+05:30,2021-04-12 00:00:00+05:30,54.051143646240234,55.5352783203125,14306.395501464312,392.8245767319968,2.7457969877303423,UT Sell,124703.52841561119,224703.5284156112
SHIVATEX.NS,2021-03-09 00:00:00+05:30,2021-04-15 00:00:00+05:30,142.8697509765625,137.91104125976562,11443.91519055024,-397.1943190612146,-3.4707904807717793,UT Sell,124306.33409654998,224306.33409654998
MCL.NS,2021-04-12 00:00:00+05:30,2021-04-16 00:00:00+05:30,101.0999984741211,90.05000305175781,11364.539018159456,-1242.117764819508,-10.92976813960268,UT Sell,123064.21633173048,223064.21633173048
TFL.NS,2021-04-12 00:00:00+05:30,2021-04-16 00:00:00+05:30,2.2332301139831543,2.0509250164031982,11364.539018159456,-927.7205164323732,-8.163292104941188,UT Sell,122136.49581529811,222136.4958152981
GLFL.NS,2021-04-13 00:00:00+05:30,2021-04-16 00:00:00+05:30,2.950000047683716,2.700000047683716,11364.539018159456,-963.0965113952007,-8.474576134203637,UT Sell,121173.39930390292,221173.39930390293
AGRITECH.NS,2021-03-12 00:00:00+05:30,2021-04-19 00:00:00+05:30,35.599998474121094,37.599998474121094,11483.88303726873,645.161996038667,5.617977768886351,UT Sell,121818.56129994159,221818.5612999416
SMARTLINK.NS,2021-04-13 00:00:00+05:30,2021-04-19 00:00:00+05:30,85.44999694824219,81.75,11364.539018159456,-492.0861461333752,-4.330014137371252,UT Sell,121326.47515380822,221326.47515380822
WEL.NS,2021-04-13 00:00:00+05:30,2021-04-20 00:00:00+05:30,4.105598449707031,3.9687445163726807,11364.539018159456,-378.8197711536541,-3.3333492062312176,UT Sell,120947.65538265457,220947.65538265457
DIAMONDYD.NS,2021-04-19 00:00:00+05:30,2021-04-27 00:00:00+05:30,555.1756591796875,541.0042114257812,11500.748952666738,-293.56881955942845,-2.5526061021561297,UT Sell,120654.08656309514,220654.08656309516
XPROINDIA.NS,2021-04-12 00:00:00+05:30,2021-04-29 00:00:00+05:30,58.22581100463867,89.78685760498047,11364.539018159456,6160.098749246419,54.204563329873444,UT Sell,126814.18531234156,226814.18531234155
PIIND.NS,2021-03-19 00:00:00+05:30,2021-04-30 00:00:00+05:30,2244.615234375,2473.863525390625,14123.302083013326,1442.4489402210402,10.213255595204851,UT Sell,128256.63425256261,228256.6342525626
LTTS.NS,2021-03-30 00:00:00+05:30,2021-05-04 00:00:00+05:30,2503.538330078125,2441.771484375,8495.993411311392,-209.61161561878725,-2.4671819464892164,UT Sell,128047.02263694382,228047.02263694382
SOBHA.NS,2021-04-13 00:00:00+05:30,2021-05-04 00:00:00+05:30,518.1360473632812,471.0149841308594,11364.539018159456,-1033.5300244156824,-9.09434181856562,UT Sell,127013.49261252813,227013.49261252815
GREENPANEL.NS,2021-04-16 00:00:00+05:30,2021-05-04 00:00:00+05:30,205.92529296875,221.3709259033203,10320.227420610428,774.0789984658459,7.500600199177199,UT Sell,127787.57161099398,227787.571610994
PKTEA.NS,2021-03-26 00:00:00+05:30,2021-05-14 00:00:00+05:30,222.07470703125,216.05401611328125,13810.402636280354,-374.4152895090574,-2.7111105980752392,UT Sell,127413.15632148493,227413.15632148494
SALONA.NS,2021-04-19 00:00:00+05:30,2021-05-20 00:00:00+05:30,83.202880859375,105.5077133178711,11500.748952666738,3083.093708858665,26.8077646207882,UT Sell,130496.2500303436,230496.2500303436
ANDHRAPAP.NS,2021-05-04 00:00:00+05:30,2021-05-26 00:00:00+05:30,40.90388488769531,41.4649543762207,9903.89906950422,135.8495800726596,1.3716777515530687,UT Sell,130632.09961041625,230632.09961041625
EIFFL.NS,2021-04-13 00:00:00+05:30,2021-05-28 00:00:00+05:30,76.8499984741211,83.5999984741211,11364.539018159456,998.1865959100614,8.783344351363965,UT Sell,131630.2862063263,231630.2862063263
INDOCO.NS,2021-05-26 00:00:00+05:30,2021-06-01 00:00:00+05:30,389.3521728515625,366.7661437988281,10039.748649576879,-582.398328538271,-5.8009253903265385,UT Sell,131047.88787778803,231047.88787778805
HONAUT.NS,2021-03-30 00:00:00+05:30,2021-06-07 00:00:00+05:30,46092.7734375,41066.28125,8495.993411311392,-926.5019507865927,-10.905163244984006,UT Sell,130121.38592700144,230121.38592700142
SANGHVIMOV.NS,2021-04-13 00:00:00+05:30,2021-06-11 00:00:00+05:30,58.01556396484375,83.78941345214844,11364.539018159456,5048.781708372939,44.425750136503225,UT Sell,135170.16763537438,235170.16763537438
FINEORG.NS,2021-06-01 00:00:00+05:30,2021-06-14 00:00:00+05:30,3012.57177734375,2898.287841796875,9457.350321038608,-358.77094204433524,-3.7935672240693163,UT Sell,134811.39669333005,234811.39669333005
GSS.NS,2021-05-28 00:00:00+05:30,2021-06-16 00:00:00+05:30,64.5,66.3499984741211,12362.725614069517,354.5895119690904,2.8682146885598447,UT Sell,135165.98620529915,235165.98620529915
WINDMACHIN.NS,2021-05-04 00:00:00+05:30,2021-06-18 00:00:00+05:30,28.34221076965332,34.686790466308594,9903.89906950422,2217.0492437865723,22.385620332230992,UT Sell,137383.03544908573,237383.03544908573
ASTRAL.NS,2021-04-16 00:00:00+05:30,2021-06-24 00:00:00+05:30,1246.903564453125,1433.524658203125,10320.227420610427,1544.6039163644273,14.966762392073951,UT Sell,138927.63936545016,238927.63936545016
PPAP.NS,2021-06-11 00:00:00+05:30,2021-06-28 00:00:00+05:30,223.5454864501953,214.27313232421875,16413.320726532394,-680.8015879736704,-4.147860139436277,UT Sell,138246.8377774765,238246.8377774765
LTIM.NS,2021-06-24 00:00:00+05:30,2021-06-28 00:00:00+05:30,3943.712646484375,3884.531982421875,11864.831336974854,-178.04760652064215,-1.5006332704097125,UT Sell,138068.79017095585,238068.79017095585
ORIENTELEC.NS,2021-05-20 00:00:00+05:30,2021-07-06 00:00:00+05:30,282.282958984375,299.1068420410156,14583.842661525403,869.1876560197561,5.959935774079739,UT Sell,138937.9778269756,238937.9778269756
OPTIEMUS.NS,2021-06-18 00:00:00+05:30,2021-07-07 00:00:00+05:30,132.7283172607422,171.52352905273438,12120.948313290792,3542.8367257164846,29.229039132455625,UT Sell,142480.81455269209,242480.81455269209
JKCEMENT.NS,2021-07-06 00:00:00+05:30,2021-07-16 00:00:00+05:30,2952.61376953125,3088.890869140625,15453.030317545159,713.2304853354126,4.615473280510041,UT Sell,143194.04503802749,243194.04503802749
ZEEMEDIA.NS,2021-02-12 00:00:00+05:30,2021-07-20 00:00:00+05:30,5.550000190734863,12.199999809265137,11322.984969778823,13567.17894448994,119.81980882868694,UT Sell,156761.22398251743,256761.22398251743
ARVINDFASN.NS,2021-04-27 00:00:00+05:30,2021-07-20 00:00:00+05:30,126.53311920166016,166.7778778076172,11207.18013310731,3564.5233592286513,31.80571131090002,UT Sell,160325.7473417461,260325.7473417461
NSIL.NS,2021-06-28 00:00:00+05:30,2021-07-20 00:00:00+05:30,1695.800048828125,1715.5999755859375,13709.651434506468,160.0719934322169,1.167586165096246,UT Sell,160485.8193351783,260485.8193351783
FCL.NS,2021-03-23 00:00:00+05:30,2021-07-23 00:00:00+05:30,6.169615268707275,10.084312438964844,9545.724460873813,6056.8801955249055,63.45123641847148,UT Sell,166542.6995307032,266542.6995307032
CONCOR.NS,2021-04-30 00:00:00+05:30,2021-07-27 00:00:00+05:30,552.91845703125,599.0809936523438,15565.751023234367,1299.5669479057942,8.348886898974461,UT Sell,167842.26647860897,267842.26647860894
ARENTERP.NS,2021-06-07 00:00:00+05:30,2021-07-28 00:00:00+05:30,12.600000381469727,17.850000381469727,7569.4914605248,3153.954679731505,41.666665405192745,UT Sell,170996.2211583405,270996.22115834046
ORIENTELEC.NS,2021-07-16 00:00:00+05:30,2021-07-28 00:00:00+05:30,322.3121337890625,335.45220947265625,16166.260802880572,659.0688596588425,4.0768169442213065,UT Sell,171655.29001799933,271655.29001799936
SOLARA.NS,2021-04-12 00:00:00+05:30,2021-07-28 00:00:00+05:30,1437.7735595703125,1652.5760498046875,11364.539018159456,1697.8551769973565,14.939938824481525,UT Sell,173353.14519499667,273353.1451949967
BETA.NS,2021-07-22 00:00:00+05:30,2021-07-30 00:00:00+05:30,379.0,375.0,17843.86361151447,-188.32573732468882,-1.055408970976257,UT Sell,173164.81945767198,273164.81945767195
BAJFINANCE.NS,2021-07-22 00:00:00+05:30,2021-07-30 00:00:00+05:30,607.8740844726562,611.0676879882812,17843.86361151447,93.74675943209877,0.5253725396757947,UT Sell,173258.5662171041,273258.5662171041
LALPATHLAB.NS,2021-07-23 00:00:00+05:30,2021-07-30 00:00:00+05:30,1663.7320556640625,1719.079345703125,15602.604656398718,519.0510589385995,3.3266949356800746,UT Sell,173777.6172760427,273777.6172760427
MASKINVEST.NS,2021-07-27 00:00:00+05:30,2021-07-30 00:00:00+05:30,34.70000076293945,33.599998474121094,16865.31797114016,-534.6365406918812,-3.170035344763422,UT Sell,173242.9807353508,273242.9807353508
WESTLIFE.NS,2021-04-20 00:00:00+05:30,2021-08-03 00:00:00+05:30,419.6546936035156,536.4494018554688,10985.719247005802,3057.451504650964,27.83114547082828,UT Sell,176300.43224000177,276300.43224000174
PIONEEREMB.NS,2021-06-14 00:00:00+05:30,2021-08-03 00:00:00+05:30,56.44618606567383,69.1401596069336,9098.579378994273,2046.1457885857308,22.488629305247688,UT Sell,178346.5780285875,278346.5780285875
ABREL.NS,2021-07-28 00:00:00+05:30,2021-08-04 00:00:00+05:30,785.3729248046875,770.327392578125,13537.056665984175,-259.331861193863,-1.9157182214174395,UT Sell,178087.24616739363,278087.24616739363
ZEEL.NS,2021-07-30 00:00:00+05:30,2021-08-06 00:00:00+05:30,192.0684356689453,186.19508361816406,17011.37134773049,-520.1988158221284,-3.0579475645361787,UT Sell,177567.0473515715,277567.0473515715
WINDMACHIN.NS,2021-06-28 00:00:00+05:30,2021-08-06 00:00:00+05:30,35.79825210571289,30.426197052001953,13709.651434506468,-2057.3351474219744,-15.006473047474945,UT Sell,175509.71220414952,275509.7122041495
ESTER.NS,2021-08-04 00:00:00+05:30,2021-08-09 00:00:00+05:30,149.86273193359375,141.2609100341797,13277.724804790312,-762.1149202781635,-5.739800541755535,UT Sell,174747.59728387135,274747.5972838714
MAANALU.NS,2021-04-15 00:00:00+05:30,2021-08-09 00:00:00+05:30,19.411699295043945,50.48137664794922,11046.720871489026,17680.989596433556,160.05645297028562,UT Sell,192428.5868803049,292428.5868803049
IGPL.NS,2021-04-16 00:00:00+05:30,2021-08-09 00:00:00+05:30,427.9875793457031,581.1946411132812,10320.227420610427,3694.340200951883,35.79708130824668,UT Sell,196122.92708125678,296122.92708125676
ORIENTALTL.NS,2021-04-12 00:00:00+05:30,2021-08-10 00:00:00+05:30,7.150000095367432,9.300000190734863,11364.539018159456,3417.309041531431,30.069931002664486,UT Sell,199540.23612278822,299540.2361227882
ORIENTPPR.NS,2021-07-07 00:00:00+05:30,2021-08-10 00:00:00+05:30,30.924652099609375,27.81785011291504,15663.785039007276,-1573.6402893585182,-10.046360349300675,UT Sell,197966.59583342972,297966.5958334297
ARVINDFASN.NS,2021-07-22 00:00:00+05:30,2021-08-10 00:00:00+05:30,200.13345336914062,195.82151794433594,17843.86361151447,-384.4514064320683,-2.1545300659212785,UT Sell,197582.14442699763,297582.14442699763
INTENTECH.NS,2021-07-28 00:00:00+05:30,2021-08-11 00:00:00+05:30,105.67076110839844,80.92385864257812,13537.056665984175,-3170.226252498982,-23.41887406340778,Stop Loss,194411.91817449866,294411.91817449866
HLVLTD.NS,2021-07-30 00:00:00+05:30,2021-08-11 00:00:00+05:30,10.100000381469727,8.5,17011.371347730492,-2694.871249275264,-15.841587337018481,UT Sell,191717.0469252234,291717.04692522343
FCL.NS,2021-08-03 00:00:00+05:30,2021-08-16 00:00:00+05:30,10.552547454833984,10.315966606140137,12593.947959618385,-282.34764254272886,-2.2419311517568485,UT Sell,191434.69928268067,291434.69928268064
NELCO.NS,2021-04-29 00:00:00+05:30,2021-08-16 00:00:00+05:30,198.28399658203125,464.47137451171875,17524.637767405875,23526.040713747017,134.24551780181827,UT Sell,214960.73999642767,314960.73999642767
ASAHIINDIA.NS,2021-07-30 00:00:00+05:30,2021-08-16 00:00:00+05:30,377.41925048828125,344.4566345214844,17011.37134773049,-1485.719925728119,-8.733686987124244,UT Sell,213475.02007069954,313475.0200706995
VALIANTORG.NS,2021-08-09 00:00:00+05:30,2021-08-16 00:00:00+05:30,1450.4345703125,1362.765869140625,18419.29599133235,-1113.3185799015519,-6.044305821598462,UT Sell,212361.70149079798,312361.701490798
XCHANGING.NS,2021-08-06 00:00:00+05:30,2021-08-20 00:00:00+05:30,91.873291015625,77.15242004394531,14071.744409496427,-2254.7176824592243,-16.023014751018437,UT Sell,210106.98380833876,310106.98380833876
RAJMET.NS,2021-08-09 00:00:00+05:30,2021-08-20 00:00:00+05:30,7.841043949127197,8.01844310760498,18419.29599133235,416.7260928284013,2.262443108707868,UT Sell,210523.70990116717,310523.7099011672
KITEX.NS,2021-08-11 00:00:00+05:30,2021-08-20 00:00:00+05:30,52.80569839477539,48.22726821899414,12341.66525597021,-1070.0635413415093,-8.670333533992691,UT Sell,209453.64635982565,309453.6463598256
WHEELS.NS,2021-08-16 00:00:00+05:30,2021-08-20 00:00:00+05:30,801.2261352539062,777.4320068359375,21548.47690791543,-639.9282352367263,-2.9697144627500727,UT Sell,208813.71812458892,308813.71812458895
BETA.NS,2021-08-09 00:00:00+05:30,2021-08-23 00:00:00+05:30,375.0,326.70001220703125,18419.295991332347,-2372.4047240971486,-12.879996744791667,UT Sell,206441.31340049178,306441.3134004918
JHS.NS,2021-08-10 00:00:00+05:30,2021-08-23 00:00:00+05:30,30.049999237060547,23.200000762939453,15443.801671474015,-3520.4665747131003,-22.795336599120496,Stop Loss,202920.8468257787,302920.8468257787
ANDHRAPAP.NS,2021-07-28 00:00:00+05:30,2021-08-23 00:00:00+05:30,46.88562774658203,40.149452209472656,13537.056665984177,-1944.9028271678326,-14.367250393912967,UT Sell,200975.94399861086,300975.94399861083
UNIINFO.NS,2021-08-16 00:00:00+05:30,2021-08-24 00:00:00+05:30,26.0,25.600000381469727,21548.47690791543,-331.5147131951744,-1.5384600712702867,UT Sell,200644.42928541568,300644.4292854157
DIAMONDYD.NS,2021-08-23 00:00:00+05:30,2021-08-27 00:00:00+05:30,691.5501098632812,660.8986206054688,13187.460067604152,-584.5061476165665,-4.432287526333023,UT Sell,200059.9231377991,300059.92313779914
PKTEA.NS,2021-06-16 00:00:00+05:30,2021-08-27 00:00:00+05:30,269.6974182128906,320.873291015625,12717.315126038608,2413.147688231502,18.97529206688131,UT Sell,202473.0708260306,302473.07082603057
MASKINVEST.NS,2021-08-10 00:00:00+05:30,2021-08-30 00:00:00+05:30,31.350000381469727,30.399999618530273,15443.801671474015,-467.99436019330824,-3.030305427048663,UT Sell,202005.07646583728,302005.0764658373
ASIANPAINT.NS,2021-05-14 00:00:00+05:30,2021-09-17 00:00:00+05:30,2655.67138671875,3177.2353515625,13435.987346771297,2638.7778500076347,19.639627382067594,UT Sell,204643.85431584492,304643.85431584495
PIONEEREMB.NS,2021-08-06 00:00:00+05:30,2021-09-17 00:00:00+05:30,71.81847381591797,63.78353500366211,14071.744409496427,-1574.3248123290978,-11.187843997981172,UT Sell,203069.5295035158,303069.5295035158
NELCO.NS,2021-08-30 00:00:00+05:30,2021-09-17 00:00:00+05:30,483.473876953125,504.901123046875,14975.807311280707,663.7179876887203,4.431934612224664,UT Sell,203733.24749120453,303733.2474912045
DANGEE.NS,2021-02-05 00:00:00+05:30,2021-09-20 00:00:00+05:30,8.59666633605957,12.673333168029785,10971.40001546908,5202.800806136855,47.42148494085703,UT Sell,208936.0482973414,308936.0482973414
WSI.NS,2021-08-10 00:00:00+05:30,2021-09-20 00:00:00+05:30,4.300000190734863,8.199999809265137,15443.801671474015,14007.166966453671,90.6976615241445,UT Sell,222943.21526379505,322943.21526379505
XPROINDIA.NS,2021-09-17 00:00:00+05:30,2021-09-23 00:00:00+05:30,300.2599182128906,322.9548034667969,14737.236697638562,1113.9012419747087,7.558413187142454,UT Sell,224057.11650576975,324057.1165057698
E2E.NS,2021-09-20 00:00:00+05:30,2021-09-24 00:00:00+05:30,46.0,45.5,22812.58472976681,-247.96287749746625,-1.0869565217391353,UT Sell,223809.1536282723,323809.1536282723
FORTIS.NS,2021-08-16 00:00:00+05:30,2021-09-27 00:00:00+05:30,256.0866394042969,264.83154296875,21548.47690791543,735.8421859059454,3.414822258902417,UT Sell,224544.99581417826,324544.99581417826
BAJFINANCE.NS,2021-08-03 00:00:00+05:30,2021-09-28 00:00:00+05:30,621.251953125,740.1080932617188,12593.947959618385,2409.437968015154,19.131712912748643,UT Sell,226954.4337821934,326954.4337821934
ASIANPAINT.NS,2021-09-24 00:00:00+05:30,2021-09-30 00:00:00+05:30,3317.24169921875,3121.06005859375,22564.621852269345,-1334.4715086945544,-5.913998991125768,UT Sell,225619.96227349885,325619.9622734989
ZODIAC.NS,2021-09-28 00:00:00+05:30,2021-09-30 00:00:00+05:30,28.8455867767334,28.645965576171875,15003.385927633539,-103.8284966966894,-0.6920337662277509,UT Sell,225516.13377680216,325516.13377680216
RBA.NS,2021-09-17 00:00:00+05:30,2021-10-06 00:00:00+05:30,164.64999389648438,159.25,14737.236697638564,-483.33429194249766,-3.2796805931735173,UT Sell,225032.79948485966,325032.7994848597
LXCHEM.NS,2021-09-30 00:00:00+05:30,2021-10-06 00:00:00+05:30,541.7368774414062,556.5485229492188,18064.85388725582,493.91175507966545,2.734103238045571,UT Sell,225526.71123993932,325526.7112399393
TNTELE.NS,2021-09-20 00:00:00+05:30,2021-10-07 00:00:00+05:30,12.600000381469727,9.899999618530273,22812.58472976681,-4888.412246842065,-21.428576834888247,Stop Loss,220638.29899309727,320638.29899309727
GLOBE.NS,2021-08-20 00:00:00+05:30,2021-10-11 00:00:00+05:30,8.642021179199219,9.78882884979248,15708.299799626338,2084.5122140581607,13.270132609181196,UT Sell,222722.81120715544,322722.81120715546
EQUITASBNK.NS,2021-09-27 00:00:00+05:30,2021-10-14 00:00:00+05:30,60.30389404296875,65.19075012207031,22284.319093821374,1805.8578465046485,8.10371561680494,UT Sell,224528.6690536601,324528.6690536601
NORBTEAEXP.NS,2021-10-06 00:00:00+05:30,2021-10-19 00:00:00+05:30,6.900000095367432,7.050000190734863,16406.334024015778,356.65965713312835,2.173914395568488,UT Sell,224885.32871079323,324885.3287107932
APCL.NS,2021-10-06 00:00:00+05:30,2021-10-19 00:00:00+05:30,377.1219177246094,358.13818359375,16406.334024015778,-825.8694828801345,-5.03384535308874,UT Sell,224059.4592279131,324059.45922791306
GALAXYSURF.NS,2021-08-24 00:00:00+05:30,2021-10-19 00:00:00+05:30,3109.018798828125,3243.901123046875,21216.962194720254,920.4811417556884,4.338420992166103,UT Sell,224979.94036966877,324979.94036966877
ORIENTELEC.NS,2021-08-23 00:00:00+05:30,2021-10-19 00:00:00+05:30,321.52557373046875,315.94525146484375,13187.460067604152,-228.87845650493,-1.7355764895712222,UT Sell,224751.06191316384,324751.06191316387
BBTC.NS,2021-08-20 00:00:00+05:30,2021-10-19 00:00:00+05:30,1154.3992919921875,1104.4981689453125,15708.29979962634,-679.02138072661,-4.322691757785025,UT Sell,224072.04053243724,324072.04053243727
VAISHALI.NS,2021-08-16 00:00:00+05:30,2021-10-21 00:00:00+05:30,4.050000190734863,3.5199999809265137,21548.47690791543,-2819.925122070992,-13.08642431723398,UT Sell,221252.11541036624,321252.1154103662
TCIFINANCE.NS,2021-10-19 00:00:00+05:30,2021-10-21 00:00:00+05:30,5.5,5.099999904632568,16493.75231775189,-1199.5459091031917,-7.272729006680578,UT Sell,220052.56950126306,320052.5695012631
INNOVANA.NS,2021-10-19 00:00:00+05:30,2021-10-21 00:00:00+05:30,82.7279281616211,78.62879180908203,16493.75231775189,-817.2589501260791,-4.954960729260383,UT Sell,219235.310551137,319235.31055113696
IGARASHI.NS,2021-08-20 00:00:00+05:30,2021-10-22 00:00:00+05:30,458.92572021484375,551.693115234375,15708.29979962634,3175.2808535441654,20.214032670930425,UT Sell,222410.59140468115,322410.59140468115
HONDAPOWER.NS,2021-08-11 00:00:00+05:30,2021-10-25 00:00:00+05:30,1130.6109619140625,1204.519287109375,12341.66525597021,806.7777864507098,6.537025350452086,UT Sell,223217.36919113187,323217.3691911319
AURUM.NS,2021-08-20 00:00:00+05:30,2021-10-26 00:00:00+05:30,63.305137634277344,62.06814193725586,15708.29979962634,-306.9434801945681,-1.9540210214339715,UT Sell,222910.4257109373,322910.4257109373
WINDMACHIN.NS,2021-09-30 00:00:00+05:30,2021-10-28 00:00:00+05:30,28.571407318115234,27.46881675720215,18064.85388725582,-697.1353268879247,-3.8590698338265117,UT Sell,222213.29038404938,322213.2903840494
CONFIPET.NS,2021-10-21 00:00:00+05:30,2021-11-01 00:00:00+05:30,89.83634948730469,84.36762237548828,16566.41718737298,-1008.4694595816218,-6.087432473632759,UT Sell,221204.82092446776,321204.82092446776
PRITI.NS,2021-10-19 00:00:00+05:30,2021-11-02 00:00:00+05:30,67.4625015258789,70.3499984741211,16493.75231775189,705.9575083248528,4.2801510215783045,UT Sell,221910.7784327926,321910.77843279263
SAGCEM.NS,2021-09-17 00:00:00+05:30,2021-11-03 00:00:00+05:30,278.2301940917969,267.0415954589844,14737.236697638564,-592.6352706070102,-4.021345946774213,UT Sell,221318.1431621856,321318.14316218556
NHPC.NS,2021-10-14 00:00:00+05:30,2021-11-03 00:00:00+05:30,26.17190170288086,25.748411178588867,24090.176940326022,-389.80589865284855,-1.6181113970994976,UT Sell,220928.33726353274,320928.33726353274
RELAXO.NS,2021-10-07 00:00:00+05:30,2021-11-08 00:00:00+05:30,1309.9835205078125,1371.6859130859375,17924.172482924747,844.2581985693396,4.710165556449608,UT Sell,221772.5954621021,321772.5954621021
HERITGFOOD.NS,2021-10-21 00:00:00+05:30,2021-11-08 00:00:00+05:30,237.7888946533203,254.9251251220703,16566.41718737298,1193.8570275881502,7.206488971544878,UT Sell,222966.45248969024,322966.4524896903
ASIANPAINT.NS,2021-11-03 00:00:00+05:30,2021-11-10 00:00:00+05:30,3053.47998046875,2993.434326171875,18922.486234352364,-372.1043118451598,-1.9664662837467595,UT Sell,222594.3481778451,322594.3481778451
CENTUM.NS,2021-08-23 00:00:00+05:30,2021-11-11 00:00:00+05:30,455.7642822265625,562.8580932617188,13187.460067604152,3098.7407561078016,23.49763138786716,UT Sell,225693.0889339529,325693.0889339529
SOLARA.NS,2021-11-08 00:00:00+05:30,2021-11-11 00:00:00+05:30,1351.300048828125,1248.6500244140625,18264.352448227608,-1387.4314785554125,-7.596390194989089,UT Sell,224305.6574553975,324305.65745539754
BOHRAIND.NS,2021-10-19 00:00:00+05:30,2021-11-12 00:00:00+05:30,88.0,96.0,16493.75231775189,1499.4320288865347,9.090909090909083,UT Sell,225805.08948428405,325805.08948428405
HONAUT.NS,2021-11-11 00:00:00+05:30,2021-11-15 00:00:00+05:30,44788.2578125,41975.640625,16581.560896692074,-1041.2904062680009,-6.279809318046359,UT Sell,224763.79907801605,324763.7990780161
IGPL.NS,2021-08-27 00:00:00+05:30,2021-11-15 00:00:00+05:30,562.626953125,695.865966796875,13866.708367128847,3283.857155171345,23.681590960373523,UT Sell,228047.6562331874,328047.6562331874
CAMLINFINE.NS,2021-09-23 00:00:00+05:30,2021-11-15 00:00:00+05:30,184.39999389648438,160.1999969482422,15851.13793961327,-2080.2467595532853,-13.123643031044352,UT Sell,225967.4094736341,325967.4094736341
UNIINFO.NS,2021-11-10 00:00:00+05:30,2021-11-16 00:00:00+05:30,25.950000762939453,25.0,18550.381922507204,-679.1089195021632,-3.6608891522508125,UT Sell,225288.3005541319,325288.3005541319
LT.NS,2021-08-27 00:00:00+05:30,2021-11-18 00:00:00+05:30,1572.0574951171875,1820.51953125,13866.708367128847,2191.6186946457146,15.804894980274952,UT Sell,227479.91924877762,327479.9192487776
DEVYANI.NS,2021-10-11 00:00:00+05:30,2021-11-18 00:00:00+05:30,114.75,149.85000610351562,17792.8120136845,5442.508150579801,30.588240613085517,UT Sell,232922.42739935743,332922.42739935743
ARENTERP.NS,2021-11-03 00:00:00+05:30,2021-11-22 00:00:00+05:30,27.100000381469727,26.399999618530273,18922.486234352364,-488.7732330002109,-2.5830286091733656,UT Sell,232433.6541663572,332433.65416635724
SPARC.NS,2021-11-15 00:00:00+05:30,2021-11-22 00:00:00+05:30,271.3500061035156,247.25,15487.242397594751,-1375.5025904302856,-8.88152038379607,UT Sell,231058.15157592692,331058.1515759269
PGIL.NS,2021-11-15 00:00:00+05:30,2021-11-22 00:00:00+05:30,159.70567321777344,164.05331420898438,15487.24239759475,421.606625062017,2.722283375170109,UT Sell,231479.75820098893,331479.75820098893
MASKINVEST.NS,2021-11-18 00:00:00+05:30,2021-11-22 00:00:00+05:30,36.5,35.0,19646.82361301943,-807.4037101240865,-4.109589041095896,UT Sell,230672.35449086485,330672.35449086485
GREENPANEL.NS,2021-11-22 00:00:00+05:30,2021-11-26 00:00:00+05:30,376.8635559082031,368.7212829589844,16823.430433517184,-363.4762777785181,-2.1605360405828278,UT Sell,230308.87821308634,330308.87821308634
LXCHEM.NS,2021-11-16 00:00:00+05:30,2021-11-26 00:00:00+05:30,433.3004150390625,413.08929443359375,17871.27300300504,-833.5982184656605,-4.664459092116657,UT Sell,229475.27999462068,329475.2799946207
ORIENTELEC.NS,2021-10-25 00:00:00+05:30,2021-11-26 00:00:00+05:30,327.83380126953125,348.4568786621094,13148.44304242092,827.1305686164251,6.290711120304127,UT Sell,230302.4105632371,330302.4105632371
FCL.NS,2021-10-26 00:00:00+05:30,2021-11-26 00:00:00+05:30,12.287483215332031,11.089786529541016,15401.356319431772,-1501.214943468105,-9.747290513459728,UT Sell,228801.195619769,328801.195619769
ARVINDFASN.NS,2021-11-01 00:00:00+05:30,2021-11-26 00:00:00+05:30,309.2205810546875,292.36932373046875,15557.947727791357,-847.8445377197895,-5.449591119304731,UT Sell,227953.3510820492,327953.3510820492
KSOLVES.NS,2021-11-11 00:00:00+05:30,2021-11-29 00:00:00+05:30,137.83726501464844,132.48391723632812,16581.560896692074,-643.9975588456127,-3.8838174696453787,UT Sell,227309.35352320358,327309.3535232036
SOLARA.NS,2021-11-26 00:00:00+05:30,2021-12-01 00:00:00+05:30,1164.050048828125,1196.449951171875,15216.689423470127,423.5378468579929,2.7833770872968566,UT Sell,227732.89137006158,327732.89137006155
E2E.NS,2021-11-22 00:00:00+05:30,2021-12-02 00:00:00+05:30,51.45000076293945,53.650001525878906,16823.430433517184,719.3694701683416,4.2759975321986055,UT Sell,228452.26084022992,328452.2608402299
DRREDDY.NS,2021-11-26 00:00:00+05:30,2021-12-03 00:00:00+05:30,925.0089111328125,894.9469604492188,15216.689423470127,-494.52860562793103,-3.2499093059307205,UT Sell,227957.73223460198,327957.732234602
ASIANPAINT.NS,2021-11-12 00:00:00+05:30,2021-12-03 00:00:00+05:30,3007.494873046875,2995.505126953125,17993.184346638423,-71.73202975926324,-0.39866222886036917,UT Sell,227886.0002048427,327886.0002048427
SALONA.NS,2021-10-28 00:00:00+05:30,2021-12-03 00:00:00+05:30,194.7438507080078,198.82456970214844,17367.718560367895,363.92819982000947,2.095428933599086,UT Sell,228249.92840466273,328249.92840466276
EQUITASBNK.NS,2021-10-22 00:00:00+05:30,2021-12-06 00:00:00+05:30,65.43509674072266,59.17991256713867,18883.580653170506,-1805.151680455885,-9.559371782346815,UT Sell,226444.77672420684,326444.77672420687
ZEEL.NS,2021-11-08 00:00:00+05:30,2021-12-13 00:00:00+05:30,304.4884948730469,344.13543701171875,18264.352448227608,2378.171053776947,13.020834220748556,UT Sell,228822.9477779838,328822.9477779838
IDEA.NS,2021-11-22 00:00:00+05:30,2021-12-13 00:00:00+05:30,10.600000381469727,15.5,16823.430433517184,7776.867899996709,46.22640983198598,UT Sell,236599.81567798048,336599.8156779805
PIIND.NS,2021-11-15 00:00:00+05:30,2021-12-17 00:00:00+05:30,2847.988525390625,2923.381591796875,15487.24239759475,409.9843395160442,2.647239121018208,UT Sell,237009.80001749654,337009.8000174966
LALPATHLAB.NS,2021-11-26 00:00:00+05:30,2021-12-17 00:00:00+05:30,1770.535888671875,1652.188720703125,15216.689423470127,-1017.1226184398802,-6.684256937458932,UT Sell,235992.67739905667,335992.6773990567
ARENTERP.NS,2021-12-03 00:00:00+05:30,2021-12-17 00:00:00+05:30,31.600000381469727,73.1500015258789,16791.753298303087,22079.030390463555,131.48734380640747,UT Sell,258071.70778952024,358071.70778952027
CAMLINFINE.NS,2021-12-13 00:00:00+05:30,2021-12-17 00:00:00+05:30,142.4499969482422,137.60000610351562,22621.410917759225,-770.1905103289937,-3.404697050635075,UT Sell,257301.51727919123,357301.51727919123
UNIINFO.NS,2021-11-18 00:00:00+05:30,2021-12-20 00:00:00+05:30,25.100000381469727,36.099998474121094,19646.82361301943,8610.16011893849,43.824692930173036,UT Sell,265911.6773981297,365911.6773981297
PKTEA.NS,2021-12-01 00:00:00+05:30,2021-12-20 00:00:00+05:30,276.60748291015625,283.5474853515625,15640.22727032812,392.4088180777144,2.5089713294778715,UT Sell,266304.0862162074,366304.0862162074
CHEMCON.NS,2021-12-20 00:00:00+05:30,2021-12-22 00:00:00+05:30,364.27557373046875,358.137451171875,22144.809910181877,-373.14485809040707,-1.6850217256497713,UT Sell,265930.94135811704,365930.94135811704
GUJALKALI.NS,2021-12-03 00:00:00+05:30,2021-12-24 00:00:00+05:30,597.116943359375,571.0177001953125,16791.753298303083,-733.9467709922246,-4.3708763340776,UT Sell,265196.9945871248,365196.9945871248
GAYAHWS.NS,2021-12-17 00:00:00+05:30,2022-01-03 00:00:00+05:30,0.949999988079071,1.2000000476837158,22704.69940958448,5974.9223967666185,26.315796078077057,UT Sell,271171.9169838914,371171.9169838914
HATSUN.NS,2021-12-17 00:00:00+05:30,2022-01-10 00:00:00+05:30,1238.2611083984375,1165.7547607421875,22704.69940958448,-1329.4730955018204,-5.855497452393498,UT Sell,269842.44388838956,369842.44388838956
DANGEE.NS,2021-11-02 00:00:00+05:30,2022-01-11 00:00:00+05:30,14.119999885559082,14.056666374206543,17199.70982607674,-77.14716900559506,-0.4485376194465318,UT Sell,269765.296719384,369765.296719384
HEXATRADEX.NS,2021-07-30 00:00:00+05:30,2022-01-14 00:00:00+05:30,127.5,156.39999389648438,17011.371347730492,3855.9100244724723,22.666661879595583,UT Sell,273621.2067438564,373621.2067438564
ZEEMEDIA.NS,2022-01-03 00:00:00+05:30,2022-01-17 00:00:00+05:30,14.0,16.200000762939453,28679.621806351097,4506.79927534196,15.714291163853233,UT Sell,278128.0060191984,378128.0060191984
SASKEN.NS,2021-12-17 00:00:00+05:30,2022-01-18 00:00:00+05:30,1089.907470703125,1186.3878173828125,22704.69940958448,2009.8561842884046,8.85215940555446,UT Sell,280137.8622034868,380137.8622034868
LT.NS,2022-01-10 00:00:00+05:30,2022-01-18 00:00:00+05:30,1874.35791015625,1940.671875,21375.226314082658,756.2461782985265,3.5379563574505335,UT Sell,280894.10838178534,380894.10838178534
VIVIMEDLAB.NS,2021-11-26 00:00:00+05:30,2022-01-18 00:00:00+05:30,19.75,23.049999237060547,15216.689423470129,2542.534860153857,16.708856896509094,UT Sell,283436.6432419392,383436.6432419392
PAYTM.NS,2022-01-14 00:00:00+05:30,2022-01-18 00:00:00+05:30,1118.5999755859375,1041.6500244140625,20867.281372202964,-1435.4875002028239,-6.879130417606849,UT Sell,282001.15574173635,382001.15574173635
VASWANI.NS,2022-01-18 00:00:00+05:30,2022-01-20 00:00:00+05:30,35.04999923706055,35.0,21009.261560469553,-29.969959260888572,-0.14265117874148192,UT Sell,281971.18578247546,381971.18578247546
HONAUT.NS,2021-12-06 00:00:00+05:30,2022-01-21 00:00:00+05:30,38843.33203125,43467.64453125,17078.42897271462,2033.1930462440541,11.90503558314635,UT Sell,284004.3788287195,384004.3788287195
BALAMINES.NS,2021-12-22 00:00:00+05:30,2022-01-21 00:00:00+05:30,3080.84716796875,3293.192138671875,21771.66505209147,1500.5949096438599,6.89242143884492,UT Sell,285504.97373836336,385504.97373836336
ENIL.NS,2022-01-20 00:00:00+05:30,2022-01-21 00:00:00+05:30,171.01971435546875,162.6454315185547,20979.291601208664,-1027.2881243471638,-4.8966768939327725,UT Sell,284477.6856140162,384477.6856140162
SEYAIND.NS,2021-10-19 00:00:00+05:30,2022-01-24 00:00:00+05:30,59.95000076293945,56.5,16493.75231775189,-949.1819408809006,-5.7547968624417685,UT Sell,283528.5036731353,383528.5036731353
CEREBRAINT.NS,2021-10-21 00:00:00+05:30,2022-01-24 00:00:00+05:30,55.0,80.94999694824219,16566.41718737298,7816.335917375196,47.18181263316761,UT Sell,291344.83959051047,391344.83959051047
INNOVANA.NS,2022-01-18 00:00:00+05:30,2022-01-25 00:00:00+05:30,126.89917755126953,126.72528076171875,21009.261560469553,-28.790124622533767,-0.13703539526922492,UT Sell,291316.04946588795,391316.04946588795
VIVIDHA.NS,2021-11-22 00:00:00+05:30,2022-01-31 00:00:00+05:30,0.949999988079071,2.5999999046325684,16823.430433517184,29219.64122081283,173.68420392192294,UT Sell,320535.69068670075,420535.69068670075
E2E.NS,2021-12-17 00:00:00+05:30,2022-02-02 00:00:00+05:30,59.45000076293945,125.8499984741211,22704.699409584475,25358.99023519095,111.69049093196102,UT Sell,345894.6809218917,445894.6809218917
VINNY.NS,2022-01-21 00:00:00+05:30,2022-02-02 00:00:00+05:30,1.304347038269043,1.4664030075073242,20778.628485851834,2581.598822952452,12.424298479133334,UT Sell,348476.2797448442,448476.2797448442
PRITI.NS,2022-01-18 00:00:00+05:30,2022-02-04 00:00:00+05:30,73.0,75.94999694824219,21009.26156046955,849.0035272357163,4.041091709920797,UT Sell,349325.2832720799,449325.2832720799
NELCO.NS,2022-02-02 00:00:00+05:30,2022-02-07 00:00:00+05:30,800.7752685546875,771.182861328125,35711.958476789856,-1319.7245964035246,-3.6954696765265527,UT Sell,348005.55867567635,448005.55867567635
UNIINFO.NS,2022-01-17 00:00:00+05:30,2022-02-07 00:00:00+05:30,39.650001525878906,31.299999237060547,33186.42108169306,-6988.81920115347,-21.059273562369096,Stop Loss,341016.7394745229,441016.7394745229
NUCLEUS.NS,2022-01-21 00:00:00+05:30,2022-02-07 00:00:00+05:30,535.7894287109375,537.9365844726562,20778.628485851834,83.26956353235437,0.40074619741652384,UT Sell,341100.00903805526,441100.00903805526
LYKALABS.NS,2021-12-13 00:00:00+05:30,2022-02-08 00:00:00+05:30,191.39999389648438,148.10000610351562,22621.410917759225,-5117.590636541267,-22.622773862985003,Stop Loss,335982.418401514,435982.418401514
ADVANIHOTR.NS,2022-01-21 00:00:00+05:30,2022-02-09 00:00:00+05:30,35.24436569213867,37.48279571533203,20778.628485851834,1319.6862797813374,6.351171255985033,UT Sell,337302.10468129534,437302.10468129534
CAMLINFINE.NS,2022-02-07 00:00:00+05:30,2022-02-10 00:00:00+05:30,150.64999389648438,148.5500030517578,27150.577936770038,-378.46642818604596,-1.3939534880894389,UT Sell,336923.6382531093,436923.6382531093
TVSELECT.NS,2021-12-02 00:00:00+05:30,2022-02-11 00:00:00+05:30,165.19786071777344,242.36557006835938,17542.799903685525,8194.644157504183,46.71229337674079,UT Sell,345118.2824106135,445118.2824106135
FINEORG.NS,2022-02-04 00:00:00+05:30,2022-02-11 00:00:00+05:30,4057.012939453125,3805.67431640625,21858.265087705266,-1354.1554664299365,-6.195164442358292,UT Sell,343764.12694418355,443764.12694418355
MANAPPURAM.NS,2022-02-08 00:00:00+05:30,2022-02-11 00:00:00+05:30,145.75404357910156,139.93666076660156,17503.82028121796,-698.6181704234114,-3.9912325378080316,UT Sell,343065.5087737601,443065.5087737601
VGUARD.NS,2022-02-07 00:00:00+05:30,2022-02-14 00:00:00+05:30,218.93069458007812,205.3120574951172,27150.577936770038,-1688.9083016752302,-6.220524312994247,UT Sell,341376.6004720849,441376.6004720849
DEVYANI.NS,2022-02-02 00:00:00+05:30,2022-02-14 00:00:00+05:30,179.14999389648438,162.5,35711.958476789856,-3319.028249666735,-9.29388471322249,UT Sell,338057.57222241815,438057.57222241815
FCL.NS,2022-01-11 00:00:00+05:30,2022-02-14 00:00:00+05:30,14.88002872467041,15.382766723632812,17122.562657071147,578.5044536273235,3.378609062285509,UT Sell,338636.0766760455,438636.0766760455
LALPATHLAB.NS,2022-01-31 00:00:00+05:30,2022-02-14 00:00:00+05:30,1438.1033935546875,1306.61181640625,46043.071654330015,-4209.903220950953,-9.143402187753559,UT Sell,334426.1734550945,434426.1734550945
BETA.NS,2022-01-25 00:00:00+05:30,2022-02-15 00:00:00+05:30,619.9500122070312,583.4500122070312,20472.0665883283,-1205.307550223013,-5.887571462424757,UT Sell,333220.8659048715,433220.8659048715
URJA.NS,2022-02-07 00:00:00+05:30,2022-02-18 00:00:00+05:30,21.100000381469727,16.25,27150.577936770034,-6240.773031743705,-22.98578338287166,Stop Loss,326980.0928731278,426980.0928731278
SINTERCOM.NS,2021-12-03 00:00:00+05:30,2022-02-21 00:00:00+05:30,84.0,92.1500015258789,16791.753298303083,1629.200178611336,9.702382768903451,UT Sell,328609.2930517391,428609.2930517391
BANARBEADS.NS,2022-01-24 00:00:00+05:30,2022-02-21 00:00:00+05:30,94.08795166015625,83.15735626220703,19963.66174080958,-2319.263043779454,-11.617423065421074,UT Sell,326290.03000795963,426290.03000795963
SAPPHIRE.NS,2022-02-11 00:00:00+05:30,2022-02-21 00:00:00+05:30,288.1300048828125,266.2300109863281,21015.58526441986,-1597.338636109871,-7.600733531862291,UT Sell,324692.69137184974,424692.69137184974
KHANDSE.NS,2022-01-18 00:00:00+05:30,2022-02-22 00:00:00+05:30,24.299999237060547,20.350000381469727,21009.26156046955,-3415.084844698187,-16.25513983377652,UT Sell,321277.60652715154,421277.60652715154
SCHNEIDER.NS,2022-02-11 00:00:00+05:30,2022-02-24 00:00:00+05:30,128.35000610351562,107.05000305175781,21015.58526441986,-3487.58869481938,-16.595248958990418,UT Sell,317790.0178323322,417790.0178323322
ENIL.NS,2022-01-25 00:00:00+05:30,2022-02-24 00:00:00+05:30,170.4872589111328,165.69503784179688,20472.0665883283,-575.4486843417035,-2.810896896309356,UT Sell,317214.5691479905,417214.5691479905
LT.NS,2022-02-15 00:00:00+05:30,2022-02-24 00:00:00+05:30,1800.414306640625,1686.4996337890625,24306.983944839576,-1537.9360816406115,-6.3271366169109555,UT Sell,315676.6330663499,415676.6330663499
ASIANPAINT.NS,2022-02-15 00:00:00+05:30,2022-02-24 00:00:00+05:30,3143.958251953125,2955.634765625,24306.983944839576,-1455.9913306005947,-5.990012310473036,UT Sell,314220.6417357493,414220.6417357493
DANGEE.NS,2022-02-21 00:00:00+05:30,2022-02-24 00:00:00+05:30,15.103333473205566,13.896665573120117,18494.532934084844,-1477.6048783021906,-7.989414404615824,UT Sell,312743.0368574471,412743.0368574471
MASKINVEST.NS,2022-02-21 00:00:00+05:30,2022-02-24 00:00:00+05:30,35.849998474121094,35.099998474121094,18494.532934084848,-386.91493140722014,-2.092050298248682,UT Sell,312356.1219260399,412356.1219260399
EQUITASBNK.NS,2022-02-21 00:00:00+05:30,2022-02-24 00:00:00+05:30,54.43965530395508,49.601661682128906,18494.532934084848,-1643.5892526170355,-8.886892458840912,UT Sell,310712.5326734229,410712.5326734229
KIOCL.NS,2022-02-22 00:00:00+05:30,2022-02-24 00:00:00+05:30,247.60621643066406,194.06031799316406,17594.176715771362,-3804.8156185041935,-21.62542573017111,Stop Loss,306907.7170549187,406907.7170549187
BTML.NS,2022-02-14 00:00:00+05:30,2022-02-28 00:00:00+05:30,2.6702804565429688,2.7658939361572266,29347.208851573865,1050.8217398625056,3.5806530875802434,UT Sell,307958.5387947812,407958.5387947812
OSWALSEEDS.NS,2022-02-14 00:00:00+05:30,2022-03-02 00:00:00+05:30,14.75,15.808333396911621,29347.20885157386,2105.7038124583705,7.175141673977081,UT Sell,310064.2426072396,410064.2426072396
DHANUKA.NS,2022-02-24 00:00:00+05:30,2022-03-04 00:00:00+05:30,694.6317138671875,696.1946411132812,18601.188223527537,41.85283122536566,0.22500084791587938,UT Sell,310106.09543846495,410106.09543846495
MANYAVAR.NS,2022-02-28 00:00:00+05:30,2022-03-07 00:00:00+05:30,866.678466796875,808.9775390625,30398.03059143637,-2023.812329047836,-6.657708705701404,UT Sell,308082.2831094171,408082.2831094171
ORIENTELEC.NS,2022-02-18 00:00:00+05:30,2022-03-14 00:00:00+05:30,335.2881774902344,308.19854736328125,20909.80490502633,-1689.4090484905682,-8.079506509811885,UT Sell,306392.87406092655,406392.87406092655
NAVKARCORP.NS,2022-03-07 00:00:00+05:30,2022-03-14 00:00:00+05:30,35.400001525878906,35.0,28374.218262388535,-320.6138449536338,-1.1299477645120626,UT Sell,306072.2602159729,406072.2602159729
DUCON.NS,2022-02-24 00:00:00+05:30,2022-03-15 00:00:00+05:30,21.09090805053711,22.68181800842285,18601.188223527533,1403.107704154223,7.543107931027304,UT Sell,307475.3679201271,407475.3679201271
CAMLINFINE.NS,2022-03-04 00:00:00+05:30,2022-03-15 00:00:00+05:30,140.25,136.10000610351562,18643.041054752903,-551.6471058048628,-2.9589974306483913,UT Sell,306923.72081432224,406923.72081432224
RKDL.NS,2022-02-24 00:00:00+05:30,2022-03-16 00:00:00+05:30,9.100000381469727,11.449999809265137,18601.188223527537,4803.602181228089,25.824168453670616,UT Sell,311727.32299555035,411727.32299555035
NARMADA.NS,2022-02-14 00:00:00+05:30,2022-03-22 00:00:00+05:30,14.0,19.950000762939453,29347.20885157386,12472.565361214849,42.50000544956751,UT Sell,324199.8883567652,424199.8883567652
PAGEIND.NS,2022-02-09 00:00:00+05:30,2022-03-24 00:00:00+05:30,40329.83203125,39444.34765625,22098.31476563317,-485.19201427959706,-2.195606404494499,UT Sell,323714.6963424856,423714.6963424856
BALAMINES.NS,2022-03-16 00:00:00+05:30,2022-03-25 00:00:00+05:30,3028.411865234375,2942.559326171875,23404.790404755626,-663.5031072031561,-2.8349030080112914,UT Sell,323051.19323528244,423051.19323528244
MARALOVER.NS,2021-12-24 00:00:00+05:30,2022-03-28 00:00:00+05:30,95.32384490966797,84.12923431396484,16057.806527310859,-1885.791443523205,-11.74376737143944,UT Sell,321165.40179175924,421165.40179175924
LYKALABS.NS,2022-03-22 00:00:00+05:30,2022-03-29 00:00:00+05:30,141.60000610351562,132.89999389648438,41819.77421278871,-2569.4387744628766,-6.144076152561162,UT Sell,318595.9630172964,418595.9630172964
SHYAMCENT.NS,2022-03-25 00:00:00+05:30,2022-03-31 00:00:00+05:30,20.31322479248047,24.454755783081055,22741.28729755247,4636.572827364656,20.38834814713266,UT Sell,323232.53584466106,423232.53584466106
RAJMET.NS,2022-02-25 00:00:00+05:30,2022-04-06 00:00:00+05:30,17.163373947143555,23.14061737060547,18601.188223527533,6477.970492285473,34.8255735840137,UT Sell,329710.5063369465,429710.5063369465
KOPRAN.NS,2022-02-25 00:00:00+05:30,2022-04-06 00:00:00+05:30,260.32415771484375,273.81121826171875,18601.188223527533,963.7036916463985,5.180871673710974,UT Sell,330674.2100285929,430674.2100285929
ZEEL.NS,2022-03-24 00:00:00+05:30,2022-04-06 00:00:00+05:30,287.2841491699219,279.5950012207031,21613.122751353574,-578.4743048301207,-2.67649571737103,UT Sell,330095.7357237628,430095.7357237628
INFY.NS,2022-03-14 00:00:00+05:30,2022-04-11 00:00:00+05:30,1697.2921142578125,1585.84228515625,23637.00013698533,-1552.0838184607746,-6.566331638811452,UT Sell,328543.651905302,428543.651905302
ACCURACY.NS,2022-02-11 00:00:00+05:30,2022-04-12 00:00:00+05:30,20.453001022338867,22.590267181396484,21015.58526441986,2196.054219592377,10.449645784123728,UT Sell,330739.7061248944,430739.7061248944
BLUECHIP.NS,2021-12-20 00:00:00+05:30,2022-04-18 00:00:00+05:30,0.3499999940395355,0.4000000059604645,22144.809910181877,3163.545081005708,14.285717934978305,UT Sell,333903.2512059001,433903.2512059001
NELCO.NS,2022-03-02 00:00:00+05:30,2022-04-19 00:00:00+05:30,656.7227783203125,699.478271484375,31452.912664032232,2047.7206468099284,6.51043249533958,UT Sell,335950.97185271,435950.97185271
SABEVENTS.NS,2022-04-06 00:00:00+05:30,2022-04-21 00:00:00+05:30,8.100000381469727,6.349999904632568,21892.899692503466,-4729.94853048111,-21.604943140998035,Stop Loss,331221.0233222289,431221.0233222289
CENTUM.NS,2022-02-25 00:00:00+05:30,2022-04-22 00:00:00+05:30,435.0746154785156,475.22247314453125,18601.188223527533,1716.482255338171,9.227809722214907,UT Sell,332937.5055775671,432937.5055775671
GNFC.NS,2022-04-18 00:00:00+05:30,2022-04-22 00:00:00+05:30,788.3424682617188,753.4007568359375,25308.354991187585,-1121.7424816821185,-4.432301040793485,UT Sell,331815.763095885,431815.763095885
ASAHISONG.NS,2022-02-24 00:00:00+05:30,2022-04-25 00:00:00+05:30,263.1148681640625,298.8770751953125,18601.188223527537,2528.24763921076,13.591860954414358,UT Sell,334344.01073509577,434344.01073509577
FCL.NS,2022-03-14 00:00:00+05:30,2022-04-25 00:00:00+05:30,16.403024673461914,20.661502838134766,23637.00013698533,6136.529753843079,25.961542151201833,UT Sell,340480.54048893886,440480.54048893886
NELCO.NS,2022-04-21 00:00:00+05:30,2022-04-25 00:00:00+05:30,736.7904663085938,700.2205810546875,17162.951162022357,-851.8665527231115,-4.963403698357505,UT Sell,339628.67393621575,439628.67393621575
BAGFILMS.NS,2021-11-26 00:00:00+05:30,2022-04-27 00:00:00+05:30,3.200000047683716,7.900000095367432,15216.689423470129,22349.512484434406,146.87499930150807,UT Sell,361978.18642065016,461978.18642065016
SANWARIA.NS,2022-03-15 00:00:00+05:30,2022-04-27 00:00:00+05:30,1.350000023841858,1.0499999523162842,19047.844938314898,-4232.855365172867,-22.22222712795422,Stop Loss,357745.3310554773,457745.3310554773
SOLARA.NS,2022-04-25 00:00:00+05:30,2022-04-27 00:00:00+05:30,724.2999877929688,691.3499755859375,22404.68345428865,-1019.2387211864698,-4.549221698516659,UT Sell,356726.09233429085,456726.09233429085
KRITI.NS,2022-02-10 00:00:00+05:30,2022-04-28 00:00:00+05:30,118.4914321899414,104.00360870361328,26772.111508583992,-3273.398073802542,-12.226895412238914,UT Sell,353452.6942604883,453452.6942604883
AVTNPL.NS,2022-04-25 00:00:00+05:30,2022-04-29 00:00:00+05:30,120.95352935791016,108.16358947753906,22404.68345428865,-2369.1293337225543,-10.574259344284819,UT Sell,351083.56492676574,451083.56492676574
TVSELECT.NS,2022-03-15 00:00:00+05:30,2022-04-29 00:00:00+05:30,223.1806182861328,238.65789794921875,19047.844938314898,1320.9427653409875,6.934867275635481,UT Sell,352404.5076921067,452404.5076921067
CAMLINFINE.NS,2022-03-29 00:00:00+05:30,2022-04-29 00:00:00+05:30,147.60000610351562,121.5,39250.335438325834,-6940.6094318646465,-17.682930233221693,UT Sell,345463.8982602421,445463.8982602421
CHEMPLASTS.NS,2022-04-22 00:00:00+05:30,2022-05-02 00:00:00+05:30,631.4500122070312,573.9500122070312,22252.141494185584,-2026.285709368498,-9.106025637568237,UT Sell,343437.6125508736,443437.6125508736
CROMPTON.NS,2022-04-11 00:00:00+05:30,2022-05-04 00:00:00+05:30,370.29229736328125,357.4752197265625,22084.916318524556,-764.4341755703899,-3.4613406025414406,UT Sell,342673.1783753032,442673.1783753032
AWL.NS,2022-04-12 00:00:00+05:30,2022-05-04 00:00:00+05:30,605.9000244140625,715.9500122070312,23211.639484012238,4215.944114444654,18.163060465196867,UT Sell,346889.1224897479,446889.1224897479
DEVYANI.NS,2022-04-28 00:00:00+05:30,2022-05-06 00:00:00+05:30,170.8000030517578,161.14999389648438,23498.71343478145,-1327.6510288707177,-5.649888163262606,UT Sell,345561.47146087716,445561.47146087716
GMDCLTD.NS,2022-05-04 00:00:00+05:30,2022-05-09 00:00:00+05:30,168.15638732910156,155.09439086914062,24374.03287070553,-1893.3180959045785,-7.767767057457709,UT Sell,343668.15336497256,443668.15336497256
WIPL.NS,2022-04-29 00:00:00+05:30,2022-05-09 00:00:00+05:30,55.26972198486328,54.25159454345703,24238.022610227723,-446.490321620513,-1.84210704313853,UT Sell,343221.6630433521,443221.6630433521
PANAMAPET.NS,2022-04-29 00:00:00+05:30,2022-05-10 00:00:00+05:30,324.2704772949219,261.56494140625,24238.022610227723,-4687.007615786664,-19.33741745834037,UT Sell,338534.6554275654,438534.6554275654
ALOKINDS.NS,2022-04-27 00:00:00+05:30,2022-05-10 00:00:00+05:30,27.75,22.75,24588.878738049585,-4430.428601450374,-18.018018018018022,UT Sell,334104.22682611505,434104.22682611505
ASHIMASYN.NS,2022-04-06 00:00:00+05:30,2022-05-10 00:00:00+05:30,15.899999618530273,12.25,21892.899692503466,-5025.728141089454,-22.955972994341888,Stop Loss,329078.4986850256,429078.4986850256
NHPC.NS,2022-03-31 00:00:00+05:30,2022-05-10 00:00:00+05:30,24.619504928588867,28.29471778869629,27377.860124917126,4086.9815987434995,14.928053471293246,UT Sell,333165.4802837691,433165.4802837691
BETA.NS,2022-04-06 00:00:00+05:30,2022-05-11 00:00:00+05:30,618.0,839.0999755859375,21892.899692503463,7832.555966857435,35.77669507863066,UT Sell,340998.0362506265,440998.0362506265
URJA.NS,2022-04-29 00:00:00+05:30,2022-05-11 00:00:00+05:30,17.049999237060547,13.800000190734863,24238.022610227723,-4620.149788443112,-19.0615788372668,UT Sell,336377.8864621834,436377.8864621834
DICIND.NS,2022-05-06 00:00:00+05:30,2022-05-11 00:00:00+05:30,358.0325012207031,331.0964660644531,22171.062405910732,-1668.0064362338162,-7.523349155289605,UT Sell,334709.88002594956,434709.88002594956
GNFC.NS,2022-05-10 00:00:00+05:30,2022-05-11 00:00:00+05:30,725.4296264648438,624.8666381835938,22010.369601528728,-3051.1967798874903,-13.862542224986385,UT Sell,331658.6832460621,431658.6832460621
MASKINVEST.NS,2022-05-09 00:00:00+05:30,2022-05-12 00:00:00+05:30,37.70000076293945,35.79999923706055,23136.12353170408,-1166.0124435958533,-5.0397917438417705,UT Sell,330492.6708024662,430492.6708024662
IGPL.NS,2022-03-28 00:00:00+05:30,2022-05-16 00:00:00+05:30,665.7752685546875,573.4502563476562,14172.015083787654,-1965.2749619993574,-13.867293750255548,UT Sell,328527.39584046684,428527.39584046684
BERGEPAINT.NS,2022-05-10 00:00:00+05:30,2022-05-16 00:00:00+05:30,551.5265502929688,516.5568237304688,22010.369601528728,-1395.5748931690796,-6.340533659517245,UT Sell,327131.82094729773,427131.82094729773
WEALTH.NS,2022-05-04 00:00:00+05:30,2022-05-17 00:00:00+05:30,240.8603057861328,233.8913116455078,24374.03287070553,-705.2324030933269,-2.893375941660137,UT Sell,326426.5885442044,426426.5885442044
RBA.NS,2022-04-22 00:00:00+05:30,2022-05-19 00:00:00+05:30,108.94999694824219,93.69999694824219,22252.141494185584,-3114.6871711023487,-13.997246835394284,UT Sell,323311.9013731021,423311.9013731021
PAYTM.NS,2022-05-02 00:00:00+05:30,2022-05-19 00:00:00+05:30,601.0999755859375,553.75,20225.855784817086,-1593.2354292349519,-7.877221345714069,UT Sell,321718.6659438671,421718.6659438671
WIPL.NS,2022-05-11 00:00:00+05:30,2022-05-23 00:00:00+05:30,54.300079345703125,49.11248016357422,22201.38931811591,-2121.026533599299,-9.553575693880479,UT Sell,319597.6394102678,419597.6394102678
ZENITHEXPO.NS,2022-05-11 00:00:00+05:30,2022-05-23 00:00:00+05:30,73.8499984741211,73.5,22201.389318115915,-105.21939804009526,-0.4739315928946719,UT Sell,319492.4200122277,419492.4200122277
DANGEE.NS,2022-02-25 00:00:00+05:30,2022-05-24 00:00:00+05:30,15.60666561126709,22.59000015258789,18601.188223527533,8323.259014224706,44.74584587933534,UT Sell,327815.6790264524,427815.6790264524
ASIANPAINT.NS,2022-05-10 00:00:00+05:30,2022-05-24 00:00:00+05:30,2972.2958984375,2972.77685546875,22010.369601528728,3.5615707123324682,0.016181330785491888,UT Sell,327819.2405971647,427819.2405971647
BALAMINES.NS,2022-05-11 00:00:00+05:30,2022-05-25 00:00:00+05:30,2990.523193359375,2727.413330078125,22201.389318115915,-1953.3052012819862,-8.79812147471386,UT Sell,325865.93539588276,425865.93539588276
PAYTM.NS,2022-05-23 00:00:00+05:30,2022-05-25 00:00:00+05:30,619.3499755859375,594.0999755859375,21088.266352296218,-859.7380259710626,-4.076854927799456,UT Sell,325006.1973699117,425006.1973699117
MASKINVEST.NS,2022-05-23 00:00:00+05:30,2022-05-25 00:00:00+05:30,34.95000076293945,33.20000076293945,21088.266352296218,-1055.9217542464648,-5.007152966519179,UT Sell,323950.27561566525,423950.27561566525
HAVISHA.NS,2022-05-24 00:00:00+05:30,2022-05-26 00:00:00+05:30,2.6500000953674316,2.5999999046325684,24469.18920499665,-461.68455975381585,-1.8867995824705996,UT Sell,323488.59105591144,423488.59105591144
LYKALABS.NS,2022-05-16 00:00:00+05:30,2022-05-31 00:00:00+05:30,134.5500030517578,120.4000015258789,16410.767415073973,-1725.8445090842142,-10.516537499026125,UT Sell,321762.74654682726,421762.74654682726
GATEWAY.NS,2022-04-19 00:00:00+05:30,2022-06-01 00:00:00+05:30,70.79670715332031,65.67400360107422,33500.63331084216,-2424.0366560028124,-7.235793525187761,UT Sell,319338.70989082445,419338.70989082445
BEARDSELL.NS,2022-05-10 00:00:00+05:30,2022-06-01 00:00:00+05:30,15.254570960998535,14.859631538391113,22010.369601528728,-569.846420723894,-2.588990694115001,UT Sell,318768.86347010056,418768.86347010056
ASTERDM.NS,2022-05-25 00:00:00+05:30,2022-06-03 00:00:00+05:30,135.64247131347656,143.8369140625,20169.652347069612,1218.490490664979,6.04120720425807,UT Sell,319987.3539607655,419987.3539607655
KEEPLEARN.NS,2022-05-09 00:00:00+05:30,2022-06-06 00:00:00+05:30,0.793516993522644,0.793516993522644,23136.12353170408,0.0,0.0,UT Sell,319987.3539607655,419987.3539607655
ARVINDFASN.NS,2022-05-17 00:00:00+05:30,2022-06-06 00:00:00+05:30,242.45986938476562,262.9787292480469,23668.800467612204,2003.0399305222745,8.462785992315847,UT Sell,321990.3938912878,421990.3938912878
ACCURACY.NS,2022-05-25 00:00:00+05:30,2022-06-06 00:00:00+05:30,26.88581085205078,23.96224594116211,20169.652347069612,-2193.2493757099437,-10.874006839431694,UT Sell,319797.1445155778,419797.1445155778
MASKINVEST.NS,2022-06-06 00:00:00+05:30,2022-06-09 00:00:00+05:30,30.649999618530273,30.0,22261.45563373274,-472.102376833529,-2.120716563197933,UT Sell,319325.04213874426,419325.04213874426
DEEPINDS.NS,2022-05-19 00:00:00+05:30,2022-06-10 00:00:00+05:30,114.05259704589844,109.5594711303711,18885.037339332684,-743.979995921618,-3.9395209157044975,UT Sell,318581.06214282266,418581.06214282266
GPTINFRA.NS,2022-06-06 00:00:00+05:30,2022-06-10 00:00:00+05:30,21.271493911743164,19.909229278564453,22261.455633732745,-1425.6635579398244,-6.404179409452093,UT Sell,317155.39858488285,417155.39858488285
KSL.NS,2022-05-12 00:00:00+05:30,2022-06-10 00:00:00+05:30,274.6882019042969,272.704345703125,21970.111088108228,-158.67278179557252,-0.72222111740462,UT Sell,316996.7258030873,416996.7258030873
VGUARD.NS,2022-05-16 00:00:00+05:30,2022-06-13 00:00:00+05:30,209.83518981933594,214.40753173828125,16410.767415073973,357.5932132194248,2.1790157899073126,UT Sell,317354.3190163067,417354.3190163067
ENIL.NS,2022-05-26 00:00:00+05:30,2022-06-13 00:00:00+05:30,176.8284912109375,168.3573760986328,24007.504645242832,-1150.0993647366631,-4.790582702082524,UT Sell,316204.2196515701,416204.2196515701
HEMIPROP.NS,2022-06-01 00:00:00+05:30,2022-06-13 00:00:00+05:30,110.30000305175781,109.3499984741211,26258.55991782209,-226.16275098717233,-0.8612915243446873,UT Sell,315978.0569005829,415978.0569005829
DANGEE.NS,2022-06-03 00:00:00+05:30,2022-06-13 00:00:00+05:30,23.65999984741211,22.003332138061523,21388.14283773459,-1497.5928077247445,-7.001976838692958,UT Sell,314480.4640928582,414480.4640928582
AKG.NS,2022-06-06 00:00:00+05:30,2022-06-13 00:00:00+05:30,15.43323040008545,13.861122131347656,22261.455633732745,-2267.6664294299007,-10.186514605063424,UT Sell,312212.7976634283,412212.7976634283
UNIINFO.NS,2022-06-10 00:00:00+05:30,2022-06-13 00:00:00+05:30,24.399999618530273,23.200000762939453,20262.76257517221,-996.5283721910055,-4.918028173572164,UT Sell,311216.2692912373,411216.2692912373
LYKALABS.NS,2022-06-09 00:00:00+05:30,2022-06-16 00:00:00+05:30,125.19999694824219,119.3499984741211,21789.353256899212,-1018.1125112777845,-4.672522856801253,UT Sell,310198.1567799595,410198.1567799595
XELPMOC.NS,2022-06-14 00:00:00+05:30,2022-06-16 00:00:00+05:30,172.5,166.10000610351562,20801.456085488062,-771.7634317977463,-3.710141389266308,UT Sell,309426.3933481618,409426.3933481618
KOPRAN.NS,2022-06-10 00:00:00+05:30,2022-06-16 00:00:00+05:30,215.13064575195312,192.65219116210938,20262.762575172215,-2117.2045796578896,-10.44874592890942,UT Sell,307309.1887685039,407309.1887685039
63MOONS.NS,2022-05-31 00:00:00+05:30,2022-06-16 00:00:00+05:30,179.61143493652344,156.02511596679688,14684.922905989759,-1928.4032546643084,-13.131858212736969,UT Sell,305380.78551383957,405380.78551383957
MAHLOG.NS,2022-04-27 00:00:00+05:30,2022-06-16 00:00:00+05:30,506.8356628417969,431.2733459472656,24588.878738049585,-3665.868018970985,-14.908642472168964,UT Sell,301714.91749486857,401714.91749486857
DPSCLTD.NS,2022-04-27 00:00:00+05:30,2022-06-16 00:00:00+05:30,14.707025527954102,11.252354621887207,24588.87873804958,-5775.911915545825,-23.489936149906686,Stop Loss,295939.00557932275,395939.00557932275
BANKA.NS,2022-04-25 00:00:00+05:30,2022-06-16 00:00:00+05:30,83.5,65.19999694824219,22404.68345428865,-4910.2488094269465,-21.916171319470436,Stop Loss,291028.7567698958,391028.7567698958
ICDSLTD.NS,2022-06-16 00:00:00+05:30,2022-06-20 00:00:00+05:30,36.5,35.20000076293945,18419.06046179937,-656.0209465126391,-3.561641745371358,UT Sell,290372.73582338315,390372.73582338315
VAKRANGEE.NS,2022-06-16 00:00:00+05:30,2022-06-20 00:00:00+05:30,25.08325958251953,22.121400833129883,18419.060461799374,-2174.9428221177623,-11.80810946697598,UT Sell,288197.7930012654,388197.7930012654
NKIND.NS,2022-05-19 00:00:00+05:30,2022-06-21 00:00:00+05:30,38.5,35.599998474121094,18885.037339332684,-1422.510054554412,-7.532471495789372,UT Sell,286775.28294671094,386775.28294671094
MASKINVEST.NS,2022-06-14 00:00:00+05:30,2022-06-22 00:00:00+05:30,33.0,35.400001525878906,20801.456085488062,1512.834131687101,7.2727318966027354,UT Sell,288288.11707839806,388288.11707839806
SIS.NS,2022-06-16 00:00:00+05:30,2022-06-22 00:00:00+05:30,453.5134582519531,428.5714416503906,18419.06046179937,-1012.9986298403419,-5.499730194931896,UT Sell,287275.11844855774,387275.11844855774
JAGRAN.NS,2022-06-16 00:00:00+05:30,2022-06-22 00:00:00+05:30,42.75092697143555,39.79253005981445,18419.06046179937,-1274.613100706756,-6.920076642075568,UT Sell,286000.50534785097,386000.50534785097
ORIENTELEC.NS,2022-06-22 00:00:00+05:30,2022-06-28 00:00:00+05:30,263.503173828125,258.591064453125,18954.933136742267,-353.34946221263453,-1.864155677382473,UT Sell,285647.1558856383,385647.1558856383
ASTRAL.NS,2022-06-01 00:00:00+05:30,2022-06-28 00:00:00+05:30,1346.5477294921875,1214.33251953125,26258.55991782209,-2578.2829206625975,-9.818828331528861,UT Sell,283068.8729649757,383068.8729649757
SILLYMONKS.NS,2022-06-14 00:00:00+05:30,2022-06-28 00:00:00+05:30,21.200000762939453,18.149999618530273,20801.456085488062,-2992.6633293818377,-14.38679733323881,UT Sell,280076.20963559387,380076.20963559387
CONCOR.NS,2022-05-25 00:00:00+05:30,2022-06-30 00:00:00+05:30,590.1868286132812,562.3667602539062,20169.652347069612,-950.751660111986,-4.713773166497425,UT Sell,279125.45797548187,379125.45797548187
URAVIDEF.NS,2022-06-16 00:00:00+05:30,2022-07-01 00:00:00+05:30,112.5,108.5,18419.06046179937,-654.8999275306451,-3.5555555555555562,UT Sell,278470.5580479512,378470.5580479512
MATRIMONY.NS,2022-06-22 00:00:00+05:30,2022-07-01 00:00:00+05:30,790.6429443359375,745.581298828125,18954.93313674227,-1080.311262816067,-5.699367309937841,UT Sell,277390.2467851351,377390.2467851351
BETA.NS,2022-06-28 00:00:00+05:30,2022-07-04 00:00:00+05:30,648.4500122070312,639.5999755859375,20030.217809265116,-273.37213016179885,-1.3647985896356518,UT Sell,277116.87465497333,377116.87465497333
MASKINVEST.NS,2022-07-01 00:00:00+05:30,2022-07-05 00:00:00+05:30,33.5,33.45000076293945,17819.391204097465,-26.595700450398,-0.1492514539120804,UT Sell,277090.2789545229,377090.2789545229
E2E.NS,2022-06-22 00:00:00+05:30,2022-07-06 00:00:00+05:30,108.94999694824219,142.85000610351562,18954.93313674227,5897.865304011157,31.115199729081212,UT Sell,282988.14425853407,382988.14425853407
EXCEL.NS,2021-05-04 00:00:00+05:30,2022-07-07 00:00:00+05:30,0.14000000059604645,0.5,9903.899069504218,25467.168885276566,257.1428556223305,UT Sell,308455.3131438106,408455.3131438106
DANGEE.NS,2022-06-20 00:00:00+05:30,2022-07-11 00:00:00+05:30,24.479999542236328,26.233333587646484,17003.57857748417,1217.8494187580472,7.162312410933902,UT Sell,309673.1625625687,409673.1625625687
PPAP.NS,2022-06-28 00:00:00+05:30,2022-07-14 00:00:00+05:30,183.4765167236328,196.1649932861328,20030.217809265116,1385.206966826474,6.915586140984131,UT Sell,311058.36952939513,411058.36952939513
SOLARA.NS,2022-07-07 00:00:00+05:30,2022-07-14 00:00:00+05:30,368.75,354.8500061035156,35371.06795478078,-1333.3088235487085,-3.769489870233056,UT Sell,309725.0607058464,409725.0607058464
POLYPLEX.NS,2022-07-14 00:00:00+05:30,2022-07-15 00:00:00+05:30,2088.786376953125,1984.481201171875,27726.59195366183,-1384.548979948937,-4.993577942297678,UT Sell,308340.5117258975,408340.5117258975
AAATECH.NS,2022-07-14 00:00:00+05:30,2022-07-19 00:00:00+05:30,60.5749626159668,63.14714813232422,27726.59195366183,1177.3500991375404,4.246284942286405,UT Sell,309517.861825035,409517.861825035
CYBERMEDIA.NS,2022-06-16 00:00:00+05:30,2022-07-25 00:00:00+05:30,18.350000381469727,14.600000381469727,18419.060461799374,-3764.1130951418236,-20.435966877618384,Stop Loss,305753.7487298932,405753.7487298932
GREENPANEL.NS,2022-07-11 00:00:00+05:30,2022-07-25 00:00:00+05:30,472.61761474609375,464.5014953613281,18221.42799624222,-312.9110730624416,-1.7172697613325072,UT Sell,305440.8376568307,405440.8376568307
LYKALABS.NS,2022-07-05 00:00:00+05:30,2022-07-26 00:00:00+05:30,119.25,122.69999694824219,17792.795503647067,514.759666149097,2.8930792018802443,UT Sell,305955.5973229798,405955.5973229798
KRSNAA.NS,2022-07-25 00:00:00+05:30,2022-07-29 00:00:00+05:30,557.5783081054688,545.2708129882812,16281.732144918664,-359.3886920633886,-2.20731239689107,UT Sell,305596.20863091643,405596.20863091643
ARTNIRMAN.NS,2022-05-24 00:00:00+05:30,2022-08-03 00:00:00+05:30,70.30000305175781,67.80000305175781,24469.18920499665,-870.1702753476893,-3.556187612338213,UT Sell,304726.0383555687,404726.0383555687
LYKALABS.NS,2022-07-29 00:00:00+05:30,2022-08-04 00:00:00+05:30,131.0,125.1500015258789,15922.343452855275,-711.0357626231707,-4.4656476901687725,UT Sell,304015.00259294553,404015.00259294553
BEARDSELL.NS,2022-06-13 00:00:00+05:30,2022-08-08 00:00:00+05:30,15.94571590423584,20.73436737060547,20801.456085488066,6246.876827896773,30.03095938199656,UT Sell,310261.8794208423,410261.8794208423
ESSENTIA.NS,2022-06-13 00:00:00+05:30,2022-08-08 00:00:00+05:30,0.9020559787750244,3.096247911453247,20801.456085488062,50598.17594992248,243.24343325764497,UT Sell,360860.05537076475,460860.05537076475
NEOGEN.NS,2022-07-25 00:00:00+05:30,2022-08-08 00:00:00+05:30,1398.3553466796875,1413.8704833984375,16281.732144918664,180.65029096237777,1.1095274713676773,UT Sell,361040.7056617271,461040.7056617271
RAJESHEXPO.NS,2022-06-13 00:00:00+05:30,2022-08-10 00:00:00+05:30,547.4296875,579.7254028320312,20801.456085488062,1227.1857364854222,5.899518434873197,UT Sell,362267.8913982125,462267.8913982125
ASIANPAINT.NS,2022-07-01 00:00:00+05:30,2022-08-10 00:00:00+05:30,2686.06005859375,3304.5078125,17819.391204097465,4102.798234496822,23.024345711392247,UT Sell,366370.6896327094,466370.6896327094
EXCEL.NS,2022-08-04 00:00:00+05:30,2022-08-10 00:00:00+05:30,0.5733330249786377,0.5933330059051514,15211.307690232105,530.6267917905279,3.488370642395644,UT Sell,366901.3164244999,466901.3164244999
JYOTHYLAB.NS,2022-08-03 00:00:00+05:30,2022-08-12 00:00:00+05:30,169.64341735839844,174.43914794921875,23599.01892964896,667.1319097231244,2.826947644357203,UT Sell,367568.448334223,467568.448334223
NAVKARCORP.NS,2022-06-28 00:00:00+05:30,2022-08-16 00:00:00+05:30,52.20000076293945,70.80000305175781,20030.21780926512,7137.204820931154,35.63218777196617,UT Sell,374705.65315515414,474705.65315515414
BETA.NS,2022-08-08 00:00:00+05:30,2022-08-18 00:00:00+05:30,810.5499877929688,800.0,38303.449128225475,-498.5515104770966,-1.3015838568692262,UT Sell,374207.10164467705,474207.10164467705
MATRIMONY.NS,2022-07-15 00:00:00+05:30,2022-08-19 00:00:00+05:30,741.2096557617188,728.8289184570312,26342.042973712894,-440.00224712557247,-1.6703421506246041,UT Sell,373767.0993975515,473767.0993975515
GALAXYSURF.NS,2022-08-10 00:00:00+05:30,2022-08-19 00:00:00+05:30,3143.39013671875,3024.799072265625,19897.58858086347,-750.6787599448653,-3.772712240451237,UT Sell,373016.42063760664,473016.42063760664
CINELINE.NS,2022-06-10 00:00:00+05:30,2022-08-19 00:00:00+05:30,146.89999389648438,147.25,20262.762575172215,48.278358543673676,0.2382614826807128,UT Sell,373064.69899615034,473064.69899615034
ORIENTELEC.NS,2022-07-06 00:00:00+05:30,2022-08-22 00:00:00+05:30,270.60394287109375,255.60690307617188,24852.798440753428,-1377.3576366871384,-5.542062556740324,UT Sell,371687.34135946323,471687.34135946323
BEDMUTHA.NS,2022-08-08 00:00:00+05:30,2022-08-22 00:00:00+05:30,74.8499984741211,69.44999694824219,38303.449128225475,-2763.3759245881083,-7.214431043369929,UT Sell,368923.9654348751,468923.9654348751
MICEL.NS,2022-08-10 00:00:00+05:30,2022-08-22 00:00:00+05:30,14.699999809265137,16.149999618530273,19897.58858086347,1962.6870762885083,9.863944408701485,UT Sell,370886.6525111636,470886.6525111636
ASTRAL.NS,2022-07-04 00:00:00+05:30,2022-08-29 00:00:00+05:30,1286.7813720703125,1536.8717041015625,19756.845679103317,3839.810089749364,19.435339791162633,UT Sell,374726.46260091296,474726.46260091296
GREENPANEL.NS,2022-08-12 00:00:00+05:30,2022-09-07 00:00:00+05:30,438.81683349609375,436.3423767089844,24266.150839372083,-136.8350916784948,-0.5638928587572978,UT Sell,374589.6275092345,474589.6275092345
SHIVAMILLS.NS,2022-08-18 00:00:00+05:30,2022-09-09 00:00:00+05:30,106.1500015258789,132.10000610351562,37804.89761774838,9241.990128455021,24.446541879050486,UT Sell,383831.6176376895,483831.6176376895
IGARASHI.NS,2022-08-29 00:00:00+05:30,2022-09-13 00:00:00+05:30,318.93133544921875,437.94146728515625,23596.65576885268,8805.15898503027,37.31528345068704,UT Sell,392636.7766227198,492636.7766227198
KEEPLEARN.NS,2022-06-20 00:00:00+05:30,2022-09-14 00:00:00+05:30,0.8569980263710022,8.030397415161133,17003.57857748417,142326.4189901022,837.0380290333015,UT Sell,534963.195612822,634963.195612822
IFBIND.NS,2022-05-11 00:00:00+05:30,2022-09-16 00:00:00+05:30,899.0499877929688,989.3499755859375,22201.389318115915,2229.892899875631,10.043934043605462,UT Sell,537193.0885126976,637193.0885126976
HEMIPROP.NS,2022-06-21 00:00:00+05:30,2022-09-16 00:00:00+05:30,105.30000305175781,101.80000305175781,17462.527284778273,-580.4258663381261,-3.323836560840032,UT Sell,536612.6626463595,636612.6626463595
ACCURACY.NS,2022-08-08 00:00:00+05:30,2022-09-16 00:00:00+05:30,21.64235496520996,23.18229103088379,38303.449128225475,2725.4364345781796,7.115381242703367,UT Sell,539338.0990809377,639338.0990809377
ZEEMEDIA.NS,2022-08-10 00:00:00+05:30,2022-09-16 00:00:00+05:30,15.5,16.5,19897.588580863467,1283.715392313774,6.451612903225801,UT Sell,540621.8144732515,640621.8144732515
SALONA.NS,2022-08-16 00:00:00+05:30,2022-09-16 00:00:00+05:30,225.17718505859375,259.0029602050781,27167.422630196274,4081.049014621116,15.0218483003429,UT Sell,544702.8634878725,644702.8634878725
ITI.NS,2022-08-19 00:00:00+05:30,2022-09-16 00:00:00+05:30,117.80000305175781,109.5,21786.66382707394,-1535.054088011224,-7.045842815565151,UT Sell,543167.8093998613,643167.8093998613
ZEEL.NS,2022-09-07 00:00:00+05:30,2022-09-16 00:00:00+05:30,250.52059936523438,253.7825164794922,24129.31574769359,314.17707043716655,1.3020554487426672,UT Sell,543481.9864702984,643481.9864702984
NUVOCO.NS,2022-06-16 00:00:00+05:30,2022-09-21 00:00:00+05:30,281.3500061035156,420.25,18419.06046179937,9093.326213689888,49.36910996382906,UT Sell,552575.3126839882,652575.3126839882
ARVINDFASN.NS,2022-09-21 00:00:00+05:30,2022-09-23 00:00:00+05:30,322.50335693359375,311.2030944824219,27512.38667548926,-964.0122603597229,-3.5039208765503482,UT Sell,551611.3004236285,651611.3004236285
NIPPOBATRY.NS,2022-09-19 00:00:00+05:30,2022-09-23 00:00:00+05:30,391.7762145996094,359.6697692871094,25638.163910631927,-2101.072696184132,-8.195098149414815,UT Sell,549510.2277274444,649510.2277274444
NAVKARCORP.NS,2022-09-14 00:00:00+05:30,2022-09-23 00:00:00+05:30,67.5999984741211,58.150001525878906,159329.99756758637,-22273.19563259359,-13.979285741936632,UT Sell,527237.0320948508,627237.0320948508
ARSHIYA.NS,2022-09-19 00:00:00+05:30,2022-09-23 00:00:00+05:30,15.300000190734863,16.799999237060547,25638.163910631927,2513.543852030656,9.80391521324313,UT Sell,529750.5759468814,629750.5759468814
ENIL.NS,2022-07-19 00:00:00+05:30,2022-09-26 00:00:00+05:30,179.4908447265625,157.5300750732422,28903.94205279937,-3536.4077452609454,-12.235036102691188,UT Sell,526214.1682016205,626214.1682016205
PAYTM.NS,2022-09-09 00:00:00+05:30,2022-09-26 00:00:00+05:30,727.9000244140625,657.5,47046.8877462034,-4550.215599463016,-9.671661224456251,UT Sell,521663.9526021574,621663.9526021574
KOTARISUG.NS,2022-09-16 00:00:00+05:30,2022-09-26 00:00:00+05:30,42.10426712036133,40.45881271362305,25638.163910631923,-1001.9514095051563,-3.9080466643309664,UT Sell,520662.0011926523,620662.0011926523
TCIFINANCE.NS,2022-09-19 00:00:00+05:30,2022-09-26 00:00:00+05:30,4.550000190734863,4.349999904632568,25638.163910631927,-1126.9538246845113,-4.395610499304025,UT Sell,519535.0473679678,619535.0473679678
ARCHIES.NS,2022-07-26 00:00:00+05:30,2022-10-03 00:00:00+05:30,17.350000381469727,18.549999237060547,18307.555169796164,1266.227364230188,6.916419764880533,UT Sell,520801.274732198,620801.274732198
RELIABLE.NS,2022-09-19 00:00:00+05:30,2022-10-04 00:00:00+05:30,54.489410400390625,46.85243225097656,25638.163910631923,-3593.32384288725,-14.015527225009784,UT Sell,517207.95088931074,617207.9508893108
DISHTV.NS,2022-09-19 00:00:00+05:30,2022-10-11 00:00:00+05:30,16.799999237060547,15.850000381469727,25638.163910631927,-1449.7754452762529,-5.654755349602258,UT Sell,515758.1754440345,615758.1754440345
SELMC.NS,2022-10-11 00:00:00+05:30,2022-10-14 00:00:00+05:30,667.4000244140625,699.0,24188.388465355674,1145.2688897329135,4.734787897809922,UT Sell,516903.4443337674,616903.4443337674
TARC.NS,2022-08-22 00:00:00+05:30,2022-10-19 00:00:00+05:30,39.349998474121094,44.20000076293945,26958.596554951877,3322.7257958049413,12.325292190311043,UT Sell,520226.17012957233,620226.1701295723
PAYTM.NS,2022-10-03 00:00:00+05:30,2022-10-20 00:00:00+05:30,660.0,632.75,19573.78253402635,-808.1599606851778,-4.128787878787876,UT Sell,519418.01016888715,619418.0101688872
AKSHOPTFBR.NS,2022-08-22 00:00:00+05:30,2022-10-24 00:00:00+05:30,9.550000190734863,10.800000190734863,26958.59655495188,3528.6120440482227,13.089004974185393,UT Sell,522946.62221293536,622946.6222129354
BAGFILMS.NS,2022-08-19 00:00:00+05:30,2022-10-25 00:00:00+05:30,5.75,5.300000190734863,21786.663827073942,-1705.0425333403364,-7.826083639393677,UT Sell,521241.579679595,621241.5796795951
RAJESHEXPO.NS,2022-09-26 00:00:00+05:30,2022-10-25 00:00:00+05:30,608.8499755859375,651.0,29252.907260338245,2025.1470881951718,6.922891698155809,UT Sell,523266.7267677902,623266.7267677903
BOHRAIND.NS,2021-11-29 00:00:00+05:30,2022-10-27 00:00:00+05:30,74.0,68.6500015258789,15937.56333784646,-1152.2424261984706,-7.229727667731211,UT Sell,522114.4843415917,622114.4843415917
BALAMINES.NS,2022-10-20 00:00:00+05:30,2022-10-27 00:00:00+05:30,3028.897705078125,2933.40087890625,18765.622573341174,-591.6533245374667,-3.1528574243946506,UT Sell,521522.83101705427,621522.8310170543
SALONA.NS,2022-10-14 00:00:00+05:30,2022-10-28 00:00:00+05:30,283.4219970703125,250.97024536132812,25333.657355088588,-2900.697782338557,-11.449976376016291,UT Sell,518622.13323471573,618622.1332347158
CHEMFAB.NS,2022-10-28 00:00:00+05:30,2022-10-31 00:00:00+05:30,382.3984680175781,363.281005859375,22432.95957275003,-1121.5035927100907,-4.999356367014607,UT Sell,517500.62964200566,617500.6296420057
SAPPHIRE.NS,2022-10-19 00:00:00+05:30,2022-10-31 00:00:00+05:30,293.0,289.42999267578125,30281.32235075682,-368.95748320556595,-1.2184325338630564,UT Sell,517131.67215880007,617131.6721588001
BETA.NS,2022-10-24 00:00:00+05:30,2022-10-31 00:00:00+05:30,754.2999877929688,725.0,30487.208599000103,-1184.2434763999663,-3.884394573397587,UT Sell,515947.4286824001,615947.4286824001
BLKASHYAP.NS,2022-09-23 00:00:00+05:30,2022-10-31 00:00:00+05:30,25.75,27.200000762939453,53823.49383180817,3030.8391114636397,5.6310709240367185,UT Sell,518978.2677938637,618978.2677938638
ICEMAKE.NS,2022-09-23 00:00:00+05:30,2022-10-31 00:00:00+05:30,228.59239196777344,282.27398681640625,53823.49383180818,12639.663832838087,23.48354395635388,UT Sell,531617.9316267018,631617.9316267018
DEVYANI.NS,2022-06-30 00:00:00+05:30,2022-11-02 00:00:00+05:30,155.35000610351562,187.3000030517578,19218.900686957626,3952.6475324867715,20.56646005340528,UT Sell,535570.5791591887,635570.5791591887
EXCEL.NS,2022-09-13 00:00:00+05:30,2022-11-02 00:00:00+05:30,0.5066660046577454,0.4000000059604645,32401.81475388295,-6821.400880569978,-21.052527250043973,Stop Loss,528749.1782786187,628749.1782786187
DIAMONDYD.NS,2022-10-31 00:00:00+05:30,2022-11-03 00:00:00+05:30,927.4878540039062,894.0770263671875,40768.85531562188,-1468.6135155478114,-3.6022927408144834,UT Sell,527280.5647630709,627280.5647630709
ASAHIINDIA.NS,2022-10-27 00:00:00+05:30,2022-11-07 00:00:00+05:30,613.2920532226562,600.3076782226562,16479.645080225848,-348.90047973746186,-2.117160157509168,UT Sell,526931.6642833335,626931.6642833335
ASIANPAINT.NS,2022-10-31 00:00:00+05:30,2022-11-07 00:00:00+05:30,3014.447509765625,3010.421875,40768.85531562188,-54.4446439294843,-0.13354469608720665,UT Sell,526877.219639404,626877.219639404
LALPATHLAB.NS,2022-10-25 00:00:00+05:30,2022-11-09 00:00:00+05:30,1277.801513671875,1171.1436767578125,25679.83782113351,-2143.490929538344,-8.346980010030814,UT Sell,524733.7287098656,624733.7287098656
AXITA.NS,2022-11-02 00:00:00+05:30,2022-11-09 00:00:00+05:30,18.212961196899414,18.56808853149414,24375.981046378685,475.29762368382944,1.9498604908639638,UT Sell,525209.0263335494,625209.0263335494
HESTERBIO.NS,2022-09-26 00:00:00+05:30,2022-11-09 00:00:00+05:30,2206.454345703125,1914.783935546875,29252.90726033825,-3866.931339640596,-13.218964204913297,UT Sell,521342.09499390883,621342.0949939089
JAIPURKURT.NS,2022-09-23 00:00:00+05:30,2022-11-10 00:00:00+05:30,57.04999923706055,108.55000305175781,53823.49383180817,48587.38255438539,90.27169939249022,UT Sell,569929.4775482942,669929.4775482942
SUDARSCHEM.NS,2022-11-07 00:00:00+05:30,2022-11-10 00:00:00+05:30,410.20013427734375,384.7908630371094,28422.57763609039,-1760.5966555187697,-6.194359561826646,UT Sell,568168.8808927755,668168.8808927755
MIRCELECTR.NS,2022-09-23 00:00:00+05:30,2022-11-14 00:00:00+05:30,17.899999618530273,15.5,53823.49383180818,-7216.556838949953,-13.407819383670649,UT Sell,560952.3240538256,660952.3240538256
ASTRAL.NS,2022-10-31 00:00:00+05:30,2022-11-14 00:00:00+05:30,1512.1182861328125,1475.751220703125,40768.85531562188,-980.5077038969539,-2.4050410449499293,UT Sell,559971.8163499286,659971.8163499286
PAYTM.NS,2022-10-25 00:00:00+05:30,2022-11-16 00:00:00+05:30,656.3499755859375,601.4500122070312,25679.83782113351,-2147.973197832307,-8.36443443604853,UT Sell,557823.8431520963,657823.8431520963
OPTIEMUS.NS,2022-11-10 00:00:00+05:30,2022-11-18 00:00:00+05:30,235.45367431640625,212.80242919921875,64536.42868338259,-6208.569347406999,-9.62025552710144,UT Sell,551615.2738046893,651615.2738046893
AVROIND.NS,2022-09-26 00:00:00+05:30,2022-11-21 00:00:00+05:30,121.3499984741211,105.5999984741211,29252.907260338245,-3796.730903532585,-12.978986566166972,UT Sell,547818.5429011567,647818.5429011567
KEEPLEARN.NS,2022-11-09 00:00:00+05:30,2022-11-22 00:00:00+05:30,2.6662189960479736,3.0153660774230957,24591.200494118442,3220.270312663175,13.095213930012806,UT Sell,551038.8132138199,651038.8132138199
LALPATHLAB.NS,2022-11-14 00:00:00+05:30,2022-11-24 00:00:00+05:30,1209.30859375,1164.7177734375,43197.64230229157,-1592.8261121936084,-3.6872987211830077,UT Sell,549445.9871016262,649445.9871016262
HONAUT.NS,2022-11-16 00:00:00+05:30,2022-11-28 00:00:00+05:30,39775.31640625,41029.89453125,23531.864623301204,742.2332558042472,3.1541625267947904,UT Sell,550188.2203574305,650188.2203574305
RAJMET.NS,2022-10-31 00:00:00+05:30,2022-11-29 00:00:00+05:30,28.139999389648438,26.684999465942383,40768.85531562187,-2107.984458437262,-5.170575533989852,UT Sell,548080.2358989932,648080.2358989932
HARDWYN.NS,2022-08-22 00:00:00+05:30,2022-12-05 00:00:00+05:30,10.473214149475098,17.191070556640625,26958.59655495188,17292.110904077206,64.14321631628451,UT Sell,565372.3468030704,665372.3468030704
BSHSL.NS,2022-11-07 00:00:00+05:30,2022-12-05 00:00:00+05:30,110.5,136.14999389648438,28422.57763609039,6597.6374921997485,23.212664159714368,UT Sell,571969.9842952702,671969.9842952702
DIAMONDYD.NS,2022-11-09 00:00:00+05:30,2022-12-05 00:00:00+05:30,941.4796142578125,906.574951171875,24591.200494118442,-911.7006413384734,-3.7074263273829455,UT Sell,571058.2836539317,671058.2836539317
BALAMINES.NS,2022-11-29 00:00:00+05:30,2022-12-05 00:00:00+05:30,2994.323974609375,2888.58349609375,38660.87085718461,-1365.2560707973462,-3.531363987740155,UT Sell,569693.0275831344,669693.0275831344
GREENPANEL.NS,2022-11-28 00:00:00+05:30,2022-12-06 00:00:00+05:30,364.0392761230469,370.6708068847656,24274.09787910545,442.18972335240323,1.8216525514343829,UT Sell,570135.2173064868,670135.2173064868
JSWHL.NS,2022-09-26 00:00:00+05:30,2022-12-07 00:00:00+05:30,4627.14990234375,4268.2001953125,29252.90726033825,-2269.285135022772,-7.757468735763984,UT Sell,567865.932171464,667865.932171464
LTIM.NS,2022-12-05 00:00:00+05:30,2022-12-09 00:00:00+05:30,4773.66064453125,4223.27001953125,35061.50930662161,-4042.500600209656,-11.529739250118931,UT Sell,563823.4315712543,663823.4315712543
URJA.NS,2022-11-24 00:00:00+05:30,2022-12-09 00:00:00+05:30,10.600000381469727,10.850000381469727,41604.81619009796,981.2456295480151,2.3584904811610574,UT Sell,564804.6772008023,664804.6772008023
TVSELECT.NS,2022-11-09 00:00:00+05:30,2022-12-09 00:00:00+05:30,284.1472473144531,283.6015930175781,24591.200494118442,-47.22303081148857,-0.19203223048335216,UT Sell,564757.4541699907,664757.4541699907
LTTS.NS,2022-10-31 00:00:00+05:30,2022-12-09 00:00:00+05:30,3417.991943359375,3844.891357421875,40768.85531562187,5091.937235268058,12.4897723908302,UT Sell,569849.3914052588,669849.3914052588
SHIVALIK.NS,2022-08-19 00:00:00+05:30,2022-12-09 00:00:00+05:30,884.5507202148438,737.8777465820312,21786.663827073942,-3612.5851192334376,-16.581635205405508,UT Sell,566236.8062860253,666236.8062860253
VINYLINDIA.NS,2022-10-27 00:00:00+05:30,2022-12-12 00:00:00+05:30,550.9404907226562,484.0470275878906,16479.645080225848,-2000.906720800538,-12.14168576483151,UT Sell,564235.8995652248,664235.8995652248
ASIANPAINT.NS,2022-12-07 00:00:00+05:30,2022-12-12 00:00:00+05:30,3129.6826171875,3071.33740234375,26983.622125315476,-503.04309501482567,-1.8642534077842776,UT Sell,563732.8564702099,663732.8564702099
ZEEL.NS,2022-11-22 00:00:00+05:30,2022-12-15 00:00:00+05:30,244.84376525878906,250.96482849121094,27811.470806781617,695.2832603886527,2.4999873800961137,UT Sell,564428.1397305985,664428.1397305985
EMIL.NS,2022-12-12 00:00:00+05:30,2022-12-15 00:00:00+05:30,90.55000305175781,85.75,20479.65869486298,-1085.614808628019,-5.300941899487466,UT Sell,563342.5249219706,663342.5249219706
ARENTERP.NS,2022-12-09 00:00:00+05:30,2022-12-16 00:00:00+05:30,40.650001525878906,45.54999923706055,32436.783849619067,3909.967051785752,12.054114458180699,UT Sell,567252.4919737563,667252.4919737563
DRREDDY.NS,2022-12-09 00:00:00+05:30,2022-12-16 00:00:00+05:30,863.9526977539062,844.7411499023438,32436.783849619067,-721.2904441387036,-2.223680521110527,UT Sell,566531.2015296177,666531.2015296177
IGPL.NS,2022-11-02 00:00:00+05:30,2022-12-19 00:00:00+05:30,502.6199951171875,500.86602783203125,24375.981046378685,-85.06361409074088,-0.3489648844446247,UT Sell,566446.1379155269,666446.1379155269
PNCINFRA.NS,2022-12-15 00:00:00+05:30,2022-12-21 00:00:00+05:30,296.3046569824219,272.6162109375,23950.398976702614,-1914.7445730076033,-7.994624953305129,UT Sell,564531.3933425193,664531.3933425193
CMSINFO.NS,2022-12-09 00:00:00+05:30,2022-12-21 00:00:00+05:30,313.24456787109375,279.647216796875,32436.783849619067,-3479.0388293745928,-10.725597351154937,UT Sell,561052.3545131447,661052.3545131447
MEDICAMEQ.NS,2022-11-18 00:00:00+05:30,2022-12-21 00:00:00+05:30,865.9342651367188,819.1954956054688,58327.85933597559,-3148.244023263025,-5.3974962549692584,UT Sell,557904.1104898817,657904.1104898817
NAVKARCORP.NS,2022-11-03 00:00:00+05:30,2022-12-21 00:00:00+05:30,56.849998474121094,59.599998474121094,39300.241800074065,1901.0671565699595,4.837291246809516,UT Sell,559805.1776464516,659805.1776464516
WESTLIFE.NS,2022-09-16 00:00:00+05:30,2022-12-21 00:00:00+05:30,711.1189575195312,749.8348388671875,25638.163910631927,1395.8341307593764,5.444360741373266,UT Sell,561201.011777211,661201.011777211
LT.NS,2022-10-04 00:00:00+05:30,2022-12-22 00:00:00+05:30,1819.096435546875,2050.81494140625,22044.840067744673,2808.09598797933,12.73811004910872,UT Sell,564009.1077651903,664009.1077651903
ORIENTELEC.NS,2022-11-21 00:00:00+05:30,2022-12-22 00:00:00+05:30,269.9700927734375,261.615966796875,25456.17635680566,-787.7320853640522,-3.0944634980636154,UT Sell,563221.3756798262,663221.3756798262
INCREDIBLE.NS,2022-12-09 00:00:00+05:30,2022-12-22 00:00:00+05:30,23.899999618530273,22.049999237060547,32436.783849619067,-2510.7976340267633,-7.740587493714324,UT Sell,560710.5780457995,660710.5780457995
SINTERCOM.NS,2022-12-19 00:00:00+05:30,2022-12-22 00:00:00+05:30,105.55000305175781,102.0,24290.917432287944,-816.9855852333203,-3.3633377064110737,UT Sell,559893.5924605662,659893.5924605662
HAPPSTMNDS.NS,2022-12-16 00:00:00+05:30,2022-12-23 00:00:00+05:30,914.7987670898438,827.7540893554688,34031.12215344259,-3238.119865649791,-9.515172174016085,UT Sell,556655.4725949164,656655.4725949164
TVSELECT.NS,2022-12-15 00:00:00+05:30,2022-12-23 00:00:00+05:30,308.9010314941406,253.7879638671875,23950.398976702614,-4273.148432398673,-17.841658656940595,UT Sell,552382.3241625177,652382.3241625177
HONAUT.NS,2022-12-12 00:00:00+05:30,2022-12-23 00:00:00+05:30,43095.41015625,40311.13671875,20479.65869486298,-1323.133241021107,-6.460719198181719,UT Sell,551059.1909214966,651059.1909214966
SHIVATEX.NS,2022-12-05 00:00:00+05:30,2022-12-23 00:00:00+05:30,135.328369140625,117.73966217041016,35061.50930662161,-4556.96478900743,-12.997058253127792,UT Sell,546502.2261324892,646502.2261324892
DEVYANI.NS,2022-12-05 00:00:00+05:30,2022-12-23 00:00:00+05:30,191.4499969482422,171.1999969482422,35061.50930662161,-3708.5169745446983,-10.577174365520891,UT Sell,542793.7091579444,642793.7091579444
ASHIMASYN.NS,2022-11-10 00:00:00+05:30,2022-12-23 00:00:00+05:30,15.149999618530273,14.850000381469727,64536.42868338259,-1277.9458650247398,-1.980193033758304,UT Sell,541515.7632929197,641515.7632929197
PARASPETRO.NS,2022-12-23 00:00:00+05:30,2022-12-29 00:00:00+05:30,1.5,1.399999976158142,30775.43089361173,-2051.6958820697473,-6.666668256123865,UT Sell,539464.06741085,639464.06741085
LALPATHLAB.NS,2022-12-21 00:00:00+05:30,2023-01-02 00:00:00+05:30,1183.070068359375,1071.033203125,34881.66434693748,-3303.297439523605,-9.470010968136688,UT Sell,536160.7699713263,636160.7699713263
KRSNAA.NS,2022-12-21 00:00:00+05:30,2023-01-04 00:00:00+05:30,480.65313720703125,445.7766418457031,34881.66434693748,-2531.0356068005167,-7.256063190180695,UT Sell,533629.7343645259,633629.7343645259
SABEVENTS.NS,2022-12-21 00:00:00+05:30,2023-01-04 00:00:00+05:30,5.550000190734863,5.5,34881.66434693748,-314.2504163167323,-0.9009043066040445,UT Sell,533315.4839482091,633315.4839482091
NKIND.NS,2022-12-22 00:00:00+05:30,2023-01-10 00:00:00+05:30,40.900001525878906,38.25,25730.324597453135,-1667.1246186009776,-6.479221092943366,UT Sell,531648.3593296082,631648.3593296082
VGUARD.NS,2022-12-09 00:00:00+05:30,2023-01-11 00:00:00+05:30,257.1434631347656,250.07205200195312,32436.783849619067,-892.0072539686407,-2.7499867376004294,UT Sell,530756.3520756395,630756.3520756395
WIPL.NS,2022-12-29 00:00:00+05:30,2023-01-12 00:00:00+05:30,87.9392318725586,86.22453308105469,28723.735011541983,-560.0748683266429,-1.949867829171903,UT Sell,530196.2772073129,630196.2772073129
KSL.NS,2022-12-21 00:00:00+05:30,2023-01-12 00:00:00+05:30,356.9215087890625,336.3610534667969,34881.66434693748,-2009.3574741535776,-5.7604977049496515,UT Sell,528186.9197331592,628186.9197331592
RADIOCITY.NS,2022-12-16 00:00:00+05:30,2023-01-13 00:00:00+05:30,24.5,21.200000762939453,34031.12215344259,-4583.7827405173375,-13.469384641063453,UT Sell,523603.1369926419,623603.136992642
NECLIFE.NS,2022-12-23 00:00:00+05:30,2023-01-17 00:00:00+05:30,27.5,21.75,30775.430893611727,-6434.862823209725,-20.90909090909091,Stop Loss,517168.2741694322,617168.2741694322
KOPRAN.NS,2023-01-04 00:00:00+05:30,2023-01-17 00:00:00+05:30,147.14564514160156,135.52005004882812,33459.02133537886,-2643.5103388296484,-7.9007401690929235,UT Sell,514524.7638306025,614524.7638306025
BERGEPAINT.NS,2023-01-17 00:00:00+05:30,2023-01-19 00:00:00+05:30,464.8011474609375,461.4852600097656,27578.039533475603,-196.74150056752842,-0.7133991534413187,UT Sell,514328.022330035,614328.022330035
SINTERCOM.NS,2022-12-26 00:00:00+05:30,2023-01-24 00:00:00+05:30,105.0,102.0,30775.430893611734,-879.298025531767,-2.857142857142858,UT Sell,513448.72430450324,613448.7243045033
DEVYANI.NS,2023-01-19 00:00:00+05:30,2023-01-27 00:00:00+05:30,161.5500030517578,152.85000610351562,27381.298032908075,-1474.5726080171553,-5.385327628532977,UT Sell,511974.1516964861,611974.1516964862
UNIINFO.NS,2023-01-02 00:00:00+05:30,2023-02-01 00:00:00+05:30,22.399999618530273,21.600000381469727,31578.366907413878,-1127.7977617754368,-3.5714252262698754,UT Sell,510846.35393471067,610846.3539347106
CAMLINFINE.NS,2022-12-26 00:00:00+05:30,2023-02-01 00:00:00+05:30,144.39999389648438,151.0500030517578,30775.430893611738,1417.2915917622195,4.605269692767866,UT Sell,512263.6455264729,612263.645526473
GALAXYSURF.NS,2023-02-01 00:00:00+05:30,2023-02-03 00:00:00+05:30,2337.984130859375,2286.575439453125,31321.6458155062,-688.7150356633756,-2.1988468924018623,UT Sell,511574.9304908095,611574.9304908095
CROMPTON.NS,2023-01-24 00:00:00+05:30,2023-02-03 00:00:00+05:30,329.95245361328125,297.22503662109375,29896.132868079967,-2965.346055508504,-9.918828192908503,UT Sell,508609.584435301,608609.584435301
SALONA.NS,2022-12-26 00:00:00+05:30,2023-02-03 00:00:00+05:30,248.00660705566406,240.39996337890625,30775.430893611734,-943.9173398870225,-3.067113318900627,UT Sell,507665.667095414,607665.667095414
DANGEE.NS,2022-12-26 00:00:00+05:30,2023-02-03 00:00:00+05:30,17.950000762939453,15.149999618530273,30775.430893611734,-4800.626075722088,-15.598891506401568,UT Sell,502865.0410196919,602865.0410196919
ARENTERP.NS,2023-01-13 00:00:00+05:30,2023-02-07 00:00:00+05:30,41.29999923706055,34.79999923706055,29447.339412925256,-4634.56924261283,-15.738499080085278,UT Sell,498230.4717770791,598230.4717770792
LT.NS,2023-01-17 00:00:00+05:30,2023-02-08 00:00:00+05:30,2151.073974609375,2071.12939453125,27578.039533475603,-1024.9367599187317,-3.7164960862232865,UT Sell,497205.53501716035,597205.5350171603
CENTUM.NS,2023-02-03 00:00:00+05:30,2023-02-08 00:00:00+05:30,653.1121215820312,584.2825927734375,28342.508991007162,-2986.9320667007923,-10.538700252855238,UT Sell,494218.6029504596,594218.6029504596
XPROINDIA.NS,2022-12-26 00:00:00+05:30,2023-02-09 00:00:00+05:30,660.9029541015625,548.4659423828125,30775.430893611738,-5235.711934044182,-17.01263567078436,UT Sell,488982.8910164154,588982.8910164153
PANAMAPET.NS,2023-01-11 00:00:00+05:30,2023-02-09 00:00:00+05:30,347.6625061035156,289.6081848144531,31544.776595650426,-5267.495238414696,-16.698470577030523,UT Sell,483715.3957780007,583715.3957780007
FINEORG.NS,2023-02-07 00:00:00+05:30,2023-02-10 00:00:00+05:30,4926.52392578125,4736.2890625,24812.770170312426,-958.1307250486789,-3.8614419852042503,UT Sell,482757.26505295205,582757.2650529521
ORIENTELEC.NS,2023-02-03 00:00:00+05:30,2023-02-13 00:00:00+05:30,276.61431884765625,264.24029541015625,28342.50899100716,-1267.869544835201,-4.473384996499375,UT Sell,481489.39550811687,581489.3955081168
WIPL.NS,2023-02-03 00:00:00+05:30,2023-02-13 00:00:00+05:30,76.96519470214844,80.78651428222656,28342.508991007162,1407.204710843831,4.964996963713864,UT Sell,482896.6002189607,582896.6002189608
BORORENEW.NS,2023-02-01 00:00:00+05:30,2023-02-13 00:00:00+05:30,509.6000061035156,465.8999938964844,31321.6458155062,-2685.9424805499184,-8.575355510917015,UT Sell,480210.6577384108,580210.6577384109
MANAKALUCO.NS,2022-12-23 00:00:00+05:30,2023-02-14 00:00:00+05:30,21.506643295288086,20.811279296875,30775.430893611727,-995.047269127117,-3.2332521112926726,UT Sell,479215.6104692837,579215.6104692838
BEDMUTHA.NS,2023-01-10 00:00:00+05:30,2023-02-14 00:00:00+05:30,68.8499984741211,54.400001525878906,24063.199978852157,-5050.300275461173,-20.987650353650423,Stop Loss,474165.31019382254,574165.3101938225
NILAINFRA.NS,2023-01-12 00:00:00+05:30,2023-02-14 00:00:00+05:30,7.150000095367432,5.949999809265137,30517.983507999623,-5121.900482853453,-16.783220560791168,UT Sell,469043.4097109691,569043.4097109691
KEEPLEARN.NS,2023-01-04 00:00:00+05:30,2023-02-17 00:00:00+05:30,2.6662189960479736,2.094886064529419,33459.02133537886,-7169.793919261352,-21.42858228695459,Stop Loss,461873.6157917077,561873.6157917078
PKTEA.NS,2023-02-10 00:00:00+05:30,2023-02-20 00:00:00+05:30,232.6859130859375,228.45889282226562,23854.639445263747,-433.34829762760637,-1.816620614291642,UT Sell,461440.2674940801,561440.2674940801
ARVINDFASN.NS,2022-12-06 00:00:00+05:30,2023-02-22 00:00:00+05:30,337.8181457519531,266.1011962890625,24716.287602457855,-5247.133024634131,-21.229454475648456,Stop Loss,456193.13446944597,556193.134469446
GATEWAY.NS,2023-02-17 00:00:00+05:30,2023-02-22 00:00:00+05:30,57.40595245361328,54.44688415527344,26289.227416117505,-1355.1141669104654,-5.1546367090257945,UT Sell,454838.0203025355,554838.0203025355
DEVYANI.NS,2023-02-08 00:00:00+05:30,2023-02-23 00:00:00+05:30,158.9499969482422,149.1999969482422,25954.33984893162,-1592.0403799031446,-6.134004521670311,UT Sell,453245.97992263234,553245.9799226323
ARENTERP.NS,2023-02-20 00:00:00+05:30,2023-02-23 00:00:00+05:30,34.400001525878906,36.0,23421.29114763614,1089.3612917421633,4.651158148692014,UT Sell,454335.3412143745,554335.3412143745
ASIANPAINT.NS,2023-02-03 00:00:00+05:30,2023-02-23 00:00:00+05:30,2677.569091796875,2624.7529296875,28342.50899100716,-559.067758154797,-1.9725415217551223,UT Sell,453776.2734562197,553776.2734562197
VINEETLAB.NS,2022-12-21 00:00:00+05:30,2023-02-27 00:00:00+05:30,60.79999923706055,50.849998474121094,34881.66434693748,-5708.4307766416605,-16.365133039137348,UT Sell,448067.84267957805,548067.8426795781
FCSSOFT.NS,2023-02-14 00:00:00+05:30,2023-02-27 00:00:00+05:30,2.5999999046325684,2.3499999046325684,24729.788784340584,-2377.864393406144,-9.615384968074835,UT Sell,445689.9782861719,545689.9782861719
AXITA.NS,2022-11-14 00:00:00+05:30,2023-02-28 00:00:00+05:30,18.796384811401367,25.797468185424805,43197.64230229157,16089.811862977986,37.24696767102136,UT Sell,461779.7901491499,561779.79014915
VAISHALI.NS,2023-02-14 00:00:00+05:30,2023-03-02 00:00:00+05:30,13.369999885559082,17.3700008392334,24729.788784340588,7398.59233868575,29.917733641828303,UT Sell,469178.38248783565,569178.3824878356
TIINDIA.NS,2023-01-27 00:00:00+05:30,2023-03-03 00:00:00+05:30,2654.433837890625,2697.733154296875,25906.72542489092,422.5923755227559,1.631207219715769,UT Sell,469600.9748633584,569600.9748633584
GLFL.NS,2023-02-22 00:00:00+05:30,2023-03-03 00:00:00+05:30,2.700000047683716,2.75,22201.633913515383,411.1409694128306,1.8518500530834592,UT Sell,470012.11583277123,570012.1158327712
ACEINTEG.NS,2023-02-22 00:00:00+05:30,2023-03-03 00:00:00+05:30,60.599998474121094,50.20000076293945,22201.633913515383,-3810.1806550978035,-17.16171282681287,UT Sell,466201.9351776734,566201.9351776734
MASKINVEST.NS,2023-03-02 00:00:00+05:30,2023-03-06 00:00:00+05:30,55.0,52.150001525878906,32128.381123026338,-1664.8334032110215,-5.181815407492896,UT Sell,464537.1017744624,564537.1017744624
TTKPRESTIG.NS,2023-02-23 00:00:00+05:30,2023-03-06 00:00:00+05:30,738.6654052734375,738.2745971679688,25552.131047086383,-13.51894897731836,-0.052907324842710324,UT Sell,464523.58282548503,564523.582825485
PAYTM.NS,2023-03-03 00:00:00+05:30,2023-03-09 00:00:00+05:30,627.9000244140625,606.0499877929688,22444.515313919823,-781.0375258537169,-3.4798591768623544,UT Sell,463742.5452996313,563742.5452996313
63MOONS.NS,2022-12-05 00:00:00+05:30,2023-03-09 00:00:00+05:30,157.50543212890625,192.98362731933594,35061.50930662161,7897.62647572266,22.525061333372598,UT Sell,471640.17177535396,571640.171775354
EXXARO.NS,2023-02-27 00:00:00+05:30,2023-03-09 00:00:00+05:30,12.050000190734863,11.885000228881836,25762.57898061513,-352.76551715787355,-1.369294267562704,UT Sell,471287.4062581961,571287.4062581961
LT.NS,2023-02-13 00:00:00+05:30,2023-03-10 00:00:00+05:30,2141.54833984375,2097.37255859375,28486.685494326408,-587.6223121009389,-2.0627963622443013,UT Sell,470699.78394609515,570699.7839460952
CENTUM.NS,2023-03-06 00:00:00+05:30,2023-03-10 00:00:00+05:30,581.7059326171875,539.1396484375,28001.07990896219,-2048.9767387801367,-7.317491844749635,UT Sell,468650.807207315,568650.807207315
CGCL.NS,2022-12-22 00:00:00+05:30,2023-03-13 00:00:00+05:30,714.8228149414062,639.7146606445312,25730.324597453135,-2703.5471582319333,-10.507240777287109,UT Sell,465947.26004908304,565947.260049083
INGERRAND.NS,2023-02-13 00:00:00+05:30,2023-03-13 00:00:00+05:30,2031.7783203125,2244.36474609375,28486.68549432641,2980.582375080172,10.46307186448141,UT Sell,468927.8424241632,568927.8424241631
EIHOTEL.NS,2023-02-23 00:00:00+05:30,2023-03-13 00:00:00+05:30,162.6439208984375,160.12423706054688,25552.131047086383,-395.85427643010553,-1.54920259175505,UT Sell,468531.9881477331,568531.988147733
CHEMPLASTS.NS,2023-02-27 00:00:00+05:30,2023-03-13 00:00:00+05:30,408.3500061035156,380.0,25762.57898061513,-1788.5864097614249,-6.942575163407483,UT Sell,466743.4017379717,566743.4017379717
ASAHIINDIA.NS,2023-03-06 00:00:00+05:30,2023-03-13 00:00:00+05:30,489.5929260253906,465.6064147949219,28001.07990896219,-1371.850331160098,-4.89927651226415,UT Sell,465371.5514068116,565371.5514068116
SPECIALITY.NS,2023-03-09 00:00:00+05:30,2023-03-13 00:00:00+05:30,222.93710327148438,208.66561889648438,30010.80901128921,-1921.1642458821989,-6.401574329967286,UT Sell,463450.3871609294,563450.3871609294
INDTERRAIN.NS,2023-03-09 00:00:00+05:30,2023-03-13 00:00:00+05:30,52.45000076293945,49.5,30010.80901128921,-1687.92961281116,-5.624405567261482,UT Sell,461762.4575481182,561762.4575481182
MASKINVEST.NS,2023-03-10 00:00:00+05:30,2023-03-16 00:00:00+05:30,54.849998474121094,52.150001525878906,26925.583176203763,-1325.4146659583166,-4.922510525713286,UT Sell,460437.0428821599,560437.0428821598
NELCO.NS,2023-03-03 00:00:00+05:30,2023-03-17 00:00:00+05:30,598.2778930664062,518.9575805664062,22444.515313919823,-2975.7174537845567,-13.258105208175518,UT Sell,457461.32542837533,557461.3254283753
AXITA.NS,2023-03-13 00:00:00+05:30,2023-03-20 00:00:00+05:30,28.58775520324707,27.395540237426758,26666.581198832133,-1112.094914990008,-4.170369297428778,UT Sell,456349.2305133853,556349.2305133853
CAMLINFINE.NS,2023-02-23 00:00:00+05:30,2023-03-20 00:00:00+05:30,140.5500030517578,133.85000610351562,25552.131047086383,-1218.0661424355749,-4.766984562622101,UT Sell,455131.16437094973,555131.1643709497
PRIMESECU.NS,2023-03-13 00:00:00+05:30,2023-03-20 00:00:00+05:30,103.99238586425781,97.29273223876953,26666.58119883213,-1717.9801763692194,-6.442446309707139,UT Sell,453413.18419458054,553413.1841945805
SMARTLINK.NS,2023-03-20 00:00:00+05:30,2023-03-24 00:00:00+05:30,153.4499969482422,143.89999389648438,24945.71740365195,-1552.5036303097368,-6.223527690899189,UT Sell,451860.6805642708,551860.6805642708
GALAXYSURF.NS,2023-02-13 00:00:00+05:30,2023-03-24 00:00:00+05:30,2365.97705078125,2304.4208984375,28486.68549432641,-741.1444466370594,-2.6017222915760807,UT Sell,451119.53611763375,551119.5361176338
NSIL.NS,2023-02-09 00:00:00+05:30,2023-03-27 00:00:00+05:30,2186.949951171875,2033.0999755859375,25908.500158401643,-1822.639843542118,-7.034910675641992,UT Sell,449296.8962740916,549296.8962740917
63MOONS.NS,2023-03-24 00:00:00+05:30,2023-04-06 00:00:00+05:30,173.19674682617188,171.7657928466797,25569.377410515783,-211.25455892908576,-0.8262014187416344,UT Sell,449085.64171516255,549085.6417151626
SINTERCOM.NS,2023-03-14 00:00:00+05:30,2023-04-06 00:00:00+05:30,101.5,102.0,26666.58119883213,131.36246895976365,0.49261083743843415,UT Sell,449217.0041841223,549217.0041841223
SALONA.NS,2023-02-28 00:00:00+05:30,2023-04-11 00:00:00+05:30,234.3245086669922,227.45875549316406,59287.454165269555,-1737.1338103683738,-2.9300192339612785,UT Sell,447479.87037375395,547479.870373754
PKTEA.NS,2023-04-06 00:00:00+05:30,2023-04-11 00:00:00+05:30,303.9985046386719,283.4601135253906,26078.033259689295,-1761.8535564484519,-6.756082941162123,UT Sell,445718.01681730547,545718.0168173055
CENTUM.NS,2023-03-17 00:00:00+05:30,2023-04-12 00:00:00+05:30,551.8252563476562,707.9180908203125,19468.797860135266,5507.069143368695,28.28664195361077,UT Sell,451225.08596067416,551225.0859606741
ZEEL.NS,2023-03-16 00:00:00+05:30,2023-04-13 00:00:00+05:30,200.83016967773438,202.23898315429688,25600.168510245447,179.58388651156565,0.7014949391434433,UT Sell,451404.6698471857,551404.6698471857
AKSHAR.NS,2023-04-13 00:00:00+05:30,2023-04-17 00:00:00+05:30,4.954675197601318,4.863152503967285,25779.752396757012,-476.20323966177966,-1.8471986554909114,UT Sell,450928.46660752397,550928.466607524
VINEETLAB.NS,2023-03-13 00:00:00+05:30,2023-04-18 00:00:00+05:30,47.599998474121094,45.95000076293945,26666.58119883213,-924.3655326382832,-3.4663818572992278,UT Sell,450004.1010748857,550004.1010748857
ASIANPAINT.NS,2023-04-17 00:00:00+05:30,2023-04-19 00:00:00+05:30,2757.787353515625,2725.3896484375,25303.549157095233,-297.2589318666469,-1.1747716892248627,UT Sell,449706.842143019,549706.842143019
NHPC.NS,2023-02-09 00:00:00+05:30,2023-04-20 00:00:00+05:30,36.60944747924805,38.97508239746094,25908.500158401643,1674.1594553695759,6.4618154085877455,UT Sell,451381.0015983886,551381.0015983887
AUTOAXLES.NS,2023-03-13 00:00:00+05:30,2023-04-21 00:00:00+05:30,2389.9287109375,2234.48193359375,26666.581198832126,-1734.45931301768,-6.504243270200838,UT Sell,449646.54228537093,549646.5422853709
MASKINVEST.NS,2023-04-11 00:00:00+05:30,2023-04-26 00:00:00+05:30,54.849998474121094,65.9000015258789,40933.250029071016,8246.354609344373,20.14585844878618,UT Sell,457892.8968947153,557892.8968947153
RSYSTEMS.NS,2023-03-20 00:00:00+05:30,2023-04-27 00:00:00+05:30,234.0094757080078,234.6121368408203,24945.71740365195,64.24446815164265,0.2575370638257857,UT Sell,457957.14136286697,557957.141362867
AXITA.NS,2023-03-24 00:00:00+05:30,2023-04-28 00:00:00+05:30,28.53702163696289,32.976112365722656,25569.377410515783,3977.4573411039382,15.55555020854027,UT Sell,461934.5987039709,561934.5987039709
MAANALU.NS,2023-03-09 00:00:00+05:30,2023-05-02 00:00:00+05:30,51.01250076293945,45.95000076293945,30010.80901128921,-2978.2841136466777,-9.924038077501784,UT Sell,458956.31459032424,558956.3145903242
ACCURACY.NS,2023-04-19 00:00:00+05:30,2023-05-04 00:00:00+05:30,17.149999618530273,13.649999618530273,25006.290225228586,-5103.324649274866,-20.408163719247618,Stop Loss,453852.98994104937,553852.9899410494
MAHLOG.NS,2023-03-10 00:00:00+05:30,2023-05-05 00:00:00+05:30,365.6736145019531,363.3125,26925.583176203763,-173.8555432758476,-0.6456890539310423,UT Sell,453679.13439777354,553679.1343977735
PKTEA.NS,2023-05-04 00:00:00+05:30,2023-05-08 00:00:00+05:30,255.36273193359375,249.6935272216797,19902.96557595372,-441.8576875720537,-2.2200595478389262,UT Sell,453237.27671020146,553237.2767102015
EMIL.NS,2023-05-05 00:00:00+05:30,2023-05-09 00:00:00+05:30,77.94999694824219,73.75,26751.727632927916,-1441.4006262643888,-5.388065571100576,UT Sell,451795.87608393707,551795.876083937
ZEEL.NS,2023-04-28 00:00:00+05:30,2023-05-12 00:00:00+05:30,191.16273498535156,180.91233825683594,29546.83475161972,-1584.3400561265407,-5.362131238235889,UT Sell,450211.53602781054,550211.5360278105
VAISHALI.NS,2023-04-21 00:00:00+05:30,2023-05-15 00:00:00+05:30,14.739999771118164,13.755000114440918,24932.121885814446,-1666.087644443669,-6.682494382444116,UT Sell,448545.44838336686,548545.4483833669
BORORENEW.NS,2023-04-06 00:00:00+05:30,2023-05-15 00:00:00+05:30,449.0,494.04998779296875,26078.033259689295,2616.5146548187877,10.033404853667882,UT Sell,451161.96303818567,551161.9630381856
SALONA.NS,2023-04-12 00:00:00+05:30,2023-05-18 00:00:00+05:30,252.30386352539062,244.00570678710938,24975.86700350396,-821.4446508017354,-3.2889534953340793,UT Sell,450340.51838738396,550340.518387384
PKTEA.NS,2023-05-15 00:00:00+05:30,2023-05-18 00:00:00+05:30,263.46868896484375,255.51190185546875,25980.29107793943,-784.6080153165458,-3.020012412342754,UT Sell,449555.9103720674,549555.9103720675
FCL.NS,2023-05-02 00:00:00+05:30,2023-05-19 00:00:00+05:30,24.205371856689453,25.173189163208008,27032.524897642532,1080.8569928084726,3.998357522654983,UT Sell,450636.7673648759,550636.7673648759
DEVYANI.NS,2023-04-11 00:00:00+05:30,2023-05-22 00:00:00+05:30,150.39999389648438,177.10000610351562,40933.250029071016,7266.744147621976,17.752668411282002,UT Sell,457903.51151249785,557903.5115124979
DIAMONDYD.NS,2023-04-26 00:00:00+05:30,2023-05-22 00:00:00+05:30,720.0018920898438,761.2301635742188,49179.60463841539,2816.089948932822,5.72613376955271,UT Sell,460719.60146143066,560719.6014614307
WINDMACHIN.NS,2023-04-18 00:00:00+05:30,2023-05-24 00:00:00+05:30,42.792213439941406,44.36798858642578,25742.215666193846,947.9281486376058,3.682387564961931,UT Sell,461667.52961006825,561667.5296100683
SANGHVIMOV.NS,2023-05-18 00:00:00+05:30,2023-05-24 00:00:00+05:30,202.8688201904297,183.133544921875,24675.052707662555,-2400.41302056524,-9.728096831257515,UT Sell,459267.116589503,559267.116589503
ABREL.NS,2023-05-08 00:00:00+05:30,2023-05-26 00:00:00+05:30,742.9410400390625,776.4068603515625,19461.107888381666,876.6266831086796,4.50450554067392,UT Sell,460143.7432726117,560143.7432726116
GATEWAY.NS,2023-03-20 00:00:00+05:30,2023-05-26 00:00:00+05:30,56.404422760009766,58.13433837890625,24945.717403651946,765.0816026389912,3.066985768575181,UT Sell,460908.8248752507,560908.8248752507
NUVOCO.NS,2023-01-12 00:00:00+05:30,2023-05-26 00:00:00+05:30,380.25,328.1000061035156,30517.983507999623,-4185.437616502804,-13.714659801836781,UT Sell,456723.3872587479,556723.3872587478
ASHIMASYN.NS,2023-03-03 00:00:00+05:30,2023-05-29 00:00:00+05:30,15.050000190734863,13.149999618530273,22444.515313919823,-2833.527667697661,-12.624588359635203,UT Sell,453889.85959105025,553889.8595910503
FCL.NS,2023-05-22 00:00:00+05:30,2023-05-31 00:00:00+05:30,30.007352828979492,29.133352279663086,50097.8443820206,-1459.1604850651129,-2.9126212975119303,UT Sell,452430.6991059851,552430.6991059851
PKTEA.NS,2023-05-29 00:00:00+05:30,2023-05-31 00:00:00+05:30,251.33460998535156,250.14109802246094,19610.987646222162,-93.12664245179258,-0.47486972166713715,UT Sell,452337.5724635333,552337.5724635334
CINELINE.NS,2023-05-24 00:00:00+05:30,2023-06-05 00:00:00+05:30,79.3499984741211,79.19999694824219,24482.391750964383,-46.280985386627435,-0.18903784343212715,UT Sell,452291.2914781467,552291.2914781467
ASIANPAINT.NS,2023-05-31 00:00:00+05:30,2023-06-05 00:00:00+05:30,3097.139404296875,3103.735595703125,34078.27245036293,72.57884729537182,0.21297689723294155,UT Sell,452363.87032544205,552363.870325442
LTTS.NS,2023-04-27 00:00:00+05:30,2023-06-06 00:00:00+05:30,3603.529052734375,3710.8330078125,25009.961871803593,744.7332284337353,2.977746356636213,UT Sell,453108.6035538758,553108.6035538758
ZEEL.NS,2023-05-26 00:00:00+05:30,2023-06-08 00:00:00+05:30,185.38169860839844,190.57977294921875,24127.02648975937,676.5181151006509,2.803984632701395,UT Sell,453785.12166897644,553785.1216689765
LALPATHLAB.NS,2023-05-12 00:00:00+05:30,2023-06-09 00:00:00+05:30,993.51025390625,952.0106201171875,27962.49469549318,-1168.0134000922662,-4.1770715124374025,UT Sell,452617.1082688842,552617.1082688842
ORIENTELEC.NS,2023-05-24 00:00:00+05:30,2023-06-12 00:00:00+05:30,223.38441467285156,237.14999389648438,24482.391750964383,1508.6742005948618,6.162282737492064,UT Sell,454125.782469479,554125.782469479
ARVINDFASN.NS,2023-05-31 00:00:00+05:30,2023-06-19 00:00:00+05:30,283.49761962890625,328.79779052734375,34078.27245036293,5445.3775236127185,15.979030426334685,UT Sell,459571.1599930917,559571.1599930917
KEEPLEARN.NS,2023-03-13 00:00:00+05:30,2023-06-20 00:00:00+05:30,1.9996639490127563,1.9996639490127563,26666.581198832133,0.0,0.0,UT Sell,459571.1599930917,559571.1599930917
HONAUT.NS,2023-04-20 00:00:00+05:30,2023-06-22 00:00:00+05:30,36083.375,41842.5703125,27582.65961377122,4402.413132194932,15.960799987528883,UT Sell,463973.57312528667,563973.5731252867
CROMPTON.NS,2023-05-22 00:00:00+05:30,2023-06-22 00:00:00+05:30,252.90672302246094,278.8645935058594,50097.8443820206,5141.94854302251,10.26381195927839,UT Sell,469115.5216683092,569115.5216683091
DPSCLTD.NS,2023-05-26 00:00:00+05:30,2023-06-22 00:00:00+05:30,11.337248802185059,11.782816886901855,24127.026489759366,948.2223748041579,3.930125310744881,UT Sell,470063.7440431133,570063.7440431133
SALONA.NS,2023-06-06 00:00:00+05:30,2023-06-22 00:00:00+05:30,250.97024536132812,251.80992126464844,25754.695100237328,86.16797119473631,0.33457189401533416,UT Sell,470149.91201430804,570149.912014308
INDIACEM.NS,2023-06-09 00:00:00+05:30,2023-06-22 00:00:00+05:30,230.35000610351562,218.1999969482422,26794.481295400914,-1413.297957125411,-5.274585992332648,UT Sell,468736.6140571826,568736.6140571826
HCC.NS,2023-06-22 00:00:00+05:30,2023-06-28 00:00:00+05:30,21.0,20.200000762939453,32704.432189056075,-1245.881942844917,-3.809520176478798,UT Sell,467490.73211433773,567490.7321143377
MASKINVEST.NS,2023-06-12 00:00:00+05:30,2023-06-30 00:00:00+05:30,61.400001525878906,63.099998474121094,25991.065951559245,719.6210374781367,2.7687246025974055,UT Sell,468210.3531518159,568210.353151816
CREATIVEYE.NS,2023-06-22 00:00:00+05:30,2023-07-03 00:00:00+05:30,4.150000095367432,3.450000047683716,32704.432189056075,-5516.410497764387,-16.867470640907044,UT Sell,462693.94265405147,562693.9426540515
BORORENEW.NS,2023-05-26 00:00:00+05:30,2023-07-10 00:00:00+05:30,513.5499877929688,480.25,24127.026489759366,-1564.4624801617429,-6.484273894363957,UT Sell,461129.4801738897,561129.4801738898
VGUARD.NS,2023-06-08 00:00:00+05:30,2023-07-13 00:00:00+05:30,256.0555725097656,282.2149658203125,24803.54460486002,2534.0033511259753,10.216295257370046,UT Sell,463663.4835250157,563663.4835250156
DIGJAMLMTD.NS,2023-02-14 00:00:00+05:30,2023-07-14 00:00:00+05:30,93.55000305175781,82.6500015258789,24729.788784340584,-2881.3973991517705,-11.651524500590693,UT Sell,460782.08612586395,560782.086125864
ORIENTELEC.NS,2023-06-19 00:00:00+05:30,2023-07-14 00:00:00+05:30,240.0892791748047,235.77833557128906,39523.64997397565,-709.670280274564,-1.7955585598542712,UT Sell,460072.41584558936,560072.4158455894
TRACXN.NS,2023-05-09 00:00:00+05:30,2023-07-18 00:00:00+05:30,70.0999984741211,87.75,25310.327006663527,6372.714978774558,25.178319415220507,UT Sell,466445.1308243639,566445.1308243639
HONAUT.NS,2023-07-10 00:00:00+05:30,2023-07-19 00:00:00+05:30,43074.01171875,42431.0234375,22562.564009597623,-336.80318303876993,-1.4927522549985972,UT Sell,466108.32764132513,566108.3276413251
KRITI.NS,2023-02-08 00:00:00+05:30,2023-07-24 00:00:00+05:30,92.9654769897461,115.23326110839844,25954.33984893162,6216.77697369198,23.952745513378517,UT Sell,472325.10461501713,572325.1046150171
MASKINVEST.NS,2023-07-19 00:00:00+05:30,2023-07-25 00:00:00+05:30,58.650001525878906,57.099998474121094,22225.760826558853,-587.3827146211515,-2.642801383515536,UT Sell,471737.721900396,571737.721900396
ASIANPAINT.NS,2023-07-18 00:00:00+05:30,2023-07-25 00:00:00+05:30,3430.71728515625,3320.3291015625,31683.041985438085,-1019.4467118084722,-3.2176415139588688,UT Sell,470718.2751885875,570718.2751885875
EIFFL.NS,2023-06-22 00:00:00+05:30,2023-07-25 00:00:00+05:30,151.75,143.4499969482422,32704.432189056075,-1788.7768499187623,-5.469524251570224,UT Sell,468929.4983386687,568929.4983386687
DPWIRES.NS,2023-06-22 00:00:00+05:30,2023-07-25 00:00:00+05:30,422.0035705566406,512.1334838867188,32704.432189056075,6984.887911779915,21.357618659764643,UT Sell,475914.38625044865,575914.3862504486
XPROINDIA.NS,2023-03-14 00:00:00+05:30,2023-07-25 00:00:00+05:30,633.8623657226562,901.6831665039062,26666.58119883213,11267.217485971298,42.25220099254698,UT Sell,487181.60373641993,587181.6037364199
IGPL.NS,2023-05-19 00:00:00+05:30,2023-07-27 00:00:00+05:30,457.9184265136719,426.679443359375,28113.381890451004,-1917.8819030552659,-6.821953724844088,UT Sell,485263.7218333647,585263.7218333647
SINTERCOM.NS,2023-05-15 00:00:00+05:30,2023-07-28 00:00:00+05:30,106.55000305175781,124.19999694824219,25980.29107793943,4303.6317768266235,16.56498675829292,UT Sell,489567.3536101913,589567.3536101913
PANAMAPET.NS,2023-06-05 00:00:00+05:30,2023-07-28 00:00:00+05:30,276.5281677246094,276.1490783691406,29293.48103161803,-40.15810372985652,-0.13708887546178827,UT Sell,489527.1955064615,589527.1955064614
ARVINDFASN.NS,2023-06-28 00:00:00+05:30,2023-07-28 00:00:00+05:30,345.25250244140625,325.1797180175781,31458.550246211158,-1828.982246075182,-5.81394321022618,UT Sell,487698.2132603863,587698.2132603864
MAANALU.NS,2023-07-28 00:00:00+05:30,2023-07-31 00:00:00+05:30,97.30000305175781,92.44999694824219,29722.271260930065,-1481.533324815795,-4.984589878106904,UT Sell,486216.6799355705,586216.6799355706
RHFL.NS,2023-07-27 00:00:00+05:30,2023-08-01 00:00:00+05:30,3.3499999046325684,3.25,26195.49998739574,-781.9545000343314,-2.9850718650553665,UT Sell,485434.7254355362,585434.7254355361
ITI.NS,2023-06-05 00:00:00+05:30,2023-08-02 00:00:00+05:30,108.69999694824219,110.3499984741211,29293.48103161803,444.65767946147025,1.5179407287974067,UT Sell,485879.38311499765,585879.3831149976
MGL.NS,2023-07-25 00:00:00+05:30,2023-08-04 00:00:00+05:30,1018.7717895507812,987.861572265625,32168.14950206881,-976.0031647605538,-3.034066863864171,UT Sell,484903.3799502371,584903.3799502371
KIOCL.NS,2023-07-13 00:00:00+05:30,2023-08-07 00:00:00+05:30,194.9499969482422,211.60000610351562,27337.547955985996,2334.8060060279895,8.54065627900158,UT Sell,487238.1859562651,587238.1859562651
LAL.NS,2023-07-25 00:00:00+05:30,2023-08-07 00:00:00+05:30,13.157940864562988,12.310294151306152,32168.149502068805,-2072.301926087792,-6.442092436664771,UT Sell,485165.88403017726,585165.8840301773
NAVKARCORP.NS,2023-03-27 00:00:00+05:30,2023-08-08 00:00:00+05:30,53.79999923706055,61.400001525878906,24085.860314859525,3402.4646118395212,14.126398506680715,UT Sell,488568.34864201676,588568.3486420168
JKCEMENT.NS,2023-07-25 00:00:00+05:30,2023-08-11 00:00:00+05:30,3211.147216796875,3228.90234375,32168.149502068805,177.8646507605663,0.5529216119476432,UT Sell,488746.2132927773,588746.2132927773
TVSELECT.NS,2023-08-04 00:00:00+05:30,2023-08-11 00:00:00+05:30,382.83197021484375,357.3497009277344,31192.146337308255,-2076.2285661883143,-6.6562542498237125,UT Sell,486669.984726589,586669.9847265889
AWHCL.NS,2023-06-22 00:00:00+05:30,2023-08-14 00:00:00+05:30,281.20001220703125,316.29998779296875,32704.43218905608,4082.235851905538,12.482209837208469,UT Sell,490752.22057849454,590752.2205784945
HDIL.NS,2023-08-02 00:00:00+05:30,2023-08-14 00:00:00+05:30,2.450000047683716,2.799999952316284,29738.1387110795,4248.304289899173,14.285710115126982,UT Sell,495000.5248683937,595000.5248683938
BALAMINES.NS,2023-07-14 00:00:00+05:30,2023-08-16 00:00:00+05:30,2191.547119140625,2084.50732421875,30331.18553944495,-1481.4392314561046,-4.8842114315958085,UT Sell,493519.08563693764,593519.0856369376
WINDMACHIN.NS,2023-07-28 00:00:00+05:30,2023-08-16 00:00:00+05:30,59.633338928222656,58.25453186035156,29722.271260930065,-687.2209140775958,-2.312141316673022,UT Sell,492831.86472286005,592831.86472286
LAL.NS,2023-08-16 00:00:00+05:30,2023-08-21 00:00:00+05:30,13.442646980285645,12.47852897644043,28942.398327420655,-2075.773271651662,-7.172084525161937,UT Sell,490756.0914512084,590756.0914512083
JUBLFOOD.NS,2023-07-25 00:00:00+05:30,2023-08-24 00:00:00+05:30,474.8390197753906,484.950439453125,32168.149502068805,685.001961349717,2.1294416121314663,UT Sell,491441.09341255814,591441.0934125581
TIL.NS,2023-08-14 00:00:00+05:30,2023-08-25 00:00:00+05:30,259.04998779296875,290.5,35386.55552097014,4296.111389855498,12.140518698717685,UT Sell,495737.20480241365,595737.2048024137
BSHSL.NS,2023-07-14 00:00:00+05:30,2023-08-29 00:00:00+05:30,294.45001220703125,229.60000610351562,30331.18553944495,-6680.174854184977,-22.024113912387556,Stop Loss,489057.0299482287,589057.0299482287
WSI.NS,2023-07-24 00:00:00+05:30,2023-08-30 00:00:00+05:30,101.30000305175781,105.0,32171.1168226236,1175.0545950569394,3.6525141527900207,UT Sell,490232.0845432856,590232.0845432857
BAJFINANCE.NS,2023-08-21 00:00:00+05:30,2023-08-31 00:00:00+05:30,696.9985961914062,708.35107421875,26866.625055768993,437.59452641815733,1.628766268594628,UT Sell,490669.67906970374,590669.6790697037
RKDL.NS,2023-08-07 00:00:00+05:30,2023-09-06 00:00:00+05:30,11.350000381469727,26.700000762939453,29884.1007689975,40415.94209572978,135.24228956441706,UT Sell,531085.6211654335,631085.6211654335
ENIL.NS,2023-08-08 00:00:00+05:30,2023-09-11 00:00:00+05:30,152.1248779296875,150.66400146484375,27488.324926699046,-263.97422624032333,-0.9603139767309976,UT Sell,530821.6469391932,630821.6469391932
SADHNANIQ.NS,2023-08-30 00:00:00+05:30,2023-09-12 00:00:00+05:30,78.07398986816406,85.81645202636719,33346.17141768054,3306.881981544844,9.91682655296222,UT Sell,534128.5289207381,634128.5289207381
ARVINDFASN.NS,2023-08-29 00:00:00+05:30,2023-09-12 00:00:00+05:30,317.2001647949219,319.6305847167969,23651.01068525997,181.21644917523008,0.7662101699872581,UT Sell,534309.7453699134,634309.7453699134
WIPL.NS,2023-08-14 00:00:00+05:30,2023-09-12 00:00:00+05:30,125.90741729736328,136.6855010986328,35386.55552097014,3029.2040693879026,8.560324747043513,UT Sell,537338.9494393013,637338.9494393013
ORISSAMINE.NS,2023-08-11 00:00:00+05:30,2023-09-12 00:00:00+05:30,4290.0,4645.9501953125,30730.965961974656,2549.811966505051,8.297207349941726,UT Sell,539888.7614058063,639888.7614058063
NELCO.NS,2023-08-07 00:00:00+05:30,2023-09-12 00:00:00+05:30,794.3228759765625,792.2314453125,29884.1007689975,-78.68402963892731,-0.26329729727238016,UT Sell,539810.0773761674,639810.0773761674
ZEEL.NS,2023-07-03 00:00:00+05:30,2023-09-12 00:00:00+05:30,175.71426391601562,263.83856201171875,27188.021691291688,13635.349087544695,50.152045788282166,UT Sell,553445.4264637121,653445.4264637121
VGUARD.NS,2023-07-28 00:00:00+05:30,2023-09-12 00:00:00+05:30,282.95672607421875,304.0567932128906,29722.271260930065,2216.388095170936,7.45699437204308,UT Sell,555661.8145588831,655661.8145588831
SAPPHIRE.NS,2023-08-31 00:00:00+05:30,2023-09-12 00:00:00+05:30,285.07000732421875,289.7699890136719,27304.21958218715,450.1677790856993,1.6487113932360131,UT Sell,556111.9823379688,656111.9823379688
DEEPINDS.NS,2023-06-20 00:00:00+05:30,2023-09-12 00:00:00+05:30,179.17713928222656,242.56021118164062,26666.581198832133,9433.177916602664,35.37453056417969,UT Sell,565545.1602545715,665545.1602545715
NEOGEN.NS,2023-05-18 00:00:00+05:30,2023-09-12 00:00:00+05:30,1534.9342041015625,1692.1302490234375,24675.052707662555,2527.0273367539776,10.241223662996424,UT Sell,568072.1875913255,668072.1875913255
XPROINDIA.NS,2023-08-01 00:00:00+05:30,2023-09-12 00:00:00+05:30,899.5457763671875,943.77880859375,25413.545487361407,1249.6508861098955,4.917263066388622,UT Sell,569321.8384774354,669321.8384774354
TIL.NS,2023-09-06 00:00:00+05:30,2023-09-12 00:00:00+05:30,290.3500061035156,301.8999938964844,70300.04286472728,2796.5029098132654,3.977953349465735,UT Sell,572118.3413872487,672118.3413872487
SHYAMTEL.NS,2023-09-13 00:00:00+05:30,2023-09-15 00:00:00+05:30,7.300000190734863,7.050000190734863,35463.76946632753,-1214.5126212235555,-3.42465744476691,UT Sell,570903.8287660251,670903.8287660251
LCCINFOTEC.NS,2023-09-12 00:00:00+05:30,2023-09-20 00:00:00+05:30,1.850000023841858,1.7999999523162842,35463.769466327525,-958.4816146112717,-2.702706534118826,UT Sell,569945.3471514139,669945.3471514139
GREENPANEL.NS,2023-08-24 00:00:00+05:30,2023-09-21 00:00:00+05:30,355.4100341796875,373.72039794921875,32853.15146341852,1692.560975829314,5.151898373323349,UT Sell,571637.9081272432,671637.9081272432
PKTEA.NS,2023-08-25 00:00:00+05:30,2023-09-21 00:00:00+05:30,281.96820068359375,283.99444580078125,39682.66691082564,285.1626880978147,0.7186076700405053,UT Sell,571923.070815341,671923.070815341
IOLCP.NS,2023-09-13 00:00:00+05:30,2023-09-21 00:00:00+05:30,100.2123031616211,92.14061737060547,35463.76946632753,-2856.4596867467044,-8.054585651023027,UT Sell,569066.6111285943,669066.6111285943
ALKEM.NS,2023-09-13 00:00:00+05:30,2023-09-22 00:00:00+05:30,3652.162841796875,3462.862060546875,35463.76946632753,-1838.1763236884362,-5.183251389657739,UT Sell,567228.4348049058,667228.4348049058
SUNDRMBRAK.NS,2023-08-11 00:00:00+05:30,2023-09-27 00:00:00+05:30,538.8101806640625,498.2438659667969,30730.965961974656,-2313.694285857746,-7.528869377944791,UT Sell,564914.7405190481,664914.7405190481
NACLIND.NS,2023-09-20 00:00:00+05:30,2023-09-27 00:00:00+05:30,81.19999694824219,79.1500015258789,34505.28785171625,-871.1291231751311,-2.5246249992718295,UT Sell,564043.6113958729,664043.6113958729
AGRITECH.NS,2023-09-27 00:00:00+05:30,2023-09-28 00:00:00+05:30,194.0,190.1999969482422,31025.71520232902,-607.720682741332,-1.9587644596689713,UT Sell,563435.8907131315,663435.8907131315
AARTIIND.NS,2023-09-13 00:00:00+05:30,2023-09-28 00:00:00+05:30,523.9417114257812,483.6576843261719,35463.76946632753,-2726.6839403722697,-7.6886466988829945,UT Sell,560709.2067727592,660709.2067727592
LTTS.NS,2023-06-30 00:00:00+05:30,2023-09-28 00:00:00+05:30,3801.621826171875,4497.62158203125,26710.686989037382,4890.184366898597,18.30796927426701,UT Sell,565599.3911396578,665599.3911396578
BALAMINES.NS,2023-09-11 00:00:00+05:30,2023-09-28 00:00:00+05:30,2262.626708984375,2160.681640625,27224.350700458723,-1226.6222626018825,-4.505607043113846,UT Sell,564372.768877056,664372.768877056
JOCIL.NS,2023-09-13 00:00:00+05:30,2023-10-03 00:00:00+05:30,222.48822021484375,190.69712829589844,35463.76946632753,-5067.378191113265,-14.28888769403006,UT Sell,559305.3906859427,659305.3906859427
SOBHA.NS,2023-09-13 00:00:00+05:30,2023-10-04 00:00:00+05:30,696.249755859375,661.7735595703125,35463.76946632753,-1756.0593263864866,-4.951699587529312,UT Sell,557549.3313595562,657549.3313595562
SAREGAMA.NS,2023-09-28 00:00:00+05:30,2023-10-04 00:00:00+05:30,357.5356140136719,347.04840087890625,30188.41995983394,-885.4849192966976,-2.9331939878762925,UT Sell,556663.8464402595,656663.8464402595
NSIL.NS,2023-09-28 00:00:00+05:30,2023-10-09 00:00:00+05:30,2637.699951171875,2557.699951171875,30188.41995983394,-915.5983021168686,-3.0329454252163046,UT Sell,555748.2481381426,655748.2481381426
ANDHRAPAP.NS,2023-08-16 00:00:00+05:30,2023-10-09 00:00:00+05:30,85.06006622314453,110.63627624511719,28942.398327420655,8702.519184734483,30.068410662738778,UT Sell,564450.7673228771,664450.7673228771
POLYMED.NS,2023-09-13 00:00:00+05:30,2023-10-09 00:00:00+05:30,1417.565673828125,1368.2025146484375,35463.76946632753,-1234.9365744379102,-3.4822484835134726,UT Sell,563215.8307484392,663215.8307484392
KSOLVES.NS,2023-09-22 00:00:00+05:30,2023-10-09 00:00:00+05:30,488.3548583984375,476.31488037109375,33625.593142639096,-829.0106991491557,-2.465415838562335,UT Sell,562386.8200492901,662386.8200492901
CROMPTON.NS,2023-09-28 00:00:00+05:30,2023-10-09 00:00:00+05:30,300.92626953125,291.3301086425781,30188.419959833944,-962.6708075722709,-3.188874438785194,UT Sell,561424.1492417178,661424.1492417178
CREATIVEYE.NS,2023-09-12 00:00:00+05:30,2023-10-10 00:00:00+05:30,3.6500000953674316,3.9000000953674316,35463.769466327525,2429.025242447118,6.84931488953382,UT Sell,563853.1744841649,663853.1744841649
ARCHIES.NS,2023-10-09 00:00:00+05:30,2023-10-12 00:00:00+05:30,25.899999618530273,26.25,32633.780731502688,440.9975240560816,1.3513528441109202,UT Sell,564294.172008221,664294.172008221
BLUEDART.NS,2023-09-12 00:00:00+05:30,2023-10-16 00:00:00+05:30,6580.2919921875,6639.6611328125,35463.76946632753,319.9635394658326,0.9022265379026617,UT Sell,564614.1355476868,664614.1355476868
PALREDTEC.NS,2023-10-09 00:00:00+05:30,2023-10-16 00:00:00+05:30,154.85000610351562,148.39999389648438,32633.780731502688,-1359.304331825886,-4.165328997610429,UT Sell,563254.8312158609,663254.8312158609
ORIENTELEC.NS,2023-10-16 00:00:00+05:30,2023-10-18 00:00:00+05:30,224.25967407226562,217.52647399902344,33529.10470273509,-1006.6819689011609,-3.0024123155875437,UT Sell,562248.1492469597,662248.1492469597
AXITA.NS,2023-10-18 00:00:00+05:30,2023-10-23 00:00:00+05:30,14.179729461669922,13.875334739685059,32522.422733833926,-698.1553387954227,-2.1466892073483512,UT Sell,561549.9939081643,661549.9939081643
GREENPANEL.NS,2023-10-16 00:00:00+05:30,2023-10-23 00:00:00+05:30,372.47650146484375,351.7280578613281,33529.10470273509,-1867.7063795035938,-5.570403373613619,UT Sell,559682.2875286607,659682.2875286607
NAVKARCORP.NS,2023-10-12 00:00:00+05:30,2023-10-23 00:00:00+05:30,61.849998474121094,58.70000076293945,33074.77825555877,-1684.4863116115193,-5.092963280346153,UT Sell,557997.8012170492,657997.8012170492
VGUARD.NS,2023-10-10 00:00:00+05:30,2023-10-23 00:00:00+05:30,292.7843933105469,295.4659729003906,37892.79470877464,347.0558787107584,0.9158888421349376,UT Sell,558344.8570957601,658344.8570957601
ITI.NS,2023-10-09 00:00:00+05:30,2023-10-23 00:00:00+05:30,215.0,264.8999938964844,32633.780731502688,7574.071903819509,23.20929948673691,UT Sell,565918.9289995795,665918.9289995795
MICEL.NS,2023-10-04 00:00:00+05:30,2023-10-23 00:00:00+05:30,28.5,44.54999923706055,31505.322590239142,17742.470299532797,56.315786796703684,UT Sell,583661.3992991123,683661.3992991123
OSWALSEEDS.NS,2023-09-21 00:00:00+05:30,2023-10-23 00:00:00+05:30,59.95833206176758,53.875,35706.95060591737,-3622.8032031504226,-10.145932771279698,UT Sell,580038.5960959619,680038.5960959619
PFOCUS.NS,2023-09-21 00:00:00+05:30,2023-10-23 00:00:00+05:30,93.9000015258789,86.30000305175781,35706.95060591737,-2890.0188041604997,-8.093714963387432,UT Sell,577148.5772918013,677148.5772918013
SAPPHIRE.NS,2023-09-15 00:00:00+05:30,2023-10-23 00:00:00+05:30,294.3500061035156,268.6000061035156,34249.25684510398,-2996.155411837426,-8.748088828285727,UT Sell,574152.421879964,674152.421879964
COFFEEDAY.NS,2023-09-13 00:00:00+05:30,2023-10-23 00:00:00+05:30,51.150001525878906,46.70000076293945,35463.76946632753,-3085.3137140576982,-8.699903480331306,UT Sell,571067.1081659063,671067.1081659063
JAGSNPHARM.NS,2023-09-12 00:00:00+05:30,2023-10-23 00:00:00+05:30,171.53060913085938,158.9333038330078,35463.769466327525,-2604.4793593610666,-7.344056761461848,UT Sell,568462.6288065452,668462.6288065452
SALSTEEL.NS,2023-07-25 00:00:00+05:30,2023-10-23 00:00:00+05:30,18.450000762939453,15.0,32168.14950206881,-6015.183508686558,-18.6991903537992,UT Sell,562447.4452978586,662447.4452978586
GPTINFRA.NS,2023-09-28 00:00:00+05:30,2023-10-23 00:00:00+05:30,44.5216178894043,53.07619857788086,30188.41995983394,5800.536607756039,19.214442542782038,UT Sell,568247.9819056146,668247.9819056146
GLFL.NS,2023-10-26 00:00:00+05:30,2023-10-30 00:00:00+05:30,4.25,3.950000047683716,34315.79252559968,-2422.290852088332,-7.058822407441978,UT Sell,565825.6910535262,665825.6910535262
RAINBOW.NS,2023-10-23 00:00:00+05:30,2023-10-31 00:00:00+05:30,1106.2364501953125,1058.25830078125,34315.792525599674,-1488.296847174497,-4.33706097874389,UT Sell,564337.3942063517,664337.3942063517
PKTEA.NS,2023-10-30 00:00:00+05:30,2023-11-01 00:00:00+05:30,283.8450012207031,270.0462646484375,31893.50167351135,-1550.4589690403081,-4.8613632485768,UT Sell,562786.9352373114,662786.9352373114
AMDIND.NS,2023-10-26 00:00:00+05:30,2023-11-07 00:00:00+05:30,64.8499984741211,77.9000015258789,34315.79252559968,6905.492794441168,20.12336678306248,UT Sell,569692.4280317526,669692.4280317526
JIOFIN.NS,2023-10-26 00:00:00+05:30,2023-11-08 00:00:00+05:30,215.51394653320312,213.8165740966797,34315.79252559968,-270.26872881026065,-0.7875928513340735,UT Sell,569422.1593029423,669422.1593029423
ARENTERP.NS,2023-07-31 00:00:00+05:30,2023-11-09 00:00:00+05:30,33.5,35.04999923706055,28240.73793611427,1306.6603658210151,4.62686339421059,UT Sell,570728.8196687633,670728.8196687633
VALIANTLAB.NS,2023-10-26 00:00:00+05:30,2023-11-09 00:00:00+05:30,188.60000610351562,176.75,34315.79252559968,-2156.1099560736,-6.283141951231752,UT Sell,568572.7097126897,668572.7097126897
TECILCHEM.NS,2023-11-09 00:00:00+05:30,2023-11-16 00:00:00+05:30,21.0,20.600000381469727,30853.540435730683,-587.685924028603,-1.904760088239399,UT Sell,567985.0237886611,667985.0237886611
GLFL.NS,2023-11-09 00:00:00+05:30,2023-11-16 00:00:00+05:30,3.8499999046325684,4.150000095367432,30853.540435730683,2404.1735700895806,7.792212939379128,UT Sell,570389.1973587507,670389.1973587507
MADHAV.NS,2023-09-21 00:00:00+05:30,2023-11-20 00:00:00+05:30,49.5,49.5,35706.95060591737,0.0,0.0,UT Sell,570389.1973587507,670389.1973587507
SALONA.NS,2023-10-03 00:00:00+05:30,2023-11-21 00:00:00+05:30,265.91180419921875,283.7252502441406,30396.391275214268,2036.2558840588463,6.699005370809408,UT Sell,572425.4532428096,672425.4532428096
LT.NS,2023-09-27 00:00:00+05:30,2023-11-23 00:00:00+05:30,2914.739990234375,2993.972412109375,31025.71520232902,843.3831367877428,2.7183358426639215,UT Sell,573268.8363795974,673268.8363795974
ASTRAL.NS,2023-11-21 00:00:00+05:30,2023-11-24 00:00:00+05:30,1932.1507568359375,1924.4874267578125,32432.647159273114,-128.63493162194573,-0.3966217465698363,UT Sell,573140.2014479755,673140.2014479755
DIAMONDYD.NS,2023-11-20 00:00:00+05:30,2023-11-24 00:00:00+05:30,975.8074951171875,986.6254272460938,35706.95060591737,395.85202011451474,1.1086133466936543,UT Sell,573536.05346809,673536.05346809
LAL.NS,2023-10-09 00:00:00+05:30,2023-11-30 00:00:00+05:30,14.882351875305176,15.726763725280762,32633.780731502688,1851.6126610949868,5.673914022801396,UT Sell,575387.666129185,675387.666129185
GUJALKALI.NS,2023-11-08 00:00:00+05:30,2023-12-08 00:00:00+05:30,711.563232421875,713.2877197265625,34045.52379678942,82.50998771980812,0.2423519409256114,UT Sell,575470.1761169048,675470.1761169048
JIOFIN.NS,2023-11-24 00:00:00+05:30,2023-12-12 00:00:00+05:30,226.14735412597656,240.17547607421875,34203.40742684153,2121.667849192985,6.203089132949913,UT Sell,577591.8439660978,677591.8439660978
KIOCL.NS,2023-11-07 00:00:00+05:30,2023-12-14 00:00:00+05:30,334.70001220703125,353.5,41221.28532004085,2315.3858158448274,5.616966569257209,UT Sell,579907.2297819427,679907.2297819427
KOKUYOCMLN.NS,2023-10-25 00:00:00+05:30,2023-12-15 00:00:00+05:30,140.8180694580078,150.08963012695312,34315.79252559968,2259.3758991910727,6.584070286313715,UT Sell,582166.6056811337,682166.6056811337
SPECTRUM.NS,2023-10-23 00:00:00+05:30,2023-12-18 00:00:00+05:30,974.75,1232.75,34315.792525599674,9082.815564611148,26.468325211592724,UT Sell,591249.4212457448,691249.4212457448
MASKINVEST.NS,2023-11-16 00:00:00+05:30,2023-12-19 00:00:00+05:30,49.54999923706055,69.5999984741211,31761.784258761174,12852.144499722526,40.464176681690645,UT Sell,604101.5657454673,704101.5657454673
CAMLINFINE.NS,2023-11-30 00:00:00+05:30,2023-12-20 00:00:00+05:30,135.4499969482422,130.35000610351562,34485.393392597674,-1298.4510486644504,-3.7652203467197998,UT Sell,602803.1146968029,702803.1146968029
FCL.NS,2023-11-23 00:00:00+05:30,2023-12-20 00:00:00+05:30,32.29536819458008,33.63667678833008,31869.09833911676,1323.6045249515082,4.153253759698905,UT Sell,604126.7192217545,704126.7192217545
BAJAJHIND.NS,2023-12-18 00:00:00+05:30,2023-12-20 00:00:00+05:30,29.700000762939453,27.350000381469727,43398.60809021082,-3433.897068935854,-7.91245899361096,UT Sell,600692.8221528186,700692.8221528186
TVSELECT.NS,2023-12-12 00:00:00+05:30,2023-12-20 00:00:00+05:30,369.2680358886719,342.5889892578125,36325.07527603451,-2624.43071961683,-7.224845921649892,UT Sell,598068.3914332017,698068.3914332017
VPRPL.NS,2023-11-16 00:00:00+05:30,2023-12-20 00:00:00+05:30,221.35000610351562,202.5,31761.784258761174,-2704.8105291499487,-8.515927528233414,UT Sell,595363.5809040518,695363.5809040518
PAKKA.NS,2023-12-14 00:00:00+05:30,2023-12-20 00:00:00+05:30,244.1999969482422,228.89999389648438,43536.67113588568,-2727.7281309041427,-6.265357593350263,UT Sell,592635.8527731476,692635.8527731476
ORIENTHOT.NS,2023-10-25 00:00:00+05:30,2023-12-20 00:00:00+05:30,103.21552276611328,119.11011505126953,34315.79252559968,5284.433160042972,15.399420415835552,UT Sell,597920.2859331906,697920.2859331906
FCSSOFT.NS,2023-10-04 00:00:00+05:30,2023-12-20 00:00:00+05:30,2.6500000953674316,4.0,31505.322590239142,16049.879608152958,50.943390794308115,UT Sell,613970.1655413436,713970.1655413436
THEJO.NS,2023-10-09 00:00:00+05:30,2023-12-20 00:00:00+05:30,1688.328125,1806.4000244140625,32633.780731502688,2282.2177863266697,6.99342134184151,UT Sell,616252.3833276703,716252.3833276703
VAISHALI.NS,2023-10-31 00:00:00+05:30,2023-12-20 00:00:00+05:30,14.069999694824219,17.655000686645508,32827.49567842518,8364.364400765095,25.479751738303634,UT Sell,624616.7477284353,724616.7477284353
SHANTIGEAR.NS,2023-10-25 00:00:00+05:30,2023-12-20 00:00:00+05:30,437.3089904785156,494.5018615722656,34315.79252559968,4487.945002568871,13.078366175634294,UT Sell,629104.6927310042,729104.6927310042
NPST.NS,2023-10-25 00:00:00+05:30,2023-12-20 00:00:00+05:30,594.4668579101562,701.6647338867188,34315.79252559968,6188.0322212220635,18.032607629871222,UT Sell,635292.7249522263,735292.7249522263
MBLINFRA.NS,2023-10-23 00:00:00+05:30,2023-12-28 00:00:00+05:30,32.0,46.099998474121094,34315.79252559967,15120.394445287857,44.06249523162842,UT Sell,650413.1193975142,750413.1193975142
MASKINVEST.NS,2023-12-21 00:00:00+05:30,2024-01-01 00:00:00+05:30,72.30000305175781,75.05000305175781,37706.81385636097,1434.2148510112893,3.803595966699125,UT Sell,651847.3342485254,751847.3342485254
KRITI.NS,2023-12-15 00:00:00+05:30,2024-01-02 00:00:00+05:30,105.19778442382812,109.0422134399414,36575.168424790754,1336.6311803202407,3.654477170949333,UT Sell,653183.9654288457,753183.9654288457
LEXUS.NS,2023-12-21 00:00:00+05:30,2024-01-03 00:00:00+05:30,45.849998474121094,42.0,37706.81385636097,-3166.219861335354,-8.39694351635395,UT Sell,650017.7455675104,750017.7455675104
MASKINVEST.NS,2024-01-02 00:00:00+05:30,2024-01-03 00:00:00+05:30,76.0,75.0,37911.799605110995,-498.8394684883024,-1.3157894736842146,UT Sell,649518.906099022,749518.906099022
SHYAMMETL.NS,2023-12-21 00:00:00+05:30,2024-01-08 00:00:00+05:30,565.9105224609375,623.2534790039062,37706.81385636097,3820.7810290157067,10.132866286635789,UT Sell,653339.6871280377,753339.6871280377
METROPOLIS.NS,2023-12-21 00:00:00+05:30,2024-01-10 00:00:00+05:30,426.49151611328125,401.2687683105469,37706.81385636097,-2229.984467243252,-5.914009270945241,UT Sell,651109.7026607944,751109.7026607944
EXCEL.NS,2024-01-03 00:00:00+05:30,2024-01-10 00:00:00+05:30,0.44999998807907104,0.44999998807907104,35976.77706582415,0.0,0.0,UT Sell,651109.7026607944,751109.7026607944
SUPREMEIND.NS,2023-12-20 00:00:00+05:30,2024-01-15 00:00:00+05:30,4572.5048828125,4099.96337890625,37706.81385636097,-3896.777583370924,-10.334412231739265,UT Sell,647212.9250774235,747212.9250774235
ASAHIINDIA.NS,2023-12-28 00:00:00+05:30,2024-01-15 00:00:00+05:30,563.8291015625,558.4086303710938,49436.186970887524,-475.26356221427704,-0.9613677577806623,UT Sell,646737.6615152091,746737.6615152091
OBCL.NS,2023-12-21 00:00:00+05:30,2024-01-16 00:00:00+05:30,63.650001525878906,61.650001525878906,37706.81385636097,-1184.8173747813635,-3.142183742425897,UT Sell,645552.8441404278,745552.8441404278
ABMINTLLTD.NS,2023-12-20 00:00:00+05:30,2024-01-16 00:00:00+05:30,47.70000076293945,55.04999923706055,37706.81385636097,5810.168131560058,15.40880158608231,UT Sell,651363.0122719879,751363.0122719879
AXITA.NS,2023-12-19 00:00:00+05:30,2024-01-16 00:00:00+05:30,16.831697463989258,20.846521377563477,44613.9287584837,10641.652063986461,23.85275710999306,UT Sell,662004.6643359743,762004.6643359743
SPECTRUM.NS,2023-12-20 00:00:00+05:30,2024-01-16 00:00:00+05:30,1335.550048828125,1220.0,37706.81385636097,-3262.344369706392,-8.651869612038432,UT Sell,658742.3199662679,758742.3199662679
SAPPHIRE.NS,2023-11-01 00:00:00+05:30,2024-01-16 00:00:00+05:30,265.8900146484375,284.8999938964844,30343.04270447104,2169.3955408489965,7.149564933148045,UT Sell,660911.7155071169,760911.7155071169
WEALTH.NS,2023-10-25 00:00:00+05:30,2024-01-16 00:00:00+05:30,424.2538757324219,428.8663635253906,34315.79252559968,373.0812685143392,1.0871999189178583,UT Sell,661284.7967756313,761284.7967756313
BETA.NS,2023-11-24 00:00:00+05:30,2024-01-16 00:00:00+05:30,1167.3499755859375,1405.0,34203.40742684153,6963.156534057445,20.358078501246112,UT Sell,668247.9533096887,768247.9533096887
SADHNANIQ.NS,2023-10-25 00:00:00+05:30,2024-01-16 00:00:00+05:30,91.69568634033203,88.7474365234375,34315.792525599674,-1103.3401141105787,-3.2152546478053434,UT Sell,667144.6131955781,767144.6131955781
DEVYANI.NS,2024-01-16 00:00:00+05:30,2024-01-18 00:00:00+05:30,187.1999969482422,183.39999389648438,38914.91964880594,-789.940255529269,-2.0299161932189835,UT Sell,666354.6729400489,766354.6729400489
ESSENTIA.NS,2023-12-20 00:00:00+05:30,2024-01-19 00:00:00+05:30,2.9475009441375732,7.270503044128418,37706.81385636097,55303.336139458785,146.66669093318094,UT Sell,721658.0090795077,821658.0090795077
GANESHBE.NS,2024-01-16 00:00:00+05:30,2024-01-23 00:00:00+05:30,162.14999389648438,159.89999389648438,38914.91964880594,-539.9850293285272,-1.3876041225363123,UT Sell,721118.0240501792,821118.0240501792
ENIL.NS,2024-01-08 00:00:00+05:30,2024-01-23 00:00:00+05:30,204.69638061523438,222.248779296875,41527.594885376675,3560.927162107051,8.574845646457074,UT Sell,724678.9512122863,824678.9512122863
ORIENTELEC.NS,2024-01-19 00:00:00+05:30,2024-01-23 00:00:00+05:30,220.67189025878906,212.16941833496094,93010.14999581975,-3583.6743322544935,-3.8529927458621938,UT Sell,721095.2768800318,821095.2768800318
VAISHALI.NS,2024-01-01 00:00:00+05:30,2024-01-23 00:00:00+05:30,18.649999618530273,18.065000534057617,39141.02870737226,-1227.7461891409475,-3.136724377685307,UT Sell,719867.5306908909,819867.5306908909
LYKALABS.NS,2024-01-03 00:00:00+05:30,2024-01-23 00:00:00+05:30,129.9499969482422,117.5,35976.77706582415,-3446.793191195673,-9.58060580270802,UT Sell,716420.7374996952,816420.7374996952
KEEPLEARN.NS,2024-01-16 00:00:00+05:30,2024-01-29 00:00:00+05:30,3.4914770126342773,4.189772129058838,38914.91964880594,7782.980740953761,19.99999180569445,UT Sell,724203.718240649,824203.718240649
KSOLVES.NS,2024-01-18 00:00:00+05:30,2024-01-29 00:00:00+05:30,635.5833740234375,564.5658569335938,38124.97939327667,-4259.9310905072925,-11.17359578496856,UT Sell,719943.7871501417,819943.7871501417
ABMINTLLTD.NS,2024-01-23 00:00:00+05:30,2024-01-29 00:00:00+05:30,55.70000076293945,55.5,48666.639744677246,-174.74622882072435,-0.3590677921005092,UT Sell,719769.0409213209,819769.0409213209
LT.NS,2024-01-29 00:00:00+05:30,2024-01-31 00:00:00+05:30,3645.083740234375,3420.706787109375,43018.28073612854,-2648.035394552491,-6.1556048945688335,UT Sell,717121.0055267684,817121.0055267684
ASTRAL.NS,2024-01-29 00:00:00+05:30,2024-01-31 00:00:00+05:30,1859.8468017578125,1821.6795654296875,43018.28073612854,-882.8086731302974,-2.0521709794619425,UT Sell,716238.196853638,816238.196853638
PKTEA.NS,2024-01-15 00:00:00+05:30,2024-02-05 00:00:00+05:30,311.64166259765625,297.7433776855469,41385.47984083164,-1845.6684682587802,-4.459700540762645,UT Sell,714392.5283853792,814392.5283853792
BETA.NS,2024-01-29 00:00:00+05:30,2024-02-05 00:00:00+05:30,1435.75,1390.9000244140625,43018.28073612854,-1343.80556556808,-3.123801190035691,UT Sell,713048.7228198112,813048.7228198112
DEVYANI.NS,2024-01-31 00:00:00+05:30,2024-02-05 00:00:00+05:30,181.89999389648438,162.25,41252.85870228714,-4456.396090776019,-10.802635819584905,UT Sell,708592.3267290352,808592.3267290352
RPPINFRA.NS,2023-12-21 00:00:00+05:30,2024-02-08 00:00:00+05:30,93.45703887939453,155.28016662597656,37706.81385636097,24943.580471950598,66.1513872982475,UT Sell,733535.9072009858,833535.9072009858
STARHEALTH.NS,2024-01-16 00:00:00+05:30,2024-02-08 00:00:00+05:30,558.2999877929688,561.6500244140625,38914.91964880594,233.50601608604484,0.6000423955474066,UT Sell,733769.4132170719,833769.4132170719
NSLNISP.NS,2024-01-23 00:00:00+05:30,2024-02-09 00:00:00+05:30,51.349998474121094,66.5999984741211,48666.63974467725,14453.092077117755,29.698150833802963,UT Sell,748222.5052941897,848222.5052941897
ARVINDFASN.NS,2024-01-10 00:00:00+05:30,2024-02-09 00:00:00+05:30,468.28436279296875,501.9924621582031,35726.80322747093,2571.690897409244,7.198211608901595,UT Sell,750794.1961915989,850794.1961915989
ARVIND.NS,2024-01-10 00:00:00+05:30,2024-02-12 00:00:00+05:30,277.2208557128906,265.5987854003906,35726.80322747093,-1497.7928629603193,-4.192350637766095,UT Sell,749296.4033286385,849296.4033286385
ENIL.NS,2024-02-05 00:00:00+05:30,2024-02-12 00:00:00+05:30,278.3870544433594,255.58856201171875,39336.91638488148,-3221.494592404866,-8.189494471007885,UT Sell,746074.9087362336,846074.9087362336
HDIL.NS,2024-01-23 00:00:00+05:30,2024-02-19 00:00:00+05:30,4.050000190734863,5.550000190734863,48666.639744677246,18024.68053804466,37.03703529277682,UT Sell,764099.5892742783,864099.5892742783
63MOONS.NS,2024-02-05 00:00:00+05:30,2024-02-20 00:00:00+05:30,435.6358337402344,509.65765380859375,39336.91638488148,6684.000537068008,16.991673855851342,UT Sell,770783.5898113463,870783.5898113463
MASKINVEST.NS,2024-01-15 00:00:00+05:30,2024-02-26 00:00:00+05:30,72.94999694824219,85.19999694824219,41385.47984083164,6949.583951454901,16.792324211735533,UT Sell,777733.1737628011,877733.1737628011
RESPONIND.NS,2024-01-23 00:00:00+05:30,2024-02-26 00:00:00+05:30,302.5391540527344,293.2471618652344,48666.639744677246,-1494.7157425468104,-3.071335416598786,UT Sell,776238.4580202543,876238.4580202543
IGPL.NS,2024-02-20 00:00:00+05:30,2024-02-27 00:00:00+05:30,456.5363464355469,452.5627136230469,46020.91692194949,-400.56005829585047,-0.8703869568161493,UT Sell,775837.8979619584,875837.8979619584
CINELINE.NS,2024-01-23 00:00:00+05:30,2024-02-27 00:00:00+05:30,151.5,121.6500015258789,48666.639744677246,-9588.773083295157,-19.702969289848905,UT Sell,766249.1248786632,866249.1248786632
ARENTERP.NS,2023-12-08 00:00:00+05:30,2024-02-28 00:00:00+05:30,38.25,46.0,34128.03378450923,6914.830374639125,20.261437908496728,UT Sell,773163.9552533024,873163.9552533024
CONCORDBIO.NS,2024-01-16 00:00:00+05:30,2024-02-28 00:00:00+05:30,1416.3880615234375,1454.0853271484375,38914.91964880594,1035.7232616029723,2.6615068743557124,UT Sell,774199.6785149053,874199.6785149053
FCL.NS,2024-02-08 00:00:00+05:30,2024-02-28 00:00:00+05:30,34.8987922668457,40.17014694213867,50899.409996601775,7688.198514254531,15.104690829948364,UT Sell,781887.8770291598,881887.8770291598
INDIACEM.NS,2024-02-09 00:00:00+05:30,2024-02-28 00:00:00+05:30,247.1999969482422,224.5500030517578,50709.11297333759,-4646.282821689172,-9.162619003278849,UT Sell,777241.5942074707,877241.5942074707
PRAKASHSTL.NS,2024-02-26 00:00:00+05:30,2024-02-28 00:00:00+05:30,9.800000190734863,8.899999618530273,47753.49389720849,-4385.527652630924,-9.183679129470534,UT Sell,772856.0665548397,872856.0665548397
JINDWORLD.NS,2024-02-05 00:00:00+05:30,2024-03-04 00:00:00+05:30,58.32805633544922,79.98619079589844,39336.91638488148,14606.422326564389,37.1315895319597,UT Sell,787462.4888814042,887462.4888814042
SWANCORP.NS,2024-02-27 00:00:00+05:30,2024-03-04 00:00:00+05:30,752.76806640625,727.827392578125,42349.11176251786,-1403.1086472918396,-3.31319498543462,UT Sell,786059.3802341123,886059.3802341123
PODDARMENT.NS,2024-02-28 00:00:00+05:30,2024-03-06 00:00:00+05:30,389.668701171875,356.4638671875,45802.38239532791,-3902.957817633149,-8.52129870439069,UT Sell,782156.4224164791,882156.4224164791
DREAMFOLKS.NS,2024-02-28 00:00:00+05:30,2024-03-11 00:00:00+05:30,506.5767822265625,488.3815002441406,45802.38239532792,-1645.1351352636193,-3.591811275370327,UT Sell,780511.2872812154,880511.2872812154
BALAMINES.NS,2024-01-31 00:00:00+05:30,2024-03-11 00:00:00+05:30,2412.5517578125,2199.75830078125,41252.85870228714,-3638.611435901723,-8.820264947359856,UT Sell,776872.6758453137,876872.6758453137
MEDICAMEQ.NS,2024-01-16 00:00:00+05:30,2024-03-11 00:00:00+05:30,565.4715576171875,440.1705017089844,38914.91964880594,-8623.034097639389,-22.158684061175947,Stop Loss,768249.6417476743,868249.6417476743
ASTRAL.NS,2024-02-12 00:00:00+05:30,2024-03-12 00:00:00+05:30,1929.1649169921875,2034.610107421875,35172.21607849361,1922.4592929117061,5.4658463618595166,UT Sell,770172.101040586,870172.101040586
NHPC.NS,2024-02-19 00:00:00+05:30,2024-03-12 00:00:00+05:30,90.85875701904297,82.57955932617188,66691.3202827219,-6077.021556695014,-9.112162618663023,UT Sell,764095.079483891,864095.079483891
NELCO.NS,2024-03-04 00:00:00+05:30,2024-03-13 00:00:00+05:30,780.2310180664062,697.771240234375,47444.67091333594,-5014.254665910419,-10.568636201670856,UT Sell,759080.8248179806,859080.8248179806
MANYAVAR.NS,2024-02-28 00:00:00+05:30,2024-03-13 00:00:00+05:30,1002.591064453125,892.7254028320312,45802.38239532791,-5019.104223145914,-10.95817283001831,UT Sell,754061.7205948348,854061.7205948348
JLHL.NS,2024-02-12 00:00:00+05:30,2024-03-13 00:00:00+05:30,1200.14306640625,1138.13134765625,35172.21607849361,-1817.3579736663378,-5.167027205822228,UT Sell,752244.3626211684,852244.3626211684
SADHNANIQ.NS,2024-03-06 00:00:00+05:30,2024-03-13 00:00:00+05:30,76.65459442138672,65.91095733642578,41899.424577694765,-5872.475291655217,-14.015646636783263,UT Sell,746371.8873295132,846371.8873295132
WESTLIFE.NS,2024-01-16 00:00:00+05:30,2024-03-13 00:00:00+05:30,864.5479125976562,715.0538330078125,38914.919648805946,-6729.008318036791,-17.2915899062977,UT Sell,739642.8790114764,839642.8790114764
MEP.NS,2023-12-20 00:00:00+05:30,2024-03-13 00:00:00+05:30,15.350000381469727,12.149999618530273,37706.81385636097,-7860.705544609114,-20.84690998967298,Stop Loss,731782.1734668673,831782.1734668673
KSOLVES.NS,2024-02-08 00:00:00+05:30,2024-03-13 00:00:00+05:30,578.7609252929688,489.2624816894531,50899.409996601775,-7870.983986569467,-15.463802010858196,UT Sell,723911.1894802978,823911.1894802978
KEEPLEARN.NS,2024-02-27 00:00:00+05:30,2024-03-15 00:00:00+05:30,3.3962550163269043,2.6344780921936035,42349.11176251786,-9498.867412235282,-22.42990942880293,Stop Loss,714412.3220680626,814412.3220680626
GAEL.NS,2024-03-11 00:00:00+05:30,2024-03-19 00:00:00+05:30,198.52130126953125,168.7679901123047,37354.46002587209,-5598.486737455878,-14.987465308234437,UT Sell,708813.8353306068,808813.8353306068
EXCEL.NS,2024-03-04 00:00:00+05:30,2024-03-20 00:00:00+05:30,0.6000000238418579,0.44999998807907104,47444.67091333594,-11861.170084936188,-25.000004967053535,Stop Loss,696952.6652456706,796952.6652456706
LTIM.NS,2024-03-12 00:00:00+05:30,2024-03-22 00:00:00+05:30,5079.7734375,4880.6474609375,48854.48704871611,-1915.0849073740028,-3.9199775149912908,UT Sell,695037.5803382966,795037.5803382966
TTKHLTCARE.NS,2023-12-21 00:00:00+05:30,2024-03-26 00:00:00+05:30,1400.517822265625,1444.42724609375,37706.81385636097,1182.194502993727,3.1352277800429817,UT Sell,696219.7748412903,796219.7748412903
BCONCEPTS.NS,2024-01-16 00:00:00+05:30,2024-03-26 00:00:00+05:30,844.0499877929688,721.0999755859375,38914.91964880594,-5668.609578879477,-14.56667424740119,UT Sell,690551.1652624109,790551.1652624109
TIMKEN.NS,2024-03-14 00:00:00+05:30,2024-03-26 00:00:00+05:30,2660.696044921875,2785.921630859375,36807.992494718244,1732.367151118735,4.706497240693919,UT Sell,692283.5324135296,792283.5324135296
ASHIMASYN.NS,2024-03-11 00:00:00+05:30,2024-03-27 00:00:00+05:30,22.149999618530273,18.200000762939453,37354.46002587209,-6661.403020069138,-17.832952251097677,UT Sell,685622.1293934605,785622.1293934605
ASTERDM.NS,2024-03-20 00:00:00+05:30,2024-03-27 00:00:00+05:30,330.72296142578125,305.7997741699219,35583.50082839975,-2681.5623884773886,-7.535971239617867,UT Sell,682940.5670049831,782940.5670049831
MAANALU.NS,2024-03-11 00:00:00+05:30,2024-03-28 00:00:00+05:30,154.9499969482422,136.8000030517578,37354.4600258721,-4375.496836586026,-11.7134522452085,UT Sell,678565.070168397,778565.070168397
BAJFINANCE.NS,2024-03-26 00:00:00+05:30,2024-04-05 00:00:00+05:30,683.341796875,709.6021118164062,36891.892691706045,1417.7278856630219,3.8429253210469083,UT Sell,679982.7980540601,779982.7980540601
ZODIAC.NS,2024-02-09 00:00:00+05:30,2024-04-05 00:00:00+05:30,255.11875915527344,409.8269348144531,50709.11297333759,30750.832997841273,60.64163065524293,UT Sell,710733.6310519014,810733.6310519014
INGERRAND.NS,2024-03-12 00:00:00+05:30,2024-04-09 00:00:00+05:30,3565.446533203125,3523.90673828125,48854.48704871611,-569.1868757863267,-1.1650657087418637,UT Sell,710164.4441761151,810164.4441761151
SADBHAV.NS,2024-02-28 00:00:00+05:30,2024-04-10 00:00:00+05:30,29.450000762939453,34.849998474121094,45802.38239532791,8398.395711170444,18.336154741215218,UT Sell,718562.8398872855,818562.8398872855
BALKRISHNA.NS,2024-03-13 00:00:00+05:30,2024-04-10 00:00:00+05:30,26.134525299072266,25.0,36807.99249471824,-1597.8709471643742,-4.341097785742221,UT Sell,716964.9689401211,816964.9689401211
ASTRAL.NS,2024-03-26 00:00:00+05:30,2024-04-12 00:00:00+05:30,1983.4052734375,1954.8919677734375,36891.892691706045,-530.3554583281439,-1.4375935188800426,UT Sell,716434.613481793,816434.613481793
JIOFIN.NS,2024-04-05 00:00:00+05:30,2024-04-15 00:00:00+05:30,372.61895751953125,353.74835205078125,59884.78327427397,-3032.7553012146163,-5.064317069203561,UT Sell,713401.8581805783,813401.8581805783
DPSCLTD.NS,2024-03-28 00:00:00+05:30,2024-04-15 00:00:00+05:30,15.294004440307617,16.18781089782715,32978.96318928607,1927.3441678358722,5.844162403692588,UT Sell,715329.2023484142,815329.2023484142
GREENPANEL.NS,2024-03-22 00:00:00+05:30,2024-04-15 00:00:00+05:30,319.4872131347656,313.24334716796875,46939.40214134211,-917.3554479893719,-1.954339864038035,UT Sell,714411.8469004248,814411.8469004248
NHPC.NS,2024-03-27 00:00:00+05:30,2024-04-15 00:00:00+05:30,84.67621612548828,84.7715072631836,31797.49772286266,35.78359865992752,0.11253589503112948,UT Sell,714447.6304990847,814447.6304990847
ITI.NS,2024-03-14 00:00:00+05:30,2024-04-15 00:00:00+05:30,276.54998779296875,252.0500030517578,36807.99249471824,-3260.8761319140176,-8.859152349539123,UT Sell,711186.7543671707,811186.7543671707
AXITA.NS,2024-03-14 00:00:00+05:30,2024-04-15 00:00:00+05:30,14.97282600402832,15.27839469909668,36807.99249471824,751.1855298172159,2.040821785988478,UT Sell,711937.939896988,811937.939896988
BERGEPAINT.NS,2024-02-29 00:00:00+05:30,2024-04-15 00:00:00+05:30,598.8219604492188,538.86083984375,45802.38239532792,-4586.2749802358885,-10.01317997096961,UT Sell,707351.6649167521,807351.6649167521
RAMASTEEL.NS,2024-03-14 00:00:00+05:30,2024-04-15 00:00:00+05:30,13.399999618530273,12.149999618530273,36807.99249471824,-3433.5814871794864,-9.328358474513909,UT Sell,703918.0834295726,803918.0834295726
CROWN.NS,2024-04-15 00:00:00+05:30,2024-04-18 00:00:00+05:30,220.1999969482422,215.8000030517578,39413.80951937839,-787.5591449859348,-1.9981807254604966,UT Sell,703130.5242845867,803130.5242845867
PPLPHARMA.NS,2024-03-19 00:00:00+05:30,2024-04-24 00:00:00+05:30,120.18480682373047,138.55955505371094,31755.97328841621,4855.089668933255,15.288744655495323,UT Sell,707985.61395352,807985.61395352
ZEEL.NS,2024-04-16 00:00:00+05:30,2024-04-24 00:00:00+05:30,143.50564575195312,136.12147521972656,39413.809519378396,-2028.061608940734,-5.145560994157661,UT Sell,705957.5523445792,805957.5523445792
CENTUM.NS,2024-03-14 00:00:00+05:30,2024-05-02 00:00:00+05:30,1636.3905029296875,1953.4339599609375,36807.99249471824,7131.386527856914,19.374559829309447,UT Sell,713088.9388724362,813088.9388724362
RKFORGE.NS,2024-04-15 00:00:00+05:30,2024-05-06 00:00:00+05:30,703.2702026367188,698.7891235351562,39413.80951937839,-251.13590407794982,-0.6371774439983269,UT Sell,712837.8029683583,812837.8029683583
HCL-INSYS.NS,2024-03-14 00:00:00+05:30,2024-05-06 00:00:00+05:30,15.300000190734863,18.200000762939453,36807.992494718244,6976.6796056005915,18.954251869622386,UT Sell,719814.4825739588,819814.4825739588
GALLANTT.NS,2024-04-15 00:00:00+05:30,2024-05-06 00:00:00+05:30,217.85525512695312,308.1138610839844,39413.80951937839,16329.353637129381,41.43053877880241,UT Sell,736143.8362110882,836143.8362110882
MASKINVEST.NS,2024-04-24 00:00:00+05:30,2024-05-07 00:00:00+05:30,76.19999694824219,94.0,36998.40543389357,8642.67396337042,23.359584992960336,UT Sell,744786.5101744586,844786.5101744586
ASIANPAINT.NS,2024-05-02 00:00:00+05:30,2024-05-08 00:00:00+05:30,2910.40869140625,2781.194091796875,43939.37902257515,-1950.7944998416424,-4.439740713766948,UT Sell,742835.715674617,842835.715674617
ZODIAC.NS,2024-04-15 00:00:00+05:30,2024-05-09 00:00:00+05:30,428.6414489746094,573.01904296875,39413.80951937838,13275.596660481337,33.68260217006984,UT Sell,756111.3123350983,856111.3123350983
BRIGADE.NS,2024-05-06 00:00:00+05:30,2024-05-09 00:00:00+05:30,1105.4644775390625,1047.853271484375,46230.16962404235,-2409.2821454407604,-5.211493198129635,UT Sell,753702.0301896575,853702.0301896575
KRITIKA.NS,2024-04-10 00:00:00+05:30,2024-05-10 00:00:00+05:30,17.299999237060547,23.149999618530273,44705.44982702611,15117.16243210162,33.81503259802283,UT Sell,768819.1926217591,868819.1926217591
BETA.NS,2024-04-16 00:00:00+05:30,2024-05-15 00:00:00+05:30,1354.8499755859375,1209.5999755859375,39413.809519378396,-4225.453692918185,-10.72074418698522,UT Sell,764593.738928841,864593.738928841
JYOTHYLAB.NS,2024-05-07 00:00:00+05:30,2024-05-15 00:00:00+05:30,448.5569763183594,433.2301025390625,45641.07939726399,-1559.5233158880656,-3.4169290833677146,UT Sell,763034.215612953,863034.215612953
DEEPINDS.NS,2024-02-26 00:00:00+05:30,2024-05-16 00:00:00+05:30,257.02789306640625,288.7493896484375,47753.49389720849,5893.571609556704,12.341655298024644,UT Sell,768927.7872225096,868927.7872225096
AARTIPHARM.NS,2024-04-15 00:00:00+05:30,2024-05-21 00:00:00+05:30,455.5909729003906,573.7713012695312,39413.80951937839,10223.944784562926,25.940006584585973,UT Sell,779151.7320070725,879151.7320070725
ASTRAL.NS,2024-04-24 00:00:00+05:30,2024-05-21 00:00:00+05:30,1979.3746337890625,2068.299072265625,36998.40543389357,1662.1726739213118,4.492552190907739,UT Sell,780813.9046809939,880813.9046809939
TIINDIA.NS,2024-05-06 00:00:00+05:30,2024-05-21 00:00:00+05:30,4003.793212890625,3671.04150390625,46230.16962404235,-3842.148465487662,-8.31091146048818,UT Sell,776971.7562155062,876971.7562155062
VIJIFIN.NS,2024-04-15 00:00:00+05:30,2024-05-22 00:00:00+05:30,2.4147300720214844,3.049999952316284,39413.80951937839,10369.02896329805,26.30811152167354,UT Sell,787340.7851788043,887340.7851788043
HONAUT.NS,2024-03-15 00:00:00+05:30,2024-05-24 00:00:00+05:30,38064.38671875,51724.703125,32850.24435028258,11789.09659475588,35.88739392331024,UT Sell,799129.8817735602,899129.8817735602
VGUARD.NS,2024-03-27 00:00:00+05:30,2024-05-24 00:00:00+05:30,327.5947570800781,365.83154296875,31797.49772286266,3711.3967362042677,11.67197736297263,UT Sell,802841.2785097645,902841.2785097645
AAATECH.NS,2024-04-10 00:00:00+05:30,2024-05-24 00:00:00+05:30,94.09703826904297,114.86092376708984,44705.44982702611,9864.91029285072,22.066460198968873,UT Sell,812706.1888026152,912706.1888026152
VIVIDHA.NS,2024-05-09 00:00:00+05:30,2024-05-24 00:00:00+05:30,1.0,1.0499999523162842,48255.14682923065,2412.7550404768263,4.999995231628418,UT Sell,815118.943843092,915118.943843092
KIMS.NS,2024-05-06 00:00:00+05:30,2024-05-27 00:00:00+05:30,411.4200134277344,364.0799865722656,46230.16962404235,-5319.472558715126,-11.506495870499013,UT Sell,809799.4712843768,909799.4712843768
HIKAL.NS,2024-05-16 00:00:00+05:30,2024-05-30 00:00:00+05:30,293.19866943359375,282.57843017578125,53647.0655067652,-1943.2034676761323,-3.622198995080317,UT Sell,807856.2678167006,907856.2678167006
LTTS.NS,2024-05-22 00:00:00+05:30,2024-05-30 00:00:00+05:30,4483.28857421875,4445.71728515625,49782.83848267644,-417.1949639245213,-0.8380296838029655,UT Sell,807439.0728527762,907439.0728527762
PAKKA.NS,2024-05-24 00:00:00+05:30,2024-05-30 00:00:00+05:30,275.04998779296875,248.85000610351562,46346.624348422425,-4414.76372727791,-9.525534576345429,UT Sell,803024.3091254983,903024.3091254983
GANESHBE.NS,2024-05-30 00:00:00+05:30,2024-05-31 00:00:00+05:30,153.5500030517578,142.8000030517578,47667.12205966184,-3337.164128669152,-7.0009767413527495,UT Sell,799687.1449968291,899687.1449968291
GLOBALVECT.NS,2024-05-30 00:00:00+05:30,2024-06-03 00:00:00+05:30,187.60000610351562,180.4499969482422,47667.12205966184,-1816.739595115243,-3.8113053958687693,UT Sell,797870.4054017139,897870.4054017139
DOLLAR.NS,2024-05-30 00:00:00+05:30,2024-06-03 00:00:00+05:30,556.3547973632812,547.1768798828125,47667.12205966184,-786.3415843062176,-1.649651899105653,UT Sell,797084.0638174077,897084.0638174077
AGRITECH.NS,2024-03-26 00:00:00+05:30,2024-06-04 00:00:00+05:30,180.0500030517578,178.9499969482422,36891.892691706045,-225.38909438093106,-0.6109447847103988,UT Sell,796858.6747230268,896858.6747230268
TVSELECT.NS,2024-06-03 00:00:00+05:30,2024-06-04 00:00:00+05:30,314.4139099121094,296.7109680175781,46365.58146995111,-2610.5944069018587,-5.630457602680461,UT Sell,794248.080316125,894248.080316125
URJA.NS,2024-06-03 00:00:00+05:30,2024-06-04 00:00:00+05:30,22.149999618530273,21.049999237060547,46365.58146995111,-2302.580504847705,-4.966141762591669,UT Sell,791945.4998112773,891945.4998112773
CAMLINFINE.NS,2024-05-24 00:00:00+05:30,2024-06-04 00:00:00+05:30,99.3499984741211,86.94999694824219,46346.624348422425,-5784.581997648173,-12.481129055184525,UT Sell,786160.9178136291,886160.9178136291
ASAHIINDIA.NS,2024-05-24 00:00:00+05:30,2024-06-04 00:00:00+05:30,600.8772583007812,572.2332763671875,46346.624348422425,-2209.3561574845517,-4.767027132062873,UT Sell,783951.5616561446,883951.5616561446
ASTRAL.NS,2024-05-24 00:00:00+05:30,2024-06-04 00:00:00+05:30,2138.76171875,2002.5137939453125,46346.624348422425,-2952.47073753758,-6.370411608279469,UT Sell,780999.090918607,880999.090918607
LMW.NS,2024-05-31 00:00:00+05:30,2024-06-04 00:00:00+05:30,15840.5419921875,14992.7705078125,44329.957930992685,-2372.499265238155,-5.351909579818148,UT Sell,778626.5916533688,878626.5916533688
NAVKARCORP.NS,2024-05-21 00:00:00+05:30,2024-06-04 00:00:00+05:30,103.94999694824219,84.3499984741211,43562.11785677029,-8213.732261553654,-18.855217940872226,UT Sell,770412.8593918151,870412.8593918151
HEMIPROP.NS,2024-05-15 00:00:00+05:30,2024-06-04 00:00:00+05:30,204.35000610351562,170.35000610351562,39634.95595391806,-6594.511681837575,-16.638120374108013,UT Sell,763818.3477099775,863818.3477099775
SALONA.NS,2024-05-15 00:00:00+05:30,2024-06-04 00:00:00+05:30,296.13018798828125,259.8085632324219,39634.95595391806,-4861.395615060348,-12.265424542700366,UT Sell,758956.9520949172,858956.9520949172
ARVINDFASN.NS,2024-04-09 00:00:00+05:30,2024-06-04 00:00:00+05:30,443.873291015625,409.6183166503906,48285.30017292978,-3726.315038818444,-7.717286680362245,UT Sell,755230.6370560988,855230.6370560988
ZEEL.NS,2024-05-21 00:00:00+05:30,2024-06-04 00:00:00+05:30,143.40847778320312,134.90696716308594,43562.11785677029,-2582.440127103182,-5.928178550900798,UT Sell,752648.1969289957,852648.1969289957
SUMICHEM.NS,2024-04-18 00:00:00+05:30,2024-06-18 00:00:00+05:30,398.32720947265625,476.82708740234375,38626.25037439245,7612.2239886288735,19.70738530104763,UT Sell,760260.4209176245,860260.4209176245
DEVYANI.NS,2024-06-05 00:00:00+05:30,2024-06-18 00:00:00+05:30,161.3000030517578,174.4199981689453,40269.70562614689,3275.5011233080513,8.133908784228328,UT Sell,763535.9220409326,863535.9220409326
NESTLEIND.NS,2024-06-04 00:00:00+05:30,2024-06-19 00:00:00+05:30,1189.49169921875,1237.654541015625,40269.705626146875,1630.531312284642,4.049027145671391,UT Sell,765166.4533532172,865166.4533532172
DABUR.NS,2024-06-04 00:00:00+05:30,2024-06-21 00:00:00+05:30,564.1066284179688,575.5701904296875,40269.705626146875,818.3457601511254,2.032162260505288,UT Sell,765984.7991133684,865984.7991133684
JYOTHYLAB.NS,2024-06-05 00:00:00+05:30,2024-06-24 00:00:00+05:30,439.1741638183594,421.5384216308594,40269.70562614688,-1617.0945490385784,-4.015660218754135,UT Sell,764367.7045643298,864367.7045643298
PARAGMILK.NS,2024-06-05 00:00:00+05:30,2024-06-25 00:00:00+05:30,175.8873291015625,175.9569091796875,40269.70562614688,15.930478209265857,0.03955946029792212,UT Sell,764383.6350425391,864383.6350425391
UBL.NS,2024-06-04 00:00:00+05:30,2024-06-25 00:00:00+05:30,1906.3963623046875,1975.9404296875,40269.70562614688,1469.0119940037912,3.6479332817619836,UT Sell,765852.6470365429,865852.6470365429
ORISSAMINE.NS,2024-06-18 00:00:00+05:30,2024-06-27 00:00:00+05:30,7956.60009765625,7083.89990234375,44891.84055623814,-4923.851587427009,-10.968255091387192,UT Sell,760928.7954491159,860928.7954491159
HLVLTD.NS,2024-05-21 00:00:00+05:30,2024-06-27 00:00:00+05:30,28.5,25.079999923706055,43562.11785677029,-5227.4542594273735,-12.000000267698052,UT Sell,755701.3411896885,855701.3411896885
SINDHUTRAD.NS,2024-05-09 00:00:00+05:30,2024-07-01 00:00:00+05:30,23.149999618530273,20.40999984741211,48255.14682923065,-5711.407924237348,-11.835852338092256,UT Sell,749989.9332654512,849989.9332654512
ASHIMASYN.NS,2024-05-27 00:00:00+05:30,2024-07-03 00:00:00+05:30,28.549999237060547,46.93000030517578,40910.69706532722,26337.606859966814,64.37828917436987,UT Sell,776327.540125418,876327.540125418
MICEL.NS,2024-06-18 00:00:00+05:30,2024-07-04 00:00:00+05:30,55.689998626708984,90.43000030517578,44891.84055623814,28003.99810972913,62.38104244054596,UT Sell,804331.5382351471,904331.5382351471
TIL.NS,2024-06-19 00:00:00+05:30,2024-07-05 00:00:00+05:30,269.04998779296875,326.8500061035156,41900.23693843152,9001.429370519698,21.48300350603376,UT Sell,813332.9676056668,913332.9676056668
ASTRAL.NS,2024-06-21 00:00:00+05:30,2024-07-08 00:00:00+05:30,2262.81787109375,2319.346923828125,41088.051386298,1026.449655201839,2.4981706860504493,UT Sell,814359.4172608687,914359.4172608687
SIEMENS.NS,2024-06-27 00:00:00+05:30,2024-07-16 00:00:00+05:30,4581.361328125,4368.67724609375,39151.326283077025,-1817.5523156629279,-4.642377380836161,UT Sell,812541.8649452057,912541.8649452057
NHPC.NS,2024-07-03 00:00:00+05:30,2024-07-18 00:00:00+05:30,96.69384765625,103.21253204345703,67248.30392529404,4533.59215182325,6.741570994652291,UT Sell,817075.457097029,917075.457097029
HEMIPROP.NS,2024-07-05 00:00:00+05:30,2024-07-19 00:00:00+05:30,201.8300018310547,213.14999389648438,50901.666308951215,2854.9098424762487,5.608676590562234,UT Sell,819930.3669395052,919930.3669395052
DMART.NS,2024-06-04 00:00:00+05:30,2024-07-19 00:00:00+05:30,4548.75,5010.7001953125,40269.70562614688,4089.6066785766234,10.155541529266277,UT Sell,824019.9736180819,924019.9736180819
BALAMINES.NS,2024-05-08 00:00:00+05:30,2024-07-19 00:00:00+05:30,2272.272216796875,2249.867431640625,41988.58452273351,-414.0107898573042,-0.9860079699356206,UT Sell,823605.9628282245,923605.9628282245
ZODIAC.NS,2024-06-24 00:00:00+05:30,2024-07-22 00:00:00+05:30,608.9013671875,673.7291259765625,38652.611077108304,4115.218461486256,10.64667650337201,UT Sell,827721.1812897108,927721.1812897108
CYIENT.NS,2024-06-05 00:00:00+05:30,2024-07-26 00:00:00+05:30,1724.2935791015625,1736.0045166015625,40269.70562614688,273.5009927815918,0.6791730620548941,UT Sell,827994.6822824924,927994.6822824924
ARVIND.NS,2024-06-27 00:00:00+05:30,2024-07-29 00:00:00+05:30,370.3440246582031,370.177734375,39151.326283077025,-17.57956035985262,-0.044901570467237306,UT Sell,827977.1027221326,927977.1027221326
GATECHDVR.NS,2024-07-19 00:00:00+05:30,2024-07-30 00:00:00+05:30,2.440000057220459,2.430000066757202,46563.48739634239,-190.83377827041113,-0.40983566511257896,UT Sell,827786.2689438622,927786.2689438622
ARVINDFASN.NS,2024-07-26 00:00:00+05:30,2024-08-05 00:00:00+05:30,485.28753662109375,482.75201416015625,40543.206618928474,-211.82948924770608,-0.5224783802591615,UT Sell,827574.4394546144,927574.4394546144
ASAHIINDIA.NS,2024-07-22 00:00:00+05:30,2024-08-05 00:00:00+05:30,640.0140991210938,606.6458740234375,42767.82953859456,-2229.7736330211774,-5.213670314994545,UT Sell,825344.6658215933,925344.6658215933
SUDARSCHEM.NS,2024-07-30 00:00:00+05:30,2024-08-05 00:00:00+05:30,937.0313110351562,911.9082641601562,46372.65361807198,-1243.312082365679,-2.6811320581428655,UT Sell,824101.3537392276,924101.3537392276
E2E.NS,2024-07-19 00:00:00+05:30,2024-08-05 00:00:00+05:30,1776.699951171875,1652.050048828125,46563.48739634239,-3266.8060540611987,-7.015810534667565,UT Sell,820834.5476851665,920834.5476851665
ELGIRUBCO.NS,2024-07-19 00:00:00+05:30,2024-08-05 00:00:00+05:30,71.93000030517578,88.19999694824219,46563.48739634239,10532.29223430773,22.61920836095934,UT Sell,831366.8399194742,931366.8399194742
PGIL.NS,2024-06-25 00:00:00+05:30,2024-08-05 00:00:00+05:30,746.8306884765625,923.7025146484375,41012.176862253415,9712.909135680653,23.682988514126336,UT Sell,841079.7490551549,941079.7490551549
SAPPHIRE.NS,2024-05-10 00:00:00+05:30,2024-08-05 00:00:00+05:30,283.42999267578125,326.29998779296875,59822.61225912773,9048.425225695428,15.125426463326686,UT Sell,850128.1742808503,950128.1742808503
MOHITIND.NS,2024-04-12 00:00:00+05:30,2024-08-05 00:00:00+05:30,22.600000381469727,26.030000686645508,36361.5372333779,5518.587685927989,15.176992244602427,UT Sell,855646.7619667783,955646.7619667783
GATEWAY.NS,2024-07-01 00:00:00+05:30,2024-08-05 00:00:00+05:30,100.52849578857422,95.7533950805664,42543.738904993304,-2020.826395271928,-4.7499971729911605,UT Sell,853625.9355715064,953625.9355715064
DBSTOCKBRO.NS,2024-04-05 00:00:00+05:30,2024-08-06 00:00:00+05:30,47.75,44.95000076293945,59884.78327427397,-3511.5674864817483,-5.863872747770782,UT Sell,850114.3680850246,950114.3680850246
MICEL.NS,2024-07-16 00:00:00+05:30,2024-08-09 00:00:00+05:30,94.55000305175781,75.41000366210938,37333.7739674141,-7557.571527083033,-20.24325623677766,Stop Loss,842556.7965579416,942556.7965579416
ORBTEXP.NS,2024-08-06 00:00:00+05:30,2024-08-12 00:00:00+05:30,198.38999938964844,183.6300048828125,48695.71829555367,-3622.907085841267,-7.439888377562076,UT Sell,838933.8894721003,938933.8894721003
DOLLAR.NS,2024-08-06 00:00:00+05:30,2024-08-13 00:00:00+05:30,523.5549926757812,475.8598327636719,48695.71829555366,-4436.11483728078,-9.109866313822979,UT Sell,834497.7746348195,934497.7746348195
MUFTI.NS,2024-08-06 00:00:00+05:30,2024-08-13 00:00:00+05:30,160.26747131347656,166.83045959472656,48695.71829555367,1994.1003991737452,4.09502204499943,UT Sell,836491.8750339933,936491.8750339933
LUXIND.NS,2024-08-05 00:00:00+05:30,2024-08-13 00:00:00+05:30,2262.83203125,2225.173828125,47598.93293951958,-792.1446490129019,-1.6642067376162029,UT Sell,835699.7303849803,935699.7303849803
TTKPRESTIG.NS,2024-06-05 00:00:00+05:30,2024-08-14 00:00:00+05:30,696.3021240234375,963.4306030273438,40269.70562614688,15449.019675093761,38.36387536208561,UT Sell,851148.750060074,951148.750060074
KEEPLEARN.NS,2024-08-12 00:00:00+05:30,2024-08-14 00:00:00+05:30,4.570000171661377,4.46999979019165,45072.8112097124,-986.2796817457565,-2.1881920725042914,UT Sell,850162.4703783282,950162.4703783282
CERA.NS,2024-08-05 00:00:00+05:30,2024-08-19 00:00:00+05:30,9347.48046875,9704.4228515625,47598.93293951958,1817.6102747221375,3.8185945828484114,UT Sell,851980.0806530503,951980.0806530503
COLPAL.NS,2024-06-04 00:00:00+05:30,2024-08-23 00:00:00+05:30,2728.296875,3429.0751953125,40269.70562614688,10343.49924553941,25.6855596153736,UT Sell,862323.5798985898,962323.5798985898
KPRMILL.NS,2024-08-06 00:00:00+05:30,2024-08-26 00:00:00+05:30,938.4103393554688,862.53759765625,48695.71829555367,-3937.1663984798943,-8.085241446863279,UT Sell,858386.4135001099,958386.4135001099
SHRENIK.NS,2024-08-13 00:00:00+05:30,2024-08-28 00:00:00+05:30,0.8100000023841858,0.9599999785423279,47252.070147835664,8750.381944118119,18.518515520571157,UT Sell,867136.795444228,967136.795444228
TECILCHEM.NS,2024-08-13 00:00:00+05:30,2024-09-02 00:00:00+05:30,20.530000686645508,25.520000457763672,47252.07014783566,11485.037084092073,24.305891886131747,UT Sell,878621.83252832,978621.83252832
INSECTICID.NS,2024-06-05 00:00:00+05:30,2024-09-02 00:00:00+05:30,548.6611938476562,923.1781005859375,40269.70562614688,27488.158002574783,68.2601414019945,UT Sell,906109.9905308948,1006109.9905308948
BAGFILMS.NS,2024-08-06 00:00:00+05:30,2024-09-02 00:00:00+05:30,9.100000381469727,9.479999542236328,48695.71829555366,2033.4430010483848,4.1758147784300315,UT Sell,908143.4335319432,1008143.4335319432
NAVKARCORP.NS,2024-08-19 00:00:00+05:30,2024-09-02 00:00:00+05:30,143.75999450683594,143.5399932861328,49416.54321424172,-75.6239583018687,-0.15303368747183743,UT Sell,908067.8095736414,1008067.8095736414
HEXATRADEX.NS,2024-08-23 00:00:00+05:30,2024-09-04 00:00:00+05:30,264.1300048828125,353.04998779296875,50613.20487168629,17039.05360625479,33.6652335086306,UT Sell,925106.8631798961,1025106.8631798961
HEMIPROP.NS,2024-08-28 00:00:00+05:30,2024-09-06 00:00:00+05:30,204.69000244140625,196.14999389648438,56002.45209195378,-2336.515773596555,-4.172166907549135,UT Sell,922770.3474062996,1022770.3474062996
SOBHA.NS,2024-09-02 00:00:00+05:30,2024-09-09 00:00:00+05:30,1734.1759033203125,1660.2718505859375,56641.26285329783,-2413.8375287287927,-4.261623782966639,UT Sell,920356.5098775708,1020356.5098775708
LT.NS,2024-08-26 00:00:00+05:30,2024-09-11 00:00:00+05:30,3608.248291015625,3504.26806640625,44758.551897073776,-1289.823732761506,-2.881736959961456,UT Sell,919066.6861448092,1019066.6861448092
CALSOFT.NS,2024-06-04 00:00:00+05:30,2024-09-13 00:00:00+05:30,16.350000381469727,26.350000381469727,40269.70562614688,24629.788799140675,61.162078083701466,UT Sell,943696.47494395,1043696.47494395
LTTS.NS,2024-08-14 00:00:00+05:30,2024-09-18 00:00:00+05:30,4837.0185546875,5389.1064453125,49902.62841460365,5695.7889548227395,11.413805516416264,UT Sell,949392.2638987727,1049392.2638987727
FCL.NS,2024-09-11 00:00:00+05:30,2024-09-18 00:00:00+05:30,40.716094970703125,38.53496170043945,43468.72816431227,-2328.5899417281908,-5.356931385077779,UT Sell,947063.6739570445,1047063.6739570445
NUVOCO.NS,2024-09-04 00:00:00+05:30,2024-09-19 00:00:00+05:30,346.79998779296875,356.45001220703125,67652.25847794108,1882.4854929589346,2.782590759438941,UT Sell,948946.1594500034,1048946.1594500034
NESCO.NS,2024-08-09 00:00:00+05:30,2024-09-25 00:00:00+05:30,899.8779296875,943.7525634765625,29776.202440331064,1451.7746625391665,4.87562060826392,UT Sell,950397.9341125425,1050397.9341125425
RSSOFTWARE.NS,2024-08-13 00:00:00+05:30,2024-09-27 00:00:00+05:30,316.8500061035156,253.3000030517578,47252.070147835664,-9477.257832577685,-20.056809792516106,Stop Loss,940920.6762799649,1040920.6762799649
63MOONS.NS,2024-09-02 00:00:00+05:30,2024-09-27 00:00:00+05:30,340.9972229003906,378.3614501953125,56641.26285329783,6206.376115093022,10.957340642576563,UT Sell,947127.0523950579,1047127.0523950579
NELCO.NS,2024-08-07 00:00:00+05:30,2024-09-27 00:00:00+05:30,851.711181640625,1043.4498291015625,48695.71829555367,10962.461647084398,22.512167457000775,UT Sell,958089.5140421423,1058089.5140421423
FINEORG.NS,2024-09-18 00:00:00+05:30,2024-10-03 00:00:00+05:30,5396.4560546875,5143.4736328125,48369.27779600523,-2267.520928026286,-4.6879362921014245,UT Sell,955821.993114116,1055821.9931141161
NHPC.NS,2024-09-27 00:00:00+05:30,2024-10-03 00:00:00+05:30,91.3283920288086,89.04853057861328,53426.877075428965,-1333.7131503440032,-2.496333724430577,UT Sell,954488.279963772,1054488.279963772
LYKALABS.NS,2024-07-08 00:00:00+05:30,2024-10-04 00:00:00+05:30,111.70999908447266,130.75,42114.50104149984,7178.0516064706535,17.0441330870746,UT Sell,961666.3315702426,1061666.3315702425
RKDL.NS,2024-10-03 00:00:00+05:30,2024-10-04 00:00:00+05:30,28.530000686645508,28.030000686645508,49097.460396531955,-860.4531933908002,-1.7525411425385773,UT Sell,960805.8783768518,1060805.8783768518
PPAP.NS,2024-06-25 00:00:00+05:30,2024-10-07 00:00:00+05:30,216.7554168701172,194.9786376953125,41012.176862253415,-4120.372777315606,-10.046705862882144,UT Sell,956685.5055995362,1056685.5055995362
ENIL.NS,2024-09-13 00:00:00+05:30,2024-10-07 00:00:00+05:30,199.9405517578125,202.46859741210938,64899.49442528756,820.5883369104995,1.2643986585368028,UT Sell,957506.0939364467,1057506.0939364466
PVSL.NS,2024-09-18 00:00:00+05:30,2024-10-07 00:00:00+05:30,225.4600067138672,209.27999877929688,48369.27779600523,-3471.1934499408744,-7.1764425852716585,UT Sell,954034.9004865058,1054034.9004865058
LALPATHLAB.NS,2024-07-04 00:00:00+05:30,2024-10-10 00:00:00+05:30,1432.233154296875,1741.975341796875,72895.83866596727,15764.833023383282,21.62651985612367,UT Sell,969799.7335098891,1069799.733509889
KITEX.NS,2024-08-06 00:00:00+05:30,2024-10-11 00:00:00+05:30,81.7268295288086,173.68389892578125,48695.71829555367,54791.25487256546,112.51760275927248,UT Sell,1024590.9883824546,1124590.9883824545
DBCORP.NS,2024-10-07 00:00:00+05:30,2024-10-15 00:00:00+05:30,346.4126281738281,305.5509948730469,49169.99039773342,-5799.921693463584,-11.79565350033287,UT Sell,1018791.066688991,1118791.0666889912
HDIL.NS,2024-10-03 00:00:00+05:30,2024-10-15 00:00:00+05:30,4.349999904632568,4.119999885559082,49097.460396531955,-2595.957948329182,-5.287356876227656,UT Sell,1016195.1087406619,1116195.1087406618
SMARTLINK.NS,2024-09-02 00:00:00+05:30,2024-10-17 00:00:00+05:30,275.0,240.64999389648438,56641.26285329783,-7075.009908078595,-12.490911310369324,UT Sell,1009120.0988325833,1109120.0988325833
ZEEL.NS,2024-09-25 00:00:00+05:30,2024-10-17 00:00:00+05:30,130.7776641845703,122.18869018554688,31227.97710287023,-2050.933430039786,-6.567615389506853,UT Sell,1007069.1654025435,1107069.1654025435
DCMFINSERV.NS,2024-10-07 00:00:00+05:30,2024-10-17 00:00:00+05:30,7.989999771118164,6.309999942779541,49169.99039773342,-10338.620499865625,-21.026281307433813,Stop Loss,996730.5449026779,1096730.5449026779
PPLPHARMA.NS,2024-10-15 00:00:00+05:30,2024-10-17 00:00:00+05:30,231.37010192871094,224.0748291015625,44935.7855762363,-1416.8590182922271,-3.1530749938452396,UT Sell,995313.6858843856,1095313.6858843856
INFY.NS,2024-10-17 00:00:00+05:30,2024-10-18 00:00:00+05:30,1890.0096435546875,1805.0211181640625,40273.39826846538,-1810.9837391457695,-4.496724431034149,UT Sell,993502.7021452398,1093502.7021452398
GREENPANEL.NS,2024-07-29 00:00:00+05:30,2024-10-21 00:00:00+05:30,333.2237854003906,389.86834716796875,39133.74672271717,6652.328046655435,16.998955131463944,UT Sell,1000155.0301918952,1100155.030191895
GLFL.NS,2024-10-04 00:00:00+05:30,2024-10-21 00:00:00+05:30,7.170000076293945,8.380000114440918,48764.77992555582,8229.481860849599,16.875872040051654,UT Sell,1008384.5120527449,1108384.5120527449
ASTERDM.NS,2024-10-15 00:00:00+05:30,2024-10-22 00:00:00+05:30,419.758544921875,399.3570556640625,44935.7855762363,-2184.010207333784,-4.860291590159194,UT Sell,1006200.501845411,1106200.501845411
SUDARSCHEM.NS,2024-10-11 00:00:00+05:30,2024-10-22 00:00:00+05:30,1197.43408203125,958.2164916992188,103486.97316811913,-20674.12705510996,-19.97751641795914,UT Sell,985526.3747903011,1085526.374790301
VIPIND.NS,2024-10-04 00:00:00+05:30,2024-10-22 00:00:00+05:30,563.7999877929688,482.0,48764.77992555582,-7075.130345873731,-14.508689174183932,UT Sell,978451.2444444273,1078451.2444444273
JIOFIN.NS,2024-09-27 00:00:00+05:30,2024-10-22 00:00:00+05:30,358.5908203125,313.56103515625,53426.87707542897,-6709.041782439854,-12.557428301429475,UT Sell,971742.2026619875,1071742.2026619874
MOTISONS.NS,2024-09-02 00:00:00+05:30,2024-10-22 00:00:00+05:30,18.56999969482422,28.420000076293945,56641.262853297834,30043.967144889706,53.042544659896215,UT Sell,1001786.1698068773,1101786.1698068772
AYMSYNTEX.NS,2024-08-06 00:00:00+05:30,2024-10-22 00:00:00+05:30,150.5800018310547,240.77999877929688,48695.71829555367,29169.568257672523,59.90171061987588,UT Sell,1030955.7380645497,1130955.7380645499
TARAPUR.NS,2024-10-07 00:00:00+05:30,2024-10-25 00:00:00+05:30,19.690000534057617,29.610000610351562,49169.99039773341,24772.285183700376,50.38090303316858,UT Sell,1055728.0232482501,1155728.0232482501
MATRIMONY.NS,2024-10-17 00:00:00+05:30,2024-10-25 00:00:00+05:30,828.3452758789062,751.7074584960938,40273.398268465375,-3726.0613801522195,-9.25191699819823,UT Sell,1052001.961868098,1152001.961868098
ZEEL.NS,2024-10-18 00:00:00+05:30,2024-10-25 00:00:00+05:30,128.6984405517578,116.16475677490234,38462.41452931961,-3745.7776406463163,-9.738800037607975,UT Sell,1048256.1842274517,1148256.1842274517
KRISHIVAL.NS,2024-10-22 00:00:00+05:30,2024-10-28 00:00:00+05:30,294.9044189453125,271.61590576171875,63087.10381766611,-4981.969596206407,-7.896969895155214,UT Sell,1043274.2146312452,1143274.2146312452
KAMATHOTEL.NS,2024-10-25 00:00:00+05:30,2024-11-04 00:00:00+05:30,221.86000061035156,209.24000549316406,48402.083119473406,-2753.241012120314,-5.688269666667745,UT Sell,1040520.973619125,1140520.9736191249
UMESLTD.NS,2024-10-25 00:00:00+05:30,2024-11-04 00:00:00+05:30,6.849999904632568,8.270000457763672,48402.083119473406,10033.720548794168,20.72993537081329,UT Sell,1050554.6941679192,1150554.6941679192
TITAGARH.NS,2024-10-17 00:00:00+05:30,2024-11-04 00:00:00+05:30,1168.6571044921875,1174.2003173828125,40273.398268465375,191.0261098596893,0.4743232954574461,UT Sell,1050745.7202777788,1150745.7202777788
ASAHIINDIA.NS,2024-09-19 00:00:00+05:30,2024-11-04 00:00:00+05:30,706.7705078125,720.0888671875,69534.74397090002,1310.3103468753397,1.8843965937714646,UT Sell,1052056.0306246541,1152056.0306246541
AXITA.NS,2024-09-09 00:00:00+05:30,2024-11-04 00:00:00+05:30,15.593180656433105,12.818181037902832,54227.425324569034,-9650.441940302648,-17.796238494712902,UT Sell,1042405.5886843515,1142405.5886843516
PASHUPATI.NS,2024-10-22 00:00:00+05:30,2024-11-06 00:00:00+05:30,51.73826217651367,55.71543884277344,63087.10381766611,4849.5745061848575,7.687109112190438,UT Sell,1047255.1631905364,1147255.1631905364
VINYLINDIA.NS,2024-10-21 00:00:00+05:30,2024-11-08 00:00:00+05:30,380.65966796875,347.2504577636719,51390.16827788901,-4510.34107088876,-8.776661416050214,UT Sell,1042744.8221196476,1142744.8221196476
SINTERCOM.NS,2024-08-14 00:00:00+05:30,2024-11-11 00:00:00+05:30,135.49000549316406,148.5800018310547,49902.62841460365,4821.205968813956,9.661226516483579,UT Sell,1047566.0280884616,1147566.0280884616
AKSHARCHEM.NS,2024-11-04 00:00:00+05:30,2024-11-11 00:00:00+05:30,305.00897216796875,303.4632263183594,51994.221571197486,-263.4999607588252,-0.5067870097795413,UT Sell,1047302.5281277028,1147302.528127703
ARVINDFASN.NS,2024-11-06 00:00:00+05:30,2024-11-12 00:00:00+05:30,584.4944458007812,568.7929077148438,67936.67832385097,-1825.0136503394751,-2.6863451310346953,UT Sell,1045477.5144773633,1145477.5144773633
ORIENTELEC.NS,2024-10-28 00:00:00+05:30,2024-11-12 00:00:00+05:30,249.58119201660156,231.24942016601562,58105.1342214597,-4267.82986045126,-7.34501334113612,UT Sell,1041209.684616912,1141209.6846169122
ANDHRAPAP.NS,2024-11-04 00:00:00+05:30,2024-11-12 00:00:00+05:30,100.142333984375,93.94389343261719,51994.22157119748,-3218.2502506310266,-6.189630603901186,UT Sell,1037991.434366281,1137991.4343662811
TTL.NS,2024-10-21 00:00:00+05:30,2024-11-12 00:00:00+05:30,12.472311019897461,15.46745777130127,51390.16827788901,12341.02447622252,24.01436868135791,UT Sell,1050332.4588425036,1150332.4588425036
MITCON.NS,2024-10-22 00:00:00+05:30,2024-11-12 00:00:00+05:30,128.6199951171875,115.62000274658203,63087.1038176661,-6376.394802114715,-10.107287252468788,UT Sell,1043956.0640403889,1143956.064040389
WIPL.NS,2024-07-18 00:00:00+05:30,2024-11-13 00:00:00+05:30,158.58419799804688,189.24075317382812,71781.89607711729,13876.449769209954,19.33140600563419,UT Sell,1057832.513809599,1157832.513809599
ORIENTALTL.NS,2024-10-22 00:00:00+05:30,2024-11-13 00:00:00+05:30,12.199999809265137,9.8100004196167,63087.10381766611,-12358.864096407859,-19.59015923781722,UT Sell,1045473.6497131911,1145473.6497131912
SALONA.NS,2024-10-25 00:00:00+05:30,2024-11-13 00:00:00+05:30,309.01580810546875,293.1318359375,48402.08311947341,-2487.954729096011,-5.140181101203556,UT Sell,1042985.694984095,1142985.6949840952
PAGEIND.NS,2024-11-08 00:00:00+05:30,2024-11-13 00:00:00+05:30,46891.0859375,44794.6953125,46879.82720700025,-2095.8872735293044,-4.4707657822090745,UT Sell,1040889.8077105657,1140889.8077105656
LCCINFOTEC.NS,2024-11-04 00:00:00+05:30,2024-11-18 00:00:00+05:30,9.84000015258789,11.260000228881836,51994.221571197486,7503.231448479921,14.430894860509635,UT Sell,1048393.0391590457,1148393.0391590456
TARAPUR.NS,2024-11-04 00:00:00+05:30,2024-11-18 00:00:00+05:30,28.3799991607666,32.540000915527344,51994.221571197486,7621.4256296601525,14.658216623598985,UT Sell,1056014.4647887058,1156014.4647887058
EPL.NS,2024-11-12 00:00:00+05:30,2024-11-21 00:00:00+05:30,255.2370147705078,244.8882598876953,57833.368424949855,-2344.892469516337,-4.05456665136027,UT Sell,1053669.5723191896,1153669.5723191896
E2E.NS,2024-09-06 00:00:00+05:30,2024-11-29 00:00:00+05:30,2747.25,4437.89990234375,53665.93631835723,33025.86586434308,61.539717985030485,UT Sell,1086695.4381835326,1186695.4381835326
INDGN.NS,2024-11-04 00:00:00+05:30,2024-12-03 00:00:00+05:30,652.6131591796875,624.7564697265625,51994.221571197486,-2219.3651220370593,-4.268484179531395,UT Sell,1084476.0730614956,1184476.0730614956
EXCEL.NS,2024-10-23 00:00:00+05:30,2024-12-04 00:00:00+05:30,0.7699999809265137,1.649999976158142,63087.10381766611,72099.54861547165,114.28571649738947,UT Sell,1156575.6216769672,1256575.6216769672
FORTIS.NS,2024-11-12 00:00:00+05:30,2024-12-05 00:00:00+05:30,642.4402465820312,693.1303100585938,57833.36842494986,4563.1903233350895,7.890237846437609,UT Sell,1161138.8120003024,1261138.8120003024
FIRSTCRY.NS,2024-11-18 00:00:00+05:30,2024-12-05 00:00:00+05:30,547.0999755859375,589.4000244140625,59556.55011026752,4604.7250778999005,7.7316853803223395,UT Sell,1165743.5370782022,1265743.5370782022
NEULANDLAB.NS,2024-11-12 00:00:00+05:30,2024-12-09 00:00:00+05:30,15316.8154296875,17037.44140625,57833.36842494986,6496.754921470543,11.233575180566135,UT Sell,1172240.2919996728,1272240.2919996728
CONCORDBIO.NS,2024-11-21 00:00:00+05:30,2024-12-09 00:00:00+05:30,1978.5823974609375,2088.431884765625,55488.47595543352,3080.6807150639215,5.551928868145928,UT Sell,1175320.9727147366,1275320.9727147366
SASKEN.NS,2024-11-12 00:00:00+05:30,2024-12-10 00:00:00+05:30,1913.2020263671875,2082.755615234375,57833.36842494986,5125.363154328254,8.862294024909545,UT Sell,1180446.3358690648,1280446.3358690648
SIS.NS,2024-11-14 00:00:00+05:30,2024-12-12 00:00:00+05:30,375.60028076171875,372.95416259765625,56771.16347285845,-399.9549908637928,-0.7045037769130902,UT Sell,1180046.380878201,1280046.380878201
CONCOR.NS,2024-12-09 00:00:00+05:30,2024-12-12 00:00:00+05:30,838.6408081054688,805.9005126953125,61449.640008458926,-2398.976233066496,-3.9039711749918493,UT Sell,1177647.4046451345,1277647.4046451345
VAISHALI.NS,2024-10-10 00:00:00+05:30,2024-12-16 00:00:00+05:30,20.17099952697754,19.709999084472656,88660.67168935055,-2026.3055792999367,-2.2854615701533354,UT Sell,1175621.0990658344,1275621.0990658344
CHEMFAB.NS,2024-12-05 00:00:00+05:30,2024-12-16 00:00:00+05:30,1009.78857421875,1088.1441650390625,63278.916968226185,4910.193135578855,7.759603626029765,UT Sell,1180531.2922014133,1280531.2922014133
SUNDRMBRAK.NS,2024-12-09 00:00:00+05:30,2024-12-17 00:00:00+05:30,1004.6843872070312,1104.1995849609375,61449.640008458926,6086.660801356717,9.905120356309416,UT Sell,1186617.95300277,1286617.95300277
POLYMED.NS,2024-10-22 00:00:00+05:30,2024-12-17 00:00:00+05:30,2519.824951171875,2775.575927734375,63087.10381766612,6403.059229318424,10.14955330304035,UT Sell,1193021.0122320885,1293021.0122320885
JIOFIN.NS,2024-11-14 00:00:00+05:30,2024-12-18 00:00:00+05:30,317.8543701171875,324.0946350097656,56771.163472858454,1114.5578970642382,1.9632465302513946,UT Sell,1194135.5701291526,1294135.5701291526
E2E.NS,2024-12-10 00:00:00+05:30,2024-12-18 00:00:00+05:30,4428.2001953125,4078.949951171875,62958.731579278116,-4965.528071229222,-7.886956974310378,UT Sell,1189170.0420579235,1289170.0420579235
HEMIPROP.NS,2024-12-16 00:00:00+05:30,2024-12-18 00:00:00+05:30,181.99000549316406,173.42999267578125,77411.73810692783,-3641.109129127828,-4.703562041325582,UT Sell,1185528.9329287957,1285528.9329287957
ASHIMASYN.NS,2024-12-17 00:00:00+05:30,2024-12-18 00:00:00+05:30,37.2400016784668,36.4900016784668,68513.23192840008,-1379.8314079027623,-2.0139633893563214,UT Sell,1184149.101520893,1284149.101520893
BAJFINANCE.NS,2024-12-05 00:00:00+05:30,2024-12-19 00:00:00+05:30,680.8388671875,687.612060546875,63278.916968226185,629.518026736856,0.9948305958727977,UT Sell,1184778.6195476297,1284778.6195476297
PAKKA.NS,2024-11-11 00:00:00+05:30,2024-12-20 00:00:00+05:30,308.1000061035156,315.95001220703125,53227.27799692813,1356.1650401559018,2.547875997405269,UT Sell,1186134.7845877856,1286134.7845877856
GRWRHITECH.NS,2024-11-14 00:00:00+05:30,2024-12-20 00:00:00+05:30,4260.8359375,4983.6474609375,56771.16347285845,9630.704340428783,16.964077801634424,UT Sell,1195765.4889282144,1295765.4889282144
HIKAL.NS,2024-11-29 00:00:00+05:30,2024-12-20 00:00:00+05:30,409.4776916503906,376.2660827636719,86691.80218270031,-7031.3335414493195,-8.110724848735984,UT Sell,1188734.155386765,1288734.155386765
SUPREMEIND.NS,2024-12-18 00:00:00+05:30,2024-12-20 00:00:00+05:30,5062.962890625,4799.7578125,64195.73859406723,-3337.303621804298,-5.19863731595529,UT Sell,1185396.8517649607,1285396.8517649607
KSOLVES.NS,2024-09-27 00:00:00+05:30,2024-12-23 00:00:00+05:30,483.73284912109375,460.7628479003906,53426.87707542897,-2536.9693909990165,-4.748489018770973,UT Sell,1182859.8823739616,1282859.8823739616
MOHITIND.NS,2024-12-20 00:00:00+05:30,2024-12-27 00:00:00+05:30,42.93000030517578,49.439998626708984,65376.053615971294,9913.766510202579,15.164216807024665,UT Sell,1192773.6488841642,1292773.6488841642
UCAL.NS,2024-11-12 00:00:00+05:30,2024-12-27 00:00:00+05:30,179.58999633789062,203.75,57833.36842494986,7780.246235486513,13.452867172319216,UT Sell,1200553.8951196508,1300553.8951196508
CHEMBOND.NS,2024-12-18 00:00:00+05:30,2024-12-27 00:00:00+05:30,568.7616577148438,582.084228515625,64195.73859406723,1503.709437735517,2.3423820189125255,UT Sell,1202057.6045573864,1302057.6045573864
ANKITMETAL.NS,2024-12-18 00:00:00+05:30,2024-12-30 00:00:00+05:30,4.380000114440918,4.619999885559082,64195.73859406724,3517.5712709551444,5.4794466860145,UT Sell,1205575.1758283414,1305575.1758283414
EMKAY.NS,2024-12-20 00:00:00+05:30,2025-01-01 00:00:00+05:30,327.341796875,304.04449462890625,65376.053615971294,-4652.890939343517,-7.117118091396724,UT Sell,1200922.284888998,1300922.284888998
SINDHUTRAD.NS,2024-11-18 00:00:00+05:30,2025-01-02 00:00:00+05:30,23.450000762939453,21.559999465942383,59556.55011026752,-4800.083295987366,-8.059706761221275,UT Sell,1196122.2015930105,1296122.2015930105
63MOONS.NS,2024-12-17 00:00:00+05:30,2025-01-02 00:00:00+05:30,939.0374755859375,900.9866333007812,68513.23192840008,-2776.2323126957053,-4.052111153648408,UT Sell,1193345.9692803146,1293345.9692803146
TECILCHEM.NS,2024-12-20 00:00:00+05:30,2025-01-03 00:00:00+05:30,23.459999084472656,24.700000762939453,65376.053615971294,3455.5165975686105,5.285599858729362,UT Sell,1196801.4858778832,1296801.4858778832
SINTERCOM.NS,2024-12-03 00:00:00+05:30,2025-01-06 00:00:00+05:30,149.6300048828125,167.8300018310547,49774.85644916043,6054.281934852566,12.16333379290877,UT Sell,1202855.7678127356,1302855.7678127356
KSOLVES.NS,2025-01-02 00:00:00+05:30,2025-01-06 00:00:00+05:30,473.79119873046875,457.0133056640625,60246.733214992266,-2133.457206866522,-3.5411998178444204,UT Sell,1200722.3106058692,1300722.3106058692
JYOTHYLAB.NS,2024-12-27 00:00:00+05:30,2025-01-06 00:00:00+05:30,385.8049621582031,385.1121520996094,68867.62760613766,-123.66918468367658,-0.1795752067879408,UT Sell,1200598.6414211856,1300598.6414211856
HIKAL.NS,2024-12-27 00:00:00+05:30,2025-01-06 00:00:00+05:30,379.29888916015625,378.0061950683594,68867.62760613766,-234.70876890687214,-0.3408114626064829,UT Sell,1200363.9326522788,1300363.9326522788
KNRCON.NS,2024-11-13 00:00:00+05:30,2025-01-06 00:00:00+05:30,307.2076416015625,328.4305114746094,56771.163472858454,3921.9304853379654,6.9083144424422205,UT Sell,1204285.8631376168,1304285.8631376168
PPAP.NS,2024-11-11 00:00:00+05:30,2025-01-06 00:00:00+05:30,218.08050537109375,213.9724884033203,53227.27799692813,-1002.6506531966079,-1.883715814388398,UT Sell,1203283.2124844203,1303283.2124844203
ARCHIES.NS,2024-10-17 00:00:00+05:30,2025-01-06 00:00:00+05:30,29.030000686645508,24.170000076293945,40273.39826846538,-6742.291957840469,-16.741303807778685,UT Sell,1196540.9205265797,1296540.9205265797
WINDMACHIN.NS,2024-12-12 00:00:00+05:30,2025-01-06 00:00:00+05:30,427.0,352.75,57710.936128693545,-10035.215474368844,-17.388758782201407,UT Sell,1186505.705052211,1286505.705052211
CENTUM.NS,2024-12-12 00:00:00+05:30,2025-01-08 00:00:00+05:30,1990.4949951171875,2034.3292236328125,57710.936128693545,1270.8971227364746,2.2021772786745553,UT Sell,1187776.6021749475,1287776.6021749475
SAPPHIRE.NS,2024-12-27 00:00:00+05:30,2025-01-08 00:00:00+05:30,330.6499938964844,339.6000061035156,68867.62760613767,1864.1043977674417,2.706793398530416,UT Sell,1189640.706572715,1289640.706572715
ASHIMASYN.NS,2025-01-02 00:00:00+05:30,2025-01-09 00:00:00+05:30,32.939998626708984,32.79999923706055,60246.733214992266,-256.05665543568466,-0.4250133439135051,UT Sell,1189384.6499172794,1289384.6499172794
VASWANI.NS,2025-01-06 00:00:00+05:30,2025-01-09 00:00:00+05:30,58.099998474121094,54.84000015258789,55680.479989712636,-3124.2388309094094,-5.611012748968092,UT Sell,1186260.41108637,1286260.41108637
LFIC.NS,2025-01-06 00:00:00+05:30,2025-01-10 00:00:00+05:30,242.20127868652344,239.3316650390625,55680.47998971263,-659.7052919875714,-1.1848053251506618,UT Sell,1185600.7057943824,1285600.7057943824
THYROCARE.NS,2025-01-06 00:00:00+05:30,2025-01-10 00:00:00+05:30,332.10345458984375,281.5489501953125,55680.479989712636,-8475.970458681339,-15.222516868114887,UT Sell,1177124.7353357011,1277124.7353357011
HONAUT.NS,2024-12-19 00:00:00+05:30,2025-01-10 00:00:00+05:30,40771.98828125,41226.87890625,63908.43499496304,713.0225717002832,1.1156939952550626,UT Sell,1177837.7579074015,1277837.7579074015
ARVINDFASN.NS,2025-01-01 00:00:00+05:30,2025-01-10 00:00:00+05:30,524.2804565429688,509.57586669921875,60723.16267662778,-1703.11364849042,-2.8047182877481203,UT Sell,1176134.644258911,1276134.644258911
DANGEE.NS,2024-12-23 00:00:00+05:30,2025-01-13 00:00:00+05:30,8.220000267028809,6.820000171661377,50889.907684429956,-8667.381179683849,-17.031630777227136,UT Sell,1167467.2630792272,1267467.2630792272
BETA.NS,2025-01-03 00:00:00+05:30,2025-01-13 00:00:00+05:30,2054.89990234375,1779.300048828125,68831.5702135399,-9231.578942831009,-13.411838367469143,UT Sell,1158235.6841363963,1258235.6841363963
LINDEINDIA.NS,2025-01-06 00:00:00+05:30,2025-01-13 00:00:00+05:30,6611.40380859375,6010.77099609375,55680.47998971263,-5058.4602401837765,-9.084799989364967,UT Sell,1153177.2238962124,1253177.2238962124
PAKKA.NS,2025-01-08 00:00:00+05:30,2025-01-13 00:00:00+05:30,323.0,285.45001220703125,64856.78262766756,-7539.849523096418,-11.625383217637387,UT Sell,1145637.374373116,1245637.374373116
CYBERTECH.NS,2025-01-10 00:00:00+05:30,2025-01-13 00:00:00+05:30,18542.958984375,176.15133666992188,56466.69770588926,-55930.284704781385,-99.05003652966954,Stop Loss,1089707.0896683347,1189707.0896683347
PKTEA.NS,2025-01-09 00:00:00+05:30,2025-01-16 00:00:00+05:30,754.6857299804688,815.553955078125,56273.458859179904,4538.664804160144,8.065373794629927,UT Sell,1094245.7544724948,1194245.7544724948
OILCOUNTUB.NS,2025-01-13 00:00:00+05:30,2025-01-16 00:00:00+05:30,69.19000244140625,72.5,42059.576726132575,2012.098444379757,4.783924615983115,UT Sell,1096257.8529168747,1196257.8529168747
PRUDMOULI.NS,2025-01-06 00:00:00+05:30,2025-01-16 00:00:00+05:30,69.19000244140625,55.209999084472656,55680.47998971263,-11250.372448404778,-20.205236108746494,Stop Loss,1085007.48046847,1185007.48046847
SALONA.NS,2024-12-16 00:00:00+05:30,2025-01-17 00:00:00+05:30,302.8912658691406,267.986328125,77411.73810692783,-8920.86436211539,-11.523916889442676,UT Sell,1076086.6161063546,1176086.6161063546
SUNCLAY.NS,2024-12-04 00:00:00+05:30,2025-01-20 00:00:00+05:30,2530.60205078125,2639.66015625,135186.65243313776,5825.9654829841165,4.309571528051248,UT Sell,1081912.5815893388,1181912.5815893388
VPRPL.NS,2025-01-16 00:00:00+05:30,2025-01-21 00:00:00+05:30,261.45001220703125,256.0,49771.30212505341,-1037.499298055438,-2.0845331621998975,UT Sell,1080875.0822912834,1180875.0822912834
PRSMJOHNSN.NS,2025-01-13 00:00:00+05:30,2025-01-24 00:00:00+05:30,162.17999267578125,137.5399932861328,42059.576726132575,-6390.109703189912,-15.192995746958115,UT Sell,1074484.9725880935,1174484.9725880935
FCSSOFT.NS,2025-01-14 00:00:00+05:30,2025-01-24 00:00:00+05:30,3.2200000286102295,3.009999990463257,42059.57672613258,-2743.0163473462817,-6.521740257176645,UT Sell,1071741.9562407471,1171741.9562407471
NELCO.NS,2025-01-20 00:00:00+05:30,2025-01-24 00:00:00+05:30,1185.2435302734375,1060.9305419921875,141012.61791612188,-14789.956216399776,-10.488392056657824,UT Sell,1056952.0000243473,1156952.0000243473
LYKALABS.NS,2025-01-16 00:00:00+05:30,2025-01-27 00:00:00+05:30,159.5800018310547,145.1300048828125,49771.30212505341,-4506.800072470636,-9.05501740972544,UT Sell,1052445.1999518767,1152445.1999518767
JAIBALAJI.NS,2025-01-10 00:00:00+05:30,2025-01-27 00:00:00+05:30,173.19000244140625,139.5500030517578,56466.69770588925,-10967.95224657515,-19.423753632100993,UT Sell,1041477.2477053015,1141477.2477053015
SHALPAINTS.NS,2025-01-10 00:00:00+05:30,2025-01-27 00:00:00+05:30,130.24000549316406,127.44000244140625,56466.69770588925,-1213.9659031838237,-2.149879402381305,UT Sell,1040263.2818021177,1140263.2818021178
INNOVANA.NS,2025-01-06 00:00:00+05:30,2025-01-27 00:00:00+05:30,461.1499938964844,387.75,55680.479989712636,-8862.510995317578,-15.916728801466851,UT Sell,1031400.7708068001,1131400.7708068
KILITCH.NS,2024-12-20 00:00:00+05:30,2025-01-27 00:00:00+05:30,158.38392639160156,156.6469268798828,65376.053615971294,-716.9804145925154,-1.0967018884378787,UT Sell,1030683.7903922076,1130683.7903922074
BALAMINES.NS,2025-01-09 00:00:00+05:30,2025-01-27 00:00:00+05:30,1897.175048828125,1614.44482421875,56273.458859179904,-8386.26233917108,-14.902695709814228,UT Sell,1022297.5280530364,1122297.5280530364
AKZOINDIA.NS,2024-12-18 00:00:00+05:30,2025-01-28 00:00:00+05:30,3541.640625,3454.640625,64195.73859406724,-1576.961032765379,-2.4564886506518446,UT Sell,1020720.5670202711,1120720.567020271
FSL.NS,2025-01-24 00:00:00+05:30,2025-01-28 00:00:00+05:30,357.0604248046875,314.3757629394531,67069.56303381702,-8017.80712918123,-11.95446453876341,UT Sell,1012702.7598910899,1112702.75989109
BERGEPAINT.NS,2025-01-08 00:00:00+05:30,2025-01-29 00:00:00+05:30,458.870361328125,455.7413330078125,64856.78262766756,-442.25717481283937,-0.6818981097964194,UT Sell,1012260.502716277,1112260.502716277
TRF.NS,2025-01-24 00:00:00+05:30,2025-01-31 00:00:00+05:30,410.75,389.1000061035156,67069.56303381702,-3535.1323927498815,-5.270844527445984,UT Sell,1008725.3703235271,1108725.3703235271
BETA.NS,2025-01-29 00:00:00+05:30,2025-01-31 00:00:00+05:30,1910.5,1883.6500244140625,64414.52545285472,-905.2752869871256,-1.4053899809441273,UT Sell,1007820.0950365401,1107820.0950365402
PGHL.NS,2025-01-10 00:00:00+05:30,2025-02-03 00:00:00+05:30,4992.9033203125,4954.3056640625,56466.69770588926,-436.5160003715355,-0.7730503431335078,UT Sell,1007383.5790361685,1107383.5790361685
NHPC.NS,2025-01-31 00:00:00+05:30,2025-02-06 00:00:00+05:30,77.16070556640625,74.34442138671875,63521.840403467366,-2318.480020105024,-3.6498942810518242,UT Sell,1005065.0990160635,1105065.0990160634
ARIHANTCAP.NS,2025-01-28 00:00:00+05:30,2025-02-10 00:00:00+05:30,89.84634399414062,85.71536254882812,54872.128496226025,-2522.9267503360606,-4.597829206697501,UT Sell,1002542.1722657274,1102542.1722657275
ONELIFECAP.NS,2025-01-28 00:00:00+05:30,2025-02-10 00:00:00+05:30,16.139999389648438,14.869999885559082,54872.128496226025,-4317.693842245702,-7.868646543468172,UT Sell,998224.4784234817,1098224.4784234818
BOROLTD.NS,2025-01-28 00:00:00+05:30,2025-02-10 00:00:00+05:30,379.0,346.8500061035156,54872.128496226025,-4654.719251294919,-8.48284799379535,UT Sell,993569.7591721867,1093569.7591721867
RUBYMILLS.NS,2025-01-28 00:00:00+05:30,2025-02-10 00:00:00+05:30,215.2543182373047,210.55137634277344,54872.128496226025,-1198.862973157673,-2.1848304522033124,UT Sell,992370.896199029,1092370.896199029
CLEDUCATE.NS,2025-01-13 00:00:00+05:30,2025-02-10 00:00:00+05:30,107.76000213623047,112.01000213623047,42059.576726132575,1658.808440446046,3.9439494392614627,UT Sell,994029.7046394751,1094029.704639475
PIGL.NS,2025-01-06 00:00:00+05:30,2025-02-10 00:00:00+05:30,342.6835021972656,272.0693359375,55680.47998971263,-11473.650310582401,-20.606234559583967,Stop Loss,982556.0543288927,1082556.0543288928
ITI.NS,2024-12-30 00:00:00+05:30,2025-02-10 00:00:00+05:30,379.20001220703125,293.25,67713.30986502238,-15347.994784081522,-22.666141730002177,Stop Loss,967208.0595448113,1067208.0595448113
EPIGRAL.NS,2025-01-27 00:00:00+05:30,2025-02-10 00:00:00+05:30,1782.249755859375,1863.240478515625,50896.70300506416,2312.897361129406,4.544297026271571,UT Sell,969520.9569059407,1069520.9569059405
HEMIPROP.NS,2025-01-31 00:00:00+05:30,2025-02-10 00:00:00+05:30,149.7899932861328,146.3300018310547,63521.840403467366,-1467.287768596092,-2.3098949263378077,UT Sell,968053.6691373446,1068053.6691373447
GREENPANEL.NS,2025-02-03 00:00:00+05:30,2025-02-11 00:00:00+05:30,375.7821350097656,328.52838134765625,56030.18170551772,-7045.66863958809,-12.574773854239075,UT Sell,961008.0004977565,1061008.0004977565
BSHSL.NS,2025-01-27 00:00:00+05:30,2025-02-11 00:00:00+05:30,151.42999267578125,146.1199951171875,50896.70300506416,-1784.7281368889962,-3.5065692500974355,UT Sell,959223.2723608676,1059223.2723608676
LT.NS,2025-01-17 00:00:00+05:30,2025-02-11 00:00:00+05:30,3535.675048828125,3209.715087890625,68490.87374481244,-6314.291393332052,-9.219171910199641,UT Sell,952908.9809675355,1052908.9809675356
SALONA.NS,2025-01-24 00:00:00+05:30,2025-02-11 00:00:00+05:30,278.9407958984375,265.1979064941406,67069.56303381703,-3304.391472030744,-4.926812286468374,UT Sell,949604.5894955047,1049604.5894955047
BTML.NS,2025-01-06 00:00:00+05:30,2025-02-14 00:00:00+05:30,11.329999923706055,8.9399995803833,55680.479989712636,-11745.486953918662,-21.09444271329688,Stop Loss,937859.102541586,1037859.102541586
VARROC.NS,2025-02-10 00:00:00+05:30,2025-02-14 00:00:00+05:30,556.343994140625,485.22265625,51372.11045506493,-6567.255626571321,-12.783698330469962,UT Sell,931291.8469150147,1031291.8469150147
DCM.NS,2025-02-11 00:00:00+05:30,2025-02-18 00:00:00+05:30,107.8499984741211,98.41000366210938,55082.07046048729,-4821.274610464025,-8.752892856347028,UT Sell,926470.5723045507,1026470.5723045507
EXCEL.NS,2025-01-16 00:00:00+05:30,2025-02-24 00:00:00+05:30,0.9399999976158142,0.8299999833106995,49771.3021250534,-5824.302084708812,-11.702129211076095,UT Sell,920646.2702198419,1020646.2702198419
SUNCLAY.NS,2025-02-06 00:00:00+05:30,2025-02-25 00:00:00+05:30,2354.63818359375,2263.971923828125,61203.36038336234,-2356.6592140189678,-3.8505389234471,UT Sell,918289.6110058229,1018289.6110058229
HGS.NS,2025-02-14 00:00:00+05:30,2025-02-27 00:00:00+05:30,594.0,538.4000244140625,44369.92393214379,-4153.142571341916,-9.360265250157829,UT Sell,914136.468434481,1014136.468434481
INGERRAND.NS,2025-02-14 00:00:00+05:30,2025-02-27 00:00:00+05:30,3461.466796875,3275.8291015625,44369.92393214379,-2379.54916320162,-5.362977783871658,UT Sell,911756.9192712794,1011756.9192712794
TARMAT.NS,2025-01-27 00:00:00+05:30,2025-02-27 00:00:00+05:30,67.94000244140625,60.16999816894531,50896.70300506416,-5820.83581973063,-11.436567549673038,UT Sell,905936.0834515487,1005936.0834515487
REDTAPE.NS,2025-02-11 00:00:00+05:30,2025-02-27 00:00:00+05:30,174.91004943847656,151.15621948242188,55082.07046048729,-7480.474332642974,-13.580597588482156,UT Sell,898455.6091189057,998455.6091189057
DYNPRO.NS,2025-02-10 00:00:00+05:30,2025-02-28 00:00:00+05:30,332.3999938964844,267.04998779296875,51372.110455064925,-10099.782772061233,-19.66005033197048,UT Sell,888355.8263468446,988355.8263468446
SIGNATURE.NS,2025-02-10 00:00:00+05:30,2025-02-28 00:00:00+05:30,1325.949951171875,1045.1500244140625,51372.11045506493,-10879.20765065636,-21.177264383896343,Stop Loss,877476.6186961882,977476.6186961882
NEWGEN.NS,2025-02-27 00:00:00+05:30,2025-02-28 00:00:00+05:30,985.1238403320312,931.6856079101562,43721.15486073048,-2371.6624647039716,-5.42451925677323,UT Sell,875104.9562314842,975104.9562314842
OBCL.NS,2025-02-10 00:00:00+05:30,2025-03-03 00:00:00+05:30,55.349998474121094,52.900001525878906,51372.110455064925,-2273.920818597966,-4.426372205570495,UT Sell,872831.0354128862,972831.0354128862
URAVIDEF.NS,2025-01-13 00:00:00+05:30,2025-03-04 00:00:00+05:30,417.54998779296875,384.75,42059.57672613258,-3303.9244246813323,-7.855343971230521,UT Sell,869527.1109882048,969527.1109882048
TIJARIA.NS,2025-02-10 00:00:00+05:30,2025-03-06 00:00:00+05:30,10.579999923706055,8.220000267028809,51372.110455064925,-11459.183734499537,-22.306235101092188,Stop Loss,858067.9272537053,958067.9272537053
ATLANTAA.NS,2025-02-24 00:00:00+05:30,2025-03-07 00:00:00+05:30,35.0099983215332,32.0,43947.00004034459,-3778.3605455501165,-8.59753917692101,UT Sell,854289.5667081552,954289.5667081552
DOLPHIN.NS,2025-02-28 00:00:00+05:30,2025-03-10 00:00:00+05:30,228.4499969482422,269.6099853515625,41038.240961146264,7393.887260309908,18.01706673370871,UT Sell,861683.4539684651,961683.4539684651
WONDERLA.NS,2025-02-28 00:00:00+05:30,2025-03-10 00:00:00+05:30,637.2709350585938,636.8722534179688,41038.24096114626,-25.67384190093435,-0.06256077575361729,UT Sell,861657.7801265642,961657.7801265642
SPECIALITY.NS,2025-03-03 00:00:00+05:30,2025-03-11 00:00:00+05:30,129.7470245361328,123.45854187011719,49098.18963646696,-2379.654682375287,-4.846725917991568,UT Sell,859278.125444189,959278.125444189
EMUDHRA.NS,2025-02-10 00:00:00+05:30,2025-03-12 00:00:00+05:30,703.619384765625,814.4334716796875,51372.110455064925,8090.671798109477,15.74915207189389,UT Sell,867368.7972422984,967368.7972422984
ASIANPAINT.NS,2025-03-06 00:00:00+05:30,2025-03-12 00:00:00+05:30,2243.4677734375,2227.242919921875,39912.92672056539,-288.6519686568936,-0.7232042157113261,UT Sell,867080.1452736415,967080.1452736415
LAL.NS,2025-03-10 00:00:00+05:30,2025-03-17 00:00:00+05:30,12.869999885559082,13.640000343322754,44722.34767035075,2675.6976289545782,5.982909592933705,UT Sell,869755.842902596,969755.842902596
ADVANIHOTR.NS,2025-03-10 00:00:00+05:30,2025-03-17 00:00:00+05:30,61.01350784301758,57.91440963745117,44722.34767035075,-2271.610866408533,-5.079364086949589,UT Sell,867484.2320361874,967484.2320361874
EIHOTEL.NS,2025-02-27 00:00:00+05:30,2025-03-19 00:00:00+05:30,328.2955017089844,360.6170654296875,43721.15486073047,4304.463769432012,9.84526548565212,UT Sell,871788.6958056195,971788.6958056195
NACLIND.NS,2025-03-12 00:00:00+05:30,2025-03-19 00:00:00+05:30,79.58000183105469,104.76000213623047,49543.52850254145,15676.125083056497,31.64111551370903,UT Sell,887464.820888676,987464.820888676
LGHL.NS,2025-02-18 00:00:00+05:30,2025-03-19 00:00:00+05:30,233.75,240.625,50260.79585002326,1478.25870147127,2.941176470588225,UT Sell,888943.0795901472,988943.0795901472
HAPPSTMNDS.NS,2025-02-11 00:00:00+05:30,2025-03-19 00:00:00+05:30,697.4501953125,634.4413452148438,55082.07046048729,-4976.2089738297655,-9.034171976885673,UT Sell,883966.8706163175,983966.8706163175
FLUOROCHEM.NS,2025-01-21 00:00:00+05:30,2025-03-19 00:00:00+05:30,3820.532470703125,3834.870849609375,48733.80282699797,182.89694848408544,0.37529792028208053,UT Sell,884149.7675648016,984149.7675648016
ZODIAC.NS,2025-02-11 00:00:00+05:30,2025-03-25 00:00:00+05:30,451.94744873046875,412.62164306640625,55082.07046048729,-4792.917416810473,-8.70141114293922,UT Sell,879356.8501479911,979356.8501479911
KANANIIND.NS,2025-02-27 00:00:00+05:30,2025-03-26 00:00:00+05:30,2.380000114440918,2.0399999618530273,43721.15486073047,-6245.8817685641625,-14.28572001004964,UT Sell,873110.968379427,973110.968379427
GREENPANEL.NS,2025-03-19 00:00:00+05:30,2025-03-28 00:00:00+05:30,231.3000030517578,226.89999389648438,52801.37760587891,-1004.4381401280407,-1.9022953295373957,UT Sell,872106.5302392989,972106.5302392989
LT.NS,2025-03-19 00:00:00+05:30,2025-04-01 00:00:00+05:30,3288.876953125,3405.04345703125,52801.37760587891,1864.9987595554703,3.5321024642126497,UT Sell,873971.5289988545,973971.5289988545
INFY.NS,2025-03-25 00:00:00+05:30,2025-04-01 00:00:00+05:30,1581.6422119140625,1482.6226806640625,50289.153043676815,-3148.378516856981,-6.26055188108372,UT Sell,870823.1504819975,970823.1504819975
MASKINVEST.NS,2025-04-01 00:00:00+05:30,2025-04-02 00:00:00+05:30,177.91000366210938,174.35000610351562,50903.575446127106,-1018.5858050797178,-2.001010334053488,UT Sell,869804.5646769179,969804.5646769179
MPSLTD.NS,2025-03-17 00:00:00+05:30,2025-04-03 00:00:00+05:30,2636.34716796875,2448.16259765625,44924.39105162377,-3206.73897934096,-7.138080014609471,UT Sell,866597.8256975769,966597.8256975769
TIMKEN.NS,2025-02-11 00:00:00+05:30,2025-04-03 00:00:00+05:30,2789.280517578125,2549.511962890625,55082.070460487295,-4734.894299901178,-8.596071753144653,UT Sell,861862.9313976757,961862.9313976757
MARATHON.NS,2025-03-12 00:00:00+05:30,2025-04-04 00:00:00+05:30,382.6964416503906,483.73712158203125,49543.52850254145,13080.633267770274,26.402304525200048,UT Sell,874943.5646654459,974943.5646654459
ORIENTELEC.NS,2025-03-19 00:00:00+05:30,2025-04-04 00:00:00+05:30,218.3345947265625,201.65185546875,52801.37760587891,-4034.5031723230204,-7.640905134024045,UT Sell,870909.061493123,970909.061493123
CMSINFO.NS,2025-02-28 00:00:00+05:30,2025-04-04 00:00:00+05:30,448.0779113769531,452.628662109375,41038.240961146264,416.79092043912533,1.015615949118609,UT Sell,871325.8524135621,971325.8524135621
SALONA.NS,2025-03-07 00:00:00+05:30,2025-04-07 00:00:00+05:30,237.5727081298828,234.06727600097656,40168.63949479447,-592.6961921170005,-1.475519707840267,UT Sell,870733.1562214452,970733.1562214452
TFL.NS,2025-04-04 00:00:00+05:30,2025-04-08 00:00:00+05:30,13.979999542236328,13.960000038146973,50948.68936181767,-72.88616270411876,-0.14305797384994712,UT Sell,870660.2700587411,970660.2700587411
SUNCLAY.NS,2025-03-04 00:00:00+05:30,2025-04-09 00:00:00+05:30,2242.39892578125,1982.7301025390625,38755.65230145125,-4487.887731035662,-11.57995663736412,UT Sell,866172.3823277054,966172.3823277054
URJA.NS,2025-04-02 00:00:00+05:30,2025-04-09 00:00:00+05:30,11.970000267028809,11.75,49884.98964104739,-916.8513614815383,-1.8379303435338779,UT Sell,865255.5309662238,965255.5309662238
TECILCHEM.NS,2025-04-04 00:00:00+05:30,2025-04-15 00:00:00+05:30,25.360000610351562,40.04999923706055,50948.68936181767,29512.46682747414,57.92586069857093,UT Sell,894767.997793698,994767.997793698
LALPATHLAB.NS,2025-04-09 00:00:00+05:30,2025-04-17 00:00:00+05:30,1322.283447265625,1345.2569580078125,41617.95142499072,723.0752650704526,1.7374119588122294,UT Sell,895491.0730587684,995491.0730587684
RAMANEWS.NS,2025-01-28 00:00:00+05:30,2025-04-21 00:00:00+05:30,15.390000343322754,39.900001525878906,54872.12849622602,87388.9476497244,159.25926339040197,UT Sell,982880.0207084928,1082880.020708493
SADHNANIQ.NS,2025-04-04 00:00:00+05:30,2025-04-23 00:00:00+05:30,18.520000457763672,22.93000030517578,50948.68936181767,12131.949608957722,23.812093619918983,UT Sell,995011.9703174506,1095011.9703174506
BERGEPAINT.NS,2025-04-08 00:00:00+05:30,2025-04-25 00:00:00+05:30,531.9796752929688,548.816650390625,50875.80319911355,1610.2018015349895,3.1649658585892304,UT Sell,996622.1721189856,1096622.1721189856
IIFLCAPS.NS,2025-04-03 00:00:00+05:30,2025-04-25 00:00:00+05:30,224.87586975097656,226.4611053466797,46032.41411643446,324.5000074677955,0.7049380609216005,UT Sell,996946.6721264534,1096946.6721264534
ZEEL.NS,2025-04-03 00:00:00+05:30,2025-04-25 00:00:00+05:30,105.18242645263672,106.00515747070312,46032.41411643446,360.0629516483168,0.7821943701183498,UT Sell,997306.7350781017,1097306.7350781017
NSIL.NS,2025-04-01 00:00:00+05:30,2025-04-25 00:00:00+05:30,6325.2998046875,7088.5,50903.575446127106,6141.941081401143,12.065834330048887,UT Sell,1003448.6761595029,1103448.676159503
JASH.NS,2025-02-27 00:00:00+05:30,2025-04-25 00:00:00+05:30,553.3231201171875,607.7146606445312,43721.15486073047,4297.779868670674,9.829977918837773,UT Sell,1007746.4560281736,1107746.4560281737
JUBLFOOD.NS,2025-03-17 00:00:00+05:30,2025-04-25 00:00:00+05:30,617.5733032226562,693.0916137695312,44924.39105162377,5493.459799609613,12.228234308834441,UT Sell,1013239.9158277832,1113239.9158277833
PKTEA.NS,2025-02-25 00:00:00+05:30,2025-04-25 00:00:00+05:30,680.735107421875,700.0591430664062,58846.701169343374,1670.4820106402112,2.8387011972566656,UT Sell,1014910.3978384234,1114910.3978384235
NELCO.NS,2025-03-19 00:00:00+05:30,2025-04-25 00:00:00+05:30,823.0927124023438,812.2546997070312,52801.37760587891,-695.2582524418831,-1.3167426381020642,UT Sell,1014215.1395859815,1114215.1395859816
PREMEXPLN.NS,2025-04-28 00:00:00+05:30,2025-04-30 00:00:00+05:30,438.1319274902344,415.85064697265625,51667.62510427713,-2627.5666674648382,-5.085518566339764,UT Sell,1011587.5729185167,1111587.5729185166
NDGL.NS,2025-02-10 00:00:00+05:30,2025-04-30 00:00:00+05:30,3503.9248046875,3916.96826171875,51372.11045506494,6055.756124950196,11.788022861640357,UT Sell,1017643.329043467,1117643.329043467
NUVAMA.NS,2025-04-25 00:00:00+05:30,2025-04-30 00:00:00+05:30,1138.6217041015625,1107.104248046875,51667.62510427713,-1430.178344403721,-2.7680357700151648,UT Sell,1016213.1506990632,1116213.1506990632
VAISHALI.NS,2025-03-28 00:00:00+05:30,2025-05-02 00:00:00+05:30,12.579999923706055,12.420000076293945,51796.93946575087,-658.7839794273095,-1.271858890162647,UT Sell,1015554.3667196359,1115554.366719636
PAYTM.NS,2025-03-11 00:00:00+05:30,2025-05-02 00:00:00+05:30,713.3499755859375,831.3499755859375,46718.53495409167,7728.025952555297,16.541670153289935,UT Sell,1023282.3926721911,1123282.3926721911
KSOLVES.NS,2025-04-23 00:00:00+05:30,2025-05-05 00:00:00+05:30,434.2381896972656,400.2010498046875,63080.63897077539,-4944.485731801622,-7.8383570814689385,UT Sell,1018337.9069403895,1118337.9069403894
INDOTHAI.NS,2025-02-10 00:00:00+05:30,2025-05-06 00:00:00+05:30,209.42654418945312,185.5494842529297,51372.11045506493,-5857.017624717417,-11.401162173083268,UT Sell,1012480.8893156721,1112480.8893156722
COCHINSHIP.NS,2025-04-28 00:00:00+05:30,2025-05-06 00:00:00+05:30,1493.1038818359375,1473.820068359375,51667.62510427713,-667.300418550054,-1.291525238876945,UT Sell,1011813.5888971221,1111813.588897122
RSYSTEMS.NS,2025-05-02 00:00:00+05:30,2025-05-06 00:00:00+05:30,314.6445007324219,300.2811279296875,52792.358196485264,-2409.9462096000716,-4.564952754394136,UT Sell,1009403.642687522,1109403.6426875219
ASIANPAINT.NS,2025-03-19 00:00:00+05:30,2025-05-07 00:00:00+05:30,2256.32861328125,2309.158203125,52801.3776058789,1236.2893887371247,2.3413960862253447,UT Sell,1010639.9320762592,1110639.932076259
PROZONER.NS,2025-04-30 00:00:00+05:30,2025-05-09 00:00:00+05:30,34.459999084472656,35.290000915527344,52235.12392556695,1258.1326075288453,2.4085950467383377,UT Sell,1011898.064683788,1111898.064683788
HARDWYN.NS,2025-04-30 00:00:00+05:30,2025-05-09 00:00:00+05:30,12.930000305175781,13.949999809265137,52235.12392556695,4120.6341254916115,7.88862706894955,UT Sell,1016018.6988092796,1116018.6988092796
XPROINDIA.NS,2025-05-07 00:00:00+05:30,2025-05-09 00:00:00+05:30,1019.531005859375,985.5865478515625,54037.666994616025,-1799.1402984284578,-3.3294189007229136,UT Sell,1014219.5585108511,1114219.558510851
SALONA.NS,2025-04-15 00:00:00+05:30,2025-05-12 00:00:00+05:30,246.3661651611328,242.59185791015625,80461.15618929181,-1232.657597396057,-1.5319909081297878,UT Sell,1012986.900913455,1112986.900913455
POLYMED.NS,2025-05-06 00:00:00+05:30,2025-05-14 00:00:00+05:30,2776.424560546875,2347.876953125,48965.94316765326,-7558.007549652284,-15.435233267691007,UT Sell,1005428.8933638028,1105428.8933638027
NESCO.NS,2025-04-09 00:00:00+05:30,2025-05-19 00:00:00+05:30,942.061279296875,930.371337890625,41617.95142499072,-516.4328736336756,-1.2408897025228516,UT Sell,1004912.4604901691,1104912.460490169
SINTERCOM.NS,2025-04-21 00:00:00+05:30,2025-05-19 00:00:00+05:30,126.93000030517578,126.5999984741211,142261.0761459504,-369.8606751997431,-0.259987260900707,UT Sell,1004542.5998149693,1104542.5998149693
GREENPANEL.NS,2025-05-12 00:00:00+05:30,2025-05-19 00:00:00+05:30,231.80999755859375,247.5399932861328,79228.49859189575,5376.230350180835,6.7857279207999,UT Sell,1009918.8301651502,1109918.83016515
NIBE.NS,2025-05-14 00:00:00+05:30,2025-05-21 00:00:00+05:30,1512.205810546875,1588.7352294921875,41407.93561800098,2095.564790499324,5.060780643187468,UT Sell,1012014.3949556495,1112014.3949556495
HIKAL.NS,2025-05-19 00:00:00+05:30,2025-05-26 00:00:00+05:30,403.1022033691406,377.80560302734375,89199.15432139477,-5597.675574172594,-6.275480543238688,UT Sell,1006416.7193814769,1106416.7193814768
MASKINVEST.NS,2025-05-21 00:00:00+05:30,2025-05-26 00:00:00+05:30,182.5,178.5,43503.5004085003,-953.5013788164433,-2.1917808219178103,UT Sell,1005463.2180026604,1105463.2180026604
BALKRISIND.NS,2025-04-30 00:00:00+05:30,2025-05-26 00:00:00+05:30,2657.991943359375,2476.06298828125,52235.12392556694,-3575.2860492662076,-6.844601449325283,UT Sell,1001887.9319533942,1101887.9319533943
WINDMACHIN.NS,2025-05-05 00:00:00+05:30,2025-05-26 00:00:00+05:30,342.79998779296875,364.1499938964844,58136.15323897377,3620.791338057541,6.228123355829807,UT Sell,1005508.7232914517,1105508.7232914516
NIBE.NS,2025-05-26 00:00:00+05:30,2025-05-30 00:00:00+05:30,1598.2264404296875,1757.4796142578125,59142.065057559514,5893.133368907096,9.964368615082432,UT Sell,1011401.8566603588,1111401.8566603588
CAMLINFINE.NS,2025-05-26 00:00:00+05:30,2025-05-30 00:00:00+05:30,217.5,232.39999389648438,59142.06505755951,4051.569693715486,6.850571906429592,UT Sell,1015453.4263540744,1115453.4263540744
LALPATHLAB.NS,2025-04-25 00:00:00+05:30,2025-05-30 00:00:00+05:30,1442.950439453125,1381.192138671875,51667.625104277126,-2211.3751412364218,-4.280001522758903,UT Sell,1013242.0512128379,1113242.051212838
SALONA.NS,2025-05-19 00:00:00+05:30,2025-06-02 00:00:00+05:30,256.18536376953125,249.4633026123047,89199.15432139479,-2340.5012749312154,-2.6239052295250698,UT Sell,1010901.5499379067,1110901.5499379067
PNC.NS,2025-05-06 00:00:00+05:30,2025-06-04 00:00:00+05:30,23.610000610351562,27.93000030517578,48965.94316765327,8959.46014708266,18.297329873554347,UT Sell,1019861.0100849894,1119861.0100849895
BETA.NS,2025-05-26 00:00:00+05:30,2025-06-05 00:00:00+05:30,1849.050048828125,1829.5,59142.065057559514,-625.3104183979376,-1.0573023072315002,UT Sell,1019235.6996665915,1119235.6996665914
PKTEA.NS,2025-06-05 00:00:00+05:30,2025-06-10 00:00:00+05:30,881.3155517578125,854.7512817382812,58516.754639161576,-1763.789221466628,-3.0141610421543064,UT Sell,1017471.9104451248,1117471.9104451248
HEXT.NS,2025-04-17 00:00:00+05:30,2025-06-12 00:00:00+05:30,662.7044677734375,809.8178100585938,42341.026690061175,9399.257519853367,22.19893624369691,UT Sell,1026871.1679649783,1126871.1679649781
LT.NS,2025-05-09 00:00:00+05:30,2025-06-12 00:00:00+05:30,3412.07763671875,3603.89990234375,54029.18042678064,3037.445481250419,5.621861107752157,UT Sell,1029908.6134462287,1129908.6134462287
ASTRAL.NS,2025-05-19 00:00:00+05:30,2025-06-12 00:00:00+05:30,1415.27392578125,1495.157958984375,89199.15432139477,5034.776714032618,5.644422026571849,UT Sell,1034943.3901602613,1134943.3901602612
TTL.NS,2025-05-09 00:00:00+05:30,2025-06-17 00:00:00+05:30,13.706603050231934,14.950847625732422,54029.180426780644,4904.607977512082,9.077701972841723,UT Sell,1039847.9981377734,1139847.9981377735
NIBE.NS,2025-06-10 00:00:00+05:30,2025-06-18 00:00:00+05:30,1819.6224365234375,1752.5841064453125,56752.96541769495,-2090.8865225101035,-3.6841890236420816,UT Sell,1037757.1116152633,1137757.1116152634
FINEORG.NS,2025-05-06 00:00:00+05:30,2025-06-19 00:00:00+05:30,4151.1044921875,4532.224609375,48965.94316765327,4495.64833488888,9.181173779286421,UT Sell,1042252.7599501521,1142252.7599501521
AURUM.NS,2025-05-09 00:00:00+05:30,2025-06-19 00:00:00+05:30,175.4499969482422,195.7899932861328,54029.180426780644,6263.626965716852,11.593044566362076,UT Sell,1048516.386915869,1148516.386915869
XCHANGING.NS,2025-05-30 00:00:00+05:30,2025-06-19 00:00:00+05:30,99.49919891357422,91.56199645996094,59228.36104692744,-4724.7364577628905,-7.977152118086495,UT Sell,1043791.6504581061,1143791.650458106
ASTERDM.NS,2025-05-30 00:00:00+05:30,2025-06-20 00:00:00+05:30,555.9342651367188,555.4373168945312,59228.36104692744,-52.944083061112906,-0.08938974863607063,UT Sell,1043738.706375045,1143738.706375045
LYKALABS.NS,2025-05-02 00:00:00+05:30,2025-06-23 00:00:00+05:30,112.95999908447266,111.0,52792.358196485264,-916.0142932976232,-1.7351266823284472,UT Sell,1042822.6920817473,1142822.6920817473
MASKINVEST.NS,2025-06-17 00:00:00+05:30,2025-06-23 00:00:00+05:30,152.49000549316406,151.69000244140625,58933.788404292725,-309.1822996701085,-0.5246265479304957,UT Sell,1042513.5097820773,1142513.5097820773
RATNAMANI.NS,2025-05-26 00:00:00+05:30,2025-06-24 00:00:00+05:30,2919.970458984375,2749.371337890625,59142.06505755951,-3455.37205263316,-5.842494761165762,UT Sell,1039058.1377294441,1139058.137729444
ZEEL.NS,2025-06-23 00:00:00+05:30,2025-07-01 00:00:00+05:30,146.58349609375,139.0711669921875,55250.47500390513,-2831.5585472291496,-5.1249487846557145,UT Sell,1036226.5791822149,1136226.579182215
LFIC.NS,2025-04-25 00:00:00+05:30,2025-07-02 00:00:00+05:30,200.7841796875,210.7242889404297,51667.62510427713,2557.8800041679788,4.950643655491405,UT Sell,1038784.4591863829,1138784.459186383
WSI.NS,2025-06-19 00:00:00+05:30,2025-07-04 00:00:00+05:30,81.66999816894531,97.51000213623047,56086.00782806807,10877.955264159616,19.395132022065177,UT Sell,1049662.4144505425,1149662.4144505425
GREENPANEL.NS,2025-07-04 00:00:00+05:30,2025-07-10 00:00:00+05:30,290.54998779296875,282.3999938964844,66963.96309222768,-1878.3545462577604,-2.8050229698483586,UT Sell,1047784.0599042848,1147784.0599042848
ARVIND.NS,2025-06-20 00:00:00+05:30,2025-07-11 00:00:00+05:30,345.84869384765625,332.54681396484375,59175.41696386633,-2275.9787805225205,-3.846155882454161,UT Sell,1045508.0811237623,1145508.0811237623
SUVIDHAA.NS,2025-04-25 00:00:00+05:30,2025-07-17 00:00:00+05:30,4.090000152587891,5.739999771118164,51667.625104277126,20843.901841539213,40.342287456548355,UT Sell,1066351.9829653015,1166351.9829653015
EMIL.NS,2025-05-30 00:00:00+05:30,2025-07-17 00:00:00+05:30,120.26000213623047,138.7100067138672,59228.361046927435,9086.674813158992,15.34176305496533,UT Sell,1075438.6577784605,1175438.6577784605
E2E.NS,2025-07-17 00:00:00+05:30,2025-07-23 00:00:00+05:30,2482.199951171875,2370.699951171875,70413.28140295138,-3162.9526351100358,-4.491983006742051,UT Sell,1072275.7051433504,1172275.7051433504
PFOCUS.NS,2025-04-28 00:00:00+05:30,2025-07-24 00:00:00+05:30,104.04000091552734,152.94000244140625,51667.62510427713,24284.380278783894,47.00115445556563,UT Sell,1096560.0854221343,1196560.0854221343
LYKALABS.NS,2025-07-17 00:00:00+05:30,2025-07-24 00:00:00+05:30,113.72000122070312,110.55000305175781,70413.28140295138,-1962.8031192471535,-2.7875467243384078,UT Sell,1094597.2823028872,1194597.2823028872
DEEPINDS.NS,2025-07-11 00:00:00+05:30,2025-07-25 00:00:00+05:30,448.6715393066406,448.3731384277344,56899.43818334381,-37.842476902857015,-0.06650764596466407,UT Sell,1094559.4398259844,1194559.4398259844
RBA.NS,2025-06-19 00:00:00+05:30,2025-07-25 00:00:00+05:30,79.52999877929688,81.69999694824219,56086.00782806806,1530.3223457617205,2.728527853957674,UT Sell,1096089.7621717462,1196089.7621717462
NHPC.NS,2025-06-23 00:00:00+05:30,2025-07-25 00:00:00+05:30,83.19649505615234,81.50737762451172,55250.47500390513,-1121.7364430140078,-2.030274749555949,UT Sell,1094968.025728732,1194968.025728732
FCL.NS,2025-06-02 00:00:00+05:30,2025-07-25 00:00:00+05:30,24.729244232177734,26.83894157409668,86858.65304646357,7410.07156281569,8.531184059292052,UT Sell,1102378.0972915478,1202378.0972915478
LANCORHOL.NS,2025-06-12 00:00:00+05:30,2025-07-25 00:00:00+05:30,22.98577308654785,20.775409698486328,67680.28038445767,-6508.2872476059565,-9.616223825663328,UT Sell,1095869.810043942,1195869.810043942
PRIMO.NS,2025-06-12 00:00:00+05:30,2025-07-28 00:00:00+05:30,27.440000534057617,27.520000457763672,67680.28038445767,197.3184096859186,0.2915449057909525,UT Sell,1096067.128453628,1196067.128453628
RPGLIFE.NS,2025-06-19 00:00:00+05:30,2025-07-28 00:00:00+05:30,2392.8134765625,2245.0,56086.00782806806,-3464.6527549184757,-6.17739234630389,UT Sell,1092602.4756987095,1192602.4756987095
EQUITASBNK.NS,2025-07-10 00:00:00+05:30,2025-07-28 00:00:00+05:30,65.20999908447266,59.72999954223633,65085.608545969924,-5469.546235939386,-8.403618492828945,UT Sell,1087132.92946277,1187132.92946277
TARAPUR.NS,2025-07-24 00:00:00+05:30,2025-07-28 00:00:00+05:30,26.520000457763672,24.790000915527344,72201.24183338264,-4709.959018272944,-6.5233767434942695,UT Sell,1082422.970444497,1182422.970444497
GREENPANEL.NS,2025-07-23 00:00:00+05:30,2025-07-31 00:00:00+05:30,315.0,293.8500061035156,67250.32876784135,-4515.377914210832,-6.714283776661711,UT Sell,1077907.5925302862,1177907.5925302862
NSIL.NS,2025-07-02 00:00:00+05:30,2025-08-01 00:00:00+05:30,7227.0,6544.0,54225.50510844511,-5124.674137134076,-9.450671094506713,UT Sell,1072782.918393152,1172782.918393152
PAYTM.NS,2025-06-18 00:00:00+05:30,2025-08-05 00:00:00+05:30,891.5,1053.0,54662.078895184844,9902.328369682953,18.11553561413348,UT Sell,1082685.246762835,1182685.246762835
NELCO.NS,2025-08-01 00:00:00+05:30,2025-08-06 00:00:00+05:30,869.1500244140625,845.9500122070312,49100.830971311036,-1310.6366517998395,-2.669275908111668,UT Sell,1081374.6101110352,1181374.6101110352
SUTLEJTEX.NS,2025-07-25 00:00:00+05:30,2025-08-06 00:00:00+05:30,44.310001373291016,39.84000015258789,64809.47643745857,-6537.992096817972,-10.088018691413382,UT Sell,1074836.6180142171,1174836.6180142171
CAMLINFINE.NS,2025-06-04 00:00:00+05:30,2025-08-06 00:00:00+05:30,261.1400146484375,257.25,57925.40331473593,-862.8729982815057,-1.489627950612804,UT Sell,1073973.7450159355,1173973.7450159355
TATVA.NS,2025-07-25 00:00:00+05:30,2025-08-06 00:00:00+05:30,1144.61474609375,1073.1356201171875,64809.47643745858,-4047.234885412465,-6.2448195972051534,UT Sell,1069926.510130523,1169926.510130523
LGHL.NS,2025-08-06 00:00:00+05:30,2025-08-08 00:00:00+05:30,303.3541564941406,284.1041564941406,55971.61263216309,-3551.800824558508,-6.345718226666797,UT Sell,1066374.7093059644,1166374.7093059644
PPAP.NS,2025-07-25 00:00:00+05:30,2025-08-11 00:00:00+05:30,253.92669677734375,225.18734741210938,64809.47643745857,-7335.117611313064,-11.31797078841007,UT Sell,1059039.5916946514,1159039.5916946514
LIKHITHA.NS,2025-07-28 00:00:00+05:30,2025-08-11 00:00:00+05:30,278.70001220703125,255.0,61901.57474810835,-5263.968471141721,-8.503771499452172,UT Sell,1053775.6232235096,1153775.6232235096
DIAMONDYD.NS,2025-07-28 00:00:00+05:30,2025-08-12 00:00:00+05:30,1035.578857421875,893.6500244140625,61901.57474810835,-8483.775235830064,-13.70526560972396,UT Sell,1045291.8479876795,1145291.8479876795
ORIENTELEC.NS,2025-07-25 00:00:00+05:30,2025-08-14 00:00:00+05:30,221.53155517578125,203.727783203125,64809.47643745857,-5208.5272422892085,-8.03667538853744,UT Sell,1040083.3207453904,1140083.3207453904
NHPC.NS,2025-08-05 00:00:00+05:30,2025-08-14 00:00:00+05:30,83.21602630615234,80.85931396484375,64564.4072648678,-1828.490762711881,-2.8320414299022545,UT Sell,1038254.8299826785,1138254.8299826784
ITI.NS,2025-08-06 00:00:00+05:30,2025-08-14 00:00:00+05:30,299.54998779296875,291.29998779296875,55971.61263216309,-1541.531707671078,-2.7541313090294395,UT Sell,1036713.2982750074,1136713.2982750074
USK.NS,2025-07-28 00:00:00+05:30,2025-08-18 00:00:00+05:30,36.869998931884766,34.20000076293945,61901.57474810835,-4482.698563068057,-7.241655129629876,UT Sell,1032230.5997119393,1132230.5997119392
ORISSAMINE.NS,2025-08-14 00:00:00+05:30,2025-08-20 00:00:00+05:30,4857.89990234375,4921.89990234375,58922.31554060576,776.2671669664123,1.3174417193965393,UT Sell,1033006.8668789058,1133006.8668789058
HITECH.NS,2025-08-08 00:00:00+05:30,2025-08-22 00:00:00+05:30,90.61104583740234,86.6918716430664,52419.81180760458,-2267.2994424649733,-4.325271999805336,UT Sell,1030739.5674364408,1130739.5674364408
WINDMACHIN.NS,2025-08-11 00:00:00+05:30,2025-08-22 00:00:00+05:30,328.70001220703125,319.25,57055.982551556066,-1640.3398587547563,-2.8749655783642525,UT Sell,1029099.2275776861,1129099.227577686
CURAA.NS,2025-03-26 00:00:00+05:30,2025-08-26 00:00:00+05:30,27.1299991607666,330.260009765625,37475.27309216631,418720.2462680558,1117.3240692289537,UT Sell,1447819.473845742,1547819.473845742
SHIVAMILLS.NS,2025-04-28 00:00:00+05:30,2025-08-26 00:00:00+05:30,79.20999908447266,69.36000061035156,51667.62510427713,-6425.0225264597175,-12.435296790770911,UT Sell,1441394.4513192822,1541394.4513192822
TECILCHEM.NS,2025-08-14 00:00:00+05:30,2025-09-01 00:00:00+05:30,17.81999969482422,19.0,58922.31554060576,3901.70322728865,6.621775114387396,UT Sell,1445296.1545465707,1545296.1545465707
ASIANPAINT.NS,2025-09-01 00:00:00+05:30,2025-09-08 00:00:00+05:30,2566.195068359375,2526.8564453125,62824.01876789441,-963.0641189642774,-1.5329552897950571,UT Sell,1444333.0904276064,1544333.0904276064
ASAHIINDIA.NS,2025-09-08 00:00:00+05:30,2025-09-19 00:00:00+05:30,834.25,878.5999755859375,61860.954648930136,3288.620711300973,5.316149306075824,UT Sell,1447621.7111389074,1547621.7111389074
GREENPANEL.NS,2025-08-26 00:00:00+05:30,2025-09-22 00:00:00+05:30,270.70001220703125,295.3999938964844,250719.06096901975,22876.822814457264,9.124484882018624,UT Sell,1470498.5339533647,1570498.5339533647
ARVINDFASN.NS,2025-08-18 00:00:00+05:30,2025-09-22 00:00:00+05:30,518.25,554.0499877929688,57418.876185040295,3966.4159508160665,6.907860645049446,UT Sell,1474464.9499041808,1574464.9499041808
HEMIPROP.NS,2025-08-06 00:00:00+05:30,2025-09-24 00:00:00+05:30,132.41000366210938,168.3300018310547,55971.61263216308,15183.899763274014,27.127858300350027,UT Sell,1489648.8496674548,1589648.8496674548
BLAL.NS,2025-08-20 00:00:00+05:30,2025-09-24 00:00:00+05:30,208.16000366210938,217.4199981689453,59698.582707572175,2655.6905179313035,4.4484984357835655,UT Sell,1492304.540185386,1592304.540185386
INDOCO.NS,2025-07-24 00:00:00+05:30,2025-09-26 00:00:00+05:30,321.5715637207031,285.79998779296875,72201.24183338264,-8031.656078156142,-11.123986062027335,UT Sell,1484272.88410723,1584272.88410723
LFIC.NS,2025-07-25 00:00:00+05:30,2025-09-26 00:00:00+05:30,214.2841796875,206.5500030517578,64809.47643745858,-2339.1737979363097,-3.6093082779238617,UT Sell,1481933.7103092936,1581933.7103092936
ARCHIES.NS,2025-09-22 00:00:00+05:30,2025-09-26 00:00:00+05:30,20.190000534057617,20.489999771118164,167490.58795966668,2488.709622268827,1.4858802829375461,UT Sell,1484422.4199315624,1584422.4199315624
PPAP.NS,2025-09-24 00:00:00+05:30,2025-09-29 00:00:00+05:30,233.74282836914062,215.97018432617188,66754.89281047028,-5075.71058468314,-7.603503460179373,UT Sell,1479346.7093468793,1579346.7093468793
63MOONS.NS,2025-06-24 00:00:00+05:30,2025-09-30 00:00:00+05:30,961.6582641601562,837.5499877929688,55686.69300492635,-7186.731236034102,-12.905652765910025,UT Sell,1472159.9781108452,1572159.9781108452
CENTUM.NS,2025-08-06 00:00:00+05:30,2025-10-03 00:00:00+05:30,2330.300048828125,2459.199951171875,55971.61263216309,3096.0542638859843,5.531472327289877,UT Sell,1475256.0323747313,1575256.0323747313
BETA.NS,2025-07-31 00:00:00+05:30,2025-10-06 00:00:00+05:30,1737.4000244140625,1784.199951171875,62734.950853630515,1689.8762886198601,2.693675958338715,UT Sell,1476945.908663351,1576945.908663351
SPECIALITY.NS,2025-09-29 00:00:00+05:30,2025-10-07 00:00:00+05:30,138.8699951171875,139.1999969482422,89574.59205061785,212.8593679846963,0.237633644889379,UT Sell,1477158.768031336,1577158.768031336
NELCO.NS,2025-10-03 00:00:00+05:30,2025-10-07 00:00:00+05:30,906.4500122070312,875.4000244140625,59067.66689604907,-2023.3331252496864,-3.4254495421504827,UT Sell,1475135.4349060862,1575135.4349060862
VGUARD.NS,2025-08-11 00:00:00+05:30,2025-10-08 00:00:00+05:30,362.8500061035156,356.29998779296875,57055.982551556066,-1029.9510104798537,-1.805158660705175,UT Sell,1474105.4838956064,1574105.4838956064
NORBTEAEXP.NS,2025-09-29 00:00:00+05:30,2025-10-08 00:00:00+05:30,54.0,49.97999954223633,89574.59205061785,-6668.331500879212,-7.444445292154944,UT Sell,1467437.152394727,1567437.152394727
TVSELECT.NS,2025-08-22 00:00:00+05:30,2025-10-09 00:00:00+05:30,417.3999938964844,610.25,52784.07752897046,24387.66129008353,46.202685415309965,UT Sell,1491824.8136848107,1591824.8136848107
63MOONS.NS,2025-10-06 00:00:00+05:30,2025-10-13 00:00:00+05:30,888.3499755859375,826.3499755859375,64424.827142250375,-4496.357733544079,-6.979231350696669,UT Sell,1487328.4559512665,1587328.4559512665
JUBLFOOD.NS,2025-09-24 00:00:00+05:30,2025-10-14 00:00:00+05:30,630.4000244140625,583.6500244140625,66754.89281047028,-4950.493524790334,-7.4159261087359045,UT Sell,1482377.9624264762,1582377.9624264762
ARENTERP.NS,2025-10-07 00:00:00+05:30,2025-10-17 00:00:00+05:30,46.90999984741211,46.279998779296875,73415.89259470097,-985.9750778457237,-1.3429995100500691,UT Sell,1481391.9873486306,1581391.9873486306
CAMLINFINE.NS,2025-08-22 00:00:00+05:30,2025-10-17 00:00:00+05:30,214.25,182.7100067138672,52784.07752897046,-7770.4058384057935,-14.72111705303748,UT Sell,1473621.5815102248,1573621.5815102248
PKTEA.NS,2025-08-14 00:00:00+05:30,2025-10-20 00:00:00+05:30,655.51904296875,700.0,58922.31554060577,3998.237753511581,6.785608672755283,UT Sell,1477619.8192637365,1577619.8192637365
SHALPAINTS.NS,2025-08-26 00:00:00+05:30,2025-10-23 00:00:00+05:30,74.0999984741211,79.01000213623047,250719.06096901975,16613.1111048327,6.626185915272531,UT Sell,1494232.9303685692,1594232.9303685692
GREENPANEL.NS,2025-10-17 00:00:00+05:30,2025-10-24 00:00:00+05:30,310.20001220703125,297.45001220703125,58721.79460370996,-2413.6133195817165,-4.110251288929834,UT Sell,1491819.3170489876,1591819.3170489876
ASTERDM.NS,2025-08-12 00:00:00+05:30,2025-10-24 00:00:00+05:30,600.3155517578125,702.721923828125,53417.79951227829,9112.412690315643,17.058757143714097,UT Sell,1500931.7297393032,1600931.7297393032
RELAXO.NS,2025-09-29 00:00:00+05:30,2025-10-27 00:00:00+05:30,448.5,434.95001220703125,89574.59205061785,-2706.2087599688384,-3.021178995087792,UT Sell,1498225.5209793344,1598225.5209793344
SIMBHALS.NS,2025-07-28 00:00:00+05:30,2025-10-28 00:00:00+05:30,15.729999542236328,12.140000343322754,61901.57474810836,-14127.565812096895,-22.822627484979474,Stop Loss,1484097.9551672374,1584097.9551672374
VGUARD.NS,2025-10-23 00:00:00+05:30,2025-10-30 00:00:00+05:30,370.04998779296875,369.1499938964844,267332.17207385245,-650.1751956143416,-0.24320873562301282,UT Sell,1483447.779971623,1583447.779971623
XPROINDIA.NS,2025-09-22 00:00:00+05:30,2025-10-31 00:00:00+05:30,1215.9000244140625,1108.0999755859375,167490.58795966668,-14849.488607424195,-8.865864517115496,UT Sell,1468598.291364199,1568598.291364199
JYOTHYLAB.NS,2025-09-30 00:00:00+05:30,2025-10-31 00:00:00+05:30,315.25,314.5,48499.961768892244,-115.38452443035203,-0.23790642347343294,UT Sell,1468482.9068397686,1568482.9068397686
MAANALU.NS,2025-10-08 00:00:00+05:30,2025-10-31 00:00:00+05:30,117.66999816894531,139.41000366210938,69466.14604540743,12834.14991175427,18.475402253300576,UT Sell,1481317.056751523,1581317.056751523
EMIL.NS,2025-10-08 00:00:00+05:30,2025-11-03 00:00:00+05:30,146.0,149.17999267578125,69466.14604540743,1513.026271501003,2.1780771751926276,UT Sell,1482830.083023024,1582830.083023024
PAYTM.NS,2025-10-27 00:00:00+05:30,2025-11-03 00:00:00+05:30,1306.199951171875,1274.800048828125,86868.38329064901,-2088.23982089317,-2.4039123807636953,UT Sell,1480741.8432021309,1580741.8432021309
NAVKARCORP.NS,2025-10-14 00:00:00+05:30,2025-11-04 00:00:00+05:30,128.3699951171875,114.7300033569336,61804.399285679945,-6567.044707250643,-10.625529546684264,UT Sell,1474174.7984948803,1574174.7984948803
PVSL.NS,2025-09-29 00:00:00+05:30,2025-11-06 00:00:00+05:30,148.35000610351562,148.25999450683594,89574.59205061785,-54.349522889679065,-0.06067515535986834,UT Sell,1474120.4489719907,1574120.4489719907
HGS.NS,2025-10-24 00:00:00+05:30,2025-11-06 00:00:00+05:30,521.0,503.95001220703125,59419.196743361084,-1944.5231845341987,-3.2725504401091676,UT Sell,1472175.9257874566,1572175.9257874566
LANCORHOL.NS,2025-10-31 00:00:00+05:30,2025-11-06 00:00:00+05:30,27.260000228881836,28.8799991607666,94441.99085128869,5612.469663226933,5.94276932605593,UT Sell,1477788.3954506835,1577788.3954506835
SCHNEIDER.NS,2025-10-24 00:00:00+05:30,2025-11-10 00:00:00+05:30,840.4500122070312,808.0,59419.196743361084,-2294.1919586516597,-3.861028227225216,UT Sell,1475494.203492032,1575494.203492032
WIPL.NS,2025-10-28 00:00:00+05:30,2025-11-10 00:00:00+05:30,162.0,169.22000122070312,47774.008936011465,2129.1876718264466,4.456790876977235,UT Sell,1477623.3911638584,1577623.3911638584
DENTA.NS,2025-11-10 00:00:00+05:30,2025-11-11 00:00:00+05:30,419.54998779296875,404.3999938964844,53514.10069627367,-1932.399767639763,-3.6110104486429595,UT Sell,1475690.9913962185,1575690.9913962185
ASTRAL.NS,2025-10-07 00:00:00+05:30,2025-11-13 00:00:00+05:30,1418.04248046875,1550.5999755859375,73415.89259470097,6862.859863640377,9.347921302990091,UT Sell,1482553.8512598588,1582553.8512598588
HIKAL.NS,2025-11-03 00:00:00+05:30,2025-11-14 00:00:00+05:30,243.447509765625,230.55982971191406,77879.65789333213,-4122.811174318485,-5.2938229132507235,UT Sell,1478431.0400855404,1578431.0400855404
HDIL.NS,2025-11-10 00:00:00+05:30,2025-11-18 00:00:00+05:30,2.819999933242798,2.7100000381469727,53514.10069627367,-2087.4275184710423,-3.900705592192455,UT Sell,1476343.6125670692,1576343.6125670692
PAYTM.NS,2025-11-06 00:00:00+05:30,2025-11-18 00:00:00+05:30,1320.5999755859375,1295.5,82349.7922003569,-1565.1808359445859,-1.9006494055704426,UT Sell,1474778.4317311246,1574778.4317311246
ASIANPAINT.NS,2025-11-06 00:00:00+05:30,2025-11-20 00:00:00+05:30,2598.843994140625,2859.800048828125,82349.7922003569,8268.936852458777,10.041235844700713,UT Sell,1483047.3685835835,1583047.3685835835
MANAPPURAM.NS,2025-11-06 00:00:00+05:30,2025-11-21 00:00:00+05:30,273.0360412597656,276.62994384765625,82349.7922003569,1083.9489539021888,1.316274060856082,UT Sell,1484131.3175374856,1584131.3175374856
HEMIPROP.NS,2025-11-13 00:00:00+05:30,2025-11-21 00:00:00+05:30,146.1999969482422,138.5800018310547,80278.75245834135,-4184.156734032134,-5.212035072671806,UT Sell,1479947.1608034535,1579947.1608034535
SAPPHIRE.NS,2025-11-18 00:00:00+05:30,2025-11-21 00:00:00+05:30,262.1499938964844,255.0,66105.64227110747,-1802.9942771932183,-2.727443853883016,UT Sell,1478144.1665262603,1578144.1665262603
DIAMONDYD.NS,2025-10-31 00:00:00+05:30,2025-11-24 00:00:00+05:30,1087.5,1005.4000244140625,94441.9908512887,-7129.825419014378,-7.549423042385062,UT Sell,1471014.341107246,1571014.341107246
TARC.NS,2025-10-31 00:00:00+05:30,2025-11-24 00:00:00+05:30,159.2100067138672,128.8699951171875,94441.99085128869,-17997.43092022647,-19.056598402892387,UT Sell,1453016.9101870195,1553016.9101870195
CENTUM.NS,2025-11-14 00:00:00+05:30,2025-11-24 00:00:00+05:30,2446.199951171875,2380.10009765625,73756.84671901364,-1993.0164586773171,-2.7021443395892186,UT Sell,1451023.8937283421,1551023.8937283421
ARVIND.NS,2025-11-24 00:00:00+05:30,2025-12-01 00:00:00+05:30,359.5,345.45001220703125,78506.85187455764,-3068.2067051514314,-3.908202445888387,UT Sell,1447955.6870231908,1547955.6870231908
BAJFINANCE.NS,2025-11-20 00:00:00+05:30,2025-12-01 00:00:00+05:30,1028.5999755859375,1021.0999755859375,90618.72905281567,-660.743227714891,-0.7291464299061134,UT Sell,1447294.9437954759,1547294.9437954759
ARVINDFASN.NS,2025-10-13 00:00:00+05:30,2025-12-02 00:00:00+05:30,518.0499877929688,488.8999938964844,59928.469408706296,-3372.0964359670397,-5.626868947661046,UT Sell,1443922.8473595087,1543922.8473595087
WINDMACHIN.NS,2025-09-19 00:00:00+05:30,2025-12-03 00:00:00+05:30,306.75,262.3500061035156,65149.57536023111,-9429.961689821706,-14.474325638625718,UT Sell,1434492.885669687,1534492.885669687
TVSELECT.NS,2025-11-04 00:00:00+05:30,2025-12-04 00:00:00+05:30,626.3499755859375,499.8999938964844,55237.3545784293,-11151.533084170893,-20.188390934502998,Stop Loss,1423341.3525855162,1523341.3525855162
LYKALABS.NS,2025-11-21 00:00:00+05:30,2025-12-05 00:00:00+05:30,84.37999725341797,77.43000030517578,74610.32829082751,-6145.313709495225,-8.23654559666469,UT Sell,1417196.038876021,1517196.038876021
SAPPHIRE.NS,2025-12-03 00:00:00+05:30,2025-12-05 00:00:00+05:30,256.1400146484375,244.9199981689453,55719.6136704094,-2440.7548522670695,-4.380423142745626,UT Sell,1414755.284023754,1514755.284023754
ASIANPAINT.NS,2025-12-02 00:00:00+05:30,2025-12-08 00:00:00+05:30,2954.39990234375,2928.300048828125,56556.37297273926,-499.6321076210879,-0.8834231782542279,UT Sell,1414255.651916133,1514255.651916133
DCMSHRIRAM.NS,2025-11-21 00:00:00+05:30,2025-12-08 00:00:00+05:30,1264.341796875,1198.65771484375,74610.32829082751,-3876.096587130174,-5.195120670185672,UT Sell,1410379.555329003,1510379.555329003
WINDMACHIN.NS,2025-12-04 00:00:00+05:30,2025-12-08 00:00:00+05:30,278.54998779296875,266.70001220703125,44085.82149425841,-1875.483508479796,-4.2541648196893656,UT Sell,1408504.0718205231,1508504.0718205231
ARENTERP.NS,2025-11-18 00:00:00+05:30,2025-12-08 00:00:00+05:30,47.97999954223633,50.189998626708984,66105.64227110747,3044.881414995005,4.60608400491378,UT Sell,1411548.9532355182,1511548.9532355182
MOTISONS.NS,2025-11-21 00:00:00+05:30,2025-12-08 00:00:00+05:30,16.950000762939453,16.059999465942383,74610.32829082751,-3917.5979917005025,-5.250744878684754,UT Sell,1407631.3552438177,1507631.3552438177
URJA.NS,2025-10-20 00:00:00+05:30,2025-12-08 00:00:00+05:30,12.489999771118164,11.5,62920.55329411735,-4987.296597382396,-7.926339385589398,UT Sell,1402644.0586464354,1502644.0586464354
MASKINVEST.NS,2025-11-11 00:00:00+05:30,2025-12-08 00:00:00+05:30,156.72999572753906,172.33999633789062,51581.70092863391,5137.4363869612935,9.95980414463109,UT Sell,1407781.4950333966,1507781.4950333966
BERGEPAINT.NS,2025-10-17 00:00:00+05:30,2025-12-08 00:00:00+05:30,544.9000244140625,539.0999755859375,58721.79460370996,-625.0491112436357,-1.0644244023225835,UT Sell,1407156.445922153,1507156.445922153
KSOLVES.NS,2025-10-09 00:00:00+05:30,2025-12-08 00:00:00+05:30,316.28192138671875,282.42828369140625,77171.738819054,-8260.175209645226,-10.703627177577301,UT Sell,1398896.270712508,1498896.270712508
RAJRILTD.NS,2025-04-07 00:00:00+05:30,2025-12-08 00:00:00+05:30,22.329999923706055,21.399999618530273,39575.94330267747,-1648.2597167425774,-4.164802097417253,UT Sell,1397248.0109957652,1497248.0109957652
WEIZMANIND.NS,2025-07-01 00:00:00+05:30,2025-12-09 00:00:00+05:30,125.76467895507812,100.56999969482422,52418.91645667598,-10501.18203512235,-20.03319172726803,Stop Loss,1386746.828960643,1486746.828960643
SINTERCOM.NS,2025-12-01 00:00:00+05:30,2025-12-11 00:00:00+05:30,119.94999694824219,105.37000274658203,82698.3154972535,-10052.029938419175,-12.155060085538272,UT Sell,1376694.7990222238,1476694.7990222238
MATRIMONY.NS,2025-12-08 00:00:00+05:30,2025-12-15 00:00:00+05:30,525.3499755859375,518.4500122070312,58843.29512399638,-772.8497198403929,-1.3134031977845906,UT Sell,1375921.9493023835,1475921.9493023835
BAJFINANCE.NS,2025-12-05 00:00:00+05:30,2025-12-16 00:00:00+05:30,1048.0,998.4000244140625,60871.936699737314,-2880.960471541701,-4.732822097894795,UT Sell,1373040.9888308418,1473040.9888308418
CURAA.NS,2025-12-01 00:00:00+05:30,2025-12-16 00:00:00+05:30,132.13999938964844,119.55999755859375,82698.3154972535,-7873.051045753877,-9.520207271955062,UT Sell,1365167.937785088,1465167.937785088
GAEL.NS,2025-11-03 00:00:00+05:30,2025-12-16 00:00:00+05:30,107.58000183105469,115.54000091552734,77879.65789333213,5762.427913911932,7.399143845501288,UT Sell,1370930.365699,1470930.365699
KALPATARU.NS,2025-12-08 00:00:00+05:30,2025-12-17 00:00:00+05:30,339.70001220703125,334.6000061035156,58843.29512399637,-883.4299484818766,-1.5013264410504101,UT Sell,1370046.935750518,1470046.935750518
ORIENTALTL.NS,2025-12-08 00:00:00+05:30,2025-12-17 00:00:00+05:30,8.539999961853027,8.199999809265137,58843.29512399637,-2342.7083618618562,-3.9812664415295407,UT Sell,1367704.2273886562,1467704.2273886562
WINDMACHIN.NS,2025-12-09 00:00:00+05:30,2025-12-17 00:00:00+05:30,282.0,265.79998779296875,53201.44155651546,-3056.255328536201,-5.7446851797983145,UT Sell,1364647.97206012,1464647.97206012
SALSTEEL.NS,2025-12-17 00:00:00+05:30,2025-12-22 00:00:00+05:30,40.150001525878906,41.79999923706055,54868.54605520943,2254.8685421246264,4.109583184245036,UT Sell,1366902.8406022445,1466902.8406022445
GREENPANEL.NS,2025-12-22 00:00:00+05:30,2025-12-24 00:00:00+05:30,235.72999572753906,229.41000366210938,57123.41459733406,-1531.4959213874317,-2.6810300682881483,UT Sell,1365371.3446808571,1465371.3446808571
SRD.NS,2025-06-12 00:00:00+05:30,2025-12-26 00:00:00+05:30,67.86277770996094,68.19000244140625,67680.28038445767,326.34475511155324,0.48218587933999135,UT Sell,1365697.6894359686,1465697.6894359686
PRECOT.NS,2025-12-08 00:00:00+05:30,2025-12-29 00:00:00+05:30,450.95001220703125,403.20001220703125,58843.29512399638,-6230.773403063722,-10.58875678177783,UT Sell,1359466.916032905,1459466.916032905
EXCEL.NS,2025-12-15 00:00:00+05:30,2025-12-29 00:00:00+05:30,1.190000057220459,1.5199999809265137,58070.44540415599,16103.564396214082,27.73108469228578,UT Sell,1375570.480429119,1475570.480429119
ASTRAL.NS,2025-12-16 00:00:00+05:30,2025-12-29 00:00:00+05:30,1462.9000244140625,1372.0,72152.77549564643,-4483.347422680919,-6.213686711125099,UT Sell,1371087.1330064381,1471087.1330064381
DENTA.NS,2025-12-17 00:00:00+05:30,2026-01-01 00:00:00+05:30,346.8999938964844,329.6499938964844,54868.54605520942,-2728.401372456625,-4.972614673826559,UT Sell,1368358.7316339815,1468358.7316339815
BALAMINES.NS,2025-12-09 00:00:00+05:30,2026-01-05 00:00:00+05:30,1142.199951171875,1089.699951171875,53201.44155651546,-2445.3474007343684,-4.596393122424491,UT Sell,1365913.384233247,1465913.384233247
ASAHIINDIA.NS,2025-12-26 00:00:00+05:30,2026-01-05 00:00:00+05:30,995.5,972.0999755859375,68006.62513956922,-1598.5501643233729,-2.350580051638629,UT Sell,1364314.8340689237,1464314.8340689237
ORKLAINDIA.NS,2025-12-29 00:00:00+05:30,2026-01-05 00:00:00+05:30,624.0999755859375,617.4500122070312,64818.65319808941,-690.6612512404536,-1.0655285433496364,UT Sell,1363624.1728176833,1463624.1728176833
ARVINDFASN.NS,2025-12-16 00:00:00+05:30,2026-01-06 00:00:00+05:30,513.2999877929688,494.25,72152.77549564643,-2677.7898404612206,-3.7112776633558497,UT Sell,1360946.382977222,1460946.382977222
IGPL.NS,2025-12-24 00:00:00+05:30,2026-01-06 00:00:00+05:30,396.95001220703125,382.6499938964844,55591.918675946625,-2002.6840421656234,-3.6024733268149256,UT Sell,1358943.6989350566,1458943.6989350566
HINDWAREAP.NS,2025-12-29 00:00:00+05:30,2026-01-08 00:00:00+05:30,267.8500061035156,252.4499969482422,64818.653198089414,-3726.7419448827495,-5.749489940023301,UT Sell,1355216.9569901738,1455216.9569901738
RSYSTEMS.NS,2025-12-16 00:00:00+05:30,2026-01-08 00:00:00+05:30,408.5896911621094,391.87957763671875,72152.77549564643,-2950.835754752101,-4.089705121503129,UT Sell,1352266.1212354216,1452266.1212354216
GATEWAY.NS,2025-12-09 00:00:00+05:30,2026-01-08 00:00:00+05:30,59.648040771484375,56.62543487548828,53201.44155651546,-2695.9308108757104,-5.067401807170668,UT Sell,1349570.190424546,1449570.190424546
DIAMONDYD.NS,2025-12-11 00:00:00+05:30,2026-01-08 00:00:00+05:30,1085.5999755859375,1169.5,72646.28555883432,5614.430056234516,7.728447522189619,UT Sell,1355184.6204807805,1455184.6204807805
ITI.NS,2025-11-24 00:00:00+05:30,2026-01-08 00:00:00+05:30,325.1499938964844,303.6000061035156,78506.85187455764,-5203.20384843598,-6.627706657693944,UT Sell,1349981.4166323445,1449981.4166323445
NESCO.NS,2025-11-24 00:00:00+05:30,2026-01-08 00:00:00+05:30,1282.300048828125,1198.199951171875,78506.85187455763,-5148.899366703539,-6.558535011607292,UT Sell,1344832.517265641,1444832.517265641
MCLOUD.NS,2025-12-08 00:00:00+05:30,2026-01-08 00:00:00+05:30,28.110000610351562,24.719999313354492,58843.29512399637,-7096.365793619749,-12.059769560263533,UT Sell,1337736.1514720211,1437736.1514720211
EMIL.NS,2026-01-01 00:00:00+05:30,2026-01-09 00:00:00+05:30,106.62000274658203,95.58999633789062,52140.1446827528,-5393.979695984366,-10.345156747845795,UT Sell,1332342.1717760367,1432342.1717760367
JKCEMENT.NS,2026-01-05 00:00:00+05:30,2026-01-09 00:00:00+05:30,5761.0,5718.0,60430.72035929197,-451.0538058409147,-0.746398194757858,UT Sell,1331891.1179701958,1431891.1179701958
LCCINFOTEC.NS,2026-01-06 00:00:00+05:30,2026-01-09 00:00:00+05:30,5.099999904632568,5.329999923706055,61532.11014448311,2774.97779833441,4.509804379889637,UT Sell,1334666.0957685302,1434666.0957685302
GALLANTT.NS,2025-12-29 00:00:00+05:30,2026-01-12 00:00:00+05:30,529.2000122070312,561.5499877929688,64818.65319808941,3962.361678198926,6.1129960014592255,UT Sell,1338628.457446729,1438628.457446729
ANUP.NS,2025-12-08 00:00:00+05:30,2026-01-13 00:00:00+05:30,2248.39990234375,2056.39990234375,58843.29512399638,-5024.86797478966,-8.539406170577468,UT Sell,1333603.5894719395,1433603.5894719395
VAISHALI.NS,2026-01-05 00:00:00+05:30,2026-01-13 00:00:00+05:30,9.430000305175781,8.420000076293945,60430.72035929197,-6472.432600121887,-10.710500489883168,UT Sell,1327131.1568718175,1427131.1568718175
MASKINVEST.NS,2026-01-13 00:00:00+05:30,2026-01-14 00:00:00+05:30,137.00999450683594,131.5,53888.3574541884,-2167.1744066829706,-4.021600414385118,UT Sell,1324963.9824651345,1424963.9824651345
DREDGECORP.NS,2026-01-08 00:00:00+05:30,2026-01-16 00:00:00+05:30,993.8499755859375,1128.050048828125,65352.65817416599,8824.603037670808,13.503051420116808,UT Sell,1333788.5855028052,1433788.5855028052
AEQUS.NS,2026-01-05 00:00:00+05:30,2026-01-16 00:00:00+05:30,141.0,134.97000122070312,60430.72035929197,-2584.377092188377,-4.27659487893396,UT Sell,1331204.2084106167,1431204.2084106167
TFL.NS,2025-12-08 00:00:00+05:30,2026-01-16 00:00:00+05:30,14.289999961853027,14.75,58843.29512399638,1894.186009376448,3.2190345652549857,UT Sell,1333098.3944199933,1433098.3944199933
VALIANTLAB.NS,2025-12-05 00:00:00+05:30,2026-01-16 00:00:00+05:30,71.62999725341797,64.70999908447266,60871.936699737314,-5880.688352005171,-9.660754480365574,UT Sell,1327217.7060679882,1427217.7060679882
TRIDENT.NS,2026-01-08 00:00:00+05:30,2026-01-19 00:00:00+05:30,27.110000610351562,25.170000076293945,65352.65817416599,-4676.657650518682,-7.156032793731681,UT Sell,1322541.0484174695,1422541.0484174695
63MOONS.NS,2026-01-13 00:00:00+05:30,2026-01-19 00:00:00+05:30,694.75,656.6500244140625,53888.3574541884,-2955.228648248798,-5.483983531621083,UT Sell,1319585.8197692207,1419585.8197692207
GREENPANEL.NS,2026-01-16 00:00:00+05:30,2026-01-19 00:00:00+05:30,219.27999877929688,210.6999969482422,61938.08349001134,-2423.517296218124,-3.9128064022338704,UT Sell,1317162.3024730026,1417162.3024730026
GRPLTD.NS,2026-01-08 00:00:00+05:30,2026-01-20 00:00:00+05:30,1805.699951171875,1691.800048828125,65352.65817416599,-4122.313554425884,-6.307797830410888,UT Sell,1313039.9889185766,1413039.9889185766
STEELCAS.NS,2026-01-08 00:00:00+05:30,2026-01-20 00:00:00+05:30,216.6592254638672,192.096923828125,65352.65817416599,-7408.923849582963,-11.336836261255122,UT Sell,1305631.0650689937,1405631.0650689937
KRITI.NS,2026-01-06 00:00:00+05:30,2026-01-21 00:00:00+05:30,87.73999786376953,74.02999877929688,61532.11014448311,-9614.830114953584,-15.625711668878361,UT Sell,1296016.23495404,1396016.23495404
CTE.NS,2026-01-20 00:00:00+05:30,2026-01-21 00:00:00+05:30,40.439998626708984,38.41999816894531,59587.03947216157,-2976.405813501973,-4.995055703165985,UT Sell,1293039.8291405381,1393039.8291405381
GAYAHWS.NS,2025-12-08 00:00:00+05:30,2026-01-21 00:00:00+05:30,2.9200000762939453,2.3399999141693115,58843.295123996366,-11688.05473292389,-19.863018731861402,UT Sell,1281351.7744076143,1381351.7744076143
DAVANGERE.NS,2026-01-09 00:00:00+05:30,2026-01-22 00:00:00+05:30,4.380000114440918,4.670000076293945,57010.973161012334,3774.6985410770794,6.6210035222805885,UT Sell,1285126.4729486913,1385126.4729486913
INDIACEM.NS,2025-10-30 00:00:00+05:30,2026-01-23 00:00:00+05:30,400.0,431.5,266681.9968782381,21001.207254161243,7.87500000000001,UT Sell,1306127.6802028525,1406127.6802028525
BALAMINES.NS,2026-01-08 00:00:00+05:30,2026-01-23 00:00:00+05:30,1223.5,1129.5999755859375,65352.65817416599,-5015.624191318406,-7.674705714267471,UT Sell,1301112.056011534,1401112.056011534
SINDHUTRAD.NS,2026-01-19 00:00:00+05:30,2026-01-23 00:00:00+05:30,19.530000686645508,17.920000076293945,57041.231841126704,-4702.325389175028,-8.24373043392912,UT Sell,1296409.730622359,1396409.730622359
CASTROLIND.NS,2026-01-21 00:00:00+05:30,2026-01-23 00:00:00+05:30,180.59317016601562,178.53256225585938,51894.384693087195,-592.1263771656741,-1.141022059838681,UT Sell,1295817.6042451933,1395817.6042451933
LATTEYS.NS,2026-01-09 00:00:00+05:30,2026-01-27 00:00:00+05:30,21.75,21.81999969482422,57010.97316101233,183.4827918575902,0.32183767735272095,UT Sell,1296001.0870370509,1396001.0870370509
LTTS.NS,2026-01-21 00:00:00+05:30,2026-01-29 00:00:00+05:30,3898.699951171875,3755.89990234375,51894.384693087195,-1900.7671174723,-3.662760679626087,UT Sell,1294100.3199195785,1394100.3199195785
XPROINDIA.NS,2026-01-14 00:00:00+05:30,2026-01-30 00:00:00+05:30,1021.5,943.25,51721.18304750543,-3961.9995824447396,-7.660303475281449,UT Sell,1290138.3203371337,1390138.3203371337
ORIENTELEC.NS,2026-01-22 00:00:00+05:30,2026-02-02 00:00:00+05:30,169.76319885253906,172.4499969482422,60785.671702089414,962.039052510263,1.5826740505973547,UT Sell,1291100.3593896439,1391100.3593896439
PKTEA.NS,2026-02-02 00:00:00+05:30,2026-02-06 00:00:00+05:30,688.0499877929688,672.4500122070312,61747.71075459968,-1399.9895317912888,-2.2672735793480503,UT Sell,1289700.3698578526,1389700.3698578526
AARTIPHARM.NS,2026-01-09 00:00:00+05:30,2026-02-10 00:00:00+05:30,760.1388549804688,762.7832641601562,57010.97316101233,198.33263328417524,0.3478850163179059,UT Sell,1289898.7024911367,1389898.7024911367
MASKINVEST.NS,2026-01-23 00:00:00+05:30,2026-02-11 00:00:00+05:30,146.25,141.0,112915.35072078003,-4053.371564335699,-3.589743589743588,UT Sell,1285845.330926801,1385845.330926801
VGUARD.NS,2026-01-16 00:00:00+05:30,2026-02-12 00:00:00+05:30,305.6000061035156,333.8500061035156,61938.08349001134,5725.624422926645,9.244109763018438,UT Sell,1291570.9553497278,1391570.9553497278
GATEWAY.NS,2026-01-19 00:00:00+05:30,2026-02-12 00:00:00+05:30,55.36601638793945,60.56999969482422,57041.231841126704,5361.440783917933,9.399237377710934,UT Sell,1296932.3961336457,1396932.3961336457
CENTUM.NS,2026-01-12 00:00:00+05:30,2026-02-13 00:00:00+05:30,2331.800048828125,2307.10009765625,68781.01487628833,-728.5734940481343,-1.0592654024640047,UT Sell,1296203.8226395976,1396203.8226395976
SUNTV.NS,2026-01-23 00:00:00+05:30,2026-02-13 00:00:00+05:30,560.4359741210938,575.1535034179688,112915.35072078003,2965.2539434253413,2.6260857576025254,UT Sell,1299169.076583023,1399169.076583023
ASAHIINDIA.NS,2026-01-27 00:00:00+05:30,2026-02-13 00:00:00+05:30,991.9000244140625,958.0999755859375,57194.45595286992,-1948.961948102602,-3.407606411552555,UT Sell,1297220.1146349204,1397220.1146349204
ORIENTELEC.NS,2026-02-10 00:00:00+05:30,2026-02-13 00:00:00+05:30,180.86000061035156,174.1199951171875,57209.3057942965,-2131.9862546300938,-3.726642414253256,UT Sell,1295088.1283802902,1395088.1283802902
63MOONS.NS,2026-01-30 00:00:00+05:30,2026-02-17 00:00:00+05:30,648.5,644.3499755859375,47759.18346506069,-305.63111391779967,-0.6399420838955283,UT Sell,1294782.4972663724,1394782.4972663724
VGUARD.NS,2026-02-17 00:00:00+05:30,2026-02-19 00:00:00+05:30,331.6000061035156,322.75,47453.55235114289,-1266.4783480432525,-2.6688799579674627,UT Sell,1293516.0189183292,1393516.0189183292
WINDMACHIN.NS,2026-01-16 00:00:00+05:30,2026-02-19 00:00:00+05:30,259.1000061035156,244.64999389648438,61938.08349001134,-3454.2880796120517,-5.577001878285626,UT Sell,1290061.7308387172,1390061.7308387172
ARVIND.NS,2026-01-21 00:00:00+05:30,2026-02-19 00:00:00+05:30,306.6000061035156,365.25,51894.384693087195,9926.957876458036,19.129156141204607,UT Sell,1299988.6887151753,1399988.6887151753
E2E.NS,2026-01-16 00:00:00+05:30,2026-02-23 00:00:00+05:30,2226.5,2569.5,61938.08349001134,9541.775269289865,15.405344711430491,UT Sell,1309530.4639844652,1409530.4639844652
GANGAFORGE.NS,2026-01-23 00:00:00+05:30,2026-02-23 00:00:00+05:30,3.380000114440918,3.0199999809265137,112915.35072078003,-12026.491112125412,-10.650891163474164,UT Sell,1297503.97287234,1397503.97287234
FAZE3Q.NS,2026-02-13 00:00:00+05:30,2026-02-23 00:00:00+05:30,611.2999877929688,514.8499755859375,73563.96489771982,-11606.8140913912,-15.777852794542557,UT Sell,1285897.1587809487,1385897.1587809487
MEDICAMEQ.NS,2026-02-13 00:00:00+05:30,2026-02-23 00:00:00+05:30,353.29998779296875,302.29998779296875,73563.96489771982,-10619.197111272522,-14.43532458593959,UT Sell,1275277.9616696762,1375277.9616696762
LT.NS,2026-01-29 00:00:00+05:30,2026-02-24 00:00:00+05:30,3932.89990234375,4259.2001953125,49993.617575614895,4147.812674248162,8.296684407713917,UT Sell,1279425.7743439244,1379425.7743439244
PAYTM.NS,2026-02-23 00:00:00+05:30,2026-02-24 00:00:00+05:30,1173.699951171875,1131.699951171875,74317.65924018294,-2659.4034403521946,-3.578427344915991,UT Sell,1276766.370903572,1376766.370903572
TIL.NS,2026-02-19 00:00:00+05:30,2026-02-25 00:00:00+05:30,254.72000122070312,208.77999877929688,55497.40399434805,-10009.229203728646,-18.035490821783306,UT Sell,1266757.1416998433,1366757.1416998433
CURAA.NS,2026-02-24 00:00:00+05:30,2026-02-26 00:00:00+05:30,84.76000213623047,84.55000305175781,62899.8430248469,-155.8389466232111,-0.2477572902076286,UT Sell,1266601.30275322,1366601.30275322
VAISHALI.NS,2026-01-19 00:00:00+05:30,2026-02-26 00:00:00+05:30,9.239999771118164,7.300000190734863,57041.23184112671,-11976.187075483125,-20.995666974443385,Stop Loss,1254625.115677737,1354625.115677737
JINDALPHOT.NS,2026-01-08 00:00:00+05:30,2026-02-27 00:00:00+05:30,1539.300048828125,1275.0,65352.65817416599,-11221.146104445077,-17.17014489990679,UT Sell,1243403.969573292,1343403.969573292
RSSOFTWARE.NS,2026-02-13 00:00:00+05:30,2026-02-27 00:00:00+05:30,40.93000030517578,33.720001220703125,73563.96489771982,-12958.615089374121,-17.61543862866993,UT Sell,1230445.3544839178,1330445.3544839178
IONEXCHANG.NS,2026-01-20 00:00:00+05:30,2026-03-02 00:00:00+05:30,358.3999938964844,354.45001220703125,59587.03947216157,-656.71796554701,-1.1021154455136517,UT Sell,1229788.6365183708,1329788.6365183708
MUKKA.NS,2026-01-23 00:00:00+05:30,2026-03-02 00:00:00+05:30,22.290000915527344,21.799999237060547,112915.35072078003,-2482.221135276268,-2.1983026394828853,UT Sell,1227306.4153830945,1327306.4153830945
PKTEA.NS,2026-02-11 00:00:00+05:30,2026-03-02 00:00:00+05:30,775.0499877929688,765.0,108861.97915644433,-1411.6012887841207,-1.2966889815180904,UT Sell,1225894.8140943104,1325894.8140943104
GUJALKALI.NS,2026-02-23 00:00:00+05:30,2026-03-02 00:00:00+05:30,489.95001220703125,470.1499938964844,74317.65924018293,-3003.3492746007396,-4.041232333346745,UT Sell,1222891.4648197098,1322891.4648197098
SINDHUTRAD.NS,2026-02-23 00:00:00+05:30,2026-03-02 00:00:00+05:30,25.950000762939453,24.030000686645508,74317.65924018293,-5498.647676917273,-7.398844007110772,UT Sell,1217392.8171427925,1317392.8171427925
NHPC.NS,2026-02-24 00:00:00+05:30,2026-03-02 00:00:00+05:30,75.7699966430664,73.13999938964844,62899.8430248469,-2183.2707103716966,-3.47102727984433,UT Sell,1215209.5464324208,1315209.5464324208
BAJFINANCE.NS,2026-02-12 00:00:00+05:30,2026-03-04 00:00:00+05:30,999.0999755859375,945.0999755859375,65033.19026899131,-3514.955820578405,-5.404864510013708,UT Sell,1211694.5906118425,1311694.5906118425
ORIENTELEC.NS,2026-02-26 00:00:00+05:30,2026-03-06 00:00:00+05:30,194.5,178.97999572753906,53904.52442193364,-4301.277374464706,-7.9794366439387865,UT Sell,1207393.3132373777,1307393.3132373777
ESTER.NS,2026-02-19 00:00:00+05:30,2026-03-09 00:00:00+05:30,102.4800033569336,93.83000183105469,55497.40399434806,-4684.354152111264,-8.440672562969487,UT Sell,1202708.9590852663,1302708.9590852663
TENNIND.NS,2026-02-23 00:00:00+05:30,2026-03-09 00:00:00+05:30,574.9500122070312,522.0999755859375,74317.65924018294,-6831.36086450475,-9.1921098354657,UT Sell,1195877.5982207616,1295877.5982207616
WINDMACHIN.NS,2026-02-27 00:00:00+05:30,2026-03-09 00:00:00+05:30,251.9499969482422,237.8000030517578,57368.43093903331,-3221.920847274174,-5.616191334739806,UT Sell,1192655.6773734875,1292655.6773734875
FDC.NS,2026-03-02 00:00:00+05:30,2026-03-11 00:00:00+05:30,372.04998779296875,369.04998779296875,79610.6204671836,-641.934872295853,-0.806343259892639,UT Sell,1192013.7425011916,1292013.7425011916
LGHL.NS,2026-02-12 00:00:00+05:30,2026-03-13 00:00:00+05:30,326.0,259.29998779296875,65033.19026899131,-13305.872959521184,-20.460126443874614,Stop Loss,1178707.8695416704,1278707.8695416704
PFOCUS.NS,2026-03-02 00:00:00+05:30,2026-03-13 00:00:00+05:30,275.3500061035156,257.45001220703125,79610.6204671836,-5175.338982640838,-6.500814781080855,UT Sell,1173532.5305590297,1273532.5305590297
WIPL.NS,2026-02-06 00:00:00+05:30,2026-03-16 00:00:00+05:30,158.3800048828125,147.32000732421875,60347.72122280839,-4214.203995541036,-6.983203193343246,UT Sell,1169318.3265634887,1269318.3265634887
SOLARA.NS,2026-02-13 00:00:00+05:30,2026-03-16 00:00:00+05:30,499.6000061035156,428.5,73563.96489771982,-10469.171916188818,-14.231386155904868,UT Sell,1158849.1546472998,1258849.1546472998
BAJFINANCE.NS,2026-03-16 00:00:00+05:30,2026-03-19 00:00:00+05:30,878.1500244140625,832.2000122070312,59614.15510439918,-3119.3658015175097,-5.232592487563947,UT Sell,1155729.7888457822,1255729.7888457822
IIFLCAPS.NS,2026-03-02 00:00:00+05:30,2026-03-19 00:00:00+05:30,315.95001220703125,270.95001220703125,79610.6204671836,-11338.749114134509,-14.242759380086056,UT Sell,1144391.0397316476,1244391.0397316476
MIRCELECTR.NS,2025-12-17 00:00:00+05:30,2026-03-23 00:00:00+05:30,25.790000915527344,23.3799991607666,54868.54605520943,-5127.308552928822,-9.344713723176945,UT Sell,1139263.7311787189,1239263.7311787189
ITI.NS,2026-03-16 00:00:00+05:30,2026-03-23 00:00:00+05:30,277.1499938964844,253.4499969482422,59614.15510439918,-5097.800199028687,-8.551325083952243,UT Sell,1134165.93097969,1234165.93097969
LTTS.NS,2026-03-13 00:00:00+05:30,2026-03-23 00:00:00+05:30,3430.10009765625,3075.60009765625,63081.29939700644,-6519.436750991241,-10.33497536244572,UT Sell,1127646.4942286988,1227646.4942286988
DENTA.NS,2026-03-11 00:00:00+05:30,2026-03-23 00:00:00+05:30,259.6000061035156,226.3000030517578,78968.68559488775,-10129.651038045384,-12.827427684450598,UT Sell,1117516.8431906535,1217516.8431906535
CHEMPLASTS.NS,2026-03-09 00:00:00+05:30,2026-03-23 00:00:00+05:30,236.14999389648438,259.0799865722656,57481.95276989137,5581.45581227912,9.709927278606045,UT Sell,1123098.2990029326,1223098.2990029326
TRACXN.NS,2026-03-13 00:00:00+05:30,2026-03-23 00:00:00+05:30,32.77000045776367,30.170000076293945,63081.29939700644,-5004.925242744881,-7.934087107568988,UT Sell,1118093.3737601878,1218093.3737601878
ARENTERP.NS,2026-03-06 00:00:00+05:30,2026-03-23 00:00:00+05:30,41.45000076293945,35.060001373291016,49603.24704746893,-7646.917069331059,-15.416162296821357,UT Sell,1110446.4566908567,1210446.4566908567
RANASUG.NS,2026-03-04 00:00:00+05:30,2026-03-23 00:00:00+05:30,11.829999923706055,10.800000190734863,61518.234448412906,-5356.193192169871,-8.706675736380875,UT Sell,1105090.263498687,1205090.263498687
SINTERCOM.NS,2026-02-26 00:00:00+05:30,2026-03-23 00:00:00+05:30,81.45999908447266,71.58000183105469,53904.52442193364,-6537.89048884267,-12.12864886380931,UT Sell,1098552.3730098442,1198552.3730098442
RSYSTEMS.NS,2026-03-09 00:00:00+05:30,2026-03-23 00:00:00+05:30,292.1578063964844,251.9499969482422,57481.95276989138,-7910.873346810775,-13.762360124540562,UT Sell,1090641.4996630335,1190641.4996630335
CURAA.NS,2026-02-27 00:00:00+05:30,2026-03-24 00:00:00+05:30,86.23999786376953,118.73999786376953,57368.43093903331,21619.597074478486,37.6855296904566,UT Sell,1112261.096737512,1212261.096737512
DHRUV.NS,2026-03-02 00:00:00+05:30,2026-03-27 00:00:00+05:30,30.479999542236328,27.43000030517578,79610.62046718362,-7966.28396763459,-10.00655932699127,UT Sell,1104294.8127698773,1204294.8127698773
DCXINDIA.NS,2026-03-23 00:00:00+05:30,2026-03-27 00:00:00+05:30,175.19000244140625,163.97000122070312,54585.435693749314,-3495.910991389581,-6.404475748812066,UT Sell,1100798.9017784877,1200798.9017784877
HGM.NS,2026-03-23 00:00:00+05:30,2026-03-27 00:00:00+05:30,53.849998474121094,48.5,54585.435693749314,-5423.064177265238,-9.935002090468325,UT Sell,1095375.8376012226,1195375.8376012226
JYOTHYLAB.NS,2026-03-24 00:00:00+05:30,2026-03-27 00:00:00+05:30,210.1999969482422,203.85000610351562,57635.75973371961,-1741.1348808349212,-3.020928133643186,UT Sell,1093634.7027203876,1193634.7027203876
WHEELS.NS,2026-03-09 00:00:00+05:30,2026-03-30 00:00:00+05:30,917.0,997.25,57481.95276989137,5030.454427245124,8.751363140676126,UT Sell,1098665.1571476327,1198665.1571476327
ENIL.NS,2026-02-19 00:00:00+05:30,2026-03-30 00:00:00+05:30,109.04000091552734,99.54000091552734,55497.40399434806,-4835.15529640123,-8.712399046437646,UT Sell,1093830.0018512316,1193830.0018512316
VALIANTLAB.NS,2026-03-19 00:00:00+05:30,2026-04-09 00:00:00+05:30,55.290000915527344,57.709999084472656,62383.33032796538,2730.4674021806713,4.376918301453125,UT Sell,1096560.4692534122,1196560.4692534122
ORKLAINDIA.NS,2026-03-24 00:00:00+05:30,2026-04-13 00:00:00+05:30,590.4000244140625,610.9000244140625,57635.75973371962,2001.241574666019,3.4722220786398195,UT Sell,1098561.7108280782,1198561.7108280782
JKCEMENT.NS,2026-03-24 00:00:00+05:30,2026-04-13 00:00:00+05:30,5122.5,5452.0,57635.75973371961,3707.36609707382,6.432406051732542,UT Sell,1102269.076925152,1202269.076925152
PKTEA.NS,2026-04-13 00:00:00+05:30,2026-04-15 00:00:00+05:30,772.0,769.5999755859375,60490.06356958953,-188.05392406115425,-0.3108839914588768,UT Sell,1102081.0230010909,1202081.0230010909
HITECH.NS,2026-03-24 00:00:00+05:30,2026-04-20 00:00:00+05:30,77.20999908447266,85.54000091552734,57635.75973371961,6218.1840410442965,10.78876043236463,UT Sell,1108299.207042135,1208299.207042135
WESTLIFE.NS,2026-03-30 00:00:00+05:30,2026-04-20 00:00:00+05:30,481.29998779296875,457.1000061035156,56587.327947541664,-2845.236515515222,-5.028045356997335,UT Sell,1105453.9705266198,1205453.9705266198
