Ticker,Entry_Date,Exit_Date,S_entry,K1_Long,K2_Short,Breakeven,S_expiry,HV,RSI,Debit/unit,Debit_pct,Units,PnL/unit,PnL_Total,Return_%,Win,M1_Breakout,M2_Regime,F1_RSI,F2_Volume,F3_Trend,FlexScore,Capital
ABINFRA.NS,2022-07-22,2022-09-09,1.09,5,10,5.0,1.34,0.3257,,0.0,0.0,77870861839526787797364107762631623164135615398799939878243688062231820060263702573788184513078047578317780447920128,-0.0,-2.757369718524839e+74,-100.0,False,1,1,0,1,1,2,1.3511111620771713e+76
ARCHIDPLY.NS,2022-07-27,2022-09-14,70.35,70,75,72.06,93.55,0.7754,81.1,2.06,2.923,55614028285937386545916013262716021461495449126527464849113108740741743509504,2.94,1.6372755879726567e+77,143.19,True,1,1,0,1,1,2,5.880856690418328e+78
ATGL.NS,2022-07-27,2022-09-14,2956.05,2955,3045,2995.52,3559.52,0.3617,78.4,40.52,1.371,10954311147004504742160106765143713364180186660311797413214141130412721700864,49.48,5.420592892676051e+77,122.13,True,1,1,1,0,1,2,2.2733494987407622e+79
ABINFRA.NS,2022-07-28,2022-09-15,1.2,5,10,5.0,1.27,0.3613,,0.0,0.0,560269922563651974520287286632563802793528116021325257074953619452692086848873639815892966881581567311872,-0.0,-2.7022223241543425e+74,-100.0,False,1,1,0,1,1,2,1.3240889388356279e+76
ATGL.NS,2022-07-28,2022-09-15,3001.78,3000,3090,3040.65,3596.42,0.361,78.1,40.65,1.354,11186024101259094194778255691903117649531771726436222347164632361880942280704,49.35,5.52072269365166e+77,121.42,True,1,1,1,0,1,2,2.3285567256772787e+79
APARINDS.NS,2022-07-29,2022-09-16,1084.54,1085,1115,1098.32,1241.67,0.5799,65.9,13.32,1.228,1492366009541539228790748206298104164333851215228462589317365148256466632704,16.68,2.489080437123853e+76,125.2,True,1,1,1,1,1,3,1.0188996001216207e+78
ATGL.NS,2022-07-29,2022-09-16,3122.92,3125,3215,3165.45,3523.97,0.3707,76.6,40.45,1.295,11513823716632639754469809923751529370373607328638315776726416972609971290112,49.55,5.705327893614818e+77,122.51,True,1,1,1,0,1,2,2.385610004613427e+79
20MICRONS.NS,2022-08-01,2022-09-19,101.34,100,105,102.19,104.42,0.764,81.8,2.19,2.163,912,2.22,2028.99,101.5,True,1,1,0,1,1,2,102028.99
AIAENG.NS,2022-08-01,2022-09-19,2434.5,2435,2510,2468.6,2538.54,0.3404,62.6,33.6,1.38,31940873310533310842809790506973933376030629728634690244645804763177287680,41.4,1.3223802989160163e+75,123.22,True,1,1,1,0,1,2,5.498164026761512e+76
APARINDS.NS,2022-08-01,2022-09-19,1184.74,1185,1220,1200.41,1245.33,0.6272,72.7,15.41,1.301,1322113938155623990485296768088495906473395024596917601766618145401302155264,19.59,2.5895995833014423e+76,127.08,True,1,1,1,1,1,3,1.0447955959546352e+78
ANDHRAPAP.NS,2022-08-01,2022-09-19,70.67,70,75,72.11,83.15,0.4126,79.8,2.11,2.98,7058074442471872904171223883651500238959569768553306122289425985294628290560,2.89,2.0423787688181307e+76,137.38,True,1,1,1,1,1,3,7.637530138970841e+77
ATGL.NS,2022-08-01,2022-09-19,3213.24,3215,3310,3257.62,3615.09,0.3723,76.9,42.62,1.326,11193990577458283145457398926174343069375691059539696818740022054252661702656,52.38,5.863071039358515e+77,122.88,True,1,1,1,0,1,2,2.4442407150070118e+79
ASHOKLEY.NS,2022-08-01,2022-09-19,70.16,70,75,71.85,73.39,0.2399,73.8,1.85,2.635,167585630244697968186952740904818389052226441479864184177762018365616703930368,1.54,2.584876565066893e+77,83.44,True,1,1,1,1,1,3,1.5747663362375486e+79
AIAENG.NS,2022-08-02,2022-09-20,2454.87,2455,2530,2488.64,2644.95,0.2978,72.3,33.64,1.37,32691298979998419570826189546421695966863520071430533028166075666841731072,41.36,1.352214618147579e+75,122.97,True,1,1,1,0,1,2,5.63338548857627e+76
ANDHRAPAP.NS,2022-08-02,2022-09-20,71.03,70,75,72.17,84.39,0.4125,80.4,2.17,3.061,7026132416416320704511585862776048466571822592396537279288727992217009913856,2.83,1.985560180413992e+76,129.99,True,1,1,0,1,1,2,7.83608615701224e+77
ANDHRAPAP.NS,2022-08-04,2022-09-22,73.39,75,80,76.73,85.65,0.4164,93.8,1.73,2.362,9042909628554826921553257530694496286847545138446883669952354300664328749056,3.27,2.9542375828749653e+76,188.5,True,1,1,0,1,1,2,8.131509915299737e+77
ADANIPOWER.NS,2022-08-04,2022-09-22,69.45,70,75,71.81,79.25,0.3433,84.1,1.81,2.61,1058474327034517436080099680076349913718193402525865554445720226205351804928,3.19,3.3738905888938696e+75,175.86,True,1,1,0,1,1,2,9.929794290282975e+76
20MICRONS.NS,2022-08-05,2022-09-23,105.64,105,110,107.12,103.29,0.8569,78.1,2.12,2.01,961,-2.12,-2040.27,-100.0,False,1,1,1,1,1,3,99988.72
ARCHIDPLY.NS,2022-08-05,2022-09-23,72.45,70,75,72.26,82.3,0.8018,76.6,2.26,3.113,52148787246033608656599482034616432509216603824724665025430698048968972042240,2.74,1.4312680242180148e+77,121.69,True,1,1,1,0,1,2,6.0239834928401295e+78
ASTERDM.NS,2022-08-05,2022-09-23,179.86,180,185,182.25,180.73,0.3583,68.8,2.25,1.253,110442066163188750694065501151555880351210819494582310389699695053993844670464,-1.52,-1.6823465279492831e+77,-67.58,False,1,1,1,0,1,2,1.2278907100024786e+79
ANDHRAPAP.NS,2022-08-08,2022-09-26,76.49,75,80,77.27,77.75,0.4285,92.1,2.27,2.966,7167955345080044658454620661355483189915281343587996664781241060213999534080,0.49,3.4776775013270186e+75,21.38,True,1,1,0,1,1,2,8.166286690313006e+77
20MICRONS.NS,2022-08-08,2022-09-26,108.62,110,115,112.01,94.3,0.8572,78.1,2.01,1.85,995,-2.01,-1999.55,-100.0,False,1,1,1,1,1,3,97989.16
AEGISLOG.NS,2022-08-08,2022-09-26,273.57,275,280,277.21,251.86,0.6259,86.7,2.21,0.807,558372534926097208912794722642292296792570494742585218133798793898818011136,-2.21,-1.2324682757660544e+75,-100.0,False,1,1,0,1,1,2,6.039094551253665e+76
ASPINWALL.NS,2022-08-10,2022-09-27,228.33,230,235,232.11,228.33,0.9019,76.2,2.11,0.922,153694801359350652350686967901269199667413866067491586064454266251925675573248,-2.11,-3.237133775726719e+77,-100.0,False,1,1,1,0,1,2,1.5861955501060924e+79
ANDHRAPAP.NS,2022-08-10,2022-09-27,79.76,80,85,82.01,78.32,0.4413,93.3,2.01,2.516,8137339553089975087593085400275344622610201375932442053841977199435964219392,-2.01,-1.6332573380626014e+76,-100.0,False,1,1,0,1,1,2,8.002960956506746e+77
AIAENG.NS,2022-08-10,2022-09-27,2540.11,2540,2615,2573.75,2475.16,0.3938,64.5,33.75,1.329,33379030090738243325037009364676797389267579205252168741322879721455747072,-33.75,-1.126677097715254e+75,-100.0,False,1,1,1,1,1,3,5.5207177788047445e+76
ABINFRA.NS,2022-08-10,2022-09-27,1.25,5,10,5.0,1.33,0.366,,0.0,0.0,3132355785268231735482701661644125624643565702443240078110055722334130924179761494730292639917120946176,-0.0,-2.648177877671256e+74,-100.0,False,1,1,0,1,1,2,1.2976071600589153e+76
ADOR.NS,2022-08-10,2022-09-27,797.5,800,820,808.93,849.34,0.4262,64.6,8.93,1.12,179732851743845741320591925706568459878361691994672429575659848662339551232,11.07,1.9888330068451145e+75,123.85,True,1,1,1,1,1,3,8.228003440843514e+76
AIAENG.NS,2022-08-11,2022-09-28,2597.81,2600,2675,2633.66,2441.84,0.3763,66.9,33.66,1.296,32805959231029122964226496821583417710968343254148641220711498160642457600,-33.66,-1.1041435557609488e+75,-100.0,False,1,1,1,0,1,2,5.4103034232286494e+76
APLAPOLLO.NS,2022-08-11,2022-09-28,1076.33,1075,1110,1090.73,1013.25,0.3852,75.0,15.73,1.461,2860764360519207511314871054065225024729055315877090590029910871144346419200,-15.73,-4.499867867676078e+76,-100.0,False,1,1,1,1,1,3,2.2049352551612783e+78
ADOR.NS,2022-08-11,2022-09-28,810.56,810,835,821.24,853.38,0.4106,67.8,11.24,1.387,146397984617630748603402958948371797874238973843643741030341547930012352512,13.76,2.014348927272066e+75,122.41,True,1,1,1,1,1,3,8.429438333570721e+76
ADANIENSOL.NS,2022-08-12,2022-09-29,3535.6,3535,3640,3582.25,3406.4,0.4004,77.1,47.25,1.336,100602982601544479173825015964503885453072030287114046494205117844227620864,-47.25,-4.753638031060016e+75,-100.0,False,1,1,1,0,1,2,2.329282635219408e+77
AMDIND.NS,2022-08-12,2022-09-29,70.8,70,75,72.07,78.55,0.9269,84.4,2.07,2.92,753904713053435524030645695857479569584998487882614043396583217772934201344,2.93,2.210668617374748e+75,141.81,True,1,1,0,1,1,2,8.015341601199623e+76
ARTEMISMED.NS,2022-08-12,2022-09-29,55.87,55,60,57.08,60.94,0.6638,68.8,2.08,3.725,35162109161598074812149541027564598662092881833865324740648735539575708975104,2.92,1.026432215616612e+77,140.29,True,1,1,1,1,1,3,3.761009433878119e+78
ADANIENSOL.NS,2022-08-16,2022-09-30,3581.6,3580,3690,3629.44,3289.8,0.3987,78.6,49.44,1.38,94231732148793951480001387324757215884079554200213504113183796649105817600,-49.44,-4.658565270438816e+75,-100.0,False,1,1,1,0,1,2,2.2826969825150199e+77
ARMANFIN.NS,2022-08-16,2022-09-30,1423.7,1425,1465,1442.57,1362.95,0.6488,59.1,17.57,1.234,6186011276503899492024178287753085559960290193629339017261788002331637317632,-17.57,-1.0871042570838139e+77,-100.0,False,1,1,1,1,1,3,5.326810859710689e+78
AMDIND.NS,2022-08-16,2022-09-30,80.51,80,85,82.05,77.1,0.9905,87.7,2.05,2.543,782831105299596287746158313650042949281099688397634774272538345565600088064,-2.05,-1.6030683202399247e+75,-100.0,False,1,1,0,1,1,2,7.85503476917563e+76
APOLLOTYRE.NS,2022-08-16,2022-09-30,239.06,240,245,242.26,266.34,0.2639,84.3,2.26,0.943,39655548258090286779685550633027671543862260017428447496496309142769908056064,2.74,1.0883916918790006e+77,121.69,True,1,1,0,1,1,2,4.580767774315469e+78
ABB.NS,2022-08-16,2022-09-30,2840.93,2840,2925,2878.35,3027.58,0.3232,77.2,38.35,1.35,2530689679207781684314535719986767816902314611179612806137274864140025856,46.65,1.1805417445945077e+74,121.64,True,1,1,1,1,1,3,4.970776588119984e+75
ADANIENT.NS,2022-08-16,2022-09-30,2970.45,2970,3060,3010.01,3449.47,0.2039,92.7,40.01,1.347,83155371954468044271833106428905742086439745018010307174500815243084562432,49.99,4.156866093483239e+75,124.94,True,1,1,0,1,1,2,1.705127352144275e+77
ADANIPOWER.NS,2022-08-16,2022-09-30,72.47,70,75,72.47,74.7,0.3746,78.5,2.47,3.405,804886783820709584114192897533101445137007070631226208605821042015988613120,2.23,1.7970065695812095e+75,90.49,True,1,1,1,1,1,3,1.0109494947241096e+77
AMDIND.NS,2022-08-17,2022-10-03,88.54,90,95,91.94,75.85,1.0115,91.7,1.94,2.189,810755024191916753090070528559692127434979467929642789224485784930226274304,-1.94,-1.5710069538351262e+75,-100.0,False,1,1,0,1,1,2,7.697934073792118e+76
ADANIPOWER.NS,2022-08-17,2022-10-03,76.09,75,80,77.2,70.97,0.3969,80.4,2.2,2.893,918578252581844249171085455986977930878706391005288919005816827644123021312,-2.2,-2.0218989894482194e+75,-100.0,False,1,1,0,1,1,2,9.907305048296275e+76
ADANIENSOL.NS,2022-08-17,2022-10-03,3597.65,3600,3705,3647.1,3123.65,0.3919,78.5,47.1,1.309,96921476329766769977103761497261057963149533375828429586875639132950888448,-47.1,-4.56539396503004e+75,-100.0,False,1,1,1,0,1,2,2.2370430428647195e+77
ASTRAMICRO.NS,2022-08-17,2022-10-03,282.38,280,290,284.52,298.38,0.5981,61.7,4.52,1.602,54637711052473257206472559744911867183727450135505148501076529637891311140864,5.48,2.9921729589096666e+77,121.06,True,1,1,1,0,1,2,1.2657208027579262e+79
ARCHIDPLY.NS,2022-08-17,2022-10-03,76.35,75,80,77.13,81.25,0.89,65.9,2.13,2.79,56549717192866116757569586550446345693507365178637861197558767948461372342272,2.87,1.6226891610752799e+77,134.69,True,1,1,1,1,1,3,6.186252408947658e+78
ARMANFIN.NS,2022-08-17,2022-10-03,1435.35,1435,1480,1454.79,1339.05,0.6249,63.9,19.79,1.379,5383858111008689274549013999123652884810727271980871620066252753332202373120,-19.79,-1.0653621719421377e+77,-100.0,False,1,1,1,0,1,2,5.220274642516475e+78
APOLLOTYRE.NS,2022-08-17,2022-10-03,248.47,250,255,252.22,252.24,0.2834,93.8,2.22,0.894,41222715704600536886168064340507712449733173389923352482707365331363279405056,0.02,8.948445079337052e+74,0.98,True,1,1,0,1,1,2,4.581662618823403e+78
ARTEMISMED.NS,2022-08-18,2022-10-04,57.06,55,60,57.25,60.09,0.6768,59.8,2.25,3.947,33396956298894872219571118146711115430172322796682657332880734312159005114368,2.75,9.176459281691197e+76,121.99,True,1,1,1,1,1,3,3.852774026695031e+78
ADANIPOWER.NS,2022-08-18,2022-10-04,79.89,80,85,82.02,70.5,0.4159,81.0,2.02,2.526,981786030952082315007906564148697350842806389657154102427816781213174071296,-2.02,-1.981461009659255e+75,-100.0,False,1,1,0,1,1,2,9.70915894733035e+76
AMDIND.NS,2022-08-18,2022-10-04,92.7,95,100,96.9,72.55,1.0125,92.5,1.9,2.051,809603347688878117157424785324705875901315877447673866265340147133493280768,-1.9,-1.5395868147584236e+75,-100.0,False,1,1,0,1,1,2,7.543975392316275e+76
ARMANFIN.NS,2022-08-18,2022-10-04,1447.75,1450,1490,1467.59,1367.15,0.625,64.7,17.59,1.215,5934626214459049905112231877458188813291617700791581953710857624926961008640,-17.59,-1.0440549285032951e+77,-100.0,False,1,1,1,1,1,3,5.115869149666146e+78
ADANIENSOL.NS,2022-08-18,2022-10-04,3599.55,3600,3710,3649.3,3318.6,0.3922,78.5,49.3,1.37,90753130698819160090156163326087126353772342460748996696551542305360707584,-49.3,-4.474086085729439e+75,-100.0,False,1,1,1,0,1,2,2.192302182007425e+77
APOLLOTYRE.NS,2022-08-18,2022-10-04,254.68,255,260,257.32,260.32,0.2862,94.1,2.32,0.912,39456554995432995282555077998311184929871370503479942616254635622844269068288,2.68,1.0564952260069693e+77,115.3,True,1,1,0,1,1,2,4.6873121414241e+78
ARCHIDPLY.NS,2022-08-18,2022-10-04,83.3,85,90,86.92,82.55,0.919,67.6,1.92,2.302,64519139182778252135195081607180606216826810313002485964798215752261040078848,-1.92,-1.2372504817895316e+77,-100.0,False,1,1,1,1,1,3,6.062527360768704e+78
ADANIENT.NS,2022-08-18,2022-10-04,3147.92,3150,3240,3190.3,3231.82,0.2409,96.2,40.3,1.28,84615885188465057327112050473764894036079282198118075221010990632865366016,41.52,3.5130021479455927e+75,103.01,True,1,1,0,1,1,2,1.740257373623731e+77
ASTRAMICRO.NS,2022-08-19,2022-10-06,306.16,305,315,309.5,310.97,0.5291,69.4,4.5,1.47,56248007478666662899848913202659822464424276394145849065407633779128837079040,1.47,8.271315900593925e+76,32.67,True,1,1,1,1,1,3,1.2739921186585202e+79
ADANIPOWER.NS,2022-08-19,2022-10-06,82.39,80,85,82.43,74.02,0.4062,81.4,2.43,2.954,797781710967061859502729300823419332628347850903596720589455479830325755904,-2.43,-1.9418317894660702e+75,-100.0,False,1,1,0,1,1,2,9.514975768383744e+76
ARTEMISMED.NS,2022-08-19,2022-10-06,59.84,60,65,61.96,60.79,0.6888,67.4,1.96,3.278,39277875462016061393584707612663436165155133789987965635816449907649486520320,-1.17,-4.604989627159887e+76,-59.76,False,1,1,1,1,1,3,3.806724130423432e+78
ADANIENSOL.NS,2022-08-19,2022-10-06,3635.25,3635,3745,3684.41,3358.75,0.3895,78.9,49.41,1.359,88737850422314403210171256256958393754156217648198249139027874546276368384,-49.41,-4.38460436401485e+75,-100.0,False,1,1,1,0,1,2,2.1484561383672764e+77
ABINFRA.NS,2022-08-19,2022-10-06,1.31,5,10,5.0,1.46,0.3443,,0.0,0.0,65796600065935393900052382366624065107582098049083636101106316975258607426237352340854782789191341178880,-0.0,-2.5952143201178305e+74,-100.0,False,1,1,0,1,1,2,1.271655016857737e+76
AMDIND.NS,2022-08-19,2022-10-06,101.82,100,105,102.14,72.2,1.0203,93.5,2.14,2.097,706502448908059305258532136015058898234514884071234450734086026211604037632,-2.14,-1.508795078463255e+75,-100.0,False,1,1,0,1,1,2,7.393095884469949e+76
ARMANFIN.NS,2022-08-19,2022-10-06,1457.45,1455,1500,1474.92,1404.6,0.6241,62.5,19.92,1.367,5135803363791890065088140895558370234326569873505193109734048448794402488320,-19.92,-1.0231738299332291e+77,-100.0,False,1,1,1,0,1,2,5.013551766672823e+78
ADANIPOWER.NS,2022-08-22,2022-10-07,86.5,85,90,87.29,74.57,0.4206,88.0,2.29,2.648,830791996152744879747368259386163766092270975802535338413807060273686642688,-2.29,-1.9029951536767486e+75,-100.0,False,1,1,0,1,1,2,9.324676253016069e+76
ADL.NS,2022-08-22,2022-10-07,61.9,60,65,62.35,74.15,0.3271,57.5,2.35,3.789,763072109903999381681615483659437988841510363386583129373416582844025667584,2.65,2.0254642099159776e+75,113.16,True,1,1,1,1,1,3,9.152028119011695e+76
ABINFRA.NS,2022-08-23,2022-10-10,1.43,5,10,5.0,1.35,0.4155,,0.0,0.0,674417481353312226271107035387859474958151749905933701686647073251392490614341162344051113984,-0.0,-2.543310033715474e+74,-100.0,False,1,1,0,1,1,2,1.2462219165205823e+76
ANTELOPUS.NS,2022-08-23,2022-10-10,238.6,240,245,242.18,329.4,0.6834,79.0,2.18,0.912,5538127157277398521385831159377266563417716489253774311733214062363837202432,2.82,1.563708514233089e+76,129.73,True,1,1,1,1,1,3,6.18314617345136e+77
ASTRAMICRO.NS,2022-08-23,2022-10-10,312.11,310,320,314.56,318.01,0.5442,72.8,4.56,1.461,55887460474341332213827265101428839452647764496095848435939826985491685703680,3.45,1.9275493634739475e+77,75.65,True,1,1,1,1,1,3,1.2932676122932597e+79
ADL.NS,2022-08-23,2022-10-10,63.0,65,70,66.4,70.65,0.3284,65.0,1.4,2.226,1305090035861648269346100214046996098642487105611877332953374024102924255232,3.6,4.695044555505902e+75,256.5,True,1,1,1,0,1,2,9.621532574562285e+76
APARINDS.NS,2022-08-23,2022-10-10,1305.97,1305,1345,1322.57,1372.86,0.6655,64.5,17.57,1.345,1189589915144614670639993710103203693978460305441074863789359138951168786432,22.43,2.6687684686691882e+76,127.72,True,1,1,1,1,1,3,1.071483280641327e+78
ASTRAMICRO.NS,2022-08-24,2022-10-11,327.03,325,335,329.56,301.65,0.5514,82.7,4.56,1.394,56750316130834331533029917678977782213925574245892406728670628875699344113664,-4.56,-2.5865352245865195e+77,-100.0,False,1,1,0,1,1,2,1.2674022600473945e+79
ABB.NS,2022-08-24,2022-10-11,3000.18,3000,3090,3040.49,3134.09,0.2975,77.6,40.49,1.35,2455163542209376564561613898992162821901109988671417865697560413859741696,49.51,1.215491870364442e+74,122.26,True,1,1,1,1,1,3,5.092325775156428e+75
ANTELOPUS.NS,2022-08-24,2022-10-11,245.85,245,255,249.35,323.8,0.6729,81.4,4.35,1.77,2842372112365160167807697721148752526398085959280874700572850607398468976640,5.65,1.6057428776748883e+76,129.85,True,1,1,0,1,1,2,6.343720461218848e+77
APARINDS.NS,2022-08-24,2022-10-11,1373.64,1375,1415,1392.59,1362.65,0.6187,69.6,17.59,1.281,1218121025131087578866398127708357820696502383605553167409476696644312367104,-17.59,-2.142966561282654e+76,-100.0,False,1,1,1,0,1,2,1.0500536150285004e+78
ADANIENSOL.NS,2022-08-24,2022-10-11,3700.4,3700,3810,3749.4,3154.35,0.4266,63.5,49.4,1.335,86976292955491826579561446268452197664806276637741502477223273244594798592,-49.4,-4.296912276734553e+75,-100.0,False,1,1,1,1,1,3,2.105487015599931e+77
ANIKINDS.NS,2022-08-24,2022-10-11,43.95,45,50,46.76,44.2,1.0871,73.9,1.76,4.01,10688061381481299965622862749298292566038973648277498869616138676497970888704,-1.76,-1.8837310816052822e+76,-100.0,False,1,1,1,1,1,3,9.230282299865882e+77
20MICRONS.NS,2022-08-24,2022-10-11,112.48,110,115,112.27,95.43,0.7639,67.2,2.27,2.021,861,-2.27,-1957.57,-100.0,False,1,1,1,1,1,3,96031.6
ARCHIDPLY.NS,2022-08-24,2022-10-11,91.3,90,95,92.11,82.8,0.9929,78.4,2.11,2.311,57472074762589511705907449290008445631432904784728992732589477645063949385728,-2.11,-1.2125054721537408e+77,-100.0,False,1,1,1,1,1,3,5.94127681355333e+78
ASAHIINDIA.NS,2022-08-24,2022-10-11,615.84,615,635,623.92,631.08,0.5028,59.3,8.92,1.449,8780421338669495761704520433718721743112574150355398844017093581240218419200,7.16,6.286208951803544e+76,80.22,True,1,1,1,1,1,3,3.980885207311849e+78
ADL.NS,2022-08-25,2022-10-12,63.85,65,70,66.64,69.0,0.3545,65.2,1.64,2.574,1170811193825775562177764514749345236343237118554082141473111848357074042880,2.36,2.758938260390645e+75,143.37,True,1,1,1,0,1,2,9.89742640060135e+76
ADANIENSOL.NS,2022-08-25,2022-10-12,3715.8,3715,3825,3764.45,3187.95,0.4272,60.9,49.45,1.331,85157659309532941390977112953548187662622265116264071807855895564475432960,-49.45,-4.210974031199862e+75,-100.0,False,1,1,1,0,1,2,2.0633772752879323e+77
ABINFRA.NS,2022-08-25,2022-10-12,1.5,5,10,5.0,1.29,0.4122,,0.0,0.0,78646761973398397390076507763488312977967984409989270755889327835188565186391284815035891712,-0.0,-2.492443833041165e+74,-100.0,False,1,1,0,1,1,2,1.2212974781901706e+76
ABB.NS,2022-08-25,2022-10-12,3082.48,3080,3175,3122.87,3183.55,0.3033,93.7,42.87,1.391,2375933509462870498877590403285033091559163789075019808995438205916413952,52.13,1.2386716789584412e+74,121.62,True,1,1,0,1,1,2,5.216192943052273e+75
ASAHIINDIA.NS,2022-08-25,2022-10-12,625.32,625,645,633.91,619.49,0.4926,60.3,8.91,1.424,8940108312296717484965924722057667974548429485273876894753892610673356046336,-8.91,-7.961770414623698e+76,-100.0,False,1,1,1,1,1,3,3.901267503165612e+78
ANTELOPUS.NS,2022-08-25,2022-10-12,254.4,255,260,257.21,319.85,0.6709,86.0,2.21,0.87,5731652142974412191667689133550434144595361771307968667676277696724868268032,2.79,1.597081979243436e+76,125.88,True,1,1,0,1,1,2,6.503428659143192e+77
ADANIENSOL.NS,2022-08-26,2022-10-13,3751.2,3750,3865,3801.58,3121.1,0.4256,61.3,51.58,1.375,80009888943363574723858887932631312699834270540434119771446791276817547264,-51.58,-4.1267545505758646e+75,-100.0,False,1,1,1,0,1,2,2.0221097297821736e+77
ABINFRA.NS,2022-08-26,2022-10-13,1.55,5,10,5.0,1.29,0.4158,,0.0,0.0,5441546510267098437649172724774526000285995904138170317604278222851749954757119364544069632,-0.0,-2.442594956380341e+74,-100.0,False,1,1,0,1,1,2,1.1968715286263672e+76
ASTRAMICRO.NS,2022-08-26,2022-10-13,353.54,355,365,359.39,298.53,0.4838,88.4,4.39,1.242,57711709993282486285977597212682205037203412200586409802768172177796150329344,-4.39,-2.5348045200947894e+77,-100.0,False,1,1,0,1,1,2,1.2420542148464466e+79
ANIKINDS.NS,2022-08-26,2022-10-13,45.6,45,50,46.92,41.15,1.196,72.6,1.92,4.213,9608544875883320326679552915278401670667432676160309157322158903244047253504,-1.92,-1.8460564599731764e+76,-100.0,False,1,1,1,1,1,3,9.045676653868564e+77
ADL.NS,2022-08-26,2022-10-13,66.6,65,70,67.27,68.9,0.3795,73.6,2.27,3.415,870380793679616343237418310713490511017052596571081805362900634996094009344,1.63,1.4150011433259271e+75,71.48,True,1,1,1,0,1,2,1.0038926514933943e+77
ARIHANTSUP.NS,2022-08-26,2022-10-13,201.74,200,210,204.43,219.57,0.5101,84.1,4.43,2.198,22007317639222903183385181268169119714097741802838183135499902964425096691712,5.57,1.2248637991670866e+77,125.52,True,1,1,0,1,1,2,5.0018262036927274e+78
ARIHANTSUP.NS,2022-08-29,2022-10-14,212.24,210,220,214.51,230.61,0.5023,82.9,4.51,2.123,22204490406696918546695867677675913835545319391860408533035760323654590660608,5.49,1.2200837999311463e+77,121.96,True,1,1,0,1,1,2,5.123834583685842e+78
ARCHIDPLY.NS,2022-08-29,2022-10-14,95.5,95,100,97.12,80.5,0.7989,74.4,2.12,2.216,56150415743819273148398304969803966096249412932076677027308310411938692595712,-2.12,-1.188255362710666e+77,-100.0,False,1,1,1,1,1,3,5.822451277282264e+78
ANDHRAPAP.NS,2022-08-29,2022-10-14,92.84,95,100,96.84,81.43,0.4707,84.0,1.84,1.984,8691771880738547433990822091038453982518079777057708232139886629611750031360,-1.84,-1.6005921913013493e+76,-100.0,False,1,1,0,1,1,2,7.842901737376611e+77
ADANIENSOL.NS,2022-08-29,2022-10-14,3855.55,3855,3970,3906.64,3035.3,0.4288,81.4,51.64,1.339,78320033072494003318413026254651962793197613961190535320416837763873112064,-51.64,-4.044219459564348e+75,-100.0,False,1,1,0,1,1,2,1.98166753518653e+77
ARTEMISMED.NS,2022-08-29,2022-10-14,63.08,65,70,66.73,64.17,0.5915,72.7,1.73,2.743,44003454998794718472631658475106761603738578545119040752161367507838200446976,-1.73,-7.613448260846864e+76,-100.0,False,1,1,1,1,1,3,3.730589647814963e+78
ASAHIINDIA.NS,2022-08-29,2022-10-14,627.45,625,645,634.06,603.83,0.4907,65.3,9.06,1.444,8610570326363590376522747047393700728191408544459279307345612697095049838592,-9.06,-7.802535006331225e+76,-100.0,False,1,1,1,0,1,2,3.8232421531023e+78
ANIKINDS.NS,2022-08-29,2022-10-14,47.35,45,50,47.09,41.55,1.1945,73.4,2.09,4.422,8641135681767401142013833813706218273948685498096122827235425046554774339584,-2.09,-1.8091353307737123e+76,-100.0,False,1,1,1,1,1,3,8.864763120791192e+77
ASTRAMICRO.NS,2022-08-29,2022-10-14,362.96,365,375,369.37,302.94,0.4775,89.1,4.37,1.203,56878511422557611949401870448201974568346169200294015035140165247355529986048,-4.37,-2.4841084296928933e+77,-100.0,False,1,1,0,1,1,2,1.2172131305495177e+79
ATGL.NS,2022-08-29,2022-10-14,3532.55,3535,3640,3581.87,3042.98,0.2613,65.8,46.87,1.327,10430756222632983708106404404328011009668019033122056425380200425176745115648,-46.87,-4.888481430014024e+77,-100.0,False,1,1,1,0,1,2,2.3953559007068716e+79
ADL.NS,2022-08-29,2022-10-14,69.9,70,75,71.96,65.8,0.409,75.9,1.96,2.803,1024837936216263094039762192677407820055273232226067444948276029302065070080,-1.96,-2.0077853029867887e+75,-100.0,False,1,1,1,1,1,3,9.838147984635264e+76
AEGISLOG.NS,2022-08-29,2022-10-14,281.62,280,290,284.5,263.51,0.5567,64.0,4.5,1.597,268590939108887634371839120292939901759239488510044998142551456730035781632,-4.5,-1.2078189102507331e+75,-100.0,False,1,1,1,1,1,3,5.918312660228592e+76
ADANIENT.NS,2022-08-30,2022-10-17,3188.55,3190,3285,3232.62,3206.77,0.3165,75.6,42.62,1.337,81655193764670633403671169588236158410121190791374083273982565044572913664,-25.86,-2.1115143892866554e+75,-60.67,False,1,1,1,1,1,3,1.7191422297308642e+77
ATGL.NS,2022-08-30,2022-10-17,3739.82,3740,3850,3789.56,3095.05,0.2944,74.1,49.56,1.325,9666537714076437934273729037431006772298794988427749300886994809326334377984,-49.56,-4.790711801413744e+77,-100.0,False,1,1,1,1,1,3,2.347448782692734e+79
ADL.NS,2022-08-30,2022-10-17,73.3,75,80,76.73,67.8,0.4276,78.1,1.73,2.36,1137441799821980643793345265101383515828395448052181173634747208706352480256,-1.73,-1.967629596927053e+75,-100.0,False,1,1,1,1,1,3,9.641385024942559e+76
ARIHANTSUP.NS,2022-08-30,2022-10-17,216.55,215,225,219.45,244.72,0.4794,84.6,4.45,2.054,23036801055277195619862274598042803580183245736864109266464197876430736982016,5.55,1.2789131887905511e+77,124.8,True,1,1,0,1,1,2,5.2517259025648975e+78
AARON.NS,2022-08-30,2022-10-17,81.95,80,85,82.26,80.14,0.6832,81.9,2.26,2.753,90689032546479705989589020814679850642907613283955241953890924006832340992,-2.12,-1.9187519048840105e+74,-93.8,False,1,1,0,1,1,2,1.0036255057581552e+76
ANANTRAJ.NS,2022-08-30,2022-10-17,86.71,85,90,87.23,107.49,0.7025,73.0,2.23,2.571,1029309445067202943216448034522897171819917655252395913883231377031277051904,2.77,2.8515019540172306e+75,124.25,True,1,1,1,1,1,3,1.1760376551995645e+77
ADOR.NS,2022-08-30,2022-10-17,865.54,865,890,876.05,832.48,0.6371,69.2,11.05,1.276,152602919828490018481715092052315195283238329495402042145734670940714827776,-11.05,-1.6858876667141445e+75,-100.0,False,1,1,1,1,1,3,8.260849566899307e+76
ASAHIINDIA.NS,2022-08-30,2022-10-17,632.24,630,650,639.07,605.71,0.4763,75.2,9.07,1.434,8435131514853659654178963126785362627439727072677831275883880932153577439232,-9.07,-7.6464843062046e+76,-100.0,False,1,1,1,0,1,2,3.746777310040254e+78
ADANIENSOL.NS,2022-08-30,2022-10-17,3960.7,3960,4080,4013.83,3074.35,0.4263,80.8,53.83,1.359,73627972569481377135780489035847813074428128945787356862405521425098080256,-53.83,-3.96333507037306e+75,-100.0,False,1,1,0,1,1,2,1.9420341844827995e+77
AAATECH.NS,2022-08-30,2022-10-17,80.12,80,85,82.06,69.97,0.4462,73.5,2.06,2.576,137227839069054101953538215776519557085314305683119333917227361377032601600,-2.06,-2.8317164117567054e+74,-100.0,False,1,1,1,1,1,3,1.3875410417607857e+76
ADL.NS,2022-09-01,2022-10-18,76.95,75,80,77.34,67.9,0.4339,85.0,2.34,3.046,822553582748862068000701577399029712634291688123077652615830819775017123840,-2.34,-1.928277004988512e+75,-100.0,False,1,1,0,1,1,2,9.448557324443707e+76
ARCHIDPLY.NS,2022-09-01,2022-10-18,100.7,100,105,102.12,78.5,0.8588,78.2,2.12,2.106,54901044757144172537733623781890535644152050226031237714659695012340303921152,-2.12,-1.1644902554564528e+77,-100.0,False,1,1,1,1,1,3,5.706002251736618e+78
ASHOKLEY.NS,2022-09-01,2022-10-18,74.03,75,80,76.8,68.14,0.3665,69.5,1.8,2.425,175425927153104390107388364836552639242635809334943681926311843419559854866432,-1.8,-3.1495326724750975e+77,-100.0,False,1,1,1,1,1,3,1.5432710095127976e+79
ANDHRAPAP.NS,2022-09-01,2022-10-18,93.44,95,100,96.85,84.71,0.3728,79.1,1.85,1.976,8496735318154756772096053867565857540016959273776220198664713914969164349440,-1.85,-1.568580347475322e+76,-100.0,False,1,1,1,0,1,2,7.686043702629079e+77
ARTEMISMED.NS,2022-09-01,2022-10-18,64.57,65,70,66.94,63.82,0.5805,73.5,1.94,3.0,38516542149874423189491848676246898104441605094966722674141391477677664239616,-1.94,-7.461179295629926e+76,-100.0,False,1,1,1,0,1,2,3.655977854858664e+78
AARON.NS,2022-09-01,2022-10-18,98.26,100,105,101.96,79.87,0.9104,89.0,1.96,1.994,102464868523299717418892913275385956061632779380141868383966254902699622400,-1.96,-2.0072510115163103e+74,-100.0,False,1,1,0,1,1,2,9.835529956429921e+75
AEGISLOG.NS,2022-09-01,2022-10-18,283.2,285,290,287.22,262.98,0.556,58.4,2.22,0.783,534068637812269823791762664097234185925177112669745725985001151152772874240,-2.22,-1.1836625320457184e+75,-100.0,False,1,1,1,0,1,2,5.79994640702402e+76
ADANIENT.NS,2022-09-01,2022-10-18,3227.38,3225,3325,3270.07,3278.34,0.3038,75.7,45.07,1.396,76289973646695303116143892587034003500361830946807699404234109903966306304,8.27,6.306569303895169e+74,18.34,True,1,1,1,0,1,2,1.7254487990347595e+77
AAATECH.NS,2022-09-01,2022-10-18,83.99,85,90,86.93,71.72,0.4666,81.2,1.93,2.3,143621882302485932751598710714650407239412693796459298544895532218527514624,-1.93,-2.7750820835215716e+74,-100.0,False,1,1,0,1,1,2,1.35979022092557e+76
ABB.NS,2022-09-01,2022-10-18,3336.67,3335,3435,3380.17,3148.35,0.3254,95.5,45.17,1.354,2309636378410245896710742933113474357133061157052617718373448337219125248,-45.17,-1.0432385886104545e+74,-100.0,False,1,1,0,1,1,2,5.111869084191227e+75
ATALREAL.NS,2022-09-01,2022-10-18,14.08,15,20,15.94,11.52,0.7355,80.0,0.94,6.657,365568179921061028349011579465532285266009715401255326131072097179809657913344,-0.94,-3.426635160456691e+77,-100.0,False,1,1,1,0,1,2,1.6790512286237785e+79
ASAHIINDIA.NS,2022-09-02,2022-10-19,636.64,635,655,644.04,599.12,0.4593,80.4,9.04,1.42,8289431020035709807908525341514111109977593142974172394763847967518389960704,-9.04,-7.493554620080508e+76,-100.0,False,1,1,0,1,1,2,3.671841763839449e+78
ASHOKLEY.NS,2022-09-02,2022-10-19,74.44,75,80,76.84,66.8,0.3358,72.1,1.84,2.477,167428843476837718825866812015109868254154244640293744153360680780221317644288,-1.84,-3.086542019025595e+77,-100.0,False,1,1,1,0,1,2,1.5124055893225415e+79
ANANTRAJ.NS,2022-09-02,2022-10-19,93.17,95,100,96.95,100.28,0.7487,78.6,1.95,2.089,1208200427371872370449396544487865924580127002384168631288240920399966109696,3.05,3.688926826460233e+75,156.84,True,1,1,1,1,1,3,1.212926923464167e+77
AAATECH.NS,2022-09-02,2022-10-19,86.58,85,90,87.29,71.72,0.4551,82.3,2.29,2.648,118616133047078150085186057868447692048056307293191506133426845208350294016,-2.29,-2.71958044185114e+74,-100.0,False,1,1,0,1,1,2,1.3325944165070586e+76
ACE.NS,2022-09-02,2022-10-19,285.91,285,295,289.47,285.12,0.5142,78.4,4.47,1.563,456469612316352562569887303118861918068375232475721135550509119208714928128,-4.35,-1.984203565105846e+75,-97.24,False,1,1,1,1,1,3,1.0003851176070254e+77
ADANIENT.NS,2022-09-02,2022-10-19,3349.71,3350,3450,3394.99,3271.3,0.319,78.8,44.99,1.343,76709160743941544619700562515448731057632092422859282620694548570410319872,-44.99,-3.450897598069519e+75,-100.0,False,1,1,1,1,1,3,1.6909398230540643e+77
ADL.NS,2022-09-02,2022-10-19,80.75,80,85,82.16,67.6,0.4465,86.1,2.16,2.676,874549062474416182822355060936525089256515317415178639466737417629485498368,-2.16,-1.8897114648887416e+75,-100.0,False,1,1,0,1,1,2,9.259586177954833e+76
ASTERDM.NS,2022-09-05,2022-10-20,181.98,180,185,182.32,188.7,0.6104,69.8,2.32,1.273,106031588545014066310342049980469611419693011829093993155027687706669556432896,2.68,2.845798007245746e+77,115.88,True,1,1,1,1,1,3,1.256348690074936e+79
ASHOKLEY.NS,2022-09-05,2022-10-20,74.87,75,80,76.93,65.84,0.335,71.9,1.93,2.584,156366025007378296089922140018285837175458811590311770704943275828626218549248,-1.93,-3.024811178645083e+77,-100.0,False,1,1,1,0,1,2,1.4821574775360907e+79
ACE.NS,2022-09-05,2022-10-20,296.58,295,305,299.53,286.47,0.5147,81.3,4.53,1.527,441705225876748612187930883505516156672658420649055366894545958368775766016,-4.53,-2.000770235214051e+75,-100.0,False,1,1,0,1,1,2,9.803774152548849e+76
ANANTRAJ.NS,2022-09-05,2022-10-20,94.86,95,100,97.08,107.94,0.7458,82.3,2.08,2.191,1167115828386089125634769788759509273497300910400091207017304270569924984832,2.92,3.4097252950021114e+75,140.56,True,1,1,0,1,1,2,1.247024176414188e+77
ARIHANTSUP.NS,2022-09-06,2022-10-21,221.74,220,230,224.47,224.96,0.5,79.3,4.47,2.015,23501846604899106001924612983962031560323160636538587175668162787838854692864,0.49,1.1591817842746195e+76,11.04,True,1,1,1,0,1,2,5.263317720407644e+78
ADANIENSOL.NS,2022-09-06,2022-10-21,3964.05,3965,4085,4018.79,3273.7,0.393,72.0,53.79,1.357,72209440263460464720245349479357674600915661724904024445375270685505486848,-53.79,-3.884068368965599e+75,-100.0,False,1,1,1,0,1,2,1.9031935007931435e+77
AKG.NS,2022-09-06,2022-10-21,27.72,30,35,31.14,26.73,0.6736,86.5,1.14,4.112,1614527566169903518852842829944986195572734624332644407144599466585767280640,-1.14,-1.840514670565662e+75,-100.0,False,1,1,0,1,1,2,9.018521885771743e+76
AMBUJACEM.NS,2022-09-06,2022-10-21,428.96,430,440,434.53,503.75,0.272,72.5,4.53,1.055,300392680210984955219728525868713437493523245731524940068036473535814696960,5.47,1.6440702353092568e+75,120.9,True,1,1,1,1,1,3,6.963689857533888e+76
ADANIENT.NS,2022-09-06,2022-10-21,3429.56,3430,3530,3475.09,3305.89,0.3266,76.7,45.09,1.315,74999403025956860999594461606114234370641214855687084272202814917122719744,-45.09,-3.3818796461081285e+75,-100.0,False,1,1,1,0,1,2,1.657121026592983e+77
ADL.NS,2022-09-06,2022-10-21,85.5,85,90,87.14,66.0,0.4273,93.3,2.14,2.5,866222016160827045682583233714181392548221837337642032811569955218896453632,-2.14,-1.8519172355909668e+75,-100.0,False,1,1,0,1,1,2,9.074394454395737e+76
APOLLOTYRE.NS,2022-09-06,2022-10-21,260.37,260,270,264.41,269.25,0.4264,64.6,4.41,1.695,21237357855648450049748687812516083226948469403997991364918783037008420798464,4.84,1.0280042292176058e+77,109.66,True,1,1,1,1,1,3,4.790112564345861e+78
ASTERDM.NS,2022-09-06,2022-10-21,188.89,190,195,192.17,185.19,0.622,89.6,2.17,1.147,115969910451032928315411761889069179115798132421387881896426378368215825776640,-2.17,-2.512697380149872e+77,-100.0,False,1,1,0,1,1,2,1.2312217162734373e+79
ASHOKLEY.NS,2022-09-06,2022-10-21,75.05,75,80,76.96,65.04,0.3243,70.4,1.96,2.618,150886181693773247651915523210419137412902770350034717271179878386168762466304,-1.96,-2.9643149550721813e+77,-100.0,False,1,1,1,0,1,2,1.4525143279853688e+79
APOLLOTYRE.NS,2022-09-07,2022-10-24,262.57,265,270,267.19,268.82,0.4214,60.7,2.19,0.835,43681445399891562171689194848378869092623861530481847711341691276097117749248,1.63,7.12651470172884e+76,74.39,True,1,1,1,0,1,2,4.861377711363149e+78
ABFRL.NS,2022-09-07,2022-10-24,322.0,320,330,324.71,336.05,0.2982,70.8,4.71,1.462,57227974578594043502939069791139231163698551632540274280984464196515135488,5.29,3.0285944188692795e+74,112.41,True,1,1,1,0,1,2,1.3773874636837552e+76
ADOR.NS,2022-09-07,2022-10-24,875.44,875,900,886.04,828.16,0.6455,70.8,11.04,1.261,149676282436187070423276541733271163061854387711678155242887871111958102016,-11.04,-1.6521699133798615e+75,-100.0,False,1,1,1,1,1,3,8.095632575561322e+76
AMBUJACEM.NS,2022-09-07,2022-10-24,441.15,440,455,446.78,507.98,0.2818,75.3,6.78,1.536,205506934291100181606483141640129640662001316743030955716245459593401991168,8.22,1.689866042859725e+75,121.33,True,1,1,1,1,1,3,7.13267646181986e+76
ADANIENT.NS,2022-09-07,2022-10-24,3467.44,3465,3570,3512.45,3303.79,0.3172,76.8,47.45,1.368,69852518479070511626774034491175574937521410639706005998833142096092725248,-47.45,-3.314242053185966e+75,-100.0,False,1,1,1,0,1,2,1.6239786060611234e+77
ASTERDM.NS,2022-09-08,2022-10-25,193.04,195,200,197.13,184.17,0.6234,89.7,2.13,1.104,115512557754868330016859669585600644003187655437639265232713306979974420365312,-2.13,-2.4624434325468745e+77,-100.0,False,1,1,0,1,1,2,1.2065972819479685e+79
ADOR.NS,2022-09-08,2022-10-25,914.6,915,940,926.01,804.03,0.6568,77.9,11.01,1.204,147073776130005234494185445345276281106935281694049133628024420280836292608,-11.01,-1.6191265151122644e+75,-100.0,False,1,1,1,1,1,3,7.933719924050095e+76
ACE.NS,2022-09-08,2022-10-25,305.67,305,315,309.45,285.72,0.5634,74.7,4.45,1.456,440576746831716859226562562390945995350469202008698725229729049408585072640,-4.45,-1.96075483050977e+75,-100.0,False,1,1,1,0,1,2,9.607698669497872e+76
ABFRL.NS,2022-09-08,2022-10-25,322.45,320,330,324.76,338.45,0.2948,75.4,4.76,1.477,57838944743740237387812593275291426640152934808202799981576840817959501824,5.24,3.0291195470065133e+74,109.96,True,1,1,1,0,1,2,1.4076786591538204e+76
APOLLOTYRE.NS,2022-09-08,2022-10-25,265.48,265,275,269.43,274.7,0.4183,58.6,4.43,1.671,21922964877118263355993850673888835199070290825359022432304655865077370454016,5.27,1.1546829098587715e+77,118.76,True,1,1,1,0,1,2,4.976846002349026e+78
ARVSMART.NS,2022-09-08,2022-10-25,275.6,275,285,279.32,259.31,0.7654,79.2,4.32,1.567,22440947245133639799579064435111699785560346482794417926484597670954091413504,-4.32,-9.688623386009473e+76,-100.0,False,1,1,1,1,1,3,4.747425459144642e+78
ANTELOPUS.NS,2022-09-08,2022-10-25,280.75,280,290,284.29,294.75,0.8257,81.1,4.29,1.53,3028406602431440209439780665981775546824109186932234763411318381104309731328,5.71,1.7277208706028018e+76,132.83,True,1,1,0,1,1,2,6.676200746203472e+77
AMBUJACEM.NS,2022-09-08,2022-10-25,453.92,455,470,461.52,504.24,0.2854,75.7,6.52,1.436,218821787242561999309651539384382342964609477273135582913615277538584559616,8.48,1.855791516274458e+75,130.09,True,1,1,1,0,1,2,7.318255613447306e+76
AGI.NS,2022-09-08,2022-10-25,348.77,350,360,354.32,316.89,0.6942,73.6,4.32,1.24,206233130628432066810908336201858648296967609449761183984505784435623329792,-4.32,-8.918094972176265e+74,-100.0,False,1,1,1,1,1,3,4.3698665363663695e+76
AGI.NS,2022-09-09,2022-10-27,354.04,355,365,359.34,316.99,0.6942,75.6,4.34,1.226,201365136833946807424415871766636264549070450850254200544517990741776007168,-4.34,-8.739733072732739e+74,-100.0,False,1,1,1,0,1,2,4.2824692056390424e+76
ARIHANTSUP.NS,2022-09-09,2022-10-27,248.63,250,255,252.21,221.55,0.5646,81.6,2.21,0.889,47616529852518686046369763737788091748700471029935591764554226271770998996992,-2.21,-1.0526635440815287e+77,-100.0,False,1,1,0,1,1,2,5.158051365999491e+78
ASHOKLEY.NS,2022-09-09,2022-10-27,75.76,75,80,77.12,67.3,0.3348,71.7,2.12,2.805,136716519809375776137365714757214421186434803703642478512750004460418748121088,-2.12,-2.905028655970738e+77,-100.0,False,1,1,1,0,1,2,1.4234640414256614e+79
AHLEAST.NS,2022-09-09,2022-10-27,126.93,125,130,127.42,125.79,0.3532,74.1,2.42,1.903,415065291314169542004398935828094744874891181272287768892950077267131760640,-1.62,-6.733697056201009e+74,-67.17,False,1,1,1,1,1,3,4.945117249710135e+76
ACE.NS,2022-09-09,2022-10-27,306.32,305,315,309.49,285.52,0.563,81.5,4.49,1.467,427713000354331595867486927270985942053480982260554380890579725176805523456,-4.49,-1.9215397338995745e+75,-100.0,False,1,1,0,1,1,2,9.415544696107914e+76
ADANIPORTS.NS,2022-09-09,2022-10-27,888.86,890,915,901.22,804.96,0.3235,60.4,11.22,1.262,185637183191420932640131203902211753708986795096961344080458673779933970432,-11.22,-2.0824949865136667e+75,-100.0,False,1,1,1,1,1,3,1.0204225433916966e+77
ASTRAL.NS,2022-09-09,2022-10-27,1931.25,1930,1990,1957.02,1458.55,0.318,88.2,27.02,1.399,10127396360205568335044277963639897564666039812086278374821022075003005304832,-27.02,-2.7363976773295557e+77,-100.0,False,1,1,0,1,1,2,1.3408348618914824e+79
ASPINWALL.NS,2022-09-12,2022-10-28,228.61,230,235,232.22,208.04,0.4245,60.7,2.22,0.969,143158170862186358144162279126198023689110909928520155346437773663946506502144,-2.22,-3.172391100212185e+77,-100.0,False,1,1,1,1,1,3,1.5544716391039705e+79
ARVSMART.NS,2022-09-12,2022-10-28,282.58,285,290,287.15,250.96,0.7657,86.3,2.15,0.76,44207795052713630659343675422551980507081085388215391221802911211850523738112,-2.15,-9.494850918289284e+76,-100.0,False,1,1,0,1,1,2,4.652476949961749e+78
ASTRAZEN.NS,2022-09-12,2022-10-28,3279.5,3280,3380,3324.84,3256.65,0.3089,71.6,44.84,1.367,6575149174264101652364837732987538673376941359221687817806210321569514782720,-44.84,-2.9485216624239e+77,-100.0,False,1,1,1,1,1,3,1.4447756145877109e+79
AMBUJACEM.NS,2022-09-12,2022-10-28,467.44,465,480,471.96,511.12,0.3217,81.7,6.96,1.49,210168978462879660081180253603597671070857119714443435377054668692165492736,8.04,1.6888835542537337e+75,115.39,True,1,1,0,1,1,2,7.48714396887268e+76
ADANIPORTS.NS,2022-09-12,2022-10-28,919.88,920,945,931.35,804.02,0.3373,79.1,11.35,1.234,179776202355806721965314546921068276606525372199427460262721665675674255360,-11.35,-2.0408450867833934e+75,-100.0,False,1,1,1,0,1,2,1.0000140925238627e+77
AHLEAST.NS,2022-09-12,2022-10-28,136.13,135,140,137.31,125.84,0.4113,90.9,2.31,1.698,427939209371175118149758192355971895676009131961372912463640712095308185600,-2.31,-9.89023449942027e+74,-100.0,False,1,1,0,1,1,2,4.8462149047159323e+76
ANTELOPUS.NS,2022-09-12,2022-10-28,323.85,325,335,329.19,287.6,0.934,82.9,4.19,1.293,3189323823489876471663480082943575360443365982575860151945461000500800389120,-4.19,-1.3352401492406944e+76,-100.0,False,1,1,0,1,1,2,6.542676731279402e+77
APOLLOTYRE.NS,2022-09-12,2022-10-28,271.4,270,280,274.53,276.37,0.4354,77.0,4.53,1.668,21984116859810443958402037777872799581269674550237072722421174005816633589760,1.85,4.0597735992231715e+76,40.79,True,1,1,1,0,1,2,5.017443738341258e+78
ADANIENSOL.NS,2022-09-13,2022-10-31,4037.05,4035,4160,4091.2,3348.7,0.2875,78.4,56.2,1.392,67726525912697818869038059957909352735449611465022631103759360534115254272,-56.2,-3.806387001586287e+75,-100.0,False,1,1,1,0,1,2,1.8651296307772807e+77
AHLEAST.NS,2022-09-13,2022-10-31,144.41,145,150,147.16,124.93,0.4482,92.4,2.16,1.497,448449448184942751526882504523197703874145185277767755012418212535958765568,-2.16,-9.692429809431865e+74,-100.0,False,1,1,0,1,1,2,4.749290606621614e+76
ACC.NS,2022-09-13,2022-10-31,2527.56,2530,2605,2563.5,2348.27,0.2963,81.0,33.5,1.325,96143873330160249024730644644572468831571180941738131589140971173382717440,-33.5,-3.2209661201426212e+75,-100.0,False,1,1,0,1,1,2,1.5782733988698843e+77
ALLCARGO.NS,2022-09-13,2022-10-31,99.41,100,105,102.06,103.66,0.6482,79.8,2.06,2.075,1211125943302559152245187278066947763546041098730319159413335769505123532800,1.6,1.9349212285496473e+75,77.44,True,1,1,1,1,1,3,1.2686901993804947e+77
ASPINWALL.NS,2022-09-13,2022-10-31,251.46,250,260,254.47,208.22,0.5348,68.9,4.47,1.776,69611708139767713897467600802367967411389356069353331133685880776322636054528,-4.47,-3.108943278207941e+77,-100.0,False,1,1,1,1,1,3,1.523382206321891e+79
ABFRL.NS,2022-09-13,2022-10-31,330.0,330,340,334.48,353.9,0.2526,87.7,4.48,1.356,62894413596712557601279067915107183643135194854932343763555615833923256320,5.52,3.474084041363615e+74,123.4,True,1,1,0,1,1,2,1.4424194995674566e+76
AARVI.NS,2022-09-14,2022-11-01,125.48,125,130,127.16,148.91,0.7596,67.3,2.16,1.721,59033620813391564890072924792446308190114661894844381707156827810885009408,2.84,1.6770860169820573e+74,131.58,True,1,1,1,1,1,3,6.540683720135811e+75
ACC.NS,2022-09-14,2022-11-01,2694.96,2695,2775,2731.02,2385.35,0.357,86.2,36.02,1.337,87630955518125583153129031792119301923011001298375572090773494561306050560,-36.02,-3.1565467977397685e+75,-100.0,False,1,1,0,1,1,2,1.5467079308924866e+77
ASPINWALL.NS,2022-09-14,2022-11-01,276.59,275,285,279.46,208.08,0.6088,74.4,4.46,1.613,68290668091152464882174240613477207996062587684878161774903269226445187055616,-4.46,-3.046764412643782e+77,-100.0,False,1,1,1,1,1,3,1.4929145621954532e+79
AMBUJACEM.NS,2022-09-14,2022-11-01,515.54,515,530,521.8,534.66,0.3918,89.7,6.8,1.32,220113745841468824806518775046256489229616911973246348424725045626456244224,8.2,1.8042773938474963e+75,120.49,True,1,1,0,1,1,2,7.66757170825743e+76
ALLCARGO.NS,2022-09-14,2022-11-01,104.92,105,110,107.11,102.1,0.6618,80.3,2.11,2.016,1199792992900092910036178924318374647500802517902616446586507296509731536896,-2.11,-2.5373803987609897e+75,-100.0,False,1,1,0,1,1,2,1.2433163953928848e+77
AAATECH.NS,2022-09-14,2022-11-01,89.55,90,95,92.05,63.96,0.5996,72.0,2.05,2.287,130128946599778074396041428781489804148105474314399190530617828834581413888,-2.05,-2.6651888330141173e+74,-100.0,False,1,1,1,0,1,2,1.3059425281769173e+76
ADANIENSOL.NS,2022-09-15,2022-11-02,4105.4,4105,4230,4161.18,3308.6,0.3103,73.3,56.18,1.368,66401753462506079195816547355315181938241372845349908995014371705779912704,-56.18,-3.730259261554561e+75,-100.0,False,1,1,1,0,1,2,1.827827038161735e+77
ACC.NS,2022-09-15,2022-11-02,2699.38,2700,2780,2735.97,2397.09,0.3578,88.8,35.97,1.333,85991777352480470465400193318873958615954826882543210820234115527238221824,-35.97,-3.0934158617849735e+75,-100.0,False,1,1,0,1,1,2,1.5157737722746368e+77
ARMANFIN.NS,2022-09-15,2022-11-02,1504.35,1505,1550,1525.19,1466.75,0.3366,63.2,20.19,1.342,4966265775886813946451073322592128954472294414981131430846931440430540128256,-20.19,-1.0027103533345646e+77,-100.0,False,1,1,1,1,1,3,4.9132807313393664e+78
ARTEMISMED.NS,2022-09-15,2022-11-02,66.21,65,70,67.18,68.79,0.5083,76.7,2.18,3.298,33484370493666948462231666342116800380477244643026596852395386890802874548224,1.61,5.3850359563436047e+76,73.65,True,1,1,1,1,1,3,3.7098282144221e+78
AAATECH.NS,2022-09-15,2022-11-02,91.44,90,95,92.24,67.16,0.6004,76.3,2.24,2.451,116564779421305096027368480263458265567593422698623291453057876719543779328,-2.24,-2.6118850563538346e+74,-100.0,False,1,1,1,0,1,2,1.279823677613379e+76
APOLLOTYRE.NS,2022-09-15,2022-11-02,286.36,285,295,289.54,275.85,0.4398,82.9,4.54,1.585,22107098140092513188866364063602608678321568920076648192650943981067786256384,-4.54,-1.0034887476682517e+77,-100.0,False,1,1,0,1,1,2,4.917094863574433e+78
ANSALAPI.NS,2022-09-15,2022-11-02,22.65,25,30,25.67,27.35,0.4944,82.3,0.67,2.97,19263460230769620039191374671123510028343858597624987318706095135129113460736,1.68,3.2308427821123664e+76,249.28,True,1,1,0,1,1,2,6.803439813017163e+77
AMBUJACEM.NS,2022-09-15,2022-11-02,529.45,530,545,536.73,535.59,0.3929,94.6,6.73,1.271,227852390487537232905736651944968531787050594206650074724320935548244983808,-1.14,-2.5978554573088996e+74,-16.94,False,1,1,0,1,1,2,7.641593153684341e+76
AARVI.NS,2022-09-15,2022-11-02,150.57,150,155,152.11,146.63,0.9825,82.2,2.11,1.404,61873741764421664943728042453502209603939935772180807001457201523420299264,-2.11,-1.3081367440271624e+74,-100.0,False,1,1,0,1,1,2,6.409870045733095e+75
360ONE.NS,2022-09-16,2022-11-03,421.95,420,435,426.85,432.34,0.3175,70.8,6.85,1.623,62286562137039187450025482487000909714725223065543341274840631778843033600,5.49,3.421735508261579e+74,80.24,True,1,1,1,1,1,3,2.1663343025548207e+76
AHLEAST.NS,2022-09-16,2022-11-03,152.78,155,160,157.06,125.41,0.5243,89.9,2.06,1.349,460834341524422040789575994840505422336037384981396447026457243408884826112,-2.06,-9.498581213243228e+74,-100.0,False,1,1,0,1,1,2,4.654304794489181e+76
AARVI.NS,2022-09-16,2022-11-03,157.13,155,160,157.17,149.05,0.9871,87.0,2.17,1.382,59047457151400218143177674648889135955234313969185401921731594942305796096,-2.17,-1.281974009146619e+74,-100.0,False,1,1,0,1,1,2,6.281672644818433e+75
AHLEAST.NS,2022-09-19,2022-11-04,174.1,175,180,177.16,127.57,0.6593,93.4,2.16,1.238,431722797739922673170906874318105941486622574431928154111913285937975525376,-2.16,-9.308609588978363e+74,-100.0,False,1,1,0,1,1,2,4.5612186985993974e+76
AGI.NS,2022-09-19,2022-11-04,356.96,355,370,361.53,308.71,0.7073,75.7,6.53,1.83,131110080078398823375971071681444937685111130272354275562021966192526229504,-6.53,-8.564938411278085e+74,-100.0,False,1,1,1,1,1,3,4.1968198215262616e+76
360ONE.NS,2022-09-19,2022-11-04,422.1,420,435,426.86,425.71,0.3176,70.8,6.86,1.626,63112742927600787679663831024796740777478853880844974367185493171288145920,-1.15,-7.271451521796453e+73,-16.78,False,1,1,1,0,1,2,2.1590628510330242e+76
AMBUJACEM.NS,2022-09-19,2022-11-04,555.15,555,570,561.74,548.96,0.516,86.2,6.74,1.214,226853590180790068319151670008503420446899801924502647729252961974501769216,-6.74,-1.5283186307368684e+75,-100.0,False,1,1,0,1,1,2,7.488761290610654e+76
ADROITINFO.NS,2022-09-20,2022-11-07,13.41,15,20,15.25,12.88,0.395,64.3,0.25,1.895,6213742012046218795743079728894433198964477068631932228368391068987686912000,-0.25,-1.5788583478514286e+75,-100.0,False,1,1,1,1,1,3,7.736405904472e+76
AMBUJACEM.NS,2022-09-20,2022-11-07,564.43,565,580,571.72,558.29,0.4881,86.3,6.72,1.191,222847697879541110158339620172762318933578119714576086221725274285180715008,-6.72,-1.497752258122131e+75,-100.0,False,1,1,0,1,1,2,7.338986064798441e+76
AIAENG.NS,2022-09-20,2022-11-07,2644.95,2645,2725,2680.93,2681.58,0.2948,57.6,35.93,1.358,30115975150577423599987660120557160253096449271137230242448104137443770368,0.65,1.943698851303605e+73,1.8,True,1,1,1,1,1,3,5.412247122079953e+76
360ONE.NS,2022-09-20,2022-11-07,438.51,440,450,444.5,429.71,0.3388,75.0,4.5,1.027,95853851714190581360918608619888650844387186958710816820925873233934155776,-4.5,-4.3181257020660484e+74,-100.0,False,1,1,1,1,1,3,2.115881594012364e+76
AIROLAM.NS,2022-09-20,2022-11-07,88.55,90,95,91.96,105.8,0.7343,82.3,1.96,2.213,560077227447743418937317190697015215447618474094938980171887806347594432512,3.04,1.7028780826680493e+75,155.16,True,1,1,0,1,1,2,5.657828081120144e+76
ABFRL.NS,2022-09-21,2022-11-09,341.85,340,350,344.74,312.25,0.2488,76.1,4.74,1.386,60894562702857836876762941460713234371232050171426322407635068439236706304,-4.74,-2.884838999134913e+74,-100.0,False,1,1,1,0,1,2,1.4135711095761075e+76
AIROLAM.NS,2022-09-21,2022-11-09,106.25,105,110,107.13,106.35,0.9403,88.8,2.13,2.008,530275264964674793144019634975732439260707138280154009034281536522905714688,-0.78,-4.1569481765755907e+74,-36.74,False,1,1,0,1,1,2,5.6162585993543884e+76
ADROITINFO.NS,2022-09-21,2022-11-09,14.01,15,20,15.47,13.19,0.4178,77.4,0.47,3.363,3285096254392342640453396966231714318974578647243208619654814614121711927296,-0.47,-1.5472811808944e+75,-100.0,False,1,1,1,1,1,3,7.58167778638256e+76
ADOR.NS,2022-09-21,2022-11-09,950.0,950,980,963.28,757.03,0.5461,70.3,13.28,1.398,119507532601671138097195133317120338019074459894120577618014210263196106752,-13.28,-1.5867439848100191e+75,-100.0,False,1,1,1,1,1,3,7.775045525569093e+76
ABFRL.NS,2022-09-22,2022-11-10,344.75,345,355,349.47,313.7,0.2483,76.6,4.47,1.297,63243388367747521130731567221478763107103774488998083062281185147517665280,-4.47,-2.827142219152215e+74,-100.0,False,1,1,1,0,1,2,1.3852996873845853e+76
AARVI.NS,2022-09-22,2022-11-10,159.89,160,165,162.06,143.2,1.0986,80.0,2.06,1.288,60990712915556170441643677678849641245801057309481789453521508260120625152,-2.06,-1.2563345289636867e+74,-100.0,False,1,1,1,1,1,3,6.1560391919220646e+75
AGI.NS,2022-09-22,2022-11-10,387.09,385,400,391.5,310.18,0.7911,68.0,6.5,1.678,129210853987522235415145792848149441283834472846554274466367148930979856384,-6.5,-8.393639643052523e+74,-100.0,False,1,1,1,1,1,3,4.1128834250957364e+76
ABFRL.NS,2022-09-30,2022-11-18,349.1,350,360,354.44,305.5,0.3653,61.9,4.44,1.272,62400728597733732017530150080382115632233058788419980830708122295793090560,-4.44,-2.7705993747691705e+74,-100.0,False,1,1,1,0,1,2,1.3575936936368936e+76
ANANTRAJ.NS,2022-09-30,2022-11-18,96.5,95,100,97.21,106.1,0.7209,55.7,2.21,2.294,1126490405669994328856913045721035356747938672150791283083282038868213235712,2.79,3.138403675521596e+75,125.84,True,1,1,1,1,1,3,1.2784082131694038e+77
APOLSINHOT.NS,2022-09-30,2022-11-18,1246.81,1245,1285,1262.39,1396.16,0.7455,85.3,17.39,1.395,7989383107335882728851097886655580950041003195199181635257683778987666440192,22.61,1.8063247215851823e+77,130.0,True,1,1,0,1,1,2,7.127775078904373e+78
ANANTRAJ.NS,2022-10-04,2022-11-22,101.08,100,105,102.17,101.18,0.7727,59.6,2.17,2.147,1177991364676474866256629104466184663544163709675326294448926497466218446848,-0.99,-1.1713877852944e+75,-45.81,False,1,1,1,1,1,3,1.2666943353164597e+77
APOLLO.NS,2022-10-04,2022-11-22,18.34,20,25,20.89,24.51,0.6643,64.6,0.89,4.873,37299642278961778350143675267173200972490609167189311479538906167279932669952,3.62,1.3495556073230855e+77,404.78,True,1,1,1,0,1,2,1.8019823145228142e+78
APARINDS.NS,2022-10-04,2022-11-22,1402.86,1405,1445,1422.65,1452.46,0.5789,69.6,17.65,1.258,1190022618456905788952632674126441520473578213013781163478131420748633341952,22.35,2.6599832437706223e+76,126.66,True,1,1,1,1,1,3,1.0766534474662066e+78
ACEINTEG.NS,2022-10-04,2022-11-22,38.85,40,45,41.02,67.2,0.2814,,1.02,2.622,3225181728046810964121617835541428714047801840283401148169401349885325737984,3.98,1.2841004607750511e+76,390.91,True,1,1,0,1,1,2,1.7708620623192773e+77
APOLSINHOT.NS,2022-10-06,2022-11-23,1382.26,1380,1425,1399.4,1360.45,0.8097,85.9,19.4,1.403,7349005315111178862872388066981304480203532437033173080264245377042963496960,-19.4,-1.4255550157808743e+77,-100.0,False,1,1,0,1,1,2,6.985219577326285e+78
ANANTRAJ.NS,2022-10-06,2022-11-23,103.26,105,110,106.98,100.33,0.7734,63.3,1.98,1.921,1277273422856208920110588095524783216174677658627618005914812697945007194112,-1.98,-2.5333886706329193e+75,-100.0,False,1,1,1,1,1,3,1.2413604486101306e+77
APLAPOLLO.NS,2022-10-06,2022-11-23,1125.64,1125,1160,1140.75,1122.97,0.3328,63.6,15.75,1.399,2799663977973624229394295264596659326419505772581098325590825809353983918080,-15.75,-4.409870510322557e+76,-100.0,False,1,1,1,1,1,3,2.160836550058053e+78
ACEINTEG.NS,2022-10-06,2022-11-23,39.0,40,45,40.92,63.85,0.2369,,0.92,2.351,3863280467074389774699446370723679802457848510283750790462666195526597214208,4.08,1.5774678210733392e+76,445.4,True,1,1,0,1,1,2,1.9286088444266112e+77
APOLLO.NS,2022-10-06,2022-11-23,18.93,20,25,21.08,24.25,0.6689,66.1,1.08,5.699,33401599602602699748582381578203823731126804780974095572497828412390820020224,3.17,1.05999272271093e+77,294.12,True,1,1,1,0,1,2,1.907981586793907e+78
APARINDS.NS,2022-10-06,2022-11-23,1439.17,1440,1480,1457.74,1435.16,0.5804,68.3,17.74,1.233,1213567097379154964917025363058771712104865725214551987580700957383254343680,-17.74,-2.1533068949324133e+76,-100.0,False,1,1,1,1,1,3,1.0551203785168825e+78
AGARIND.NS,2022-10-07,2022-11-24,709.86,710,730,718.92,621.6,0.5332,69.8,8.92,1.257,123019998355732810633606981350162744463621640631598265123351792950907502592,-8.92,-1.0977811722954474e+75,-100.0,False,1,1,1,1,1,3,5.379127744247692e+76
ACEINTEG.NS,2022-10-07,2022-11-24,40.45,40,45,41.6,60.7,0.2608,,1.6,3.957,2410135189352536851982562527295411616578076203567835314919329651780776624128,3.4,8.193458257909463e+75,212.42,True,1,1,0,1,1,2,2.0105434270057059e+77
APOLSINHOT.NS,2022-10-07,2022-11-24,1520.46,1520,1565,1539.31,1351.54,0.8476,89.6,19.31,1.27,7236138617900804044169440882078318085240013001729578767839695905639572176896,-19.31,-1.397043915465257e+77,-100.0,False,1,1,0,1,1,2,6.845515185779759e+78
APOLLO.NS,2022-10-07,2022-11-24,19.1,20,25,21.13,24.57,0.6689,71.7,1.13,5.925,33724235052439903347326173871496390265346424265090163000196585361919627493376,3.44,1.1585584316281454e+77,303.61,True,1,1,1,0,1,2,2.0238374299567218e+78
APLAPOLLO.NS,2022-10-07,2022-11-24,1136.43,1135,1170,1150.85,1086.44,0.3225,64.5,15.85,1.395,2726500876317494195481173395432657765863829607660256049342198819430137331712,-15.85,-4.3216731001161055e+76,-100.0,False,1,1,1,0,1,2,2.117619819056892e+78
APOLSINHOT.NS,2022-10-10,2022-11-25,1672.5,1675,1725,1696.23,1348.0,0.8817,91.3,21.23,1.269,6448740762535732140838912203704555940657144353590157152921010102733427965952,-21.23,-1.369103037155952e+77,-100.0,False,1,1,0,1,1,2,6.708604882064164e+78
AGARIND.NS,2022-10-10,2022-11-25,720.13,720,740,728.95,629.24,0.5294,68.7,8.95,1.243,120194908576281930962483779305766272652493252742696967577084607937858502656,-8.95,-1.0758255488495385e+75,-100.0,False,1,1,1,1,1,3,5.271545189362738e+76
ANTELOPUS.NS,2022-10-10,2022-11-25,329.4,330,340,334.3,288.8,0.77,67.2,4.3,1.305,3043377895439927563532534761151823380524016061113193787254495026774290726912,-4.3,-1.3085353462558804e+76,-100.0,False,1,1,1,1,1,3,6.411823196653815e+77
ASIANHOTNR.NS,2022-10-11,2022-11-28,95.25,95,100,97.13,88.0,0.3987,55.3,2.13,2.236,322400348731173936552397007876575793552857508019493380692051922609584300097536,-2.13,-6.867595970114437e+77,-100.0,False,1,1,1,0,1,2,3.365122025356074e+79
ACEINTEG.NS,2022-10-11,2022-11-28,41.55,40,45,42.12,55.0,0.2687,,2.12,5.097,1898576239278140264183842088882961814096557206126619233083948462752407748608,2.88,5.47179434237929e+75,136.08,True,1,1,0,1,1,2,2.0652613704294988e+77
APOLLO.NS,2022-10-12,2022-11-29,19.86,20,25,21.47,27.2,0.8016,66.0,1.47,7.4,27549517083152846296317906642959441172806697813754887473415512710964647559168,3.53,9.72708368166298e+76,240.31,True,1,1,1,1,1,3,2.1211082667733516e+78
ASTEC.NS,2022-10-13,2022-11-30,2143.16,2145,2205,2172.01,2043.37,0.3581,74.4,27.01,1.26,10194917838246182895973503004304793728997992081891959355709827604282771243008,-27.01,-2.754033715538852e+77,-100.0,False,1,1,1,1,1,3,1.3494765206140372e+79
APOLLO.NS,2022-10-13,2022-11-30,21.58,20,25,21.99,27.46,0.8408,70.9,1.99,9.229,21302930052472769857132878919245626736128793851010556067053044991868041953280,3.01,6.409248492689682e+76,151.08,True,1,1,1,1,1,3,2.1852007517002484e+78
ACEINTEG.NS,2022-10-13,2022-11-30,42.0,40,45,42.33,55.4,0.267,,2.33,5.544,1773988423610808224027116033487967538134447008957154236765773808733236756480,2.67,4.739419377195044e+75,114.74,True,1,1,0,1,1,2,2.112655564201449e+77
APOLLO.NS,2022-10-14,2022-12-01,23.61,25,30,26.35,26.86,0.8817,80.8,1.35,5.706,32436721125166292371954010356726880293470588150233863923437774900950999236608,0.51,1.655981803039781e+76,37.89,True,1,1,0,1,1,2,2.2017605697306463e+78
ASTEC.NS,2022-10-17,2022-12-02,2173.28,2175,2240,2204.08,1988.19,0.3771,79.0,29.08,1.338,9280994790170817750733466092367309630677143602789038219996935748192112214016,-29.08,-2.6989530412280745e+77,-100.0,False,1,1,1,1,1,3,1.3224869902017564e+79
ATLANTAA.NS,2022-10-17,2022-12-02,30.7,30,35,31.86,19.25,1.149,84.6,1.86,6.058,237582157195194083976529049690260635751877377744464645559921491250433035862016,-1.86,-4.4188000293602796e+77,-100.0,False,1,1,0,1,1,2,2.165212014386537e+79
ANANTRAJ.NS,2022-10-17,2022-12-02,107.49,105,110,107.28,101.33,0.7526,75.8,2.28,2.12,1089284852572605838147206604634670607604971194834821666683634593820087156736,-2.28,-2.4827208972202613e+75,-100.0,False,1,1,1,1,1,3,1.2165332396379278e+77
APARINDS.NS,2022-10-17,2022-12-02,1444.74,1445,1490,1464.81,1540.55,0.5997,70.2,19.81,1.372,1064983171409165427586819002334530909258925860434864061394048116177770643456,25.19,2.682183514307479e+76,127.1,True,1,1,1,1,1,3,1.0819422136599573e+78
APARINDS.NS,2022-10-18,2022-12-05,1466.58,1465,1510,1484.94,1529.61,0.6,74.5,19.94,1.359,1085369151701647767917272687515040781995001416641947375890399557738641227776,25.06,2.7202767553375004e+76,125.71,True,1,1,1,0,1,2,1.1091449812133323e+78
360ONE.NS,2022-10-19,2022-12-06,439.5,440,455,446.61,414.89,0.4059,62.9,6.61,1.503,64061665500569556613728290437796798944679603807180199911622146010071957504,-6.61,-4.231763188024728e+74,-100.0,False,1,1,1,0,1,2,2.0735639621321167e+76
APARINDS.NS,2022-10-19,2022-12-06,1497.9,1500,1545,1519.8,1576.52,0.5761,80.1,19.8,1.322,1120106945865131923643480484453397635355659618493116943493580597404303884288,25.2,2.822191293966429e+76,127.22,True,1,1,0,1,1,2,1.1373668941529966e+78
ANSALAPI.NS,2022-10-19,2022-12-06,24.5,25,30,26.26,15.9,0.4995,66.5,1.26,5.135,10816294446794986991498929112819062989057624858054729763973649664429793476608,-1.26,-1.3606879626034325e+76,-100.0,False,1,1,1,1,1,3,6.66737101675682e+77
AEGISLOG.NS,2022-10-19,2022-12-06,287.43,285,295,289.6,312.52,0.4912,69.2,4.6,1.601,252137907111756240709298001952749537904198927101794007829917686262721937408,5.4,1.3613897897127584e+75,117.36,True,1,1,1,1,1,3,5.936085385995295e+76
ASTEC.NS,2022-10-20,2022-12-07,2248.19,2250,2315,2279.17,1902.09,0.3843,83.2,29.17,1.297,9068993555592092660623386407155719722541538571853988614942068798637115179008,-29.17,-2.644973980403513e+77,-100.0,False,1,1,0,1,1,2,1.2960372503977213e+79
ALLCARGO.NS,2022-10-20,2022-12-07,105.1,105,110,107.15,103.0,0.4936,56.8,2.15,2.042,1158892211379760980891526275743304058365398673444231585501854140226798092288,-2.15,-2.4866327907857696e+75,-100.0,False,1,1,1,0,1,2,1.218450067485027e+77
ANSALAPI.NS,2022-10-20,2022-12-07,25.7,25,30,26.69,16.65,0.4795,70.3,1.69,6.575,7891322058533348101708506034547004456218045428606249172805302898742909730816,-1.69,-1.3334742033513642e+76,-100.0,False,1,1,1,1,1,3,6.534023596421683e+77
AEGISLOG.NS,2022-10-20,2022-12-07,289.54,290,300,294.38,324.34,0.4856,69.4,4.38,1.512,271107038392618626161828251142158323285398279661198527971148382433477394432,5.62,1.5238533067271273e+75,128.36,True,1,1,1,1,1,3,6.088470716668009e+76
ALKALI.NS,2022-10-20,2022-12-07,138.11,140,145,142.01,136.85,0.9979,79.0,2.01,1.453,1390961464400673255807338580205661582638044500900550515629052405757859856384,-2.01,-2.7915011314046284e+75,-100.0,False,1,1,1,1,1,3,1.367835554388268e+77
ANANTRAJ.NS,2022-10-20,2022-12-07,107.94,110,115,111.97,100.53,0.8023,73.8,1.97,1.828,1232813997017399568568878421677435311926924468715010947057274101582727741440,-1.97,-2.433066479275856e+75,-100.0,False,1,1,1,1,1,3,1.1922025748451693e+77
ANSALAPI.NS,2022-10-21,2022-12-08,26.95,25,30,27.2,17.45,0.4838,76.2,2.2,8.163,5940179440833746764973329098445868773865714845685738392267484812022965600256,-2.2,-1.3068047192843367e+76,-100.0,False,1,1,1,1,1,3,6.403343124493249e+77
ARVINDFASN.NS,2022-10-24,2022-12-09,340.1,340,350,344.47,324.63,0.513,68.5,4.47,1.314,24419256287565035324167311305211963234591661866406905086159627859749708496896,-4.47,-1.0910205192700085e+77,-100.0,False,1,1,1,0,1,2,5.3460005444230416e+78
ANSALAPI.NS,2022-10-24,2022-12-09,28.25,30,35,31.04,18.3,0.5012,86.5,1.04,3.682,12312684297763504273058532045629411501576903452797416174509940924856456445952,-1.04,-1.2806686248986499e+76,-100.0,False,1,1,0,1,1,2,6.275276262003385e+77
ANSALAPI.NS,2022-10-25,2022-12-12,29.65,30,35,31.47,17.6,0.5102,87.3,1.47,4.956,8541359119661624354126435920321861936495179310938865599548667928863506956288,-1.47,-1.2550552524006771e+76,-100.0,False,1,1,0,1,1,2,6.149770736763317e+77
APARINDS.NS,2022-10-25,2022-12-12,1502.49,1500,1550,1522.18,1573.29,0.5616,61.2,22.18,1.476,1025738584259786194393909781580863112851046881248219118763015760312702861312,27.82,2.8539591329929378e+76,125.46,True,1,1,1,0,1,2,1.1659064854829259e+78
ANSALAPI.NS,2022-10-27,2022-12-13,30.6,30,35,31.77,17.6,0.5006,87.6,1.77,5.779,6954878512527403690116729679683831829878251849392014563450451822024807415808,-1.77,-1.2299541473526634e+76,-100.0,False,1,1,0,1,1,2,6.026775322028051e+77
APARINDS.NS,2022-10-27,2022-12-13,1504.93,1505,1550,1524.97,1672.33,0.553,58.0,19.97,1.327,1167444339782829804909659258154163103645521885189010552194810485180697935872,25.03,2.921686558056882e+76,125.3,True,1,1,1,0,1,2,1.1951233510634947e+78
ARVINDFASN.NS,2022-10-27,2022-12-13,369.24,370,380,374.47,331.57,0.4339,77.6,4.47,1.21,23933217515703040465326704049048220498100132925110747554741182422615473520640,-4.47,-1.0692001088846083e+77,-100.0,False,1,1,1,1,1,3,5.2390805335345805e+78
ANANTRAJ.NS,2022-10-27,2022-12-13,109.48,110,115,112.07,106.69,0.7814,58.4,2.07,1.894,1149665154022675137749122738107975693804760236459194310937041400090689798144,-2.07,-2.3844051496903387e+75,-100.0,False,1,1,1,0,1,2,1.168358523348266e+77
ANANTRAJ.NS,2022-10-28,2022-12-14,114.1,115,120,117.06,109.08,0.7611,64.5,2.06,1.807,1133282578451687023829796639745468768187552318212341147577157707633426169856,-2.06,-2.336717046696532e+75,-100.0,False,1,1,1,0,1,2,1.1449913528813006e+77
ARTEMISMED.NS,2022-10-28,2022-12-14,66.6,65,70,67.28,80.57,0.3101,63.4,2.28,3.429,32491456305095542166999128373132555704113882131704781387754088681009450057728,2.72,8.826071723703571e+76,118.96,True,1,1,1,1,1,3,3.798088931659136e+78
AEGISLOG.NS,2022-10-28,2022-12-14,304.4,305,315,309.39,342.19,0.4829,70.4,4.39,1.442,277384008511644960867065932530092772103590980797944664843408451069383016448,5.61,1.5561459417828477e+75,127.79,True,1,1,1,1,1,3,6.244085310846293e+76
ABFRL.NS,2022-10-31,2022-12-15,353.9,355,365,359.41,308.55,0.2799,65.9,4.41,1.245,61637355982878988988870707745895114799826348748238879119730239072326647808,-4.41,-2.715187387273787e+74,-100.0,False,1,1,1,1,1,3,1.3304418197641556e+76
AIAENG.NS,2022-10-31,2022-12-15,2647.32,2645,2725,2680.62,2671.8,0.1744,76.7,35.62,1.345,30390733864350522145792294926288011371988296189938487944983259520524353536,-8.82,-2.678946571884862e+74,-24.75,False,1,1,1,0,1,2,5.3854576563611045e+76
ARTEMISMED.NS,2022-10-31,2022-12-15,70.93,70,75,72.15,77.19,0.3717,72.1,2.15,3.029,35351863135914483185417913000512539991778919042270282295591795682241719304192,2.85,1.007975370463897e+77,132.7,True,1,1,1,1,1,3,3.898886468705525e+78
AIAENG.NS,2022-11-01,2022-12-16,2664.99,2665,2745,2700.23,2638.09,0.1746,77.3,35.23,1.322,30573445403899378370288749392549436920666568813234917366312757715848396800,-35.23,-1.077091531272221e+75,-100.0,False,1,1,1,0,1,2,5.2777485032338825e+76
ABFRL.NS,2022-11-01,2022-12-16,358.15,360,370,364.31,303.35,0.2602,79.1,4.31,1.204,61702499132757070091917507740242998381614275238976003777056864967929626624,-4.31,-2.6608836395283114e+74,-100.0,False,1,1,1,1,1,3,1.3038329833688726e+76
ARVINDFASN.NS,2022-11-01,2022-12-16,371.37,370,385,376.67,320.67,0.4312,72.1,6.67,1.796,15708905862483609967235416798783624672212752481281234485538798090141665591296,-6.67,-1.047816106706916e+77,-100.0,False,1,1,1,0,1,2,5.1342989228638886e+78
ASTRAZEN.NS,2022-11-01,2022-12-16,3396.75,3395,3500,3442.25,3360.3,0.3044,72.0,47.25,1.391,6115153952160839422311359454096365633287607368786818382003327880363530780672,-47.25,-2.889551229175422e+77,-100.0,False,1,1,1,1,1,3,1.4158801022959566e+79
ACCELYA.NS,2022-11-02,2022-12-19,1121.64,1120,1155,1135.7,1271.42,0.4849,80.3,15.7,1.4,157769676812719367991345457359183530766526362409000698593649147675435597824,19.3,3.0449436270072525e+75,122.93,True,1,1,0,1,1,2,1.268946966989035e+77
ASTERDM.NS,2022-11-02,2022-12-19,200.56,200,205,202.33,167.33,0.3607,76.3,2.33,1.162,103570628829700938540634586464611136322835131113053179417877681164788177043456,-2.33,-2.413194563895937e+77,-100.0,False,1,1,1,1,1,3,1.1824653363090092e+79
ASTERDM.NS,2022-11-03,2022-12-20,203.58,205,210,207.18,172.65,0.3549,77.7,2.18,1.072,108339741288309225250748030954615252616815077878907319227523707418383361245184,-2.18,-2.3649306726180185e+77,-100.0,False,1,1,1,1,1,3,1.158816029582829e+79
ARMANFIN.NS,2022-11-03,2022-12-20,1565.65,1565,1615,1587.39,1428.4,0.3903,71.5,22.39,1.43,4388719322561369914887541678571383977342190627361500472149027389473520877568,-22.39,-9.826561462678734e+76,-100.0,False,1,1,1,1,1,3,4.815015116712579e+78
ARTEMISMED.NS,2022-11-04,2022-12-21,73.56,75,80,76.78,76.65,0.431,72.7,1.78,2.415,43888596931726956889174758279776938876843858360580853005226387048037926043648,-0.13,-5.766401641982822e+75,-7.39,False,1,1,1,1,1,3,3.893120067063542e+78
ANANTRAJ.NS,2022-11-04,2022-12-21,114.2,115,120,117.08,104.71,0.5097,64.6,2.08,1.823,1100244956014226281691524684808411351891012441110354643475064931339934367744,-2.08,-2.289982705762601e+75,-100.0,False,1,1,1,0,1,2,1.1220915258236745e+77
ACE.NS,2022-11-04,2022-12-21,326.12,325,335,329.51,303.88,0.5319,74.4,4.51,1.383,417370835373598756844934393260683256745811022070311396645208798981915672576,-4.51,-1.8831089392215827e+75,-100.0,False,1,1,1,1,1,3,9.227233802185756e+76
ACE.NS,2022-11-07,2022-12-22,332.59,335,345,339.3,291.04,0.5301,77.5,4.3,1.292,429377289124021671308979113469026084244779573217286412868564468724211384320,-4.3,-1.8454467604371512e+75,-100.0,False,1,1,1,1,1,3,9.042689126142041e+76
ADANIENT.NS,2022-11-07,2022-12-22,3953.41,3955,4070,4006.74,3861.52,0.3598,92.6,51.74,1.309,62769910661177327642603081088159291107250775130233337171859622603299749888,-51.74,-3.2479572121222463e+75,-100.0,False,1,1,0,1,1,2,1.591499033939901e+77
ARTEMISMED.NS,2022-11-07,2022-12-22,75.7,75,80,77.13,73.71,0.4103,76.2,2.13,2.816,36519504530262352998037561513246813802374014581623164353324688673357881671680,-2.13,-7.786240134127084e+76,-100.0,False,1,1,1,1,1,3,3.815257665722271e+78
APOLLOTYRE.NS,2022-11-07,2022-12-22,287.41,285,295,289.76,302.27,0.2311,75.0,4.76,1.655,20672250666404906331812314330670229790599205876525354024562556312786871255040,5.24,1.0838060939256039e+77,110.21,True,1,1,1,1,1,3,5.025475472966993e+78
ATGL.NS,2022-11-07,2022-12-22,3795.19,3795,3910,3846.71,3546.69,0.3377,87.0,51.71,1.362,9079811903243594636782669361800223275006840295629513638258643990948593270784,-51.71,-4.694897565385468e+77,-100.0,False,1,1,0,1,1,2,2.3004998070388795e+79
ACEINTEG.NS,2022-11-07,2022-12-22,50.9,50,55,52.06,53.05,0.5406,74.6,2.06,4.056,2046603752985437456496649382953786848310003975227969782123102177755779825664,0.99,2.016828756767938e+75,47.73,True,1,1,1,0,1,2,2.1328238517691286e+77
ARTEMISMED.NS,2022-11-09,2022-12-23,76.15,75,80,77.21,69.39,0.4086,76.8,2.21,2.904,34505011136123864573507032725501533846330517871055202706255220247519259787264,-2.21,-7.630515331444543e+76,-100.0,False,1,1,1,0,1,2,3.738952512407826e+78
ASTRAZEN.NS,2022-11-09,2022-12-23,3522.26,3520,3630,3569.5,3276.24,0.3444,85.2,49.5,1.405,5720458192470642534546614763794461233003367321253785141529505351123100237824,-49.5,-2.8317602045919133e+77,-100.0,False,1,1,0,1,1,2,1.3875625002500374e+79
ACCELYA.NS,2022-11-09,2022-12-23,1173.26,1175,1210,1190.5,1099.52,0.5024,78.9,15.5,1.321,163722349262117044318929418673881965763319613219796692422021292523517902848,-15.5,-2.5378939339780704e+75,-100.0,False,1,1,1,1,1,3,1.2435680276492544e+77
ADANIENT.NS,2022-11-09,2022-12-23,3989.94,3990,4110,4043.96,3635.58,0.3527,92.3,53.96,1.353,58983629343875818591094560610782099301785511512950412857872151242417897472,-53.96,-3.1829980678798015e+75,-100.0,False,1,1,0,1,1,2,1.5596690532611028e+77
ANANTRAJ.NS,2022-11-09,2022-12-23,114.75,115,120,117.13,89.39,0.4994,62.6,2.13,1.859,1052051299597483656934543587776913513461097944191117979806921878630622560256,-2.13,-2.2441830516473494e+75,-100.0,False,1,1,1,0,1,2,1.099649695307201e+77
ACCELYA.NS,2022-11-10,2022-12-26,1247.42,1245,1285,1262.87,1132.4,0.5278,78.5,17.87,1.433,139152551461470378217587842362994734689695928366630625301901573643720196096,-17.87,-2.4871360552985094e+75,-100.0,False,1,1,1,1,1,3,1.2186966670962693e+77
ACEINTEG.NS,2022-11-11,2022-12-27,53.3,55,60,56.67,52.5,0.6099,69.7,1.67,3.14,2548699909425101546155138359798503392941864857918087900474488279711438864384,-1.67,-4.2656477035382574e+75,-100.0,False,1,1,1,0,1,2,2.090167374733746e+77
ALLCARGO.NS,2022-11-11,2022-12-27,108.66,110,115,112.0,95.89,0.4661,55.7,2.0,1.842,1217359127964498974559924132220142488229840458599840213265391897777872568320,-2.0,-2.436900134970054e+75,-100.0,False,1,1,1,1,1,3,1.1940810661353266e+77
AEGISLOG.NS,2022-11-11,2022-12-27,309.43,310,320,314.4,330.42,0.4652,63.5,4.4,1.423,283645903628032603948456501863958127233809968062657190979136165810288984064,5.6,1.5876419741110675e+75,127.13,True,1,1,1,0,1,2,6.4028495082574e+76
ARMANFIN.NS,2022-11-11,2022-12-27,1567.25,1565,1615,1587.57,1401.55,0.3572,61.8,22.57,1.44,4267260783559651827609762912981180240081987578397909093797635435339230216192,-22.57,-9.630030233425157e+76,-100.0,False,1,1,1,0,1,2,4.718714814378327e+78
ATGL.NS,2022-11-11,2022-12-27,3795.39,3795,3910,3846.71,3348.31,0.3583,77.4,51.71,1.363,8897215576380941060274783990346209082511906378803470480919286747722806198272,-51.71,-4.600999614077759e+77,-100.0,False,1,1,1,0,1,2,2.254489810898102e+79
ANANTRAJ.NS,2022-11-11,2022-12-27,115.94,115,120,117.25,97.55,0.5017,64.0,2.25,1.939,978413168737236672797160933237463002270265069304548759474015273692375810048,-2.25,-2.199299390614402e+75,-100.0,False,1,1,1,0,1,2,1.077656701401057e+77
ALLCARGO.NS,2022-11-14,2022-12-28,113.52,115,120,117.01,98.63,0.4779,73.8,2.01,1.769,1188939491258252115457063460564119212781472013097556142206316267213936394240,-2.01,-2.388162132270653e+75,-100.0,False,1,1,1,1,1,3,1.17019944481262e+77
ACE.NS,2022-11-14,2022-12-28,343.38,345,355,349.36,289.6,0.5306,73.5,4.36,1.27,414825383235045597705718475845729158818145216685405810318576895519738560512,-4.36,-1.8085378252284082e+75,-100.0,False,1,1,1,1,1,3,8.8618353436192e+76
ARMANFIN.NS,2022-11-14,2022-12-28,1573.65,1575,1620,1595.22,1392.35,0.357,69.8,20.22,1.285,4667448468334443951899610601133874026200424656069298558584760912086835396608,-20.22,-9.437429628756655e+76,-100.0,False,1,1,1,0,1,2,4.624340518090761e+78
ACCELYA.NS,2022-11-14,2022-12-28,1304.42,1305,1345,1322.7,1217.53,0.5456,82.9,17.7,1.357,137669484955493596276412001710477480242456312056549873377299087294493360128,-17.7,-2.4373933341925386e+75,-100.0,False,1,1,0,1,1,2,1.1943227337543438e+77
ACEINTEG.NS,2022-11-14,2022-12-28,55.95,55,60,57.1,51.0,0.6231,67.1,2.1,3.747,1993749624475019434338718743327120007726298057299439800658466265041570103296,-2.1,-4.180334749467493e+75,-100.0,False,1,1,1,0,1,2,2.048364027239071e+77
AMBUJACEM.NS,2022-11-14,2022-12-28,570.28,570,585,576.87,509.45,0.2971,77.7,6.87,1.205,213510823119265141575088200879237447933176940978930756141441195478213459968,-6.87,-1.4677972129596882e+75,-100.0,False,1,1,1,0,1,2,7.192206343502472e+76
APOLLO.NS,2022-11-14,2022-12-28,23.8,25,30,26.06,26.63,0.5222,62.0,1.06,4.444,41629885411862704866089433228807987187806720944431818610459564885932955926528,0.57,2.375032206583116e+76,53.93,True,1,1,1,0,1,2,2.2255108917964776e+78
AMBUJACEM.NS,2022-11-15,2022-12-29,576.32,575,595,583.99,513.72,0.2971,78.0,8.99,1.56,159973744948343732577495034343271522439031949436994614802469466374448087040,-8.99,-1.4384412687004945e+75,-100.0,False,1,1,1,1,1,3,7.048362216632423e+76
ACEINTEG.NS,2022-11-15,2022-12-29,58.7,60,65,61.79,54.0,0.6316,78.5,1.79,3.055,2284789953253327370738804529184251448631705944245283781171872442230148956160,-1.79,-4.096728054478142e+75,-100.0,False,1,1,1,0,1,2,2.0073967466942896e+77
ARMANFIN.NS,2022-11-15,2022-12-29,1577.55,1580,1625,1600.13,1436.9,0.3554,68.8,20.13,1.276,4594859548034967776717859608112763525924315569173424072392470741950725619712,-20.13,-9.248681036181523e+76,-100.0,False,1,1,1,1,1,3,4.5318537077289456e+78
APARINDS.NS,2022-11-15,2022-12-29,1563.42,1565,1610,1584.93,1719.73,0.5566,59.9,19.93,1.275,1199316911824361440844462585201161581450708587746792810181605188626087411712,25.07,3.006679401082637e+76,125.79,True,1,1,1,1,1,3,1.2251901450743211e+78
ADROITINFO.NS,2022-11-15,2022-12-29,14.39,15,20,16.04,17.01,0.7245,70.5,1.04,7.224,1458229203291453974116648933923310914977057079719869214131537027190308732928,0.97,1.4074517104488844e+75,92.82,True,1,1,1,0,1,2,7.722422957427448e+76
APOLLO.NS,2022-11-15,2022-12-29,24.31,25,30,26.06,27.75,0.4203,59.5,1.06,4.353,42059285438528965246537621851845420638353981526711380465258162432996372643840,1.69,7.120833055066525e+76,159.98,True,1,1,1,0,1,2,2.296719222347143e+78
AEGISLOG.NS,2022-11-15,2022-12-29,312.23,310,320,314.61,339.54,0.4859,65.9,4.61,1.475,278046679835896501602044367743213512057547554538741179562709838731646337024,5.39,1.4998968967074852e+75,117.13,True,1,1,1,0,1,2,6.552839197928148e+76
ANANTRAJ.NS,2022-11-15,2022-12-29,117.68,120,125,121.96,104.66,0.5079,67.4,1.96,1.662,1102137638974087892483591890659018392987712929553402263841133493068905840640,-1.96,-2.155313402802114e+75,-100.0,False,1,1,1,0,1,2,1.0561035673730359e+77
ACEINTEG.NS,2022-11-16,2022-12-30,61.1,60,65,62.14,54.25,0.6336,80.7,2.14,3.495,1879847908613783893625033699866593115588475711312257179920682747056627908608,-2.14,-4.0147934933885795e+75,-100.0,False,1,1,0,1,1,2,1.967248811760404e+77
ALLCARGO.NS,2022-11-16,2022-12-30,114.1,115,120,117.07,96.64,0.4753,69.7,2.07,1.812,1132089593405536233089778925978751656327830606523574493987141913619806027776,-2.07,-2.34039888962524e+75,-100.0,False,1,1,1,0,1,2,1.1467954559163676e+77
ALICON.NS,2022-11-16,2022-12-30,964.17,965,995,978.28,866.5,0.512,78.3,13.28,1.377,197135220923676883264312557296687621846224717273974446538135531803964866560,-13.28,-2.6172554074129163e+75,-100.0,False,1,1,1,1,1,3,1.282455149632329e+77
ARCHIES.NS,2022-11-17,2023-01-02,26.1,25,30,26.92,25.0,0.7513,80.1,1.92,7.343,49642983524704317774698510943879988550984500708702580214012377988896644923392,-1.92,-9.514733216190001e+76,-100.0,False,1,1,0,1,1,2,4.662219275933101e+78
ADROITINFO.NS,2022-11-17,2023-01-02,14.61,15,20,16.13,18.17,0.7337,59.0,1.13,7.72,1369799678950212806302809094220846188245223563911585610549235941220777197568,2.04,2.7967798367304203e+75,181.08,True,1,1,1,1,1,3,8.00210094110049e+76
ACEINTEG.NS,2022-11-17,2023-01-02,64.15,65,70,66.89,52.85,0.638,90.1,1.89,2.951,2078264515336258067708806596534728414851483865173674935028048332670038441984,-1.89,-3.934497623520808e+75,-100.0,False,1,1,0,1,1,2,1.9279038355251958e+77
ALICON.NS,2022-11-18,2023-01-03,1046.66,1045,1080,1060.6,951.09,0.4985,80.9,15.6,1.491,164372362097254378915494363378909227932029940207021572064778566614252519424,-15.6,-2.564910299264658e+75,-100.0,False,1,1,0,1,1,2,1.2568060466396824e+77
ACEINTEG.NS,2022-11-18,2023-01-03,67.35,65,70,67.31,55.6,0.638,90.4,2.31,3.434,1667350287563747913479565126410765451227928225373303877480762401880836931584,-2.31,-3.855807671050392e+75,-100.0,False,1,1,0,1,1,2,1.8893457588146918e+77
ARCHIES.NS,2022-11-18,2023-01-03,27.55,30,35,31.19,24.65,0.7607,83.3,1.19,4.308,78572045100954364079727417364693994924045846629471661607244206817650952634368,-1.19,-9.324438551866202e+76,-100.0,False,1,1,0,1,1,2,4.568974890414439e+78
ACEINTEG.NS,2022-11-21,2023-01-04,70.7,70,75,72.11,53.95,0.6399,91.5,2.11,2.988,1788943854232557604788488721174455109706459429400870101297483086561565212672,-2.11,-3.778691517629384e+75,-100.0,False,1,1,0,1,1,2,1.851558843638398e+77
APOLLO.NS,2022-11-21,2023-01-04,24.68,25,30,26.2,31.71,0.423,72.6,1.2,4.883,38120296353929504088045243966048272042263421441788389438275363913602347040768,3.8,1.4466709732270467e+77,314.94,True,1,1,1,1,1,3,2.4413863196698476e+78
ARTEMISMED.NS,2022-11-23,2023-01-06,77.89,80,85,81.77,73.02,0.4947,70.7,1.77,2.267,42347820705188438409180412762806509955514211033612390273538416337506694856704,-1.77,-7.477905024815652e+76,-100.0,False,1,1,1,1,1,3,3.664173462159669e+78
AEGISLOG.NS,2022-11-23,2023-01-06,318.07,320,330,324.3,329.84,0.3858,63.2,4.3,1.353,304639866984404816266837687848430913547542595518928970100736845556788232192,5.54,1.6873011639480366e+75,128.75,True,1,1,1,0,1,2,6.721569314322952e+76
AEGISLOG.NS,2022-11-24,2023-01-09,318.55,320,330,324.35,339.78,0.3856,67.1,4.35,1.364,309350932607904155364878610849108241932342053049741016303171127887903326208,5.65,1.7491954632144512e+75,130.12,True,1,1,1,0,1,2,6.896488860644398e+76
AARVI.NS,2022-11-25,2023-01-10,160.65,160,165,162.27,160.51,0.5106,63.2,2.27,1.41,54341330254680068531833274611022040107624610506931495761136196000092782592,-1.76,-9.567648835550977e+73,-77.71,False,1,1,1,1,1,3,6.060362703566555e+75
APOLLO.NS,2022-11-25,2023-01-10,24.69,25,30,26.12,30.76,0.3755,61.0,1.12,4.531,43652122176014439019170942306783900071534134803829160224608775472962496102400,3.88,1.6943288448667525e+77,347.0,True,1,1,1,0,1,2,2.610819204156523e+78
AEGISLOG.NS,2022-11-25,2023-01-10,324.39,325,335,329.43,344.84,0.3882,71.4,4.43,1.365,311427460053043683922549070278889893678788832649386418379546542236741140480,5.57,1.7349768284015574e+75,125.79,True,1,1,1,0,1,2,7.069986543484553e+76
ATALREAL.NS,2022-11-25,2023-01-10,14.23,15,20,16.02,16.37,0.769,64.1,1.02,7.181,328607869613157110393568438365891081032173653957690663688598529988760145231872,0.35,1.1438281142396872e+77,34.06,True,1,1,1,1,1,3,1.6904895097661752e+79
AARVI.NS,2022-11-28,2023-01-11,176.71,175,180,177.3,159.46,0.6031,72.9,2.3,1.304,52595088674200003984934131799284134513683994960736641696698368275532218368,-2.3,-1.212072540713311e+74,-100.0,False,1,1,1,1,1,3,5.939155449495224e+75
ATALREAL.NS,2022-11-28,2023-01-11,14.46,15,20,16.07,17.52,0.7357,65.3,1.07,7.432,314607057242721254152954048397931048728761699862050515952836663073594421542912,1.45,4.5471202631410424e+77,134.49,True,1,1,1,1,1,3,1.7359607123975855e+79
ABCAPITAL.NS,2022-11-28,2023-01-11,137.05,135,140,137.47,147.0,0.2863,66.9,2.47,1.806,45378078297061738205234885166638218391704714741769013133082751697833426944,2.53,1.145830341259661e+74,102.03,True,1,1,1,1,1,3,5.729950902093095e+75
APOLLO.NS,2022-11-28,2023-01-11,25.92,25,30,26.7,32.29,0.3904,74.3,1.7,6.576,30634026368347782900110132164392298859686147716512441600133299409612997394432,3.3,1.0095374775860845e+77,193.34,True,1,1,1,1,1,3,2.7117729519151315e+78
APOLLOTYRE.NS,2022-11-28,2023-01-11,298.83,300,310,304.34,305.04,0.461,56.2,4.34,1.453,23153899049040032084412372157137143896974149486356604523597858925336034541568,0.7,1.627678451424067e+76,16.19,True,1,1,1,1,1,3,5.041752257481234e+78
AARVI.NS,2022-11-29,2023-01-12,181.75,180,185,182.31,158.08,0.592,77.5,2.31,1.272,51373859398902738727705324127828388688672167463232047951950587966317920256,-2.31,-1.187831089899045e+74,-100.0,False,1,1,1,1,1,3,5.8203723405053196e+75
APOLLOTYRE.NS,2022-11-29,2023-01-12,301.17,300,310,304.53,302.94,0.4612,60.3,4.53,1.504,22261123624141936683752955299529900655773023672059420518050850174298893582336,-1.59,-3.5355357633971604e+76,-35.06,False,1,1,1,0,1,2,5.0063968998472625e+78
APOLLO.NS,2022-11-29,2023-01-12,27.2,25,30,27.33,31.88,0.3996,77.8,2.33,8.565,23278067363540432673044564260653893178746598828501080772330811538122991468544,2.67,6.215487777939953e+76,114.6,True,1,1,1,1,1,3,2.773927829694531e+78
ATALREAL.NS,2022-11-29,2023-01-12,14.8,15,20,16.19,17.48,0.7203,66.5,1.19,8.045,291608797072717143302390355141687159583111002917550309504769660432099695394816,1.29,3.759975407729077e+77,108.3,True,1,1,1,1,1,3,1.7735604664748762e+79
ARROWGREEN.NS,2022-11-29,2023-01-12,172.35,170,180,174.47,169.54,0.459,95.5,4.47,2.594,16539908512756472049926843545193521720954317639886412778673100680547069329408,-4.47,-7.39492951383936e+76,-100.0,False,1,1,0,1,1,2,3.6235154617812863e+78
ACCELYA.NS,2022-11-29,2023-01-12,1414.77,1415,1455,1432.88,1215.51,0.5144,79.5,17.88,1.264,133601892096480581010529258517217571535407234130390047958197068192632799232,-17.88,-2.3886454675086876e+75,-100.0,False,1,1,1,1,1,3,1.170436279079257e+77
ABCAPITAL.NS,2022-11-29,2023-01-12,144.1,145,150,147.1,146.3,0.3222,72.4,2.1,1.461,54443969037478291690664505825644072235890497504242581219269711818716610560,-0.8,-4.3821692143332273e+73,-38.24,False,1,1,1,1,1,3,5.6861292099497624e+75
APOLLO.NS,2022-11-30,2023-01-13,27.46,25,30,27.46,33.38,0.3903,78.3,2.46,8.959,22549012943385349253019284171058160520130144087234679065909106706002598690816,2.54,5.726650812303613e+76,103.22,True,1,1,1,0,1,2,2.831194337817567e+78
ARTEMISMED.NS,2022-11-30,2023-01-13,78.83,80,85,81.81,73.71,0.3802,62.2,1.81,2.301,40401365664936795076478606839323704517668830991514389239684527192085966618624,-1.81,-7.328346924319339e+76,-100.0,False,1,1,1,0,1,2,3.590889992916476e+78
ABCAPITAL.NS,2022-11-30,2023-01-13,145.35,145,150,147.25,148.95,0.3222,76.7,2.25,1.55,50461898442457979844765106834823852036387711512553005242755158020099932160,1.7,8.560176065122097e+73,75.27,True,1,1,1,0,1,2,5.771730970600983e+75
APOLLOTYRE.NS,2022-11-30,2023-01-13,302.42,300,310,304.63,306.57,0.461,62.2,4.63,1.531,21627033182692519320420566434156064958513706156300189097429362939736245665792,1.94,4.2025848867918726e+76,41.97,True,1,1,1,0,1,2,5.048422748715181e+78
ARROWGREEN.NS,2022-12-01,2023-01-16,182.73,185,190,187.1,186.88,0.4135,98.9,2.1,1.148,34549484755777403777127515087956976839131843620042515628637186386567196835840,-0.22,-7.613056556727548e+75,-10.51,False,1,1,0,1,1,2,3.6159024052245587e+78
ARTEMISMED.NS,2022-12-01,2023-01-16,79.48,80,85,81.93,74.21,0.3796,64.2,1.93,2.425,37255752994278480423143825962370537772268841864766928196454589251434993156096,-1.93,-7.181779985832952e+76,-100.0,False,1,1,1,0,1,2,3.5190721930581462e+78
ADROITINFO.NS,2022-12-01,2023-01-16,14.99,15,20,16.13,16.65,0.5754,64.2,1.13,7.526,1418330201837175717847100758097456288242095996680835034251813431346288656384,0.52,7.429784254610027e+74,46.42,True,1,1,1,1,1,3,8.07639878364659e+76
AKG.NS,2022-12-01,2023-01-16,28.12,30,35,30.76,36.7,0.381,67.4,0.76,2.692,2382510528679138548102995449301022378689452070881662847847486101853168467968,4.24,1.0108848266241344e+76,560.45,True,1,1,1,0,1,2,1.0029406712395878e+77
ABCAPITAL.NS,2022-12-01,2023-01-16,145.7,145,150,147.3,147.65,0.3201,79.1,2.3,1.576,50285766646919994125481764999330243625999010210478597834747718360188846080,0.35,1.782235528235588e+73,15.44,True,1,1,1,0,1,2,5.789553325883339e+75
APOLLOTYRE.NS,2022-12-02,2023-01-17,305.04,305,315,309.45,305.09,0.4549,69.0,4.45,1.458,22706556251152737992309385093391513288982551224888958851350891710779951677440,-4.36,-9.888752881395782e+76,-97.94,False,1,1,1,0,1,2,4.949535219901223e+78
ABCAPITAL.NS,2022-12-02,2023-01-17,151.7,150,155,152.41,146.95,0.3369,81.6,2.41,1.589,48044975868561875804045413184286011509611693019120858637202767082824925184,-2.41,-1.1579106651766678e+74,-100.0,False,1,1,0,1,1,2,5.6737622593656726e+75
APLAPOLLO.NS,2022-12-02,2023-01-17,1173.34,1175,1210,1190.6,1130.49,0.3402,68.5,15.6,1.329,2715261584207089920025791823855132181154847203974742997409087485852986114048,-15.6,-4.235239638113784e+76,-100.0,False,1,1,1,1,1,3,2.075267422675754e+78
ACCELYA.NS,2022-12-02,2023-01-17,1435.46,1435,1480,1455.0,1283.61,0.5238,66.8,20.0,1.393,117066029795962687422617880041599681419501348766835541750136021136682516480,-20.0,-2.340872558158514e+75,-100.0,False,1,1,1,0,1,2,1.1470275534976719e+77
ATALREAL.NS,2022-12-02,2023-01-17,14.96,15,20,16.26,17.27,0.7272,73.7,1.26,8.416,281735202777284544101206796935091160512294260241637566593801572563580876750848,1.01,2.8482694597760157e+77,80.3,True,1,1,1,1,1,3,1.8020431610726364e+79
AKG.NS,2022-12-05,2023-01-18,28.48,30,35,30.8,34.2,0.3562,75.0,0.8,2.824,2494504500524962416212204815108601464680375685553069466942883865709330300928,3.4,8.471039462881567e+75,422.31,True,1,1,1,1,1,3,1.0876510658684034e+77
ATALREAL.NS,2022-12-05,2023-01-18,15.13,15,20,16.33,17.12,0.7253,75.2,1.33,8.76,271920564237810149458303352187524111765252194157436037789452330310218029203456,0.79,2.1606319217444944e+77,59.95,True,1,1,1,0,1,2,1.8236494802900813e+79
ARE&M.NS,2022-12-05,2023-01-18,635.59,635,655,643.97,561.58,0.2412,71.5,8.97,1.412,9756032823862555534443929817829541609490595878446537052490211658840089296896,-8.97,-8.752738578071254e+76,-100.0,False,1,1,1,0,1,2,4.288841903254914e+78
ABCAPITAL.NS,2022-12-05,2023-01-18,158.65,160,165,162.1,148.15,0.3465,89.8,2.1,1.326,53933681829901182037373633723656265709153760821979422730653779771307065344,-2.1,-1.1347524518731346e+74,-100.0,False,1,1,0,1,1,2,5.560287014178359e+75
APOLLO.NS,2022-12-05,2023-01-18,27.78,30,35,30.65,34.11,0.3776,71.7,0.65,2.349,86772680697285022205943911516677662892090960046899353571942127796035809968128,3.45,2.9959315431398093e+77,529.09,True,1,1,1,0,1,2,3.1307874921315482e+78
ADROITINFO.NS,2022-12-06,2023-01-19,15.31,15,20,16.22,15.88,0.5275,61.2,1.22,7.997,1319228407863424468456361952471102177884697900577738081140582011434803658752,-0.35,-4.595546186885129e+74,-28.45,False,1,1,1,0,1,2,8.030443321777739e+76
AKG.NS,2022-12-06,2023-01-19,29.76,30,35,31.32,35.8,0.3801,77.3,1.32,4.434,1648596239002429781493554926328304191479779742345489720920380243056611295232,3.68,6.067679063275342e+75,278.94,True,1,1,1,0,1,2,1.1483278565011569e+77
ALKALI.NS,2022-12-06,2023-01-19,138.45,140,145,142.06,130.81,0.7974,71.6,2.06,1.488,1328309085400500358852524595980974816063594106508980444700228414645676802048,-2.06,-2.735671108776536e+75,-100.0,False,1,1,1,0,1,2,1.3404788433005026e+77
ATALREAL.NS,2022-12-06,2023-01-19,15.41,15,20,16.44,16.02,0.7249,78.8,1.44,9.338,253459224425949975180565024336454310932066681885302874520492856683537687904256,-0.42,-1.0620137111912202e+77,-29.12,False,1,1,1,1,1,3,1.8130293431781692e+79
ARE&M.NS,2022-12-06,2023-01-19,636.5,635,655,643.99,551.02,0.1623,67.5,8.99,1.412,9546052559407998702636711212825645539236862593246395283102096317173903392768,-8.99,-8.577683806509828e+76,-100.0,False,1,1,1,0,1,2,4.2030650651898156e+78
AIAENG.NS,2022-12-06,2023-01-19,2746.14,2745,2830,2783.22,2404.92,0.3156,70.8,38.22,1.392,27614545265638339934078739394079518961154854327474550274381593535989153792,-38.22,-1.0555497006467765e+75,-100.0,False,1,1,1,0,1,2,5.172193533169205e+76
APARINDS.NS,2022-12-06,2023-01-19,1576.52,1575,1625,1597.36,1657.58,0.4754,59.4,22.36,1.418,1095845967428123603309934028955525426814134262646837673051791463160383275008,27.64,3.028849546991976e+76,123.61,True,1,1,1,0,1,2,1.2554786405442409e+78
APARINDS.NS,2022-12-07,2023-01-20,1599.77,1600,1650,1622.27,1662.9,0.4705,59.0,22.27,1.392,1127647886704107174215158048099104557389164177202067593846391434410251517952,27.73,3.127282152432054e+76,124.55,True,1,1,1,1,1,3,1.2867514620685613e+78
ARROWGREEN.NS,2022-12-07,2023-01-20,209.21,210,215,212.24,191.82,0.3667,99.1,2.24,1.069,32328136880164617506566996073482009540130599150545450675134475699402062168064,-2.24,-7.231804810449118e+76,-100.0,False,1,1,0,1,1,2,3.5435843571200675e+78
ADROITINFO.NS,2022-12-07,2023-01-20,16.83,15,20,17.05,15.63,0.6078,66.8,2.05,12.164,784590806447629926576211107506238971871481820844929626486322331612046426112,-1.42,-1.1125027089355906e+75,-69.27,False,1,1,1,1,1,3,7.91919305088418e+76
AEGISLOG.NS,2022-12-08,2023-01-23,327.14,325,335,329.7,335.44,0.3399,65.9,4.7,1.438,300653727808835587738100382857314499615555831721209094089326377199625830400,5.3,1.5925399693914454e+75,112.63,True,1,1,1,0,1,2,7.229240540423698e+76
AKG.NS,2022-12-08,2023-01-23,32.79,35,40,35.93,33.2,0.4233,84.4,0.93,2.832,2472772611443324739246435559378589838442656486322279146360540365949641949184,-0.93,-2.296655713002314e+75,-100.0,False,1,1,0,1,1,2,1.1253612993711337e+77
AMBUJACEM.NS,2022-12-08,2023-01-23,577.6,580,595,586.51,492.45,0.2093,59.5,6.51,1.127,216619871864452699943342400456059042126974207439054151752978660621495042048,-6.51,-1.4096724433264847e+75,-100.0,False,1,1,1,0,1,2,6.907394972299775e+76
ARE&M.NS,2022-12-08,2023-01-23,639.93,640,660,648.7,553.81,0.1702,64.9,8.7,1.36,9661780317002192698259354669727842557639717379199398706843427313857274576896,-8.7,-8.406130130379632e+76,-100.0,False,1,1,1,0,1,2,4.1190037638860195e+78
ADROITINFO.NS,2022-12-08,2023-01-23,18.49,20,25,20.92,16.09,0.6488,73.8,0.92,4.964,1725941150617443091507150236015770367417604823543377870779824096614199328768,-0.92,-1.5838386101768362e+75,-100.0,False,1,1,1,1,1,3,7.760809189866497e+76
AIAENG.NS,2022-12-08,2023-01-23,2796.04,2795,2880,2833.29,2420.62,0.3075,71.3,38.29,1.369,27017408260462363716366191100288814458258193802041711835304880606569037824,-38.29,-1.034438706633841e+75,-100.0,False,1,1,1,0,1,2,5.068749662505821e+76
AKG.NS,2022-12-09,2023-01-24,33.26,35,40,36.05,32.2,0.4209,85.0,1.05,3.16,2141460593685121603883900198143796105949505278015007193740196571267783983104,-1.05,-2.2507225987422675e+75,-100.0,False,1,1,0,1,1,2,1.102854073383711e+77
ADROITINFO.NS,2022-12-09,2023-01-24,19.65,20,25,21.31,15.98,0.6661,82.3,1.31,6.68,1182431034589985559872032752155492963025295973692263767751215344244960002048,-1.31,-1.5521618379732995e+75,-100.0,False,1,1,0,1,1,2,7.605593006069167e+76
ARTEMISMED.NS,2022-12-12,2023-01-25,80.77,80,85,82.15,69.84,0.3552,68.8,2.15,2.668,32662202662404817850202317783980381659266544181914802589816433057168520904704,-2.15,-7.038144386116292e+76,-100.0,False,1,1,1,1,1,3,3.4486907491969833e+78
AEGISLOG.NS,2022-12-12,2023-01-25,327.19,325,335,329.7,330.81,0.3511,61.1,4.7,1.437,307582002129276258339419451520409469270426806608809518224204715092619558912,1.1,3.39832121317879e+74,23.5,True,1,1,1,0,1,2,7.263223752555486e+76
ARE&M.NS,2022-12-12,2023-01-25,640.31,640,660,648.77,544.65,0.169,64.5,8.77,1.37,9389480862959714443984700466205457379334649249766418584790283027917739917312,-8.77,-8.23800752777204e+76,-100.0,False,1,1,1,0,1,2,4.0366236886082995e+78
ATALREAL.NS,2022-12-12,2023-01-25,15.85,15,20,16.59,15.87,0.6475,78.5,1.59,10.007,228621647628310246886650580711922102913832337941681767305932914171911562330112,-0.72,-1.6370506136267513e+77,-45.15,False,1,1,1,0,1,2,1.796658837041902e+79
ABBOTINDIA.NS,2022-12-13,2023-01-27,19980.92,19980,20580,20239.88,20339.68,0.1415,69.4,259.88,1.301,606572905190003174288643346925661152947765991078405507336022839013670912,99.8,6.053523506599687e+73,38.4,True,1,1,1,1,1,3,7.942430366636798e+75
ADANIENT.NS,2022-12-13,2023-01-27,4052.83,4055,4175,4108.14,2756.43,0.2049,71.2,53.14,1.311,58700301061532432488836624419821889246449756088671911327506216709093588992,-53.14,-3.1193381065222063e+75,-100.0,False,1,1,1,0,1,2,1.5284756721958808e+77
APARINDS.NS,2022-12-13,2023-01-27,1672.33,1670,1725,1694.68,1463.45,0.414,79.0,24.68,1.476,1042750334085991140204643669964156199842844143753660020145467958804099366912,-24.68,-2.573502924137123e+76,-100.0,False,1,1,1,1,1,3,1.26101643282719e+78
AEGISLOG.NS,2022-12-13,2023-01-27,349.67,350,360,354.48,322.07,0.4026,65.8,4.48,1.282,323964784693227838874018985849131925056988517559275312888935295985223991296,-4.48,-1.452644750511097e+75,-100.0,False,1,1,1,1,1,3,7.117959277504376e+76
APOLLO.NS,2022-12-14,2023-01-30,27.83,30,35,30.72,32.28,0.3992,69.7,0.72,2.575,87386177519072730039584551259139517663029933727444103868047604774145353580544,1.57,1.369193112304678e+77,218.67,True,1,1,1,1,1,3,3.267706803362016e+78
APOLLO.NS,2022-12-15,2023-01-31,27.94,30,35,30.73,31.82,0.3897,69.6,0.73,2.598,90014480477966092676445514068744887092104559054605810332929935199380227227648,1.09,9.839905142000628e+76,150.56,True,1,1,1,0,1,2,3.366105854782022e+78
ARIES.NS,2022-12-15,2023-01-31,174.05,175,180,177.18,191.19,0.4773,88.4,2.18,1.252,45775383151998536931651236919333695090814577322046015564094293940335217213440,2.82,1.2913894348279372e+77,129.48,True,1,1,0,1,1,2,5.1160375573427425e+78
ARIES.NS,2022-12-16,2023-02-01,174.64,175,180,177.22,181.46,0.4749,88.0,2.22,1.271,46113706755293829859901453129259506235614206932577056960514030062056404680704,2.78,1.282477826296143e+77,125.34,True,1,1,0,1,1,2,5.2442853399723565e+78
AKG.NS,2022-12-16,2023-02-01,33.95,35,40,36.27,30.1,0.4304,77.6,1.27,3.746,1734383940281730912553332913793041953776797661041010801851003195912175484928,-1.27,-2.205708146767422e+75,-100.0,False,1,1,1,0,1,2,1.0807969919160368e+77
ABBOTINDIA.NS,2022-12-19,2023-02-02,20026.61,20025,20625,20285.32,19637.93,0.1422,65.9,260.32,1.3,610202255515905311949549938966347900110142572921161604772008577281818624,-260.32,-1.5884860733273596e+74,-100.0,False,1,1,1,0,1,2,7.783581759304062e+75
ADANIENT.NS,2022-12-19,2023-02-02,4067.9,4070,4190,4123.14,1562.41,0.2015,70.4,53.14,1.306,57528624113332543775530192225868773750217295693812540350272552006458540032,-53.14,-3.056951344391762e+75,-100.0,False,1,1,1,0,1,2,1.497906158751963e+77
APOLLOTYRE.NS,2022-12-19,2023-02-02,310.11,310,320,314.47,316.75,0.2862,64.3,4.47,1.44,22167753994378622908486095905280267995580228798949578909988172179008810647552,2.29,5.065516518731882e+76,51.17,True,1,1,1,0,1,2,5.000190385088542e+78
APARINDS.NS,2022-12-19,2023-02-02,1685.53,1685,1735,1707.54,1970.05,0.3868,77.7,22.54,1.337,1118992784421391979388752007860225424082053367677461325700641095055669460992,27.46,3.0729310564525794e+76,121.84,True,1,1,1,0,1,2,1.2917457433917158e+78
ABBOTINDIA.NS,2022-12-20,2023-02-03,20039.12,20040,20640,20299.71,20013.76,0.1417,65.0,259.71,1.296,599398067253592641991358189461246574509282826320118479286136128055279616,-259.71,-1.5567163518608125e+74,-100.0,False,1,1,1,0,1,2,7.62791012411798e+75
ARCHIES.NS,2022-12-20,2023-02-03,27.6,30,35,30.97,21.4,0.5658,69.1,0.97,3.526,93897397989504063754676342997042515789179495503310114171631137588651631837184,-0.97,-9.137949780828879e+76,-100.0,False,1,1,1,0,1,2,4.47759539260615e+78
APOLLOTYRE.NS,2022-12-20,2023-02-03,312.88,315,320,317.25,315.56,0.2851,66.0,2.25,0.719,44433484782646069191051476838373888302686573810314159501017583888061331144704,-1.69,-7.529608900595193e+76,-75.29,False,1,1,1,0,1,2,4.92489429608259e+78
ADANIENT.NS,2022-12-20,2023-02-03,4157.74,4160,4280,4213.48,1583.92,0.2136,73.2,53.48,1.286,56021830054542603879903113252922326684957544100323940842935806472075870208,-53.48,-2.9958123175039264e+75,-100.0,False,1,1,1,1,1,3,1.4679480355769239e+77
ARIES.NS,2022-12-20,2023-02-03,179.09,180,185,182.19,174.29,0.4868,85.0,2.19,1.221,47962983227526592932663571633865099999901345783496899655334258494175935725568,-2.19,-1.0488570679944714e+77,-100.0,False,1,1,0,1,1,2,5.13939963317291e+78
ABBOTINDIA.NS,2022-12-21,2023-02-06,20662.2,20660,21280,20932.69,20011.36,0.1675,69.6,272.69,1.32,559460081410892122130902299293701519853237430224737325177132340125630464,-272.69,-1.525582024823596e+74,-100.0,False,1,1,1,1,1,3,7.47535192163562e+75
ABBOTINDIA.NS,2022-12-22,2023-02-07,20944.05,20945,21570,21219.97,20128.05,0.1706,83.8,274.97,1.313,543725674023636368458408798885272194527618375551799338445669829619744768,-274.97,-1.495070384327124e+74,-100.0,False,1,1,0,1,1,2,7.325844883202908e+75
ARIES.NS,2022-12-28,2023-02-13,204.22,205,210,207.11,168.12,0.9467,71.5,2.11,1.032,48792871642910309252156287605117076632552584719149209695119495434032069476352,-2.11,-1.0278799266345819e+77,-100.0,False,1,1,1,1,1,3,5.036611640509451e+78
APARINDS.NS,2022-12-28,2023-02-13,1716.06,1715,1770,1739.62,2254.96,0.4192,61.8,24.62,1.435,1049313848432206465115380761126378081871184298546353202519063347562111041536,30.38,3.187734679593704e+76,123.39,True,1,1,1,0,1,2,1.3236230901876528e+78
ARVSMART.NS,2022-12-28,2023-02-13,309.52,310,320,314.38,270.58,0.5678,67.2,4.38,1.415,21245680441718841448857491533829218596471456415151899085935853590174446387200,-4.38,-9.304953899923498e+76,-100.0,False,1,1,1,1,1,3,4.559427410962514e+78
ARIES.NS,2022-12-29,2023-02-14,212.57,215,220,217.07,167.18,0.9446,73.8,2.07,0.972,48751569083225895248548508236096758460933779944368503837075434527468776587264,-2.07,-1.0073223281018903e+77,-100.0,False,1,1,1,1,1,3,4.935879407699262e+78
APARINDS.NS,2022-12-29,2023-02-14,1719.73,1720,1770,1742.53,2274.35,0.3734,67.2,22.53,1.31,1175209796455607605224233491753247376282257417497040747496894009534092148736,27.47,3.228802801902733e+76,121.97,True,1,1,1,0,1,2,1.35591111820668e+78
ARVSMART.NS,2022-12-29,2023-02-14,314.98,315,325,319.41,274.19,0.5659,74.8,4.41,1.402,20654657933439046032205588906196392366585717948176018651508776644122301693952,-4.41,-9.118854821925028e+76,-100.0,False,1,1,1,1,1,3,4.468238862743264e+78
ARVSMART.NS,2022-12-30,2023-02-15,315.28,315,325,319.44,270.24,0.5618,73.7,4.44,1.407,20149550760922761825891143159671652547850207349174663590303875213956789305344,-4.44,-8.936477725486528e+76,-100.0,False,1,1,1,1,1,3,4.378874085488399e+78
APOLLO.NS,2022-12-30,2023-02-15,29.13,30,35,31.3,33.17,0.5044,62.3,1.3,4.472,51669658758957879037319896652802585122121092011103753543327056029056619249664,1.87,9.656442811473334e+76,143.44,True,1,1,1,1,1,3,3.4626702828967556e+78
APARINDS.NS,2022-12-30,2023-02-15,1752.27,1750,1805,1774.83,2263.36,0.3757,68.3,24.83,1.417,1092345450242767341383612041797469706345404790749604392624098593237513535488,30.17,3.29607773992186e+76,121.54,True,1,1,1,0,1,2,1.3888718956058988e+78
ARVSMART.NS,2023-01-02,2023-02-16,322.74,325,330,327.22,273.99,0.5506,74.2,2.22,0.688,39415472114495870143343338323904818945736134891797181418256317384585128181760,-2.22,-8.757748170976799e+76,-100.0,False,1,1,1,0,1,2,4.291296603778631e+78
APOLLOTYRE.NS,2023-01-02,2023-02-16,313.69,315,325,319.26,319.33,0.2482,58.8,4.26,1.357,23138691830657584840100195485026320929131623897740512628496009416649992044544,0.07,1.7135231099574203e+75,1.74,True,1,1,1,0,1,2,4.926607819192547e+78
APOLLO.NS,2023-01-02,2023-02-16,30.51,30,35,31.75,32.64,0.5196,63.6,1.75,5.741,39536922651565386303744432807553168816702675677092133776099992390239271256064,0.89,3.523233576931924e+76,50.87,True,1,1,1,1,1,3,3.4979026186660748e+78
APARINDS.NS,2023-01-02,2023-02-16,1782.66,1785,1835,1807.43,2354.1,0.374,63.1,22.43,1.258,1238388081166964307562798000994108231320273699935961109151379589368549212160,27.57,3.4141966146230235e+76,122.91,True,1,1,1,0,1,2,1.423013861752129e+78
APOLLO.NS,2023-01-03,2023-02-17,30.62,30,35,31.78,32.45,0.5182,63.3,1.78,5.829,39201497177561589938856163882235919487301271979935305644069648501333683077120,0.66,2.6010426072495116e+76,37.18,True,1,1,1,0,1,2,3.5239130447385697e+78
ARVSMART.NS,2023-01-03,2023-02-17,323.62,325,335,329.35,267.65,0.5508,77.0,4.35,1.343,19749141024399100311516090271977410789316878734847996279233770295433294249984,-4.35,-8.582593207557262e+76,-100.0,False,1,1,1,0,1,2,4.205470671703059e+78
ALKALI.NS,2023-01-03,2023-02-17,138.59,140,145,142.06,113.5,0.8088,54.6,2.06,1.49,1298423540582170393998058933958140088600580754525282025513892054567783235584,-2.06,-2.680957686601005e+75,-100.0,False,1,1,0,1,1,2,1.3136692664344926e+77
ALKALI.NS,2023-01-04,2023-02-20,166.29,165,170,167.13,110.99,1.0332,68.3,2.13,1.279,1234985529282987360889783134028396122443518819795650758755313861581942554624,-2.13,-2.6273385328689852e+75,-100.0,False,1,1,1,1,1,3,1.2873958811058028e+77
ABBOTINDIA.NS,2023-01-04,2023-02-20,21035.0,21035,21665,21311.45,19237.74,0.1649,77.1,276.45,1.314,529999524954058649473369910537657479614820646290647494840050637015613440,-276.45,-1.4651689766405817e+74,-100.0,False,1,1,1,0,1,2,7.1793279855388504e+75
APOLLO.NS,2023-01-04,2023-02-20,31.71,30,35,32.14,32.68,0.5202,66.5,2.14,6.758,32884460510300961541034614787323738675716470906024489470767057661920100220928,0.54,1.7740039735750845e+76,25.17,True,1,1,1,1,1,3,3.5416530844743206e+78
APARINDS.NS,2023-01-05,2023-02-21,1800.25,1800,1855,1824.69,2236.88,0.3938,67.0,24.69,1.371,1152725871170145960005074893320735070284110012838595189033856834080321044480,30.31,3.493964567931545e+76,122.77,True,1,1,1,1,1,3,1.4579535074314444e+78
ABBOTINDIA.NS,2023-01-05,2023-02-21,21195.95,21195,21830,21473.76,19205.34,0.1645,77.7,278.76,1.315,515086909979465006777910833146711498120662681102019557421809667858759680,-278.76,-1.43586559710777e+74,-100.0,False,1,1,1,0,1,2,7.035741425828074e+75
ARIES.NS,2023-01-05,2023-02-21,213.9,215,220,217.09,157.7,0.9802,65.4,2.09,0.978,47177093743429959597652966068219510025041483276227207379944461710170827784192,-2.09,-9.871758815398524e+76,-100.0,False,1,1,1,0,1,2,4.837161819545277e+78
APOLLO.NS,2023-01-05,2023-02-21,33.3,35,40,36.26,32.07,0.54,76.8,1.26,3.784,56224365657199040453981442383482079438749144373124183238686451037823505006592,-1.26,-7.083306168948642e+76,-100.0,False,1,1,1,1,1,3,3.470820022784834e+78
APOLLOTYRE.NS,2023-01-05,2023-02-21,323.25,325,335,329.3,314.65,0.3179,59.7,4.3,1.329,22930189613805365140007603588575258424274019390658153534390167259098556399616,-4.3,-9.853215638385095e+76,-100.0,False,1,1,1,1,1,3,4.828075662808696e+78
ANANDRATHI.NS,2023-01-05,2023-02-21,179.33,180,185,182.13,191.76,0.1859,77.4,2.13,1.189,471689656701693183676512838158655565117784875558070224285841691575962304512,2.87,1.352359580401519e+75,134.42,True,1,1,1,1,1,3,5.1656794735748855e+76
ABBOTINDIA.NS,2023-01-06,2023-02-22,21409.68,21410,22050,21691.0,19384.69,0.1658,77.8,281.0,1.312,500772309806388172379046091286231218843523004323001350683710650222379008,-281.0,-1.4071482851656147e+74,-100.0,False,1,1,1,0,1,2,6.895026597311512e+75
3PLAND.NS,2023-01-09,2023-02-23,27.55,30,35,31.36,20.05,1.0755,80.2,1.36,4.947,294781379369862367643863769978204815933557504874816875913799934114852241408,-1.36,-4.017746396852449e+74,-100.0,False,1,1,0,1,1,2,1.9686957344577e+76
ANANDRATHI.NS,2023-01-09,2023-02-23,184.34,185,190,187.15,188.64,0.1924,82.8,2.15,1.169,479449028287350461905682441430279166598749063507971592130246943685709135872,1.49,7.132873319654431e+74,69.04,True,1,1,0,1,1,2,5.23700820677143e+76
ATALREAL.NS,2023-01-10,2023-02-24,16.37,15,20,16.85,14.45,1.0183,58.1,1.85,11.29,194418583116801197824581157124435754993461007054175957372642214067190531883008,-1.85,-3.593317674083804e+77,-100.0,False,1,1,1,1,1,3,1.760725660301064e+79
3PLAND.NS,2023-01-10,2023-02-24,30.3,30,35,31.8,21.05,1.1038,84.3,1.8,5.95,218381280341093026966188615383806921363662989915410803776893974941177741312,-1.8,-3.9373914689154e+74,-100.0,False,1,1,0,1,1,2,1.929321819768546e+76
ATALREAL.NS,2023-01-11,2023-02-27,17.52,20,25,21.01,13.7,1.0445,66.4,1.01,5.792,347029117419652015647228019245041225981169286107152917337285876232720803168256,-1.01,-3.521451320602128e+77,-100.0,False,1,1,1,0,1,2,1.7255111470950426e+79
3PLAND.NS,2023-01-11,2023-02-27,33.3,35,40,36.58,22.1,1.1202,88.4,1.58,4.732,244862252410194252194561117218938584039584397944665955264092118398049189888,-1.58,-3.8586436395370925e+74,-100.0,False,1,1,0,1,1,2,1.8907353833731752e+76
APOLLO.NS,2023-01-13,2023-03-01,33.38,35,40,36.3,30.66,0.5567,79.1,1.3,3.897,53372345532125700300475481967480087214537070019915392226616021903131392606208,-1.3,-6.941640045569669e+76,-100.0,False,1,1,1,0,1,2,3.4014036223291375e+78
ATALREAL.NS,2023-01-13,2023-03-01,17.58,20,25,21.03,13.57,1.0428,67.4,1.03,5.84,336109319481511124504131903359175530658374660031386649650417548778538553835520,-1.03,-3.451022294190085e+77,-100.0,False,1,1,1,0,1,2,1.6910009241531417e+79
ANANDRATHI.NS,2023-01-13,2023-03-01,188.83,190,195,192.11,185.22,0.2086,86.1,2.11,1.117,496769456793205294411503631767359514598849629500219169939483723620637736960,-2.11,-1.047401641354286e+75,-100.0,False,1,1,0,1,1,2,5.132268042636001e+76
ARVSMART.NS,2023-01-16,2023-03-02,324.06,325,335,329.37,253.79,0.5656,75.5,4.37,1.348,19254205034788507880862203949538216525744144268107414733655878878324305428480,-4.37,-8.410941343406117e+76,-100.0,False,1,1,1,1,1,3,4.121361258268997e+78
ANANDRATHI.NS,2023-01-16,2023-03-02,193.74,195,200,197.12,189.03,0.2159,87.3,2.12,1.093,484949040367195157618495097667457619569907722972477896700060896497634377728,-2.12,-1.0264536085272002e+75,-100.0,False,1,1,0,1,1,2,5.029622681783281e+76
ARVSMART.NS,2023-01-17,2023-03-03,326.11,325,335,329.5,255.74,0.56,63.0,4.5,1.379,18333937269007434249545513135646509467832077093820593328397066688386096431104,-4.5,-8.242722516537994e+76,-100.0,False,1,1,1,0,1,2,4.0389340331036175e+78
ANANTRAJ.NS,2023-01-17,2023-03-03,118.93,120,125,122.07,114.75,0.6569,75.3,2.07,1.741,1020081420784446009946656896063602725797740708915907328139975844346223132672,-2.07,-2.112207134746072e+75,-100.0,False,1,1,1,0,1,2,1.0349814960255752e+77
APOLLO.NS,2023-01-17,2023-03-03,34.02,35,40,36.49,31.71,0.5845,74.6,1.49,4.37,45761266975772205618419252610161185656295579853752003039310163874540521783296,-1.49,-6.802807244658275e+76,-100.0,False,1,1,1,0,1,2,3.333375549882555e+78
ANANDRATHI.NS,2023-01-17,2023-03-03,198.2,200,205,202.07,191.59,0.2211,90.9,2.07,1.042,487007994770927565246624095109085311835645353119577902832048490823309852672,-2.07,-1.0059245363566563e+75,-100.0,False,1,1,0,1,1,2,4.9290302281476155e+76
APOLLO.NS,2023-01-18,2023-03-06,34.11,35,40,36.51,31.3,0.5829,72.7,1.51,4.415,44272991648531047048465904553865004291002815030295527239686303170073402015744,-1.51,-6.66675109976511e+76,-100.0,False,1,1,1,0,1,2,3.2667080388849037e+78
ANANDRATHI.NS,2023-01-18,2023-03-06,199.63,200,205,202.24,191.99,0.2188,90.8,2.24,1.124,439199223606591837603016057635884718293821848898449521654877480188582559744,-2.24,-9.85806045629523e+74,-100.0,False,1,1,0,1,1,2,4.830449623584663e+76
APLAPOLLO.NS,2023-01-18,2023-03-06,1176.71,1175,1210,1190.9,1234.02,0.3779,65.0,15.9,1.351,2611075294169258017024372462052858805556323343461979014431220824338111397888,19.1,4.9882286842408946e+76,120.18,True,1,1,1,1,1,3,2.125149709518163e+78
ANANTRAJ.NS,2023-01-18,2023-03-06,119.32,120,125,122.1,115.3,0.6554,72.1,2.1,1.759,986249674561992565967696903384050370627430280622288032201107647354911064064,-2.1,-2.0699629920511504e+75,-100.0,False,1,1,1,0,1,2,1.0142818661050638e+77
APOLLO.NS,2023-01-19,2023-03-08,35.79,35,40,36.92,30.95,0.5492,73.3,1.92,5.364,34032506079101973192319930888713006064125419946155242720850831149061296357376,-1.92,-6.533416077769807e+76,-100.0,False,1,1,1,1,1,3,3.2013738781072055e+78
360ONE.NS,2023-01-19,2023-03-08,454.3,455,470,461.46,418.08,0.2156,77.1,6.46,1.421,64222819128631305547567272234139980124269659664226177862085511479480549376,-6.46,-4.147127924264233e+74,-100.0,False,1,1,1,1,1,3,2.0320926828894745e+76
ANANDRATHI.NS,2023-01-19,2023-03-08,206.29,205,210,207.46,194.75,0.2146,92.2,2.46,1.194,392327464445025993226130436767149140511470364160846410513560666667040636928,-2.46,-9.660899247169327e+74,-100.0,False,1,1,0,1,1,2,4.73384063111297e+76
ANANTRAJ.NS,2023-01-19,2023-03-08,121.21,120,125,122.24,114.5,0.6356,67.3,2.24,1.846,906348473068125697714673708362776358397781847430148884736028396191242780672,-2.24,-2.0285637322101277e+75,-100.0,False,1,1,1,0,1,2,9.939962287829625e+76
ATGL.NS,2023-01-20,2023-03-09,3913.53,3915,4030,3966.47,903.16,0.4523,69.7,51.47,1.315,8760514761741476817945014196454270704893236691495868621101109924038707249152,-51.47,-4.5089796217962034e+77,-100.0,False,1,1,1,0,1,2,2.20940001468014e+79
APLAPOLLO.NS,2023-01-20,2023-03-09,1184.43,1185,1220,1200.72,1198.29,0.3251,69.3,15.72,1.327,2704184705338071720503074235936242964616162372619462810988315200559094169600,-2.43,-6.574506945038415e+75,-15.47,False,1,1,1,0,1,2,2.1185752025731243e+78
APOLLO.NS,2023-01-20,2023-03-09,36.24,35,40,37.03,31.52,0.4881,71.4,2.03,5.605,31524248228146870265891582142809649100862872967138142313594961236823375872000,-2.03,-6.402747756214411e+76,-100.0,False,1,1,1,0,1,2,3.1373464005450616e+78
360ONE.NS,2023-01-23,2023-03-10,456.65,455,470,461.85,418.18,0.2137,76.3,6.85,1.501,59308123893309080987493800004319737508897579086808641704995917765638356992,-6.85,-4.064185365778949e+74,-100.0,False,1,1,1,0,1,2,1.991450829231685e+76
AEGISLOG.NS,2023-01-30,2023-03-16,360.48,360,370,364.53,361.58,0.4611,62.5,4.53,1.257,314065512716993381120991350727038349618418614828297839877030024463995895808,-2.95,-9.258294550661728e+74,-65.03,False,1,1,1,1,1,3,7.025376331997759e+76
AEGISLOG.NS,2023-01-31,2023-03-17,368.24,370,380,374.39,364.38,0.4639,63.6,4.39,1.193,319774280288222270962590767632292778176448010154022501485470942482355191808,-4.39,-1.4050752663995517e+75,-100.0,False,1,1,1,1,1,3,6.884868805357804e+76
AIAENG.NS,2023-02-01,2023-03-20,2815.63,2815,2900,2853.28,2715.83,0.311,77.5,38.28,1.359,26484024842138239069101240019161874466302727056606553202488116996168744960,-38.28,-1.0137499325011642e+75,-100.0,False,1,1,1,1,1,3,4.9673746692557044e+76
APARINDS.NS,2023-02-01,2023-03-20,1901.84,1900,1960,1925.18,2242.64,0.9977,55.2,25.18,1.324,1157981815844641917671088799035052844424161736662277510826197844212108492800,34.82,4.0319838802049623e+76,138.28,True,1,1,1,1,1,3,1.498273346233494e+78
ANUP.NS,2023-02-01,2023-03-20,529.52,530,545,536.72,482.18,0.434,71.3,6.72,1.269,1613428074728829288293237689192879962298421021250362863955669718011087945728,-6.72,-1.0844061623890257e+76,-100.0,False,1,1,1,1,1,3,5.313590195706226e+77
APARINDS.NS,2023-02-02,2023-03-21,1970.05,1970,2030,1995.14,2224.56,1.0026,59.0,25.14,1.276,1192074623724330015570185567175558546369165333337035505213134011019363876864,34.86,4.155901049878992e+76,138.69,True,1,1,1,1,1,3,1.5398323567322839e+78
ANUP.NS,2023-02-02,2023-03-21,556.23,555,575,563.92,483.4,0.4511,72.1,8.92,1.604,1191463873903817152018536982339425467953090388336406132786554566136163205120,-8.92,-1.0627180391412453e+76,-100.0,False,1,1,1,0,1,2,5.207318391792101e+77
APOLLOTYRE.NS,2023-02-06,2023-03-23,323.3,325,335,329.28,296.16,0.2871,63.9,4.28,1.323,22576309340010784362715398667752028338441464467885869911057960055792866426880,-4.28,-9.656151325617393e+76,-100.0,False,1,1,1,0,1,2,4.731514149552522e+78
APARINDS.NS,2023-02-07,2023-03-24,2171.35,2170,2235,2196.81,2275.72,1.1222,68.4,26.81,1.235,1148674185163359233584621022640872611976971491061322042101685100789966569472,38.19,4.386717490097267e+76,142.44,True,1,1,1,1,1,3,1.5836995316332565e+78
ACE.NS,2023-02-07,2023-03-24,359.75,360,370,364.49,375.47,0.4324,70.8,4.49,1.249,394435280103380293297957142770749585459529412217250045402206186545614946304,5.51,2.171985732309963e+75,122.55,True,1,1,1,1,1,3,9.079033916850197e+76
ARMANFIN.NS,2023-02-07,2023-03-24,1585.5,1585,1635,1607.42,1338.65,0.3283,64.9,22.42,1.414,4042126789094103976493700828000810431765780346243991297029077229704436514816,-22.42,-9.063707415457892e+76,-100.0,False,1,1,1,0,1,2,4.441216633574367e+78
APARINDS.NS,2023-02-08,2023-03-27,2172.72,2175,2240,2201.71,2238.34,1.1222,68.9,26.71,1.229,1186024533080112959020243468478036062715327416631244016820107972534119432192,36.64,4.3453540441399046e+76,137.19,True,1,1,1,0,1,2,1.6271530720746556e+78
ACE.NS,2023-02-08,2023-03-27,360.6,360,370,364.56,380.65,0.4251,69.6,4.56,1.264,398429963404949235292728182643041239056009254258567852703126276331337154560,5.44,2.168492850679453e+75,119.42,True,1,1,1,1,1,3,9.295883201918142e+76
ACE.NS,2023-02-09,2023-03-28,380.79,380,390,384.57,377.46,0.451,75.7,4.57,1.201,406443237883340923987254236877822336611451067677090580100314045592100667392,-4.57,-1.8591766403836285e+75,-100.0,False,1,1,1,1,1,3,9.109965537879779e+76
APLAPOLLO.NS,2023-02-09,2023-03-28,1188.09,1190,1225,1205.47,1190.42,0.2473,56.4,15.47,1.302,2738458491422328976511914376241706091209545460488656107993803265416053653504,-15.05,-4.122724826335963e+76,-97.3,False,1,1,1,0,1,2,2.0773479543097648e+78
ACEINTEG.NS,2023-02-09,2023-03-28,74.0,75,80,76.94,37.6,0.7471,77.8,1.94,2.624,1907006290151118465230275458336949620385501005339960700294925207873941143552,-1.94,-3.703117687276796e+75,-100.0,False,1,1,1,1,1,3,1.81452766676563e+77
ASMS.NS,2023-02-09,2023-03-28,13.2,15,20,15.92,5.85,4.0228,,0.92,6.954,348036703971949480816420333131943222577426914709096126557427536073967599091712,-0.92,-3.1946851709016553e+77,-100.0,False,1,1,0,1,1,2,1.565395733741811e+79
ARMANFIN.NS,2023-02-09,2023-03-28,1604.0,1605,1650,1625.3,1331.5,0.3423,66.6,20.3,1.265,4376442494674026466947814049657047031070223018603815817044137378047466668032,-20.3,-8.882433267148733e+76,-100.0,False,1,1,1,0,1,2,4.352392300902879e+78
ANUP.NS,2023-02-09,2023-03-28,575.14,575,590,581.77,482.01,0.4845,70.0,6.77,1.178,1537350139809749968275076494538384120095887656361540013467273273979634188288,-6.77,-1.0414636783584202e+76,-100.0,False,1,1,1,0,1,2,5.103172023956259e+77
ARMANFIN.NS,2023-02-10,2023-03-29,1650.2,1650,1700,1672.49,1346.85,0.3408,67.1,22.49,1.363,3870099621212724978076777805456863820587706709626169840900434665873843683328,-22.49,-8.704784601805758e+76,-100.0,False,1,1,1,1,1,3,4.265344454884822e+78
APARINDS.NS,2023-02-13,2023-03-31,2254.96,2255,2325,2283.84,2447.86,1.1108,75.7,28.84,1.279,1128354376321903610218419882894587660433475138721353420408283786094604976128,41.16,4.644174490104014e+76,142.71,True,1,1,1,0,1,2,1.6735948169756957e+78
APLAPOLLO.NS,2023-02-13,2023-03-31,1189.48,1190,1225,1205.66,1192.99,0.2501,62.5,15.66,1.317,2652788109647326841773206591244721341574308994820961547456848758234926809088,-12.67,-3.361191027774827e+76,-80.9,False,1,1,1,0,1,2,2.0437360440320166e+78
APARINDS.NS,2023-02-14,2023-04-03,2274.35,2275,2345,2303.88,2540.31,1.099,75.1,28.88,1.27,1158887273005650671382143380487300934293317985452120025724383226705530060800,41.12,4.765021277088163e+76,142.36,True,1,1,1,0,1,2,1.7212450297465773e+78
APLAPOLLO.NS,2023-02-14,2023-04-03,1205.12,1205,1240,1220.77,1167.75,0.2471,70.2,15.77,1.308,2592188485633210005414330493960884842861816148219100880768496599727513534464,-15.77,-4.087472088064033e+76,-100.0,False,1,1,1,1,1,3,2.002861323151376e+78
APLAPOLLO.NS,2023-02-15,2023-04-05,1218.72,1220,1255,1235.61,1177.65,0.2438,73.1,15.61,1.281,2566379086283107469938377522862433219098877032064334852503061180181876047872,-15.61,-4.005722646302752e+76,-100.0,False,1,1,1,1,1,3,1.9628040966883484e+78
APLAPOLLO.NS,2023-02-16,2023-04-06,1307.6,1310,1345,1325.72,1185.82,0.3166,87.6,15.72,1.202,2497422719518901501782882751713570900310737609086293442343449651657731735552,-15.72,-3.925608193376697e+76,-100.0,False,1,1,0,1,1,2,1.9235480147545816e+78
ACE.NS,2023-02-17,2023-04-10,380.84,380,390,384.57,404.03,0.4648,76.9,4.57,1.2,398683448630488532695314856596660602011088189836540494425021338999653924864,5.43,2.1648413787289293e+75,118.82,True,1,1,1,0,1,2,9.326449675752672e+76
AEGISLOG.NS,2023-03-08,2023-04-27,377.99,380,390,384.35,377.75,0.2773,86.0,4.35,1.151,316444955962602803667395857870176238268058077334544725581952741117221928960,-4.35,-1.3769737610715608e+75,-100.0,False,1,1,0,1,1,2,6.747171429250648e+76
ANURAS.NS,2023-04-05,2023-05-24,885.28,885,910,896.31,1201.94,0.3987,78.5,11.31,1.278,1549143249759830918584954649516258516584631129843268381068076350389981544448,13.69,2.1205003770517375e+76,121.01,True,1,1,1,0,1,2,8.973838774444373e+77
AEGISLOG.NS,2023-04-05,2023-05-24,386.0,385,400,391.64,359.99,0.4883,57.8,6.64,1.719,203338212014037142902647966565206657023997041684127291501201840065447198720,-6.64,-1.3494342858501295e+75,-100.0,False,1,1,1,1,1,3,6.612228000665635e+76
ARROWGREEN.NS,2023-04-05,2023-05-24,272.98,275,280,277.22,287.95,0.4589,79.3,2.22,0.813,31946793478225389181602379739050415463370831186688312630544649120561787568128,2.78,8.886228024872558e+76,125.38,True,1,1,1,0,1,2,3.632446637368793e+78
ADOR.NS,2023-04-05,2023-05-24,957.42,955,985,968.6,1146.11,0.4233,87.3,13.6,1.421,114312015884722694574215896010339969213491706326495946012451787503516516352,16.4,1.8743513714278622e+75,120.54,True,1,1,0,1,1,2,7.96248066271188e+76
AIAENG.NS,2023-04-05,2023-05-24,2927.63,2930,3015,2967.62,2901.22,0.2025,72.8,37.62,1.285,26408294103463771409198918374125968789282159436139392299988089985472397312,-37.62,-9.93474933851141e+74,-100.0,False,1,1,1,0,1,2,4.8680271758705905e+76
APTECHT.NS,2023-04-05,2023-05-24,246.77,245,255,249.53,312.82,0.4392,87.8,4.53,1.836,25848969628975660020027432132256418255314161916916784968731757924757083783168,5.47,1.4137155713971692e+77,120.71,True,1,1,0,1,1,2,5.9972785146417e+78
ABBOTINDIA.NS,2023-04-05,2023-05-24,21906.33,21905,22565,22196.01,20586.92,0.1774,86.8,291.01,1.328,473872278184117318629490308188088213681327206602067551027893065585000448,-291.01,-1.3790053194623024e+74,-100.0,False,1,1,0,1,1,2,6.7571260653652814e+75
ABINFRA.NS,2023-04-05,2023-05-24,2.32,5,10,5.01,3.08,1.0089,,0.01,0.289,35727104843195296553024329565440529835169535065103347980383572834243011674112,-0.01,-2.3937430572527343e+74,-100.0,False,1,1,0,1,1,2,1.1729340980538399e+76
APARINDS.NS,2023-04-05,2023-05-24,2637.2,2635,2715,2670.9,2710.25,0.4685,75.0,35.9,1.361,958878120534829487023858597135985454334002281808363478140537576553577447424,39.35,3.772903926758885e+76,109.6,True,1,1,1,1,1,3,1.7589740690141662e+78
ANANTRAJ.NS,2023-04-05,2023-05-24,132.55,135,140,136.99,140.11,0.4985,74.2,1.99,1.501,999263760922229100134705285614373839790487437140717048188917479056567435264,3.01,3.0083263470452203e+75,151.32,True,1,1,1,1,1,3,1.0240794922534148e+77
ACE.NS,2023-04-06,2023-05-25,413.88,415,425,419.49,456.17,0.4171,66.9,4.49,1.085,415213466397336638615710255408959594446979627851638862362980298361445285888,5.51,2.286844728822832e+75,122.6,True,1,1,1,0,1,2,9.555134148634955e+76
APTECHT.NS,2023-04-06,2023-05-25,266.3,265,275,269.48,323.89,0.5044,90.1,4.48,1.684,26753919360629077917173374339278605178988897076452668278677479000144005300224,5.52,1.4759362331345677e+77,123.05,True,1,1,0,1,1,2,6.144872137955156e+78
ATALREAL.NS,2023-04-06,2023-05-25,17.59,20,25,20.68,22.72,0.6566,68.9,0.68,3.845,500085366875289339491564895427647276365738028091596546506935361699894911827968,2.04,1.0220316696887879e+78,302.2,True,1,1,1,0,1,2,1.7932040911220204e+79
ABINFRA.NS,2023-04-06,2023-05-25,2.43,5,10,5.01,3.08,1.0039,,0.01,0.394,24479777098195126760758888298926937352316566382433008896391825171619151609856,-0.01,-2.3458681961076796e+74,-100.0,False,1,1,0,1,1,2,1.1494754160927632e+76
ASHIANA.NS,2023-04-06,2023-05-25,174.37,175,180,177.2,179.58,0.476,80.2,2.2,1.262,83669912193017788244377263742320593111334733871298512020279862400387741908992,2.38,1.987618380353062e+77,107.94,True,1,1,0,1,1,2,9.405639400033838e+78
ANURAS.NS,2023-04-06,2023-05-25,945.92,945,975,958.45,1201.14,0.4467,82.6,13.45,1.422,1334733132851399857071988461375627449338966288833883192889313109040831660032,16.55,2.2094316436653248e+76,123.1,True,1,1,0,1,1,2,9.194781938810905e+77
APARINDS.NS,2023-04-06,2023-05-25,2661.73,2660,2740,2695.89,2672.58,0.4686,74.7,35.89,1.348,980136090578816191732361904684966962904810736541743812618129293424348626944,-23.32,-2.28533607353113e+76,-64.96,False,1,1,1,1,1,3,1.736120708278855e+78
ANANTRAJ.NS,2023-04-06,2023-05-25,134.84,135,140,137.18,142.99,0.4996,73.8,2.18,1.616,940187239073503411537451539626847643437929380690002910908087286480142073856,2.82,2.6527772108606874e+75,129.52,True,1,1,1,0,1,2,1.0506072643620216e+77
APTECHT.NS,2023-04-10,2023-05-26,268.72,270,275,272.24,361.71,0.5018,88.6,2.24,0.834,54868844600672509242749608288213874653445027575660436344693424641873106960384,2.76,1.5144678024425944e+77,123.23,True,1,1,0,1,1,2,6.296318918199416e+78
ATALREAL.NS,2023-04-10,2023-05-26,17.98,20,25,20.78,22.72,0.6578,69.5,0.78,4.35,458540333143693568779621021759838769945301011219824849819626227008920220598272,1.94,8.885885730717825e+77,247.77,True,1,1,1,0,1,2,1.8820629484291988e+79
ASHIANA.NS,2023-04-10,2023-05-26,174.91,175,180,177.24,178.05,0.4727,79.2,2.24,1.279,84069090907511490516602188617875216937931826136348628857561001801857231749120,0.82,6.867405403551458e+76,36.51,True,1,1,1,1,1,3,9.474313454069353e+78
ABINFRA.NS,2023-04-10,2023-05-26,2.55,5,10,5.01,3.24,0.9975,,0.01,0.533,16911103170440602430505231363625140541465891300912611633839254422524616769536,-0.01,-2.2989508321855263e+74,-100.0,False,1,1,0,1,1,2,1.126485907770908e+76
ANANTRAJ.NS,2023-04-11,2023-05-29,137.02,135,140,137.36,150.05,0.4933,73.7,2.36,1.723,889813751531735435745371271733562887657513476010000644796861415775298125824,2.64,2.347854228934634e+75,111.74,True,1,1,1,0,1,2,1.074085806651368e+77
ANURAS.NS,2023-04-12,2023-05-30,948.17,950,975,961.16,1126.9,0.4871,76.9,11.16,1.177,1648413687466229921501073168974169945574311260434205254954034558977968177152,13.84,2.282077830903394e+76,124.1,True,1,1,1,0,1,2,9.422989721901245e+77
ABINFRA.NS,2023-04-13,2023-05-31,2.68,5,10,5.02,3.38,1.0159,89.2,0.02,0.827,10158286251240070037184491926254811126617373404244960690052175560361979674624,-0.02,-2.252971815541816e+74,-100.0,False,1,1,0,1,1,2,1.1039561896154897e+76
APARINDS.NS,2023-04-13,2023-05-31,2709.66,2710,2790,2745.78,2716.06,0.4759,83.4,35.78,1.32,970558975358304216336564894165827419727525174677792647410740479622582894592,-29.71,-2.883792647171769e+76,-83.05,False,1,1,0,1,1,2,1.7072827818071372e+78
ARROWGREEN.NS,2023-04-13,2023-05-31,274.46,275,285,279.35,366.05,0.5114,70.7,4.35,1.583,16717091171791184977648702114728019874948510390596087375562104169011836092416,5.65,9.4521978970536e+76,130.11,True,1,1,1,0,1,2,3.726968616339329e+78
ANANDRATHI.NS,2023-04-13,2023-05-31,208.15,210,215,212.03,211.93,0.1808,76.5,2.03,0.975,466347624519865229072357341083805461215734274465064951915876070474809081856,-0.1,-4.8620571839905987e+73,-5.14,False,1,1,1,1,1,3,4.728978573928979e+76
ANURAS.NS,2023-04-13,2023-05-31,985.64,985,1015,998.43,1163.47,0.4864,75.5,13.43,1.362,1403704310613245369610078225798408643288390010599714224084425608589746372608,16.57,2.3265149874594873e+76,123.45,True,1,1,1,1,1,3,9.655641220647194e+77
ANANTRAJ.NS,2023-04-13,2023-05-31,140.85,140,145,142.29,151.19,0.4281,78.5,2.29,1.622,940105672180725235677815679566808277682904126552950086629515219302040469504,2.71,2.55235674760089e+75,118.82,True,1,1,1,0,1,2,1.0996093741273769e+77
ANANDRATHI.NS,2023-04-17,2023-06-01,208.74,210,215,212.11,209.77,0.1785,73.5,2.11,1.012,447693843906849044921630822224838369886608015872298147735416192802784018432,-2.11,-9.457957147857958e+74,-100.0,False,1,1,1,0,1,2,4.6343990024504e+76
ANMOL.NS,2023-04-17,2023-06-01,43.99,45,50,46.5,49.62,0.4315,72.7,1.5,3.415,10955333852516228541457109282185583651330262943650480442045611528956317532160,3.12,3.4155348941859074e+76,207.53,True,1,1,1,1,1,3,8.570694367022046e+77
ABCAPITAL.NS,2023-04-17,2023-06-01,164.65,165,170,167.21,171.85,0.3914,60.8,2.21,1.345,50223376377450635011559091929005972967557585893104632393586550117901533184,2.79,1.39911141603686e+74,125.81,True,1,1,1,1,1,3,5.700198155782045e+75
ANURAS.NS,2023-04-17,2023-06-01,1054.6,1055,1085,1068.38,1112.88,0.5191,78.4,13.38,1.269,1442930741175894337797740989026252736142687845433202848581430629651611385856,16.62,2.3976639793982443e+76,124.16,True,1,1,1,1,1,3,9.89540761858702e+77
APTECHT.NS,2023-04-18,2023-06-02,277.01,275,285,279.57,363.28,0.4733,88.6,4.57,1.649,27559519203117448587513378290752300151466275803660751699764581993818609418240,5.43,1.4966881366718617e+77,118.85,True,1,1,0,1,1,2,6.445987731866602e+78
ANMOL.NS,2023-04-18,2023-06-02,44.68,45,50,46.68,49.3,0.4315,73.8,1.68,3.762,10196641972601480136873709395312552836295273741256651750882628516036810375168,2.62,2.6704163968721822e+76,155.79,True,1,1,1,1,1,3,8.837736006709264e+77
APTECHT.NS,2023-04-19,2023-06-05,292.26,290,300,294.6,348.39,0.472,90.4,4.6,1.575,28007538003030716472908938060762001116456531059383165026021505555068688007168,5.4,1.5115562539297511e+77,117.25,True,1,1,0,1,1,2,6.597143357259577e+78
ASHIANA.NS,2023-04-20,2023-06-06,178.45,180,185,182.15,183.36,0.5185,75.0,2.15,1.202,88330327647432531099199393935424711688658489457244708533884783110684938338304,1.21,1.0698021040556526e+77,56.46,True,1,1,1,1,1,3,9.58129366447492e+78
APARINDS.NS,2023-04-20,2023-06-06,2744.06,2745,2825,2780.78,2703.46,0.473,78.4,35.78,1.304,954386588367574307019935653776781658244476050525524497338100121262358528000,-35.78,-3.414565563614275e+76,-100.0,False,1,1,1,0,1,2,1.6731371261709944e+78
ADOR.NS,2023-04-20,2023-06-06,1012.77,1015,1045,1028.27,1124.33,0.4688,72.5,13.27,1.311,119969855194492616756915036468794495555501122690234599935496479084254330880,16.73,2.0065995232924026e+75,126.0,True,1,1,1,1,1,3,8.16314061504112e+76
ANURAS.NS,2023-04-21,2023-06-07,1056.14,1055,1090,1070.51,1082.7,0.5491,76.5,15.51,1.468,1276207432758084815591038361454386959903143334086151729135464421644285509632,12.19,1.5556796807566094e+76,78.61,True,1,1,1,0,1,2,1.005097558666268e+78
APARINDS.NS,2023-04-21,2023-06-07,2773.13,2775,2855,2810.76,2740.1,0.4683,79.2,35.76,1.289,935839165149649907200566042358318837167133852438818423739403237301933834240,-35.76,-3.346274252341989e+76,-100.0,False,1,1,1,0,1,2,1.6396743836475745e+78
ALKEM.NS,2023-04-21,2023-06-07,3316.85,3315,3415,3359.77,3315.49,0.2103,71.1,44.77,1.35,57505223116133455941710769635140203347889866696383881129619511118137393152,-44.29,-2.5467551580702685e+75,-98.91,False,1,1,1,1,1,3,1.2619283295251002e+77
AEGISLOG.NS,2023-04-24,2023-06-08,393.52,395,405,399.44,331.38,0.4367,65.3,4.44,1.129,297526398946783297667058124715097716062715734084734064461105770006392602624,-4.44,-1.3224456001331271e+75,-100.0,False,1,1,1,1,1,3,6.479983440652322e+76
APARINDS.NS,2023-04-24,2023-06-08,2774.45,2775,2860,2812.92,2779.39,0.4648,80.0,37.92,1.367,864823567646537268267490537160907986468685367898137987704005537611412144128,-33.53,-2.8999327636181895e+76,-88.43,False,1,1,1,0,1,2,1.6106750560113926e+78
ACE.NS,2023-04-24,2023-06-08,417.96,420,430,424.43,484.77,0.3096,62.6,4.43,1.06,431194023736649510685285043191851070665434074655092428289576802605403734016,5.57,2.4009134076395042e+75,125.63,True,1,1,1,1,1,3,9.795225489398906e+76
ALKEM.NS,2023-04-24,2023-06-08,3336.11,3335,3435,3379.7,3349.01,0.2098,67.9,44.7,1.34,56463989451062466682170036919992481153738240735666897594817379424857489408,-30.69,-1.7330161778934618e+75,-68.67,False,1,1,1,0,1,2,1.2445981677461656e+77
ANURAS.NS,2023-04-24,2023-06-08,1072.39,1070,1105,1085.68,1083.0,0.5043,77.2,15.68,1.462,1282343234753940369875031322403972623375193163985132268605786169264723460096,-2.68,-3.435715594587901e+75,-17.09,False,1,1,1,0,1,2,1.0016618430716802e+78
ATALREAL.NS,2023-04-25,2023-06-09,18.0,20,25,20.96,22.7,0.8215,61.8,0.96,5.359,390229354328043830646090582467022309132604286362718295994672031775114982850560,1.74,6.772069647212488e+77,179.91,True,1,1,1,0,1,2,1.949783644901324e+79
ACE.NS,2023-04-25,2023-06-09,426.57,425,440,431.81,476.76,0.3097,61.3,6.81,1.596,287789844337331055478401371671456832958931299613079854196938236757779939328,8.19,2.3578025671801842e+75,120.35,True,1,1,1,0,1,2,1.0031005746116924e+77
ANURAS.NS,2023-04-25,2023-06-09,1119.52,1120,1155,1135.51,1082.2,0.5132,78.0,15.51,1.386,1291253141775098612719773242569965228767702278923541511557985864603580497920,-15.51,-2.0033236861433603e+76,-100.0,False,1,1,1,1,1,3,9.816286062102466e+77
ATALREAL.NS,2023-04-26,2023-06-12,20.87,20,25,21.79,22.71,0.9676,70.5,1.79,8.584,217660462380676925638172033669943362546808686910012024673498323288547687137280,0.92,1.9990292479726473e+77,51.26,True,1,1,1,1,1,3,1.9697739373810505e+79
ASHIANA.NS,2023-04-27,2023-06-13,178.79,180,185,182.17,184.63,0.4543,64.2,2.17,1.213,88348419209520981456917879258403272963104518245166487365954359824443699625984,2.46,2.1766904713014694e+77,113.59,True,1,1,1,0,1,2,9.798962711605067e+78
APOLLOTYRE.NS,2023-04-27,2023-06-13,326.31,325,335,329.64,390.43,0.1917,71.6,4.64,1.422,20387131430298574668972692141295043917220488648470305252226284313290064527360,5.36,1.0924103131193531e+77,115.44,True,1,1,1,0,1,2,4.840755180864457e+78
AGI.NS,2023-04-28,2023-06-14,405.31,405,415,409.63,624.76,0.2872,80.9,4.63,1.141,177834413382842533944262369085212481608084693303748897894397830778046119936,5.37,9.55767448809278e+74,116.19,True,1,1,0,1,1,2,4.2084601699766644e+76
ALIVUS.NS,2023-04-28,2023-06-14,484.73,485,500,491.7,586.04,0.3163,86.7,6.7,1.381,345098953981971161828843852316323479479384785208395939699326682274300166144,8.3,2.8658889930972462e+75,124.03,True,1,1,0,1,1,2,1.183956548247133e+77
ANURAS.NS,2023-04-28,2023-06-14,1125.4,1125,1160,1140.62,1070.97,0.4844,74.9,15.62,1.388,1257104738430339575637394867446583759040804089432281817645589922529694187520,-15.62,-1.9632572124204932e+76,-100.0,False,1,1,1,1,1,3,9.619960340860417e+77
ABCAPITAL.NS,2023-04-28,2023-06-14,167.2,165,170,167.52,175.55,0.2706,65.8,2.52,1.505,45307651654911301832274306763187269441123717481505958169483991590922878976,2.48,1.125342951589156e+74,98.71,True,1,1,1,1,1,3,5.81273245094096e+75
APOLLOTYRE.NS,2023-04-28,2023-06-14,331.52,330,340,334.69,390.1,0.1949,78.9,4.69,1.414,20652010666557264869565811406835207668840809902066996414586296267888197107712,5.31,1.097050030482835e+77,113.31,True,1,1,1,1,1,3,4.95046018391274e+78
ALKEM.NS,2023-04-28,2023-06-14,3415.02,3415,3515,3459.08,3281.68,0.1639,65.2,44.08,1.291,56467962663286681998641996395559463985230119071972687946687724781844824064,-44.08,-2.489196335492331e+75,-100.0,False,1,1,1,0,1,2,1.2197062043912422e+77
ANMOL.NS,2023-05-02,2023-06-15,45.31,45,50,46.82,47.93,0.395,70.7,1.82,4.015,9715891439506867959655284931118107337459966750412497463287833447591839793152,1.11,1.0792092869391357e+76,61.06,True,1,1,1,0,1,2,8.945656935403178e+77
ALKEM.NS,2023-05-02,2023-06-15,3423.34,3425,3525,3468.78,3302.64,0.164,72.9,43.78,1.279,55718229592302169198875325520393857464408982582003967363381675206044024832,-43.78,-2.4394124087824845e+75,-100.0,False,1,1,1,0,1,2,1.1953120803034174e+77
ABCAPITAL.NS,2023-05-02,2023-06-15,167.95,170,175,172.0,174.2,0.2707,64.5,2.0,1.193,58022420385268429312390293532278451823802235784361197671902475762442174464,2.2,1.2743933952893349e+74,109.62,True,1,1,1,0,1,2,5.9401717904698935e+75
APARINDS.NS,2023-05-02,2023-06-15,2777.73,2780,2860,2815.72,3039.48,0.4753,60.6,35.72,1.286,901951683878534316216395134904950824920318941786509301037163911823520432128,44.28,3.9942633590054896e+76,123.99,True,1,1,1,0,1,2,1.6506176896014475e+78
APARINDS.NS,2023-05-03,2023-06-16,2903.06,2905,2990,2942.9,3052.23,0.4861,69.4,37.9,1.305,871074639879030369695920476553440250084569790860748079011317010019177725952,47.1,4.102899059768863e+76,124.28,True,1,1,1,1,1,3,1.6916466801991362e+78
ACE.NS,2023-05-03,2023-06-16,437.51,440,450,444.43,477.46,0.351,62.4,4.43,1.013,452713398532064858072677144496663890092612781730825654571044930461380902912,5.57,2.5209328360972638e+75,125.66,True,1,1,1,1,1,3,1.0283099029726651e+77
ANURAS.NS,2023-05-03,2023-06-16,1207.87,1210,1245,1225.52,1081.25,0.4921,85.8,15.52,1.285,1239385951351384464236290972760288090032464074462960570858443960196697948160,-15.52,-1.9239920681720834e+76,-100.0,False,1,1,0,1,1,2,9.427561134043208e+77
ABCAPITAL.NS,2023-05-03,2023-06-16,169.3,170,175,172.15,178.0,0.2367,71.3,2.15,1.268,55337662468193268354767377779198465074853416826413073553885839700434878464,2.85,1.5788487653156847e+74,132.9,True,1,1,1,0,1,2,6.098056667001462e+75
ABB.NS,2023-05-03,2023-06-16,3391.07,3390,3495,3436.92,4258.38,0.2393,68.8,46.92,1.384,2179175100932541735714609739165665998349623986285551443053491814582452224,58.08,1.2657600391409234e+74,123.81,True,1,1,1,0,1,2,5.23844508810532e+75
APOLLOTYRE.NS,2023-05-03,2023-06-16,339.59,340,350,344.4,393.35,0.2069,87.5,4.4,1.296,22504749735228577262924713765644740463100880949648914278282797342908211003392,5.6,1.2603829367403097e+77,127.3,True,1,1,0,1,1,2,5.076498477586771e+78
ACE.NS,2023-05-04,2023-06-19,440.94,440,455,446.76,478.75,0.3391,70.3,6.76,1.532,304391468560021491993540287034579611734020381752002441796003836166028656640,8.24,2.5092522224549917e+75,122.01,True,1,1,1,0,1,2,1.053402425197215e+77
ABCAPITAL.NS,2023-05-04,2023-06-19,173.35,175,180,177.04,179.45,0.2455,78.1,2.04,1.178,59726949755320306503595255825057737002395678622501306432162162392199856128,2.41,1.4382361079896059e+74,117.93,True,1,1,1,0,1,2,6.241880277800422e+75
ADOR.NS,2023-05-04,2023-06-19,1028.55,1030,1060,1043.39,1105.13,0.41,71.2,13.39,1.302,121954783945669140474237820284512173555849604820437012275868620752060153856,16.61,2.02601539536185e+75,124.1,True,1,1,1,0,1,2,8.365742154577305e+76
ATALREAL.NS,2023-05-04,2023-06-19,21.25,20,25,21.9,23.61,0.8379,76.9,1.9,8.918,207882689879374709680883082202665752827179287127564648519818353685413134073856,1.71,3.5650184986985723e+77,90.49,True,1,1,1,1,1,3,2.005424122368036e+79
ABB.NS,2023-05-04,2023-06-19,3579.35,3580,3685,3627.28,4249.3,0.3017,87.2,47.28,1.321,2215881108693311999704385419569624401643148629717899404680758029080068096,57.72,1.2789861465069134e+74,122.08,True,1,1,0,1,1,2,5.366343702756011e+75
APOLLOTYRE.NS,2023-05-04,2023-06-19,343.8,345,355,349.26,388.95,0.1944,88.4,4.26,1.24,23814915298998277420415423922109698815227603798474712536227477237840616620032,5.74,1.3661918343824736e+77,134.56,True,1,1,0,1,1,2,5.2131176610250185e+78
ACE.NS,2023-05-05,2023-06-20,442.59,445,455,449.44,471.19,0.3373,74.1,4.44,1.003,474368481607574903103217208664009260509984724717369681970153686517032157184,5.56,2.6368799656813192e+75,125.16,True,1,1,1,0,1,2,1.0797712248540281e+77
APOLLOPIPE.NS,2023-05-05,2023-06-20,598.16,600,615,606.71,707.6,0.4055,58.7,6.71,1.122,11621319531165725444460497841218795693279719175871868785165673880087286513664,8.29,9.63450477294683e+76,123.56,True,1,1,1,0,1,2,3.995082309630347e+78
ABB.NS,2023-05-05,2023-06-20,3651.52,3650,3760,3699.62,4296.77,0.3068,88.2,49.62,1.359,2162969815851216272195213150440103357027095453186275192721519849857089536,60.38,1.3059980568851357e+74,121.68,True,1,1,0,1,1,2,5.496943508444524e+75
AGI.NS,2023-05-05,2023-06-20,486.04,485,500,491.61,580.77,0.6712,86.8,6.61,1.361,127260581261863833690539193100419886205839242798103768976322077709817610240,8.39,1.0672166849326245e+75,126.79,True,1,1,0,1,1,2,4.315181838469927e+76
ADOR.NS,2023-05-05,2023-06-20,1031.74,1030,1065,1045.69,1096.86,0.4039,76.4,15.69,1.521,106619372957837535135374234898419376721013049687285659795218255617940520960,19.31,2.058529622608853e+75,123.03,True,1,1,1,0,1,2,8.57159511683819e+76
APOLLOTYRE.NS,2023-05-05,2023-06-20,352.54,355,365,359.12,390.81,0.2059,90.3,4.12,1.169,25290053826598716202058507633513146126569716117455459450388649123067874770944,5.88,1.4863818504548677e+77,142.56,True,1,1,0,1,1,2,5.3617558460705055e+78
APOLLOTYRE.NS,2023-05-08,2023-06-21,359.56,360,370,364.44,400.85,0.2073,91.2,4.44,1.235,24140144404765746943638074999383829644269860602788607934512800292292672880640,5.56,1.3416632712624737e+77,125.11,True,1,1,0,1,1,2,5.495922173196753e+78
ACE.NS,2023-05-08,2023-06-21,445.77,445,460,451.75,478.75,0.3275,73.7,6.75,1.513,320158189643616261367269544689929611690209094083504782237513729071132966912,8.25,2.642830394946188e+75,122.38,True,1,1,1,0,1,2,1.10619952880349e+77
ARTEMISMED.NS,2023-05-08,2023-06-23,82.61,85,90,86.69,107.86,0.4113,71.3,1.69,2.044,40847217641388920097971537686920688846245631191723336379860255887033882378240,3.31,1.3526227322300493e+77,196.11,True,1,1,1,1,1,3,3.5839530224199883e+78
ARROWGREEN.NS,2023-05-08,2023-06-21,276.44,275,285,279.49,339.97,0.5304,59.2,4.49,1.625,16591105543923376591848671767793909875359968780848134527577277074871404199936,5.51,9.137168311244719e+76,122.58,True,1,1,1,1,1,3,3.818340299451776e+78
ANMOL.NS,2023-05-08,2023-06-21,45.48,45,50,46.86,46.95,0.3877,58.2,1.86,4.096,9604356456526990474397036195196280668955146482481431407685214782731820466176,0.09,8.371885469637383e+74,4.68,True,1,1,1,1,1,3,8.954028820872815e+77
ABCAPITAL.NS,2023-05-08,2023-06-21,174.3,175,180,177.17,180.1,0.2629,67.0,2.17,1.247,57431721568019120840685259183231279242987977887521845590976502680483004416,2.83,1.6232100228408716e+74,130.03,True,1,1,1,0,1,2,6.40420128008451e+75
APARINDS.NS,2023-05-08,2023-06-21,2986.17,2985,3075,3025.55,3093.52,0.3741,66.5,40.55,1.358,834330344068628596616997640322831519050621700580555046709131667963694284800,49.45,4.125679736219385e+76,121.94,True,1,1,1,1,1,3,1.73290347756133e+78
AGI.NS,2023-05-08,2023-06-21,523.8,525,540,531.51,574.01,0.6965,89.2,6.51,1.244,132485466139713842496914334324498796154125762538349131607073661835743854592,8.49,1.1242456244017222e+75,130.27,True,1,1,0,1,1,2,4.427606400910099e+76
APOLLOPIPE.NS,2023-05-09,2023-06-22,625.66,625,645,633.97,717.0,0.4264,71.9,8.97,1.434,8903659186893136680302241690383005017508054723352830890912300026993280286720,11.03,9.817153754525579e+76,122.87,True,1,1,1,1,1,3,4.0932538471756025e+78
AGI.NS,2023-05-09,2023-06-22,540.95,540,555,546.62,569.85,0.6972,89.7,6.62,1.224,133769193115402596363788137289503604976567357350198705109671962917868666880,8.38,1.1210166165490191e+75,126.59,True,1,1,0,1,1,2,4.539708062565001e+76
ANMOL.NS,2023-05-09,2023-06-22,46.01,45,50,47.01,47.36,0.3734,57.4,2.01,4.378,8891044405934165416316102668040294658363249219025718603461391417537609072640,0.35,3.074812582921847e+75,17.17,True,1,1,1,0,1,2,8.984776946702034e+77
APOLLOTYRE.NS,2023-05-09,2023-06-22,364.68,365,375,369.46,396.69,0.1992,91.0,4.46,1.223,24638413960311200782047424903580661554831287308625809639156760037413181456384,5.54,1.3646569613917695e+77,124.15,True,1,1,0,1,1,2,5.63238786933593e+78
ALKEM.NS,2023-05-09,2023-06-22,3520.25,3520,3625,3566.28,3258.86,0.1709,79.8,46.28,1.315,51653705048564438507992314443690205154105876467597127275518725160794324992,-46.28,-2.3906241606068347e+75,-100.0,False,1,1,1,1,1,3,1.171405838697349e+77
ANMOL.NS,2023-05-10,2023-06-23,46.2,45,50,47.07,46.75,0.3734,57.3,2.07,4.488,8667319368476525403629876668364731926129675723952241932724600187491838853120,-0.32,-2.8017449985701502e+75,-15.59,False,1,1,1,0,1,2,8.956759496716332e+77
ASHAPURMIN.NS,2023-05-10,2023-06-23,147.71,150,155,152.04,133.48,0.5061,65.2,2.04,1.383,69560531112396027866608675144953980539615620083971601804725746195429196824576,-2.04,-1.421084054348286e+77,-100.0,False,1,1,1,1,1,3,6.963311866306602e+78
AHLUCONT.NS,2023-05-11,2023-06-26,578.66,580,595,586.73,606.37,0.3067,71.3,6.73,1.163,117643350890310578130398152477345482868557966032077251629706117974564274176,8.27,9.727081803593563e+74,122.83,True,1,1,1,0,1,2,4.056981233012448e+76
ANANDRATHI.NS,2023-05-11,2023-06-26,215.41,215,220,217.37,213.92,0.1296,70.3,2.37,1.098,391717767759492496542834473988433079991139087832329275626298522160909516800,-2.37,-9.2687980049008e+74,-100.0,False,1,1,1,0,1,2,4.541711022401392e+76
APOLLOPIPE.NS,2023-05-11,2023-06-26,627.75,630,645,636.7,705.16,0.2668,74.8,6.7,1.067,12221744975381468225121410922583593854267347346104340420706324217093425201152,8.3,1.0146109768720998e+77,123.94,True,1,1,1,0,1,2,4.194714944862812e+78
ALIVUS.NS,2023-05-11,2023-06-26,520.44,520,535,526.81,544.04,0.3734,77.2,6.81,1.308,347823879713126843644476298373623646959691943243801649240193938238759501824,8.19,2.8494450992026363e+75,120.34,True,1,1,1,0,1,2,1.2124509992391596e+77
ANMOL.NS,2023-05-12,2023-06-27,47.27,45,50,47.41,47.84,0.3638,60.4,2.41,5.102,7428194380788403777195151206879771015829995277771170632630572970367990628352,0.43,3.1825541814589117e+75,17.77,True,1,1,1,0,1,2,8.988585038530921e+77
ANUP.NS,2023-05-12,2023-06-27,608.66,610,625,616.77,807.23,0.3152,80.9,6.77,1.113,1507149499093667934029267171909395907461478800292310832964337355647520604160,8.23,1.2400898438492501e+76,121.5,True,1,1,0,1,1,2,5.227181008341184e+77
ATALREAL.NS,2023-05-12,2023-06-27,22.68,25,30,26.08,24.19,0.7939,72.5,1.08,4.741,372989134209751106837983182589285523308165965913390392374953220294895883780096,-1.08,-4.010848244736072e+77,-100.0,False,1,1,1,0,1,2,1.9653156399206754e+79
ARTEMISMED.NS,2023-05-12,2023-06-30,82.71,85,90,86.71,124.46,0.4155,68.7,1.71,2.065,41959003094209192063564595111143671325089589366359602630694934109718075932672,3.29,1.381159550226462e+77,192.69,True,1,1,1,0,1,2,3.722068977442635e+78
ADOR.NS,2023-05-12,2023-06-27,1108.98,1110,1140,1123.45,1023.52,0.4706,69.2,13.45,1.213,127444609754511138964007920067389410176565838445484936823785029276440461312,-13.45,-1.7143190233676383e+75,-100.0,False,1,1,1,1,1,3,8.400163214501427e+76
ARTEMISMED.NS,2023-05-15,2023-07-07,85.1,85,90,87.07,123.62,0.4187,70.1,2.07,2.438,35881603788280973949904189862281283539751042437113196891902963900670145462272,2.93,1.0496663939255218e+77,141.01,True,1,1,1,1,1,3,3.827035616835187e+78
ACUTAAS.NS,2023-05-15,2023-06-28,564.72,565,580,571.8,636.68,0.3742,63.6,6.8,1.204,463453817750828267523087716391645997890405591035084687875770241886195810304,8.2,3.8013316696587446e+75,120.66,True,1,1,1,1,1,3,1.613251114998427e+77
AARON.NS,2023-05-15,2023-06-28,117.19,115,120,117.36,109.44,0.5085,67.7,2.36,2.017,83205623942129027386202253197519890020566586086918641282454384722487279616,-2.36,-1.9671059912859842e+74,-100.0,False,1,1,1,1,1,3,9.638819357301322e+75
ACE.NS,2023-05-15,2023-06-28,454.77,455,470,461.64,492.09,0.3065,68.7,6.64,1.46,333122520681077341560986059387811646619873703950577963520781818819516563456,8.36,2.7844387526091797e+75,125.86,True,1,1,1,0,1,2,1.1340439163295818e+77
ANMOL.NS,2023-05-15,2023-06-28,48.26,50,55,51.28,48.3,0.36,75.2,1.28,2.658,14015961000102819033639797230817628624545692040392387382415684741008774397952,-1.28,-1.7977170077061842e+76,-100.0,False,1,1,1,0,1,2,8.808813337760303e+77
APOLLOPIPE.NS,2023-05-16,2023-06-30,636.2,635,655,644.07,698.45,0.2614,72.8,9.07,1.426,9247161101544013436427275609832601449757516517801988811316455292022256828416,10.93,1.0104892313362402e+77,120.45,True,1,1,1,0,1,2,4.295763867996436e+78
AARON.NS,2023-05-16,2023-06-30,128.08,130,135,132.03,108.38,0.54,77.1,2.03,1.583,95084459230047805361633290194332865109740911653951738874457724818512936960,-2.03,-1.9277638714602646e+74,-100.0,False,1,1,1,1,1,3,9.446042970155295e+75
ANANTRAJ.NS,2023-05-16,2023-06-30,145.92,145,150,147.32,176.88,0.3469,58.5,2.32,1.587,949369241043687028226071782073295061609109880255388256089101448412032663552,2.68,2.547627456963681e+75,115.84,True,1,1,1,1,1,3,1.1250856486970137e+77
ANUP.NS,2023-05-16,2023-06-30,611.1,610,630,619.03,856.68,0.3139,79.2,9.03,1.477,1157893657470660943247179960084223857505615913754480467046579152689060380672,10.97,1.270351113273085e+76,121.51,True,1,1,1,1,1,3,5.354216119668492e+77
ACUTAAS.NS,2023-05-17,2023-07-03,582.92,585,600,591.68,636.71,0.3605,73.8,6.68,1.146,482958685000040416664240323791726558017764823960018108001168334935388323840,8.32,4.017878045003753e+75,124.53,True,1,1,1,1,1,3,1.6534298954484646e+77
ANUP.NS,2023-05-17,2023-07-03,632.89,635,650,641.74,848.45,0.3256,81.8,6.74,1.065,1589246112675160782745872804258660539133540223098731988620751960873220702208,8.26,1.3130259450790428e+76,122.62,True,1,1,0,1,1,2,5.485518714176397e+77
APOLLOPIPE.NS,2023-05-17,2023-07-03,637.29,635,655,644.22,712.28,0.2402,75.2,9.22,1.447,9319305776491285498451903762964347080191241169905384313923023659937076084736,10.78,1.0047083816989698e+77,116.94,True,1,1,1,0,1,2,4.396234706166333e+78
APTECHT.NS,2023-05-18,2023-07-04,309.06,310,320,314.37,323.03,0.4668,72.0,4.37,1.415,30165096825934727176333200738401308274857361436473164780195066867771972255744,5.63,1.697081011141557e+77,128.62,True,1,1,1,1,1,3,6.766851458373733e+78
ACUTAAS.NS,2023-05-18,2023-07-04,584.29,585,600,591.79,625.29,0.3606,70.6,6.79,1.162,487046492424923437489847089381901936575636092759062965655212759205189517312,8.21,3.9988375954769216e+75,120.93,True,1,1,1,0,1,2,1.6934182714032339e+77
ADVANIHOTR.NS,2023-05-18,2023-07-04,39.3,40,45,41.41,40.63,0.3797,59.7,1.41,3.587,953723361561647430338073954314531462871474414640604789748005549821057302528,-0.78,-7.456788903681076e+74,-55.45,False,1,1,1,1,1,3,6.649055784553883e+76
ARVIND.NS,2023-05-18,2023-07-04,109.06,110,115,112.0,130.19,0.3545,74.8,2.0,1.833,37067513813998194026067376211887098525131046938109359578322653114651763539968,3.0,1.1125068834734061e+77,150.16,True,1,1,1,1,1,3,3.815594724479859e+78
ANUP.NS,2023-05-18,2023-07-04,714.1,715,735,723.9,840.84,0.5066,89.7,8.9,1.247,1232161922354734238378687569624505418323104957071598986894882518156038897664,11.1,1.3672201018741892e+76,124.62,True,1,1,0,1,1,2,5.622240724363815e+77
ASHAPURMIN.NS,2023-05-18,2023-07-04,148.46,150,155,152.1,124.2,0.4754,59.7,2.1,1.411,66467659213700279411164341766389575959039621162664696920107255149760685801472,-2.1,-1.3926623732613205e+77,-100.0,False,1,1,1,0,1,2,6.82404562898047e+78
ASHAPURMIN.NS,2023-05-19,2023-07-05,149.46,150,155,152.17,124.9,0.4751,57.8,2.17,1.454,62797073816331796328025024614156630596201329078628617204298372673170166513664,-2.17,-1.364809125796094e+77,-100.0,False,1,1,1,0,1,2,6.68756471640086e+78
ARVSMART.NS,2023-05-19,2023-07-05,327.62,330,335,332.25,329.72,0.3442,64.9,2.25,0.687,35893618192310876493819055331209684864953233938699407488173257787470008811520,-2.25,-8.077868066207236e+76,-100.0,False,1,1,1,1,1,3,3.958155352441545e+78
AJMERA.NS,2023-05-19,2023-07-05,67.09,65,70,67.36,71.35,0.4339,73.0,2.36,3.515,514229387293602815071851990817896575800524933937477938542611601403756412928,2.64,1.3585726675459355e+75,112.04,True,1,1,1,1,1,3,6.198728611364986e+76
ARVIND.NS,2023-05-19,2023-07-05,115.15,115,120,117.17,129.35,0.3871,74.5,2.17,1.886,35142692958144798298939401757052775048376431114308080660937964376281866829824,2.83,9.940157030112681e+76,130.26,True,1,1,1,1,1,3,3.914996294780986e+78
ACE.NS,2023-05-19,2023-07-05,460.84,460,475,466.78,502.04,0.3156,75.2,6.78,1.471,334609844481374536451439174466797664771464096824088769845734091947518197760,8.22,2.7510598345614543e+75,121.29,True,1,1,1,0,1,2,1.1615545146751962e+77
ARROWGREEN.NS,2023-05-22,2023-07-06,288.74,290,295,292.25,315.41,0.4917,66.3,2.25,0.78,33888677088900350253601092265331340317120686727442701454243978092202764009472,2.75,9.307657945546623e+76,121.88,True,1,1,1,0,1,2,3.911416878907242e+78
ARTEMISMED.NS,2023-05-22,2023-07-19,85.94,85,90,87.2,131.52,0.4387,65.0,2.2,2.564,34731913036321729909762960126630349046257316431189827436701993136795542355968,2.8,9.71188528449049e+76,126.89,True,1,1,1,0,1,2,3.924154469680092e+78
ASHAPURMIN.NS,2023-05-22,2023-07-06,149.71,150,155,152.19,123.35,0.4726,57.9,2.19,1.465,60986702663116455459666784615759737296737237520390529861146005425083381710848,-2.19,-1.337512943280172e+77,-100.0,False,1,1,1,0,1,2,6.553813422072843e+78
ANURAS.NS,2023-05-22,2023-07-06,1208.77,1210,1245,1225.69,994.84,0.343,56.3,15.69,1.298,1201605349499474443925358026091579549611971215662228541140558141908949401600,-15.69,-1.8855122268086415e+76,-100.0,False,1,1,1,0,1,2,9.239009911362344e+77
ACE.NS,2023-05-22,2023-07-06,461.39,460,475,466.84,549.15,0.3096,75.4,6.84,1.483,339519767713876687727391569356672953637262218885703685919102598160494624768,8.16,2.769687486357758e+75,119.22,True,1,1,1,0,1,2,1.1892513895387737e+77
3MINDIA.NS,2023-05-22,2023-07-06,23062.56,23065,23755,23369.63,25963.57,0.1834,76.7,304.63,1.321,1428194598189602193284528128954800206831040529634254237462821892012376064,385.37,5.503770358239146e+74,126.5,True,1,1,1,0,1,2,2.230423888216946e+76
ACUTAAS.NS,2023-05-22,2023-07-06,587.05,585,605,594.08,633.5,0.3656,74.9,9.08,1.547,372838880819339795938854078589224847019592414074327262865374104082599378944,10.92,4.069941073580328e+75,120.17,True,1,1,1,0,1,2,1.7341176821390371e+77
ADVANIHOTR.NS,2023-05-23,2023-07-07,41.24,40,45,42.06,40.79,0.4114,74.0,2.06,4.991,646081695556196423545145918378897837010412767495156079515244740182001319936,-1.27,-8.204214436198154e+74,-61.69,False,1,1,1,1,1,3,6.567013640191901e+76
ANMOL.NS,2023-05-23,2023-07-07,48.67,50,55,51.43,47.15,0.3823,69.3,1.43,2.942,12303193067650029379543951158732497749406144980298049922874117213865893691392,-1.43,-1.7617626675520605e+76,-100.0,False,1,1,1,1,1,3,8.632637071005097e+77
ASHAPURMIN.NS,2023-05-23,2023-07-07,151.26,150,155,152.33,121.45,0.4306,67.7,2.33,1.54,56276467161586366614416179816492464961829985338386731203765947656746334945280,-2.33,-1.3107626844145686e+77,-100.0,False,1,1,1,0,1,2,6.422737153631386e+78
AJMERA.NS,2023-05-23,2023-07-07,68.03,70,75,71.66,73.45,0.4478,73.1,1.66,2.439,747314734060840851144343941091020164978911693473968106809766476630183641088,1.79,1.3397592772580978e+75,108.07,True,1,1,1,1,1,3,6.332704539090796e+76
ADFFOODS.NS,2023-05-23,2023-07-07,175.58,175,180,177.24,201.13,0.6169,73.2,2.24,1.276,927141569581026632920279054229398556367397246317206870187711285220941496320,2.76,2.5582422424465725e+75,123.14,True,1,1,1,1,1,3,1.0643152251537462e+77
ACUTAAS.NS,2023-05-23,2023-07-07,588.67,590,605,596.74,635.19,0.3657,75.5,6.74,1.146,514198492487864473768685590035190082336707307858022934841535106808788549632,8.26,4.244742023039892e+75,122.39,True,1,1,1,0,1,2,1.776565102369436e+77
ARROWGREEN.NS,2023-05-23,2023-07-07,303.06,305,310,307.23,318.43,0.5128,66.9,2.23,0.736,35061895583883905573961407624097386110591038317740896302418494507539354353664,2.77,9.708114034127469e+76,124.1,True,1,1,1,1,1,3,4.008498019248517e+78
APOLLOTYRE.NS,2023-05-24,2023-07-10,366.78,365,380,371.67,409.83,0.2352,68.4,6.67,1.819,16880977174520474264565020106382705513703767589613498310414125385444451418112,8.33,1.405669002310885e+77,124.78,True,1,1,1,0,1,2,5.772954769567019e+78
ASHAPURMIN.NS,2023-05-24,2023-07-10,153.8,155,160,157.13,120.21,0.4327,68.0,2.13,1.383,60372640757166407495158463195537661346156352542303153995903922626238485626880,-2.13,-1.2845474307262774e+77,-100.0,False,1,1,1,0,1,2,6.294282410558759e+78
APTECHT.NS,2023-05-24,2023-07-10,312.82,315,320,317.24,323.59,0.4721,75.0,2.24,0.715,60545733091222122681209694676108505226827045557652542219058524765759855394816,2.76,1.6739163628863597e+77,123.69,True,1,1,1,1,1,3,6.934243094662369e+78
ASHIANA.NS,2023-05-24,2023-07-10,181.49,180,185,182.41,191.11,0.3332,66.3,2.41,1.326,81428470404259428268465448012831083475957256251025078253493036235656238465024,2.59,2.1116309778919582e+77,107.75,True,1,1,1,0,1,2,1.0010125809394263e+79
ADOR.NS,2023-05-24,2023-07-10,1146.11,1145,1180,1160.69,1174.85,0.4842,64.8,15.69,1.369,107087066520111791716371353677495782479736348756350044734861151824378855424,14.16,1.5162130188061958e+75,90.25,True,1,1,1,1,1,3,8.551784516382045e+76
ATALREAL.NS,2023-05-25,2023-07-11,22.72,25,30,25.51,23.61,0.4032,68.6,0.51,2.24,772371515587660614145298338633404038762310712733242962184905873716167569309696,-0.51,-3.930631279841351e+77,-100.0,False,1,1,1,1,1,3,1.926009327122262e+79
ADVANIHOTR.NS,2023-05-25,2023-07-11,41.51,40,45,42.13,42.53,0.323,70.5,2.13,5.12,617937593182843823203108571175602326978012548000507595044871995819617681408,0.4,2.4934688677685645e+74,18.98,True,1,1,1,1,1,3,6.591948328869587e+76
APTECHT.NS,2023-05-25,2023-07-11,323.89,325,335,329.38,323.39,0.4842,77.8,4.38,1.352,31669378373315579029617689944743032937132631411453012281399825035488875511808,-4.38,-1.386848618932474e+77,-100.0,False,1,1,1,1,1,3,6.795558232769122e+78
ASTERDM.NS,2023-05-25,2023-07-11,210.07,210,215,212.32,235.56,0.2584,82.3,2.32,1.102,100088016699460356223509736603579564382907674701512818715644830570913661452288,2.68,2.6867687758073596e+77,115.93,True,1,1,0,1,1,2,1.1856837173409026e+79
APOLLOTYRE.NS,2023-05-25,2023-07-11,371.94,370,385,376.72,414.13,0.2349,66.5,6.72,1.806,17187552459771591483619000345542045866189420731963985398964255120042120708096,8.28,1.423541915052335e+77,123.29,True,1,1,1,0,1,2,5.9153089610722525e+78
ANMOL.NS,2023-05-25,2023-07-11,49.97,50,55,51.79,46.79,0.3959,70.0,1.79,3.577,9658783309083256626606133318890612789188014826066544092677525657275890401280,-1.79,-1.7265274142010195e+76,-100.0,False,1,1,1,1,1,3,8.459984329584995e+77
ALIVUS.NS,2023-05-26,2023-07-12,531.49,530,545,536.9,571.72,0.3837,55.1,6.9,1.298,351361307725633687391119188546203334505121142234820139484220372754968346624,8.1,2.845517617406186e+75,117.35,True,1,1,1,0,1,2,1.2409061754132215e+77
ANURAS.NS,2023-05-26,2023-07-12,1217.16,1215,1255,1233.05,1033.15,0.3136,79.2,18.05,1.483,1023992213610125988297416645506419660115306617989343790825044995337126674432,-18.05,-1.847801982272469e+76,-100.0,False,1,1,1,0,1,2,9.054229713135097e+77
ABB.NS,2023-05-26,2023-07-12,3932.24,3930,4050,3983.89,4446.46,0.2412,71.5,53.89,1.37,2040018613960006488539440336555368788162342885587482271388291779476324352,66.11,1.348633635063103e+74,122.67,True,1,1,1,0,1,2,5.6318068719508346e+75
ARROWGREEN.NS,2023-05-26,2023-07-12,316.25,315,325,319.5,313.93,0.5541,65.8,4.5,1.423,17811943596819206793581735841708158728406548742312168338336354395732297383936,-4.5,-8.016996038497033e+76,-100.0,False,1,1,1,1,1,3,3.928328058863546e+78
ADOR.NS,2023-05-26,2023-07-12,1156.72,1155,1190,1170.74,1187.05,0.4857,67.4,15.74,1.361,108672433966147436342681378425109313182530874861508188251712417379945283584,16.32,1.773050944660935e+75,103.67,True,1,1,1,0,1,2,8.729089610848139e+76
ANANTRAJ.NS,2023-05-26,2023-07-12,146.22,145,150,147.36,182.47,0.3281,57.1,2.36,1.611,955313791066660706367825307711431376632809186723901164093114660724158758912,2.64,2.526397657939276e+75,112.28,True,1,1,1,0,1,2,1.1503496252764065e+77
ANMOL.NS,2023-05-26,2023-07-12,50.39,50,55,51.9,45.95,0.3955,67.8,1.9,3.766,8915130897684400616224819049077750583086554739688714827749598574112034258944,-1.9,-1.691996865916999e+76,-100.0,False,1,1,1,0,1,2,8.290784642993295e+77
APOLLOTYRE.NS,2023-05-26,2023-07-12,375.09,375,385,379.56,413.41,0.2307,64.1,4.56,1.216,25943281613771220408044941110419147278168828270724651060013496155791463284736,5.44,1.4112663691626717e+77,119.29,True,1,1,1,0,1,2,6.05643559798852e+78
APTECHT.NS,2023-05-26,2023-07-12,361.71,360,375,366.61,313.05,0.5799,84.7,6.61,1.828,20554041198541071470613861600449525725860632539425586501098557824892605038592,-6.61,-1.3591116465538243e+77,-100.0,False,1,1,0,1,1,2,6.659647068113739e+78
ANMOL.NS,2023-05-29,2023-07-13,51.53,50,55,52.2,44.69,0.3996,69.2,2.2,4.275,7527641337504091441081239860574993632921313557570994200904117922914268872704,-2.2,-1.658156928598659e+76,-100.0,False,1,1,1,1,1,3,8.124968950133429e+77
ABINFRA.NS,2023-05-29,2023-07-13,3.39,5,10,5.0,2.77,0.3081,65.8,0.0,0.001,8858042418274075297593541373697467563264705659315185382172393885143822009106432,-0.0,-2.2079123792309795e+74,-100.0,False,1,1,1,1,1,3,1.08187706582318e+76
AHLUCONT.NS,2023-05-29,2023-07-13,579.31,580,595,586.74,664.77,0.4717,52.8,6.74,1.163,120454886664074409440704030624021755858023486911526883176103255429615714304,8.26,9.954270533586266e+74,122.68,True,1,1,0,1,1,2,4.156523938348311e+76
ABB.NS,2023-05-29,2023-07-13,3958.17,3960,4075,4011.48,4327.51,0.2401,72.8,51.48,1.3,2188141372919307866409559054379095057900843684521199258545434939178876928,63.52,1.3900012044670372e+74,123.41,True,1,1,1,0,1,2,5.770806992397538e+75
ADOR.NS,2023-05-29,2023-07-13,1158.41,1160,1195,1175.52,1189.17,0.4777,71.8,15.52,1.34,112474964722716086161668583755213990427793557770357366660962074897292460032,13.65,1.5347522250412627e+75,87.91,True,1,1,1,0,1,2,8.882564833352264e+76
ANANTRAJ.NS,2023-05-29,2023-07-13,150.05,150,155,152.23,181.62,0.3381,68.1,2.23,1.485,1032486075711404191714216488406950635080657696840432262611387003717772378112,2.77,2.8617311280042076e+75,124.39,True,1,1,1,0,1,2,1.1789669365564485e+77
ARROWGREEN.NS,2023-05-29,2023-07-13,332.06,330,340,334.56,315.36,0.5566,74.0,4.56,1.373,17233067384006276951585273220725072023886182740790015416147256140372283228160,-4.56,-7.856656117727093e+76,-100.0,False,1,1,1,0,1,2,3.8497614976862756e+78
ABINFRA.NS,2023-05-30,2023-07-14,3.56,5,10,5.0,2.64,0.3477,,0.0,0.014,424412692149310134137556763595523448294803269595681247447527790053231626813440,-0.0,-2.16375413164636e+74,-100.0,False,1,1,0,1,1,2,1.0602395245067163e+76
3MINDIA.NS,2023-05-30,2023-07-14,23549.54,23550,24255,23864.06,27136.43,0.2122,67.5,314.06,1.334,1420398800099412630272116979208142732689255636405925189144254998623813632,390.94,5.552963764266967e+74,124.48,True,1,1,1,1,1,3,2.2859535258596155e+76
APTECHT.NS,2023-05-30,2023-07-14,371.52,370,385,376.57,335.01,0.6348,80.4,6.57,1.769,20264769116699727833235221122434403426991528720335091871269259059717791023104,-6.57,-1.331929413622748e+77,-100.0,False,1,1,0,1,1,2,6.526454126751465e+78
ARROWGREEN.NS,2023-05-30,2023-07-14,348.66,350,360,354.37,315.36,0.5658,78.9,4.37,1.254,17615255487518410091426737473850214420168962446559978959768808754357823602688,-4.37,-7.699522995372551e+76,-100.0,False,1,1,1,0,1,2,3.77276626773255e+78
AHLUCONT.NS,2023-05-30,2023-07-14,598.38,600,615,606.69,683.15,0.4767,59.2,6.69,1.119,124172487603189412762398452090025766046364762095254324471617126528865796096,8.31,1.031282526378179e+75,124.06,True,1,1,1,1,1,3,4.2596521909861286e+76
AIAENG.NS,2023-05-30,2023-07-14,2933.6,2935,3020,2973.25,3320.17,0.3215,71.1,38.25,1.304,25451793154100857174129027179175017383681985469230878469886140190283530240,46.75,1.1897969829244547e+75,122.21,True,1,1,1,1,1,3,4.987006874163036e+76
ANANTRAJ.NS,2023-05-31,2023-07-17,151.19,150,155,152.36,187.2,0.3244,73.2,2.36,1.56,999870582393537283253322109557145633911440669638685190324999365195349360640,2.64,2.641419038854789e+75,112.02,True,1,1,1,0,1,2,1.2053811269449965e+77
ANUP.NS,2023-05-31,2023-07-17,755.0,755,780,765.97,923.96,0.6053,77.2,10.97,1.452,1025411012236583339565255878112065277073045468990702882983661492822150742016,14.03,1.4390793857186952e+76,127.98,True,1,1,1,0,1,2,5.766148662935685e+77
ACE.NS,2023-05-31,2023-07-17,469.65,470,485,476.59,616.22,0.2382,69.3,6.59,1.404,360658877080394936799112657557865380756139534566751817551056049544338866176,8.41,3.0313803771283763e+75,127.45,True,1,1,1,1,1,3,1.2195651933100576e+77
ASTRAZEN.NS,2023-05-31,2023-07-17,3523.34,3525,3630,3572.04,3773.91,0.2852,69.9,47.04,1.335,5899329998361451217469802669976665967858531313494965542519601768539879374848,57.96,3.419171497779449e+77,123.21,True,1,1,1,1,1,3,1.421754215227832e+79
ARROWGREEN.NS,2023-05-31,2023-07-17,366.05,365,375,369.51,310.47,0.566,83.9,4.51,1.233,16714111637272803913652103691488700354081951364000708542985306948845789249536,-4.51,-7.545532535465101e+76,-100.0,False,1,1,0,1,1,2,3.697310942377899e+78
ASIANHOTNR.NS,2023-05-31,2023-07-17,166.95,165,170,167.55,156.05,0.1922,64.6,2.55,1.529,263696009444459239154125755333041935172395614680457979648894159392228115480576,-2.55,-6.730244050712149e+77,-100.0,False,1,1,1,0,1,2,3.297819584848953e+79
ARVIND.NS,2023-05-31,2023-07-17,119.83,120,125,122.15,129.25,0.4324,76.2,2.15,1.795,36401848487088065692792837698161487066605875552475058735639392355802574487552,2.85,1.037093165398206e+77,132.45,True,1,1,1,1,1,3,4.018705611320807e+78
3MINDIA.NS,2023-05-31,2023-07-17,23868.38,23870,24585,24187.16,26866.84,0.1978,71.8,317.16,1.329,1441495763097990468894037098184692173067724305455518777874465253893341184,397.84,5.734787654431401e+74,125.44,True,1,1,1,1,1,3,2.3433014024039294e+76
ARMANFIN.NS,2023-05-31,2023-07-17,1894.7,1895,1950,1919.14,2203.0,0.6658,88.6,24.14,1.274,3533499354061249291394154512804481950116703282969308431545269508126107762688,30.86,1.0903557537567227e+77,127.82,True,1,1,0,1,1,2,4.374380030260494e+78
ABB.NS,2023-05-31,2023-07-17,4051.2,4050,4175,4105.93,4338.94,0.2477,74.7,55.93,1.381,2063442965292922468883044497112717285559204499500514902982921680570023936,69.07,1.4251423081366453e+74,123.48,True,1,1,1,1,1,3,5.913321223211203e+75
AIAENG.NS,2023-05-31,2023-07-17,3025.35,3025,3115,3065.57,3316.12,0.3328,74.4,40.57,1.341,24586111868372027343592069751532951430544340839785731507634769145653886976,49.43,1.2153486933208753e+75,121.85,True,1,1,1,1,1,3,5.1085417434951236e+76
3MINDIA.NS,2023-06-01,2023-07-18,24947.53,24950,25695,25283.15,26502.6,0.2359,80.5,333.15,1.335,1406752003996112339720350424916763393915302121483827545799826593344913408,411.85,5.793699624963178e+74,123.62,True,1,1,0,1,1,2,2.4012383986535612e+76
ACE.NS,2023-06-01,2023-07-18,472.44,470,485,477.01,603.43,0.2378,69.3,7.01,1.484,347958661067897671994165638069712306662036987794724683563010198100374454272,7.99,2.78024952939835e+75,113.99,True,1,1,1,0,1,2,1.247367688604041e+77
ARVSMART.NS,2023-06-01,2023-07-18,357.88,360,370,364.35,334.31,0.4996,79.6,4.35,1.216,18186721892262704027802207833193390085926813989182336566839891032612536320000,-4.35,-7.91631070488309e+76,-100.0,False,1,1,1,1,1,3,3.8789922453927144e+78
ASIANHOTNR.NS,2023-06-01,2023-07-18,171.95,170,175,172.54,155.15,0.2102,74.9,2.54,1.475,260000182194690652572392263609146233799816506095678447415104615483329617068032,-2.54,-6.595639169697907e+77,-100.0,False,1,1,1,0,1,2,3.231863193151974e+79
ARMANFIN.NS,2023-06-01,2023-07-18,1918.75,1920,1975,1944.12,2136.3,0.6651,91.3,24.12,1.257,3627797927806923315588487187610841302449212806558091805676999521273758351360,30.88,1.120412854241709e+77,128.07,True,1,1,0,1,1,2,4.486421315684665e+78
ACE.NS,2023-06-02,2023-07-19,493.43,495,510,501.54,610.15,0.2771,71.7,6.54,1.325,381554394469284535612815382636704416350180376517994215113564006461596499968,8.46,3.228580539831186e+75,129.42,True,1,1,1,1,1,3,1.279653494002353e+77
APOLLOHOSP.NS,2023-06-02,2023-07-19,4926.25,4925,5075,4992.24,5132.83,0.2493,68.4,67.24,1.365,1359862870717258061783272193078345277032537221381297611313690857299343572992,82.76,1.1254417318448263e+77,123.09,True,1,1,1,1,1,3,4.684307044339787e+78
ANUP.NS,2023-06-02,2023-07-19,771.13,770,795,781.05,917.42,0.6047,75.4,11.05,1.433,1043755719854905984921104475003851796848901182146900042514844104910222393344,13.95,1.456159567050128e+76,126.27,True,1,1,1,0,1,2,5.911764619640697e+77
ASHIANA.NS,2023-06-02,2023-07-19,183.7,185,190,187.17,204.32,0.3852,58.7,2.17,1.179,92421705432764184230760266398289300254226140550691617197618310517531984527360,2.83,2.6190601097593567e+77,130.82,True,1,1,1,1,1,3,1.0272031820370198e+79
APOLLOPIPE.NS,2023-06-02,2023-07-19,638.34,640,655,646.78,749.87,0.2797,55.3,6.78,1.061,12976085423210397117366644982757952359691953203616900300987768629914507411456,8.22,1.067165872248293e+77,121.37,True,1,1,1,1,1,3,4.502951293391162e+78
ANANTRAJ.NS,2023-06-02,2023-07-19,155.17,155,160,157.25,196.13,0.309,75.9,2.25,1.449,1071867109891812664299231534085874197171019926860084664386209718711005216768,2.75,2.94857329556907e+75,122.31,True,1,1,1,0,1,2,1.2348668599006872e+77
ARMANFIN.NS,2023-06-05,2023-07-20,2005.0,2005,2065,2031.31,2112.6,0.6659,93.8,26.31,1.312,3410650849300831437627970019187674970226188477096590583486151865512056848384,33.69,1.1491062464435658e+77,128.06,True,1,1,0,1,1,2,4.601331940329022e+78
AIAENG.NS,2023-06-05,2023-07-20,3060.74,3060,3155,3102.66,3467.7,0.323,71.2,42.66,1.394,23951908566595317532289512333485884096314825668852333668861811366521995264,52.34,1.2537229651275303e+75,122.71,True,1,1,1,0,1,2,5.233914040007877e+76
APOLLOPIPE.NS,2023-06-05,2023-07-20,660.91,660,680,669.09,759.46,0.3008,60.4,9.09,1.375,9911441940929611503302854366170035245912286797255872004756904857737537519616,10.91,1.0816981295076898e+77,120.11,True,1,1,1,1,1,3,4.611121106341931e+78
ASHIANA.NS,2023-06-05,2023-07-20,184.68,185,190,187.24,203.19,0.3852,57.4,2.24,1.215,91580090799599662346839575776261870606610239170227844624744270324957527932928,2.76,2.5245981759059434e+77,122.89,True,1,1,1,0,1,2,1.0524491637960793e+79
ARTEMISMED.NS,2023-06-05,2023-08-08,86.83,85,90,87.36,123.52,0.3715,65.2,2.36,2.718,33257155849059246337663285407974789919044611550201004285294888359734355689472,2.64,8.780268985169439e+76,111.87,True,1,1,1,0,1,2,4.011957159531787e+78
ANUP.NS,2023-06-05,2023-07-20,773.25,775,795,783.82,947.57,0.6027,75.3,8.82,1.141,1339975450397000528384528155474911553232880718459009995419348351631667232768,11.18,1.4975979768658617e+76,126.66,True,1,1,1,0,1,2,6.061524417327283e+77
ARVIND.NS,2023-06-05,2023-07-20,121.66,120,125,122.35,133.8,0.4304,75.5,2.35,1.929,34244985974016887234649571723824484051070651221628404797529629318444755189760,2.65,9.08508176436683e+76,113.03,True,1,1,1,0,1,2,4.109556428964475e+78
ANANTRAJ.NS,2023-06-05,2023-07-20,157.41,155,160,157.56,197.18,0.2467,74.0,2.56,1.629,963095062384569640810819566655717728366770672325668604668244046635901911040,2.44,2.345741592121474e+75,94.98,True,1,1,1,1,1,3,1.258324275821902e+77
ASIANHOTNR.NS,2023-06-06,2023-07-21,198.95,200,205,202.2,156.05,0.3165,93.7,2.2,1.106,293828384509460602977102514754914477111278259709998809539610121010239437275136,-2.2,-6.463726386303949e+77,-100.0,False,1,1,0,1,1,2,3.1672259292889346e+79
ANANTRAJ.NS,2023-06-06,2023-07-21,159.84,160,165,162.2,194.28,0.2347,78.8,2.2,1.375,1144637374710997156865966050938748146657222653001881836994264186255107424256,2.8,3.206538321911182e+75,127.41,True,1,1,1,1,1,3,1.2903896590410137e+77
AJANTPHARM.NS,2023-06-06,2023-07-21,1346.92,1345,1385,1363.11,1347.69,0.2008,83.1,18.11,1.345,58248655023399307818267510538339912274836331212519242774950595891090685952,-15.43,-8.985848245617183e+74,-85.17,False,1,1,0,1,1,2,5.1851420033924204e+76
ASIANENE.NS,2023-06-06,2023-07-21,113.43,115,120,116.95,139.4,0.369,66.9,1.95,1.715,251541540839669844201746510187817178867185791256613607487387334108053583691776,3.05,7.682459405199319e+77,156.96,True,1,1,1,1,1,3,2.52413341244408e+79
ANUP.NS,2023-06-06,2023-07-21,783.9,785,805,793.87,949.96,0.5934,74.5,8.87,1.132,1366626451300548480832342903567369290494764032957701725434850958973809459200,11.13,1.5209480191356403e+76,125.46,True,1,1,1,0,1,2,6.213619219240847e+77
AIAENG.NS,2023-06-06,2023-07-21,3072.94,3075,3165,3115.39,3467.55,0.3132,71.0,40.39,1.314,25917872394231969573813255963306123566549801197336832117006696897142849536,49.61,1.285825707479302e+75,122.84,True,1,1,1,0,1,2,5.362496610755807e+76
ADFFOODS.NS,2023-06-06,2023-07-21,189.28,190,195,192.19,208.82,0.5938,74.8,2.19,1.158,971552546940055395777212917074004068149280597452213451140136304675903242240,2.81,2.7291322843927847e+75,128.21,True,1,1,1,1,1,3,1.091606547997674e+77
APOLLOPIPE.NS,2023-06-06,2023-07-21,671.15,670,690,679.13,756.88,0.2656,63.2,9.13,1.36,10103613030061727008511349125776243311259301002166209832568612511040015433728,10.87,1.0984983847439591e+77,119.11,True,1,1,1,0,1,2,4.720970944816327e+78
ARTEMISMED.NS,2023-06-06,2023-08-09,86.93,85,90,87.38,125.01,0.3688,58.1,2.38,2.736,33739273552829959471577147712711298602957817092557941922127735596736283934720,2.62,8.845722457351406e+76,110.24,True,1,1,1,0,1,2,4.1004143841053e+78
ARROWGREEN.NS,2023-06-06,2023-07-21,377.51,380,390,384.33,318.48,0.5885,77.5,4.33,1.148,17069872104529519572184494270980776771814013333137170776144612985612420513792,-4.33,-7.394621884755798e+76,-100.0,False,1,1,1,1,1,3,3.623364723530341e+78
ASTERDM.NS,2023-06-07,2023-07-24,215.09,215,220,217.3,230.5,0.3921,64.8,2.3,1.069,103105356075094822180652064158169107294998982097496035350873394677219449634816,2.7,2.783900369072936e+77,117.4,True,1,1,1,1,1,3,1.213522721031632e+79
AIAENG.NS,2023-06-07,2023-07-24,3102.21,3100,3195,3142.87,3510.3,0.313,70.0,42.87,1.382,25015738227173886209163239562895310608897122793034424212618170288322904064,52.13,1.3039958094303576e+75,121.58,True,1,1,1,0,1,2,5.492896191698843e+76
ANUP.NS,2023-06-07,2023-07-24,805.57,805,830,816.06,930.11,0.5925,68.3,11.06,1.373,1123583850362661392351133891533048585702083179850234614300344923444784136192,13.94,1.566235782058484e+76,126.03,True,1,1,1,0,1,2,6.370242797446696e+77
ALIVUS.NS,2023-06-07,2023-07-24,558.5,560,575,566.7,611.56,0.3448,70.2,6.7,1.199,370688984719410002643840110318934105183921940378724229605814860601662373888,8.3,3.078522419964707e+75,124.04,True,1,1,1,1,1,3,1.2716913996128685e+77
APOLLOPIPE.NS,2023-06-07,2023-07-24,676.33,675,695,684.16,753.35,0.2638,73.3,9.16,1.354,10311418553362543420264273282161028666043465152753967632650180673579562041344,10.84,1.1180895217092433e+77,118.42,True,1,1,1,0,1,2,4.8327798969872515e+78
ABB.NS,2023-06-07,2023-07-24,4075.94,4075,4200,4131.01,4243.8,0.2571,68.9,56.01,1.374,2111545249002679261435331514922551512324868021222286844942568625537024000,68.99,1.4567673166111084e+74,123.18,True,1,1,1,0,1,2,6.058997954872314e+75
APOLLOTYRE.NS,2023-06-07,2023-07-24,376.77,375,390,381.53,400.55,0.1533,78.7,6.53,1.733,18551966347700288319324681406316019452627126992207381478334455152088465801216,8.47,1.5715078325573393e+77,129.74,True,1,1,1,0,1,2,6.213586381244254e+78
ASHIANA.NS,2023-06-07,2023-07-24,187.68,190,195,192.1,205.59,0.387,61.9,2.1,1.117,100415716253274741668541311130849540888898557410977011634115337113076716535808,2.9,2.9158874850715784e+77,138.53,True,1,1,1,0,1,2,1.081608038646795e+79
ASIANHOTNR.NS,2023-06-07,2023-07-24,199.05,200,205,202.21,155.0,0.316,93.7,2.21,1.11,286809760670857757412238007726472506469410615927199661474354750889370838892544,-2.21,-6.33445185857787e+77,-100.0,False,1,1,0,1,1,2,3.103881410703156e+79
ARTEMISMED.NS,2023-06-07,2023-08-10,90.76,90,95,92.17,124.66,0.2932,79.2,2.17,2.396,37711521754537540046167081436025020263663317599663292580378803891675429076992,2.83,1.0654932109058169e+77,129.93,True,1,1,1,1,1,3,4.206963705195882e+78
APOLLOPIPE.NS,2023-06-08,2023-07-25,705.96,705,725,714.16,743.1,0.2973,78.8,9.16,1.297,10556641448251353177827823770268899774041562430024003345953778446616215158784,10.84,1.1447723102528204e+77,118.44,True,1,1,1,1,1,3,4.947257128012534e+78
ASIANENE.NS,2023-06-08,2023-07-25,113.63,115,120,116.97,133.92,0.3704,65.9,1.97,1.736,255925197401561779680078632591502741968042667065108666538627638556874875338752,3.03,7.747993045189929e+77,153.48,True,1,1,1,0,1,2,2.6016133428959795e+79
ACUTAAS.NS,2023-06-08,2023-07-25,616.92,615,635,624.12,576.46,0.3454,67.8,9.12,1.478,389599395029528608911042715108342066006578151922948932679326239037184802816,-9.12,-3.553130204738872e+75,-100.0,False,1,1,1,0,1,2,1.7410338003220474e+77
ASIANHOTNR.NS,2023-06-08,2023-07-25,201.4,200,205,202.42,153.55,0.3156,94.3,2.42,1.2,256854904679112522271300089647013857368678758921544811676536684093471822184448,-2.42,-6.207762821406313e+77,-100.0,False,1,1,0,1,1,2,3.041803782489093e+79
ALIVUS.NS,2023-06-09,2023-07-26,567.54,570,585,576.62,634.54,0.3362,70.0,6.62,1.167,383993258399850464472793717849944844534402890915494808534679815969629536256,8.38,3.2165160767720198e+75,126.47,True,1,1,1,0,1,2,1.3038565603805887e+77
AIAENG.NS,2023-06-09,2023-07-26,3181.82,3180,3275,3222.95,3437.15,0.3286,72.5,42.95,1.35,25578154609076437762310045193656809139107755353087504293337768721152737280,52.05,1.3313454495224929e+75,121.19,True,1,1,1,0,1,2,5.626030736651093e+76
ARTEMISMED.NS,2023-06-09,2023-08-14,91.51,90,95,92.33,118.75,0.2887,73.4,2.33,2.546,36114187911228418244168041616851468045560891552999056829936150676323969269760,2.67,9.643166545222445e+76,114.61,True,1,1,1,0,1,2,4.303395370648106e+78
ASTRAMICRO.NS,2023-06-09,2023-07-26,363.2,365,375,369.36,368.61,0.2946,67.6,4.36,1.2,55860944382250638494132218497786918870351778574599893920013525316743383220224,-0.75,-4.201216568319597e+76,-17.26,False,1,1,1,0,1,2,1.213011913981198e+79
ACUTAAS.NS,2023-06-09,2023-07-26,636.06,635,655,644.06,557.98,0.3537,70.3,9.06,1.424,384479319539433176279863471625292618808679753622417388461765447538012323840,-9.06,-3.482067600644095e+75,-100.0,False,1,1,1,1,1,3,1.7062131243156066e+77
ABB.NS,2023-06-09,2023-07-26,4076.04,4075,4200,4130.99,4318.87,0.2524,67.4,55.99,1.374,2164157163503953715603002840274878997747507592038508914593881850229293056,69.01,1.4933968634054793e+74,123.24,True,1,1,1,0,1,2,6.2083376412128614e+75
APOLLOTYRE.NS,2023-06-09,2023-07-26,387.33,385,400,391.75,411.08,0.1658,85.3,6.75,1.743,18407195514148479284090245483958312942218274321770824732006153790766821933056,8.25,1.518362050873421e+77,122.18,True,1,1,0,1,1,2,6.365422586331597e+78
ALIVUS.NS,2023-06-12,2023-07-27,587.48,585,605,594.14,626.17,0.3419,77.8,9.14,1.556,285238372273688462721934251459501264952482893808365168896694807631184789504,10.86,3.097054324712592e+75,118.77,True,1,1,1,1,1,3,1.3348271036277145e+77
ABB.NS,2023-06-12,2023-07-27,4076.29,4075,4200,4130.9,4320.44,0.235,66.5,55.9,1.371,2221178746807944571439816151387141224432283049756243556631916002165129216,69.1,1.5348059052673585e+74,123.61,True,1,1,1,0,1,2,6.361818231739597e+75
ABCAPITAL.NS,2023-06-12,2023-07-27,177.35,175,185,179.46,191.6,0.1977,69.4,4.46,2.513,28743343719609400913538356481303848681829995450206728267906432159864324096,5.54,1.593494115944038e+74,124.41,True,1,1,1,0,1,2,6.563550691678914e+75
AIAENG.NS,2023-06-12,2023-07-27,3225.5,3225,3320,3267.88,3452.75,0.3287,72.8,42.88,1.329,26240165285374492343610906251370421252595034425048273832446464220073033728,52.12,1.3676095547803581e+75,121.54,True,1,1,1,0,1,2,5.7627916921291286e+76
ARTEMISMED.NS,2023-06-12,2023-08-16,94.09,95,100,96.87,120.39,0.298,74.1,1.87,1.991,45945285651894529051226989839473536530036011585568683414956316770413781712896,3.13,1.4365852084651053e+77,166.91,True,1,1,1,1,1,3,4.447053891494616e+78
ANANDRATHI.NS,2023-06-12,2023-07-27,215.73,215,220,217.43,276.37,0.1195,70.8,2.43,1.128,373299920713023754400859229507235894213364108318891347236824462310330335232,2.57,9.581573990848405e+74,105.48,True,1,1,1,0,1,2,4.637526762309876e+76
ANANTRAJ.NS,2023-06-12,2023-07-27,167.15,165,170,167.54,200.07,0.2404,86.5,2.54,1.517,1017564542308623836423065151947216697847158596441537013632967495547558559744,2.46,2.5070433934610917e+75,97.14,True,1,1,0,1,1,2,1.3154600929756247e+77
ATALREAL.NS,2023-06-13,2023-07-28,22.96,25,30,25.15,26.01,0.2175,56.0,0.15,0.648,2588170245438539542326047996539953402011610019751593779230798062382407638581248,0.86,2.22885067485363e+78,578.62,True,1,1,1,0,1,2,2.148894394607625e+79
ARTEMISMED.NS,2023-06-13,2023-08-17,97.57,100,105,101.64,121.73,0.3019,79.3,1.64,1.682,54194020206520034375026882137444804236716813577642503335624910987200519208960,3.36,1.8202902320270785e+77,204.66,True,1,1,1,1,1,3,4.6290829146973244e+78
ARVIND.NS,2023-06-13,2023-07-28,125.22,125,130,127.2,126.08,0.4605,73.4,2.2,1.757,37357445752724425681971071769493942474491654752766592488657780380183971233792,-1.12,-4.166032924219287e+76,-50.69,False,1,1,1,1,1,3,4.0678960997222826e+78
ASIANENE.NS,2023-06-13,2023-07-28,117.07,115,120,117.41,126.14,0.3948,73.6,2.41,2.055,216252940047368110298901727966101128883914972503179994128107294386389807792128,2.59,5.609420316576446e+77,107.81,True,1,1,1,0,1,2,2.657707546061744e+79
ANANDRATHI.NS,2023-06-13,2023-07-28,217.14,215,225,219.43,281.16,0.1188,76.9,4.43,2.041,209328299906518193369194311087670067547168236517401795749099402964364165120,5.57,1.1657776466032067e+75,125.69,True,1,1,1,0,1,2,4.7541045269701963e+76
ABB.NS,2023-06-13,2023-07-28,4241.59,4240,4370,4298.38,4434.44,0.2657,74.6,58.38,1.376,2179479651996900985680102815001250349352397715310120078540668146114625536,71.62,1.560959901248052e+74,122.68,True,1,1,1,1,1,3,6.517914221864402e+75
APOLLO.NS,2023-06-13,2023-07-28,36.49,35,40,37.07,54.85,0.3269,70.7,2.07,5.675,30303708705607057206081337917565049817775556603860786593520265396933508464640,2.93,8.877161551713405e+76,141.48,True,1,1,1,1,1,3,3.2261180160621956e+78
AHLUCONT.NS,2023-06-13,2023-07-28,627.83,630,645,636.68,697.87,0.4968,74.0,6.68,1.064,127560678596248159382298040238669457808023686487440520096099806851427729408,8.32,1.0614797407464966e+75,124.6,True,1,1,1,1,1,3,4.365800165060778e+76
ABCAPITAL.NS,2023-06-13,2023-07-28,177.65,180,185,181.88,193.95,0.196,75.2,1.88,1.059,69746159537671635541444807300891043217018375645891227832525645997525696512,3.12,2.174597838547799e+74,165.66,True,1,1,1,1,1,3,6.7810104755336934e+75
ARVSMART.NS,2023-06-14,2023-07-31,361.54,360,370,364.58,344.76,0.4924,72.9,4.58,1.268,16921225226856522020583105195871194816052818870206690741830689753338478592000,-4.58,-7.757984490785429e+76,-100.0,False,1,1,1,1,1,3,3.80141240048486e+78
AHLUCONT.NS,2023-06-14,2023-07-31,628.48,630,645,636.71,720.93,0.4972,75.7,6.71,1.068,130064948787682395916343805760143256687681420454919764634809976834184183808,8.29,1.0778141988030804e+75,123.44,True,1,1,1,0,1,2,4.473581584941086e+76
AGI.NS,2023-06-14,2023-07-31,624.76,625,645,633.87,604.63,0.4906,69.0,8.87,1.419,102402294563822164126247712483100542603874129492148340174133322155806425088,-8.87,-9.079416125130002e+74,-100.0,False,1,1,1,1,1,3,4.448913901313701e+76
ACUTAAS.NS,2023-06-14,2023-07-31,646.53,645,665,654.13,568.88,0.2584,66.4,9.13,1.413,373629700004275155389208596377221954511726324698576051688505820716405358592,-9.13,-3.412426248631213e+75,-100.0,False,1,1,1,0,1,2,1.6720888618292945e+77
ASHIANA.NS,2023-06-14,2023-07-31,191.6,190,195,192.4,202.6,0.374,62.4,2.4,1.253,90092188861117555421966513751016057724146501324977419173254480501414236782592,2.6,2.3413933657622877e+77,108.24,True,1,1,1,0,1,2,1.1050219723044179e+79
AJMERA.NS,2023-06-14,2023-07-31,73.12,75,80,76.77,77.18,0.5032,69.1,1.77,2.414,717434742623774840521334030738347575392818936669549396013488189319894007808,0.42,3.001217425058008e+74,23.7,True,1,1,1,1,1,3,6.362716713341376e+76
ASTRAZEN.NS,2023-06-14,2023-07-31,3612.31,3610,3720,3659.64,3839.86,0.3039,81.1,49.64,1.374,5728066997180577965566891272079254205637815325419369475831344160271465709568,60.36,3.4573652664429715e+77,121.59,True,1,1,0,1,1,2,1.4563278678922616e+79
AIAENG.NS,2023-06-14,2023-07-31,3251.27,3250,3350,3295.0,3413.95,0.3311,75.6,45.0,1.384,25612300296774595515314706564928158309952840510847813283595340818975555584,55.0,1.4086716912516337e+75,122.22,True,1,1,1,0,1,2,5.903658861254292e+76
ABB.NS,2023-06-14,2023-07-31,4271.1,4270,4400,4328.37,4470.37,0.2655,74.0,58.37,1.367,2233260916205678045432592921485519445081519758371643061019626393927942144,71.63,1.5996563466945007e+74,122.71,True,1,1,1,0,1,2,6.677879856533852e+75
APOLLOPIPE.NS,2023-06-14,2023-07-31,725.6,725,745,734.14,717.74,0.3165,78.6,9.14,1.26,10825657689369447880341292269514194247834730581721514008122394523211873124352,-9.14,-9.894514256025068e+76,-100.0,False,1,1,1,1,1,3,4.848311985452283e+78
ATALREAL.NS,2023-06-14,2023-07-31,23.1,25,30,25.17,25.82,0.2149,56.3,0.17,0.727,2560624707948014749448987434289048737551539894627020331888989176291013095849984,0.65,1.6699326001552012e+78,388.56,True,1,1,1,0,1,2,2.3158876546231453e+79
ASTERDM.NS,2023-06-14,2023-07-31,226.12,225,235,229.42,236.09,0.473,61.4,4.42,1.956,54883283835730528171098815225451980191799387527258129408493037051085745815552,5.58,3.0612829415097886e+77,126.13,True,1,1,1,1,1,3,1.2441355504467299e+79
APOLLO.NS,2023-06-14,2023-07-31,38.28,40,45,41.06,57.55,0.3608,76.6,1.06,2.775,60736207412959561446204054543429504257786219691032816964757077931325860610048,3.94,2.391586767435539e+77,370.66,True,1,1,1,0,1,2,3.4652766928057495e+78
ARTEMISMED.NS,2023-06-15,2023-08-21,103.19,105,110,106.89,119.49,0.4007,82.5,1.89,1.832,48965301798516631926693738316383493759484983680833257816835141581027948888064,3.11,1.5224485069863666e+77,164.44,True,1,1,0,1,1,2,4.781327765395961e+78
APOLLOHOSP.NS,2023-06-15,2023-08-01,5175.62,5175,5330,5244.7,4990.81,0.2716,82.1,69.7,1.347,1344214581520944096904731179302169321236219806839504721805789828705251491840,-69.7,-9.368614088679574e+76,-100.0,False,1,1,0,1,1,2,4.590620903452991e+78
AJMERA.NS,2023-06-15,2023-08-01,73.83,75,80,76.86,77.08,0.4858,67.7,1.86,2.517,684695556182455636429427607263209673455757079973387768337764126912424181760,0.22,1.4866276620064734e+74,11.68,True,1,1,1,1,1,3,6.377582989961442e+76
ALBERTDAVD.NS,2023-06-15,2023-08-01,601.85,600,620,609.06,758.93,0.4109,66.1,9.06,1.505,205396436366295839104079525561478980212323151772265754471693214577596563456,10.94,2.2477527067901884e+75,120.84,True,1,1,1,1,1,3,9.52565537335766e+76
ASTERDM.NS,2023-06-15,2023-08-01,230.69,230,240,234.39,241.49,0.4715,69.5,4.39,1.902,56719118954069005264983503592154182823271348379217212005946378095674930495488,5.61,3.183640794513441e+77,127.95,True,1,1,1,1,1,3,1.2759719583918642e+79
ATALREAL.NS,2023-06-15,2023-08-01,23.23,25,30,25.19,26.59,0.2143,58.1,0.19,0.824,2418891558695787337008709013860114550357537279776823501085200606430211101163520,1.4,3.382860416495233e+78,730.36,True,1,1,1,0,1,2,2.6541736962726685e+79
APARINDS.NS,2023-06-15,2023-08-01,3039.48,3040,3130,3080.47,3627.43,0.3779,71.9,40.47,1.331,856477218076227092362935712194709127669816122456212349218849640093646323712,49.53,4.242488007563384e+76,122.41,True,1,1,1,1,1,3,1.7753283576369637e+78
ARTEMISMED.NS,2023-06-16,2023-08-22,106.37,105,110,107.31,122.77,0.4067,84.0,2.31,2.167,41477728577577149021073676250163858459224011642504972864391818262331971862528,2.69,1.1176208757996653e+77,116.87,True,1,1,0,1,1,2,4.8930898529759275e+78
ATALREAL.NS,2023-06-16,2023-08-02,23.47,25,30,25.25,25.8,0.2164,64.8,0.25,1.066,2122432428735015280442353776849136731199728323404703527614007569777679868624896,0.55,1.167109584446042e+78,219.86,True,1,1,1,0,1,2,2.7708846547172728e+79
APOLLOTYRE.NS,2023-06-16,2023-08-02,393.35,395,405,399.21,410.26,0.1484,76.7,4.21,1.069,30271345026379680903752412381961485918723788953830538789695391836878525169664,5.79,1.7540499853716486e+77,137.78,True,1,1,1,0,1,2,6.540827584868761e+78
APARINDS.NS,2023-06-16,2023-08-02,3052.23,3050,3145,3092.76,3539.82,0.3774,71.8,42.76,1.401,830427789447550454846049548051875186153283513235649276887988790620548235264,52.24,4.3384072844778016e+76,122.19,True,1,1,1,0,1,2,1.8187124304817418e+78
ACUTAAS.NS,2023-06-16,2023-08-02,654.34,655,675,663.88,576.86,0.2699,73.3,8.88,1.356,376806597378257749610621936274080513453416914706519900958946765201318346752,-8.88,-3.344177723658589e+75,-100.0,False,1,1,1,1,1,3,1.6386470845927087e+77
AMBICAAGAR.NS,2023-06-16,2023-08-02,40.0,40,45,41.85,34.7,0.8107,98.2,1.85,4.63,976959208396002412621387663432494990756777316267577095173585243975104593920,-1.85,-1.8094830004411306e+75,-100.0,False,1,1,0,1,1,2,8.866466702161539e+76
ABCAPITAL.NS,2023-06-16,2023-08-02,178.0,180,185,181.97,189.95,0.2139,69.3,1.97,1.106,68890149096305883438344329489170583423934421433666651932236624681754427392,3.03,2.0883053597085556e+74,153.98,True,1,1,1,0,1,2,6.989841011504549e+75
ABBOTINDIA.NS,2023-06-19,2023-08-03,22143.65,22145,22810,22433.71,23873.67,0.1479,68.4,288.71,1.304,468094673613571200673048873450920168691059874728641463636038293095710720,376.29,1.761404366457192e+74,130.34,True,1,1,1,1,1,3,6.933266502011001e+75
ABCAPITAL.NS,2023-06-19,2023-08-03,179.45,180,185,182.17,193.1,0.2114,64.9,2.17,1.212,64282757061896651895973029596375400042616987245120529896271228433929863168,2.83,1.8161696507939227e+74,129.91,True,1,1,1,0,1,2,7.171457976583941e+75
AJMERA.NS,2023-06-19,2023-08-03,74.02,75,80,76.87,77.53,0.4565,76.3,1.87,2.526,682167463424715917821505334928852041883746047674528665136928294865974853632,0.66,4.48622735968814e+74,35.17,True,1,1,1,0,1,2,6.422445263558323e+76
ASHOKLEY.NS,2023-06-19,2023-08-03,76.39,75,80,77.26,83.64,0.2389,93.5,2.26,2.954,126152596216492472855209073909361547731005099828637318942187909965286087852032,2.74,3.460701727973301e+77,121.56,True,1,1,0,1,1,2,1.4580710587053943e+79
APOLLO.NS,2023-06-19,2023-08-03,41.33,40,45,42.08,54.75,0.3772,88.3,2.08,5.022,33392229337174188432132901044482606247327525415347826730198510917043145932800,2.92,9.765561282975596e+76,140.91,True,1,1,0,1,1,2,3.5629323056355053e+78
ANANTRAJ.NS,2023-06-19,2023-08-03,168.25,170,175,172.02,193.39,0.2484,79.8,2.02,1.198,1304864123073381630952011889277150835978382423651044968147765384680010940416,2.98,3.893400429415659e+75,147.99,True,1,1,1,0,1,2,1.3543940972697813e+77
ANUP.NS,2023-06-19,2023-08-03,810.25,810,835,821.22,1066.8,0.3948,75.3,11.22,1.385,1135161436674286247704835383675479566734206793175765072007000015560033435648,13.78,1.5638550321963764e+76,122.75,True,1,1,1,0,1,2,6.526628300666333e+77
ANUP.NS,2023-06-20,2023-08-04,821.66,820,845,831.39,1042.26,0.3562,70.4,11.39,1.386,1146459242903105584067382397285519117072007772287100250841777348990080122880,13.61,1.5608224471244972e+76,119.57,True,1,1,1,0,1,2,6.682710545378783e+77
ABB.NS,2023-06-20,2023-08-04,4296.77,4295,4425,4353.51,4357.7,0.2678,66.0,58.51,1.362,2282531519795122481676416619253705413650953532741746637605305599536398336,4.19,9.555345932727312e+72,7.15,True,1,1,1,0,1,2,6.687435202466579e+75
ANANTRAJ.NS,2023-06-20,2023-08-04,168.79,170,175,172.09,194.23,0.2465,79.3,2.09,1.236,1298421067842333406350471731462109002291694729546321205728602132625531863040,2.91,3.783317144672104e+75,139.67,True,1,1,1,0,1,2,1.3922272687165023e+77
ABCAPITAL.NS,2023-06-20,2023-08-04,179.6,180,185,182.2,188.5,0.2116,67.0,2.2,1.223,65290302826614007409086536126768800616690542004788420702629999181956120576,2.8,1.830223546013912e+74,127.6,True,1,1,1,0,1,2,7.354480331185332e+75
AJMERA.NS,2023-06-20,2023-08-04,74.12,75,80,76.88,78.11,0.445,77.9,1.88,2.534,683868286346169469870349153607238766027009826372291110748225578629966331904,1.23,8.43244362891762e+74,65.65,True,1,1,1,0,1,2,6.5067696998475e+76
APOLLOTYRE.NS,2023-06-21,2023-08-07,400.85,400,415,406.4,420.02,0.1576,84.5,6.4,1.597,20438847418316719655729955514834922103775096079653155773286638015380738539520,8.6,1.7576615957737556e+77,134.36,True,1,1,0,1,1,2,6.716593744446137e+78
ASTRAMICRO.NS,2023-06-21,2023-08-07,375.44,375,385,379.59,361.37,0.3325,73.7,4.59,1.224,52806487090220821831166824224600264674550714376754617804810201987651188293632,-4.59,-2.426023827962396e+77,-100.0,False,1,1,1,1,1,3,1.1887516757015741e+79
ARTEMISMED.NS,2023-06-21,2023-08-25,111.79,110,115,112.34,122.57,0.4755,80.4,2.34,2.09,41892822784985205985997468711143290805022030369432944484028883965040528457728,2.66,1.1160231686540749e+77,114.04,True,1,1,0,1,1,2,5.004692169841335e+78
APARINDS.NS,2023-06-21,2023-08-07,3093.52,3095,3185,3135.43,3767.85,0.3941,76.3,40.43,1.307,899760875604576654739335135871798036247294257807658658895065161964588105728,49.57,4.460423019477706e+76,122.63,True,1,1,1,0,1,2,1.863316660676519e+78
AETHER.NS,2023-06-21,2023-08-07,1099.8,1100,1135,1115.62,1037.65,0.3927,88.6,15.62,1.42,84002585404989873360041243741842467125098287837292097052052340707956883456,-15.62,-1.3120376397409995e+75,-100.0,False,1,1,0,1,1,2,6.428984434730897e+76
ASTRAZEN.NS,2023-06-21,2023-08-07,3656.76,3655,3765,3704.62,3787.86,0.2806,78.5,49.62,1.357,5870306562782835377099490657846571317920899539105827131820355104141775732736,60.38,3.5446814832765956e+77,121.7,True,1,1,1,0,1,2,1.4917746827250275e+79
ABCAPITAL.NS,2023-06-21,2023-08-07,180.1,180,185,182.27,185.55,0.2034,65.7,2.27,1.259,64877093661238030865598362768854437629948029968846009130078485165564231680,2.73,1.7729586168248348e+74,120.54,True,1,1,1,0,1,2,7.531776192867815e+75
ASTRAZEN.NS,2023-06-22,2023-08-08,3663.49,3665,3775,3714.25,3787.22,0.2813,78.9,49.25,1.344,6058537822653301256969331937520895441275953624856404214043813473518702559232,60.75,3.680842239468576e+77,123.37,True,1,1,1,0,1,2,1.5285831051197133e+79
ASTRAMICRO.NS,2023-06-22,2023-08-08,381.0,380,390,384.65,366.03,0.3219,72.8,4.65,1.221,51097356136682538230238219202884130460236613850218736571287044730026427678720,-4.65,-2.3775033514031484e+77,-100.0,False,1,1,1,1,1,3,1.1649766421875427e+79
APOLLO.NS,2023-06-22,2023-08-08,47.77,50,55,51.29,59.99,0.4229,92.7,1.29,2.701,55238431790376349183446552558344342415161291291595544072928868216577206517760,3.71,2.0493351283917165e+77,287.59,True,1,1,0,1,1,2,3.767865818474677e+78
APLAPOLLO.NS,2023-06-22,2023-08-08,1377.13,1375,1420,1395.28,1458.94,0.3226,82.0,20.28,1.473,1896829993405799665903096563107217950888771154202803321310208484307793608704,24.72,4.6886389408169357e+76,121.87,True,1,1,0,1,1,2,1.970434404162751e+78
ARVIND.NS,2023-06-22,2023-08-08,129.21,130,135,132.11,135.61,0.4178,69.9,2.11,1.631,38601160541652800238404271449633251471313762910398330699877060121016458543104,2.89,1.1164788071381834e+77,137.23,True,1,1,1,1,1,3,4.179543980436101e+78
AETHER.NS,2023-06-22,2023-08-08,1165.95,1165,1200,1180.77,1043.9,0.4226,90.6,15.77,1.353,81511253700047020604042235755553002642944541131378929229360371716396679168,-15.77,-1.2857968869461795e+75,-100.0,False,1,1,0,1,1,2,6.300404746036279e+76
APARINDS.NS,2023-06-23,2023-08-09,3117.41,3115,3210,3157.83,3930.92,0.39,75.2,42.83,1.374,870047151436863929735750345516110424923319991347666642614945303116883427328,52.17,4.5388146172971694e+76,121.79,True,1,1,1,0,1,2,1.9087048068494907e+78
APOLLO.NS,2023-06-23,2023-08-09,50.11,50,55,51.86,59.25,0.4375,93.5,1.86,3.706,40574380460504312006998879965737720814427112338701853868902682549537464123392,3.14,1.2751458593302803e+77,169.21,True,1,1,0,1,1,2,3.895380404407705e+78
ANGELONE.NS,2023-06-26,2023-08-10,159.7,160,165,162.21,166.34,0.3398,83.8,2.21,1.383,6246373346157971739980085615095004093009439336681063079264254753004027117568,2.79,1.743421055914011e+76,126.36,True,1,1,0,1,1,2,7.073170191416276e+77
ARMANFIN.NS,2023-06-26,2023-08-10,2073.45,2075,2135,2101.04,2241.1,0.7424,60.7,26.04,1.256,3533996716669640844008101289362279884206552848825672714642779159178415964160,33.96,1.2001316419359803e+77,130.41,True,1,1,1,0,1,2,4.72134510452262e+78
ABCAPITAL.NS,2023-06-26,2023-08-10,181.25,180,185,182.4,185.05,0.305,63.3,2.4,1.322,62869321967740865109515273186570181284746131749614095944798694813252714496,2.6,1.63711085981348e+74,108.68,True,1,1,1,1,1,3,7.695487278849164e+75
APOLLO.NS,2023-06-26,2023-08-10,52.61,55,60,56.39,57.9,0.4479,94.3,1.39,2.637,56151545679143574131239338909626506269084590959852141955178750971976114765824,1.51,8.484435179238636e+76,108.9,True,1,1,0,1,1,2,3.980224756200091e+78
ARTEMISMED.NS,2023-06-26,2023-08-30,128.09,130,135,132.03,127.39,0.7472,81.4,2.03,1.585,49297638270854115986330743600465970131933759300118336442022901272971185225728,-2.03,-1.000938433968267e+77,-100.0,False,1,1,0,1,1,2,4.904598326444508e+78
APARINDS.NS,2023-06-26,2023-08-10,3274.55,3275,3375,3319.77,3927.37,0.417,79.5,44.77,1.367,852714764236208985321229976713378217991993028524499210331212171321062457344,55.23,4.7097380286631085e+76,123.38,True,1,1,1,1,1,3,1.9558021871361216e+78
AJMERA.NS,2023-06-27,2023-08-11,75.22,75,80,77.06,74.6,0.4452,71.9,2.06,2.735,632580515408270772602066005111498012029394435379133097241062340141195984896,-2.06,-1.3013539399694997e+75,-100.0,False,1,1,1,1,1,3,6.37663430585055e+76
ANANTRAJ.NS,2023-06-27,2023-08-11,172.84,175,180,177.0,190.54,0.2621,65.0,2.0,1.155,1394395985543212890392280486611297920038997259083794603669748987711058870272,3.0,4.18752539028306e+75,150.39,True,1,1,1,0,1,2,1.4341025226193329e+77
ACE.NS,2023-06-27,2023-08-11,495.42,495,510,501.78,757.71,0.3746,52.7,6.78,1.368,377726495094752223389176348555040054485867927550191791001403921368275222528,8.22,3.1065904384165772e+75,121.38,True,1,1,0,1,1,2,1.3107193983865187e+77
63MOONS.NS,2023-06-27,2023-08-11,212.13,210,220,214.4,268.13,0.6809,88.2,4.4,2.075,70373151413194512073336498428182730326173425133605473525103022835559825408,5.6,3.939930727941275e+74,127.2,True,1,1,0,1,1,2,1.588091513968501e+76
ABCAPITAL.NS,2023-06-27,2023-08-11,192.3,190,200,194.53,183.55,0.3491,70.6,4.53,2.358,33948920844004937095897617638865262063681940717060734442609824917966815232,-4.53,-1.539097455769833e+74,-100.0,False,1,1,1,1,1,3,7.54157753327218e+75
ARMANFIN.NS,2023-06-27,2023-08-11,2176.05,2175,2240,2203.25,2286.55,0.752,68.3,28.25,1.298,3342690905018608545446664017260509077718232621019335444421660303150137999360,36.75,1.2284800673575716e+77,130.1,True,1,1,1,0,1,2,4.844193111258377e+78
APARINDS.NS,2023-06-27,2023-08-11,3320.72,3320,3420,3364.95,4013.18,0.4032,79.7,44.95,1.354,870184275753896205202481432965038355476594594624029243960229732082889261056,55.05,4.790238383266719e+76,122.46,True,1,1,1,0,1,2,2.003704570968789e+78
ASIANENE.NS,2023-06-27,2023-08-11,130.98,130,135,132.29,136.76,0.4165,70.7,2.29,1.748,232198269960672028960884172687562037168894462343307088461087671104646921846784,2.71,6.294498405910113e+77,118.42,True,1,1,1,0,1,2,2.7206525301208453e+79
ARMANFIN.NS,2023-06-28,2023-08-14,2215.65,2215,2280,2244.23,2308.0,0.4401,83.3,29.23,1.319,3314734659751328011462977979830949791589991718130245083448831982948862394368,35.77,1.1857389065866878e+77,122.39,True,1,1,0,1,1,2,4.9627670019170455e+78
ABCAPITAL.NS,2023-06-28,2023-08-14,193.5,195,200,197.16,182.65,0.3469,73.8,2.16,1.116,69837778804321295166458455631773785298799947781332920817837096347556118528,-2.16,-1.508315506654436e+74,-100.0,False,1,1,1,1,1,3,7.390745982606737e+75
ABBOTINDIA.NS,2023-06-28,2023-08-14,22247.97,22250,22915,22540.99,22981.17,0.1611,74.8,290.99,1.308,476522713569168569949372281007172145864029129920342737572663515603271680,374.01,1.7822227448327708e+74,128.53,True,1,1,1,1,1,3,7.111488776494278e+75
ASIANENE.NS,2023-06-28,2023-08-14,137.51,140,145,141.98,136.26,0.431,74.2,1.98,1.437,275310198366553324754830961825132555914371129071142743282860627381170405900288,-1.98,-5.441305060241691e+77,-100.0,False,1,1,1,0,1,2,2.6662394795184283e+79
ABB.NS,2023-06-28,2023-08-14,4331.24,4330,4460,4388.57,4275.86,0.2856,72.6,58.57,1.352,2283629623579850256653675150261980250364193999366475167247273353082306560,-58.57,-1.3374870404933158e+74,-100.0,False,1,1,1,0,1,2,6.5536864984172475e+75
ANANTRAJ.NS,2023-06-28,2023-08-14,175.73,175,180,177.35,189.1,0.2642,69.9,2.35,1.336,1222000678024583170245478844485416631693990761920353385971552963773415292928,2.65,3.2417983448842504e+75,113.03,True,1,1,1,0,1,2,1.4665205060681754e+77
63MOONS.NS,2023-06-30,2023-08-16,240.45,240,250,244.28,285.36,0.7599,91.4,4.28,1.779,74241762319710648213891653509346646613609458779469778919594392537532465152,5.72,4.247993204034063e+74,133.75,True,1,1,0,1,1,2,1.6305714460088414e+76
ANUP.NS,2023-06-30,2023-08-16,856.68,855,880,866.43,1054.91,0.3539,67.6,11.43,1.334,1169216364871454143070685425603920656155248435241444374495838804946968379392,13.57,1.5864988031028788e+76,118.7,True,1,1,1,1,1,3,6.84136042568907e+77
ABB.NS,2023-06-30,2023-08-16,4342.92,4345,4475,4402.73,4222.0,0.2218,71.4,57.73,1.329,2270476784866938967153642473746236493130588453772023178281379317321564160,-57.73,-1.3107372996834495e+74,-100.0,False,1,1,1,0,1,2,6.422612768448903e+75
ANANTRAJ.NS,2023-06-30,2023-08-16,176.88,175,180,177.49,203.31,0.2622,72.3,2.49,1.406,1179480096943309013794631041127328065714231428370234313950607386020732207104,2.51,2.964359472580194e+75,101.07,True,1,1,1,0,1,2,1.4961641007939773e+77
ABBOTINDIA.NS,2023-06-30,2023-08-16,22455.9,22455,23130,22750.19,23240.17,0.1583,75.4,295.19,1.315,481829144799210133352102930035003314696160723583173835613625794525396992,379.81,1.830048972095813e+74,128.67,True,1,1,1,0,1,2,7.294493673703859e+75
APARINDS.NS,2023-06-30,2023-08-16,3391.04,3390,3495,3437.08,4242.85,0.4124,72.4,47.08,1.388,851155911788221979979067972102421127774379553083754047016223006367145787392,57.92,4.929727931838753e+76,123.02,True,1,1,1,0,1,2,2.0530018502871762e+78
ABCAPITAL.NS,2023-06-30,2023-08-16,196.3,195,200,197.39,181.9,0.348,74.2,2.39,1.218,61824620409205334450006231977091802854979370721738344398135730366383652864,-2.39,-1.4781491965213473e+74,-100.0,False,1,1,1,1,1,3,7.242931062954602e+75
ARE&M.NS,2023-06-30,2023-08-16,656.9,655,675,664.15,600.57,0.1786,83.6,9.15,1.393,8823159725708169617176871808406412835342005007773132171488007362827681529856,-9.15,-8.073247377216599e+76,-100.0,False,1,1,0,1,1,2,3.955891214836134e+78
ASIANENE.NS,2023-06-30,2023-08-16,144.34,145,150,147.16,140.75,0.4474,78.5,2.16,1.493,247384463081391731756337231885271630824241283779309699967997331713448719941632,-2.16,-5.332478959036857e+77,-100.0,False,1,1,1,1,1,3,2.6129146899280598e+79
ARVIND.NS,2023-07-03,2023-08-17,132.07,130,135,132.42,152.45,0.3839,71.2,2.42,1.83,34580395716843659453333521112283192920231015619939897175442198010048133726208,2.58,8.931109897549628e+76,106.84,True,1,1,1,1,1,3,4.268855079411597e+78
ANANTRAJ.NS,2023-07-03,2023-08-17,185.66,185,190,187.34,199.67,0.2919,75.1,2.34,1.262,1276758898333689911440908672456614346039761786691121876983463514488218583040,2.66,3.391466290080495e+75,113.34,True,1,1,1,0,1,2,1.5300787636947821e+77
ARE&M.NS,2023-07-03,2023-08-17,663.8,665,685,673.55,606.22,0.1693,85.3,8.55,1.288,9254193275116674312613118442870763806278735494378734476439100715962298531840,-8.55,-7.911782429672267e+76,-100.0,False,1,1,0,1,1,2,3.876773390539411e+78
ADFFOODS.NS,2023-07-03,2023-08-17,216.59,215,225,219.31,215.99,0.7936,83.4,4.31,1.988,507024023665105304496905364987050379937098099194624934918692888040777449472,-3.32,-1.6820224480907942e+75,-77.04,False,1,1,0,1,1,2,1.0747863235167661e+77
APARINDS.NS,2023-07-03,2023-08-17,3464.23,3465,3570,3512.03,4659.51,0.4087,74.1,47.03,1.358,872999307386515537892289587215176681476148898436930076649296163438612971520,57.97,5.060489026984061e+76,123.25,True,1,1,1,0,1,2,2.1036067405570168e+78
ASIANENE.NS,2023-07-03,2023-08-17,145.14,145,150,147.22,143.64,0.4426,80.1,2.22,1.533,234905311434808582600531016909690148525346301804417830520703950631715613966336,-2.22,-5.22582937985612e+77,-100.0,False,1,1,0,1,1,2,2.5606563961294987e+79
ASTERDM.NS,2023-07-04,2023-08-18,245.98,245,255,249.39,241.23,0.6146,72.2,4.39,1.783,58169194277593415063795043414811515566182038452944029768401566875223611932672,-4.39,-2.5519439167837287e+77,-100.0,False,1,1,1,1,1,3,1.250452519224027e+79
63MOONS.NS,2023-07-04,2023-08-18,241.34,240,250,244.27,289.85,0.8658,79.0,4.27,1.77,76339613296710615456352338465481314546285535665270213222381062067289325568,5.73,4.3728184376533785e+74,134.09,True,1,1,1,1,1,3,1.674299630385375e+76
APARINDS.NS,2023-07-04,2023-08-18,3472.78,3475,3575,3519.88,4804.55,0.4088,78.1,44.88,1.292,937368175450363058649158094082767402174825148293359491565946063253575565312,55.12,5.166468273389597e+76,122.8,True,1,1,1,0,1,2,2.1552714232909126e+78
ALBERTDAVD.NS,2023-07-04,2023-08-18,602.14,600,620,609.1,763.94,0.3842,55.0,9.1,1.512,209322094660027541832032129278875218806662790791277725340869512043069177856,10.9,2.2813108185290187e+75,119.75,True,1,1,0,1,1,2,9.753786455210563e+76
63MOONS.NS,2023-07-05,2023-08-21,243.66,245,250,247.13,281.7,0.862,79.3,2.13,0.875,157010388333255466858039652756247845468459645787482245778635831217513037824,2.87,4.5019201558920235e+74,134.44,True,1,1,1,0,1,2,1.7193188319442952e+76
ANTELOPUS.NS,2023-07-05,2023-08-21,338.3,340,350,344.35,339.0,0.5037,67.4,4.35,1.287,2944956414234227052819346028847810535644464665603628135955166998982060670976,-4.35,-1.282364639330763e+76,-100.0,False,1,1,1,1,1,3,6.283586732720738e+77
5PAISA.NS,2023-07-05,2023-08-21,411.55,410,425,416.73,436.55,0.4674,73.5,6.73,1.635,46162054737085367535797643142963527811894770072428556651785139584835256320,8.27,3.8181922850277184e+74,122.92,True,1,1,1,1,1,3,1.5912398856178204e+76
ACE.NS,2023-07-05,2023-08-21,502.04,500,515,506.94,768.94,0.3575,56.7,6.94,1.382,377825676102853031735844947076332894550745898080182471216433152840731459584,8.06,3.045946344769758e+75,116.19,True,1,1,1,0,1,2,1.3411788618342163e+77
ANANDRATHI.NS,2023-07-05,2023-08-21,222.84,225,230,226.99,350.47,0.1601,75.3,1.99,0.892,478467412269767517362501519147730454695444078818522336996691817137646338048,3.01,1.4415161559547983e+75,151.61,True,1,1,1,1,1,3,4.898256142565676e+76
ALBERTDAVD.NS,2023-07-05,2023-08-21,619.14,620,640,628.83,762.47,0.3301,64.8,8.83,1.426,220906583400356930202222621155394864892932191581304750050224877476583047168,11.17,2.467374376965026e+75,126.48,True,1,1,1,1,1,3,1.0000523892907065e+77
AHLUCONT.NS,2023-07-05,2023-08-21,671.96,670,690,679.11,704.01,0.4428,67.3,9.11,1.356,98190785411682230862176863555772322805650768991125822081718160921047597056,10.89,1.0690993912454275e+75,119.49,True,1,1,1,1,1,3,4.580491524065629e+76
ABBOTINDIA.NS,2023-07-06,2023-08-22,22845.78,22845,23530,23146.24,22826.15,0.1693,72.1,301.24,1.319,484293275807306063284346634436297147200698482051488675907101383039385600,-301.24,-1.4588987347407716e+74,-100.0,False,1,1,1,0,1,2,7.148603800229782e+75
ARE&M.NS,2023-07-06,2023-08-22,678.26,680,700,688.6,611.97,0.1923,84.8,8.6,1.268,9014616231586843650469591476546522494524620990269350751400415350503029866496,-8.6,-7.753546781078824e+76,-100.0,False,1,1,0,1,1,2,3.799237922728623e+78
ARCHIES.NS,2023-07-06,2023-08-22,27.85,30,35,30.57,25.7,0.3368,62.8,0.57,2.034,158117566560647781100168202776061299983604299033451295857173366446266580467712,-0.57,-8.9551907852123e+76,-100.0,False,1,1,1,0,1,2,4.388043484754027e+78
ACE.NS,2023-07-06,2023-08-22,549.15,550,565,556.7,780.89,0.4747,68.7,6.7,1.22,400512301511423162129617081513685763296387396863379136845220353442125447168,8.3,3.325326799002915e+75,123.97,True,1,1,1,1,1,3,1.3744321298242454e+77
AHLUCONT.NS,2023-07-06,2023-08-22,676.81,675,695,684.11,724.93,0.4381,75.8,9.11,1.346,100571090734712951554814048340757059813807925673143936923761078321285169152,10.89,1.0953235098811332e+75,119.56,True,1,1,1,0,1,2,4.690023875053743e+76
ANTELOPUS.NS,2023-07-06,2023-08-22,353.15,355,365,359.36,348.75,0.5076,66.8,4.36,1.235,2880809289364860813694554866940321226777703823685001056835111951982567358464,-4.36,-1.2567173465441475e+76,-100.0,False,1,1,1,1,1,3,6.157914998066323e+77
ANUP.NS,2023-07-06,2023-08-22,908.31,910,935,921.18,1089.03,0.4001,73.1,11.18,1.231,1223330818077120126426956917129594392307573063089808153753370470435793141760,13.82,1.690054960054986e+76,123.52,True,1,1,1,1,1,3,7.010365921694569e+77
APOLLOHOSP.NS,2023-07-06,2023-08-22,5239.39,5240,5395,5309.51,4887.99,0.2482,54.8,69.51,1.327,1320837495685865362548616407953808960054769650962730970673430731798949658624,-69.51,-9.181241806905982e+76,-100.0,False,1,1,0,1,1,2,4.498808485383931e+78
ANANDRATHI.NS,2023-07-07,2023-08-23,224.92,225,230,227.31,347.02,0.1696,76.3,2.31,1.027,423975422084850225531388641638053022810939245468764922165996725498896449536,2.69,1.1402258819111158e+75,116.39,True,1,1,1,1,1,3,5.0122787307567874e+76
ACE.NS,2023-07-07,2023-08-23,591.59,590,610,598.93,771.38,0.5295,76.8,8.93,1.51,307807016065960917327511498015060185556182014176647721296969041797974065152,11.07,3.4072760616707277e+75,123.95,True,1,1,1,1,1,3,1.4085048904409527e+77
ASHIANA.NS,2023-07-07,2023-08-23,195.97,195,200,197.37,206.87,0.336,63.8,2.37,1.208,93319280571576304587487017273442156645189933495371820397645181988284164734976,2.63,2.4559200839699794e+77,111.13,True,1,1,1,1,1,3,1.1295811731441177e+79
ANTELOPUS.NS,2023-07-07,2023-08-23,353.2,355,365,359.37,348.95,0.501,70.5,4.37,1.236,2820296065707050397672572381590719156894743962927421027952986095399943012352,-4.37,-1.2315829996132647e+76,-100.0,False,1,1,1,0,1,2,6.034756698104997e+77
360ONE.NS,2023-07-10,2023-08-24,463.14,465,475,469.48,492.76,0.242,75.4,4.48,0.968,88835284639286555431526369555094125688918221768419947433840729401002557440,5.52,4.900626805465285e+74,123.04,True,1,1,1,0,1,2,2.040457097286338e+76
ALBERTDAVD.NS,2023-07-10,2023-08-24,620.35,620,640,628.95,760.25,0.2987,65.9,8.95,1.443,223356161137230410473752200152621655527638754787183626252644870050918957056,11.05,2.467018444163195e+75,123.34,True,1,1,1,0,1,2,1.0247225737323385e+77
ADVANIHOTR.NS,2023-07-10,2023-08-24,42.41,40,45,42.53,38.64,0.2523,63.9,2.53,5.976,520178219027781536723239727332232706772664152055808843238050050895788376064,-2.53,-1.3183896657739174e+75,-100.0,False,1,1,1,1,1,3,6.460109362292195e+76
APOLLOTYRE.NS,2023-07-10,2023-08-24,409.83,410,420,414.59,382.11,0.2574,62.3,4.59,1.119,29291356965179950796132163502017743564976783137158759758525200109599111249920,-4.59,-1.3433187488892275e+77,-100.0,False,1,1,1,1,1,3,6.5822618695572145e+78
ACE.NS,2023-07-10,2023-08-24,603.53,605,620,611.68,777.71,0.521,77.9,6.68,1.107,421587026905867001367557662515151905383497513843845828750813564382797103104,8.32,3.5067956227060998e+75,124.49,True,1,1,1,1,1,3,1.4435728466680137e+77
AHLUCONT.NS,2023-07-10,2023-08-24,681.75,680,700,689.12,727.07,0.4268,72.1,9.12,1.338,102858794440371694576966077778036657847829845799089103015202717097556705280,10.88,1.1191711137966852e+75,119.31,True,1,1,1,0,1,2,4.801940986433411e+76
ADOR.NS,2023-07-10,2023-08-24,1174.85,1175,1210,1190.68,1118.85,0.4374,61.2,15.68,1.335,113267460874340944973835801266392873042079723864986894689565726105107693568,-15.68,-1.7765129666704528e+75,-100.0,False,1,1,1,1,1,3,8.704913536685219e+76
ANANDRATHI.NS,2023-07-10,2023-08-24,229.42,230,235,232.25,351.91,0.1797,84.7,2.25,0.982,444985507824588041765394814570972371426820758365482306729989184306645303296,2.75,1.2224717929715826e+75,121.95,True,1,1,0,1,1,2,5.134525910053946e+76
ANUP.NS,2023-07-11,2023-08-25,954.13,955,985,968.33,1074.56,0.4212,73.8,13.33,1.397,1051679203120754314622050498479103415390615022058735599352100191797159919616,16.67,1.7529644250233492e+76,125.03,True,1,1,1,1,1,3,7.185662364196904e+77
ANANDRATHI.NS,2023-07-11,2023-08-25,231.21,230,240,234.34,349.86,0.1803,86.4,4.34,1.876,236773411759850347060428413687528484268209401175948770835307422808417501184,5.66,1.3408289355877143e+75,130.57,True,1,1,0,1,1,2,5.2686088036127174e+76
ADVANIHOTR.NS,2023-07-11,2023-08-25,42.53,45,50,45.56,39.3,0.2312,65.3,0.56,1.311,2317239963308984581516342735203723539218310985819755237315839821866088792064,-0.56,-1.2920218724584391e+75,-100.0,False,1,1,1,1,1,3,6.330907175046352e+76
APOLLOTYRE.NS,2023-07-11,2023-08-25,414.13,415,425,419.52,375.88,0.2589,63.3,4.52,1.091,29127098683222062820556455569743588458654113039271472981478730925347652501504,-4.52,-1.316452373911443e+77,-100.0,False,1,1,1,0,1,2,6.45061663216607e+78
AMBICAAGAR.NS,2023-07-11,2023-08-25,40.45,40,45,41.93,39.05,0.8317,61.0,1.93,4.76,920909466078957401899953278115625100313245857276673332020173389313981022208,-1.93,-1.773293340432308e+75,-100.0,False,1,1,1,0,1,2,8.689137368118308e+76
ABB.NS,2023-07-11,2023-08-25,4417.79,4420,4550,4477.97,4172.95,0.2309,60.6,57.97,1.312,2215697687301437607455970801785559904912295476145916147991909498510901248,-57.97,-1.2845225536897805e+74,-100.0,False,1,1,1,0,1,2,6.294160513079925e+75
ALBERTDAVD.NS,2023-07-11,2023-08-25,645.29,645,665,653.96,745.27,0.2475,72.8,8.96,1.388,228803622616220062642716548159059543073520691632182786218039333404845015040,11.04,2.5266273048597243e+75,123.28,True,1,1,1,1,1,3,1.0499888467809358e+77
360ONE.NS,2023-07-11,2023-08-25,465.81,465,480,471.76,490.4,0.2418,76.2,6.76,1.451,60369217534509155934759152263231182910120483726216473354909481081791053824,8.24,4.974468435603698e+74,121.9,True,1,1,1,0,1,2,2.090201781642375e+76
ADOR.NS,2023-07-11,2023-08-25,1178.79,1180,1215,1195.61,1124.61,0.4374,63.4,15.61,1.324,111531604588478464135250575856848234321948674793259538493587188995372089344,-15.61,-1.740982707337044e+75,-100.0,False,1,1,1,0,1,2,8.530815265951515e+76
ASHOKLEY.NS,2023-07-12,2023-08-28,78.47,80,85,81.51,86.65,0.2502,68.1,1.51,1.926,192967234071084660560629691360515875420358908733605501595103467486254819442688,3.49,6.732219586143445e+77,230.86,True,1,1,1,1,1,3,1.5253932545668286e+79
ADOR.NS,2023-07-12,2023-08-28,1187.05,1185,1225,1202.92,1128.18,0.4372,68.7,17.92,1.509,95222909300296992618312975072447614452621584258996909278344814012745646080,-17.92,-1.7061630531903032e+75,-100.0,False,1,1,1,0,1,2,8.360198960632485e+76
360ONE.NS,2023-07-12,2023-08-28,479.7,480,495,486.63,486.51,0.2422,80.5,6.63,1.382,63040884665934702169284894786952903093418345039880332193790274519571628032,-0.12,-7.810956915289775e+72,-1.87,False,1,1,0,1,1,2,2.089420685950846e+76
5PAISA.NS,2023-07-12,2023-08-28,417.8,420,430,424.42,442.45,0.4727,72.1,4.42,1.057,72033554788428494911733962650410975741742096619816242041774291290681245696,5.58,4.0208757076072085e+74,126.34,True,1,1,1,1,1,3,1.6314486426938925e+76
ABB.NS,2023-07-12,2023-08-28,4446.46,4445,4580,4504.88,4192.21,0.189,63.5,59.88,1.347,2102185977950941215646040697566258913683067085854968754273387717851086848,-59.88,-1.258832102615985e+74,-100.0,False,1,1,1,0,1,2,6.168277302818326e+75
ALBERTDAVD.NS,2023-07-12,2023-08-28,647.92,650,665,656.73,777.0,0.2458,75.0,6.73,1.039,311973910751096309563405085242686814860588884723940395650859926253471793152,8.27,2.579630967704573e+75,122.84,True,1,1,1,0,1,2,1.0757851564579815e+77
63MOONS.NS,2023-07-12,2023-08-28,244.25,245,250,247.13,341.85,0.9149,76.2,2.13,0.873,161273522574510765129694706934085873695894923902471139999262848427264835584,2.87,4.625038464836948e+74,134.5,True,1,1,1,0,1,2,1.7655692165926648e+76
ALEMBICLTD.NS,2023-07-12,2023-08-28,73.3,75,80,76.67,76.41,0.3748,64.5,1.67,2.276,1658524097849114235275666515798036998695601071083870997633947415054571798528,-0.25,-4.203582863002106e+74,-15.2,False,1,1,1,1,1,3,1.378996185919629e+77
AHLUCONT.NS,2023-07-12,2023-08-28,688.49,690,710,698.89,729.12,0.3738,75.5,8.89,1.291,108019618931478646814078071538923787783100957706428107955620611436717277184,11.11,1.2000041813428908e+75,124.95,True,1,1,1,1,1,3,4.921941404567701e+76
3MINDIA.NS,2023-07-12,2023-08-28,27001.16,27000,27810,27363.66,29016.83,0.2641,62.6,363.66,1.347,1320585282977013431875285068866294501439059824510351214308111339917148160,446.34,5.894263994806687e+74,122.73,True,1,1,1,0,1,2,2.460181038601628e+76
ASHIANA.NS,2023-07-13,2023-08-29,204.66,205,210,207.27,207.02,0.364,76.9,2.27,1.107,99717498538817008768874248134972410347012800445249365823103465982766646034432,-0.25,-2.4646226210280507e+76,-10.91,False,1,1,1,1,1,3,1.1271165505230895e+79
3MINDIA.NS,2023-07-13,2023-08-29,27369.38,27370,28190,27735.86,30074.2,0.2207,74.1,365.86,1.337,1344876850366710142278476723913918467093683879130510586446145509843271680,454.14,6.107628095803768e+74,124.13,True,1,1,1,0,1,2,2.5212573195596656e+76
ANANDRATHI.NS,2023-07-13,2023-08-29,246.96,245,255,249.6,349.59,0.2953,91.2,4.6,1.862,229103717414976072245341567641405251882491507800696432546981009356218171392,5.4,1.2373154134272172e+75,117.42,True,1,1,0,1,1,2,5.392340344955439e+76
ASHOKA.NS,2023-07-13,2023-08-29,94.6,95,100,97.0,101.4,0.3351,83.8,2.0,2.115,143898411990825757994182158562841703114836273548376644544906694174603539906560,3.0,4.315486213226894e+77,149.87,True,1,1,0,1,1,2,1.482872055289466e+79
ADOR.NS,2023-07-13,2023-08-29,1189.17,1190,1225,1205.65,1130.37,0.4324,77.1,15.65,1.316,106810337076694545870410585962422136922743507183784863292042842684998549504,-15.65,-1.672039792126497e+75,-100.0,False,1,1,1,0,1,2,8.192994981419835e+76
63MOONS.NS,2023-07-13,2023-08-29,267.99,270,275,272.1,324.78,0.9491,79.9,2.1,0.784,168053288712250827094853370535990035372479155606667656807263972978247860224,2.9,4.871526002427211e+74,137.96,True,1,1,1,1,1,3,1.814284476616937e+76
ASHOKLEY.NS,2023-07-13,2023-08-29,78.7,80,85,81.56,86.93,0.248,68.6,1.56,1.986,195218505157143833764505297472962549733852485760411013605704017610168667734016,3.44,6.710138748723534e+77,219.95,True,1,1,1,0,1,2,1.592494642054064e+79
ANANDRATHI.NS,2023-07-14,2023-08-30,256.93,255,265,259.61,352.81,0.3142,92.7,4.61,1.793,234077499085627622802538322664072930297743484735164575669837623919384723456,5.39,1.2623069218651883e+75,117.05,True,1,1,0,1,1,2,5.5185710371419576e+76
ABREL.NS,2023-07-14,2023-08-30,941.55,940,970,953.51,1035.54,0.4316,80.1,13.51,1.434,92021544181432239371564783480259831936695354506497740908740607977652748288,16.49,1.5178096651547144e+75,122.12,True,1,1,0,1,1,2,6.365964267956736e+76
ASHOKLEY.NS,2023-07-14,2023-08-30,79.37,80,85,81.74,86.79,0.2483,77.7,1.74,2.186,183558699060234087310617815785337068590837731750925649253879458375343624159232,3.26,5.992945668903577e+77,188.16,True,1,1,1,0,1,2,1.6524240987430996e+79
AGI.NS,2023-07-17,2023-08-31,626.97,625,645,634.11,726.18,0.3852,73.3,9.11,1.454,97622041854815066139721977206263621837284817184120925078240395732470202368,10.89,1.062658056833561e+75,119.43,True,1,1,1,1,1,3,4.555179706997057e+76
AMBICAAGAR.NS,2023-07-17,2023-08-31,40.75,40,45,41.82,39.7,0.315,73.6,1.82,4.458,956584183472943644071516671415105593448895712935535879438491878833453531136,-1.82,-1.7378274736236618e+75,-100.0,False,1,1,1,0,1,2,8.515354620755942e+76
ASTRAZEN.NS,2023-07-17,2023-08-31,3773.91,3775,3885,3822.39,4230.5,0.1316,63.3,47.39,1.256,6451747077561291596290442968116811801619239342590180834313636125534651940864,62.61,4.039755575077994e+77,132.14,True,1,1,1,0,1,2,1.5689806608704934e+79
ASHOKLEY.NS,2023-07-17,2023-08-31,79.67,80,85,81.71,84.96,0.2019,75.6,1.71,2.145,193424242995115127882103427715698033357685900974730639516634515924617565044736,3.25,6.292740787268441e+77,190.41,True,1,1,1,1,1,3,1.715351506615784e+79
AGARIND.NS,2023-07-17,2023-08-31,753.2,755,775,763.91,932.5,0.468,85.1,8.91,1.183,118296396527490228977518535081228849965113170948464660906516439547280097280,11.09,1.311618892677257e+75,124.41,True,1,1,0,1,1,2,5.4027070786304637e+76
ANANTRAJ.NS,2023-07-17,2023-08-31,187.2,185,195,189.5,218.92,0.3599,70.3,4.5,2.406,679367106393447276639688027432763902057407094839050958178225329649028694016,5.5,3.733513536544908e+75,122.0,True,1,1,1,0,1,2,1.5674138990602312e+77
AIRAN.NS,2023-07-17,2023-08-31,21.3,20,25,21.88,22.85,0.5691,86.0,1.88,8.826,643301055507593667257618156102419613089234406166382380690338836799800999936,0.97,6.240920195019178e+74,51.61,True,1,1,0,1,1,2,6.108990372423201e+76
ATALREAL.NS,2023-07-17,2023-08-31,25.18,25,30,25.94,27.36,0.2126,64.5,0.94,3.734,589370709128274078219102923276057474340898942989787318145360261801385303998464,1.42,8.367383023226056e+77,150.99,True,1,1,1,1,1,3,2.8545584849495334e+79
AARTIDRUGS.NS,2023-07-17,2023-08-31,500.35,500,515,506.78,566.91,0.2784,78.4,6.78,1.355,20262665793628697783877375445431147587040605673360756635084293409505017856,8.22,1.6652972436156302e+74,121.19,True,1,1,1,1,1,3,7.037042851504935e+75
ALKEM.NS,2023-07-17,2023-08-31,3530.51,3530,3635,3576.19,3552.78,0.1621,79.6,46.19,1.308,50724218040728255144593555264363679371398283885624202929453246132103675904,-23.4,-1.187188665942882e+75,-50.67,False,1,1,1,1,1,3,1.1595339520379203e+77
APOLLO.NS,2023-07-17,2023-08-31,58.45,60,65,61.78,54.5,0.6838,59.2,1.78,3.04,44796444934571294791802616112647931785367895671684937804839821361459601866752,-1.78,-7.960449512400182e+76,-100.0,False,1,1,1,0,1,2,3.9006202610760895e+78
ATALREAL.NS,2023-07-18,2023-09-01,25.43,25,30,26.09,21.89,0.2137,68.8,1.09,4.303,521688086645207956231347882103238880458427807209967436260270256315215292399616,-1.09,-5.709116969899066e+77,-100.0,False,1,1,1,0,1,2,2.7974673152505428e+79
AIRAN.NS,2023-07-18,2023-09-01,21.8,20,25,22.09,22.35,0.5154,87.0,2.09,9.596,584067869929676342878880154018778628093096670975579428606629700047307014144,0.26,1.5076164265430985e+74,12.34,True,1,1,0,1,1,2,6.124066536688632e+76
APOLLOPIPE.NS,2023-07-18,2023-09-01,745.99,745,770,756.16,671.6,0.254,62.6,11.16,1.497,8685374428112163517317698603573883917741561517613019098904428474810626998272,-11.16,-9.696623970904566e+76,-100.0,False,1,1,1,1,1,3,4.7513457457432375e+78
ASHOKLEY.NS,2023-07-18,2023-09-01,80.16,80,85,81.84,85.12,0.1906,79.0,1.84,2.292,186740497953029474589187256994567995639233353889569220296954295583706047315968,3.16,5.906321884419906e+77,172.16,True,1,1,1,0,1,2,1.774414725459983e+79
ANMOL.NS,2023-07-18,2023-09-01,52.85,55,60,56.65,43.45,0.6989,64.7,1.65,3.13,9822233879476596173083645295879482946456307808210941001920578584259111944192,-1.65,-1.6249937900266858e+76,-100.0,False,1,1,1,0,1,2,7.96246957113076e+77
AIAENG.NS,2023-07-18,2023-09-01,3449.04,3450,3555,3496.87,3656.25,0.257,66.5,46.87,1.359,25192341651249023248980995001146775547799084228363615858147438540311494656,58.13,1.464464101130289e+75,124.03,True,1,1,1,1,1,3,6.05010527136732e+76
APOLLO.NS,2023-07-18,2023-09-01,61.24,60,65,62.15,54.6,0.6829,59.5,2.15,3.505,36343110475317001508039235387721908280628312266359114995428009503638736076800,-2.15,-7.801240522152179e+76,-100.0,False,1,1,1,1,1,3,3.822607855854568e+78
AGARIND.NS,2023-07-18,2023-09-01,801.7,800,825,811.23,1037.77,0.5012,86.7,11.23,1.401,96183779768399790309669766008025589140502791320658585112958712203687493632,13.77,1.324053078483902e+75,122.54,True,1,1,0,1,1,2,5.535112386478854e+76
ANANTRAJ.NS,2023-07-18,2023-09-01,192.54,195,200,197.09,220.22,0.3683,69.3,2.09,1.085,1500605137310413568876629613200513915671218161485959673905125123182362099712,2.91,4.3681978884316055e+75,139.34,True,1,1,1,1,1,3,1.6110958779445473e+77
AHLUCONT.NS,2023-07-18,2023-09-01,689.68,690,710,698.99,708.95,0.3972,73.8,8.99,1.303,109544418519300128648581182290638349977066227691436838206195938200685379584,9.97,1.0918408345171718e+75,110.92,True,1,1,1,0,1,2,5.0311254880194176e+76
APARINDS.NS,2023-07-19,2023-09-04,3584.14,3585,3690,3632.27,4898.31,0.3538,72.0,47.27,1.319,911899372910123609080861119890533885402531398568770673436360740325356994560,57.73,5.2644005689744716e+76,122.13,True,1,1,1,0,1,2,2.2079154289806575e+78
APOLLOPIPE.NS,2023-07-19,2023-09-04,749.87,750,770,759.09,685.77,0.254,71.4,9.09,1.213,10449294874371277615848314695270463132681429847295668535111379863653589188608,-9.09,-9.502691491486475e+76,-100.0,False,1,1,1,1,1,3,4.656318830828373e+78
ANANTRAJ.NS,2023-07-19,2023-09-04,196.13,195,200,197.37,221.96,0.3704,69.7,2.37,1.207,1360736518998772462929328259676523020616246481146555196831985773947018805248,2.63,3.5814908391047674e+75,111.15,True,1,1,1,0,1,2,1.646910786335595e+77
ALLDIGI.NS,2023-07-19,2023-09-04,508.52,510,525,516.57,534.11,0.57,61.6,6.57,1.292,349125116594683295293601449468753149165859113346008361744865745936951803904,8.43,2.943285837087514e+75,128.33,True,1,1,1,1,1,3,1.1762283142872427e+77
AGARIND.NS,2023-07-19,2023-09-04,814.79,815,840,826.12,1064.35,0.4996,88.7,11.12,1.365,99565604093600315207454859064091490818111115472703232780134669019999371264,13.88,1.3821176250442372e+75,124.85,True,1,1,0,1,1,2,5.6733241489832775e+76
ASTRAZEN.NS,2023-07-19,2023-09-04,3782.05,3780,3895,3829.91,4259.3,0.1363,63.2,49.91,1.32,6286723789767288071424832130178725426347455459590738069907590156584241594368,65.09,4.091771036491394e+77,130.4,True,1,1,1,1,1,3,1.6098983712354074e+79
AIAENG.NS,2023-07-19,2023-09-04,3481.57,3480,3585,3527.24,3565.04,0.2521,72.9,47.24,1.357,25615642959911121388150066563710148100425341636106688165900825309015441408,37.8,9.682216549049547e+74,80.02,True,1,1,1,1,1,3,6.146927436857816e+76
ANMOL.NS,2023-07-19,2023-09-04,53.95,55,60,56.81,45.6,0.7002,65.9,1.81,3.351,8808226324045726578793995635731305146952102840898053437628640529905587585024,-1.81,-1.5924939142261522e+76,-100.0,False,1,1,1,1,1,3,7.803220179708145e+77
ARVIND.NS,2023-07-19,2023-09-04,132.3,130,135,132.47,168.72,0.3378,62.0,2.47,1.869,34533812732283391042288785558351524568614624248176580950911842356168560214016,2.53,8.7291962073185e+76,102.24,True,1,1,1,0,1,2,4.356147041484783e+78
APLAPOLLO.NS,2023-07-19,2023-09-04,1382.73,1385,1425,1402.86,1732.18,0.3477,64.1,17.86,1.291,2207135930359045091097501710020474508858172535319793952867219168795142651904,22.14,4.887674913110678e+76,124.03,True,1,1,1,1,1,3,2.0193111532938577e+78
ARTEMISMED.NS,2023-07-19,2023-09-11,131.52,130,135,132.19,137.14,0.8411,67.9,2.19,1.668,44721400595589078889744923516086358864263025324299664893755752874713725009920,2.81,1.255150364490552e+77,127.96,True,1,1,1,0,1,2,5.030113362893564e+78
ANTELOPUS.NS,2023-07-20,2023-09-05,357.6,360,370,364.34,352.0,0.4327,71.4,4.34,1.213,2781700798222757428376862557473236375476514304393998841400538546156647481344,-4.34,-1.2069513396209994e+76,-100.0,False,1,1,1,1,1,3,5.914061564142897e+77
ALEMBICLTD.NS,2023-07-20,2023-09-05,73.58,75,80,76.7,81.57,0.361,68.6,1.7,2.314,1620074010322484493725784188403667236230349733349468578512609362275031056384,3.3,5.342377679773164e+75,193.71,True,1,1,1,1,1,3,1.4324199627173607e+77
ALIVUS.NS,2023-07-20,2023-09-05,616.22,615,635,624.05,607.24,0.3037,74.0,9.05,1.469,294938604925180359034500491279507648809636069599656296463121208307244597248,-9.05,-2.669654207255429e+75,-100.0,False,1,1,1,1,1,3,1.3081305615551602e+77
ALBERTDAVD.NS,2023-07-20,2023-09-05,679.58,680,700,688.97,787.65,0.2982,82.0,8.97,1.32,239869193067879571443683777195752445920965684441992986560108245364322074624,11.03,2.6458135484416282e+75,122.97,True,1,1,0,1,1,2,1.1022432919423978e+77
ASHOKLEY.NS,2023-07-20,2023-09-05,81.2,80,85,82.18,84.75,0.1736,76.8,2.18,2.686,162724882850147362186462180052738228184811510458107268134998739224906958897152,2.57,4.1870954893548123e+77,117.99,True,1,1,1,0,1,2,1.816285680353531e+79
ALKEM.NS,2023-07-20,2023-09-05,3590.35,3590,3700,3638.19,3555.95,0.169,73.5,48.19,1.342,48126957745682970114654971721305673671546886105763967385779767795888685056,-48.19,-2.3190679040758406e+75,-100.0,False,1,1,1,1,1,3,1.1363432729971619e+77
AGI.NS,2023-07-20,2023-09-05,627.6,630,645,636.71,713.95,0.3951,68.2,6.71,1.068,135861007960331235487778006949157104373761068537491134898264427542180003840,8.29,1.126879178005557e+75,123.69,True,1,1,1,1,1,3,4.667867624797613e+76
ANANTRAJ.NS,2023-07-20,2023-09-05,197.18,195,205,199.52,218.12,0.3636,69.6,4.52,2.293,728396147621069398342155573557987928123724550068532343268778053536829145088,5.48,3.990139903539504e+75,121.14,True,1,1,1,0,1,2,1.68681218537099e+77
ASTRAZEN.NS,2023-07-20,2023-09-05,3830.92,3830,3945,3879.8,4301.77,0.1359,69.5,49.8,1.3,6465941055781986067737401863006724349199178636629092790201785333248258211840,65.2,4.216035471678469e+77,130.94,True,1,1,1,0,1,2,1.6520587259521922e+79
APLLTD.NS,2023-07-20,2023-09-05,688.23,690,710,698.87,761.16,0.3724,78.9,8.87,1.289,4168914685877183439616640798252283353256187845634281990323508413563930673152,11.13,4.6405475355211517e+76,125.51,True,1,1,1,1,1,3,1.895046393471819e+78
APARINDS.NS,2023-07-20,2023-09-05,3640.33,3640,3750,3689.49,4878.5,0.3357,68.6,49.49,1.359,892303306940728691701517594555792146793162451577916681278318062794958700544,60.51,5.399505518386701e+76,122.28,True,1,1,1,0,1,2,2.2619104841645246e+78
APLAPOLLO.NS,2023-07-20,2023-09-05,1394.65,1395,1435,1413.05,1782.21,0.3441,68.6,18.05,1.294,2237648173699296678058402665740482227298416539012249744396581672956427501568,21.95,4.911970388209472e+76,121.62,True,1,1,1,0,1,2,2.0684308571759523e+78
ARVIND.NS,2023-07-20,2023-09-05,133.8,135,140,137.05,166.91,0.3383,64.7,2.05,1.53,42544721349833968281102689531967943666730272833704228706043588615334881394688,2.95,1.256006659194742e+77,144.16,True,1,1,1,0,1,2,4.481747707404257e+78
APOLLOPIPE.NS,2023-07-20,2023-09-05,759.46,760,780,769.05,680.95,0.2354,78.9,9.05,1.191,10291409267146523229525281113796626294473756227050923978937276810901145518080,-9.05,-9.312637661656747e+76,-100.0,False,1,1,1,1,1,3,4.5631924542118055e+78
ABREL.NS,2023-07-20,2023-09-05,966.97,965,995,978.57,1109.47,0.4343,72.9,13.57,1.403,93858004572748253428896121725286299555638645374446674231890649116852617216,16.43,1.5425472835911004e+75,121.16,True,1,1,1,0,1,2,6.520218996315846e+76
AGI.NS,2023-07-21,2023-09-06,642.2,640,660,649.14,699.11,0.3977,70.8,9.14,1.424,102110768771409822422390842772601031997686819683623090734186451356163768320,10.86,1.1086418504686739e+75,118.75,True,1,1,1,1,1,3,4.77873180984448e+76
APLAPOLLO.NS,2023-07-21,2023-09-06,1410.19,1410,1450,1428.13,1777.3,0.3143,67.8,18.13,1.286,2282019442275106177879831377234638652089594874000473262821890592072003485696,21.87,4.9912160547485205e+76,120.65,True,1,1,1,0,1,2,2.1183430177234377e+78
ASHOKLEY.NS,2023-07-21,2023-09-06,84.04,85,90,86.57,84.13,0.2031,82.9,1.57,1.874,230707860665722482528105301863462815868526487112880107931821897240167690797056,-1.57,-3.632571360707062e+77,-100.0,False,1,1,0,1,1,2,1.7799599667464606e+79
ALKEM.NS,2023-07-21,2023-09-06,3600.91,3600,3710,3648.07,3564.73,0.1579,78.1,48.07,1.335,47275225576843832662767859958829375503877047733430872992659732388200316928,-48.07,-2.2726865459943237e+75,-100.0,False,1,1,1,0,1,2,1.1136164075372187e+77
ALBERTDAVD.NS,2023-07-21,2023-09-06,696.68,695,720,706.19,787.01,0.2879,83.5,11.19,1.606,196995884897555848853970796773557871478353974998657066638855622963457163264,13.81,2.7204105385541007e+75,123.4,True,1,1,0,1,1,2,1.1294473973279388e+77
ANTELOPUS.NS,2023-07-24,2023-09-07,361.7,360,375,366.69,363.6,0.4281,71.4,6.69,1.849,1768224373973222048058770276089301290891922821104502692381733586559746179072,-3.09,-5.462504589597099e+75,-46.18,False,1,1,1,0,1,2,5.859436518246926e+77
ACE.NS,2023-07-24,2023-09-07,664.08,665,685,673.83,710.26,0.5441,87.2,8.83,1.329,327107836574602745699148165173557066231077361561671173271519909582362116096,11.17,3.655011038156027e+75,126.6,True,1,1,0,1,1,2,1.480122957049574e+77
ASHAPURMIN.NS,2023-07-24,2023-09-07,160.94,160,165,162.29,292.53,0.5011,85.4,2.29,1.422,55005850142455340192059028657692372794569770262662047847670048890481755029504,2.71,1.4914360250110153e+77,118.48,True,1,1,0,1,1,2,6.4434260130598605e+78
ASHIANA.NS,2023-07-24,2023-09-07,205.59,205,210,207.35,203.68,0.3298,67.6,2.35,1.141,96106549845291533838942167114295967136781942057330351412224769944305329504256,-2.35,-2.254233101046179e+77,-100.0,False,1,1,1,0,1,2,1.1045742195126278e+79
AARTIDRUGS.NS,2023-07-24,2023-09-07,599.69,600,620,608.72,611.67,0.636,90.3,8.72,1.455,16133458605342467696059505688474223330425568404914331706991317169224024064,2.95,4.761412112114076e+73,33.83,True,1,1,0,1,1,2,7.084656972626076e+75
ASIANPAINT.NS,2023-07-24,2023-09-07,3430.49,3430,3535,3474.12,3142.64,0.1121,78.7,44.12,1.286,14817833495974042675823631615484697028133082538495217294646172321412393467904,-44.12,-6.537705779179228e+77,-100.0,False,1,1,1,0,1,2,3.2034758317978216e+79
AGI.NS,2023-07-24,2023-09-07,654.79,655,675,663.96,693.93,0.3818,77.9,8.96,1.368,106714815535014991165610359357741287121981109525024389815064373196115410944,11.04,1.1785499487314038e+75,123.31,True,1,1,1,0,1,2,4.8965868047176206e+76
APLAPOLLO.NS,2023-07-24,2023-09-07,1420.09,1420,1465,1440.07,1714.61,0.2749,73.1,20.07,1.414,2110559380896376319743682924875767712779119921577926368632666255810545844224,24.93,5.2608311785868185e+76,124.17,True,1,1,1,1,1,3,2.170951329509306e+78
APARINDS.NS,2023-07-24,2023-09-07,3725.49,3725,3835,3774.62,4824.41,0.3474,67.2,49.62,1.332,911747513844884449806125717600058701653296465880937173526047180768008994816,60.38,5.50540168396468e+76,121.7,True,1,1,1,0,1,2,2.3169645010041713e+78
AARTIDRUGS.NS,2023-07-25,2023-09-08,602.66,605,620,611.56,613.61,0.6371,90.0,6.56,1.089,21588229599987602242278516128434207458009470802590557919924913069705134080,2.04,4.4098189788631545e+73,31.12,True,1,1,0,1,1,2,7.128755162414708e+75
APLAPOLLO.NS,2023-07-25,2023-09-08,1463.84,1465,1510,1485.0,1703.94,0.2751,76.9,20.0,1.367,2170496064377327225027256843675341606402876429099126992377547970514559959040,25.0,5.425329630679361e+76,124.95,True,1,1,1,0,1,2,2.2252046258160994e+78
AGRITECH.NS,2023-07-25,2023-09-08,121.2,120,125,122.32,195.0,0.3541,81.9,2.32,1.912,538951214547888194271078410914009664204903414479039460843860947122301960192,2.68,1.4461169824390618e+75,115.82,True,1,1,0,1,1,2,6.387807149745802e+76
ASHIANA.NS,2023-07-25,2023-09-08,206.63,205,215,209.44,203.58,0.2745,71.7,4.44,2.151,49712434961757480013132210897768841737108218559843840073691606412654612054016,-4.44,-2.209148439025256e+77,-100.0,False,1,1,1,0,1,2,1.0824827351223753e+79
5PAISA.NS,2023-07-25,2023-09-08,453.65,455,465,459.39,466.15,0.6904,64.3,4.39,0.967,74379390294408757682459761920663316800243289475190679587294929620998029312,5.61,4.1750417440530906e+74,127.96,True,1,1,1,1,1,3,1.6731990601344234e+76
ABREL.NS,2023-07-25,2023-09-08,989.86,990,1020,1003.43,1077.38,0.4244,64.8,13.43,1.357,97072053817640484796852060279459216757557918416114221938413535176366751744,16.57,1.6081178152660453e+75,123.32,True,1,1,1,0,1,2,6.681030777842451e+76
ASHAPURMIN.NS,2023-07-25,2023-09-08,162.84,165,170,167.08,284.39,0.496,85.7,2.08,1.278,61906964649804193430611819365573945427816760273670137423351002823726425178112,2.92,1.8066630298782376e+77,140.19,True,1,1,0,1,1,2,6.624092316047684e+78
ANTELOPUS.NS,2023-07-25,2023-09-08,363.85,365,375,369.44,374.45,0.4279,64.0,4.44,1.219,2642104348726695043060351190451192579649275131559753954375179495085384400896,5.01,1.3249045311223766e+76,113.06,True,1,1,1,0,1,2,5.991926971359163e+77
AGI.NS,2023-07-25,2023-09-08,678.65,680,700,688.89,698.12,0.3941,80.0,8.89,1.31,110173318375572878741035539520249094048705442402935865550734827712615022592,9.23,1.0169890078376921e+75,103.85,True,1,1,1,1,1,3,4.99828570550139e+76
ALBERTDAVD.NS,2023-07-25,2023-09-08,699.6,700,720,709.0,772.42,0.2785,79.5,9.0,1.286,251104723215247339007695033448972394061904530379268221952096945107646808064,11.0,2.7631996696490692e+75,122.33,True,1,1,1,0,1,2,1.1570793940244295e+77
ALKEM.NS,2023-07-25,2023-09-08,3843.86,3845,3960,3896.07,3531.72,0.2124,86.6,51.07,1.329,43609434158649852780368420280428362343202068437813305006305207791348875264,-51.07,-2.2272328150744373e+75,-100.0,False,1,1,0,1,1,2,1.0913440793864743e+77
APARINDS.NS,2023-07-25,2023-09-08,3727.54,3730,3840,3779.33,4812.5,0.3139,71.5,49.33,1.323,939426410647159574215373479728778531749708737299270724568398805709206061056,60.67,5.699761515110412e+76,123.0,True,1,1,1,0,1,2,2.3739621161552755e+78
ANUP.NS,2023-07-25,2023-09-08,965.53,965,995,978.44,1069.73,0.4468,68.0,13.44,1.392,1069426119825150650278456220708823127506418244300225968790223073816436801536,16.56,1.771145886636071e+76,123.24,True,1,1,1,0,1,2,7.362776952860512e+77
AHLUCONT.NS,2023-07-26,2023-09-11,702.66,705,725,713.84,716.59,0.4089,59.0,8.84,1.258,113811629327597326895970178576810953638791729864369681353606295444770521088,2.75,3.1295894042631033e+74,31.1,True,1,1,1,0,1,2,5.0624213820620485e+76
APLAPOLLO.NS,2023-07-26,2023-09-11,1479.03,1480,1525,1500.05,1717.88,0.27,76.8,20.05,1.355,2220044969547156020100442117228670784908922308622934294467098649806252277760,24.95,5.5397931113300034e+76,124.48,True,1,1,1,0,1,2,2.2806025569293993e+78
AJMERA.NS,2023-07-26,2023-09-11,75.3,75,80,77.0,76.72,0.298,57.0,2.0,2.654,638063144502667708054425060777090431827092620788448702410879705228421103616,-0.28,-1.8044726860736599e+74,-14.15,False,1,1,1,1,1,3,6.358589578989814e+76
AGRITECH.NS,2023-07-26,2023-09-11,121.75,120,125,122.39,191.1,0.3478,81.5,2.39,1.964,534289648638337201025993904914412821003703113113013026024898674352229187584,2.61,1.3938868132425255e+75,109.11,True,1,1,0,1,1,2,6.527195831070055e+76
ALIVUS.NS,2023-07-26,2023-09-11,634.54,635,655,643.9,605.36,0.3218,71.4,8.9,1.402,294047931086448885981424420147656880919270791037844816683884924301536657408,-8.9,-2.616261123110321e+75,-100.0,False,1,1,1,1,1,3,1.2819679503240571e+77
20MICRONS.NS,2023-07-26,2023-09-11,114.32,115,120,117.03,122.83,0.3138,93.4,2.03,1.776,945,2.97,2805.91,146.21,True,1,1,0,1,1,2,98837.51
ACE.NS,2023-07-26,2023-09-11,722.43,720,745,731.15,708.31,0.5549,86.6,11.15,1.543,265536340318169519028423933540717850636729128996952866975267867880515960832,-11.15,-2.9602459140991478e+75,-100.0,False,1,1,0,1,1,2,1.4505204979085825e+77
5PAISA.NS,2023-07-26,2023-09-11,464.1,465,480,471.48,461.6,0.6904,70.7,6.48,1.397,51614368050478758236760260627286366347246458059119061572020986988885704704,-6.48,-3.346398120268847e+74,-100.0,False,1,1,1,1,1,3,1.639735078931735e+76
ASHIANA.NS,2023-07-26,2023-09-11,209.23,210,215,212.23,203.88,0.2751,72.0,2.23,1.067,96977514894187186047210269175207712396356429566665417746435922438485943779328,-2.23,-2.1649654702447508e+77,-100.0,False,1,1,1,0,1,2,1.0608330804199279e+79
ASHAPURMIN.NS,2023-07-26,2023-09-11,165.08,165,170,167.24,284.39,0.4913,88.8,2.24,1.354,59250970696994732437011023797646968623265681191297361462845725321122340143104,2.76,1.6377300716401998e+77,123.62,True,1,1,0,1,1,2,6.787865323211704e+78
ARMANFIN.NS,2023-07-26,2023-09-11,2288.5,2290,2355,2319.23,2302.55,0.2739,55.9,29.23,1.277,3395808832274985813929222021505302648460554483270478707084626279955697762304,-16.68,-5.6637773382311703e+76,-57.06,False,1,1,1,1,1,3,4.9061292285347335e+78
ABREL.NS,2023-07-26,2023-09-11,994.19,995,1025,1008.39,1060.86,0.421,69.7,13.39,1.347,99802194346977229806713902004187185168088017458671719671002383267395534848,16.61,1.6578596748408266e+75,124.07,True,1,1,1,0,1,2,6.846816745326534e+76
AJMERA.NS,2023-07-27,2023-09-12,76.19,75,80,77.21,72.94,0.2996,57.7,2.21,2.907,574223541096025202564878619860407019574054706178834033905503996765152477184,-2.21,-1.2717179157979628e+75,-100.0,False,1,1,1,0,1,2,6.231417787410017e+76
ANUP.NS,2023-07-27,2023-09-12,971.5,970,1000,983.52,1017.48,0.4417,65.3,13.52,1.392,1088802293666261705706216416580517772900910382239173809798732816690750423040,16.48,1.7938514904266827e+76,121.82,True,1,1,1,0,1,2,7.54216210190318e+77
ASHAPURMIN.NS,2023-07-27,2023-09-12,173.37,175,180,177.13,265.42,0.5026,93.1,2.13,1.231,63620855770630200825025747403208073897426265491288489633264061318971567112192,2.87,1.823469723889169e+77,134.32,True,1,1,0,1,1,2,6.970212295600621e+78
ADOR.NS,2023-07-27,2023-09-12,1214.66,1215,1250,1230.72,1029.11,0.4341,68.0,15.72,1.294,104254583869148076401119177724111570258603979974179326632334654085995167744,-15.72,-1.6385989962839672e+75,-100.0,False,1,1,1,1,1,3,8.029135081791439e+76
ANMOL.NS,2023-07-27,2023-09-12,55.7,55,60,57.03,42.55,0.8874,64.4,2.03,3.641,7694879169814255401423603759559343432624217716014278555037400869881964920832,-2.03,-1.560644035941629e+76,-100.0,False,1,1,1,0,1,2,7.647155776113982e+77
AHLUCONT.NS,2023-07-27,2023-09-12,707.71,710,730,718.85,703.26,0.4089,62.7,8.85,1.251,114392434405744102474500827931626011362380755858045758797547750395190706176,-8.85,-1.0124842764124097e+75,-100.0,False,1,1,1,0,1,2,4.961172954420808e+76
ANANTRAJ.NS,2023-07-27,2023-09-12,200.07,200,205,202.29,217.47,0.3712,74.2,2.29,1.145,1472987517630344034340365703446355411087352957516777995480269128231332872192,2.71,3.99131321740974e+75,118.31,True,1,1,1,0,1,2,1.7267253175450874e+77
ABBOTINDIA.NS,2023-07-27,2023-09-12,23047.33,23045,23740,23351.43,22261.19,0.1764,60.8,306.43,1.33,466568693347012933534252749309901730819893563629197875636627817413738496,-306.43,-1.4297207600459563e+74,-100.0,False,1,1,1,1,1,3,7.005631724225186e+75
20MICRONS.NS,2023-07-27,2023-09-12,119.39,120,125,122.07,117.23,0.3294,96.7,2.07,1.733,955,-2.07,-1975.97,-100.0,False,1,1,0,1,1,2,96861.54
ALKEM.NS,2023-07-27,2023-09-12,3919.46,3920,4035,3971.3,3545.47,0.2092,92.4,51.3,1.309,42547171900105015473078938326932612908783273713041850707714530852672110592,-51.3,-2.1826881587729487e+75,-100.0,False,1,1,0,1,1,2,1.0695171977987448e+77
APLLTD.NS,2023-07-27,2023-09-12,708.54,710,730,718.92,734.51,0.3363,74.0,8.92,1.259,4247998110849973838956702030785666301631856220658198943702189533222066454528,11.08,4.7059034347563094e+76,124.16,True,1,1,1,0,1,2,1.9421054278193823e+78
ABREL.NS,2023-07-27,2023-09-12,1004.04,1005,1035,1018.39,1003.19,0.421,70.5,13.39,1.334,102274719053177981128370413115133541121963453766985909829398949975319117824,-13.39,-1.3693633490653068e+75,-100.0,False,1,1,1,0,1,2,6.709880410420004e+76
AJANTPHARM.NS,2023-07-27,2023-09-12,1482.15,1480,1525,1500.45,1662.04,0.2877,72.0,20.45,1.38,50719556142681581476567855532514301145681250203809379980823719100521906176,24.55,1.245351625742187e+75,120.09,True,1,1,1,1,1,3,5.309677165966639e+76
ABREL.NS,2023-07-28,2023-09-13,1026.03,1025,1055,1038.62,1042.7,0.3536,77.8,13.62,1.328,98493875735395132444086161017575101623684456719592148580722983416197283840,4.07,4.013246396266458e+74,29.91,True,1,1,1,0,1,2,6.750012874382668e+76
ANMOL.NS,2023-07-28,2023-09-13,58.45,60,65,61.81,41.65,0.8803,67.0,1.81,3.102,8434132739504362064323367394717367748013620788761567355306001668422787661824,-1.81,-1.5294311552227965e+76,-100.0,False,1,1,1,0,1,2,7.494212660591703e+77
ALEMBICLTD.NS,2023-07-28,2023-09-13,77.47,75,80,77.49,76.85,0.3418,72.7,2.49,3.214,1150690869750239422404071171748831250311065158667591275360603177758746476544,-0.64,-7.384865968092615e+74,-25.78,False,1,1,1,1,1,3,1.425035096749268e+77
ADVENZYMES.NS,2023-07-28,2023-09-13,316.41,315,325,319.63,298.88,0.3208,94.1,4.63,1.462,278894043877847201521938213757023791363165160105511716588869724243188776960,-4.63,-1.2899466474128076e+75,-100.0,False,1,1,0,1,1,2,6.320738572322757e+76
APARINDS.NS,2023-07-28,2023-09-13,3770.3,3770,3885,3821.67,4815.81,0.3173,77.9,51.67,1.371,918852250290298139110907381907958646387530199181233573424306811281472487424,63.33,5.818876646027877e+76,122.56,True,1,1,1,1,1,3,2.4321508826155544e+78
ALIVUS.NS,2023-07-28,2023-09-13,634.73,635,655,643.92,591.38,0.3239,77.6,8.92,1.405,287468042352056336075034851674638614397739628927936941762254383253643329536,-8.92,-2.5639359006481144e+75,-100.0,False,1,1,1,0,1,2,1.256328591317576e+77
5PAISA.NS,2023-07-28,2023-09-13,472.2,470,485,476.65,446.35,0.6885,75.4,6.65,1.408,49321417019249868006836788218782117015381882190910892851704188878589001728,-6.65,-3.2794701578634703e+74,-100.0,False,1,1,1,0,1,2,1.6069403773531004e+76
ALLDIGI.NS,2023-07-28,2023-09-13,517.18,515,535,523.95,512.01,0.4559,69.9,8.95,1.73,262885449720134360525798285123021892865012770984871328171127749794682896384,-8.95,-2.3524566285744857e+75,-100.0,False,1,1,1,0,1,2,1.1527037480014979e+77
APOLLOHOSP.NS,2023-07-28,2023-09-13,5302.76,5305,5460,5374.24,4978.75,0.2301,64.9,69.24,1.306,1299421295675677340482044842200507456515925199351022481276737064425316417536,-69.24,-8.997616970767863e+76,-100.0,False,1,1,1,0,1,2,4.4088323156762525e+78
AJANTPHARM.NS,2023-07-28,2023-09-13,1542.48,1540,1590,1562.57,1764.28,0.3167,80.2,22.57,1.463,47056333535933691320170864663702602524772258879401315580882994876924297216,27.43,1.2908812436033569e+75,121.56,True,1,1,0,1,1,2,5.438765290326975e+76
APLLTD.NS,2023-07-28,2023-09-13,760.08,760,785,771.14,756.86,0.4,84.2,11.14,1.465,3487407515598957035713231617535974458048178687953877186064455835463832305664,-11.14,-3.884210855638765e+76,-100.0,False,1,1,0,1,1,2,1.9032633192629946e+78
ANUP.NS,2023-07-28,2023-09-13,983.9,985,1015,998.37,1031.04,0.3867,65.9,13.37,1.359,1128526441292179044378784602820350101674354470275617929474423234613280243712,16.63,1.8771469034959013e+76,124.44,True,1,1,1,1,1,3,7.72987679225277e+77
ABBOTINDIA.NS,2023-07-28,2023-09-13,23391.59,23390,24095,23701.21,22365.12,0.1805,66.5,311.21,1.33,450212177292509704244852629766505314171235759180656221430769269231058944,-311.21,-1.4011263448450371e+74,-100.0,False,1,1,1,1,1,3,6.865519089740682e+75
ASTRAZEN.NS,2023-07-28,2023-09-13,3841.15,3840,3955,3890.66,4354.21,0.1636,69.3,50.66,1.319,6521514718961305658023779929650384906791535994653735575599568249276348760064,64.34,4.195624474901117e+77,126.98,True,1,1,1,1,1,3,1.6940149707012035e+79
ANTELOPUS.NS,2023-07-31,2023-09-14,371.1,370,380,374.58,403.4,0.4586,59.8,4.58,1.235,2614724649941480699861333158579110924492427846636861142814142430649931268096,5.42,1.416339255669648e+76,118.19,True,1,1,1,1,1,3,6.133560896926128e+77
ABBOTINDIA.NS,2023-07-31,2023-09-14,23400.0,23400,24100,23708.83,22274.17,0.1773,63.7,308.83,1.32,444621736108238869612796490223910544464674228146677774743442403046195200,-308.83,-1.3731038179481367e+74,-100.0,False,1,1,1,0,1,2,6.728208707945869e+75
ANANTRAJ.NS,2023-07-31,2023-09-14,201.12,200,205,202.38,221.66,0.3368,72.7,2.38,1.185,1449197812247936101599155609252773597274759095388562616782540261428599717888,2.62,3.792538426149506e+75,109.82,True,1,1,1,0,1,2,1.7646507018065825e+77
ALIVUS.NS,2023-07-31,2023-09-14,645.49,645,665,654.02,607.62,0.3256,77.0,9.02,1.397,278638746899600511187752822667405362734331659159954205195372459037351215104,-9.02,-2.5126571826351518e+75,-100.0,False,1,1,1,0,1,2,1.2312020194912244e+77
3MINDIA.NS,2023-07-31,2023-09-14,27542.46,27540,28370,27910.59,29626.91,0.2231,62.8,370.59,1.346,1360667243859371024244824898127799220765890441347525855210696840543469568,459.41,6.251023484913448e+74,123.97,True,1,1,1,1,1,3,2.5837675544088e+76
ASHAPURMIN.NS,2023-07-31,2023-09-14,177.61,180,185,182.1,312.94,0.5261,90.1,2.1,1.18,66524922915960422173413631880509104083518232568699303660241720369783817371648,2.9,1.932203686677897e+77,138.6,True,1,1,0,1,1,2,7.16343266426841e+78
AHLUCONT.NS,2023-07-31,2023-09-14,720.93,720,745,731.15,715.29,0.4211,65.6,11.15,1.547,88994494802193830560736910387748677001092704285676352105932752662640459776,-11.15,-9.922345908841617e+74,-100.0,False,1,1,1,0,1,2,4.8619494953323915e+76
360ONE.NS,2023-07-31,2023-09-14,501.95,500,515,506.99,526.92,0.2013,73.2,6.99,1.392,59810154569248408441547697412659052971072114785792318727919355853403062272,8.01,4.79268181348557e+74,114.69,True,1,1,1,0,1,2,2.137347504085702e+76
ANUP.NS,2023-07-31,2023-09-14,1029.34,1030,1060,1043.45,1051.08,0.404,65.3,13.45,1.307,1149065098367271310102609940123093451031985750920548267533340354740949614592,7.63,8.76529352776452e+75,56.7,True,1,1,1,1,1,3,7.817529727530414e+77
ASHOKA.NS,2023-07-31,2023-09-14,99.85,100,105,102.07,106.95,0.3502,76.7,2.07,2.076,143064874198896682220054165524387390276920931351832193965195084759303435845632,2.93,4.1874995993659024e+77,141.2,True,1,1,1,0,1,2,1.524747051283125e+79
ARVIND.NS,2023-07-31,2023-09-14,134.87,135,140,137.19,159.24,0.4261,57.0,2.19,1.62,41011637870435510446438361989089543340254576106100376333421566927975928037376,2.81,1.1542323520409241e+77,128.77,True,1,1,1,1,1,3,4.59717094260835e+78
AJMERA.NS,2023-07-31,2023-09-14,77.18,75,80,77.45,75.38,0.3024,55.9,2.45,3.177,508320394523287919880205637613083359193711798730065458350302267651756392448,-2.07,-1.0531464727678442e+75,-84.5,False,1,1,1,0,1,2,6.126103140133233e+76
AJANTPHARM.NS,2023-07-31,2023-09-14,1620.24,1620,1670,1642.45,1736.97,0.3527,85.2,22.45,1.386,48452536180440483860492369628226972057168581920803691720570019384930598912,27.55,1.3348737509566292e+75,122.72,True,1,1,0,1,1,2,5.572252665422638e+76
APLAPOLLO.NS,2023-07-31,2023-09-14,1577.61,1580,1625,1600.07,1625.01,0.2726,86.7,20.07,1.272,2273055537556670789120285219607078126981343912621923959708934301397834268672,24.93,5.66754480514622e+76,124.26,True,1,1,0,1,1,2,2.3372780049808614e+78
ALEMBICLTD.NS,2023-07-31,2023-09-14,77.56,80,85,81.51,76.75,0.3343,69.9,1.51,1.952,1881972428256104946459619333522909056579272849729569780473788987432119566336,-1.51,-2.850070193498536e+75,-100.0,False,1,1,1,1,1,3,1.3965343948142827e+77
ALLDIGI.NS,2023-08-01,2023-09-15,517.7,520,535,526.57,523.69,0.4638,68.8,6.57,1.269,350869927169570418593025528132334711952693915868760832382808648519765721088,-2.89,-1.0124098401975055e+75,-43.91,False,1,1,1,0,1,2,1.1425796495995229e+77
ALBERTDAVD.NS,2023-08-01,2023-09-15,758.93,760,780,769.02,749.55,0.3057,84.6,9.02,1.189,256423307035587646706631660912711282423116296373183854465691138896672325632,-9.02,-2.3141587880488593e+75,-100.0,False,1,1,0,1,1,2,1.133937806143941e+77
ANTELOPUS.NS,2023-08-01,2023-09-15,378.85,380,390,384.45,394.4,0.4561,63.2,4.45,1.174,2759138986362196800217868946085237990718833131955277653436072519047984447488,5.55,1.532426806976971e+76,124.92,True,1,1,1,0,1,2,6.286803577623825e+77
ANANTRAJ.NS,2023-08-01,2023-09-15,203.26,205,210,207.13,221.51,0.2705,77.1,2.13,1.046,1659867243495961385264549779001343145444231091037484990490781546411347410944,2.87,4.770034813866642e+75,135.16,True,1,1,1,1,1,3,1.8123510499452489e+77
ANUP.NS,2023-08-01,2023-09-15,1100.09,1100,1135,1115.61,1074.56,0.4446,78.3,15.61,1.419,1001738881476748923220187554643704901354639688315702241508732738215276969984,-15.61,-1.563505945506083e+76,-100.0,False,1,1,1,1,1,3,7.661179132979806e+77
ALMONDZ.NS,2023-08-01,2023-09-15,16.41,15,20,16.73,15.21,0.3827,88.2,1.73,10.53,1211857988168046488832811758075624828655644522150164740539466706528640172032,-1.52,-1.841392473750838e+75,-87.94,False,1,1,0,1,1,2,1.0285173266191089e+77
ARMANFIN.NS,2023-08-01,2023-09-15,2305.45,2305,2375,2336.43,2285.95,0.2664,58.7,31.43,1.363,3122348529288367912388439597629176994120403651724741601696171095036031664128,-31.43,-9.812258457069467e+76,-100.0,False,1,1,1,0,1,2,4.808006643964039e+78
ATALREAL.NS,2023-08-01,2023-09-15,26.59,25,30,26.95,17.0,0.2555,76.7,1.95,7.34,286653878691685556269280303354605955572591993612402415282749578824499184271360,-1.95,-5.594934630501086e+77,-100.0,False,1,1,1,0,1,2,2.741517968945532e+79
ARVSMART.NS,2023-08-01,2023-09-15,396.65,395,410,401.68,341.11,0.5315,77.7,6.68,1.684,11380728701442467928798624077972030855183472989452946485462558886061043351552,-6.68,-7.60282480096972e+76,-100.0,False,1,1,1,1,1,3,3.725384152475163e+78
ABBOTINDIA.NS,2023-08-02,2023-09-18,23415.65,23415,24120,23725.96,22660.87,0.1792,70.0,310.96,1.328,432744214385870428403372566046421873897574783311365609672889239305453568,-310.96,-1.3456417415891738e+74,-100.0,False,1,1,1,1,1,3,6.593644533786952e+75
ANTELOPUS.NS,2023-08-02,2023-09-18,381.2,380,395,386.68,382.9,0.3741,73.5,6.68,1.752,1882474749526209058113711255621850339575673464751148237799117571593475194880,-3.78,-7.114441871335692e+75,-56.58,False,1,1,1,0,1,2,6.215659158910468e+77
ASHOKA.NS,2023-08-02,2023-09-18,103.65,105,110,106.94,105.6,0.378,70.2,1.94,1.868,157539143571352076718186733884980584538858173254711765280579877097128417296384,-1.34,-2.1042616449946983e+77,-69.0,False,1,1,1,1,1,3,1.5037044348331778e+79
AJMERA.NS,2023-08-02,2023-09-18,78.47,80,85,81.61,73.55,0.2931,76.2,1.61,2.058,758755952793507998888635485014518467437090251630440707510852761780737802240,-1.61,-1.2252206280266466e+75,-100.0,False,1,1,1,1,1,3,6.003581077330568e+76
AIROLAM.NS,2023-08-03,2023-09-20,122.6,125,130,126.99,108.9,0.7426,93.7,1.99,1.624,564023701919408676466825536123485347105226720847130920540052337902386937856,-1.99,-1.1232517198708777e+75,-100.0,False,1,1,0,1,1,2,5.5039334273673006e+76
AJANTPHARM.NS,2023-08-03,2023-09-20,1643.48,1645,1695,1667.31,1648.23,0.3394,84.4,22.31,1.358,49944350793235411144276911013548280016892219632150654131860589661332176896,-19.08,-9.530519981053623e+74,-85.52,False,1,1,0,1,1,2,5.4769474656121016e+76
ASHOKA.NS,2023-08-03,2023-09-20,105.55,105,110,107.2,106.0,0.3777,78.8,2.2,2.083,136762594294137379807061576480995636046286382662773196253204871704794147848192,-1.2,-1.6397829267249819e+77,-54.52,False,1,1,1,0,1,2,1.4873066055659282e+79
AGARIND.NS,2023-08-03,2023-09-20,868.49,870,895,881.01,884.79,0.585,75.2,11.01,1.267,103089585822443303850190221986117794066328061072969012754658343846974324736,3.78,3.8998383474239986e+74,34.37,True,1,1,1,1,1,3,5.7123225324575177e+76
ABBOTINDIA.NS,2023-08-03,2023-09-20,23873.67,23875,24590,24189.9,22547.26,0.1755,77.3,314.9,1.319,418779400168912562352366894196553721135044533596529861777797558273310720,-314.9,-1.3187289067573903e+74,-100.0,False,1,1,1,1,1,3,6.461771643111213e+75
APOLLOTYRE.NS,2023-08-04,2023-09-21,422.38,420,435,426.9,356.22,0.1967,67.7,6.9,1.634,18697578769369123484972743816014944988085400310057402874535277831964608954368,-6.9,-1.290123326433214e+77,-100.0,False,1,1,1,0,1,2,6.321604299522749e+78
AHLUCONT.NS,2023-08-04,2023-09-21,741.0,740,765,751.21,694.53,0.3374,67.7,11.21,1.513,86757884715684995163595694483300590713174084014069673987683179974904250368,-11.21,-9.723898990664784e+74,-100.0,False,1,1,1,1,1,3,4.7647105054257435e+76
AIROLAM.NS,2023-08-04,2023-09-21,128.9,130,135,132.08,109.75,0.725,95.0,2.08,1.614,529237599683683783912325075310951572629731817809494715215330295490063368192,-2.08,-1.1007866854734602e+75,-100.0,False,1,1,0,1,1,2,5.3938547588199544e+76
ATALREAL.NS,2023-08-04,2023-09-21,27.0,25,30,27.24,16.85,0.3018,65.7,2.24,8.283,245157316437487050379960827762172383184406379321680058623871152920840510636032,-2.24,-5.483035937891063e+77,-100.0,False,1,1,1,1,1,3,2.686687609566621e+79
ALLDIGI.NS,2023-08-04,2023-09-21,520.67,520,535,526.77,517.91,0.4753,62.3,6.77,1.3,337557520728000518829671490407637477612280644731521151514749628419735027712,-6.77,-2.285159299199046e+75,-100.0,False,1,1,1,0,1,2,1.1197280566075324e+77
ASTRAL.NS,2023-08-04,2023-09-21,2014.3,2015,2075,2041.76,1882.54,0.2337,78.0,26.76,1.329,10020093178103363003340652046156055947293984424865625487551614198998858989568,-26.76,-2.681669723782965e+77,-100.0,False,1,1,1,1,1,3,1.3140181646536528e+79
ALEMBICLTD.NS,2023-08-04,2023-09-21,78.34,80,85,81.68,75.6,0.348,66.8,1.68,2.151,1657882983916607950018528829800775426052278364708629874998873887006376591360,-1.68,-2.7930687896285655e+75,-100.0,False,1,1,1,0,1,2,1.368603706917997e+77
AMBER.NS,2023-08-04,2023-09-21,2504.25,2505,2580,2538.67,2929.85,0.3176,78.6,33.67,1.345,64742503590380585379109132212382682916199396974127481872156641133672267776,41.33,2.6756610270412545e+75,122.74,True,1,1,1,1,1,3,1.1167699813890572e+77
AGRITECH.NS,2023-08-04,2023-09-21,141.7,140,145,142.25,195.0,0.7187,86.8,2.25,1.588,580155169209897825416849806622622271880461039400146399058807909066741907456,2.75,1.5953366798354783e+75,122.21,True,1,1,0,1,1,2,6.686729499053603e+76
AHLUCONT.NS,2023-08-07,2023-09-22,749.04,750,770,759.02,696.67,0.3358,69.0,9.02,1.204,105624380077812654431919843343214910951934142616440819076958864078660435968,-9.02,-9.529421010851488e+74,-100.0,False,1,1,1,0,1,2,4.669416295317229e+76
AMBER.NS,2023-08-07,2023-09-22,2537.85,2540,2615,2573.57,2967.3,0.3085,79.8,33.57,1.323,66532547425764283224036498034511859411156706577093092042882568653388120064,41.43,2.7564010941542066e+75,123.41,True,1,1,1,0,1,2,1.1443339923305992e+77
ALEMBICLTD.NS,2023-08-07,2023-09-22,78.87,80,85,81.78,74.73,0.3478,73.1,1.78,2.263,1533670054838471393773611719422733340049077304136512033829244084838243237888,-1.78,-2.7372074138359944e+75,-100.0,False,1,1,1,0,1,2,1.3412316327796371e+77
ASHAPURMIN.NS,2023-08-07,2023-09-22,195.53,195,200,197.26,310.1,0.5799,83.8,2.26,1.156,63389651756877955527283915775410112472682248065682079450635431118704516005888,2.74,1.7367960549902155e+77,121.23,True,1,1,0,1,1,2,7.337112269767432e+78
ALBERTDAVD.NS,2023-08-07,2023-09-22,805.05,805,830,816.2,738.37,0.3049,90.6,11.2,1.392,202431203287938184868993667941172954275311015011467731938935610245004656640,-11.2,-2.267875612287882e+75,-100.0,False,1,1,0,1,1,2,1.1112590500210622e+77
APOLLO.NS,2023-08-07,2023-09-22,61.69,60,65,62.22,53.78,0.6254,50.9,2.22,3.602,34402871883402231952397708989860336296762557783647781723042201808712929116160,-2.22,-7.645215711709135e+76,-100.0,False,1,1,0,1,1,2,3.7461556987374765e+78
ATALREAL.NS,2023-08-07,2023-09-22,27.19,25,30,27.35,16.92,0.2931,65.3,2.35,8.661,228186519114511200224146295568663053896107095709591899035950376905998193393664,-2.35,-5.373375219133243e+77,-100.0,False,1,1,1,0,1,2,2.6329538573752888e+79
ALEMBICLTD.NS,2023-08-08,2023-09-25,79.26,80,85,81.85,74.68,0.3388,74.1,1.85,2.333,1450936858087528403325862699757260443631676821190012551557981177013728182272,-1.85,-2.6824632655592742e+75,-100.0,False,1,1,1,0,1,2,1.3144070001240444e+77
ARVIND.NS,2023-08-08,2023-09-25,135.61,135,140,137.25,162.81,0.4435,54.4,2.25,1.662,40802360826525579063324172916340559557064731463033055237629694421614056177664,2.75,1.120683852804609e+77,121.89,True,1,1,0,1,1,2,4.70923932788881e+78
ACE.NS,2023-08-08,2023-09-25,749.55,750,770,758.97,667.67,0.4939,77.6,8.97,1.197,323337845936818020825450747896632315529629132332754530521899077175045259264,-8.97,-2.9010409958171653e+75,-100.0,False,1,1,1,0,1,2,1.421510087950411e+77
APARINDS.NS,2023-08-08,2023-09-25,3864.63,3865,3980,3916.74,5373.86,0.3545,63.7,51.74,1.339,940123495692896191164657207432918371345249460058486744325149058851244343296,63.26,5.947118435237198e+76,122.26,True,1,1,1,1,1,3,2.4916220669679265e+78
AIAENG.NS,2023-08-08,2023-09-25,3515.13,3515,3620,3562.15,3351.5,0.2603,52.9,47.15,1.341,26072978771737674457853476461130356264905135524794476755132701352895971328,-47.15,-1.2293854873715632e+75,-100.0,False,1,1,0,1,1,2,6.02398888812066e+76
APOLLOTYRE.NS,2023-08-08,2023-09-25,423.16,425,435,429.34,364.57,0.178,64.6,4.34,1.025,29161845598704082772840725500996911667898347323764308732836320161439227576320,-4.34,-1.2643208599045497e+77,-100.0,False,1,1,1,0,1,2,6.195172213532294e+78
63MOONS.NS,2023-08-09,2023-09-26,275.29,275,285,279.34,282.72,0.682,61.6,4.34,1.577,83564041061613118995778067415597123323312219537452135413414886671978070016,3.38,2.8256107416518503e+74,77.87,True,1,1,1,1,1,3,1.8425405840334554e+76
AAREYDRUGS.NS,2023-08-09,2023-09-26,49.1,50,55,51.82,47.95,0.9532,79.6,1.82,3.702,111323181400516226171085316061578265783109718573303062465132426806926770176,-1.82,-2.0236476401376137e+74,-100.0,False,1,1,1,1,1,3,9.915873436674308e+75
ASHOKLEY.NS,2023-08-09,2023-09-26,86.67,85,90,87.38,83.0,0.1997,71.0,2.38,2.74,149881399074278273884435984729025788403372906540757337658465766660770940059648,-2.38,-3.559919933492921e+77,-100.0,False,1,1,1,0,1,2,1.7443607674115313e+79
APOLLOTYRE.NS,2023-08-09,2023-09-26,423.59,425,435,429.4,357.91,0.1777,65.5,4.4,1.038,28166855688814932955411000578669539262096009541568175707435250426201489014784,-4.4,-1.239034442706459e+77,-100.0,False,1,1,1,0,1,2,6.071268769261648e+78
APARINDS.NS,2023-08-09,2023-09-26,3930.92,3930,4050,3983.98,5735.63,0.3505,64.1,53.98,1.373,923234747134300712364786628506301244308928389785948000662734300312003149824,66.02,6.095572831675756e+76,122.32,True,1,1,1,0,1,2,2.552577795284684e+78
ARVIND.NS,2023-08-09,2023-09-26,139.56,140,145,142.17,166.32,0.449,57.2,2.17,1.552,43486374600544216073435984790430567983293553265762603940933974687124014759936,2.83,1.2324708644494488e+77,130.86,True,1,1,1,0,1,2,4.8324864143337555e+78
AIAENG.NS,2023-08-09,2023-09-26,3552.25,3550,3660,3599.42,3374.65,0.2608,57.0,49.42,1.391,24376715795544039069817558268287464335563369588396248444059406251793055744,-49.42,-1.204797777624132e+75,-100.0,False,1,1,1,0,1,2,5.903509110358246e+76
AHLUCONT.NS,2023-08-09,2023-09-26,765.86,765,790,776.23,719.95,0.3727,73.2,11.23,1.466,83179163942204280224040695254363870137872240214852117457720272310541221888,-11.23,-9.338832590634458e+74,-100.0,False,1,1,1,1,1,3,4.5760279694108846e+76
ALLDIGI.NS,2023-08-10,2023-09-27,522.39,520,540,528.98,522.78,0.4489,60.3,8.98,1.719,249375674449972261571221035906914206451066502068116278783885363781803442176,-6.2,-1.5461083288999046e+75,-69.04,False,1,1,1,0,1,2,1.1042669733185333e+77
ASTRAZEN.NS,2023-08-10,2023-09-27,3865.83,3865,3980,3915.3,4396.12,0.1488,66.0,50.3,1.301,6735454391841377976199162725051403943734322873561968640290631170279270776832,64.7,4.3577426092151776e+77,128.62,True,1,1,1,0,1,2,1.7375923967933553e+79
AAREYDRUGS.NS,2023-08-10,2023-09-27,51.8,50,55,52.12,47.25,0.9498,82.8,2.12,4.099,93396697191808624273385133145442669542579645777560837458704543721050865664,-2.12,-1.9831746873348615e+74,-100.0,False,1,1,0,1,1,2,9.717555967940822e+75
ALEMBICLTD.NS,2023-08-10,2023-09-27,79.3,80,85,81.81,74.44,0.303,71.1,1.81,2.287,1449224978637134346514412127481648493833652550165648972641009976771061219328,-1.81,-2.628814000248089e+75,-100.0,False,1,1,1,0,1,2,1.2881188601215634e+77
APARINDS.NS,2023-08-11,2023-09-28,4013.18,4015,4135,4068.83,5420.0,0.3512,64.7,53.83,1.341,948335318170730469374267617740831815490066804153850766552417399639396843520,66.17,6.274868227479397e+76,122.91,True,1,1,1,0,1,2,2.615326477559478e+78
ASHAPURMIN.NS,2023-08-11,2023-09-28,208.36,210,215,212.15,300.51,0.6971,74.1,2.15,1.03,68389923100566983369423357067846631873837475977476257948253516251001253789696,2.85,1.9520737010748628e+77,133.03,True,1,1,1,1,1,3,7.532319639874919e+78
ALEMBICLTD.NS,2023-08-11,2023-09-28,80.7,80,85,82.12,74.1,0.2977,83.4,2.12,2.628,1214848033308537897500018765399441496405080517833699940297377693774357987328,-2.12,-2.576237720243127e+75,-100.0,False,1,1,0,1,1,2,1.262356482919132e+77
ARVIND.NS,2023-08-11,2023-09-28,140.05,140,145,142.21,170.23,0.4327,60.2,2.21,1.578,43724540440105079722965662557623791416890099691047132311482712944088526618624,2.79,1.2197297391385028e+77,126.2,True,1,1,1,0,1,2,4.954459388247606e+78
ANANDRATHI.NS,2023-08-11,2023-09-28,351.42,350,360,354.59,416.62,0.4576,92.6,4.59,1.307,240388657640542658510551032050993146751394784412029299204516372523356520448,5.41,1.3001723689770352e+75,117.8,True,1,1,0,1,1,2,5.648588274039661e+76
ANTGRAPHIC.NS,2023-08-11,2023-09-28,1.2,5,10,5.0,0.8,1.1156,86.7,0.0,0.003,380772229403643756219288328900344726461308702196854302880599758645917339204190208,-0.0,-1.2746277560327082e+76,-100.0,False,1,1,0,1,1,2,6.24567600456027e+77
3MINDIA.NS,2023-08-11,2023-09-28,28063.12,28065,28905,28442.87,29391.98,0.3332,59.2,377.87,1.346,1367555241303374025371338492232636729097820499334761942156576279744217088,462.13,6.319928918130742e+74,122.3,True,1,1,1,1,1,3,2.6469668435901075e+76
AMBER.NS,2023-08-14,2023-09-29,2603.05,2605,2680,2638.7,2976.8,0.3472,75.4,33.7,1.295,67903866542306358027453643490365516960111194601798029793949295804753641472,41.3,2.8041220060117785e+75,122.52,True,1,1,1,0,1,2,1.172375212390717e+77
ASHAPURMIN.NS,2023-08-14,2023-09-29,214.55,215,220,217.2,290.03,0.6841,75.2,2.2,1.024,68559913458978069463975434770013780692325410569923876759411949892505985613824,2.8,1.9215317449739197e+77,127.55,True,1,1,1,0,1,2,7.724472814372312e+78
ASTRAZEN.NS,2023-08-14,2023-09-29,3931.98,3930,4050,3982.53,4472.8,0.1531,72.8,52.53,1.336,6615077326222409339331410370919907576189345653512414439770980321716051378176,67.47,4.4629079978801805e+77,128.42,True,1,1,1,1,1,3,1.782221476772157e+79
ARMANFIN.NS,2023-08-14,2023-09-29,2308.0,2310,2375,2339.26,2172.95,0.3353,59.7,29.26,1.268,3286851647612345635102291109639051426625383762062897161922607183152900210688,-29.26,-9.616013287928077e+76,-100.0,False,1,1,1,0,1,2,4.711846511084758e+78
APARINDS.NS,2023-08-14,2023-09-29,4095.68,4095,4220,4151.2,5412.05,0.349,67.4,56.2,1.372,930714480437224056561252801280521358381361435457490043330035400601180831744,68.8,6.403278050346345e+76,122.42,True,1,1,1,0,1,2,2.6793592580629414e+78
ARVIND.NS,2023-08-14,2023-09-29,140.1,140,145,142.22,169.5,0.4312,59.8,2.22,1.581,44734946346684990137782940892679353492149663459914035804500698226742228156416,2.78,1.2458554396847282e+77,125.73,True,1,1,1,0,1,2,5.0790449322160784e+78
ANTGRAPHIC.NS,2023-08-14,2023-09-29,1.3,5,10,5.0,0.8,1.1188,88.2,0.0,0.006,152084459307198662749179846252095352134556332990665098951652305884056845736214528,-0.0,-1.249135200912054e+76,-100.0,False,1,1,0,1,1,2,6.120762484469064e+77
AIAENG.NS,2023-08-14,2023-09-29,3577.77,3580,3685,3626.97,3482.26,0.2604,61.8,46.97,1.313,25135264430442046850908231335127745057747782709750296082212790689765261312,-46.97,-1.1807018220716491e+75,-100.0,False,1,1,1,0,1,2,5.785438928151081e+76
AGRITECH.NS,2023-08-14,2023-09-29,166.9,165,170,167.19,188.75,0.929,80.0,2.19,1.31,611892553416220916335445325453405348136439446457683147150492291646349115392,2.81,1.722116867270384e+75,128.77,True,1,1,1,1,1,3,6.858941185780642e+76
APARINDS.NS,2023-08-16,2023-10-03,4242.85,4245,4370,4301.13,5430.38,0.3592,78.6,56.13,1.323,954637498960561861471606039404949698046338618374846409481640312116904722432,68.87,6.57425022088114e+76,122.68,True,1,1,1,0,1,2,2.7451017602717527e+78
AMBER.NS,2023-08-16,2023-10-03,2607.95,2610,2685,2643.7,2934.15,0.3469,68.8,33.7,1.292,69572614146574917131340864428364408047113203956292268153767486479990259712,41.3,2.873195636211685e+75,122.54,True,1,1,1,0,1,2,1.2011071687528339e+77
ARMANFIN.NS,2023-08-16,2023-10-03,2448.5,2450,2520,2481.5,2180.05,0.3678,63.9,31.5,1.286,2991888954521487451928988294562794678600819469559860443797297974638683357184,-31.5,-9.423693022169515e+76,-100.0,False,1,1,1,1,1,3,4.6176095808630624e+78
ATALREAL.NS,2023-08-16,2023-10-03,27.35,25,30,27.46,15.74,0.2854,65.8,2.46,8.989,214189382944256556277010925373960036412882937572846043727186839487278659665920,-2.46,-5.265907714750577e+77,-100.0,False,1,1,1,0,1,2,2.580294780227783e+79
ASHOKLEY.NS,2023-08-16,2023-10-03,87.16,85,90,87.52,82.07,0.2055,65.9,2.52,2.895,138261756932119463701380370677477519775684345340258407447029815136287723618304,-2.52,-3.488721534823063e+77,-100.0,False,1,1,1,1,1,3,1.7094735520633007e+79
ASTRAZEN.NS,2023-08-16,2023-10-03,3970.87,3970,4090,4022.39,4501.01,0.1524,78.3,52.39,1.319,6803045817922042120446384868627589929333821568117279145050615823155681296384,67.61,4.599212027962136e+77,129.03,True,1,1,1,1,1,3,1.8282135970517784e+79
ARVIND.NS,2023-08-16,2023-10-03,149.57,150,155,152.18,181.27,0.4828,67.2,2.18,1.459,46558436702304445963554188690810824143652730515897131381956542437024384155648,2.82,1.3121128486720066e+77,129.17,True,1,1,1,1,1,3,5.2102562170832795e+78
ANANTRAJ.NS,2023-08-16,2023-10-03,203.31,205,210,207.17,221.21,0.3722,59.3,2.17,1.065,1673946975826932506109570332967769948435986994074436331128322736090544865280,2.83,4.7450327792441645e+75,130.91,True,1,1,1,1,1,3,1.8598013777376905e+77
63MOONS.NS,2023-08-16,2023-10-03,285.36,285,295,289.35,273.73,0.6865,67.2,4.35,1.526,84650368036980237985885555710838316748493384775874205244057991838884167680,-4.35,-3.685081168066911e+74,-100.0,False,1,1,1,0,1,2,1.8056897723527863e+76
ASHAPURMIN.NS,2023-08-16,2023-10-03,232.32,230,240,234.42,300.51,0.7105,78.4,4.42,1.901,34987933416823092155168770989835872718561079198380116567748823678700484558848,5.58,1.953898778807847e+77,126.47,True,1,1,1,1,1,3,7.919862692253096e+78
ABCOTS.NS,2023-08-16,2023-10-03,55.15,55,60,56.96,89.75,0.9281,73.9,1.96,3.558,103013370445644466347462873148670334027373984232345953039259209795467476992,3.04,3.12911565993719e+74,154.79,True,1,1,1,1,1,3,1.0420675877718888e+76
APARINDS.NS,2023-08-17,2023-10-04,4659.51,4660,4800,4722.65,5277.92,0.4487,84.2,62.65,1.345,876271142226329195087743301973986128079252859589442020378838579990472163328,77.35,6.777592470625103e+76,123.45,True,1,1,0,1,1,2,2.812877684978004e+78
ACE.NS,2023-08-17,2023-10-04,789.76,790,815,801.09,692.72,0.5051,62.8,11.09,1.404,256471085329070069426833206770106786147841037147105975484774625076427358208,-11.09,-2.843020175900822e+75,-100.0,False,1,1,1,0,1,2,1.3930798861914028e+77
63MOONS.NS,2023-08-17,2023-10-04,295.47,295,305,299.37,265.19,0.6883,75.3,4.37,1.478,82688770762004995220802002243736717306632730093850509541008563547446181888,-4.37,-3.611379544705573e+74,-100.0,False,1,1,1,1,1,3,1.7695759769057305e+76
ABCOTS.NS,2023-08-17,2023-10-04,56.0,55,60,57.05,89.75,0.9274,74.8,2.05,3.665,101540673324084203831714360658477082048612241412041374054224662682792886272,2.95,2.9928984906604323e+74,143.6,True,1,1,1,1,1,3,1.071996572678493e+76
AMBER.NS,2023-08-17,2023-10-04,2837.2,2835,2920,2873.27,2900.4,0.4354,77.1,38.27,1.349,62766784057244150133556220335178979894759676831696951479924321432048238592,27.13,1.7027272102693439e+75,70.88,True,1,1,1,1,1,3,1.2181344408555273e+77
ASHAPURMIN.NS,2023-08-17,2023-10-04,239.66,240,245,242.21,290.63,0.7035,78.3,2.21,0.921,71780837819062427280019255808838514206559558714265104295413587310180493688832,2.79,2.005069352502502e+77,126.58,True,1,1,1,0,1,2,8.120369627503346e+78
AARON.NS,2023-08-17,2023-10-04,128.33,130,135,131.88,135.17,0.2563,73.6,1.88,1.464,100544572791853703907748334936415069299486700654651658750508138754503344128,3.12,3.138020045561626e+74,166.1,True,1,1,1,1,1,3,9.759844974711458e+75
ASHOKLEY.NS,2023-08-17,2023-10-04,87.3,85,90,87.57,79.92,0.2046,65.2,2.57,2.94,133208444479113833407234079515979801336191550326312910856866611116245520482304,-2.57,-3.418947104126602e+77,-100.0,False,1,1,1,0,1,2,1.6752840810220347e+79
ARVIND.NS,2023-08-17,2023-10-04,152.45,150,155,152.4,178.09,0.4847,84.2,2.4,1.576,43381976334784827949857531164433915733324853015889175249522991694035862683648,2.6,1.1270475733225854e+77,108.16,True,1,1,0,1,1,2,5.3229609744155384e+78
ATALREAL.NS,2023-08-17,2023-10-04,27.66,30,35,30.36,15.47,0.2799,64.8,0.36,1.309,1425021779721600267556770252568487333536133939455355672890398043789389302071296,-0.36,-5.160589560455566e+77,-100.0,False,1,1,1,0,1,2,2.5286888846232275e+79
AGI.NS,2023-08-17,2023-10-04,729.45,730,750,738.9,900.61,0.5553,74.2,8.9,1.22,112376251877043552168858251539520150062665847919474910139437535886409990144,11.1,1.247867896440593e+75,124.83,True,1,1,1,1,1,3,5.123072495145449e+76
AARON.NS,2023-08-18,2023-10-05,134.74,135,140,137.15,135.02,0.2942,81.3,2.15,1.593,90914642388335828164529893394106169581856037673228277349108565908545077248,-2.12,-1.9313683717814824e+74,-98.94,False,1,1,0,1,1,2,9.566708137533309e+75
ATALREAL.NS,2023-08-18,2023-10-05,27.94,30,35,30.42,15.51,0.2754,66.8,0.42,1.497,1209238994218724266225727406730887415642792807719312888531934657143660915720192,-0.42,-5.057377769246456e+77,-100.0,False,1,1,1,1,1,3,2.478115106930763e+79
APARINDS.NS,2023-08-18,2023-10-05,4804.55,4805,4950,4869.85,5328.41,0.4529,84.4,64.85,1.35,867452472451927944544945968441424991513608663926738367038833983237264506880,80.15,6.952305480596948e+76,123.58,True,1,1,0,1,1,2,2.8824007397839732e+78
ABCOTS.NS,2023-08-18,2023-10-05,67.2,65,70,67.13,89.75,1.071,82.4,2.13,3.17,100642581070835580290071619931958074660759871299447984226585355671109107712,2.87,2.888135908184793e+74,134.71,True,1,1,0,1,1,2,1.100877931760341e+76
ASTRAZEN.NS,2023-08-21,2023-10-06,4134.4,4135,4260,4190.16,4694.14,0.1895,77.3,55.16,1.334,6628782212803381676316635115128953911816693272837728298037542808383377113088,69.84,4.6295505719006696e+77,126.61,True,1,1,1,0,1,2,1.874509102770785e+79
APARINDS.NS,2023-08-21,2023-10-06,4911.9,4910,5060,4977.23,5373.37,0.4459,89.6,67.23,1.369,857416078654400052390355210075514227119954635205830793188218067979096555520,82.77,7.096439700248054e+76,123.1,True,1,1,0,1,1,2,2.9533651367864537e+78
AJANTPHARM.NS,2023-08-21,2023-10-06,1733.38,1735,1785,1757.43,1692.79,0.3159,76.9,22.43,1.294,48831197752303129149250889728104543606252158507217331873844850075558215680,-22.43,-1.0953894931224203e+75,-100.0,False,1,1,1,0,1,2,5.3674085162998594e+76
ABCOTS.NS,2023-08-21,2023-10-06,73.9,75,80,76.91,94.2,1.0965,85.1,1.91,2.579,115533700072707291746331762298440137360210802736971335092810324695192698880,3.09,3.5749291401146824e+74,162.37,True,1,1,0,1,1,2,1.1366272231614878e+76
AMBER.NS,2023-08-21,2023-10-06,2874.05,2875,2960,2913.07,2920.9,0.4388,78.4,38.07,1.325,63999519413027838746580910682959267661937573388515395773303307031176806400,7.83,5.013028093938553e+74,20.58,True,1,1,1,0,1,2,1.2231474689494658e+77
AGARIND.NS,2023-08-21,2023-10-06,912.87,915,940,925.99,916.7,0.608,61.9,10.99,1.203,103995373124151175248317575196267006117944566834575281397424779765078818816,-9.29,-9.6587421866881e+74,-84.54,False,1,1,1,1,1,3,5.6157351105906366e+76
AARON.NS,2023-08-21,2023-10-06,141.47,140,145,142.38,131.25,0.3191,85.6,2.38,1.685,80260319813796190875013819929873212464445912277176449803274322940306391040,-2.38,-1.9133416275066618e+74,-100.0,False,1,1,0,1,1,2,9.375373974782642e+75
ASIANENE.NS,2023-08-21,2023-10-06,146.88,145,150,147.4,189.36,0.4018,78.3,2.4,1.631,213831947818997313288004680785592279578409035171649120485312234939224447516672,2.6,5.570284598690868e+77,108.77,True,1,1,1,0,1,2,2.6163592421164073e+79
63MOONS.NS,2023-08-22,2023-10-09,309.83,310,320,314.3,249.74,0.7728,76.2,4.3,1.389,82254577938919742500619958427777088959443970463386827701229097058555658240,-4.3,-3.539151953811461e+74,-100.0,False,1,1,1,0,1,2,1.734184457367616e+76
ARVIND.NS,2023-08-22,2023-10-09,162.9,165,170,167.09,169.99,0.4957,92.4,2.09,1.281,51029806080286841898554967855705538803079488870546681153524527836386966896640,2.9,1.479321814985098e+77,138.96,True,1,1,0,1,1,2,5.470893155914048e+78
3MINDIA.NS,2023-08-22,2023-10-09,28169.06,28170,29015,28550.08,29353.55,0.3484,57.0,380.08,1.349,1392862447414317969160760117038600337585521398721296679932422265499549696,464.92,6.475753993470772e+74,122.32,True,1,1,1,0,1,2,2.7117243835248154e+76
ABCOTS.NS,2023-08-22,2023-10-09,81.25,80,85,82.06,97.0,1.1215,89.0,2.06,2.533,110437577742002690614702232277083306441115801663141266224007832463174795264,2.94,3.248624440777159e+74,142.91,True,1,1,0,1,1,2,1.1691134675692595e+76
ARVIND.NS,2023-08-23,2023-10-10,169.5,170,175,172.2,172.18,0.5052,92.9,2.2,1.298,49743106225906611507419293036936515913216256719241706078883902796308678705152,-0.02,-8.477045099789405e+74,-0.77,False,1,1,0,1,1,2,5.470045451404069e+78
63MOONS.NS,2023-08-23,2023-10-10,325.92,325,335,329.36,242.93,0.7826,81.3,4.36,1.336,79629721100096303308088017583348569656021836299533049743668067145055469568,-4.36,-3.468368914735232e+74,-100.0,False,1,1,0,1,1,2,1.6995007682202637e+76
AGI.NS,2023-08-23,2023-10-10,731.06,730,755,741.07,909.0,0.5475,76.2,11.07,1.514,92550787710808154010448012957330423525497181859711236825251200948192149504,13.93,1.289155193741114e+75,125.82,True,1,1,1,0,1,2,5.2519880145195604e+76
3MINDIA.NS,2023-08-23,2023-10-10,28799.56,28800,29665,29189.03,29406.6,0.3549,63.4,389.03,1.351,1394099265964126827657190119290800641125336993044707450971461680487202816,217.57,3.033124706087216e+74,55.93,True,1,1,1,0,1,2,2.7420556305856875e+76
AIAENG.NS,2023-08-23,2023-10-10,3595.49,3595,3705,3644.16,3433.04,0.2409,66.6,49.16,1.367,23536078138853485684530101385440434616921471881103151976470355335779975168,-49.16,-1.1570877856302161e+75,-100.0,False,1,1,1,0,1,2,5.669730149588059e+76
ACUTAAS.NS,2023-08-23,2023-10-10,681.24,680,700,689.15,601.0,0.3037,85.1,9.15,1.343,358132766457096058661806479710125267474060238716798488676570127657080979456,-9.15,-3.2772941691854174e+75,-100.0,False,1,1,0,1,1,2,1.6058741429008545e+77
3MINDIA.NS,2023-08-24,2023-10-11,29091.2,29090,29965,29483.63,29614.81,0.3536,63.7,393.63,1.353,1393205804580271542043809716619314982500524253831569775155900176884826112,131.18,1.8276069519914624e+74,33.33,True,1,1,1,0,1,2,2.7603317001056022e+76
AIRAN.NS,2023-08-24,2023-10-11,22.0,20,25,22.2,24.8,0.3908,66.7,2.2,9.98,557828136474857183009780604173272676845922742939529293871332809042238111744,2.6,1.4527613221524945e+75,118.61,True,1,1,1,1,1,3,6.269342668903882e+76
ALLDIGI.NS,2023-08-24,2023-10-11,535.45,535,550,541.84,507.96,0.3172,66.0,6.84,1.278,322728154415319883628712217006321921508603717339750134272631479023385444352,-6.84,-2.2085339466370668e+75,-100.0,False,1,1,1,1,1,3,1.0821816338521626e+77
ANANDRATHI.NS,2023-08-24,2023-10-11,351.91,350,360,354.62,470.36,0.4645,79.7,4.62,1.313,244464296881636923474255820174467261240166345478872245526689099869518299136,5.38,1.3149253140084372e+75,116.39,True,1,1,1,0,1,2,5.780080805440505e+76
AIAENG.NS,2023-08-24,2023-10-11,3602.75,3605,3710,3651.9,3400.87,0.2401,73.3,46.9,1.302,24177997427328942847637037125662511623681587823202944173894132172857540608,-46.9,-1.133946029917612e+75,-100.0,False,1,1,1,0,1,2,5.556335546596298e+76
ANANTRAJ.NS,2023-08-24,2023-10-11,205.75,205,210,207.34,227.6,0.3746,62.6,2.34,1.139,1586877539286172608377244989264258616719127578144300414962853189555127844864,2.66,4.214784940955482e+75,113.31,True,1,1,1,0,1,2,1.9019492271472452e+77
APLAPOLLO.NS,2023-08-24,2023-10-11,1638.62,1640,1690,1662.32,1657.18,0.3543,69.6,22.32,1.362,2094060489640840339381309233805416017084552440247742849267315720325538250752,-5.14,-1.0772811507674247e+76,-23.05,False,1,1,1,0,1,2,2.326505193473187e+78
AIRAN.NS,2023-08-25,2023-10-12,22.2,20,25,22.31,24.6,0.3828,66.7,2.31,10.426,541742600467899606957755552787947535971091336120543329718884523080534720512,2.29,1.2381476350299637e+75,98.75,True,1,1,1,0,1,2,6.393157432406878e+76
APLAPOLLO.NS,2023-08-25,2023-10-12,1677.32,1675,1730,1699.74,1663.83,0.3601,71.8,24.74,1.475,1880807832501725583070513350793029128653104523478055755953556595251945144320,-24.74,-4.653010386946375e+76,-100.0,False,1,1,1,0,1,2,2.2799750896037233e+78
ALPA.NS,2023-08-25,2023-10-12,80.8,80,85,82.16,74.4,0.5801,57.3,2.16,2.671,1202732888858392207487131366974051204483799573752346659491698258351914745856,-2.16,-2.5957375838147777e+75,-100.0,False,1,1,1,1,1,3,1.271911416069241e+77
ANANTRAJ.NS,2023-08-25,2023-10-12,211.39,210,220,214.44,231.04,0.3725,66.0,4.44,2.1,857084840600446512000107607822547759413561755614720332550727900799462014976,5.56,4.766949951709975e+75,125.32,True,1,1,1,1,1,3,1.9496187266643448e+77
63MOONS.NS,2023-08-25,2023-10-12,339.04,340,350,344.31,247.45,0.7393,81.3,4.31,1.27,78921164252198963107424861228542235589150498792964587851449524301984694272,-4.31,-3.3990015364405275e+74,-100.0,False,1,1,0,1,1,2,1.6655107528558586e+76
ASTERDM.NS,2023-08-28,2023-10-13,248.7,250,255,252.24,253.91,0.3187,59.1,2.24,0.902,111435199286944733343308715610438962950991415403456566524178153229357634551808,1.67,1.8609763599105254e+77,74.41,True,1,1,1,1,1,3,1.2690622828231321e+79
ANANTRAJ.NS,2023-08-28,2023-10-13,213.08,215,220,217.16,233.98,0.3728,65.4,2.16,1.015,1802121357221103386014046795601233471033190071785974031911935210401166262272,2.84,5.111369332776828e+75,131.09,True,1,1,1,0,1,2,2.0007324199921131e+77
AIRAN.NS,2023-08-28,2023-10-13,23.35,25,30,25.72,24.25,0.4171,69.6,0.72,3.079,1778543620551604651053150015495536087032053722709305812438370432045650280448,-0.72,-1.2786314864813756e+75,-100.0,False,1,1,1,1,1,3,6.26529428375874e+76
ABCOTS.NS,2023-08-28,2023-10-13,94.4,95,100,96.97,95.0,1.137,87.9,1.97,2.088,118616287610923989314776291004217784788153393033593276125351078259580731392,-1.97,-2.338226935138519e+74,-100.0,False,1,1,0,1,1,2,1.1457311982178743e+76
AGARIND.NS,2023-08-28,2023-10-13,947.08,945,975,958.31,936.68,0.6124,66.7,13.31,1.405,84405756769555002355119361240630011637603852407769174987778326396382740480,-13.31,-1.1231470221181274e+75,-100.0,False,1,1,1,1,1,3,5.503420408378824e+76
AMBICAAGAR.NS,2023-08-28,2023-10-13,41.0,40,45,41.96,37.8,0.3678,84.1,1.96,4.775,869946464561777873389483498273933835644255889703900244851238321726630658048,-1.96,-1.7030709241511885e+75,-100.0,False,1,1,0,1,1,2,8.345047528340824e+76
ASTRAMICRO.NS,2023-08-28,2023-10-13,383.29,385,395,389.42,444.31,0.3572,60.5,4.42,1.153,52709527384294593883500080670696228090459979916284352167556712042984844034048,5.58,2.940999454054374e+77,126.23,True,1,1,1,0,1,2,1.1943866367280865e+79
63MOONS.NS,2023-08-28,2023-10-13,341.85,340,350,344.43,240.84,0.7351,81.8,4.43,1.297,75121884821766755741599961036026756622281282244467835224031720884987232256,-4.43,-3.331021505711717e+74,-100.0,False,1,1,0,1,1,2,1.6322005377987415e+76
AIAENG.NS,2023-08-28,2023-10-13,3614.89,3615,3725,3664.11,3351.45,0.24,66.1,49.11,1.359,22626922275752200854920494661542231280911473517412712579812691389645324288,-49.11,-1.1112671093192596e+75,-100.0,False,1,1,1,0,1,2,5.445208835664372e+76
APOLSINHOT.NS,2023-08-28,2023-10-13,1673.15,1675,1725,1697.33,1642.76,0.343,87.2,22.33,1.335,6009097409734179991823686293224209060023017266526225238130239846712002740224,-22.33,-1.3417209764128328e+77,-100.0,False,1,1,0,1,1,2,6.5744327844228804e+78
AMBER.NS,2023-08-28,2023-10-13,2894.6,2895,2980,2933.16,2971.65,0.4276,74.5,38.16,1.318,64109125092919839954616048255304968842331738615881403711408071206766641152,38.49,2.4676632398166266e+75,100.87,True,1,1,1,1,1,3,1.247824101347632e+77
ARCHIES.NS,2023-08-29,2023-10-16,28.05,30,35,30.73,25.85,0.3766,59.4,0.73,2.587,120950710354414419800099800061391504532319612527242988816892942026999827791872,-0.73,-8.776086969508055e+76,-100.0,False,1,1,1,1,1,3,4.300282615058946e+78
ANANTRAJ.NS,2023-08-29,2023-10-16,218.42,220,225,222.19,239.02,0.3805,71.1,2.19,1.005,1823749759976451447540018876473028304488152136820261340899026170649757351936,2.81,5.11728395989803e+75,127.89,True,1,1,1,1,1,3,2.0519052595910934e+77
3MINDIA.NS,2023-08-29,2023-10-16,30074.2,30075,30975,30479.94,29158.67,0.3475,76.7,404.94,1.346,1363330550629759193301215049791631209676014746771668699992264394231775232,-404.94,-5.520663400211204e+74,-100.0,False,1,1,1,0,1,2,2.70512506610349e+76
AIAENG.NS,2023-08-29,2023-10-16,3627.97,3630,3735,3676.91,3438.05,0.2304,65.4,46.91,1.293,23215220613277014604114488017349653033582236425091958179311401580686737408,-46.91,-1.0890417671328743e+75,-100.0,False,1,1,1,0,1,2,5.3363046589510845e+76
AMBICAAGAR.NS,2023-08-29,2023-10-16,42.3,40,45,42.42,37.65,0.3633,84.4,2.42,5.711,690826128994005510447725145342838948372367832202997609757097609841977851904,-2.42,-1.6690095056681648e+75,-100.0,False,1,1,0,1,1,2,8.178146577774007e+76
AMBER.NS,2023-08-29,2023-10-16,2909.35,2910,2995,2948.16,2937.05,0.4266,74.6,38.16,1.312,65402714977805019736440595265963416041119686410352711635063849310450876416,-11.11,-7.26501569053696e+74,-29.11,False,1,1,1,0,1,2,1.2405590856570952e+77
APOLSINHOT.NS,2023-08-29,2023-10-16,1756.76,1755,1810,1779.79,1588.73,0.3678,89.0,24.79,1.411,5303589405452298066951641897153209542926318413513079470527043196843368382464,-24.79,-1.314886556884576e+77,-100.0,False,1,1,0,1,1,2,6.442944128734423e+78
AIRAN.NS,2023-08-29,2023-10-16,23.85,25,30,25.87,24.15,0.4088,70.3,0.87,3.632,1446631026755327807628061975968716104831154351886656617871675676295008616448,-0.87,-1.253058856751748e+75,-100.0,False,1,1,1,1,1,3,6.139988398083565e+76
ARCHIES.NS,2023-08-30,2023-10-17,28.55,30,35,30.86,25.8,0.3675,62.9,0.86,3.002,100363183084394956915078753507379971940946577515877083464208116797588711145472,-0.86,-8.600565230117892e+76,-100.0,False,1,1,1,1,1,3,4.214276962757767e+78
ANANDRATHI.NS,2023-08-30,2023-10-17,352.81,355,365,359.34,439.92,0.4016,74.9,4.34,1.231,266119658014963686130831856393989570864428438933895797432575256299728535552,5.66,1.5051804190615361e+75,130.2,True,1,1,1,1,1,3,5.930598847346659e+76
AIAENG.NS,2023-08-30,2023-10-17,3652.4,3650,3760,3699.29,3471.5,0.2072,64.2,49.29,1.349,21653362783807859529049000704314274694313882829928550600816522099465125888,-49.29,-1.0672609317902169e+75,-100.0,False,1,1,1,0,1,2,5.229578565772063e+76
ASTRAZEN.NS,2023-08-30,2023-10-17,4241.18,4240,4370,4297.42,4731.54,0.1837,85.1,57.42,1.354,6529353157378294457223902904126455536702014260054491349543136681655036542976,72.58,4.739140899050213e+77,126.41,True,1,1,0,1,1,2,1.921900511761287e+79
APOLSINHOT.NS,2023-08-30,2023-10-17,1793.91,1795,1850,1819.58,1583.94,0.3686,91.8,24.58,1.37,5242350851940522728996636477261101615347564318258202750978678745990915162112,-24.58,-1.2885888257468846e+77,-100.0,False,1,1,0,1,1,2,6.314085246159735e+78
ASTERDM.NS,2023-08-30,2023-10-17,250.14,250,260,254.33,249.23,0.283,65.6,4.33,1.729,58680129956645223372106948943626819384695869832950503283765936154751740674048,-4.33,-2.538124565646264e+77,-100.0,False,1,1,1,0,1,2,1.2436810371666695e+79
ANANTRAJ.NS,2023-08-31,2023-10-18,218.92,220,225,222.23,239.26,0.3717,77.6,2.23,1.018,1842168966303978104714072114430743186940246698088255960916491412946315902976,2.77,5.107034312337703e+75,124.45,True,1,1,1,1,1,3,2.1029756027144704e+77
ASTERDM.NS,2023-08-31,2023-10-18,250.52,250,260,254.38,250.21,0.2818,63.7,4.38,1.75,56742469852745825525543840142709319013140976070209840830052402400481092042752,-4.17,-2.3661903724306935e+77,-95.13,False,1,1,1,0,1,2,1.2200191334423625e+79
ASTRAMICRO.NS,2023-08-31,2023-10-18,394.34,395,405,399.52,476.52,0.3613,58.5,4.52,1.145,52887410313912305890655935205292833274611798381003087135096167258615678238720,5.48,2.899967757935058e+77,121.4,True,1,1,1,0,1,2,1.2233863143074371e+79
ANGELONE.NS,2023-08-31,2023-10-18,179.01,180,185,182.18,206.89,0.4793,69.0,2.18,1.219,6480904069801931358089104103920802431509492467414127893460746005139645530112,2.82,1.8258179966177104e+76,129.07,True,1,1,1,1,1,3,7.255751991078047e+77
ANGELONE.NS,2023-09-01,2023-10-19,183.36,185,190,187.15,210.66,0.4808,76.0,2.15,1.171,6757392075587621581245670663338341583770805346609967116425963936254900830208,2.85,1.9275456395782012e+76,132.83,True,1,1,1,1,1,3,7.448506555035867e+77
ANANTRAJ.NS,2023-09-01,2023-10-19,220.22,220,225,222.32,235.18,0.3536,77.2,2.32,1.054,1812030051709914490681424302061828965923537111325863488569370077336856166400,2.68,4.854199053120632e+75,115.41,True,1,1,1,0,1,2,2.1515175932456768e+77
ASIANENE.NS,2023-09-01,2023-10-19,148.03,150,155,152.02,199.09,0.3595,66.9,2.02,1.365,258963000243630068768518584356673092152586456805347417368604690510911895502848,2.98,7.715431527948689e+77,147.45,True,1,1,1,0,1,2,2.6935135573958942e+79
APLAPOLLO.NS,2023-09-01,2023-10-19,1716.89,1715,1770,1739.76,1686.56,0.3306,72.6,24.76,1.442,1841318225689462513549008154118636726337404757868250616688732633139125420032,-24.76,-4.559950179207447e+76,-100.0,False,1,1,1,0,1,2,2.2343755878116488e+78
AGARIND.NS,2023-09-01,2023-10-19,1037.77,1040,1070,1053.05,902.68,0.6824,75.2,13.05,1.257,84348758432967697669136210234337555241349236129660444323784201021975166976,-13.05,-1.1006840816757648e+75,-100.0,False,1,1,1,1,1,3,5.3933520002112474e+76
AIAENG.NS,2023-09-01,2023-10-19,3656.25,3655,3765,3703.78,3506.79,0.182,64.8,48.78,1.334,21440804688980205736298585709422525605302713126966346294317394986115530752,-48.78,-1.0459157131544126e+75,-100.0,False,1,1,1,0,1,2,5.124986994456621e+76
3MINDIA.NS,2023-09-04,2023-10-20,31254.74,31255,32190,31675.4,28656.77,0.3796,85.2,420.4,1.345,1286916553620452079570449759398155197243420833667695840160488440801001472,-420.4,-5.41025013220698e+74,-100.0,False,1,1,0,1,1,2,2.6510225647814205e+76
APLAPOLLO.NS,2023-09-04,2023-10-20,1732.18,1730,1785,1754.82,1696.59,0.3307,72.1,24.82,1.433,1800550466264552108969843218992549965852739985594782233012983787316687405056,-24.82,-4.468751175623298e+76,-100.0,False,1,1,1,0,1,2,2.189688076055416e+78
AMJLAND.NS,2023-09-04,2023-10-20,33.96,35,40,36.47,31.13,0.5795,74.1,1.47,4.32,901829111868096328964498605193192910611183063631544065686655939251827376128,-1.47,-1.3229742124362e+75,-100.0,False,1,1,1,1,1,3,6.48257364093738e+76
ANGELONE.NS,2023-09-04,2023-10-20,184.01,185,190,187.19,225.66,0.4818,72.4,2.19,1.189,6808212263162989736157234752961585075965651694314433047564778451990346727424,2.81,1.9144048205743214e+76,128.51,True,1,1,1,0,1,2,7.639947037093299e+77
AGARIND.NS,2023-09-04,2023-10-20,1064.35,1065,1095,1078.15,889.26,0.6758,79.9,13.15,1.236,82021701202589772555774735191509191234207347243801391755779995621413355520,-13.15,-1.0786704000422496e+75,-100.0,False,1,1,1,0,1,2,5.285484960207022e+76
ANANTRAJ.NS,2023-09-04,2023-10-20,221.96,220,230,224.54,236.82,0.3536,80.0,4.54,2.046,947398314523217873515444887045121065511238611631868164283385607501840908288,5.46,5.170947958740825e+75,120.17,True,1,1,1,0,1,2,2.2032270728330851e+77
AARTIDRUGS.NS,2023-09-05,2023-10-23,607.32,605,625,614.12,479.6,0.3926,64.5,9.12,1.501,15635507738479353434828738790377137670014497108283167779962101434702364672,-9.12,-1.4257510324829416e+74,-100.0,False,1,1,1,1,1,3,6.986180059166413e+75
20MICRONS.NS,2023-09-05,2023-10-23,124.7,125,130,127.12,130.11,0.3098,69.1,2.12,1.7,913,2.88,2629.66,135.88,True,1,1,1,0,1,2,99491.19
ASTRAZEN.NS,2023-09-05,2023-10-23,4301.77,4300,4430,4357.77,4549.33,0.1885,77.2,57.77,1.343,6653788452117788405899783265094366740658684789079029558063012490419755810816,72.23,4.806123964230551e+77,125.04,True,1,1,1,0,1,2,1.9699617514035927e+79
ABREL.NS,2023-09-05,2023-10-23,1109.47,1110,1145,1125.61,1056.63,0.3629,67.3,15.61,1.407,86483535406331241367983838794145450888305669728771381079951030966774923264,-15.61,-1.3500025748765336e+75,-100.0,False,1,1,1,1,1,3,6.615012616895015e+76
AMJLAND.NS,2023-09-05,2023-10-23,35.4,35,40,36.83,30.14,0.5947,79.9,1.83,5.178,707335833616288720339501663863148168154348567093134767979055865715729891328,-1.83,-1.296514728187476e+75,-100.0,False,1,1,1,1,1,3,6.352922168118632e+76
ASTERDM.NS,2023-09-05,2023-10-23,253.91,255,260,257.26,249.65,0.2826,69.0,2.26,0.891,107817107003766790273210194031861559311433193018719517939632635588274001281024,-2.26,-2.440038266884725e+77,-100.0,False,1,1,1,1,1,3,1.1956187507735153e+79
ASHOKA.NS,2023-09-05,2023-10-23,112.5,110,115,112.37,130.4,0.5505,81.4,2.37,2.108,125407010736686037013303674109576500895292957185542935991012031344151147577344,2.63,3.2957373257024454e+77,110.8,True,1,1,0,1,1,2,1.5202639788229527e+79
ADFFOODS.NS,2023-09-05,2023-10-23,221.04,220,230,224.37,211.66,0.2621,60.9,4.37,1.977,491902713099151983311610228258820840275259993311905259727593036590811709440,-4.37,-2.1495726470335324e+75,-100.0,False,1,1,1,1,1,3,1.0532905970464308e+77
ALEMBICLTD.NS,2023-09-05,2023-10-23,81.57,80,85,82.32,74.39,0.2748,71.7,2.32,2.846,1087554118707224859285027639246180053147430799541813162193721900162940403712,-2.32,-2.524712965838264e+75,-100.0,False,1,1,1,1,1,3,1.2371093532607494e+77
AAREYDRUGS.NS,2023-09-05,2023-10-23,52.7,55,60,56.67,43.8,0.7874,76.0,1.67,3.168,116395464932438964366735310528167923796057179642056153879403234775890132992,-1.67,-1.9435111935881645e+74,-100.0,False,1,1,1,0,1,2,9.523204848582005e+75
APLAPOLLO.NS,2023-09-05,2023-10-23,1782.21,1780,1835,1804.9,1627.5,0.302,75.2,24.9,1.397,1758789885586797656421384351491537338022078330676868380627916953499757182976,-24.9,-4.379376152110832e+76,-100.0,False,1,1,1,0,1,2,2.1458943145343077e+78
ASHAPURMIN.NS,2023-09-05,2023-10-23,261.98,260,270,264.41,301.16,0.7135,64.8,4.41,1.684,36802973546271399348259388520174235476751672084516456854143714436788976091136,5.59,2.0562234291264706e+77,126.61,True,1,1,1,1,1,3,8.325991970415993e+78
AROGRANITE.NS,2023-09-05,2023-10-23,57.0,55,60,57.31,54.15,0.4909,76.7,2.31,4.047,39232183163795548370681027581197426730537340564775283953486743818886642139136,-2.31,-9.050514778491602e+76,-100.0,False,1,1,1,1,1,3,4.434752241460885e+78
ALPA.NS,2023-09-06,2023-10-25,81.05,80,85,82.2,70.15,0.4891,76.6,2.2,2.717,1155089513684939929206788622728628109150470224046614345875027903629454475264,-2.2,-2.543822832138482e+75,-100.0,False,1,1,1,0,1,2,1.2464731877478563e+77
ADSL.NS,2023-09-06,2023-10-25,146.5,145,150,147.37,113.11,0.3848,75.4,2.37,1.615,580795178905092084210968409570458917224341541151859834876777770871452336128,-2.37,-1.3737706660490607e+75,-100.0,False,1,1,1,1,1,3,6.731476263640397e+76
20MICRONS.NS,2023-09-06,2023-10-25,130.9,130,135,132.3,129.87,0.3396,77.8,2.3,1.754,866,-2.3,-1987.96,-100.0,False,1,1,1,1,1,3,97503.24
ANDHRAPAP.NS,2023-09-06,2023-10-25,104.04,105,110,107.04,107.98,0.5101,78.8,2.04,1.957,7549837806349106891768238610019427371231974221655797345112527752269779697664,0.94,7.117065689289072e+75,46.3,True,1,1,1,1,1,3,7.75721435952197e+77
AAREYDRUGS.NS,2023-09-06,2023-10-25,53.25,55,60,56.74,41.9,0.7874,76.6,1.74,3.264,109590093698406408235059900734417815314020432535786888429680789558487154688,-1.74,-1.9046409697164012e+74,-100.0,False,1,1,1,0,1,2,9.332740751610366e+75
ASTERDM.NS,2023-09-06,2023-10-25,254.03,255,260,257.27,269.55,0.2769,76.3,2.27,0.894,105263005604605247324469175484778431735478573672699891236882081117128458502144,2.73,2.871912778683232e+77,120.1,True,1,1,1,0,1,2,1.2243378785603476e+79
ARTEMISMED.NS,2023-09-06,2023-10-25,142.16,140,145,142.37,140.91,0.5072,73.8,2.37,1.665,42503400375982028822649021072094211068723327851225902833447680814298762838016,-1.45,-6.175020575085864e+76,-61.38,False,1,1,1,1,1,3,4.968363157142705e+78
ASHAPURMIN.NS,2023-09-06,2023-10-25,273.31,275,280,277.18,286.89,0.7045,66.2,2.18,0.797,76419814043179600388955368301804892155711958938393745463616907854808411537408,2.82,2.1557923080757815e+77,129.46,True,1,1,1,1,1,3,8.54157120122357e+78
ADFFOODS.NS,2023-09-06,2023-10-25,226.46,225,235,229.46,209.72,0.2546,63.5,4.46,1.97,472128817199134032330807978693755717863776331012960459347070561290020716544,-4.46,-2.1065811940928616e+75,-100.0,False,1,1,1,1,1,3,1.0322247851055021e+77
AARTIDRUGS.NS,2023-09-07,2023-10-26,611.67,610,630,619.07,473.66,0.381,66.1,9.07,1.483,15402849491277021186348379171468053521768351079318530718947458250428121088,-9.07,-1.3972360118332827e+74,-100.0,False,1,1,1,0,1,2,6.846456457983085e+75
ANDHRAPAP.NS,2023-09-07,2023-10-26,106.11,105,110,107.25,113.3,0.507,85.4,2.25,2.121,6894785121314480097851084839976930699702306343235770905829836742521920684032,2.75,1.895949688752846e+76,122.21,True,1,1,0,1,1,2,7.946809328397255e+77
ASHAPURMIN.NS,2023-09-07,2023-10-26,292.53,295,300,297.16,292.68,0.7211,78.7,2.16,0.739,79016752500555935700733017724828200044369115805227815871617382387168592265216,-2.16,-1.708314240244714e+77,-100.0,False,1,1,1,1,1,3,8.370739777199099e+78
ASHOKA.NS,2023-09-07,2023-10-26,115.6,115,120,117.2,129.45,0.578,77.0,2.2,1.904,138167278744686853789054358330142072729159023445477664857540113342363785494528,2.8,3.867835979588437e+77,127.21,True,1,1,1,1,1,3,1.5589423386188372e+79
ASTRAMICRO.NS,2023-09-07,2023-10-26,421.27,420,435,426.71,453.87,0.4716,83.7,6.71,1.594,36440743177266771188537142953159947749081973008234977083929281949359593750528,8.29,3.0193388479751413e+77,123.4,True,1,1,0,1,1,2,1.2535797027871886e+79
AMBER.NS,2023-09-07,2023-10-26,3043.35,3045,3135,3085.36,2938.6,0.386,73.2,40.36,1.326,61469804738276173692714619105242232700961704872411004143554199061870411776,-40.36,-2.4811181713141905e+75,-100.0,False,1,1,1,0,1,2,1.2157479039439534e+77
ASTERDM.NS,2023-09-07,2023-10-26,257.35,255,265,259.68,252.67,0.2715,71.3,4.68,1.82,52281820989055133155329501731965166395734443780488717732857479956328496496640,-4.68,-2.448675757120695e+77,-100.0,False,1,1,1,0,1,2,1.1998511209891407e+79
AROGRANITE.NS,2023-09-07,2023-10-26,57.55,60,65,61.54,51.45,0.5153,77.7,1.54,2.669,57739588629313363660244329587907225617149100424247661668179767869279098109952,-1.54,-8.86950448292177e+76,-100.0,False,1,1,1,1,1,3,4.3460571966316676e+78
AARTIDRUGS.NS,2023-09-08,2023-10-27,613.61,615,630,621.76,466.53,0.379,67.8,6.76,1.102,20243343029728683445079473124410471462105865520725627518516722286607728640,-6.76,-1.369291291596617e+74,-100.0,False,1,1,1,0,1,2,6.709527328823423e+75
3MINDIA.NS,2023-09-08,2023-10-27,31344.26,31345,32285,31767.89,28354.61,0.3274,78.4,422.89,1.349,1253751017916082360517200735652264469952674151068074172230902737839063040,-422.89,-5.302045129562841e+74,-100.0,False,1,1,1,0,1,2,2.598002113485792e+76
AIAENG.NS,2023-09-08,2023-10-27,3675.35,3675,3785,3723.76,3504.37,0.1875,64.2,48.76,1.327,21022446886667936914245077843897432871324299416548392255482403824580165632,-48.76,-1.0249973988913242e+75,-100.0,False,1,1,1,0,1,2,5.022487254567489e+76
ASTRAZEN.NS,2023-09-08,2023-10-27,4329.13,4330,4460,4387.37,4681.48,0.1882,72.4,57.37,1.325,6867226807408300306462984679576428103092070367816284406668538869378692677632,72.63,4.987471346823605e+77,126.59,True,1,1,1,0,1,2,2.0198364648718287e+79
ANDHRAPAP.NS,2023-09-11,2023-10-30,111.7,110,115,112.31,109.27,0.5325,88.4,2.31,2.065,6891818821336634873066948902888172336879366425855456442498256487544701059072,-2.31,-1.589361865679451e+76,-100.0,False,1,1,0,1,1,2,7.78787314182931e+77
360ONE.NS,2023-09-11,2023-10-30,529.13,530,545,536.71,498.54,0.3433,65.6,6.71,1.268,63710260298377254740437418205758768328606224495555182194854436096203292672,-6.71,-4.2746950081714037e+74,-100.0,False,1,1,1,1,1,3,2.094600554003988e+76
ASIANENE.NS,2023-09-11,2023-10-30,154.16,155,160,157.14,181.73,0.326,64.8,2.14,1.387,251886983620212226729187498251642316049945346396098218836229441074609975721984,2.86,7.207322066218822e+77,133.79,True,1,1,1,1,1,3,2.7655867780580824e+79
ANANTRAJ.NS,2023-09-11,2023-10-30,231.34,230,240,234.47,239.66,0.3763,82.9,4.47,1.934,985007680480681600692276601396772723598153894019853538999764014224916873216,5.19,5.112150500551153e+75,116.02,True,1,1,0,1,1,2,2.2543485778385968e+77
AIAENG.NS,2023-09-11,2023-10-30,3752.79,3755,3865,3803.69,3461.04,0.1993,71.9,48.69,1.297,20629496707736407047201761418103234377010548378303871133595264447550586880,-48.69,-1.0044974509134977e+75,-100.0,False,1,1,1,0,1,2,4.922037509476139e+76
ABB.NS,2023-09-11,2023-10-30,4540.98,4540,4675,4600.81,4001.58,0.27,68.7,60.81,1.339,2028768181281228606919692571084851631279820133891704042225375159422812160,-60.81,-1.2336554605636653e+74,-100.0,False,1,1,1,1,1,3,6.04491175676196e+75
ADFFOODS.NS,2023-09-11,2023-10-30,249.09,250,255,252.24,226.51,0.5259,74.7,2.24,0.899,922342142759509324375576669802640790819208063227122807746766133668782014464,-2.24,-2.0644495702110043e+75,-100.0,False,1,1,1,1,1,3,1.011580289403392e+77
ANDHRAPAP.NS,2023-09-13,2023-11-01,116.02,115,120,117.22,103.96,0.6183,79.9,2.22,1.917,7001857345044712898060428783762094871305733519978106688947305001745645568000,-2.22,-1.5575746283658618e+76,-100.0,False,1,1,1,1,1,3,7.632115678992723e+77
AJANTPHARM.NS,2023-09-13,2023-11-01,1764.28,1765,1815,1787.55,1770.39,0.2816,68.4,22.55,1.278,47606873872143953879763200293430889294245587957920986408786964818146885632,-17.16,-8.169961834422139e+74,-76.11,False,1,1,1,1,1,3,5.285708897955638e+76
ANTELOPUS.NS,2023-09-13,2023-11-01,393.4,395,405,399.43,449.8,0.3015,77.6,4.43,1.127,2804909931857249893891768996661099745088014838198222334036297578481778163712,5.57,1.5617781000751562e+76,125.63,True,1,1,1,1,1,3,6.371836968917984e+77
APARINDS.NS,2023-09-14,2023-11-02,5069.54,5070,5220,5137.54,5045.98,0.3079,57.4,67.54,1.332,874609597330477869284885228227579730407055425366107717004130555051315822592,-67.54,-5.906730273572908e+76,-100.0,False,1,1,1,1,1,3,2.8942978340507247e+78
ASHAPURMIN.NS,2023-09-14,2023-11-02,312.94,315,320,317.18,294.27,0.7363,78.1,2.18,0.695,76926238176691927142822060041894540591312473116075370910353150970639457189888,-2.18,-1.6741479554398197e+77,-100.0,False,1,1,1,1,1,3,8.203324981655117e+78
ANTELOPUS.NS,2023-09-14,2023-11-02,403.4,405,415,409.45,437.8,0.3088,78.7,4.45,1.103,2864323224749007282314478111678654574314622293167572749551459376714160799744,5.55,1.5899558309654104e+76,124.76,True,1,1,1,1,1,3,6.530832552014525e+77
ASTERDM.NS,2023-09-14,2023-11-02,257.88,260,265,262.19,249.95,0.2763,69.2,2.19,0.848,109718831252383579573441390550698560463055734102166220845890307803495270449152,-2.19,-2.3997022419782815e+77,-100.0,False,1,1,1,1,1,3,1.1758540985693579e+79
ASTRAMICRO.NS,2023-09-15,2023-11-03,425.7,425,440,431.64,458.75,0.5272,65.9,6.64,1.561,37733397251832688675273464771341685904490360337672563251123294761634018361344,8.36,3.152850182200526e+77,125.75,True,1,1,1,1,1,3,1.2851082046091939e+79
APARINDS.NS,2023-09-15,2023-11-03,5135.49,5135,5290,5204.7,5017.08,0.2939,58.3,69.7,1.357,830551193468448414735595146071527266945983905613893159174858091492708188160,-69.7,-5.7885956681014497e+76,-100.0,False,1,1,1,1,1,3,2.83641187736971e+78
ASTRAZEN.NS,2023-09-15,2023-11-03,4517.94,4520,4655,4580.18,4634.15,0.24,73.5,60.18,1.332,6712661806831317530153722245068701406686310407546860655285892925636229464064,53.97,3.623020627434368e+77,89.69,True,1,1,1,1,1,3,2.0560666711461723e+79
ASHAPURMIN.NS,2023-09-15,2023-11-03,324.88,325,335,329.35,301.76,0.7031,79.1,4.35,1.34,37694379146315413744436857306972863071523861830029464615971602351307697946624,-4.35,-1.6406649963310236e+77,-100.0,False,1,1,1,1,1,3,8.039258482022015e+78
ASTERDM.NS,2023-09-15,2023-11-03,258.26,260,265,262.2,257.43,0.227,63.6,2.2,0.851,107013638194958127678254860985053380733010346067138266282288442539391429115904,-2.2,-2.351708197138716e+77,-100.0,False,1,1,1,1,1,3,1.1523370165979707e+79
ANDHRAPAP.NS,2023-09-15,2023-11-03,117.24,115,120,117.32,107.68,0.6064,79.8,2.32,1.983,6566740645094710853063333760777229474391104197985155861276923050823646183424,-2.32,-1.5264231357985447e+76,-100.0,False,1,1,1,0,1,2,7.479473365412868e+77
ASIANENE.NS,2023-09-15,2023-11-03,161.74,160,165,162.4,190.46,0.3663,71.5,2.4,1.487,229997440198829287191610949444263731248258983456259499839478235389467763408896,2.6,5.968698453825299e+77,107.91,True,1,1,1,1,1,3,2.8252737625963355e+79
ARROWGREEN.NS,2023-09-15,2023-11-03,384.42,385,395,389.49,457.09,0.4551,80.1,4.49,1.167,16146671179728345702339318502752092610412075995925013933244808213991646035968,5.51,8.899941732667664e+76,122.81,True,1,1,0,1,1,2,3.712364140857018e+78
APARINDS.NS,2023-09-18,2023-11-06,5174.27,5175,5330,5244.6,5059.71,0.286,61.1,69.6,1.345,815105031514629316674868252885664090077965879425588115195389941273881214976,-69.6,-5.6728237547394205e+76,-100.0,False,1,1,1,0,1,2,2.779683639822316e+78
ANANDRATHI.NS,2023-09-18,2023-11-06,362.03,360,375,366.66,506.03,0.2011,63.4,6.66,1.841,178002640279449454173918165374002683915237523212923694055129318266215858176,8.34,1.48391983472241e+75,125.11,True,1,1,1,0,1,2,6.0789908308189e+76
AGI.NS,2023-09-18,2023-11-06,734.66,735,755,744.06,964.62,0.3253,52.9,9.06,1.233,115925436084548703747096978992683715291390526633378050293586043026427346944,10.94,1.2681111187870619e+75,120.73,True,1,1,0,1,1,2,5.378799126398267e+76
AROGRANITE.NS,2023-09-18,2023-11-06,57.6,60,65,61.64,48.25,0.636,64.2,1.64,2.848,52983249686803864472445440702664085066981877585171880329560518709247947571200,-1.64,-8.692114393263335e+76,-100.0,False,1,1,1,1,1,3,4.259136052699034e+78
ASTRAZEN.NS,2023-09-18,2023-11-06,4542.92,4545,4680,4605.2,4659.13,0.2366,72.7,60.2,1.325,6831108643583456438456365133332849869336492473682240978479271043205735383040,53.94,3.684403077560055e+77,89.6,True,1,1,1,0,1,2,2.092910701921773e+79
ASIANENE.NS,2023-09-18,2023-11-06,169.82,170,175,172.24,191.91,0.37,78.0,2.24,1.317,252639961585584247021828292695422059879630030684661433131756182595987960758272,2.76,6.981450554086541e+77,123.55,True,1,1,1,0,1,2,2.895088268137201e+79
AGI.NS,2023-09-20,2023-11-07,859.68,860,885,871.0,952.49,0.6412,75.4,11.0,1.279,97837698441675619092472512659782322369818581813235181110195902945297432576,14.0,1.3701826357622372e+75,127.37,True,1,1,1,1,1,3,5.51581738997449e+76
APARINDS.NS,2023-09-20,2023-11-07,5385.91,5385,5545,5457.16,5018.91,0.3154,72.4,72.16,1.34,770428987116297652438078581471830660891333589132162626924254116132440506368,-72.16,-5.559367279644632e+76,-100.0,False,1,1,1,1,1,3,2.7240899670258698e+78
ASIANENE.NS,2023-09-20,2023-11-07,178.29,180,185,182.13,187.22,0.3901,80.0,2.13,1.193,272293765509191219349264278770925226339966858387933712469585410353757857775616,2.87,7.82451173918516e+77,135.13,True,1,1,0,1,1,2,2.9733333855290526e+79
ANANDRATHI.NS,2023-09-20,2023-11-07,375.67,375,385,379.63,505.95,0.2322,70.1,4.63,1.234,262315775678883098798644850318966636740124099639689551946585556982423355392,5.37,1.407359590625051e+75,115.76,True,1,1,1,1,1,3,6.219726789881405e+76
AROGRANITE.NS,2023-09-20,2023-11-07,57.85,60,65,61.67,49.0,0.631,62.0,1.67,2.891,50927800898632289601087988895842898376265264551005712589195274681911357734912,-1.67,-8.518272105398069e+76,-100.0,False,1,1,1,0,1,2,4.1739533316450535e+78
ARENTERP.NS,2023-09-21,2023-11-08,58.55,60,65,61.83,36.25,1.001,87.3,1.83,3.117,59243115247007844136401135034035454658373352598933530443768129565828438818816,-1.83,-1.0813249698168134e+77,-100.0,False,1,1,0,1,1,2,5.298492352102386e+78
ANANDRATHI.NS,2023-09-21,2023-11-08,390.98,390,405,396.63,497.57,0.2642,77.9,6.63,1.696,187570353331352794495578027239828165807221099468435543378758689128747892736,8.37,1.5696099419940109e+75,126.18,True,1,1,1,0,1,2,6.376687784080805e+76
ARTEMISMED.NS,2023-09-21,2023-11-08,142.8,145,150,147.05,152.64,0.5799,66.1,2.05,1.433,48555750094626466794684170379882600278054307178549561753330601384260883447808,2.95,1.4341148733027824e+77,144.32,True,1,1,1,1,1,3,5.111774644472983e+78
AGI.NS,2023-09-21,2023-11-08,865.65,865,890,876.05,949.58,0.6404,76.3,11.05,1.276,99845767404120628138465426017932084953744203806426615573568689367221796864,13.95,1.3929807071081177e+75,126.27,True,1,1,1,1,1,3,5.655115460685302e+76
ASTRAZEN.NS,2023-09-22,2023-11-09,4552.81,4555,4690,4615.29,4879.38,0.2463,65.6,60.29,1.324,6943103041735499084130361601583694241680322912150680395989242933418634772480,74.71,5.187367702499378e+77,123.93,True,1,1,1,0,1,2,2.1447843789467666e+79
ARTEMISMED.NS,2023-09-22,2023-11-09,156.82,155,160,157.29,158.11,0.6454,72.2,2.29,1.46,44667157759195873417742991473627196779813006125172480774595767149929458302976,0.82,3.677208808071362e+76,35.97,True,1,1,1,1,1,3,5.148546732553697e+78
AGI.NS,2023-09-22,2023-11-09,872.6,875,900,885.92,960.68,0.6251,78.0,10.92,1.251,103568944014965096094660440873460909899275996626514210635369789071787294720,14.08,1.4582005082370669e+75,128.93,True,1,1,1,1,1,3,5.800935511509009e+76
ARTEMISMED.NS,2023-09-25,2023-11-10,157.62,160,165,162.06,160.1,0.6382,71.9,2.06,1.309,49904070272457819603732644906596321040365087734457627498463031498346126639104,-1.96,-9.796727794696748e+76,-95.14,False,1,1,1,1,1,3,5.050579454606729e+78
ASTRAZEN.NS,2023-09-25,2023-11-10,4562.04,4560,4700,4622.78,4621.44,0.2464,68.9,62.78,1.376,6832478485203128614017556273410468141570140288718999173691696577010741542912,-1.34,-9.176470341280065e+75,-2.14,False,1,1,1,0,1,2,2.1438667319126384e+79
AKSHOPTFBR.NS,2023-09-25,2023-11-10,12.8,15,20,15.43,10.2,0.6394,57.9,0.43,3.352,4647192205645895599912650684901522289009874428700611963446834687815293337600,-0.43,-1.9937854655342594e+75,-100.0,False,1,1,1,1,1,3,9.76954878111787e+76
AGI.NS,2023-09-25,2023-11-10,883.84,885,910,896.0,959.05,0.6208,78.8,11.0,1.244,105501624458768650172494831523206212199421725856509218132464839929565806592,14.0,1.4773535091674144e+75,127.34,True,1,1,1,0,1,2,5.94867086242575e+76
APARINDS.NS,2023-09-26,2023-11-13,5735.63,5735,5910,5813.5,5363.48,0.4084,74.7,78.5,1.369,694040072018732089407885264667774516067570028119355095692639211018216538112,-78.5,-5.44817993405174e+76,-100.0,False,1,1,1,1,1,3,2.6696081676853525e+78
AROGRANITE.NS,2023-09-26,2023-11-13,59.15,60,65,61.85,48.6,0.6151,54.8,1.85,3.131,45073811992514178202502868977936741165573305579562654431047452485400708251648,-1.85,-8.347906663290107e+76,-100.0,False,1,1,0,1,1,2,4.0904742650121525e+78
ASTRAMICRO.NS,2023-09-26,2023-11-13,431.77,430,445,436.72,533.91,0.5459,66.0,6.72,1.555,38273812214065053790654335497703400694997346346448981826540252207060111851520,8.28,3.1708554228913704e+77,123.37,True,1,1,1,0,1,2,1.3168167588381076e+79
AIRAN.NS,2023-09-26,2023-11-13,27.2,25,30,27.23,22.85,0.7093,71.2,2.23,8.189,551342692769248192434942722561071650986376824489190526255669145709280493568,-2.23,-1.2279976796167132e+75,-100.0,False,1,1,1,1,1,3,6.017188630121895e+76
AKSHOPTFBR.NS,2023-09-26,2023-11-13,13.15,15,20,15.53,10.2,0.6435,63.3,0.53,4.025,3691490190869301450234772241241447387728025704894511788090953918237909188608,-0.53,-1.953909756223574e+75,-100.0,False,1,1,1,0,1,2,9.574157805495513e+76
ANGELONE.NS,2023-09-27,2023-11-15,186.08,185,190,187.33,292.26,0.4484,60.8,2.33,1.252,6556885705799728386197742988832270611114041738426180505921134889602008481792,2.67,1.7504534454812044e+76,114.56,True,1,1,1,1,1,3,7.814992381641419e+77
AROGRANITE.NS,2023-09-27,2023-11-15,59.8,60,65,61.95,49.15,0.6074,61.5,1.95,3.254,42040997374795322031575600951773415324826472504548188916387920799518261510144,-1.95,-8.180948530024304e+76,-100.0,False,1,1,1,0,1,2,4.00866477971191e+78
ANTELOPUS.NS,2023-09-28,2023-11-16,407.45,405,420,411.89,460.45,0.321,73.5,6.89,1.69,1897115896060380887703294452448415290072710914428734263399538882719355240448,8.11,1.5395073336876663e+76,117.86,True,1,1,1,0,1,2,6.684783285383292e+77
20MICRONS.NS,2023-09-29,2023-11-17,131.29,130,135,132.3,168.43,0.4717,62.9,2.3,1.755,846,2.7,2280.78,117.01,True,1,1,1,0,1,2,99784.02
ASHOKA.NS,2023-09-29,2023-11-17,122.35,120,125,122.28,143.95,0.7204,59.2,2.28,1.867,136511105313630942854922503878083513423920080720526401371412440150770045681664,2.72,3.707670588443873e+77,118.92,True,1,1,1,1,1,3,1.596019044503276e+79
ANTELOPUS.NS,2023-09-29,2023-11-17,410.35,410,425,416.62,450.3,0.3075,71.1,6.62,1.613,2019599488352072970309247977128992903625684030034339687457135962082731098112,8.38,1.692442575451451e+76,126.59,True,1,1,1,0,1,2,6.854027542928437e+77
ARTEMISMED.NS,2023-09-29,2023-11-17,157.66,160,165,162.07,164.67,0.6454,69.4,2.07,1.31,48897555348411045803720264952757732638093659866562287118384698898213893046272,2.61,1.2749360505229014e+77,126.22,True,1,1,1,0,1,2,5.178073059659019e+78
ACCELYA.NS,2023-10-03,2023-11-20,1445.54,1445,1490,1465.21,1238.38,0.3118,68.9,20.21,1.398,113482931674783305892865145208993965144899214151960688679660273502712233984,-20.21,-2.2940551069953437e+75,-100.0,False,1,1,1,1,1,3,1.1240870024277184e+77
20MICRONS.NS,2023-10-03,2023-11-20,137.84,140,145,142.03,164.3,0.4914,68.2,2.03,1.469,985,2.97,2930.25,146.9,True,1,1,1,1,1,3,102714.27
ARVIND.NS,2023-10-03,2023-11-20,181.27,180,185,182.34,221.65,0.461,62.4,2.34,1.288,46841427033452968584018502428956161466131246139819032233242736858097172611072,2.66,1.2480622613918345e+77,114.08,True,1,1,1,1,1,3,5.594851677543253e+78
ASIANENE.NS,2023-10-03,2023-11-20,185.67,185,190,187.28,176.95,0.5162,70.0,2.28,1.229,260570396240113508586937612263914323499795017423251501705429740233391945547776,-2.28,-5.946666771058106e+77,-100.0,False,1,1,1,0,1,2,2.9138667178184715e+79
20MICRONS.NS,2023-10-04,2023-11-21,144.72,145,150,147.19,166.07,0.4913,82.4,2.19,1.51,939,2.81,2642.86,128.79,True,1,1,0,1,1,2,105357.12
ASHOKA.NS,2023-10-04,2023-11-21,123.9,125,130,127.07,144.75,0.7245,78.7,2.07,1.672,154074973367313096892835379180909496175041658271255892519427999754911892897792,2.93,4.5117105793591023e+77,141.34,True,1,1,1,0,1,2,1.6411361502968672e+79
ASIANENE.NS,2023-10-04,2023-11-21,185.87,185,190,187.3,169.32,0.5082,75.4,2.3,1.236,253768865145081469522632632490198135022528547589272642384737482950611174424576,-2.3,-5.827733435636943e+77,-100.0,False,1,1,1,1,1,3,2.855589383462102e+79
ANANDRATHI.NS,2023-10-04,2023-11-21,438.04,440,450,444.47,564.73,0.3231,90.8,4.47,1.02,285417302883406121525182503077307143631219378931384614775566398273485799424,5.53,1.5788354720179002e+75,123.8,True,1,1,0,1,1,2,6.534571331282595e+76
AHLADA.NS,2023-10-04,2023-11-21,115.39,115,120,117.17,116.97,0.6359,86.1,2.17,1.882,501057955476433558310692472220895405447104568668007724609288411084344000512,-0.2,-1.013442296229204e+74,-9.31,False,1,1,0,1,1,2,5.4304815372801004e+76
ADVANIHOTR.NS,2023-10-04,2023-11-21,43.72,45,50,46.22,49.63,0.3233,73.7,1.22,2.788,1038785566079619424059720747427813860694648767435757938599979505364888453120,3.41,3.541930664072413e+75,279.73,True,1,1,1,1,1,3,6.685100241453594e+76
APOLLO.NS,2023-10-04,2023-11-21,65.02,65,70,67.0,138.82,0.602,77.7,2.0,3.083,37383195092733289389825172568157999921781476914556549152081913947639661985792,3.0,1.1199286148891691e+77,149.48,True,1,1,1,1,1,3,3.858148560226394e+78
ASHOKA.NS,2023-10-05,2023-11-22,127.35,125,130,127.31,141.35,0.6577,79.6,2.31,1.815,142021866962057815792263301299940433369880660445617689624354336445546555768832,2.69,3.818821047509156e+77,116.35,True,1,1,1,0,1,2,1.6793243607719587e+79
ADVANIHOTR.NS,2023-10-05,2023-11-22,44.52,45,50,46.48,49.03,0.327,75.2,1.48,3.324,903429776758514386137412054884799151240779878766332157205379538258168381440,2.55,2.3066406095721888e+75,172.52,True,1,1,1,1,1,3,6.915764302410812e+76
ALBERTDAVD.NS,2023-10-05,2023-11-22,823.04,825,850,836.03,911.84,0.327,76.0,11.03,1.341,201444054963041411253650028607098485044130487797704403550386304047948759040,13.97,2.813583274033911e+75,126.59,True,1,1,1,1,1,3,1.1393948827614013e+77
ANGELONE.NS,2023-10-05,2023-11-22,190.44,190,195,192.28,285.06,0.4831,68.9,2.28,1.198,6852220007046549078462952342597107677673304945703544465175583822436743774208,2.72,1.863111527194991e+76,119.2,True,1,1,1,1,1,3,8.001303534360918e+77
ASTRAMICRO.NS,2023-10-05,2023-11-22,435.9,435,450,441.66,554.87,0.5405,68.2,6.66,1.528,39530247058673549768318726008899401487700560094477045138908185865548092932096,8.34,3.2959035411248176e+77,125.15,True,1,1,1,0,1,2,1.3497757942493557e+79
AGI.NS,2023-10-05,2023-11-22,916.0,915,945,928.21,977.99,0.6166,90.2,13.21,1.442,90048917306013146820148033732239970171553667074413689413722259328015007744,16.79,1.5117333466952444e+75,127.06,True,1,1,0,1,1,2,6.099844197095274e+76
20MICRONS.NS,2023-10-05,2023-11-22,151.96,150,155,152.36,167.6,0.4916,84.1,2.36,1.554,892,2.64,2354.12,111.79,True,1,1,0,1,1,2,107711.24
APOLLO.NS,2023-10-05,2023-11-22,69.16,70,75,71.92,131.88,0.6256,81.2,1.92,2.779,40150952071708420552783019529829888648124619801572572566991037881639235485696,3.08,1.2359178915401423e+77,160.17,True,1,1,0,1,1,2,3.981740349380408e+78
ANANTRAJ.NS,2023-10-05,2023-11-22,234.98,235,240,237.29,254.27,0.4455,65.2,2.29,0.975,1967015370035303390155760014580996647923342652170745196249621632680604991488,2.71,5.326379694499323e+75,118.14,True,1,1,1,1,1,3,2.30761237478359e+77
ALBERTDAVD.NS,2023-10-06,2023-11-23,827.37,825,850,836.48,940.58,0.327,74.6,11.48,1.388,198474458707756683859079068757310716865821768457090556816656664027430125568,13.52,2.6830717021711146e+75,117.74,True,1,1,1,1,1,3,1.1662255997831124e+77
ABREL.NS,2023-10-06,2023-11-23,1118.23,1120,1150,1133.4,1189.87,0.4786,58.8,13.4,1.199,98699150958196342706035930563773388702674818524701694353235548150203154432,16.6,1.6379720053668872e+75,123.81,True,1,1,1,0,1,2,6.778809817431703e+76
ARROWGREEN.NS,2023-10-06,2023-11-23,397.06,395,410,401.68,446.79,0.5738,59.6,6.68,1.683,11111451054686078038037238089665047836772931613808976868982364374003431243776,8.32,9.24244830031508e+76,124.48,True,1,1,1,0,1,2,3.804788623860169e+78
AROGRANITE.NS,2023-10-06,2023-11-23,62.5,60,65,62.35,48.6,0.5992,75.8,2.35,3.761,34107280501372922829642327471094679155013388204128845317034293158574829862912,-2.35,-8.01732955942382e+76,-100.0,False,1,1,1,1,1,3,3.9284914841176716e+78
ASIANENE.NS,2023-10-06,2023-11-23,189.36,190,195,192.21,170.72,0.5192,72.2,2.21,1.167,258458727823342981308886061820945805431843825377005759086848632076599969185792,-2.21,-5.711178766924204e+77,-100.0,False,1,1,1,0,1,2,2.79847759579286e+79
ASTRAMICRO.NS,2023-10-06,2023-11-23,444.26,445,460,451.56,553.43,0.542,70.4,6.56,1.476,41163875799963874927339806912977910608798248591200041015506138735626915151872,8.44,3.4750297814958695e+77,128.73,True,1,1,1,0,1,2,1.3845260920643144e+79
AHLADA.NS,2023-10-06,2023-11-23,118.17,120,125,122.01,115.67,0.7882,72.5,2.01,1.702,539934185917678171946645881572605026413795456122429628472574236439779213312,-2.01,-1.0860963074560201e+75,-100.0,False,1,1,1,1,1,3,5.321871906534498e+76
ACCELYA.NS,2023-10-06,2023-11-23,1475.98,1475,1520,1495.31,1207.24,0.3337,75.8,20.31,1.376,110688365336150548046202630852048014228332817221469481634090322207321358336,-20.31,-2.248174004855437e+75,-100.0,False,1,1,1,1,1,3,1.101605262379164e+77
20MICRONS.NS,2023-10-06,2023-11-23,155.1,155,160,157.23,175.81,0.4721,83.9,2.23,1.438,965,2.77,2672.84,124.19,True,1,1,0,1,1,2,110384.08
ASTRAZEN.NS,2023-10-06,2023-11-23,4694.14,4695,4835,4757.95,4615.98,0.3242,69.7,62.95,1.341,6811683954692963844821021102275440591713731713757617411403812123089938939904,-62.95,-4.287733463825277e+77,-100.0,False,1,1,1,1,1,3,2.1009893972743855e+79
ARROWGREEN.NS,2023-10-09,2023-11-24,411.52,410,425,416.65,440.9,0.5823,58.7,6.65,1.616,11439380207782930788906657027561196480818828113948016953365050051956052066304,8.35,9.549493063954057e+76,125.49,True,1,1,1,1,1,3,3.900283554499709e+78
ANGELONE.NS,2023-10-09,2023-11-24,195.34,195,200,197.28,293.02,0.4901,63.2,2.28,1.165,7030647078698289458228229922294399845883555625399210875444744421022604722176,2.72,1.915062832476961e+76,119.67,True,1,1,1,1,1,3,8.192809817608614e+77
ARIHANTCAP.NS,2023-10-09,2023-11-24,75.61,75,80,77.12,72.73,0.4179,61.4,2.12,2.799,43001488881729528888420073144846504004400537823803959959673409111991819173888,-2.12,-9.101488481063718e+76,-100.0,False,1,1,1,1,1,3,4.459729355721222e+78
ANANDRATHI.NS,2023-10-09,2023-11-24,465.69,465,480,471.77,621.23,0.3212,91.4,6.77,1.453,193083921886030513457631123164016403336286902949005378842809926082266923008,8.23,1.5893445620339388e+75,121.61,True,1,1,0,1,1,2,6.693505787485989e+76
ADVANIHOTR.NS,2023-10-09,2023-11-24,46.74,45,50,47.24,48.8,0.3688,77.3,2.24,4.798,616674564203298606658659132398112867281111100155719699867872318554743242752,1.56,9.627506339207719e+74,69.61,True,1,1,1,1,1,3,7.012039365802889e+76
ACCELYA.NS,2023-10-09,2023-11-24,1501.07,1500,1545,1520.35,1209.3,0.3366,78.4,20.35,1.356,108243954004319868659177717155677853115548658549211797958730843196143697920,-20.35,-2.203210524758328e+75,-100.0,False,1,1,1,1,1,3,1.0795731571315807e+77
AHLADA.NS,2023-10-09,2023-11-24,121.91,120,125,122.23,113.08,0.7805,76.1,2.23,1.832,476584533835757837387391253605033278737597626031603539516160772763677622272,-2.23,-1.0643743813068997e+75,-100.0,False,1,1,1,1,1,3,5.215434468403808e+76
ASHOKA.NS,2023-10-10,2023-11-28,132.65,135,140,137.02,136.35,0.647,81.9,2.02,1.521,166470627035288751717697038483728656781992233301985884993993642918187045486592,-0.67,-1.1112850960067871e+77,-33.09,False,1,1,0,1,1,2,1.668211509811891e+79
ANGELONE.NS,2023-10-10,2023-11-28,198.34,200,205,202.17,295.56,0.4863,64.9,2.17,1.092,7567701196914964101273645478110116502744881587625503230952072318723777626112,2.83,2.1452886349357594e+76,130.93,True,1,1,1,1,1,3,8.407338681102189e+77
ALBERTDAVD.NS,2023-10-10,2023-11-28,838.71,840,865,851.13,1046.93,0.3489,74.3,11.13,1.327,209499077883281255389481819289085960034923639528859846277202943289380044800,13.87,2.905025747515807e+75,124.55,True,1,1,1,0,1,2,1.1952758572582705e+77
ADVANIHOTR.NS,2023-10-10,2023-11-28,47.61,50,55,51.15,48.39,0.3715,79.1,1.15,2.413,1220841382389259409786468061537612853497534152733770570617106200502420373504,-1.15,-1.4024078731605777e+75,-100.0,False,1,1,1,1,1,3,6.871798578486831e+76
ABREL.NS,2023-10-10,2023-11-28,1141.31,1140,1175,1155.67,1227.54,0.5063,65.2,15.67,1.373,86545155858838929878087513957210780318632241586363336393570633388902055936,19.33,1.6733184915730218e+75,123.42,True,1,1,1,1,1,3,6.946141666589005e+76
AHLADA.NS,2023-10-10,2023-11-28,122.63,125,130,126.99,112.94,0.7808,76.1,1.99,1.624,523757824493165556933260655254750382680162042933380836112195086643357548544,-1.99,-1.0430868936807616e+75,-100.0,False,1,1,1,1,1,3,5.1111257790357317e+76
ARIHANTCAP.NS,2023-10-10,2023-11-28,77.93,80,85,81.71,72.19,0.4233,71.1,1.71,2.194,52166523764055067845215934659307277757024391164822554015053062773386353049600,-1.71,-8.919458711442444e+76,-100.0,False,1,1,1,0,1,2,4.370534768606797e+78
AJMERA.NS,2023-10-10,2023-11-28,83.7,85,90,86.95,87.98,0.6312,66.3,1.95,2.324,617155933802944914510908572377106968487082940552667953390961480550802522112,1.03,6.371204028650271e+74,53.06,True,1,1,1,1,1,3,6.06729311761707e+76
ASTRAZEN.NS,2023-10-10,2023-11-28,4720.91,4720,4865,4785.17,4712.52,0.3302,60.5,65.17,1.38,6448142324845582362929908836524457636234069288831191125294617601410137587712,-65.17,-4.201978794548771e+77,-100.0,False,1,1,1,0,1,2,2.0589696093288977e+79
AROGRANITE.NS,2023-10-10,2023-11-28,63.2,65,70,66.75,48.5,0.5916,65.6,1.75,2.765,44960339004829991985829548970294449245720714122698345281429944400679559757824,-1.75,-7.856982968235343e+76,-100.0,False,1,1,1,0,1,2,3.849921654435318e+78
ANDHRAPAP.NS,2023-10-11,2023-11-29,123.72,125,130,127.06,109.01,0.4795,65.6,2.06,1.664,7265476957996494850831303376362153278875399568160579987789829058033801494528,-2.06,-1.4958946730825737e+76,-100.0,False,1,1,1,1,1,3,7.329883898104611e+77
ANGELONE.NS,2023-10-11,2023-11-29,201.31,200,205,202.34,297.37,0.4874,74.1,2.34,1.16,7199561450645927341132923249424903989210489694767380295596022021848561614848,2.66,1.9183129891025255e+76,114.09,True,1,1,1,0,1,2,8.599169980012442e+77
AROGRANITE.NS,2023-10-11,2023-11-29,64.0,65,70,66.85,48.45,0.5769,66.6,1.85,2.897,41522404185205982417392334851704592364883232251727495340698635564999952564224,-1.85,-7.699843308870636e+76,-100.0,False,1,1,1,1,1,3,3.772923221346612e+78
ARCHIDPLY.NS,2023-10-11,2023-11-29,84.1,85,90,86.98,82.7,0.5905,84.3,1.98,2.356,57594804862525795695239347376954488436814359254495013184733841868816562257920,-1.98,-1.1412004503473237e+77,-100.0,False,1,1,0,1,1,2,5.591882206701886e+78
ABREL.NS,2023-10-11,2023-11-29,1166.94,1165,1200,1180.73,1242.96,0.5059,71.6,15.73,1.348,88315312623810526489114079741499959603978981787490925506306178611129876480,19.27,1.7018076085155674e+75,122.5,True,1,1,1,0,1,2,7.116322427440562e+76
ASTRAMICRO.NS,2023-10-11,2023-11-29,460.39,460,475,466.69,553.23,0.4673,77.1,6.69,1.454,41369694650620018158849270496384047627877311571725811241210893757943614799872,8.31,3.4364020134643733e+77,124.1,True,1,1,1,0,1,2,1.4188901121989582e+79
ASHIANA.NS,2023-10-11,2023-11-29,220.09,220,225,222.29,251.24,0.4595,71.4,2.29,1.039,92820553991512077992556006441608333138584358720029046592185142497462886334464,2.71,2.519361538735748e+77,118.74,True,1,1,1,1,1,3,1.0860266958072853e+79
ALBERTDAVD.NS,2023-10-11,2023-11-29,848.71,850,875,861.15,1047.23,0.347,80.4,11.15,1.314,214422800280387621562629229443655896803847784850951516164087224732603121664,13.85,2.97001829249315e+75,124.24,True,1,1,0,1,1,2,1.224976040183202e+77
APLLTD.NS,2023-10-11,2023-11-29,792.45,790,815,801.46,703.56,0.2984,60.7,11.46,1.446,3322191602499389501653637330191268666572348820262872614756622077784116690944,-11.46,-3.8065266385259895e+76,-100.0,False,1,1,1,1,1,3,1.8651980528777347e+78
ASIANTILES.NS,2023-10-11,2023-11-29,74.45,75,80,76.98,75.8,0.6621,74.8,1.98,2.666,291777438510615701722444319881477807275158434657400954434039492480017037787136,-1.18,-3.4571484403907593e+77,-59.69,False,1,1,1,1,1,3,2.8611169420043218e+79
ANTELOPUS.NS,2023-10-12,2023-11-30,426.85,425,440,431.83,489.85,0.3657,75.6,6.83,1.599,2007961894173129998981926386299822305639220124534661561556237064705383858176,8.17,1.6411373326740075e+76,119.72,True,1,1,1,1,1,3,7.018141276195837e+77
ASIANTILES.NS,2023-10-12,2023-11-30,74.55,75,80,76.99,74.4,0.6162,74.5,1.99,2.673,287148018231246065664657685322147130922335983851172310048348778262887915323392,-1.99,-5.722233884008644e+77,-100.0,False,1,1,1,1,1,3,2.8038946031642354e+79
ACCELYA.NS,2023-10-12,2023-11-30,1504.72,1505,1550,1525.21,1211.76,0.2921,77.5,20.21,1.343,106847648937600854846743574518431903026184639727841232004127816290242920448,-20.21,-2.1591463142631614e+75,-100.0,False,1,1,1,0,1,2,1.0579816939889491e+77
ANDHRAPAP.NS,2023-10-12,2023-11-30,125.68,125,130,127.25,109.42,0.4369,70.0,2.25,1.789,6520937461050910542800992740706458553837521334656823430679986669120898727936,-2.25,-1.4659767796209224e+76,-100.0,False,1,1,1,0,1,2,7.183286220142519e+77
ASHIANA.NS,2023-10-12,2023-11-30,223.09,225,230,227.18,249.17,0.4543,73.1,2.18,0.977,99614149667535212946190944410555316209241618300546500171220052045606997196800,2.82,2.80865409176219e+77,129.31,True,1,1,1,1,1,3,1.1141132367249072e+79
ASALCBR.NS,2023-10-12,2023-11-30,501.08,500,515,506.84,452.75,0.3834,76.5,6.84,1.364,17161369175793358614155269037733573352693126667189904183265315719184839081984,-6.84,-1.1732441652635736e+77,-100.0,False,1,1,1,1,1,3,5.74889640979151e+78
ABREL.NS,2023-10-12,2023-11-30,1173.55,1175,1210,1190.57,1257.54,0.4524,74.3,15.57,1.327,91392556601151098164534401957306491400599950953588440145894460880796516352,19.43,1.775474995552176e+75,124.75,True,1,1,1,0,1,2,7.293869926995779e+76
ANGELONE.NS,2023-10-12,2023-11-30,201.75,200,210,204.46,295.35,0.4217,72.9,4.46,2.211,3855694764180754144169354881350068397706990525036712794086958019632317857792,5.54,2.1358607681782657e+76,124.19,True,1,1,1,0,1,2,8.812756056830269e+77
ASIANTILES.NS,2023-10-13,2023-12-01,75.55,75,80,77.11,73.65,0.6086,75.0,2.11,2.796,265519372571218933587104506041262649927480929048560076792923953663186042880000,-2.11,-5.607789206328471e+77,-100.0,False,1,1,1,1,1,3,2.7478167111009508e+79
ASHIANA.NS,2023-10-13,2023-12-01,226.73,225,235,229.49,252.96,0.4491,71.2,4.49,1.982,49575910441805948317443282869041261149288083722553054824812424756927672614912,5.51,2.729364570730781e+77,122.49,True,1,1,1,1,1,3,1.141406882432215e+79
ANTELOPUS.NS,2023-10-13,2023-12-01,447.3,445,460,451.9,510.05,0.3603,79.7,6.9,1.543,2033437553897964601359511816322416336141145191220474433467417761662900371456,8.1,1.6465280756077794e+76,117.31,True,1,1,1,1,1,3,7.182794083756615e+77
ABREL.NS,2023-10-13,2023-12-01,1179.27,1180,1215,1195.65,1271.27,0.4375,68.3,15.65,1.327,93234377454390510936939825609786262406322972279615752638279745896961802240,19.35,1.8044292255045121e+75,123.69,True,1,1,1,0,1,2,7.474312849546231e+76
ABSLAMC.NS,2023-10-13,2023-12-01,437.76,440,450,444.32,427.88,0.1814,85.6,4.32,0.987,528389322544927510507695260416148744747510297511137109653807159593687580672,-4.32,-2.2826652646166856e+75,-100.0,False,1,1,0,1,1,2,1.118505979662176e+77
AGI.NS,2023-10-13,2023-12-01,1052.41,1050,1085,1065.21,936.37,0.7579,75.8,15.21,1.445,80231669014469682251249609240938654485523337285377865214365534153401696256,-15.21,-1.2199688394190548e+75,-100.0,False,1,1,1,1,1,3,5.977847313153369e+76
ANANTRAJ.NS,2023-10-16,2023-12-04,239.02,240,245,242.25,267.44,0.3789,69.0,2.25,0.943,2048198111721245928977833979634286022401468923641971097468229961591268835328,2.75,5.625765809039049e+75,121.9,True,1,1,1,0,1,2,2.3638700328739804e+77
ALPHAGEO.NS,2023-10-16,2023-12-04,296.36,295,305,299.6,261.72,0.3027,73.1,4.6,1.551,557342986805726121291883410639273491140059709635684942205593442412507693056,-4.6,-2.5624371115961598e+75,-100.0,False,1,1,1,1,1,3,1.2555941846821182e+77
360ONE.NS,2023-10-16,2023-12-04,532.21,530,550,539.03,584.08,0.3243,67.1,9.03,1.696,46408485256727858970520609212991214500675968298700287300755395931560476672,10.97,5.092495943337595e+74,121.56,True,1,1,1,0,1,2,2.145525513437364e+76
ANTELOPUS.NS,2023-10-16,2023-12-04,463.45,465,475,469.52,509.15,0.3692,82.4,4.52,0.976,3176999832403332928653485048260348215761405233153488658945413246794128687104,5.48,1.74044101565201e+76,121.15,True,1,1,0,1,1,2,7.356838185321816e+77
ARVIND.NS,2023-10-16,2023-12-04,186.49,185,190,187.36,220.38,0.4394,71.4,2.36,1.266,47383163994367745349824409678651324690235330201923426896067735453335021420544,2.64,1.2501878642097368e+77,111.73,True,1,1,1,1,1,3,5.7198704639642264e+78
ADVANIHOTR.NS,2023-10-16,2023-12-04,48.6,50,55,51.35,49.08,0.3519,85.3,1.35,2.786,1015182164587285617509676998160041959872782936780560851992070378275760766976,-1.35,-1.3743597156973662e+75,-100.0,False,1,1,0,1,1,2,6.734362606917094e+76
ABREL.NS,2023-10-16,2023-12-04,1181.07,1180,1215,1195.78,1316.2,0.4358,68.7,15.78,1.336,94706857086048477920307588871497395892946141544023960105489295103072665600,19.22,1.8198774281024503e+75,121.74,True,1,1,1,0,1,2,7.656300592356475e+76
ASHIANA.NS,2023-10-16,2023-12-04,228.31,230,235,232.2,256.51,0.4461,73.5,2.2,0.963,103866439615373567863192208902062625313040604270862910791442402126582874374144,2.8,2.9105082159042484e+77,127.5,True,1,1,1,0,1,2,1.1705119645912574e+79
ASIANTILES.NS,2023-10-16,2023-12-04,78.35,80,85,81.88,73.15,0.6163,79.8,1.88,2.4,292295123739502836215370435746413591376806882961722131118416069348729924091904,-1.88,-5.495633422201902e+77,-100.0,False,1,1,1,1,1,3,2.6928603768789317e+79
ADL.NS,2023-10-16,2023-12-04,84.35,85,90,86.98,86.05,0.4591,65.1,1.98,2.346,917213686126287536432366211512008793013178052716742161792154266766770438144,-0.93,-8.518017213325128e+74,-46.93,False,1,1,1,0,1,2,8.989214282262485e+76
ARCHIDPLY.NS,2023-10-17,2023-12-05,90.45,90,95,92.13,79.05,0.6677,83.9,2.13,2.355,52500662168425759780452498076322008004920561461891246727812900286350277738496,-2.13,-1.1183764413403772e+77,-100.0,False,1,1,0,1,1,2,5.480044562567848e+78
ASHAPURMIN.NS,2023-10-17,2023-12-05,328.42,330,340,334.36,416.78,0.4179,63.9,4.36,1.326,36917646407267875802308498563546723443749925185555940320656537618289522638848,5.64,2.0839129443223845e+77,129.61,True,1,1,1,0,1,2,8.247649776454253e+78
ASIANENE.NS,2023-10-17,2023-12-05,190.11,190,195,192.25,239.97,0.5199,72.3,2.25,1.185,248538845722127413974406034134828585949222502461370769188349272556958663049216,2.75,6.829987094520651e+77,122.03,True,1,1,1,0,1,2,2.8667774667380665e+79
ASIANTILES.NS,2023-10-17,2023-12-05,79.05,80,85,81.96,73.45,0.6136,80.1,1.96,2.476,275131295373452898340578352866804399432565256369768248876405864757993232400384,-1.96,-5.385720753757864e+77,-100.0,False,1,1,0,1,1,2,2.6390031693413532e+79
ASHIANA.NS,2023-10-17,2023-12-05,230.87,230,240,234.41,256.9,0.4458,72.6,4.41,1.91,53088587986114539424706843127286555185546476301349861016904201845419618074624,5.59,2.967834869428939e+77,126.78,True,1,1,1,1,1,3,1.2001903132855468e+79
AJMERA.NS,2023-10-17,2023-12-05,85.42,85,90,87.12,85.38,0.6222,74.1,2.12,2.486,571504991206507219897200174808620671431132967100000424390375043810912632832,-1.75,-9.99039606131666e+74,-82.33,False,1,1,1,1,1,3,5.967389157003903e+76
ABREL.NS,2023-10-17,2023-12-05,1189.18,1190,1225,1205.66,1324.01,0.4303,73.5,15.66,1.317,97801139391157812734397983035918713977081426402038227295400944693218902016,19.34,1.8917797602192283e+75,123.54,True,1,1,1,0,1,2,7.845478568378398e+76
ARVIND.NS,2023-10-17,2023-12-05,187.86,190,195,192.12,218.33,0.4148,70.2,2.12,1.126,54060331758461333698690218539759331127048279133846525407815331661936041394176,2.88,1.5590424951302213e+77,136.28,True,1,1,1,0,1,2,5.875774713477249e+78
ASTRAZEN.NS,2023-10-17,2023-12-05,4731.54,4730,4875,4795.12,4799.97,0.2722,74.1,65.12,1.376,6323635175180926043850437552894139721396936850476476376242191839342312292352,4.85,3.06938039225397e+76,7.45,True,1,1,1,0,1,2,2.0620389897211515e+79
ASIANENE.NS,2023-10-18,2023-12-06,198.04,200,205,202.15,249.99,0.5124,75.1,2.15,1.084,267014939353635975220190863924683936286559945229651778542812981317191008780288,2.85,7.617192034205667e+77,132.85,True,1,1,1,1,1,3,2.9429493870801233e+79
APLLTD.NS,2023-10-18,2023-12-06,797.05,795,820,806.42,748.4,0.2752,69.7,11.42,1.433,3266807858325315983949510983865807838471548404561400392908211715930727645184,-11.42,-3.730396105755469e+76,-100.0,False,1,1,1,0,1,2,1.82789409182018e+78
ASHAPURMIN.NS,2023-10-18,2023-12-06,333.11,335,345,339.33,437.59,0.3841,69.6,4.33,1.301,38071162740694897047818787148625014886262567130610738172972634586749830430720,5.67,2.157586318778639e+77,130.8,True,1,1,1,0,1,2,8.463408408332116e+78
APOLLO.NS,2023-10-18,2023-12-06,72.11,70,75,72.3,117.2,0.6075,73.3,2.3,3.184,34687241635752688434492697937046147537309880914319009001783427565939492651008,2.7,9.380140119115528e+76,117.79,True,1,1,1,1,1,3,4.0755417505715635e+78
ANGELONE.NS,2023-10-18,2023-12-06,206.89,205,215,209.49,302.56,0.3975,70.0,4.49,2.172,3921704722747455742769875503179893577596959587902453668253574343868479963136,5.51,2.159153511381402e+76,122.5,True,1,1,1,0,1,2,9.028671407968409e+77
ASTRAMICRO.NS,2023-10-18,2023-12-06,476.52,475,490,481.85,614.55,0.3875,68.8,6.85,1.437,41452548190260713365426518200985927317977211563307815464200355911343500427264,8.15,3.3801020041411905e+77,119.11,True,1,1,1,1,1,3,1.45269113224037e+79
ASIANTILES.NS,2023-10-18,2023-12-06,79.6,80,85,82.02,74.1,0.6046,81.4,2.02,2.536,261491318463213067187724434578973213223299372456686229838329396704510073634816,-2.02,-5.278006338682707e+77,-100.0,False,1,1,0,1,1,2,2.586223105954526e+79
ARTEMISMED.NS,2023-10-18,2023-12-06,158.96,160,165,162.15,168.4,0.4885,60.9,2.15,1.353,48147718709550503858640211782160068677356736526327475532915005553807145828352,2.85,1.3717713235457212e+77,132.46,True,1,1,1,1,1,3,5.3152501920135914e+78
ANANTRAJ.NS,2023-10-18,2023-12-06,239.26,240,245,242.27,269.43,0.3791,64.8,2.27,0.948,2083911878550157553689631388342207511080511630357178151690514549415228735488,2.73,5.691819327002826e+75,120.39,True,1,1,1,0,1,2,2.4207882261440085e+77
ARCHIDPLY.NS,2023-10-18,2023-12-06,95.85,95,100,97.17,78.1,0.6769,88.4,2.17,2.266,50454551929940865709666791681095321925785832479940218242251055904057548865536,-2.17,-1.0960089125135696e+77,-100.0,False,1,1,0,1,1,2,5.370443671316491e+78
ADL.NS,2023-10-18,2023-12-06,86.6,85,90,87.29,89.3,0.4608,75.4,2.29,2.649,783572015885549859075173521655048865079032945692498546136199541834171547648,2.01,1.5715192031273884e+75,87.41,True,1,1,1,0,1,2,9.146366202575224e+76
ALEMBICLTD.NS,2023-10-19,2023-12-07,84.89,85,90,87.0,88.89,0.3313,76.7,2.0,2.354,1238327035572202917570421552600500104286061231989369591356157745744278716416,1.89,2.337270228530265e+75,94.46,True,1,1,1,1,1,3,1.2604820555460522e+77
AARON.NS,2023-10-19,2023-12-07,144.12,145,150,147.11,137.9,0.3405,80.5,2.11,1.467,88685875567367383262548145490257558260844701186097667968986210460065857536,-2.11,-1.8750747949565286e+74,-100.0,False,1,1,0,1,1,2,9.18786649528699e+75
ASTRAMICRO.NS,2023-10-19,2023-12-07,488.22,490,505,496.57,606.29,0.3642,76.2,6.57,1.345,44254023784255301677999138829169550213188970541223659208009604372926308548608,8.43,3.7327213031575546e+77,128.48,True,1,1,1,0,1,2,1.4900183452719457e+79
ASHAPURMIN.NS,2023-10-19,2023-12-07,333.66,335,345,339.38,459.46,0.3779,69.4,4.38,1.313,38649223487887757873143315207966116191007052635778857392433792507671237099520,5.62,2.1722406671223525e+77,128.33,True,1,1,1,0,1,2,8.68063247504435e+78
ABAN.NS,2023-10-19,2023-12-07,63.9,65,70,66.88,51.7,0.7266,83.8,1.88,2.939,56023680441727536935535187551221264530612868293829157160870831750377373696,-1.88,-1.0522311207404499e+74,-100.0,False,1,1,0,1,1,2,5.1559324916282045e+75
ASIANENE.NS,2023-10-19,2023-12-07,199.09,200,205,202.21,247.2,0.489,72.6,2.21,1.109,266578462990116128441066447826622913947955894049981139595656722980988633743360,2.79,7.44302437534556e+77,126.46,True,1,1,1,1,1,3,3.0173796308335786e+79
ALBERTDAVD.NS,2023-10-19,2023-12-07,850.14,850,875,861.29,1013.52,0.324,72.7,11.29,1.328,217047853488639098099845244573631629195007868170849048404855496626065637376,13.71,2.9762442568495734e+75,121.48,True,1,1,1,0,1,2,1.254738482751698e+77
APOLLO.NS,2023-10-19,2023-12-07,76.75,75,80,77.25,122.59,0.6233,78.5,2.25,2.933,36210503665627691670028818478394895444793046985416785067237565123227602124800,2.75,9.954168331670718e+76,122.12,True,1,1,1,1,1,3,4.17508343388827e+78
ADL.NS,2023-10-19,2023-12-07,89.55,90,95,92.02,91.8,0.4344,76.8,2.02,2.257,905213131329090013538471275353508833266038723386061175364894809667709960192,-0.22,-1.998868416314373e+74,-10.93,False,1,1,1,0,1,2,9.126377518412081e+76
ARTEMISMED.NS,2023-10-19,2023-12-07,161.54,160,165,162.34,167.75,0.4869,57.3,2.34,1.446,45507921798786082352343675087175619309826617117487403028425060423522832089088,2.66,1.2123460515365858e+77,114.04,True,1,1,1,0,1,2,5.43648479716725e+78
ARROWGREEN.NS,2023-10-19,2023-12-07,427.22,425,440,431.48,432.82,0.8456,66.4,6.48,1.517,12038876216262999475042299524223070440394416270219816204203663626055742128128,1.34,1.6153124990364058e+76,20.71,True,1,1,1,1,1,3,3.916436679490073e+78
ALLDIGI.NS,2023-10-19,2023-12-07,538.07,540,555,546.55,581.88,0.248,63.9,6.55,1.218,330277910833207575465368194928466221496543575351370206944173127439034089472,8.45,2.7898053947937885e+75,128.9,True,1,1,1,1,1,3,1.1100796878001005e+77
ANGELONE.NS,2023-10-20,2023-12-08,225.66,225,230,227.33,284.66,0.4275,89.2,2.33,1.033,7748415631525552518004261123763397409618650616796937940537377344997986140160,2.67,2.0684735341690943e+76,114.55,True,1,1,0,1,1,2,9.235518761385319e+77
ADL.NS,2023-10-20,2023-12-08,91.45,90,95,92.29,90.7,0.4325,77.8,2.29,2.502,797640194761868915141350449876065227974799878386073838273972536853261189120,-1.59,-1.266929801553804e+75,-69.41,False,1,1,1,0,1,2,8.999684538256701e+76
ASIANTILES.NS,2023-10-20,2023-12-08,81.75,80,85,82.26,74.7,0.6105,83.3,2.26,2.765,228844928761437846519224235057206457082424023487276287299217399265127911391232,-2.26,-5.172446211909053e+77,-100.0,False,1,1,0,1,1,2,2.5344986438354357e+79
ASIANENE.NS,2023-10-20,2023-12-08,201.13,200,205,202.33,259.51,0.4721,69.7,2.33,1.159,258865594836829342358908235519179092815857438916695915113406011316946629296128,2.67,6.908520480174309e+77,114.48,True,1,1,1,0,1,2,3.086464835635322e+79
ASTERDM.NS,2023-10-25,2023-12-12,269.55,270,280,274.35,301.76,0.3799,67.4,4.35,1.612,53032140114320270907548190111966359034484086117305801764623459302869907275776,5.65,2.9985399782360856e+77,130.11,True,1,1,1,1,1,3,1.1823224163803315e+79
ALLDIGI.NS,2023-10-25,2023-12-12,541.39,540,560,548.91,577.59,0.2709,59.5,8.91,1.646,249141364879994660219928499648194045233538601988575677545026646057232105472,11.09,2.762667921999692e+75,124.44,True,1,1,1,1,1,3,1.1377063670200974e+77
ANGELONE.NS,2023-10-26,2023-12-13,232.44,230,240,234.56,292.58,0.4885,78.3,4.56,1.96,4053867052899886526428451172738244256668774781472282540270539131729114824704,5.44,2.2067633006228228e+76,119.47,True,1,1,1,0,1,2,9.456195091447601e+77
ALLDIGI.NS,2023-10-26,2023-12-13,543.59,545,560,551.65,578.4,0.2695,59.7,6.65,1.223,342226531614901029164732375066202346363944677859163980383043393364990885888,8.35,2.857985240183321e+75,125.6,True,1,1,1,0,1,2,1.1662862194219305e+77
ALLDIGI.NS,2023-10-27,2023-12-14,553.37,555,570,561.65,573.12,0.2746,63.4,6.65,1.201,350957362316057819856188046311156858986996893319431761878277262767904784384,8.35,2.9317879958970057e+75,125.69,True,1,1,1,1,1,3,1.1956040993809006e+77
ANANTRAJ.NS,2023-10-27,2023-12-14,240.46,240,250,244.38,295.61,0.4712,54.7,4.38,1.822,1104800726382549505097242478279498440866720689605194672247452661818524172288,5.62,6.206430811537478e+75,128.19,True,1,1,0,1,1,2,2.4828525342593834e+77
ARROWGREEN.NS,2023-10-27,2023-12-14,444.81,445,460,451.21,427.42,1.0512,58.5,6.21,1.396,12617637180043645645489036567097045754065051168617286250509541246159749644288,-6.21,-7.832873358980147e+76,-100.0,False,1,1,1,1,1,3,3.838107945900272e+78
APOLSINHOT.NS,2023-10-27,2023-12-14,1833.54,1835,1890,1859.59,1550.34,0.3864,76.6,24.59,1.341,5134757373413101018438729410566889663753194156372231696682743428870360268800,-24.59,-1.262817049231947e+77,-100.0,False,1,1,1,1,1,3,6.18780354123654e+78
ALLDIGI.NS,2023-10-30,2023-12-15,582.66,585,600,591.65,575.47,0.3136,83.5,6.65,1.141,359677705668154101177737727967313741933479087200610825794147046691163865088,-6.65,-2.391208198761801e+75,-100.0,False,1,1,0,1,1,2,1.1716920173932827e+77
ASIANTILES.NS,2023-10-30,2023-12-15,82.3,80,85,82.25,73.85,0.7932,74.9,2.25,2.729,225663699835661370220845260635010299024415670614474720869728875770234538033152,-2.25,-5.068997287670872e+77,-100.0,False,1,1,1,0,1,2,2.483808670958727e+79
ANUP.NS,2023-10-30,2023-12-15,1208.19,1210,1245,1225.41,1338.47,0.5882,75.6,15.41,1.276,994046898369279225370125496749362212007322545545743864338741965767426703360,19.59,1.946928317696516e+76,127.06,True,1,1,1,1,1,3,7.855871964749457e+77
ARROWGREEN.NS,2023-10-30,2023-12-15,469.77,470,485,476.21,424.5,1.0599,60.0,6.21,1.323,12355169669313030693193526512343392567056275656327402646869858040061685137408,-6.21,-7.676215891800544e+76,-100.0,False,1,1,1,1,1,3,3.761345786982266e+78
ABCOTS.NS,2023-10-30,2023-12-15,109.8,110,115,112.13,116.15,0.4984,88.1,2.13,1.937,107751680650964126666820447988781427937839811310553585047017949364383383552,2.87,3.096121636112458e+74,135.12,True,1,1,0,1,1,2,1.176692414578999e+76
AARON.NS,2023-10-30,2023-12-15,145.41,145,150,147.24,145.18,0.5098,65.4,2.24,1.537,82215171117800518026187052374801373962791464233079071430599414699295506432,-2.05,-1.6866815634914639e+74,-91.79,False,1,1,1,0,1,2,9.019198338937843e+75
ARROWGREEN.NS,2023-10-31,2023-12-18,473.54,475,490,481.18,421.08,1.0525,66.9,6.18,1.305,12169888569541286276593562193085072604364638642618332457096439353926284738560,-6.18,-7.522691573964532e+76,-100.0,False,1,1,1,1,1,3,3.6861188712426207e+78
ARVIND.NS,2023-10-31,2023-12-18,191.23,190,195,192.27,247.04,0.6358,64.5,2.27,1.188,51719956196453963586753608398540902585981077859130305869104209666378725064704,2.73,1.4108428671272486e+77,120.06,True,1,1,1,1,1,3,6.016859000189973e+78
AARON.NS,2023-10-31,2023-12-18,146.23,145,150,147.3,144.64,0.5084,61.7,2.3,1.571,78522599881767652040656290661393640043341394728648641008865320824586895360,-2.3,-1.8038396677875687e+74,-100.0,False,1,1,1,0,1,2,8.838814372159086e+75
ANANTRAJ.NS,2023-10-31,2023-12-18,242.26,240,250,244.56,294.47,0.4664,58.6,4.56,1.883,1088744183400540883046797035632535354384368952780163536820947566694215188480,5.44,5.921736765486641e+75,119.25,True,1,1,1,1,1,3,2.54206990191425e+77
APOLLO.NS,2023-10-31,2023-12-18,91.28,90,95,92.12,118.1,0.9407,75.7,2.12,2.328,39296777897490182490531298772826834377321742625653668174019607395851770527744,2.88,1.1298222080968551e+77,135.31,True,1,1,1,1,1,3,4.2880656546979555e+78
ACE.NS,2023-10-31,2023-12-18,830.01,830,855,841.19,839.23,0.4466,76.6,11.19,1.349,248876524412548434339846584958789795462137003905884266800083842858557112320,-1.97,-4.897634433672156e+74,-17.58,False,1,1,1,1,1,3,1.3881822517577307e+77
ASIANTILES.NS,2023-10-31,2023-12-18,82.5,80,85,82.26,73.25,0.7941,74.1,2.26,2.743,219514567379605006022506711208823723478780346722221190359849387620559640068096,-2.26,-4.967617341917454e+77,-100.0,False,1,1,1,0,1,2,2.4341324975395523e+79
ANUP.NS,2023-10-31,2023-12-18,1209.59,1210,1245,1225.49,1346.04,0.589,75.3,15.49,1.281,1014335303684333388945460000120991698232377204738896291697249903341610205184,19.51,1.9789991699452753e+76,125.96,True,1,1,1,1,1,3,8.053771881743985e+77
AJANTPHARM.NS,2023-11-01,2023-12-19,1770.39,1770,1825,1794.52,1833.98,0.2361,63.4,24.52,1.385,43104723003585787014567235348339511360052428809430203419217772317734076416,30.48,1.3136179856060907e+75,124.26,True,1,1,1,1,1,3,5.417070696516247e+76
APOLLO.NS,2023-11-01,2023-12-19,98.17,100,105,101.95,118.2,0.9543,80.1,1.95,1.985,44008419347489073283596151129464917963796354735449647641555592311359653543936,3.05,1.3428078364348625e+77,156.58,True,1,1,0,1,1,2,4.422346438341442e+78
ABCOTS.NS,2023-11-01,2023-12-19,120.7,120,125,122.23,122.85,0.5011,,2.23,1.849,105457164146983380470961190968876937318991195933075324937519300330135748608,0.62,6.521427398824057e+73,27.71,True,1,1,0,1,1,2,1.183213841977823e+76
ADVANIHOTR.NS,2023-11-01,2023-12-19,50.54,50,55,52.0,48.69,0.5735,60.3,2.0,3.956,673561907372452405634368233254751123787685684826246016932875628393267200000,-2.0,-1.3468725213834188e+75,-100.0,False,1,1,1,1,1,3,6.599675354778752e+76
ANANDRATHI.NS,2023-11-01,2023-12-19,500.09,500,515,506.75,628.45,0.3878,61.6,6.75,1.349,198377160874162654217188247757347749905054030277928861353518576800641318912,8.25,1.636956255615242e+75,122.28,True,1,1,1,1,1,3,6.857201413047513e+76
ACE.NS,2023-11-01,2023-12-19,840.27,840,865,851.24,833.15,0.4316,76.2,11.24,1.337,247063779563133667700545860238144024746542219495622316903901359545874644992,-11.24,-2.776364503515462e+75,-100.0,False,1,1,1,0,1,2,1.360418606722576e+77
ABCOTS.NS,2023-11-02,2023-12-20,124.0,125,130,127.09,122.85,0.4997,,2.09,1.683,113385121435429247173348606834711786118551941876179883453449899358484955136,-2.09,-2.366427683955646e+74,-100.0,False,1,1,0,1,1,2,1.1595495651382666e+76
AJANTPHARM.NS,2023-11-02,2023-12-20,1771.5,1770,1825,1794.68,1840.23,0.2328,59.3,24.68,1.393,43903963648535009129274491930342213286483096356690427891187205501888757760,30.32,1.3313038613661763e+75,122.88,True,1,1,1,0,1,2,5.5502010826528643e+76
ADVANIHOTR.NS,2023-11-02,2023-12-20,52.56,55,60,56.53,45.23,0.574,66.8,1.53,2.907,863748193229945152252494481850031949388973544577972722757198817695209881600,-1.53,-1.3199350709557504e+75,-100.0,False,1,1,1,1,1,3,6.467681847683176e+76
ARVIND.NS,2023-11-02,2023-12-20,194.01,195,200,197.18,235.32,0.624,62.9,2.18,1.122,55295180364255707737399775985917870500363516676540768528483035858555862253568,2.82,1.5613872181747907e+77,129.75,True,1,1,1,1,1,3,6.172997722007453e+78
ASIANTILES.NS,2023-11-02,2023-12-20,83.1,85,90,86.91,70.0,0.7948,64.6,1.91,2.293,255520383602385262255324500901847164610994028145585763791331573967061782626304,-1.91,-4.868264995079104e+77,-100.0,False,1,1,1,0,1,2,2.3854498475887612e+79
ACE.NS,2023-11-02,2023-12-20,843.06,845,870,856.08,809.39,0.4259,79.7,11.08,1.314,245658826447020086002338408158118649660977755242689645040520034354823430144,-11.08,-2.720837213445152e+75,-100.0,False,1,1,1,0,1,2,1.3332102345881246e+77
ANUP.NS,2023-11-03,2023-12-21,1216.27,1215,1255,1232.64,1282.86,0.6008,72.5,17.64,1.45,913238643109474141476188246378593099379755202118448434018428198728738275328,22.36,2.0422001960891e+76,126.79,True,1,1,1,0,1,2,8.257991901352894e+77
ANIKINDS.NS,2023-11-03,2023-12-21,43.75,45,50,46.51,49.2,0.4801,67.0,1.51,3.444,11765669095641948820060197957141061641060682741018777762838088714629024841728,2.69,3.1686292936606945e+76,178.72,True,1,1,1,1,1,3,9.181626050157261e+77
AMBER.NS,2023-11-03,2023-12-21,3117.05,3115,3210,3157.42,3070.75,0.5101,57.1,42.42,1.361,57315390808462027260032357503202718027361842323649114942498617848219303936,-42.42,-2.4314958078879066e+75,-100.0,False,1,1,1,0,1,2,1.1914329458650743e+77
ABCOTS.NS,2023-11-03,2023-12-21,130.0,130,135,132.18,120.0,0.5075,,2.18,1.68,106208229761132857907613499237027443826778235128027526722537276020835221504,-2.18,-2.3190991302765333e+74,-100.0,False,1,1,0,1,1,2,1.1363585738355012e+76
ALLDIGI.NS,2023-11-03,2023-12-21,587.62,590,605,596.66,589.27,0.3307,78.4,6.66,1.133,351988256185506043901320662245084649784328680280974652284965691703934582784,-6.66,-2.3433840347865655e+75,-100.0,False,1,1,1,0,1,2,1.148258177045417e+77
ARVIND.NS,2023-11-03,2023-12-21,200.6,200,205,202.25,238.89,0.6313,64.5,2.25,1.121,54892361603718829825942638964446988065882287644708468169864351036748658114560,2.75,1.510018535784451e+77,122.31,True,1,1,1,0,1,2,6.323999575585898e+78
ANANDRATHI.NS,2023-11-03,2023-12-21,500.15,500,515,506.75,629.48,0.3937,63.2,6.75,1.35,203125361884148379996469140075673762480182532360447168460514927519289311232,8.25,1.6754401456527231e+75,122.17,True,1,1,1,0,1,2,7.024745427612785e+76
APOLLO.NS,2023-11-06,2023-12-22,103.07,105,110,106.96,114.55,0.9471,79.1,1.96,1.897,45232475828475043698131417560479487139049163447496367499885337915787575296000,3.04,1.3771545037554637e+77,155.7,True,1,1,1,0,1,2,4.560061888716988e+78
ASIANTILES.NS,2023-11-06,2023-12-22,84.95,85,90,87.06,71.65,0.7846,61.3,2.06,2.422,231866441448757262432379852007497112171573952556268284076180812872570195935232,-2.06,-4.770899695177523e+77,-100.0,False,1,1,1,0,1,2,2.337740850636986e+79
AMDIND.NS,2023-11-06,2023-12-22,82.0,80,85,82.24,81.1,0.7511,69.2,2.24,2.727,661295802281743495211396370411485381018958189861612902439823068923045085184,-1.14,-7.511948034413874e+74,-50.8,False,1,1,1,0,1,2,7.31797640412581e+76
ADVANIHOTR.NS,2023-11-06,2023-12-22,54.71,55,60,56.89,47.38,0.5854,67.6,1.89,3.458,683714921219374091621931740613384643116628426300076483309087481344517210112,-1.89,-1.2935363695366354e+75,-100.0,False,1,1,1,1,1,3,6.338328210729513e+76
ANUP.NS,2023-11-06,2023-12-22,1231.35,1230,1270,1247.66,1295.95,0.6004,71.5,17.66,1.434,935378863815970590037656448017683347388359982996504255303649852195801661440,22.34,2.0899170749933036e+76,126.54,True,1,1,1,0,1,2,8.466983608852224e+77
AMBER.NS,2023-11-06,2023-12-22,3348.9,3350,3450,3394.29,3051.55,0.5634,66.8,44.29,1.322,53803580896190579677101874556068025875667171445409786769930000557460684800,-44.29,-2.3828658917301485e+75,-100.0,False,1,1,1,1,1,3,1.167604286947773e+77
ALLDIGI.NS,2023-11-06,2023-12-22,589.77,590,605,596.84,596.76,0.3299,76.4,6.84,1.16,335590005297411079284692863840582990061720054590754494947167675505222615040,-0.08,-2.655229421076886e+73,-1.16,False,1,1,1,1,1,3,1.1479926541033094e+77
ANANDRATHI.NS,2023-11-06,2023-12-22,506.03,505,520,511.83,637.56,0.3884,73.5,6.83,1.351,205562511536716563791018078255093018330248355541102970305396540710454296576,8.17,1.6784885875281913e+75,119.47,True,1,1,1,0,1,2,7.192594286365604e+76
ANIKINDS.NS,2023-11-06,2023-12-22,45.9,45,50,47.03,47.5,0.4988,67.5,2.03,4.415,9062447787583152391688511964347259465757482124665745813310169373392959963136,0.47,4.292867368643358e+75,23.38,True,1,1,1,1,1,3,9.224554723843695e+77
ASIANHOTNR.NS,2023-11-06,2023-12-22,201.65,200,210,204.34,227.05,0.6953,72.9,4.34,2.155,140015900726409878010194317479950074153334115799356778698631712529524205813760,5.66,7.917982507662802e+77,130.15,True,1,1,1,0,1,2,3.120983607565721e+79
ANIKINDS.NS,2023-11-07,2023-12-26,46.4,45,50,47.14,47.25,0.4768,65.6,2.14,4.622,8601924051323840971139464539542695028702625271705018481396539256155586691072,0.11,9.052196677912524e+74,4.91,True,1,1,1,1,1,3,9.233606920521607e+77
ABINFRA.NS,2023-11-07,2023-12-26,4.11,5,10,5.11,4.1,0.6294,88.4,0.11,2.642,1954139810528309620211699438363526172885293857480090132443218353554735497216,-0.11,-2.1204790490134327e+74,-100.0,False,1,1,0,1,1,2,1.0390347340165819e+76
ANANTRAJ.NS,2023-11-07,2023-12-26,245.85,245,255,249.44,298.26,0.3843,55.9,4.44,1.807,1144522002049124066338279587739943804831258354082633308559020468094990548992,5.56,6.361080216662741e+75,125.12,True,1,1,1,0,1,2,2.6056807040808774e+77
ANTELOPUS.NS,2023-11-07,2023-12-26,466.65,465,480,471.72,489.85,0.571,58.5,6.72,1.439,2190422433184024848814661565123120854159216279015741676878401560645981962240,8.28,1.814266012711674e+76,123.3,True,1,1,1,0,1,2,7.538264786592984e+77
ADOR.NS,2023-11-07,2023-12-26,1247.53,1250,1285,1265.62,1428.64,0.4023,64.3,15.62,1.252,102797523686148572701427365926663196479511345067255166907032338789790908416,19.38,1.9920863126569123e+75,124.05,True,1,1,1,1,1,3,8.22834371305713e+76
AMBER.NS,2023-11-07,2023-12-26,3396.65,3395,3500,3441.63,3041.15,0.55,67.5,46.63,1.373,50084816281862542228986412237466401546267768228269256668117472482831630336,-46.63,-2.3352085738955457e+75,-100.0,False,1,1,1,1,1,3,1.1442522012088174e+77
APOLSINHOT.NS,2023-11-08,2023-12-27,1835.98,1835,1890,1859.71,1545.36,0.4464,67.2,24.71,1.346,5008144350508015477009028666393198969001848212448699104722516102880503529472,-24.71,-1.237560708247308e+77,-100.0,False,1,1,1,0,1,2,6.064047470411809e+78
ALLDIGI.NS,2023-11-08,2023-12-27,592.83,595,610,601.66,591.98,0.2787,75.6,6.66,1.123,344734821428091607409275707550075544154320403067477981832082061266153111552,-6.66,-2.2959853082066186e+75,-100.0,False,1,1,1,0,1,2,1.1250328010212432e+77
20MICRONS.NS,2023-11-08,2023-12-27,156.28,155,160,157.38,183.04,0.3009,77.5,2.38,1.524,926,2.62,2424.6,109.94,True,1,1,1,1,1,3,112808.68
ADVANIHOTR.NS,2023-11-08,2023-12-27,56.87,55,60,57.25,46.35,0.5845,75.2,2.25,3.961,562775765890344658432674528659296667474081545598798234656723373954865037312,-2.25,-1.2676656421459025e+75,-100.0,False,1,1,1,1,1,3,6.211561646514923e+76
ALKEM.NS,2023-11-08,2023-12-27,4128.05,4130,4250,4183.93,4949.82,0.2874,85.4,53.93,1.307,39660342979099984435657483650353129265482480608019476361056603241109782528,66.07,2.620206761894508e+75,122.49,True,1,1,0,1,1,2,1.0957192654176898e+77
ARVINDFASN.NS,2023-11-08,2023-12-27,372.88,375,385,379.36,416.63,0.5422,53.0,4.36,1.169,23551754176138498045104952414657984459990408807714723565311157006200819679232,5.64,1.328315633041072e+77,129.36,True,1,1,0,1,1,2,5.2671304861679954e+78
ASMS.NS,2023-11-08,2023-12-27,16.95,15,20,17.07,16.95,0.1143,94.7,2.07,12.211,151259270457707233042469083811249637254343250824710518753872240837133395296256,-0.12,-1.8123453954168025e+76,-5.79,False,1,1,0,1,1,2,1.563583388346394e+79
ADOR.NS,2023-11-08,2023-12-27,1260.53,1260,1300,1277.92,1438.78,0.4023,64.2,17.92,1.421,91855420446962171791703160266498315717461696140421329461010143990398320640,22.08,2.0285480752670608e+75,123.27,True,1,1,1,1,1,3,8.431198520583836e+76
ANANTRAJ.NS,2023-11-08,2023-12-27,247.14,245,255,249.6,294.87,0.374,56.0,4.6,1.861,1133069033723501133546593597673135770311847645215572503877165834869065908224,5.4,6.119328929073256e+75,117.42,True,1,1,1,0,1,2,2.66687399337161e+77
ALPA.NS,2023-11-08,2023-12-27,85.75,85,90,87.16,104.75,0.6117,66.2,2.16,2.518,1154747692172564322798761110428518265343366990058138678176788951735803576320,2.84,3.280792085367109e+75,131.6,True,1,1,1,1,1,3,1.2792811086015274e+77
ADANIPOWER.NS,2023-11-09,2023-12-28,80.22,80,85,82.09,104.68,0.5045,70.2,2.09,2.602,893391172652792099265537017478644686411619939728025784738723719025073848320,2.91,2.6020206126607463e+75,139.52,True,1,1,1,1,1,3,9.584878314282144e+76
ADOR.NS,2023-11-09,2023-12-28,1377.74,1380,1420,1397.76,1459.72,0.4883,70.8,17.76,1.289,94971694680559571798785108991779750905650785787568470116862907259908259840,22.24,2.112628083105616e+75,125.29,True,1,1,1,1,1,3,8.642461328894397e+76
ASTRAZEN.NS,2023-11-09,2023-12-28,4879.38,4880,5025,4944.5,5564.02,0.2059,69.5,64.5,1.322,6393804351651404182383427589239308168794900137577038371696649310124506087424,80.5,5.146938330452233e+77,124.8,True,1,1,1,1,1,3,2.1135083730256737e+79
AJANTPHARM.NS,2023-11-09,2023-12-28,1816.5,1815,1870,1839.82,1931.87,0.2537,66.7,24.82,1.366,44719732407349402211938264296698231960882649922481479622617568865368932352,30.18,1.3495450658736442e+75,121.58,True,1,1,1,1,1,3,5.6851555892402286e+76
ALPA.NS,2023-11-09,2023-12-28,86.4,85,90,87.23,104.3,0.6112,63.5,2.23,2.578,1148555815500616427988492065351552262713474253565091510335425203398391103488,2.77,3.184216860300027e+75,124.45,True,1,1,1,1,1,3,1.3111232772045276e+77
AMJLAND.NS,2023-11-09,2023-12-28,37.98,40,45,41.47,38.63,0.7191,71.5,1.47,3.88,862214354092594614594995882162715040479146248163686518215415052027882897408,-1.47,-1.2705844336237264e+75,-100.0,False,1,1,1,1,1,3,6.22586372475626e+76
ASTRAMICRO.NS,2023-11-09,2023-12-28,503.05,505,520,511.58,605.99,0.4659,55.7,6.58,1.307,45319445471806727071865106019972767393050769171737251958120089254896148152320,8.42,3.8178801302271174e+77,128.12,True,1,1,1,0,1,2,1.528197146574217e+79
ARVINDFASN.NS,2023-11-09,2023-12-28,375.26,375,385,379.49,408.72,0.5421,56.5,4.49,1.197,23454536857516909497737123603485076016177713069746185724084150852105428533248,5.51,1.292027588518092e+77,122.65,True,1,1,1,1,1,3,5.396333245019805e+78
ALKEM.NS,2023-11-09,2023-12-28,4176.81,4175,4300,4231.38,4999.6,0.2764,87.9,56.38,1.35,38865819898485878167170717776732927716397494110997395321379500850965118976,68.62,2.666788956475355e+75,121.69,True,1,1,0,1,1,2,1.1223871549824434e+77
20MICRONS.NS,2023-11-09,2023-12-28,159.38,160,165,162.16,176.45,0.2946,84.0,2.16,1.358,1042,2.84,2955.31,131.07,True,1,1,0,1,1,2,115764.0
ASHIANA.NS,2023-11-10,2023-12-29,232.39,230,240,234.62,266.3,0.3542,59.9,4.62,1.987,51974877790883228939011122341570137324560786314074696877432145842841172574208,5.38,2.797107152517229e+77,116.53,True,1,1,1,1,1,3,1.228161384810719e+79
ARVIND.NS,2023-11-10,2023-12-29,207.2,205,215,209.43,255.34,0.6239,63.2,4.43,2.139,28532920155368500540417473907934851991185082495280005696792258224451410198528,5.57,1.5884921004196702e+77,125.59,True,1,1,1,1,1,3,6.482848785627865e+78
ANANDRATHI.NS,2023-11-10,2023-12-29,511.15,510,525,516.85,640.74,0.389,69.3,6.85,1.34,209994244652702968958072689782393041799929673023594225767333818808949276672,8.15,1.7113948125174236e+75,118.97,True,1,1,1,0,1,2,7.363733767617347e+76
ALPA.NS,2023-11-10,2023-12-29,87.25,85,90,87.32,103.3,0.61,68.7,2.32,2.656,1131417540298727466526580397815427608882954506513626701886219017085379411968,2.68,3.0348411470845822e+75,115.73,True,1,1,1,0,1,2,1.3414716886753734e+77
ADOR.NS,2023-11-10,2023-12-29,1430.87,1430,1475,1450.07,1440.35,0.4939,78.3,20.07,1.403,86116068375781145156321761878240830948621924249146381581452775608236900352,-9.72,-8.37403304840178e+74,-48.45,False,1,1,1,1,1,3,8.558720998410379e+76
AJANTPHARM.NS,2023-11-10,2023-12-29,1828.8,1830,1885,1854.48,2018.48,0.2487,72.2,24.48,1.338,46453428055689806134623333036218314062780090918427783495369086216857190400,30.52,1.4179074252148935e+75,124.7,True,1,1,1,0,1,2,5.826946331761717e+76
ARVINDFASN.NS,2023-11-10,2023-12-29,378.55,380,390,384.4,407.83,0.5422,60.0,4.4,1.163,24521119023186663101500570612761922252744898426075778684039673864893610590208,5.6,1.3728452533147055e+77,127.2,True,1,1,1,1,1,3,5.533617770351275e+78
ASAHISONG.NS,2023-11-10,2023-12-29,297.0,295,305,299.61,304.01,0.4256,78.3,4.61,1.553,16133701714575510685020182616663033393709180390092555813196648615425123287040,4.39,7.090521226641347e+76,95.28,True,1,1,1,1,1,3,3.791940271211095e+78
AIROLAM.NS,2023-11-10,2023-12-29,133.55,135,140,137.02,130.35,0.3468,87.4,2.02,1.515,533278761734590675300410644438659234846392488099991563404067638834062426112,-2.02,-1.0787709517639909e+75,-100.0,False,1,1,0,1,1,2,5.285977663643555e+76
ANUP.NS,2023-11-10,2023-12-29,1267.21,1265,1305,1282.69,1336.29,0.6246,74.1,17.69,1.396,957357255207952462962187326953723809326101695107930282979344960237038731264,22.31,2.1360322990613647e+76,126.14,True,1,1,1,0,1,2,8.680586838758361e+77
ASTRAMICRO.NS,2023-11-10,2023-12-29,514.15,515,530,521.67,600.42,0.458,62.5,6.67,1.297,45833155352260331331363280182309509170586356460914281535604850866830358609920,8.33,3.8185790096906156e+77,124.94,True,1,1,1,0,1,2,1.5663829366711232e+79
ABINFRA.NS,2023-11-10,2023-12-29,4.11,5,10,5.12,4.73,0.6567,89.2,0.12,2.958,1708793210785642692438446534079390169050069810501864177063331883500225691648,-0.12,-2.078069468033164e+74,-100.0,False,1,1,0,1,1,2,1.0182540393362502e+76
ANUP.NS,2023-11-13,2024-01-01,1340.02,1340,1380,1357.59,1326.04,0.6441,78.8,17.59,1.312,987157057277553247195201635134579549152022123928983650690523567339304124416,-17.59,-1.736117367751672e+76,-100.0,False,1,1,1,0,1,2,8.506975101983194e+77
ALBERTDAVD.NS,2023-11-13,2024-01-01,853.69,855,880,866.13,953.59,0.2997,58.3,11.13,1.304,225369126478284042976313585360842883910586902884565058062937289965959118848,13.87,3.1247511964537053e+75,124.52,True,1,1,1,0,1,2,1.285985994716235e+77
ASAHISONG.NS,2023-11-13,2024-01-01,300.93,300,310,304.52,300.88,0.4227,82.5,4.52,1.504,16762013879773364848899995421278410893466684401202464977169342970897174102016,-3.65,-6.115413951703641e+76,-80.64,False,1,1,0,1,1,2,3.7307861316940585e+78
ARVINDFASN.NS,2023-11-13,2024-01-01,383.37,385,395,389.4,409.12,0.5179,74.0,4.4,1.149,25128388101553753741885505208214998987546058225138500361492127049640589656064,5.6,1.4061152560851204e+77,127.05,True,1,1,1,0,1,2,5.674229295959787e+78
ALPA.NS,2023-11-13,2024-01-01,94.15,95,100,97.03,103.9,0.6514,87.7,2.03,2.152,1323899084414482593975616411556095960511701943315828529279386332761753124864,2.97,3.936552044721666e+75,146.73,True,1,1,0,1,1,2,1.38083720912259e+77
ANANTRAJ.NS,2023-11-13,2024-01-01,248.34,250,255,252.22,297.56,0.3629,76.3,2.22,0.895,2400728560699522449340389339913571263965694469201950110927565846850178121728,2.78,6.6698948167543925e+75,125.05,True,1,1,1,0,1,2,2.733572941539154e+77
APOLSINHOT.NS,2023-11-13,2024-01-01,1866.79,1865,1925,1891.58,1495.61,0.5686,59.1,26.58,1.424,4563288799034545049439705246797635585239079944333740888529841403427943350272,-26.58,-1.2128094940823618e+77,-100.0,False,1,1,1,0,1,2,5.9427665210035726e+78
ARVIND.NS,2023-11-13,2024-01-01,208.51,210,215,212.17,246.9,0.6231,79.4,2.17,1.039,59846934617474960210702440916905229147434395925007274619816335401010805604352,2.83,1.6957769737481753e+77,130.79,True,1,1,1,0,1,2,6.652426483002682e+78
ANMOL.NS,2023-11-13,2024-01-01,60.35,60,65,62.01,63.65,0.4697,90.4,2.01,3.323,7473465420061503286244641383819881098299655202131287564849722210453230190592,1.64,1.2289734865644325e+76,81.99,True,1,1,0,1,1,2,7.617110009248146e+77
ANGELONE.NS,2023-11-13,2024-01-01,271.05,270,280,274.45,345.04,0.5515,76.0,4.45,1.641,4251643916818000139918774667230774515794822864159802426023487242517746810880,5.55,2.36040489852848e+76,124.81,True,1,1,1,0,1,2,9.692235581300448e+77
AMJLAND.NS,2023-11-13,2024-01-01,38.43,40,45,41.56,39.87,0.7273,74.9,1.56,4.054,799255918716156743851067921050601432255710993213219631485217092695928864768,-1.56,-1.245172744951252e+75,-100.0,False,1,1,1,1,1,3,6.101346450261135e+76
ASHIANA.NS,2023-11-13,2024-01-01,256.31,255,265,259.48,282.84,0.4903,86.2,4.48,1.747,54844680469647286426322110261820276738566553400553717296491592767100120203264,5.52,3.0281452773432906e+77,123.28,True,1,1,0,1,1,2,1.2584428375841519e+79
ANANDRATHI.NS,2023-11-13,2024-01-01,515.87,515,530,521.84,634.24,0.3817,73.1,6.84,1.325,215455962505387504391585820045888216632820035187388190145848497721883754496,8.16,1.7590926840573431e+75,119.44,True,1,1,1,0,1,2,7.539643036023082e+76
ALBERTDAVD.NS,2023-11-15,2024-01-02,900.11,900,925,911.34,952.55,0.3488,69.9,11.34,1.26,226715103695172668715368076302923502906370114904911281233723952762204454912,13.66,3.095905602946847e+75,120.37,True,1,1,1,1,1,3,1.3169450507457033e+77
AHLUCONT.NS,2023-11-15,2024-01-02,781.99,780,805,791.06,778.99,0.6426,73.7,11.06,1.414,82773343665787442538946140658722152478982628983229228452088784744945287168,-11.06,-9.152055938821769e+74,-100.0,False,1,1,1,1,1,3,4.484507410022667e+76
ALANKIT.NS,2023-11-15,2024-01-02,14.2,15,20,15.87,18.6,0.638,86.2,0.87,6.15,2105878436427935792807563600100629846191027009733727831462612447800112185344,2.73,5.742158943189862e+75,312.24,True,1,1,0,1,1,2,9.769237050716877e+76
360ONE.NS,2023-11-15,2024-01-02,542.98,545,560,551.59,656.15,0.2842,67.1,6.59,1.214,65076777377594651947633959425965370177299987237050226249780941210402160640,8.41,5.47046557976447e+74,127.49,True,1,1,1,0,1,2,2.2002301692350086e+76
ANANTRAJ.NS,2023-11-15,2024-01-02,249.94,250,255,252.32,303.64,0.3567,72.3,2.32,0.929,2354409827355586050243638106485592922624988971686571455360590848245849128960,2.68,6.304903253699622e+75,115.32,True,1,1,1,0,1,2,2.7966219740761505e+77
AJANTPHARM.NS,2023-11-15,2024-01-02,1888.33,1890,1945,1914.62,2121.26,0.2842,81.4,24.62,1.304,47331369015752991541596822932263613865536926274541221116354759170082209792,30.38,1.437836029514071e+75,123.38,True,1,1,0,1,1,2,5.970729934713125e+76
ANGELONE.NS,2023-11-15,2024-01-02,292.26,290,300,294.53,340.49,0.5843,78.8,4.53,1.55,4278415619631634542336121220017402414205409916848323649923087743331942268928,5.47,2.3399685033715448e+76,120.71,True,1,1,1,1,1,3,9.926232431637602e+77
AMJLAND.NS,2023-11-15,2024-01-02,39.22,40,45,41.7,39.42,0.7219,76.7,1.7,4.33,718540295954947963867830801640347933424172806571392517382851358846124818432,-1.7,-1.220269290052227e+75,-100.0,False,1,1,1,1,1,3,5.979319521255913e+76
ANIKINDS.NS,2023-11-15,2024-01-02,47.15,45,50,47.29,50.9,0.5861,77.5,2.29,4.855,8067278543029626887327467716385531426238724085233610025615615659982899380224,2.71,2.186917887410492e+76,118.42,True,1,1,1,0,1,2,9.452298709262657e+77
ACE.NS,2023-11-15,2024-01-02,866.58,865,895,878.36,866.48,0.4881,77.1,13.36,1.542,199536991502016980063660302656545098260449027197878253916267736873463447552,-11.89,-2.371962132961908e+75,-88.96,False,1,1,1,0,1,2,1.3094906132585055e+77
ALBERTDAVD.NS,2023-11-16,2024-01-03,903.22,905,930,916.18,976.26,0.3466,81.5,11.18,1.238,235536063999937384655258719927068103669729251398160927372124941644688523264,13.82,3.254511498507028e+75,123.56,True,1,1,0,1,1,2,1.3494901657307736e+77
ARTEMISMED.NS,2023-11-16,2024-01-03,165.82,165,170,167.27,179.39,0.5331,75.5,2.27,1.371,47819686526415203192108251261955866995075865414942594403632666448849262346240,2.73,1.30368736688731e+77,119.9,True,1,1,1,1,1,3,5.5668535338559816e+78
ANANTRAJ.NS,2023-11-16,2024-01-03,251.98,250,260,254.59,309.03,0.3565,77.2,4.59,1.823,1217713991367678502432258331710838001102397127147490947398829290513732993024,5.41,6.5838959655244845e+75,117.71,True,1,1,1,0,1,2,2.8624609337313954e+77
ARIHANTSUP.NS,2023-11-16,2024-01-03,236.25,235,245,239.39,292.84,0.6326,94.4,4.39,1.857,23516053243203189675354110678329883186594495026085413834683313869041120051200,5.61,1.3199950511204207e+77,127.95,True,1,1,0,1,1,2,5.2900508711115334e+78
ASHOKA.NS,2023-11-16,2024-01-03,146.6,145,150,147.34,142.7,0.4629,79.9,2.34,1.598,142385430699111151665476555301458682920333710171253830171402226318050697674752,-2.34,-3.3364230196237816e+77,-100.0,False,1,1,1,1,1,3,1.634847279615653e+79
AHLUCONT.NS,2023-11-16,2024-01-03,783.58,785,805,793.82,755.36,0.6301,79.1,8.82,1.125,101701096059699005182231429157863743751268699706754106122296789057509785600,-8.82,-8.969014820045334e+74,-100.0,False,1,1,1,1,1,3,4.3948172618222135e+76
ADOR.NS,2023-11-16,2024-01-03,1508.71,1510,1555,1529.97,1490.96,0.5163,91.2,19.97,1.324,85717454996012284632495125878856553960129628698248633018307744127231459328,-19.97,-1.7117441996820757e+75,-100.0,False,1,1,0,1,1,2,8.387546578442171e+76
ALPA.NS,2023-11-16,2024-01-03,97.65,100,105,101.91,110.55,0.6508,95.6,1.91,1.96,1443248705140537709180015150257422562029976935984161008786460044647330742272,3.09,4.4545691074575085e+75,161.3,True,1,1,0,1,1,2,1.425382900197165e+77
ACE.NS,2023-11-16,2024-01-03,869.12,870,895,881.14,922.07,0.4876,76.3,11.14,1.282,235097528452077764038474428382263876171449320859257622345079445390511570944,13.86,3.2584569847849333e+75,124.42,True,1,1,1,0,1,2,1.3420751831063547e+77
ALLDIGI.NS,2023-11-17,2024-01-04,593.47,595,610,601.73,602.18,0.2988,66.5,6.73,1.134,334206328516696166182781872506708994569051773506474085662075208220150857728,0.45,1.4890104050723097e+74,6.62,True,1,1,1,0,1,2,1.1265218114263155e+77
ANANTRAJ.NS,2023-11-17,2024-01-04,257.87,260,265,262.2,308.43,0.3637,74.1,2.2,0.854,2598420117412666053497425376115138649285007784395131191586594233895532625920,2.8,7.26717871960054e+75,126.94,True,1,1,1,0,1,2,2.9351327209274006e+77
AGSTRA.NS,2023-11-17,2024-01-04,92.75,95,100,96.92,93.9,0.778,94.4,1.92,2.065,634380455358513802776534740436267917683535702039041363819843455045670535168,-1.92,-1.2151881580436139e+75,-100.0,False,1,1,0,1,1,2,5.954421974413708e+76
ARIHANTSUP.NS,2023-11-17,2024-01-04,240.87,240,250,244.37,302.17,0.6138,94.4,4.37,1.815,24196147238957284092866158718105994893681676962231813022566798935319312859136,5.63,1.3616045496734216e+77,128.69,True,1,1,0,1,1,2,5.426211326078876e+78
20MICRONS.NS,2023-11-17,2024-01-04,168.43,170,175,172.07,172.86,0.2841,91.7,2.07,1.23,1117,0.79,881.95,38.1,True,1,1,0,1,1,2,116645.95
AMJLAND.NS,2023-11-17,2024-01-04,39.77,40,45,41.8,42.0,0.7196,75.7,1.8,4.519,665389497049984962232745901872357529395348916918306414331965394647510941696,0.2,1.3572479462768351e+74,11.35,True,1,1,1,1,1,3,5.992892000718681e+76
ARVINDFASN.NS,2023-11-17,2024-01-04,410.81,410,425,416.62,425.23,0.5522,87.4,6.62,1.612,17140213095745557436772564048777419036747390763432120967785384216006357942272,8.38,1.436186105169876e+77,126.55,True,1,1,0,1,1,2,5.817847906476775e+78
APOLLOHOSP.NS,2023-11-17,2024-01-04,5443.69,5445,5605,5516.98,5725.11,0.2946,82.4,71.98,1.322,1225046855786720867032246424053909811830779948955153313580710509421243924480,88.02,1.0783085061235029e+77,122.29,True,1,1,0,1,1,2,4.516663166288603e+78
63MOONS.NS,2023-11-17,2024-01-04,346.06,345,355,349.55,447.81,0.4852,93.6,4.55,1.314,71769632812999280059988701187631452088328813810323417295391423824603906048,5.45,3.9125622057024446e+74,119.86,True,1,1,0,1,1,2,1.671326159855766e+76
ABSLAMC.NS,2023-11-17,2024-01-04,438.67,440,450,444.48,450.46,0.2063,66.3,4.48,1.02,499810272100969892739479388601042181897214886393282708679360055261635018752,5.52,2.761090761685347e+75,123.43,True,1,1,1,0,1,2,1.1461168872790295e+77
AJANTPHARM.NS,2023-11-20,2024-01-05,1909.98,1910,1965,1934.85,2165.19,0.294,78.2,24.85,1.301,48053915595317506736901992529196686079121812078117688001153068166683820032,30.15,1.448819370799838e+75,121.33,True,1,1,1,0,1,2,6.115611871793108e+76
ANANDRATHI.NS,2023-11-20,2024-01-05,579.62,580,595,586.8,667.18,0.3979,84.7,6.8,1.172,221903777089865155584948706183783590368658546197475674108565855037047177216,8.2,1.820628049143361e+75,120.74,True,1,1,0,1,1,2,7.721705840937418e+76
AHLUCONT.NS,2023-11-20,2024-01-05,802.36,800,825,811.09,786.78,0.643,79.4,11.09,1.382,79250133756335279847598230396592650815539324540384898935515012753254252544,-11.09,-8.789634523644427e+74,-100.0,False,1,1,1,1,1,3,4.306920916585769e+76
ANIKINDS.NS,2023-11-20,2024-01-05,54.35,55,60,56.83,50.65,0.5848,83.7,1.83,3.369,10323459004814069153853155793557343353196712302676559019044834589596857663488,-1.83,-1.8904597418525316e+76,-100.0,False,1,1,0,1,1,2,9.263252735077404e+77
ASMS.NS,2023-11-20,2024-01-05,19.65,20,25,20.3,18.65,0.1393,,0.3,1.514,1051038370939703001306816190061812302282390606777245413856636951672792033525760,-0.3,-3.1271667766927876e+77,-100.0,False,1,1,0,1,1,2,1.5323117205794663e+79
ARTEMISMED.NS,2023-11-20,2024-01-05,168.05,170,175,172.11,185.35,0.533,74.5,2.11,1.253,52855067442313504863907713835069243726121389579873777638580150651056130359296,2.89,1.529382665344479e+77,137.37,True,1,1,1,0,1,2,5.71979180039043e+78
APARINDS.NS,2023-11-20,2024-01-05,5801.53,5800,5975,5878.67,5749.81,0.4044,77.2,78.67,1.356,678683011602147096541548859600527124876944218442101600640493382857004154880,-78.67,-5.339216335370705e+76,-100.0,False,1,1,1,0,1,2,2.6162160043316452e+78
ALLDIGI.NS,2023-11-20,2024-01-05,594.42,595,610,601.82,595.05,0.2984,56.3,6.82,1.148,330258542848057649821018205628376138530641168863143290833958276417594589184,-6.77,-2.2366556714771753e+75,-99.27,False,1,1,1,0,1,2,1.1041552547115438e+77
ADL.NS,2023-11-20,2024-01-05,93.4,95,100,96.87,93.35,0.4126,58.5,1.87,2.006,960541398766968106558171623426972013872825732867030022185370393595804123136,-1.87,-1.7999369076513404e+75,-100.0,False,1,1,1,0,1,2,8.819690847491567e+76
AMJLAND.NS,2023-11-20,2024-01-05,39.92,40,45,41.82,40.96,0.7192,77.5,1.82,4.571,656933126423705927378523230190712344424519176272678933947079134491208318976,-0.87,-5.688203485756007e+74,-47.46,False,1,1,1,0,1,2,5.936009965861121e+76
AGRITECH.NS,2023-11-20,2024-01-05,217.95,220,225,222.13,197.25,0.7134,88.7,2.13,0.979,642714431425290219854991220631315281967917655868293512777604900050262032384,-2.13,-1.3717882371561284e+75,-100.0,False,1,1,0,1,1,2,6.721762362065029e+76
AAATECH.NS,2023-11-20,2024-01-05,76.85,75,80,77.24,89.7,0.7025,79.2,2.24,2.909,114498748954705915887354638737872619469750783366882379429227423679876431872,2.76,3.1652900925085373e+74,123.66,True,1,1,1,1,1,3,1.3114765785384643e+76
ALBERTDAVD.NS,2023-11-20,2024-01-05,917.41,915,945,928.63,1032.93,0.3321,78.5,13.63,1.485,198056495961779424369634540117024810364228073275995212748991559086427340800,16.37,3.242714547391835e+75,120.15,True,1,1,1,1,1,3,1.3819173112046918e+77
AIROLAM.NS,2023-11-20,2024-01-05,137.8,140,145,141.99,139.25,0.3939,79.9,1.99,1.441,532493920769365909918339455522118555757522027102739277567564272500207517696,-1.99,-1.057195532728711e+75,-100.0,False,1,1,1,1,1,3,5.180258110370684e+76
ARIHANTSUP.NS,2023-11-20,2024-01-05,250.65,250,260,254.37,306.59,0.6175,94.7,4.37,1.742,24849897024161230779870958780820243266682488059653304340547995981741499088896,5.63,1.399747437200348e+77,128.98,True,1,1,0,1,1,2,5.56618606979891e+78
ALLDIGI.NS,2023-11-21,2024-01-08,594.96,595,615,603.86,588.37,0.2971,59.6,8.86,1.489,249336823762351957573606580000752908234004871637627465042095571504057024512,-8.86,-2.2083105094230876e+75,-100.0,False,1,1,1,0,1,2,1.082072149617313e+77
AJMERA.NS,2023-11-21,2024-01-08,85.91,85,90,87.19,93.19,0.5227,72.7,2.19,2.55,544778857991805144368592761735404383325420875543843957958102112127395299328,2.81,1.5304164585582452e+75,128.23,True,1,1,1,1,1,3,6.120430802859727e+76
ABREL.NS,2023-11-21,2024-01-08,1236.84,1235,1275,1252.98,1489.74,0.2477,85.9,17.98,1.454,87268642121936170974463688309218569491755954564215132088528679094370435072,22.02,1.921649971201767e+75,122.47,True,1,1,0,1,1,2,8.037643565498574e+76
ARVINDFASN.NS,2023-11-21,2024-01-08,417.67,420,430,424.39,438.75,0.5396,93.5,4.39,1.052,26492239464579840478094068275565510552642151884402552391727365210097814863872,5.61,1.4856543651626293e+77,127.68,True,1,1,0,1,1,2,5.966413342993038e+78
63MOONS.NS,2023-11-21,2024-01-08,381.49,380,395,386.67,436.73,0.4948,96.8,6.67,1.748,50117242985922993019393226154841571776467273135812305544843564668766126080,8.33,4.174934128176917e+74,124.9,True,1,1,0,1,1,2,1.713075501137535e+76
AAATECH.NS,2023-11-21,2024-01-08,77.0,75,80,77.25,95.32,0.7004,77.5,2.25,2.924,116503116120805648224046018951581578849929423984791267564526921233977049088,2.75,3.2022026489633537e+74,122.08,True,1,1,1,0,1,2,1.3434986050280979e+76
AGRITECH.NS,2023-11-21,2024-01-08,245.9,245,255,249.28,203.7,0.8189,92.3,4.28,1.74,314196339219420755339111883219184171410541333874257541368146775052583436288,-4.28,-1.344352472413006e+75,-100.0,False,1,1,0,1,1,2,6.587327114823728e+76
AIROLAM.NS,2023-11-21,2024-01-08,138.2,140,145,142.02,142.55,0.3837,79.9,2.02,1.462,512720103065461120698953466714588742630001301743416025342600545457517101056,0.53,2.713862054403692e+74,26.19,True,1,1,1,1,1,3,5.207396730914721e+76
AMDIND.NS,2023-11-21,2024-01-08,84.9,85,90,87.05,77.0,0.7917,69.3,2.05,2.417,713098886641075581180093053683009777612315540210636103457734946756266819584,-2.05,-1.463595280825162e+75,-100.0,False,1,1,1,1,1,3,7.171616876043293e+76
ANUP.NS,2023-11-21,2024-01-08,1419.28,1420,1460,1437.57,1398.87,0.662,73.8,17.57,1.238,968307677863099816594627617888610016267716555496747357653863058248558444544,-17.57,-1.7013950203966388e+76,-100.0,False,1,1,1,0,1,2,8.33683559994353e+77
ALLDIGI.NS,2023-11-22,2024-01-09,595.73,595,615,603.95,587.33,0.2828,67.7,8.95,1.502,241931304173548068362294812304441515487688376877695489752308001421312131072,-8.95,-2.164144299234626e+75,-100.0,False,1,1,1,0,1,2,1.0604307066249666e+77
ANANDRATHI.NS,2023-11-22,2024-01-09,600.54,600,620,608.92,687.39,0.4504,78.1,8.92,1.485,173130867288870756436603464266844772871548396000520097681609956533645344768,11.08,1.9182761775899317e+75,124.21,True,1,1,1,1,1,3,7.913533458696411e+76
ANTELOPUS.NS,2023-11-22,2024-01-09,477.4,475,490,481.86,494.9,0.4647,60.9,6.86,1.438,2196469676603472421943005856905589745068319306918341091348047016544947929088,8.14,1.7870515575866116e+76,118.53,True,1,1,1,1,1,3,7.716969942351644e+77
ALPA.NS,2023-11-22,2024-01-09,100.85,100,105,102.2,106.85,0.5971,89.3,2.2,2.179,1297202245933595157623719560602823933839401356818507957169926029717178155008,2.8,3.6352454292736454e+75,127.52,True,1,1,0,1,1,2,1.4617353544899015e+77
ASHAPURMIN.NS,2023-11-23,2024-01-10,344.04,345,355,349.42,420.82,0.4334,70.6,4.42,1.286,39240056379864097007360521940499828855493477999237700487273827798970934493184,5.58,2.1878791429775395e+77,126.02,True,1,1,1,1,1,3,8.899420389342105e+78
AJMERA.NS,2023-11-23,2024-01-10,87.52,90,95,91.72,93.67,0.4167,71.7,1.72,1.967,711141121681064024399826962477329087041573999450394812700455486748379578368,1.95,1.3845688480653482e+75,113.11,True,1,1,1,1,1,3,6.258887687666262e+76
3IINFOLTD.NS,2023-11-23,2024-01-10,48.45,50,55,51.65,53.0,0.6246,83.0,1.65,3.4,279710931345904580538270086493289205236432397664233961207722773092749017088,1.35,3.78335802900882e+74,82.1,True,1,1,0,1,1,2,2.341818535974247e+76
ANTELOPUS.NS,2023-11-23,2024-01-10,513.2,515,530,521.58,495.7,0.5158,75.1,6.58,1.282,2345003528426837679812377433339311535552184154243958491316554904346571046912,-6.58,-1.543393988470329e+76,-100.0,False,1,1,1,1,1,3,7.562630543504611e+77
63MOONS.NS,2023-11-23,2024-01-10,420.53,420,435,426.68,460.53,0.374,97.5,6.68,1.588,51315934862705029188720180435305492326728235848454352581749735187256705024,8.32,4.271239227130684e+74,124.67,True,1,1,0,1,1,2,1.7557878934088417e+76
20MICRONS.NS,2023-11-23,2024-01-10,175.81,175,180,177.35,172.22,0.2727,83.3,2.35,1.339,990,-2.35,-2331.28,-100.0,False,1,1,0,1,1,2,114314.67
ALBERTDAVD.NS,2023-11-23,2024-01-10,940.58,940,970,953.47,1067.88,0.3389,79.3,13.47,1.432,205236135919863826657020321401701303607773382508061849874116036710377717760,16.53,3.393249455186531e+75,122.77,True,1,1,1,0,1,2,1.4158498057565572e+77
ANIKINDS.NS,2023-11-23,2024-01-10,56.9,55,60,57.26,51.2,0.5709,76.2,2.26,3.976,8188389583369675570766940633631740219522448125315700831194747895327701860352,-2.26,-1.8526505470154807e+76,-100.0,False,1,1,1,0,1,2,9.077987680375856e+77
ANGELONE.NS,2023-11-24,2024-01-11,293.02,295,300,297.22,364.73,0.5383,60.7,2.22,0.757,8945951415171397806984918762738772515073703221194577633876332279546968539136,2.78,2.4877292212581783e+76,125.31,True,1,1,1,0,1,2,1.017500535376342e+78
63MOONS.NS,2023-11-24,2024-01-11,422.57,425,435,429.42,458.99,0.3727,,4.42,1.046,79456896425037320488193666007018625395397438732672827934599593289834299392,5.58,4.434113855686049e+74,126.27,True,1,1,0,1,1,2,1.800129031965702e+76
ALBERTDAVD.NS,2023-11-24,2024-01-11,998.63,1000,1030,1013.37,1087.59,0.3477,85.0,13.37,1.338,211869922394305488595844146852943964443052634166547021250364863292855287808,16.63,3.52439806031605e+75,124.46,True,1,1,0,1,1,2,1.4510937863597176e+77
ASHAPURMIN.NS,2023-11-24,2024-01-11,356.97,355,370,361.7,423.42,0.443,71.9,6.7,1.878,26546649077473015706123983877857901661912396801748282274548578192491383095296,8.3,2.2021132837525313e+77,123.72,True,1,1,1,1,1,3,9.119631717717357e+78
20MICRONS.NS,2023-11-24,2024-01-11,179.55,180,185,182.22,174.88,0.2731,83.6,2.22,1.235,1031,-2.22,-2285.53,-100.0,False,1,1,0,1,1,2,112029.14
5PAISA.NS,2023-11-24,2024-01-11,498.85,500,515,506.64,690.1,0.4233,74.1,6.64,1.331,48418902319433512042075827740147827065256251592134677512042975459756998656,8.36,4.048954593208826e+74,125.98,True,1,1,1,1,1,3,1.6474299232851887e+76
ANIKINDS.NS,2023-11-24,2024-01-11,59.7,60,65,61.92,49.9,0.5609,76.8,1.92,3.215,9458771120244612520180316954966322195231483970912261231452145704654205878272,-1.92,-1.8155975360751712e+76,-100.0,False,1,1,1,1,1,3,8.896427926768339e+77
ALBERTDAVD.NS,2023-11-28,2024-01-12,1046.93,1045,1080,1060.75,1081.43,0.3682,85.9,15.75,1.505,184210601360256662804042466992897665035668904568959895512802157096243036160,19.25,3.545183474889548e+75,122.16,True,1,1,0,1,1,2,1.4865456211086132e+77
63MOONS.NS,2023-11-28,2024-01-12,443.44,445,455,449.5,450.39,0.3602,,4.5,1.015,79952544867745715004144136221395153010031593808242075425387123699756302336,0.89,7.095862095241414e+73,19.71,True,1,1,0,1,1,2,1.8072248940609437e+76
5PAISA.NS,2023-11-28,2024-01-12,519.05,520,535,526.68,656.25,0.4227,83.5,6.68,1.287,49332847182331115394372533066252033606476193183632595235451993215744344064,8.32,4.1050672307792904e+74,124.59,True,1,1,0,1,1,2,1.6884805955929815e+76
ADANIPOWER.NS,2023-11-28,2024-01-12,89.24,90,95,92.0,108.23,0.4815,71.3,2.0,2.236,960837406909425113263488125567180245355872605471137240076684500510070276096,3.0,2.887211371690697e+75,150.61,True,1,1,1,1,1,3,9.873599451451213e+76
ASHAPURMIN.NS,2023-11-28,2024-01-12,369.2,370,380,374.46,418.67,0.4506,76.0,4.46,1.208,40890611144667564233703693442693876724176264549435083732560601712156089516032,5.54,2.2651347709232851e+77,124.19,True,1,1,1,0,1,2,9.346145194809686e+78
ARE&M.NS,2023-11-28,2024-01-12,687.63,690,710,698.6,787.71,0.2135,88.3,8.6,1.251,8830403952215009300517562696971554506929140101967018527508868290318031650816,11.4,1.0062332058972771e+77,132.43,True,1,1,0,1,1,2,3.899861243318351e+78
ANGELONE.NS,2023-11-28,2024-01-12,295.56,295,305,299.45,365.47,0.5196,73.1,4.45,1.506,4570366119266813928758604394879830699067271731694160154686988825721550405632,5.55,2.53536504851413e+76,124.59,True,1,1,1,0,1,2,1.0428541858614832e+78
ANIKINDS.NS,2023-11-28,2024-01-12,62.65,65,70,66.65,50.7,0.5663,77.4,1.65,2.64,10758633912398846522410495510391130323465514893220717591733444059916639666176,-1.65,-1.779285585353668e+76,-100.0,False,1,1,1,0,1,2,8.718499368232972e+77
ATLANTAA.NS,2023-11-28,2024-01-12,22.75,25,30,25.94,23.55,0.6486,75.2,0.94,4.119,462070452202541122247910895779956659494192128085838476517601631396353470889984,-0.94,-4.330424028773074e+77,-100.0,False,1,1,1,0,1,2,2.1219077740988062e+79
AJMERA.NS,2023-11-28,2024-01-12,87.98,90,95,91.79,100.79,0.4256,71.4,1.79,2.04,697632110869865259385415335809683856137218856748700882868608674309769003008,3.21,2.2363830168160737e+75,178.66,True,1,1,1,0,1,2,6.48252598934787e+76
20MICRONS.NS,2023-11-29,2024-01-15,180.83,180,185,182.35,173.8,0.3094,76.4,2.35,1.301,952,-2.35,-2239.27,-100.0,False,1,1,1,1,1,3,109789.87
ANANTRAJ.NS,2023-11-29,2024-01-15,258.96,260,265,262.26,327.08,0.2136,70.4,2.26,0.873,2596655631927321642706752719426920780569241327947671326649987609081717719040,2.74,7.113012717781807e+75,121.17,True,1,1,1,1,1,3,3.0062628481052184e+77
ASTERDM.NS,2023-11-29,2024-01-15,298.66,300,310,304.28,302.25,0.6591,77.5,4.28,1.435,55187197446979560512817858519441046736196131028606993214817228425013829304320,-2.03,-1.1228486812231437e+77,-47.48,False,1,1,1,1,1,3,1.1710939295681e+79
ABREL.NS,2023-11-29,2024-01-15,1242.96,1245,1280,1260.65,1442.52,0.3017,72.4,15.65,1.259,102727709828178244336899213377596190047434178306367835580295997704223326208,19.35,1.9879411308865237e+75,123.66,True,1,1,1,1,1,3,8.236437678587226e+76
ASIANHOTNR.NS,2023-11-29,2024-01-15,223.35,225,230,227.18,203.3,0.5663,56.5,2.18,0.977,286151657258384094011346264204402864355783733747158607435130159535739977596928,-2.18,-6.241967215131442e+77,-100.0,False,1,1,1,0,1,2,3.0585639354144064e+79
ATLANTAA.NS,2023-11-29,2024-01-15,23.85,25,30,26.23,23.55,0.649,75.8,1.23,5.165,344475231390891604133081275979623789820742026827587411901087483645750453207040,-1.23,-4.2438155481976127e+77,-100.0,False,1,1,1,0,1,2,2.0794696186168302e+79
ALBERTDAVD.NS,2023-11-29,2024-01-15,1047.23,1045,1080,1060.78,1077.58,0.3708,87.4,15.78,1.507,188371271766361455166361318622977911977933486145122495546369805093250793472,16.8,3.1649792900368585e+75,106.45,True,1,1,0,1,1,2,1.5181954140089817e+77
ANANDRATHI.NS,2023-11-30,2024-01-16,641.18,640,660,649.01,652.86,0.4557,84.1,9.01,1.406,175604760766824023864698636737958162570959905301457873219963671949078429696,3.85,6.764039683796204e+74,42.74,True,1,1,0,1,1,2,7.981173855534374e+76
ATLANTAA.NS,2023-11-30,2024-01-16,25.0,25,30,26.56,22.5,0.6435,76.4,1.56,6.26,265749998277715118778037401323227451066221775856499984699196287859522512355328,-1.56,-4.1589392372336604e+77,-100.0,False,1,1,1,1,1,3,2.0378802262444935e+79
ABREL.NS,2023-11-30,2024-01-16,1257.54,1260,1295,1275.62,1426.95,0.2952,71.2,15.62,1.242,105442758802218942721402770067849932217208164598588528609766335066960560128,19.38,2.043209022360218e+75,124.03,True,1,1,1,0,1,2,8.440758580823248e+76
ASIANENE.NS,2023-11-30,2024-01-16,207.36,205,215,209.53,279.11,0.4727,67.1,4.53,2.183,136389317347058441171739483195758209930945542803671661773445440827219490373632,5.47,7.4660020634352e+77,120.95,True,1,1,1,1,1,3,3.161124856269674e+79
ANANTRAJ.NS,2023-11-30,2024-01-16,267.64,270,275,272.16,319.0,0.2364,75.9,2.16,0.808,2780708768432744714292199595459362065430761734467209055201695463737252642816,2.84,7.891018145953286e+75,131.24,True,1,1,1,1,1,3,3.0851730295647514e+77
ARE&M.NS,2023-11-30,2024-01-16,697.0,695,720,706.04,789.33,0.1815,84.9,11.04,1.584,7065848446046070699168983336394523491300491156677934064556574212392168194048,13.96,9.864898628478476e+76,126.48,True,1,1,0,1,1,2,3.9985102296031355e+78
ASTRAMICRO.NS,2023-11-30,2024-01-16,574.13,575,590,581.77,587.92,0.3187,84.7,6.77,1.179,46274232010947937907386210103505146948691740688709532018476771007128521408512,6.15,2.846676057222809e+77,90.87,True,1,1,0,1,1,2,1.5948496972433513e+79
360ONE.NS,2023-11-30,2024-01-16,554.71,555,570,561.8,641.32,0.3062,70.5,6.8,1.225,64734445997827990494005206869100048789476392322045835194624086626294300672,8.2,5.309706561204182e+74,120.66,True,1,1,1,1,1,3,2.2533272348470505e+76
AJANTPHARM.NS,2023-11-30,2024-01-16,1914.34,1915,1970,1939.8,2229.76,0.3093,69.0,24.8,1.295,49325406475448055675270968764289068145053634960628835597652883459243245568,30.2,1.4897749817910213e+75,121.8,True,1,1,1,0,1,2,6.26458936997221e+76
ARTEMISMED.NS,2023-11-30,2024-01-16,170.64,170,175,172.32,183.01,0.3099,75.5,2.32,1.361,49266114690438355787298617863050966619631980850528104548663696603290598899712,2.68,1.3193473744438317e+77,115.33,True,1,1,1,0,1,2,5.851726537834813e+78
APOLLOHOSP.NS,2023-12-01,2024-01-17,5555.17,5555,5720,5629.23,5887.76,0.2759,68.3,74.23,1.336,1216883909013122894057182215189760910800849487058310432931241799543267786752,90.77,1.1045258166139322e+77,122.27,True,1,1,1,0,1,2,4.627115747949996e+78
ASTERDM.NS,2023-12-01,2024-01-17,303.04,305,310,307.19,330.19,0.6904,74.5,2.19,0.722,107063843416245609693548160775536753005365139327798684028003396631801253330944,2.81,3.0110043116760804e+77,128.56,True,1,1,1,1,1,3,1.2012039726848608e+79
ARE&M.NS,2023-12-01,2024-01-17,755.07,755,780,766.12,782.31,0.3143,92.3,11.12,1.473,7191017344890534654478623442079572899811503396160893289826828647801422872576,13.88,9.980522903020065e+76,124.8,True,1,1,0,1,1,2,4.098315458633336e+78
ABREL.NS,2023-12-01,2024-01-17,1271.27,1270,1310,1288.03,1391.18,0.2927,71.9,18.03,1.418,93653352783579289777980605651442564373625074485092651206319921635377807360,21.97,2.057982395178522e+75,121.91,True,1,1,1,0,1,2,8.6465568203411e+76
ATLANTAA.NS,2023-12-01,2024-01-17,25.85,25,30,26.82,21.65,0.6185,80.4,1.82,7.038,224028636348321058066052709122697021163388442474440884614265149141564977577984,-1.82,-4.075760452488987e+77,-100.0,False,1,1,0,1,1,2,1.9971226217196036e+79
ASHAPURMIN.NS,2023-12-01,2024-01-17,380.89,380,390,384.57,428.51,0.4629,76.1,4.57,1.201,40869680251971371430297925536907809780817222793858003927912149793288711307264,5.43,2.2177389862352002e+77,118.64,True,1,1,1,0,1,2,9.567919093433206e+78
ASIANENE.NS,2023-12-01,2024-01-17,217.68,220,225,222.15,279.26,0.4794,71.4,2.15,0.989,293728976958115162818458440698225364582113758902477360376769033302038273851392,2.85,8.364199135366411e+77,132.3,True,1,1,1,1,1,3,3.244766847623338e+79
360ONE.NS,2023-12-01,2024-01-17,567.84,570,585,576.64,626.73,0.3132,71.6,6.64,1.17,67854584840619284100432938756053810682901780167802236575111836099653140480,8.36,5.671533256398791e+74,125.85,True,1,1,1,0,1,2,2.3100425674110384e+76
ARVSMART.NS,2023-12-01,2024-01-17,411.68,410,425,416.79,467.91,0.3628,88.1,6.79,1.649,10977830544579370516641376791907014286581269052069057068723961994972927885312,8.21,9.015977511918729e+76,121.01,True,1,1,0,1,1,2,3.81554392759435e+78
ASIANHOTNR.NS,2023-12-01,2024-01-17,229.8,230,235,232.25,198.55,0.5444,62.6,2.25,0.981,271416204253319898530394387703850388936565541700339233821805618903653120212992,-2.25,-6.117127870828813e+77,-100.0,False,1,1,1,0,1,2,2.997392656706118e+79
APOLLOTYRE.NS,2023-12-01,2024-01-17,427.36,425,440,431.9,455.66,0.3278,68.9,6.9,1.615,17597174204927596124919036063382579386061777032895686462605989197828526702592,8.1,1.4253223768868097e+77,117.38,True,1,1,1,1,1,3,6.213801006950329e+78
63MOONS.NS,2023-12-01,2024-01-17,512.29,510,530,519.0,436.08,0.334,,9.0,1.757,40164196117633956631887552551693037858113514140900790976398161599224872960,-9.0,-3.614449788121887e+74,-100.0,False,1,1,0,1,1,2,1.771080396179725e+76
ASHIANA.NS,2023-12-04,2024-01-18,256.51,255,265,259.52,291.25,0.433,68.8,4.52,1.762,55689506889664221366979529534533101338586680366069120129783753689830445285376,5.48,3.0520650137981185e+77,121.26,True,1,1,1,0,1,2,1.288963487722133e+79
ANMOL.NS,2023-12-04,2024-01-18,61.0,60,65,62.12,59.35,0.3736,69.2,2.12,3.47,7198140503874717709170504447905870746590177220271544508527405692285337206784,-2.12,-1.5234220018496294e+76,-100.0,False,1,1,1,1,1,3,7.464767809063184e+77
360ONE.NS,2023-12-04,2024-01-18,584.08,585,600,591.78,623.34,0.2969,75.4,6.78,1.16,68179534625521003848773135004199834931905739103446582423075942227473596416,8.22,5.606845059006074e+74,121.36,True,1,1,1,1,1,3,2.366111018001099e+76
ASTRAMICRO.NS,2023-12-04,2024-01-18,608.63,610,625,616.77,565.52,0.3429,85.3,6.77,1.112,47127470189274987676978950411722324989362635700721980185643358201208557797376,-6.77,-3.189699394486703e+77,-100.0,False,1,1,0,1,1,2,1.5629527032984843e+79
APOLLOTYRE.NS,2023-12-04,2024-01-18,434.6,435,450,441.59,482.99,0.3276,71.8,6.59,1.517,18854677110560564539871009303965932525885638582949992508377289749795193225216,8.41,1.5854413651940188e+77,127.57,True,1,1,1,0,1,2,6.372345143469731e+78
ASIANHOTNR.NS,2023-12-04,2024-01-18,233.1,235,240,237.18,207.0,0.5286,73.6,2.18,0.937,274492852264831391093147677447991880537414602956102632314604850738158794440704,-2.18,-5.994785313412236e+77,-100.0,False,1,1,1,0,1,2,2.9374448035719956e+79
ARVSMART.NS,2023-12-04,2024-01-18,430.26,430,445,436.66,476.38,0.3746,93.2,6.66,1.549,11450228102798877481265556097863137395042456858256894567900897460271622127616,8.34,9.544254299009616e+76,125.07,True,1,1,0,1,1,2,3.910986470584446e+78
ASIANENE.NS,2023-12-04,2024-01-18,228.55,230,235,232.21,281.8,0.4955,75.2,2.21,0.965,294236824922206418405011746667879218382514646487083842475935163362573128040448,2.79,8.222307550863644e+77,126.7,True,1,1,1,0,1,2,3.3269899231319746e+79
APOLLOHOSP.NS,2023-12-04,2024-01-18,5586.36,5585,5755,5661.37,5952.29,0.2728,71.1,76.37,1.367,1211798221149378999206542314668819264975878962831470635106958590874436501504,93.63,1.1346338263639449e+77,122.61,True,1,1,1,1,1,3,4.740579130586391e+78
ADANIPOWER.NS,2023-12-04,2024-01-18,92.94,95,100,96.88,104.71,0.5296,73.1,1.88,2.027,1048133298801439283652201966029596816858872615976040277687136889208387403776,3.12,3.2659466037169536e+75,165.39,True,1,1,1,0,1,2,1.0200194111822908e+77
ABB.NS,2023-12-04,2024-01-18,4552.68,4555,4690,4615.5,4630.94,0.2844,75.1,60.5,1.329,1998426056984988854970396702933520708450063007856969475768600384793214976,15.45,3.0866025712816625e+73,25.53,True,1,1,1,1,1,3,6.075777782474777e+75
ABREL.NS,2023-12-04,2024-01-18,1316.2,1315,1355,1333.1,1382.12,0.3072,76.1,18.1,1.375,95564516956399223174487559059188459701888935491292095135689547072644579328,21.9,2.093269314187749e+75,121.05,True,1,1,1,1,1,3,8.855883751759874e+76
APOLLOTYRE.NS,2023-12-05,2024-01-19,443.01,445,455,449.47,486.28,0.3247,78.0,4.47,1.009,28501535965502968612178586764152458606044355689735520886826116548112446128128,5.53,1.5756845678563506e+77,123.63,True,1,1,1,0,1,2,6.529913600255366e+78
ADANIPOWER.NS,2023-12-05,2024-01-19,107.63,110,115,111.95,103.35,0.7147,85.8,1.95,1.815,1044190264133394913624756821564727746766334832947850798279287216479617941504,-1.95,-2.0400388223645815e+75,-100.0,False,1,1,0,1,1,2,9.99619022958645e+76
ANANTRAJ.NS,2023-12-05,2024-01-19,270.98,270,280,274.45,315.71,0.2011,73.1,4.45,1.644,1385261956199186212313858521829198424464899000953868202749819761432792662016,5.55,7.682273502862359e+75,124.5,True,1,1,1,0,1,2,3.161995764593375e+77
360ONE.NS,2023-12-05,2024-01-19,589.46,590,605,596.81,609.47,0.2508,77.1,6.81,1.155,69483575207066745471483691301612378046202651163436389709329027563754881024,8.19,5.690314245057814e+74,120.25,True,1,1,1,1,1,3,2.423014160451677e+76
ABREL.NS,2023-12-05,2024-01-19,1324.01,1325,1365,1342.85,1393.96,0.2887,73.9,17.85,1.348,99217906155912307816376606548430193707938515186109293992951260483676012544,22.15,2.1975394958845177e+75,124.07,True,1,1,1,0,1,2,9.075637701348326e+76
ASTERDM.NS,2023-12-05,2024-01-19,306.59,305,315,309.44,328.46,0.6873,73.5,4.44,1.447,54164488393891509965820612747031060219591609895463726970853498023138018983936,5.56,3.0140408940194296e+77,125.46,True,1,1,1,0,1,2,1.231344381625055e+79
ABSLAMC.NS,2023-12-05,2024-01-19,441.15,440,455,446.72,457.66,0.2037,61.6,6.72,1.523,341172718343827844968090563121760875158829553965761321190729824814158053376,8.28,2.8253570005993587e+75,123.26,True,1,1,1,1,1,3,1.174370457285023e+77
ANMOL.NS,2023-12-05,2024-01-19,61.35,60,65,62.2,59.8,0.3705,55.0,2.2,3.586,6785768093572305411458726189220512727084665962312831154881843957767170162688,-2.2,-1.4929535618126366e+76,-100.0,False,1,1,1,0,1,2,7.31547245288192e+77
ASIANENE.NS,2023-12-05,2024-01-19,239.97,240,245,242.28,276.67,0.4957,79.4,2.28,0.95,291796192858329627453337758056315431391185456273804309167009411640457527558144,2.72,7.935829796652534e+77,119.26,True,1,1,1,0,1,2,3.4063482210985e+79
ABB.NS,2023-12-05,2024-01-19,4764.9,4765,4910,4830.11,4739.19,0.3125,80.1,65.11,1.366,1866251546324053071650245861927946792709474502510907451635741686956556288,-65.11,-1.2151555564949555e+74,-100.0,False,1,1,0,1,1,2,5.9542622268252816e+75
ADANIPORTS.NS,2023-12-05,2024-01-19,999.67,1000,1030,1013.27,1137.18,0.5762,87.5,13.27,1.327,150771799088829051181431626374902188297454535035128370847475565860675911680,16.73,2.523125787617146e+75,126.15,True,1,1,0,1,1,2,1.0252453504000343e+77
AHLUCONT.NS,2023-12-05,2024-01-19,857.06,855,885,868.26,815.35,0.5912,79.6,13.26,1.547,64966559423161989348441383111892901024409383334929926594998947196054798336,-13.26,-8.613841833171539e+74,-100.0,False,1,1,1,0,1,2,4.2207824982540534e+76
ASIANENE.NS,2023-12-06,2024-01-23,249.99,250,255,252.28,274.92,0.5062,83.2,2.28,0.913,298427960497021218647744906959502079634908863058316332108381340136405762834432,2.72,8.108701582654061e+77,119.02,True,1,1,0,1,1,2,3.48743523692504e+79
360ONE.NS,2023-12-06,2024-01-23,629.54,630,650,638.89,600.02,0.3221,80.7,8.89,1.412,54515690150967141974085068012883092114942418284784633519261984815537192960,-8.89,-4.846028320903354e+74,-100.0,False,1,1,0,1,1,2,2.3745538772426434e+76
ANGELONE.NS,2023-12-06,2024-01-23,302.56,305,310,307.22,287.32,0.4835,57.2,2.22,0.733,9405421720652883282816841420840120454262465154320650350811249795182196948992,-2.22,-2.0857083717229665e+76,-100.0,False,1,1,1,1,1,3,1.0219971021442536e+78
APOLLOTYRE.NS,2023-12-06,2024-01-23,446.68,445,460,451.85,492.99,0.3207,75.1,6.85,1.534,19062968254074704399034855665923330807571172953588020541796633610988795461632,8.15,1.5534625180601326e+77,118.95,True,1,1,1,0,1,2,6.685259852061379e+78
ANMOL.NS,2023-12-06,2024-01-23,61.55,60,65,62.25,57.6,0.3702,63.0,2.25,3.653,6507054960856869126167093743772238259481177257536842376483629070934834413568,-2.25,-1.463094490576384e+76,-100.0,False,1,1,1,0,1,2,7.169163003824282e+77
ALKEM.NS,2023-12-06,2024-01-23,4608.96,4610,4745,4670.74,4696.63,0.2859,75.6,60.74,1.318,36955931367740874017042005364055881740344949934844147979943443801445498880,25.89,9.568760976445664e+74,42.63,True,1,1,1,0,1,2,1.1319559159588891e+77
AGSTRA.NS,2023-12-06,2024-01-23,97.9,100,105,101.94,113.4,0.798,74.0,1.94,1.985,612818294522709795797533255588330625519314500968794218192593375326839504896,3.06,1.8732070777308074e+75,157.3,True,1,1,1,0,1,2,6.141742682186788e+76
ADVENZYMES.NS,2023-12-06,2024-01-23,348.58,350,360,354.4,359.53,0.4055,66.5,4.4,1.262,287475525164508359682385996785906806169233090367618302810956168468575027200,5.14,1.4768271940642729e+75,116.82,True,1,1,1,1,1,3,6.468421291729184e+76
ADANIPOWER.NS,2023-12-06,2024-01-23,112.09,110,115,112.27,103.51,0.7193,87.2,2.27,2.021,882398097531243144160333859650832203990962278557440116743577114572159451136,-2.27,-1.99923804591729e+75,-100.0,False,1,1,0,1,1,2,9.796266424994721e+76
AAKASH.NS,2023-12-06,2024-01-23,8.9,10,15,10.34,9.35,0.5621,84.6,0.34,3.764,681902642210709487638081162180311793582905407768473703235859794224794828800,-0.34,-2.284433081835466e+74,-100.0,False,1,1,0,1,1,2,1.1193722100993781e+76
ADANIPORTS.NS,2023-12-06,2024-01-23,1004.46,1005,1035,1018.26,1122.03,0.5767,87.7,13.26,1.32,154677480421240288070935197611831839265745812278800110930111815299614375936,16.74,2.5898337118371405e+75,126.3,True,1,1,0,1,1,2,1.0511436875184056e+77
ABSLAMC.NS,2023-12-06,2024-01-23,443.3,445,455,449.44,450.79,0.2037,58.9,4.44,1.001,529432896402172170302066743503823486076333811775101869225637132283064352768,1.35,7.169547487274929e+74,30.53,True,1,1,1,1,1,3,1.181540004772298e+77
ABSLAMC.NS,2023-12-07,2024-01-24,445.59,445,460,451.62,447.4,0.198,60.2,6.62,1.485,357065970484619577708586542560637867222340338565211757272410347405773373440,-4.22,-1.505600813884037e+75,-63.71,False,1,1,1,0,1,2,1.1664839966334576e+77
ABREL.NS,2023-12-07,2024-01-24,1325.3,1325,1365,1342.99,1347.0,0.2787,68.0,17.99,1.358,100879693978705108638608782164919203832915911166017053601432844910247018496,4.0,4.0386860920454936e+74,22.25,True,1,1,1,0,1,2,9.116024562268782e+76
21STCENMGM.NS,2023-12-07,2024-01-24,25.37,25,30,25.63,38.54,0.0713,,0.63,2.498,3850,4.37,16809.88,688.89,True,1,1,0,1,1,2,138831.62
ARVIND.NS,2023-12-07,2024-01-24,222.43,220,230,224.61,291.68,0.3595,58.0,4.61,2.071,28883458707278569494758617992093362257422451145322643934860225602107889156096,5.39,1.5578605741273204e+77,117.09,True,1,1,1,0,1,2,6.808212540415414e+78
AMBIKCO.NS,2023-12-07,2024-01-24,1626.2,1625,1675,1647.56,1644.38,0.3251,61.3,22.56,1.387,72503853517981248169287191307184172038735541976805510108553881683390103552,-3.18,-2.3062818830639205e+74,-14.1,False,1,1,1,0,1,2,8.155083758943368e+76
AAKASH.NS,2023-12-07,2024-01-24,10.65,10,15,11.35,9.2,0.806,91.9,1.35,12.697,165564845807229962877450646820209431317778552696362835050512896996195434496,-1.35,-2.2387444201987563e+74,-100.0,False,1,1,0,1,1,2,1.0969847658973907e+76
ALKEM.NS,2023-12-07,2024-01-24,4768.61,4770,4910,4832.81,4875.99,0.2582,79.6,62.81,1.317,36043385917678061365395294444508656872364713541829611651270653059683844096,43.18,1.5562470926178434e+75,68.74,True,1,1,1,0,1,2,1.1475183868850676e+77
ANANTRAJ.NS,2023-12-07,2024-01-24,277.41,275,285,279.75,313.82,0.2212,73.2,4.75,1.711,1332348695228040249286400572559865937708914004555891975438024286894989246464,5.25,6.9994954230936524e+75,110.68,True,1,1,1,0,1,2,3.2319907188243115e+77
ALEMBICLTD.NS,2023-12-07,2024-01-24,88.89,90,95,91.89,88.21,0.3794,71.2,1.89,2.127,1333724635227313269017426733358366249442166357826880157759758079577332645888,-1.89,-2.5209641110921043e+75,-100.0,False,1,1,1,1,1,3,1.2352724144351312e+77
ADANIPORTS.NS,2023-12-07,2024-01-24,1025.87,1025,1055,1038.36,1105.75,0.5735,88.5,13.36,1.302,157374119941970880717295803154091259344910554889134497607221748965924929536,16.64,2.618936223222315e+75,124.58,True,1,1,0,1,1,2,1.0773330497506287e+77
AMJLAND.NS,2023-12-07,2024-01-24,40.16,40,45,41.86,40.96,0.674,57.1,1.86,4.636,637613692381775890254483686832282462010509244912610430656085157501938434048,-0.9,-5.759641967872591e+74,-48.51,False,1,1,1,0,1,2,5.878413546182395e+76
ALOKINDS.NS,2023-12-08,2024-01-25,23.3,25,30,26.01,32.25,0.5957,67.4,1.01,4.351,2273457736083662473713229141574024610195306918498858370661320724340419854336,3.99,9.062482109172805e+75,393.2,True,1,1,1,1,1,3,1.243028106714482e+77
ASIANENE.NS,2023-12-08,2024-01-25,259.51,260,265,262.27,296.61,0.5006,85.3,2.27,0.874,307497952368195191939000650207982220575488250655577483035633087534312175173632,2.73,8.400027144559679e+77,120.43,True,1,1,0,1,1,2,3.571435508370637e+79
AAKASH.NS,2023-12-08,2024-01-25,12.75,15,20,15.75,9.05,0.9727,94.5,0.75,5.857,293810589361780544765966628137824517004089142484680802175009464361368420352,-0.75,-2.1939695317947815e+74,-100.0,False,1,1,0,1,1,2,1.0750450705794428e+76
ANANTRAJ.NS,2023-12-08,2024-01-25,278.66,280,285,282.26,315.11,0.2212,70.7,2.26,0.811,2860245850606912788614810518191485458027987757159019866293251023598558117888,2.74,7.837247815385941e+75,121.24,True,1,1,1,1,1,3,3.310363196978171e+77
APTUS.NS,2023-12-08,2024-01-25,304.54,305,315,309.4,353.71,0.3309,70.2,4.4,1.446,29642081259943075588967343423042568784355286192078682895766722273595852062720,5.6,1.6589173006440145e+77,127.09,True,1,1,1,1,1,3,6.692345856815866e+78
AMBIKCO.NS,2023-12-11,2024-01-29,1700.26,1700,1750,1722.54,1655.14,0.3793,74.1,22.54,1.326,72354308800800575433016057252839689204351318231876069810510167011229696000,-22.54,-1.6310167517886739e+75,-100.0,False,1,1,1,1,1,3,7.9919820837645e+76
AHLUCONT.NS,2023-12-11,2024-01-29,858.91,860,885,870.96,817.9,0.6348,61.9,10.96,1.276,76994435029441946467706483911391627421873423622311352734160177059762012160,-10.96,-8.441564996508107e+74,-100.0,False,1,1,1,0,1,2,4.1363668482889726e+76
ADVENZYMES.NS,2023-12-11,2024-01-29,354.69,355,365,359.49,358.61,0.4135,74.5,4.49,1.266,288213931109729856981912332750032071082259610605858585735923309118234820608,-0.88,-2.5222469594014284e+74,-19.5,False,1,1,1,1,1,3,6.443198822135171e+76
AKASH.NS,2023-12-11,2024-01-29,38.3,40,45,41.52,39.9,0.7032,83.5,1.52,3.972,1285598365009125885399047486939547708534125012673454684117313274430275715072,-1.52,-1.9555145714855863e+75,-100.0,False,1,1,0,1,1,2,9.582021400279372e+76
ALANKIT.NS,2023-12-11,2024-01-29,15.2,15,20,16.15,19.4,0.5135,59.3,1.15,7.576,1696805320949606423282821134341300411380845892692106360226083897841209573376,3.25,5.512095354755031e+75,282.11,True,1,1,1,0,1,2,1.032044658619238e+77
APTUS.NS,2023-12-11,2024-01-29,316.08,315,325,319.58,354.62,0.3456,80.6,4.58,1.45,29207651411666562296579868120632273803558328359833873635637492238095384313856,5.42,1.582295969803483e+77,118.22,True,1,1,0,1,1,2,6.850575453796214e+78
ANMOL.NS,2023-12-11,2024-01-29,63.9,65,70,66.7,59.55,0.3863,80.7,1.7,2.657,8443855392329059190347885630904533964834274292436267385549147570468544315392,-1.7,-1.4338326007648565e+76,-100.0,False,1,1,0,1,1,2,7.025779743747796e+77
ASHOKA.NS,2023-12-11,2024-01-29,150.05,150,155,152.23,172.4,0.3881,60.1,2.23,1.485,146731860723615838066026398945162312549648434264331440549619317391147407507456,2.77,4.066898476949485e+77,124.38,True,1,1,1,1,1,3,1.675516264385148e+79
AAATECH.NS,2023-12-11,2024-01-29,81.1,80,85,82.18,92.68,0.6593,60.8,2.18,2.684,123442229966061610088404024492439659735842304832903277799442006465100906496,2.82,3.485114288246884e+74,129.7,True,1,1,1,1,1,3,1.3783497479105667e+76
AMDIND.NS,2023-12-11,2024-01-29,87.15,85,90,87.32,70.05,0.585,59.0,2.32,2.659,618930051216641765620486056049492708570705691619440358151075668581354045440,-2.32,-1.4343233752086586e+75,-100.0,False,1,1,1,0,1,2,7.028184538522427e+76
ARVEE.NS,2023-12-11,2024-01-29,190.2,190,195,192.11,164.8,1.0231,82.3,2.11,1.107,41368388092229701215380632589176771916264122435765086359739879885023987367936,-2.11,-8.708286415389926e+76,-100.0,False,1,1,0,1,1,2,4.267060343541064e+78
ALOKINDS.NS,2023-12-11,2024-01-29,23.35,25,30,26.01,32.05,0.5791,67.4,1.01,4.305,2473416991072718118578468223775651887833216654226443890249154884837033639936,3.99,9.881028741934627e+75,397.46,True,1,1,1,1,1,3,1.341838394133828e+77
20MICRONS.NS,2023-12-11,2024-01-29,186.44,185,190,187.35,166.47,0.4703,67.3,2.35,1.258,936,-2.35,-2195.18,-100.0,False,1,1,1,1,1,3,107594.69
AARON.NS,2023-12-11,2024-01-29,150.95,150,155,152.33,137.51,0.329,81.1,2.33,1.543,75898357235026516785489684750222623979055437024660229472587267530616209408,-2.33,-1.7677628744318174e+74,-100.0,False,1,1,0,1,1,2,8.662038084715905e+75
ANANTRAJ.NS,2023-12-11,2024-01-29,287.49,285,295,289.77,310.08,0.2371,81.3,4.77,1.658,1389074232585493176188694373001494188160156592799993051597268242344353726464,5.23,7.27001593189859e+75,109.81,True,1,1,0,1,1,2,3.383063356297157e+77
ALPA.NS,2023-12-11,2024-01-29,101.2,100,105,102.27,103.2,0.4222,62.2,2.27,2.246,1286401736613824210680831785213372808953085117574543002642064937571384819712,0.93,1.193010922397885e+75,40.81,True,1,1,1,1,1,3,1.4736654637138804e+77
AMBIKCO.NS,2023-12-12,2024-01-30,1727.01,1725,1780,1749.77,1650.5,0.3702,78.5,24.77,1.434,64521898220808220312674906522655615080551646175772736697211356498544820224,-24.77,-1.5983964167528998e+75,-100.0,False,1,1,1,1,1,3,7.83214244208921e+76
ALANKIT.NS,2023-12-12,2024-01-30,15.85,15,20,16.48,19.05,0.4988,58.8,1.48,9.333,1395290340903042233343553321149061420472973415194615315406722432286473584640,2.57,3.586835498896795e+75,173.77,True,1,1,1,1,1,3,1.067913013608206e+77
AAATECH.NS,2023-12-12,2024-01-30,82.91,85,90,86.87,92.97,0.6538,63.8,1.87,2.256,147401719045985330267857944713230445772977475229901586210452892478001381376,3.13,4.613386456478133e+74,167.35,True,1,1,1,1,1,3,1.424483612475348e+76
ALEMBICLTD.NS,2023-12-12,2024-01-30,92.69,95,100,96.79,89.17,0.4311,74.6,1.79,1.934,1378025141633824535932600392051684021564243861866347244985896958425139511296,-1.79,-2.4705448288702624e+75,-100.0,False,1,1,1,1,1,3,1.2105669661464286e+77
AMDIND.NS,2023-12-12,2024-01-30,90.4,90,95,92.14,72.7,0.5658,58.1,2.14,2.366,657283988085440501068152063489604184010341524884902888283196521237960458240,-2.14,-1.4056369077044853e+75,-100.0,False,1,1,1,1,1,3,6.887620847751979e+76
ARVEE.NS,2023-12-12,2024-01-30,201.2,200,205,202.13,160.5,1.0272,84.6,2.13,1.061,39994447019223114405602540397012663418812263160094710978421808186991883321344,-2.13,-8.534120687082128e+76,-100.0,False,1,1,0,1,1,2,4.181719136670243e+78
ANMOL.NS,2023-12-12,2024-01-30,64.05,65,70,66.73,60.5,0.3851,80.7,1.73,2.698,8132588253518727311950502347222968950769300639247205393189401746220630671360,-1.73,-1.4051559487495591e+76,-100.0,False,1,1,0,1,1,2,6.88526414887284e+77
ALPA.NS,2023-12-12,2024-01-30,106.0,105,110,107.25,100.85,0.4438,69.6,2.25,2.124,1308936642661097160760738889249321752482631390085362098897471754127104016384,-2.25,-2.9473309274277607e+75,-100.0,False,1,1,1,1,1,3,1.4441921544396027e+77
ALANKIT.NS,2023-12-13,2024-01-31,16.2,15,20,16.68,18.7,0.4969,65.5,1.68,10.347,1274206671997379782621063923180335851491873309700295776422087586714371489792,2.02,2.578739631316435e+75,120.74,True,1,1,1,1,1,3,1.0937004099213703e+77
ALPA.NS,2023-12-13,2024-01-31,108.4,110,115,111.92,100.2,0.3724,66.6,1.92,1.773,1502994786001743974853145932078706556838048271023976782705469562012328525824,-1.92,-2.8883843088792054e+75,-100.0,False,1,1,1,0,1,2,1.4153083113508105e+77
ADVENZYMES.NS,2023-12-13,2024-01-31,354.83,355,365,359.5,369.13,0.4088,73.1,4.5,1.268,286302575533434073127601007021583455305793632749386629648775016870309789696,5.5,1.5743859909073066e+75,122.17,True,1,1,1,0,1,2,6.600637421225901e+76
ARVIND.NS,2023-12-13,2024-01-31,228.19,230,235,232.18,307.64,0.3288,59.3,2.18,0.957,62330283239996242336709370723880231360995262145727535992832329289115671461888,2.82,1.7548716539167292e+77,128.88,True,1,1,1,1,1,3,6.983699705807087e+78
ARIHANTSUP.NS,2023-12-13,2024-01-31,274.62,275,285,279.29,381.95,0.2552,72.8,4.29,1.562,25947301947744830533048443668652094421291596147889868933822145249118963892224,5.71,1.481492980814701e+77,133.08,True,1,1,1,0,1,2,5.71433536788038e+78
ANMOL.NS,2023-12-13,2024-01-31,64.25,65,70,66.54,61.75,0.2502,80.9,1.54,2.39,8967685392206573252837017886981045492863742527715123354542881287808424607744,-1.54,-1.377052829774568e+76,-100.0,False,1,1,0,1,1,2,6.747558865895383e+77
AAATECH.NS,2023-12-13,2024-01-31,84.23,85,90,87.0,92.92,0.6537,71.5,2.0,2.375,142399009133557346267640418865492822469831934297437381259343240080329277440,3.0,4.270983231727171e+74,149.91,True,1,1,1,1,1,3,1.4671934447926197e+76
ARCHIES.NS,2023-12-14,2024-02-01,28.7,30,35,30.98,36.0,0.4002,75.2,0.98,3.422,85818501924233516347901358974763343641249481399436372128728688441819026948096,4.02,3.4480697036601225e+77,409.09,True,1,1,1,1,1,3,4.559083933123779e+78
AHLUCONT.NS,2023-12-14,2024-02-01,864.8,865,890,876.25,881.78,0.3937,59.3,11.25,1.301,73512605370898282106900371874087256410823904990645085957510953483739594752,5.53,4.063914471960784e+74,49.12,True,1,1,1,0,1,2,4.17700599300858e+76
AMBIKCO.NS,2023-12-14,2024-02-01,1736.58,1735,1790,1759.76,1670.12,0.3368,69.6,24.76,1.426,63259402343068872763973525650757556148724715834783001520771355004236726272,-24.76,-1.566428488417842e+75,-100.0,False,1,1,1,0,1,2,7.675499593247425e+76
ANGELONE.NS,2023-12-14,2024-02-01,307.51,310,315,312.23,324.67,0.4227,62.4,2.23,0.724,9179861961838305800263216091379835212931861583724055120502693252380374335488,2.77,2.545936776630646e+76,124.56,True,1,1,1,0,1,2,1.04745646991056e+78
ANMOL.NS,2023-12-14,2024-02-01,65.35,65,70,66.86,60.55,0.2401,95.0,1.86,2.848,7251563794698086834596983792220817284833902826683670871572872002694824329216,-1.86,-1.3495117731790767e+76,-100.0,False,1,1,0,1,1,2,6.612607688577475e+77
ANANTRAJ.NS,2023-12-14,2024-02-01,295.61,295,305,299.49,313.92,0.2592,83.0,4.49,1.52,1505634592762899785896347367935004837693709883197851916504049685849798868992,5.51,8.290219215034684e+75,122.53,True,1,1,0,1,1,2,3.465965548447504e+77
AMJLAND.NS,2023-12-14,2024-02-01,41.21,40,45,42.05,43.19,0.4223,57.6,2.05,4.976,573413420561478004245364103277482624609244397714407830845977477869060751360,1.14,6.550780544899215e+74,55.72,True,1,1,1,1,1,3,5.943921351631387e+76
21STCENMGM.NS,2023-12-14,2024-02-01,27.89,30,35,30.0,42.42,0.0104,,0.0,0.0,1843557729674275962644348019591856655768441850780984891319410973241562365952,5.0,9.21778864837138e+75,3.319772711998429e+74,True,1,1,0,1,1,2,9.21778864837138e+75
ADVENZYMES.NS,2023-12-14,2024-02-01,360.75,360,370,364.58,365.84,0.4106,79.5,4.58,1.268,288549147557825474622740465700982485310387120715301522364173399339288231936,1.26,3.641795394267068e+74,27.59,True,1,1,1,1,1,3,6.637055375168571e+76
AMDIND.NS,2023-12-14,2024-02-01,90.95,90,95,92.2,79.1,0.5575,67.3,2.2,2.418,626256952734759093635943539168273471273794159759780612583010375169705246720,-2.2,-1.3775241695503958e+75,-100.0,False,1,1,1,1,1,3,6.749868430796939e+76
AMBIKCO.NS,2023-12-15,2024-02-02,1746.77,1745,1800,1769.8,1669.79,0.3345,71.1,24.8,1.42,61904859373967068254585739544434402281413953628011499846957186730625597440,-24.8,-1.535099918649485e+75,-100.0,False,1,1,1,0,1,2,7.521989601382477e+76
AAATECH.NS,2023-12-15,2024-02-02,85.3,85,90,87.12,92.44,0.5266,76.3,2.12,2.48,138694932446476216139106037886731260384560736585618965551555229482154459136,2.88,4.000359732738571e+74,136.33,True,1,1,1,0,1,2,1.5071970421200054e+76
ALKEM.NS,2023-12-15,2024-02-02,4797.72,4800,4940,4862.71,4796.11,0.2515,68.6,62.71,1.307,36598266280327642876256692578996137484943937704762630358105478386291834880,-62.71,-2.2950367737701354e+75,-100.0,False,1,1,1,1,1,3,1.1245680191473662e+77
ARVIND.NS,2023-12-15,2024-02-02,242.79,245,250,247.19,304.66,0.4192,70.8,2.19,0.9,63905641508450635091583475056423669561238795188347208442886479984662931308544,2.81,1.798542134261114e+77,128.77,True,1,1,1,1,1,3,7.163553919233198e+78
ANANTRAJ.NS,2023-12-15,2024-02-02,297.26,295,305,299.73,322.09,0.2594,85.8,4.73,1.592,1464644594509349692140389894308488124204771719889290366147121599907828334592,5.27,7.714514848198488e+75,111.29,True,1,1,0,1,1,2,3.543110696929489e+77
AMDIND.NS,2023-12-15,2024-02-02,92.35,90,95,92.36,79.75,0.551,70.4,2.36,2.551,573063905991943022782885054412141873355056893841808496767051334284851806208,-2.36,-1.3499736861593878e+75,-100.0,False,1,1,1,0,1,2,6.614871062181e+76
AFFLE.NS,2023-12-15,2024-02-02,1213.2,1215,1250,1230.39,1230.6,0.2044,82.7,15.39,1.269,81000811727148477151204081295503460137304645610388482850426314764301893632,0.21,1.7008214240463712e+73,1.36,True,1,1,0,1,1,2,6.234713177144908e+76
ASHIMASYN.NS,2023-12-15,2024-02-02,19.05,20,25,21.17,21.85,0.7199,72.1,1.17,6.125,218042838050226097526402008781847797472997891691218372724569591173880341331968,0.68,1.489828230419053e+77,58.56,True,1,1,1,1,1,3,1.2868808349429643e+79
ANGELONE.NS,2023-12-15,2024-02-02,314.04,315,325,319.38,322.69,0.4179,61.5,4.38,1.396,4779697953296813470905607919337146770080020242000376652214155416664822251520,3.3,1.5786338459027242e+76,75.36,True,1,1,1,0,1,2,1.0632428083695874e+78
ALANKIT.NS,2023-12-15,2024-02-02,16.4,15,20,16.75,19.3,0.43,70.1,1.75,10.701,1246406363172084174303846425549501017606549497223873515565364486388020412416,2.55,3.1721455908646322e+75,145.02,True,1,1,1,1,1,3,1.1254218658300166e+77
ARCHIES.NS,2023-12-15,2024-02-02,31.2,30,35,31.96,34.95,0.4775,78.9,1.96,6.291,46454978410915843969875455952908646957936880831778670255898286244571780218880,2.99,1.3877049991389366e+77,152.19,True,1,1,1,1,1,3,4.697854433037673e+78
ANGELONE.NS,2023-12-18,2024-02-05,323.09,325,335,329.32,310.53,0.417,64.1,4.32,1.337,4922425039553000200380295866152407061756944618353641833556465258192875552768,-4.32,-2.1264856167391743e+76,-100.0,False,1,1,1,0,1,2,1.0419779522021956e+78
ADVENZYMES.NS,2023-12-18,2024-02-05,363.46,365,375,369.41,368.65,0.3877,76.9,4.41,1.213,301072427377672845043536851687245596920130418285167262270990149944122277888,-0.76,-2.2877419274518647e+74,-17.23,False,1,1,1,0,1,2,6.614177955894052e+76
ARE&M.NS,2023-12-18,2024-02-05,766.9,765,790,776.34,874.43,0.3576,72.0,11.34,1.478,7230080814167404439894055687632115799695728427700560448718554953650377064448,13.66,9.878571118151838e+76,120.52,True,1,1,1,0,1,2,4.197101169814855e+78
ALLDIGI.NS,2023-12-18,2024-02-05,609.89,610,630,618.88,681.4,0.3004,59.2,8.88,1.456,238808012885759768897940821527538575922676766886924086157879922018821865472,11.12,2.655298844465262e+75,125.2,True,1,1,1,1,1,3,1.0869836950696192e+77
AFFLE.NS,2023-12-18,2024-02-05,1245.8,1245,1285,1262.74,1195.0,0.2143,84.2,17.74,1.424,70275888503087904102438374603626904225094351385357170709386655527730151424,-17.74,-1.2469426354289817e+75,-100.0,False,1,1,0,1,1,2,6.110018913602011e+76
ABSLAMC.NS,2023-12-18,2024-02-05,453.94,455,470,461.35,457.66,0.1993,65.8,6.35,1.398,367546024478369881161820359407387026623735942278963539436116547979607801856,-3.68,-1.3538024124300078e+75,-58.03,False,1,1,1,1,1,3,1.1529459725091575e+77
ABB.NS,2023-12-18,2024-02-05,4805.99,4805,4950,4870.3,4294.56,0.3225,79.6,65.3,1.359,1823634661718401043081189654368477520437486216636527978458559905651490816,-65.3,-1.1908524453650565e+74,-100.0,False,1,1,1,0,1,2,5.835176982288776e+75
ARIHANTSUP.NS,2023-12-18,2024-02-05,284.35,285,295,289.35,378.03,0.3484,71.8,4.35,1.529,26289589919987146073044244386885488335144151962811095001236144519600488316928,5.65,1.4860919184226387e+77,130.03,True,1,1,1,1,1,3,5.862944559722644e+78
ARTEMISMED.NS,2023-12-19,2024-02-07,177.5,175,185,179.54,177.6,0.2724,65.9,4.54,2.555,25806411211364963357165073763644616305244306066814853260545225187707555151872,-1.94,-5.002866602647935e+76,-42.75,False,1,1,1,1,1,3,5.801697871808333e+78
ASTRAMICRO.NS,2023-12-19,2024-02-06,619.58,620,640,628.86,657.16,0.2906,77.5,8.86,1.429,35300736113976482503719262226212541998934985758983927586072996913710911979520,11.14,3.9342418161983276e+77,125.86,True,1,1,1,1,1,3,1.6022951214604674e+79
ALKEM.NS,2023-12-19,2024-02-06,4814.59,4815,4960,4879.79,4939.97,0.2388,68.3,64.79,1.346,34711807621893757792541905585593516246071470126814583498378051812170137600,60.17,2.088653475704911e+75,92.86,True,1,1,1,0,1,2,1.1454545539044153e+77
ARE&M.NS,2023-12-19,2024-02-06,767.58,770,790,778.92,871.05,0.3581,74.3,8.92,1.162,9407370752523741665632836365927624234764326575468856468939680693088006701056,11.08,1.0420539165417773e+77,124.14,True,1,1,1,0,1,2,4.301306561469033e+78
ANANTRAJ.NS,2023-12-19,2024-02-06,302.4,300,310,304.76,326.43,0.2528,82.1,4.76,1.575,1487839346705983425632766679463328599248985048605677925238870424273803018240,5.24,7.792172073200855e+75,109.96,True,1,1,0,1,1,2,3.6210324176614974e+77
21STCENMGM.NS,2023-12-20,2024-02-07,30.07,30,35,30.31,40.72,0.0093,,0.31,1.027,596886198859957442740342632836839128682231318607133751629503098713932824576,4.69,2.8000752213323597e+75,1518.84,True,1,1,0,1,1,2,1.2017863869703739e+76
ASHIANA.NS,2023-12-21,2024-02-08,270.73,270,280,274.47,308.67,0.2938,69.7,4.47,1.651,57684735124778436040226218266476701649599339338344741136838547792818490834944,5.53,3.1905465370335775e+77,123.76,True,1,1,1,1,1,3,1.3208689530924688e+79
ADVENZYMES.NS,2023-12-21,2024-02-08,363.99,365,375,369.45,367.78,0.3918,75.9,4.45,1.223,297214011455995778650190895949133858760310881830831757698321811068575285248,-1.67,-4.976512918553203e+74,-37.62,False,1,1,1,0,1,2,6.564412826708521e+76
ARMANFIN.NS,2023-12-21,2024-02-08,2641.45,2640,2720,2675.53,2274.35,0.565,76.9,35.53,1.345,2599376520606257940500140225411179340470078080162815618638502241428337328128,-35.53,-9.235219161726125e+76,-100.0,False,1,1,1,1,1,3,4.525257389245801e+78
ARTEMISMED.NS,2023-12-21,2024-02-09,182.47,180,190,184.54,175.91,0.3381,66.9,4.54,2.489,25550925186196699845583283018035824582300036087456418870832463918502416220160,-4.54,-1.1603395743616666e+77,-100.0,False,1,1,1,1,1,3,5.685663914372167e+78
ADVENZYMES.NS,2023-12-22,2024-02-09,364.29,365,375,369.47,370.15,0.3845,76.4,4.47,1.228,293411892908607836548672857439489318692821697087938264222910255621533073408,0.68,1.987689166172551e+74,15.14,True,1,1,1,0,1,2,6.584289718370247e+76
ASHIANA.NS,2023-12-22,2024-02-09,271.07,270,280,274.51,306.46,0.279,67.4,4.51,1.666,58511299770906597989388707109374204029097768941581977279925734701895923007488,5.49,3.2093920709057225e+77,121.49,True,1,1,1,0,1,2,1.3529628738015261e+79
ANTGRAPHIC.NS,2023-12-22,2024-02-09,1.35,5,10,5.0,1.65,0.7921,66.7,0.0,0.0,60264807001684904426260099173029714645689385125692926244014177415706234173945544704,-0.0,-1.2241524968938128e+76,-100.0,False,1,1,1,0,1,2,5.998347234779683e+77
ARVIND.NS,2023-12-22,2024-02-09,253.24,255,260,257.22,285.91,0.4463,71.7,2.22,0.875,64626654472394709572015800403416637151662655338271367566185762657342414913536,2.78,1.7986219397730958e+77,125.54,True,1,1,1,0,1,2,7.343416113210508e+78
ASIANENE.NS,2023-12-22,2024-02-09,283.25,285,290,287.23,313.41,0.4843,74.3,2.23,0.788,319945830935126804599502641367397079930717397115186916426206452358984184627200,2.77,8.854420530015067e+77,123.96,True,1,1,1,0,1,2,3.6599797136707874e+79
ASTRAZEN.NS,2023-12-22,2024-02-09,5293.07,5295,5450,5364.41,5683.66,0.4483,72.4,69.41,1.311,6089568929992498749871670633777865712437076859797390746148543272656014671872,85.59,5.211815095437026e+77,123.3,True,1,1,1,1,1,3,2.165626523980044e+79
5PAISA.NS,2023-12-26,2024-02-12,542.7,545,560,551.61,566.5,0.3689,67.7,6.61,1.218,51101033286242592554792375487798666853790833699314058949577760395851988992,8.39,4.2881938017504255e+74,126.98,True,1,1,1,1,1,3,1.731362533610486e+76
ANTGRAPHIC.NS,2023-12-26,2024-02-12,1.4,5,10,5.0,1.6,0.7863,73.3,0.0,0.0,35895709618363236983288396018062659148960927181044029457660143608955881722067550208,-0.0,-1.1996694469559366e+76,-100.0,False,1,1,1,0,1,2,5.878380290084089e+77
AJMERA.NS,2023-12-26,2024-02-12,88.72,90,95,91.65,134.61,0.2399,62.8,1.65,1.858,786452206638753596970783638035971122090740186702960741044312335551094063104,3.35,2.635755835324194e+75,203.3,True,1,1,1,0,1,2,6.746101572880288e+76
ALANKIT.NS,2023-12-26,2024-02-12,17.15,15,20,17.24,19.3,0.4602,70.0,2.24,13.067,1004381305546660859967862273412696552082788540303738852486454959492902682624,2.06,2.0679951159084842e+75,91.88,True,1,1,1,1,1,3,1.1461018169891015e+77
AARTIIND.NS,2023-12-26,2024-02-12,630.5,630,650,638.98,671.33,0.3915,70.6,8.98,1.425,14937778644393840127154254065739415192424339850532542075537829552910761984,11.02,1.6456502631140834e+74,122.64,True,1,1,1,1,1,3,6.874092355134832e+75
ALKEM.NS,2023-12-26,2024-02-12,4849.56,4850,4995,4914.86,5022.03,0.2386,68.7,64.86,1.337,35320997413540211909120291708466994470403857613855340326477903427669065728,80.14,2.8306355171545e+75,123.56,True,1,1,1,0,1,2,1.1737609090759603e+77
ADVENZYMES.NS,2023-12-26,2024-02-12,370.3,370,380,374.56,372.96,0.3852,77.5,4.56,1.231,288791353336390073268247972843541086201908440704591023395507010422613999616,-1.6,-4.609275406992916e+74,-35.0,False,1,1,1,0,1,2,6.538196964300318e+76
ARVIND.NS,2023-12-26,2024-02-12,260.13,260,270,264.39,265.6,0.4497,75.9,4.39,1.687,33467284701738604669420675665172548966377363115129514279096932765418158817280,1.21,4.050680137412495e+76,27.58,True,1,1,1,0,1,2,7.383922914584633e+78
ALIVUS.NS,2023-12-26,2024-02-12,651.28,650,670,658.91,855.7,0.1433,63.7,8.91,1.369,276220873123511927989373473263210719987591384863532497568908444495987605504,11.09,3.0620134234877896e+75,124.35,True,1,1,1,0,1,2,1.2618221537261024e+77
ASIANENE.NS,2023-12-26,2024-02-12,286.14,285,295,289.5,298.2,0.4789,72.2,4.5,1.574,162540316675375976940323032639062858738543063773883692143600479071800425185280,5.5,8.934072240196022e+77,122.05,True,1,1,1,0,1,2,3.7493204360727474e+79
ASTRAZEN.NS,2023-12-26,2024-02-12,5606.43,5605,5775,5680.97,5406.84,0.4831,77.7,75.97,1.355,5701070740580209121975402340718034981059951808026455930819011170162012323840,-75.97,-4.3312530479600883e+77,-100.0,False,1,1,1,1,1,3,2.122313993500443e+79
3MINDIA.NS,2023-12-27,2024-02-13,34653.53,34655,35695,35116.39,29969.44,0.5554,78.6,461.39,1.331,1126152638845370708936358576824926490374753371680284843266663638917709824,-461.39,-5.196004226971585e+74,-100.0,False,1,1,1,1,1,3,2.5460420712160763e+76
ALKEM.NS,2023-12-27,2024-02-13,4949.82,4950,5100,5017.05,5162.57,0.2444,69.7,67.05,1.355,35011129123703218794520235727345508711851858797457402820292664951551557632,82.95,2.904147550403562e+75,123.71,True,1,1,1,0,1,2,1.2028023845799958e+77
ARE&M.NS,2023-12-27,2024-02-13,796.89,795,820,806.31,829.33,0.4346,65.4,11.31,1.42,7603804234962943839212874006626973309111405866508310104977456963285512355840,13.69,1.0406897464469292e+77,120.97,True,1,1,1,1,1,3,4.4053755361137255e+78
AJANTPHARM.NS,2023-12-27,2024-02-13,1934.97,1935,1995,1961.47,2113.29,0.199,59.9,26.47,1.368,47331913280272716361745668956742643035437435209083053482316902574468366336,33.53,1.5869969228219208e+75,126.66,True,1,1,1,1,1,3,6.423289062254402e+76
ALIVUS.NS,2023-12-27,2024-02-13,654.22,655,675,663.41,861.67,0.1384,65.5,8.41,1.286,300042486885519745386871733997889422317204764032278199298419018960407101440,11.59,3.47720543025819e+75,137.79,True,1,1,1,0,1,2,1.2965942080286843e+77
AARTIIND.NS,2023-12-27,2024-02-13,643.1,645,660,651.76,660.13,0.3909,71.4,6.76,1.05,20352392674609631639302227934842478218299463189413012154419798328798609408,8.24,1.6780404301644781e+74,122.06,True,1,1,1,1,1,3,7.04189639815128e+75
ABINFRA.NS,2023-12-27,2024-02-13,4.3,5,10,5.11,3.99,0.5231,63.6,0.11,2.451,1932960999429606842199030028219732758033574817768044500425416442942593171456,-0.11,-2.0365080786725003e+74,-100.0,False,1,1,1,1,1,3,9.978889585495252e+75
AARTISURF.NS,2023-12-27,2024-02-13,712.95,715,735,723.87,672.73,0.4307,79.5,8.87,1.244,15897288422472730733649823190176971662329057950444977064678056610699935744,-8.87,-1.4100737898715872e+74,-100.0,False,1,1,1,1,1,3,6.909361570370778e+75
ALANKIT.NS,2023-12-27,2024-02-13,18.0,20,25,20.52,18.95,0.4799,74.5,0.52,2.87,4436334100466748328579209845502627651970538901802503663789302573007680569344,-0.52,-2.292203633978203e+75,-100.0,False,1,1,1,1,1,3,1.1231797806493194e+77
5PAISA.NS,2023-12-27,2024-02-13,549.45,550,565,556.76,552.1,0.3461,68.0,6.76,1.231,51188027331782233387593214720290849970449610496741214754067149141611380736,-4.66,-2.38778899033053e+74,-68.96,False,1,1,1,1,1,3,1.7074846437071804e+76
AKSHARCHEM.NS,2023-12-27,2024-02-13,320.19,320,330,324.33,259.85,0.7621,71.7,4.33,1.353,498970047129136544268435556843694903291252246688939163674422745822692114432,-4.33,-2.1615939838320734e+75,-100.0,False,1,1,1,1,1,3,1.059181052077716e+77
APOLLOHOSP.NS,2023-12-27,2024-02-13,5650.85,5650,5820,5725.88,6675.66,0.2163,57.4,75.88,1.343,1249514359021721162933763127873492987718213142315891366645708768098803253248,94.12,1.1760585842196479e+77,124.04,True,1,1,1,0,1,2,4.858184989008356e+78
5PAISA.NS,2023-12-28,2024-02-14,554.6,555,570,561.78,539.1,0.3455,69.2,6.78,1.223,50337164163378448029408120710897108949675995648525049553343307561960472576,-6.78,-3.414969287414361e+74,-100.0,False,1,1,1,0,1,2,1.6733349508330367e+76
ANGELONE.NS,2023-12-28,2024-02-14,329.23,330,340,334.42,316.64,0.442,67.5,4.42,1.342,4716900196189495151166283644416179608650519821533850198213613577544801452032,-4.42,-2.0839559044043913e+76,-100.0,False,1,1,1,0,1,2,1.0211383931581517e+78
ALANKIT.NS,2023-12-28,2024-02-14,18.9,20,25,20.78,18.6,0.4699,75.3,0.78,4.148,2865406675380985297860842989518856833073089188345166777747639352241040654336,-0.78,-2.246359561298639e+75,-100.0,False,1,1,1,1,1,3,1.100716185036333e+77
APARINDS.NS,2023-12-28,2024-02-14,5921.63,5920,6100,6000.92,5994.05,0.2784,77.8,80.92,1.367,646586223485374951730489041519683798535743944731443758053663881320200142848,-6.87,-4.4425265124066174e+75,-8.49,False,1,1,1,1,1,3,2.6117734778192387e+78
ALKEM.NS,2023-12-28,2024-02-14,4999.6,5000,5150,5067.13,5108.3,0.2447,65.3,67.13,1.343,35837346257882858514790983315450542730277354949371069985840189495715037184,41.17,1.475502836270121e+75,61.34,True,1,1,1,0,1,2,1.217557412942697e+77
AARTISURF.NS,2023-12-28,2024-02-14,752.32,750,775,761.27,667.79,0.4609,82.0,11.27,1.499,12256342487928610497745501690579370554842714957464021747903999002881818624,-11.27,-1.3818723140741556e+74,-100.0,False,1,1,0,1,1,2,6.771174338963362e+75
ASAHISONG.NS,2023-12-28,2024-02-14,304.65,305,315,309.41,307.14,0.3119,64.1,4.41,1.447,16920947436979490872881639243349091391063788829845717973979416440616381317120,-2.27,-3.841910607069409e+76,-51.49,False,1,1,1,1,1,3,3.6923670256233642e+78
360ONE.NS,2023-12-28,2024-02-14,687.07,685,710,696.16,691.08,0.4764,64.7,11.16,1.625,42537850822709271040054464057718260178433605982622387244016200215242473472,-5.08,-2.1608519265336958e+74,-45.5,False,1,1,1,0,1,2,2.3529453579773066e+76
ABINFRA.NS,2023-12-28,2024-02-14,4.51,5,10,5.18,3.99,0.5438,68.1,0.18,3.962,1116946346201899805595378617335488785069813849771727050907477469681527291904,-0.18,-1.9957779170990502e+74,-100.0,False,1,1,1,1,1,3,9.779311793785347e+75
ASIANHOTNR.NS,2023-12-28,2024-02-14,233.8,235,240,237.23,143.95,0.3139,55.8,2.23,0.956,262939439837960243834772605946192351819633325171284885263209372521973743091712,-2.23,-5.874889607143991e+77,-100.0,False,1,1,1,1,1,3,2.8786959075005557e+79
ARE&M.NS,2023-12-28,2024-02-14,805.38,805,830,816.21,843.71,0.4309,64.4,11.21,1.391,7862388406533805689927407367463945918804070093710526607239711455329799634944,13.79,1.0845219944107063e+77,123.09,True,1,1,1,0,1,2,4.513827735554796e+78
APOLLOHOSP.NS,2023-12-28,2024-02-14,5723.43,5725,5895,5800.7,6710.63,0.2176,65.4,75.7,1.323,1283600536067894670392508088162566106799118917693916568523557881392582885376,94.3,1.2104839135137497e+77,124.58,True,1,1,1,0,1,2,4.979233380359731e+78
3MINDIA.NS,2023-12-29,2024-02-15,35528.87,35530,36595,36000.14,29319.22,0.6045,73.3,470.14,1.323,1083110134882833415103386922185065314117077225098213473525637780229586944,-470.14,-5.092084142432153e+74,-100.0,False,1,1,1,1,1,3,2.4951212297917547e+76
AHLADA.NS,2023-12-29,2024-02-15,127.38,125,130,127.43,132.8,0.418,78.7,2.43,1.909,420457155455949868523796362947149552653449859099303403525536716594815696896,2.57,1.080060621472603e+75,105.66,True,1,1,1,1,1,3,5.219131841182992e+76
ARCHIDPLY.NS,2023-12-29,2024-02-15,98.95,100,105,101.98,97.0,0.4208,79.8,1.98,1.999,54294641072730810218426268029477782489209086819557576618482785313594265305088,-1.98,-1.0740887342632982e+77,-100.0,False,1,1,1,1,1,3,5.263034797890161e+78
3IINFOLTD.NS,2023-12-29,2024-02-15,48.95,50,55,51.63,55.1,0.4839,64.5,1.63,3.337,286752896629760494651561292625911372200840001171634980316337623029176598528,3.37,9.65400775953953e+74,206.12,True,1,1,1,1,1,3,2.4383586135696423e+76
ANMOL.NS,2023-12-29,2024-02-15,65.4,65,70,66.98,56.25,0.3269,64.2,1.98,3.024,6686252009872952707813604180378315308533115237839985033515927766247187415040,-1.98,-1.322521537715495e+76,-100.0,False,1,1,1,0,1,2,6.480355534805926e+77
ALKEM.NS,2023-12-29,2024-02-15,5073.97,5075,5225,5141.98,5179.25,0.2245,76.9,66.98,1.32,36353701182707473743442347267858433269437335459752354130860695496723267584,37.27,1.3547407715812044e+75,55.63,True,1,1,1,0,1,2,1.231104820658509e+77
AARTIIND.NS,2023-12-29,2024-02-15,646.94,645,665,654.15,679.15,0.3566,73.1,9.15,1.415,15386079011452443311280399015390708839424656240882104304108225155381067776,10.85,1.6688365226602326e+74,118.49,True,1,1,1,1,1,3,7.208780050417303e+75
AIRAN.NS,2023-12-29,2024-02-15,27.45,25,30,27.46,28.55,0.3885,74.0,2.46,8.946,490070372088776002398803809543181211302630384171062359679123286503075086336,1.09,5.363117209967541e+74,44.56,True,1,1,1,1,1,3,6.07081980222157e+76
360ONE.NS,2023-12-29,2024-02-15,688.09,690,710,698.83,696.7,0.4756,63.9,8.83,1.284,53282034113186325291044672908942310699180221638303654332795180583948910592,-2.13,-1.1368659870814765e+74,-24.16,False,1,1,1,0,1,2,2.3415766981064917e+76
ANGELONE.NS,2023-12-29,2024-02-15,335.85,335,345,339.55,316.05,0.4427,78.1,4.55,1.354,4492388074441218708970566811713012828350159335884513098322900371550911856640,-4.55,-2.0422767863163033e+76,-100.0,False,1,1,1,0,1,2,1.0007156252949887e+78
AFFLE.NS,2023-12-29,2024-02-15,1306.1,1305,1345,1323.06,1183.2,0.3448,76.7,18.06,1.383,67645956043952092535722498654255213449679681252512338277207620691846758400,-18.06,-1.2220037827204022e+75,-100.0,False,1,1,1,1,1,3,5.98781853532997e+76
5PAISA.NS,2023-12-29,2024-02-15,566.25,565,585,573.97,575.5,0.3508,77.8,8.97,1.584,37305571200034052617000870276926381646260178920821403017945479621526945792,1.53,5.704150743375021e+73,17.04,True,1,1,1,1,1,3,1.6790391015764118e+76
APARINDS.NS,2023-12-29,2024-02-15,5981.01,5980,6160,6060.92,6034.27,0.2721,86.8,80.92,1.353,645505561606663658799025289030199193921854560247579817189294064191366234112,-26.66,-1.720607643829816e+76,-32.94,False,1,1,0,1,1,2,2.5945674013809405e+78
ABINFRA.NS,2023-12-29,2024-02-15,4.73,5,10,5.28,3.99,0.5613,71.9,0.28,5.874,703268388641871360654942481808088018596715501820327065914715621651837353984,-0.28,-1.9558623587570693e+74,-100.0,False,1,1,1,0,1,2,9.58372555790964e+75
AJANTPHARM.NS,2023-12-29,2024-02-15,2018.48,2020,2080,2046.7,2110.2,0.2423,75.6,26.7,1.323,48122484402987215572232957753332731980037354491054403039115701697105625088,33.3,1.6026912517283524e+75,124.76,True,1,1,1,0,1,2,6.583558187427237e+76
ASTERDM.NS,2023-12-29,2024-02-15,309.5,310,320,314.33,357.72,0.2267,57.0,4.33,1.4,56820207483061872214612623125632569775858467086246673708166731900888966758400,5.67,3.2193319850560766e+77,130.72,True,1,1,1,0,1,2,1.2635377014756159e+79
ANGELONE.NS,2024-01-01,2024-02-16,345.04,345,355,349.49,316.58,0.4467,79.7,4.49,1.303,4452847434854420711443385646652644866091738444576508420484640072266518888448,-4.49,-2.0014312505899773e+76,-100.0,False,1,1,1,0,1,2,9.80701312789089e+77
AAREYDRUGS.NS,2024-01-01,2024-02-16,60.65,60,65,62.06,50.15,0.7477,84.9,2.06,3.398,90563211507334529690425022671730748869303616497699772854677093653808152576,-2.06,-1.866548150322073e+74,-100.0,False,1,1,0,1,1,2,9.146085936578159e+75
5PAISA.NS,2024-01-01,2024-02-16,600.8,600,620,608.97,568.0,0.398,88.2,8.97,1.493,37447961970149970943492360924907440982664564079041809053454925420356960256,-8.97,-3.358078203152823e+74,-100.0,False,1,1,0,1,1,2,1.6454583195448834e+76
ALANKIT.NS,2024-01-01,2024-02-16,19.1,20,25,20.9,17.9,0.4967,73.5,0.9,4.729,2437318440028305901538013780583533429689134146158960279183598108857547620352,-0.9,-2.2014323700726663e+75,-100.0,False,1,1,1,0,1,2,1.0787018613356064e+77
AHLADA.NS,2024-01-01,2024-02-16,149.45,150,155,152.14,128.2,0.6817,87.2,2.14,1.435,486697007803211043416892929167710022866020273858640782086084337272348475392,-2.14,-1.0438263682365983e+75,-100.0,False,1,1,0,1,1,2,5.114749204359332e+76
AKASH.NS,2024-01-01,2024-02-16,42.2,40,45,42.18,37.2,0.9036,61.1,2.18,5.162,879711147462969608531795811942167522121355139981359315857569787657930670080,-2.18,-1.9164042800558746e+75,-100.0,False,1,1,1,1,1,3,9.390380972273785e+76
AGROPHOS.NS,2024-01-01,2024-02-16,48.47,50,55,51.64,48.28,0.6079,74.1,1.64,3.385,786761871644881736281147737766822962260843185184696189806565483223497834496,-1.64,-1.2911161145054507e+75,-100.0,False,1,1,1,1,1,3,6.326468961076708e+76
AARTIIND.NS,2024-01-01,2024-02-16,649.08,650,670,658.88,692.4,0.3552,72.9,8.88,1.369,16228782458238466198577016094290713745517264108772856671407274897205886976,11.12,1.8040004815642326e+74,125.13,True,1,1,1,0,1,2,7.389180098573727e+75
A2ZINFRA.NS,2024-01-01,2024-02-16,12.25,10,15,12.32,12.8,0.2925,93.1,2.32,18.96,151916265749834759335307347229416002070935980420552322074286338377825386496,0.48,7.253094276822408e+73,20.56,True,1,1,0,1,1,2,1.7714262458120295e+76
ASHIANA.NS,2024-01-01,2024-02-16,282.84,285,290,287.22,298.54,0.3255,79.9,2.22,0.786,121680590409372239220452674135152048852518252276281358377433480794230788980736,2.78,3.37810377286556e+77,124.84,True,1,1,1,1,1,3,1.3867439115301817e+79
3IINFOLTD.NS,2024-01-01,2024-02-16,52.5,50,55,52.4,53.25,0.5101,73.2,2.4,4.565,203491012529568654645906491254737584860326689449142742786672644175505129472,0.85,1.7367406800716963e+74,35.61,True,1,1,1,1,1,3,2.4557260203703594e+76
AIRAN.NS,2024-01-01,2024-02-16,30.85,30,35,31.87,28.55,0.5339,79.9,1.87,6.052,650283414956108154499911446849685584052655837504390028279468394062035288064,-1.87,-1.214163960444314e+75,-100.0,False,1,1,1,1,1,3,5.949403406177138e+76
ABCOTS.NS,2024-01-01,2024-02-16,132.95,135,140,136.95,329.3,0.3392,82.2,1.95,1.464,116794759581970677740970173359987452332003567996447345822613608744789999616,3.05,3.5670208314275316e+74,156.95,True,1,1,0,1,1,2,1.1720287821497765e+76
ASTRAZEN.NS,2024-01-01,2024-02-16,5607.23,5605,5775,5680.94,5465.84,0.4961,79.8,75.94,1.354,5589204768411793449651871232822423551316429965816950114221268038734793670656,-75.94,-4.244627987000886e+77,-100.0,False,1,1,1,0,1,2,2.079867713630434e+79
ARCHIDPLY.NS,2024-01-01,2024-02-16,103.85,105,110,106.99,95.15,0.4383,83.1,1.99,1.921,52770677588125832366426363193887173747627352857501052396000221388679057244160,-1.99,-1.0526069595780323e+77,-100.0,False,1,1,0,1,1,2,5.157774101932358e+78
AFFLE.NS,2024-01-01,2024-02-16,1320.1,1320,1360,1337.99,1161.9,0.3429,73.0,17.99,1.363,66576927268760323512600231915825504563070295653765434532397282014198235136,-17.99,-1.1975637070659941e+75,-100.0,False,1,1,1,0,1,2,5.868062164623371e+76
ARE&M.NS,2024-01-01,2024-02-16,809.89,810,835,821.2,846.8,0.3342,67.9,11.2,1.383,8058645561084428333190932879422813721930205146536884373726591563531133386752,13.8,1.1118958431601479e+77,123.17,True,1,1,1,0,1,2,4.62501731987081e+78
AMBUJACEM.NS,2024-01-01,2024-02-16,528.13,530,545,536.61,578.35,0.4639,63.6,6.61,1.252,208902847991485120349537523860594628019404899906435544703539661480520581120,8.39,1.752063725412322e+75,126.83,True,1,1,1,0,1,2,7.082601344841007e+76
ALPA.NS,2024-01-02,2024-02-19,111.1,110,115,112.25,103.0,0.5459,56.7,2.25,2.021,1260423286619143059390670237432215559069221003422611796436264697564168716288,-2.25,-2.830616622701621e+75,-100.0,False,1,1,1,1,1,3,1.3870021451237944e+77
ALOKINDS.NS,2024-01-02,2024-02-19,25.8,25,30,26.85,29.4,0.8732,64.4,1.85,7.156,1453664041111407794800980588981940123032420282478736216190925763344462774272,2.55,3.712444438093714e+75,138.33,True,1,1,1,1,1,3,1.3789628385147652e+77
ANANTRAJ.NS,2024-01-02,2024-02-19,303.64,305,315,309.3,345.23,0.32,63.8,4.3,1.415,1685286558514954004984919452853205830464705854621477432342700570976687489024,5.7,9.610800749826546e+75,132.71,True,1,1,1,0,1,2,3.717140425159763e+77
AAATECH.NS,2024-01-02,2024-02-19,89.06,90,95,92.0,90.73,0.6486,61.0,2.0,2.248,150534908450910807871990263805599713149785410176294939265355690728440725504,-1.28,-1.921571197290127e+74,-63.75,False,1,1,1,0,1,2,1.487981330147104e+76
ARVSMART.NS,2024-01-02,2024-02-19,458.89,460,475,466.56,621.21,0.3218,75.5,6.56,1.429,11928439451691667972584608145054019795378927494819527924912455106992441131008,8.44,1.007068623636861e+77,128.75,True,1,1,1,1,1,3,4.011693332948132e+78
ABCOTS.NS,2024-01-02,2024-02-19,135.2,135,140,137.22,345.75,0.3216,83.7,2.22,1.639,105776917838229627653435300574211305225517356751321198901865022644973207552,2.78,2.9447883276119283e+74,125.63,True,1,1,0,1,1,2,1.2014766654258958e+76
AARTIIND.NS,2024-01-02,2024-02-19,652.96,655,675,663.78,686.22,0.354,75.8,8.78,1.345,16823785099265704799224047259447575406595714416819024688758015383725670400,11.22,1.8869210001383955e+74,127.68,True,1,1,1,0,1,2,7.577872198587567e+75
ALIVUS.NS,2024-01-02,2024-02-19,710.42,710,730,719.1,877.58,0.3313,79.6,9.1,1.281,284986714176786941694731798412055168878025559479257136933429238620093415424,10.9,3.10654586747837e+75,119.8,True,1,1,1,1,1,3,1.327659666703468e+77
5PAISA.NS,2024-01-02,2024-02-19,645.3,645,665,653.95,585.35,0.4503,91.5,8.95,1.388,36751161074636920325313976692700576979513276783496405328272730903472504832,-8.95,-3.2909166390897667e+74,-100.0,False,1,1,0,1,1,2,1.612549153153986e+76
AJMERA.NS,2024-01-02,2024-02-19,89.14,90,95,91.78,140.16,0.2559,74.5,1.78,1.997,757827563944308103112530918542305511245276963300696952173021810529620983808,3.22,2.4399175051454828e+75,180.84,True,1,1,1,0,1,2,6.990093323394837e+76
ARIHANTSUP.NS,2024-01-02,2024-02-19,307.29,305,315,309.44,369.89,0.7289,64.1,4.44,1.446,26384628397084549863266045198084812513705131037966426954621664640522789060608,5.56,1.4658739277639261e+77,125.01,True,1,1,1,1,1,3,6.0095319524990365e+78
3IINFOLTD.NS,2024-01-02,2024-02-19,56.65,55,60,57.22,53.0,0.5635,77.8,2.22,3.921,221093038317817184396946956418640051499659287317619747412858213298442600448,-2.22,-4.911452040740719e+74,-100.0,False,1,1,1,1,1,3,2.4066114999629522e+76
AIRAN.NS,2024-01-02,2024-02-19,33.3,35,40,36.3,29.95,0.5726,83.0,1.3,3.908,914423989673441647647609729651270202433359996578979016551401307705144508416,-1.3,-1.1898806812354277e+75,-100.0,False,1,1,0,1,1,2,5.830415338053595e+76
AKASH.NS,2024-01-02,2024-02-19,50.55,50,55,51.96,37.65,1.0734,77.5,1.96,3.877,958194337995420389838591001529210532163498633062932245518884340924489400320,-1.96,-1.878076194454757e+75,-100.0,False,1,1,1,1,1,3,9.202573352828309e+76
AHLADA.NS,2024-01-02,2024-02-19,149.69,150,155,152.16,122.01,0.6737,91.6,2.16,1.443,473694454931341830677583179055278669336435863796390767798649473365855698944,-2.16,-1.0229498408718665e+75,-100.0,False,1,1,0,1,1,2,5.012454220272145e+76
AAATECH.NS,2024-01-03,2024-02-20,89.6,90,95,92.05,92.78,0.6465,59.9,2.05,2.292,144935725063079284690789807619957340983050264105763386788239600587735302144,0.72,1.0502299701335424e+74,35.29,True,1,1,1,0,1,2,1.4984836298484393e+76
ANANTRAJ.NS,2024-01-03,2024-02-20,309.03,310,320,314.35,344.34,0.3216,64.6,4.35,1.409,1707964329914515519386575125786584900619450968481086284877747542281626320896,5.65,9.64536244882563e+75,129.74,True,1,1,1,0,1,2,3.813594049648019e+77
AMBUJACEM.NS,2024-01-03,2024-02-20,529.91,530,545,536.78,582.01,0.3267,62.3,6.78,1.28,208820790494360077639017793347624484805408750757443344702124190528534740992,8.22,1.7157915884471997e+75,121.13,True,1,1,1,1,1,3,7.254180503685727e+76
AKSHOPTFBR.NS,2024-01-03,2024-02-20,13.75,15,20,15.58,11.55,0.5402,86.0,0.58,4.196,3319032312541585111765366575492760982842438580912272799990539974293332164608,-0.58,-1.9148315610991025e+75,-100.0,False,1,1,0,1,1,2,9.382674649385603e+76
ALIVUS.NS,2024-01-03,2024-02-20,726.04,725,750,736.19,874.95,0.3324,83.2,11.19,1.541,237385947629499055752731329450705904894369100020044511958248249210278248448,13.81,3.2793293573305405e+75,123.5,True,1,1,0,1,1,2,1.3604529602767734e+77
ALOKINDS.NS,2024-01-03,2024-02-20,27.65,30,35,31.3,29.05,0.8914,70.7,1.3,4.697,2123488500534762223684109731989500071639018940579345620526147515295513706496,-1.3,-2.7579256770295303e+75,-100.0,False,1,1,1,1,1,3,1.35138358174447e+77
ABCOTS.NS,2024-01-03,2024-02-20,139.3,140,145,142.12,345.75,0.3269,85.8,2.12,1.52,113483663174164664004124360497808646183349415250506386029031236377256132608,2.88,3.271229827856441e+74,136.13,True,1,1,0,1,1,2,1.2341889637044602e+76
AIRAN.NS,2024-01-03,2024-02-20,34.7,35,40,36.65,30.05,0.5738,84.5,1.65,4.745,708219225448371478771342025072393236701127273212972995583514547844567531520,-1.65,-1.166083067610719e+75,-100.0,False,1,1,0,1,1,2,5.7138070312925234e+76
ALKEM.NS,2024-01-03,2024-02-20,5110.93,5110,5265,5179.18,5304.23,0.2215,74.4,69.18,1.354,35588909979384640687096338791116571572821717495300787598482885058890825728,85.82,3.054071405487601e+75,124.04,True,1,1,1,0,1,2,1.261645534713385e+77
AAREYDRUGS.NS,2024-01-03,2024-02-20,66.45,65,70,67.12,50.65,0.9217,79.9,2.12,3.186,86396779045655972756641412703177817565315684187279309479037874375164428288,-2.12,-1.8292171873156318e+74,-100.0,False,1,1,1,1,1,3,8.963164217846595e+75
APOLLOHOSP.NS,2024-01-03,2024-02-20,5731.17,5730,5905,5807.83,6722.0,0.2086,69.6,77.83,1.358,1279518678173405575452042592356127324390344657273661426081431729155724017664,97.17,1.2433110107315136e+77,124.85,True,1,1,1,0,1,2,5.103564481432882e+78
5PAISA.NS,2024-01-03,2024-02-20,683.35,685,705,693.85,588.3,0.4638,92.9,8.85,1.295,36442226664880369289775405276880798936671266783259533360411918373841010688,-8.85,-3.2250983063079717e+74,-100.0,False,1,1,0,1,1,2,1.580298170090906e+76
ACE.NS,2024-01-03,2024-02-20,922.07,920,950,933.52,1125.66,0.435,71.1,13.52,1.467,198491616095117950465231671150531566954428724706376855014530933828519723008,16.48,3.270598116640829e+75,121.85,True,1,1,1,1,1,3,1.3747811642727628e+77
AIROLAM.NS,2024-01-03,2024-02-20,142.8,145,150,147.0,190.3,0.3832,72.9,2.0,1.397,521918405032269904501570456803714678561761304784309940661392237869018382336,3.0,1.5681126789784053e+75,150.57,True,1,1,1,1,1,3,5.3642079988125616e+76
AJMERA.NS,2024-01-04,2024-02-21,91.58,90,95,92.35,144.65,0.2892,71.6,2.35,2.561,596158814115925121660798309075169211116167907205663520176610496307466862592,2.65,1.5827754059006583e+75,113.22,True,1,1,1,1,1,3,7.148370863984902e+76
ALMONDZ.NS,2024-01-04,2024-02-21,19.26,20,25,21.26,18.62,0.7551,85.1,1.26,6.542,1632658174242429021542985983182813344848587522499039059336279262869892104192,-1.26,-2.0570346532382178e+75,-100.0,False,1,1,0,1,1,2,1.0079469800867268e+77
AAATECH.NS,2024-01-04,2024-02-21,90.04,90,95,92.1,90.77,0.6458,60.6,2.1,2.327,143050651782254850354942814816534219517856265070497312295579064505489948672,-1.32,-1.8885844591711785e+74,-63.02,False,1,1,1,0,1,2,1.4795977852567275e+76
ABREL.NS,2024-01-04,2024-02-21,1391.38,1390,1435,1410.05,1430.04,0.505,70.5,20.05,1.441,90948010660811464566358363818479452561911554282487455779754660704695615488,19.99,1.8180128234472396e+75,99.72,True,1,1,1,1,1,3,9.297825844613506e+76
ADANIPORTS.NS,2024-01-04,2024-02-21,1108.32,1110,1140,1123.49,1273.89,0.3152,60.3,13.49,1.217,159725581520975397776522102355658789418452999166418484375803239242452172800,16.51,2.6371013461280045e+75,122.39,True,1,1,1,0,1,2,1.1037040632119087e+77
ASAHISONG.NS,2024-01-04,2024-02-21,317.58,320,325,322.24,329.11,0.3383,67.5,2.24,0.706,32957047553821692443046510542053108844350369233873991574232617967812247289856,2.76,9.093789725664118e+76,123.14,True,1,1,1,1,1,3,3.783304922880005e+78
ARVSMART.NS,2024-01-04,2024-02-21,460.02,460,475,466.69,581.45,0.3207,73.9,6.69,1.453,12001923395985812746666746536731795948236550786869126913754558454070723477504,8.31,9.979498428082455e+76,124.38,True,1,1,1,1,1,3,4.111488317228956e+78
AKSHOPTFBR.NS,2024-01-04,2024-02-21,14.7,15,20,15.98,11.8,0.5607,88.1,0.98,6.658,1917381311574496795840762202772265840456377385604003343813875793273640976384,-0.98,-1.8765349298771206e+75,-100.0,False,1,1,0,1,1,2,9.195021156397891e+76
ALANKIT.NS,2024-01-04,2024-02-21,19.3,20,25,20.98,19.25,0.5007,72.0,0.98,5.102,2190849892658950286446369279054758161946522923918837516768670276878371651584,-0.98,-2.157403722671213e+75,-100.0,False,1,1,1,0,1,2,1.0571278241088943e+77
ALKEM.NS,2024-01-04,2024-02-21,5139.17,5140,5295,5208.94,5316.64,0.2185,78.3,68.94,1.342,36600022827014802184412628732767731689037374527307084007730651401965010944,86.06,3.149712468760524e+75,124.83,True,1,1,1,0,1,2,1.2931426594009902e+77
AIROLAM.NS,2024-01-04,2024-02-21,145.8,145,150,147.3,174.6,0.3817,75.2,2.3,1.575,467250133633633179534847711540168505209593903903573303074243130769948016640,2.7,1.2634090684056535e+75,117.76,True,1,1,1,1,1,3,5.490548905653127e+76
AJANTPHARM.NS,2024-01-04,2024-02-21,2217.89,2220,2285,2249.03,2070.86,0.2717,97.4,29.03,1.309,45358799326840203726239350439141580587378304326043458464068295369477324800,-29.03,-1.3167116374854475e+75,-100.0,False,1,1,0,1,1,2,6.451887023678692e+76
AMJLAND.NS,2024-01-04,2024-02-21,42.0,40,45,42.27,38.38,0.5139,53.3,2.27,5.405,523623968397006425499901989315225276308326805651491600121331367615026692096,-2.27,-1.1887842703262774e+75,-100.0,False,1,1,0,1,1,2,5.825042924598759e+76
AMBUJACEM.NS,2024-01-04,2024-02-21,543.11,545,560,551.63,581.02,0.3281,63.0,6.63,1.221,218704331092042657010754720618461536697184118667507399533538654623434276864,8.37,1.8297288656434945e+75,126.12,True,1,1,1,0,1,2,7.437153390250077e+76
A2ZINFRA.NS,2024-01-05,2024-02-22,14.25,15,20,15.34,14.5,0.2977,95.4,0.34,2.406,1033464367076263041393685329883356694453387522488761540805396500517453037568,-0.34,-3.542852491624059e+74,-100.0,False,1,1,0,1,1,2,1.7359977208957888e+76
ALPA.NS,2024-01-05,2024-02-22,111.4,110,115,112.27,104.55,0.5551,61.1,2.27,2.038,1221764409760341443309479404797430259745749863664404626158921377862278709248,-2.27,-2.7740042902475887e+75,-100.0,False,1,1,1,0,1,2,1.3592621022213186e+77
ALOKINDS.NS,2024-01-05,2024-02-22,32.3,30,35,32.13,28.55,1.0623,78.2,2.13,6.595,1268720564889786997523070282894043842523559803439470470368316831372851281920,-2.13,-2.70276716348894e+75,-100.0,False,1,1,1,1,1,3,1.3243559101095805e+77
ANANDRATHI.NS,2024-01-05,2024-02-22,667.18,665,685,674.24,904.38,0.2974,63.8,9.24,1.384,172808137271342989531563371579170323662691193135666978772379588261593481216,10.76,1.859927974319985e+75,116.52,True,1,1,1,0,1,2,8.167166652966372e+76
ARE&M.NS,2024-01-05,2024-02-22,819.61,820,845,831.19,819.02,0.3334,68.8,11.19,1.365,8267022766218475394898147435659252089573554558933689923729424542241359134720,-11.19,-9.250034639741621e+76,-100.0,False,1,1,1,0,1,2,4.532516973473394e+78
APTUS.NS,2024-01-05,2024-02-22,317.38,315,325,319.73,334.75,0.3298,57.2,4.73,1.489,28993191333431809879770932851675472724930479223766743377606993551162595082240,5.27,1.5292040425839382e+77,111.61,True,1,1,1,0,1,2,7.003495858054608e+78
ADANIPORTS.NS,2024-01-05,2024-02-22,1138.95,1140,1175,1155.59,1293.58,0.3201,64.4,15.59,1.369,141557092531933771625658233347103186543770335076604329579562914867048349696,19.41,2.7470901121938642e+75,124.45,True,1,1,1,0,1,2,1.1311749643338473e+77
ABSLAMC.NS,2024-01-05,2024-02-22,453.99,455,470,461.33,474.04,0.1914,60.1,6.33,1.394,364339481238124550428709919515420372658223365955548360245941456944567943168,8.67,3.1592002735535532e+75,137.01,True,1,1,1,0,1,2,1.184537975244693e+77
ANGELONE.NS,2024-01-05,2024-02-22,360.53,360,370,364.57,296.13,0.394,73.0,4.57,1.266,4296419983617108925297611977256031931477639293830712326986617046280129478656,-4.57,-1.961402625578178e+76,-100.0,False,1,1,1,0,1,2,9.610872865333073e+77
ARTEMISMED.NS,2024-01-05,2024-02-23,185.35,185,190,187.3,183.51,0.3722,69.1,2.3,1.24,49472257945132994944575432762861610905997078761130049875965036691648820543488,-2.3,-1.1371327828744334e+77,-100.0,False,1,1,1,0,1,2,5.571950636084724e+78
ALMONDZ.NS,2024-01-05,2024-02-22,22.99,25,30,26.25,18.33,0.9507,90.3,1.25,5.446,1610104854566508853334709817497500367296525129942757480928367769497278349312,-1.25,-2.0158939601734537e+75,-100.0,False,1,1,0,1,1,2,9.877880404849922e+76
ABREL.NS,2024-01-05,2024-02-22,1406.2,1405,1450,1425.05,1416.11,0.5043,75.9,20.05,1.426,92740190454326568106108730322575858173502430228351709678437908265159360512,-8.95,-8.296758444352195e+74,-44.62,False,1,1,1,1,1,3,9.214858260169984e+76
ALANKIT.NS,2024-01-05,2024-02-22,20.05,20,25,21.28,19.0,0.4965,72.4,1.28,6.403,1646834615852546504606756917023217277383236808815421955963727936455463403520,-1.28,-2.1142556482177886e+75,-100.0,False,1,1,1,0,1,2,1.0359852676267164e+77
ARVSMART.NS,2024-01-05,2024-02-22,472.39,470,485,476.96,573.61,0.3294,77.3,6.96,1.473,11814492529049492438598352055251102719295611301102435972108001361899087200256,8.04,9.498762159116326e+76,115.51,True,1,1,1,1,1,3,4.206475938820119e+78
ASTERDM.NS,2024-01-05,2024-02-22,315.28,315,325,319.46,357.12,0.2156,67.2,4.46,1.414,56671924358687953500683682844099094341961746082264653360578881785714926682112,5.54,3.140117032917563e+77,124.26,True,1,1,1,1,1,3,1.2949388718047915e+79
ANANTRAJ.NS,2024-01-05,2024-02-22,317.86,320,325,322.26,338.65,0.3209,63.8,2.26,0.71,3381747308083752732523930464213427314877819045423078123770184404089744392192,2.74,9.281548441122725e+75,121.69,True,1,1,1,0,1,2,3.9064095340592463e+77
5PAISA.NS,2024-01-08,2024-02-23,736.05,735,760,746.15,570.35,0.4693,93.3,11.15,1.515,28352041288698865016643099841391239657483123464711453201241662164159168512,-11.15,-3.1605963401818123e+74,-100.0,False,1,1,0,1,1,2,1.548692206689088e+76
ALANKIT.NS,2024-01-08,2024-02-23,20.7,20,25,21.57,19.7,0.4892,76.2,1.57,7.567,1322699900884112107140078836933585097011396605192697554160831981314696544256,-1.57,-2.071970535253433e+75,-100.0,False,1,1,1,0,1,2,1.0152655622741821e+77
ALBERTDAVD.NS,2024-01-08,2024-02-23,1054.47,1055,1085,1068.53,1333.27,0.3304,69.9,13.53,1.283,224499335189909047163962838790260668149366685316136426882339694047259525120,16.47,3.698589227679308e+75,121.81,True,1,1,1,1,1,3,1.5551813062857748e+77
ARIHANTSUP.NS,2024-01-08,2024-02-23,318.11,320,330,324.24,365.82,0.7625,61.0,4.24,1.332,28366516840789560102825316521807343821258604746953052220634204495080723578880,5.76,1.6347452935791487e+77,136.01,True,1,1,1,1,1,3,6.1730064818569515e+78
AAATECH.NS,2024-01-08,2024-02-23,95.32,95,100,97.13,94.05,0.6675,64.6,2.13,2.233,139042646325023770012808327322011780213528603597770199477661448555877892096,-2.13,-2.959195570513455e+74,-100.0,False,1,1,1,0,1,2,1.450005829551593e+76
ARVINDFASN.NS,2024-01-08,2024-02-23,438.75,440,450,444.52,474.65,0.3364,67.5,4.52,1.031,26380276779809908125170360716894722253301643976951994658970515660244158251008,5.48,1.4447450093823833e+77,121.07,True,1,1,1,0,1,2,6.1108878439312766e+78
ADANIPORTS.NS,2024-01-08,2024-02-23,1153.36,1155,1190,1170.55,1303.2,0.3107,64.2,15.55,1.348,145506221476839429915054058165035325674958271188889935890596697022136320000,19.45,2.8303678230216853e+75,125.11,True,1,1,1,0,1,2,1.159478642564064e+77
A2ZINFRA.NS,2024-01-08,2024-02-23,14.45,15,20,15.35,15.2,0.262,95.4,0.35,2.421,992448093796363912454577600175961343382579288698667938640800479798722822144,-0.15,-1.4871011471433646e+74,-42.83,False,1,1,0,1,1,2,1.721126709424355e+76
AJMERA.NS,2024-01-08,2024-02-23,93.19,95,100,96.7,148.54,0.2943,71.3,1.7,1.822,841908183923564811817109529898393234490638334895549099005221899329758822400,3.3,2.7798667468208436e+75,194.44,True,1,1,1,0,1,2,7.426357538666986e+76
ALMONDZ.NS,2024-01-08,2024-02-23,23.99,25,30,26.46,19.15,0.9464,91.0,1.46,6.078,1354895866326068664200313455370369244393195568733048129658311448385680310272,-1.46,-1.9755760809699843e+75,-100.0,False,1,1,0,1,1,2,9.680322796752923e+76
ADL.NS,2024-01-08,2024-02-23,94.95,95,100,97.03,89.2,0.2913,59.2,2.03,2.14,868133425031985258187424640116870797714269095529885090112531231163650408448,-2.03,-1.7639381694983135e+75,-100.0,False,1,1,1,0,1,2,8.643297030541736e+76
ANANDRATHI.NS,2024-01-08,2024-02-23,681.73,680,700,689.21,911.44,0.2721,69.5,9.21,1.352,177283746511248417288821646587630160824757377720834640626131148127145558016,10.79,1.912241599631694e+75,117.07,True,1,1,1,0,1,2,8.358390812929541e+76
ASHIMASYN.NS,2024-01-08,2024-02-23,20.25,20,25,21.59,22.15,0.7954,66.7,1.59,7.831,162295140271381121638457697433734717832672018258395776880281419084962176434176,0.56,9.155832268419374e+76,35.57,True,1,1,1,1,1,3,1.2960366672113836e+79
ANGELONE.NS,2024-01-08,2024-02-23,366.46,365,375,369.67,293.69,0.3501,72.2,4.67,1.273,4118841658316872016076993644667754892879139007298056945596222415450348191744,-4.67,-1.9221745730666146e+76,-100.0,False,1,1,1,0,1,2,9.41865540802641e+77
ABREL.NS,2024-01-08,2024-02-23,1489.74,1490,1535,1509.99,1425.76,0.5317,83.1,19.99,1.342,92200030395557884438957755757971673734423414104906230665674234929558323200,-19.99,-1.842971652033997e+75,-100.0,False,1,1,0,1,1,2,9.030561094966585e+76
AGSTRA.NS,2024-01-08,2024-02-23,106.1,105,110,107.23,90.5,0.5751,66.1,2.23,2.104,550233043765359637468366075411287449026138000605018491912584605178877968384,-2.23,-1.2283485364373577e+75,-100.0,False,1,1,1,1,1,3,6.018907828543052e+76
AMBIKCO.NS,2024-01-09,2024-02-26,1749.79,1750,1800,1772.6,1658.49,0.3195,51.0,22.6,1.291,66575920053168801629591032494993605723777366902368366974196120380699049984,-22.6,-1.5043979202764954e+75,-100.0,False,1,1,0,1,1,2,7.371549809354828e+76
ANANDRATHI.NS,2024-01-09,2024-02-26,687.39,685,710,696.26,911.4,0.2717,70.5,11.26,1.638,148466379075107092191662721673027423029238894657412416948961246702058078208,13.74,2.039981314291769e+75,122.03,True,1,1,1,0,1,2,8.562388944358719e+76
ADANIPORTS.NS,2024-01-09,2024-02-26,1181.24,1180,1215,1195.9,1320.42,0.3166,72.8,15.9,1.346,145878921807738991549023672784134566612472203549618610577772665176177246208,19.1,2.7868049781427366e+75,120.17,True,1,1,1,1,1,3,1.1873466923454915e+77
ABREL.NS,2024-01-09,2024-02-26,1532.63,1535,1580,1554.9,1484.27,0.5327,84.1,19.9,1.298,90766034923866430954121522988427274668900187808488010912904846414381580288,-19.9,-1.806112218993317e+75,-100.0,False,1,1,0,1,1,2,8.849949873067252e+76
ARVINDFASN.NS,2024-01-09,2024-02-26,440.54,440,455,446.71,486.58,0.3293,64.8,6.71,1.523,18212515976301782570857561873330358332496411483555737588103096510801732698112,8.29,1.5096998276590123e+77,123.53,True,1,1,1,0,1,2,6.261857826697178e+78
APOLLOTYRE.NS,2024-01-09,2024-02-26,452.37,450,465,456.95,508.3,0.2984,56.5,6.95,1.536,19238466891833425556594854560178553065757162986403632737718859476786548310016,8.05,1.548718063362738e+77,115.83,True,1,1,1,0,1,2,6.840131658397653e+78
ABSLAMC.NS,2024-01-09,2024-02-26,455.04,455,470,461.5,482.2,0.1816,56.3,6.5,1.429,364415621471177704794238927641830030379554556301926977642264131346607636480,8.5,3.0971583715782794e+75,130.73,True,1,1,1,0,1,2,1.2155095589604758e+77
AMBER.NS,2024-01-09,2024-02-26,3400.05,3400,3500,3445.06,3778.2,0.37,64.7,45.06,1.325,50789356222781897057452074182480060909758497031658484209997342676344635392,54.94,2.7904312198605548e+75,121.93,True,1,1,1,0,1,2,1.172156513407423e+77
APOLLOHOSP.NS,2024-01-09,2024-02-26,5760.34,5760,5935,5837.75,6547.53,0.2076,64.4,77.75,1.35,1312875866704555429758074246982836235233011365534011335170921368785673781248,97.25,1.2768198704463956e+77,125.09,True,1,1,1,0,1,2,5.231246468477522e+78
APOLSINHOT.NS,2024-01-09,2024-02-26,1990.67,1990,2050,2016.08,2053.43,0.7437,82.4,26.08,1.31,4557522040566237981555913104283139363724623462084626569587583090111803293696,33.92,1.5459599201390282e+77,130.07,True,1,1,0,1,1,2,6.097362513017475e+78
ABB.NS,2024-01-09,2024-02-26,4837.45,4835,4985,4902.37,5206.92,0.2737,54.3,67.37,1.393,1732183258027184265040810175012166727016672680736921200861371531794579456,82.63,1.4312394905830213e+74,122.64,True,1,1,0,1,1,2,5.978300931347078e+75
ALBERTDAVD.NS,2024-01-09,2024-02-26,1071.18,1070,1105,1085.72,1324.25,0.333,72.2,15.72,1.468,197828597962762182236955202990942194695327919777255544983034444391703904256,19.28,3.813638316125127e+75,122.61,True,1,1,1,1,1,3,1.5933176894470261e+77
AGSTRA.NS,2024-01-09,2024-02-26,107.8,110,115,111.95,88.75,0.5752,70.8,1.95,1.808,617624076709490721086191026096721072696825347436257013920282787560080539648,-1.95,-1.2037815657086105e+75,-100.0,False,1,1,1,1,1,3,5.89852967197219e+76
ASHOKA.NS,2024-01-09,2024-02-26,161.85,160,165,162.32,179.25,0.5655,66.6,2.32,1.436,144178771992713712592780405545071443792619974997915601338268740494784884375552,2.68,3.85790607086539e+77,115.13,True,1,1,1,1,1,3,1.714095325093802e+79
ALOKINDS.NS,2024-01-09,2024-02-26,37.05,35,40,37.11,29.7,1.034,84.2,2.11,5.687,1257043659571259040160345133705301811345957289154762071664395976245227028480,-2.11,-2.648711820219161e+75,-100.0,False,1,1,0,1,1,2,1.297868791907389e+77
ASHIMASYN.NS,2024-01-09,2024-02-26,20.4,20,25,21.63,21.85,0.7951,68.9,1.63,7.998,158863106372025297757691025340817531087934474908605442345609977170611836813312,0.22,3.468947394743582e+76,13.38,True,1,1,1,1,1,3,1.2995056146061272e+79
A2ZINFRA.NS,2024-01-09,2024-02-26,15.15,15,20,15.71,15.95,0.2686,95.9,0.71,4.678,485663073305747128403949151003206747680870187017528756065795397486920073216,0.24,1.1715448512270882e+74,34.03,True,1,1,0,1,1,2,1.732842157936626e+76
ALICON.NS,2024-01-10,2024-02-27,957.73,960,985,971.15,906.99,0.4765,81.3,11.15,1.164,225482594839660896930576679869299518253442778771283300766346229022017454080,-11.15,-2.513612093279365e+75,-100.0,False,1,1,0,1,1,2,1.2316699257068887e+77
ABB.NS,2024-01-10,2024-02-27,4852.49,4850,5000,4917.38,5358.61,0.2677,71.8,67.38,1.389,1774571986563398851899646656587233488483513875186638976605989051056521216,82.62,1.4661977935756828e+74,122.63,True,1,1,1,0,1,2,6.124920710704646e+75
ASPINWALL.NS,2024-01-10,2024-02-27,288.25,290,295,292.18,248.44,0.7195,86.0,2.18,0.756,137000196114120215623442209186456529410691512136849924669896234745521370038272,-2.18,-2.9858291243909065e+77,-100.0,False,1,1,0,1,1,2,1.463056270951544e+79
ANANTRAJ.NS,2024-01-10,2024-02-27,318.45,320,330,324.3,347.98,0.3015,77.0,4.3,1.349,1818422589378761855652928620693356321543309496438435916113034920863050235904,5.7,1.0371406825669125e+76,132.75,True,1,1,1,0,1,2,4.0101236023159373e+77
ARVIND.NS,2024-01-10,2024-02-27,277.22,275,285,279.57,276.98,0.5097,73.8,4.57,1.647,32349831682125721177051053411025794548587986889694969336743841277721471614976,-2.59,-8.37330451534283e+76,-56.7,False,1,1,1,0,1,2,7.3001898694312046e+78
ABBOTINDIA.NS,2024-01-10,2024-02-27,23925.63,23925,24645,24245.1,27873.92,0.2051,85.5,320.1,1.338,403734592035779026825737857140816773305568087776836005271488489890775040,399.9,1.6145347340353665e+74,124.93,True,1,1,0,1,1,2,6.623225116514749e+75
AAATECH.NS,2024-01-10,2024-02-27,100.94,100,105,102.21,101.03,0.5954,83.2,2.21,2.186,131457993809800977255883760804972498371321899313255673322176998649188319232,-1.17,-1.5399180814857613e+74,-53.1,False,1,1,0,1,1,2,1.4346066487367354e+76
ANUP.NS,2024-01-10,2024-02-27,1426.21,1425,1470,1445.23,1368.78,0.28,74.0,20.23,1.419,824065307799768618347730379349638135154082149298846698909316288513868562432,-20.23,-1.667367119988706e+76,-100.0,False,1,1,1,1,1,3,8.170098887944659e+77
AGSTRA.NS,2024-01-10,2024-02-27,111.45,110,115,112.27,87.6,0.5813,88.7,2.27,2.034,520492851636792534453746034521469120320519629724295575109247766324414775296,-2.27,-1.179705934394438e+75,-100.0,False,1,1,0,1,1,2,5.7805590785327464e+76
ARVINDFASN.NS,2024-01-10,2024-02-27,468.28,470,480,474.51,483.85,0.3785,90.5,4.51,0.964,27746033160749686142458782824889639946797434601851928822177905246465966473216,5.49,1.5222317507355331e+77,121.55,True,1,1,0,1,1,2,6.414081001770731e+78
APOLLOHOSP.NS,2024-01-10,2024-02-27,5763.57,5765,5935,5840.23,6583.92,0.1879,78.8,75.23,1.305,1390716129401269480151174263080097604596508245774278884955791782582335569920,94.77,1.3179681262866537e+77,125.97,True,1,1,1,0,1,2,5.363043281106187e+78
ARTEMISMED.NS,2024-01-10,2024-02-28,188.43,190,195,192.15,174.17,0.3643,68.5,2.15,1.141,51841197419342941901300200060502962609898457051970796196598407263557016092672,-2.15,-1.1143901272169448e+77,-100.0,False,1,1,1,0,1,2,5.4605116233630295e+78
AMBER.NS,2024-01-10,2024-02-27,3501.25,3500,3605,3547.32,3732.85,0.3728,85.1,47.32,1.352,49537323259427025448234274013562831031374575199552470805516451463485718528,57.68,2.857105915424992e+75,121.87,True,1,1,0,1,1,2,1.2007275725616729e+77
AJMERA.NS,2024-01-10,2024-02-27,93.67,95,100,96.71,146.13,0.2518,68.0,1.71,1.824,869185301025475878974030436586561249236420279875633348565131225411899883520,3.29,2.860654997393982e+75,192.6,True,1,1,1,0,1,2,7.712423038406384e+76
APOLSINHOT.NS,2024-01-10,2024-02-27,2388.77,2390,2460,2419.54,2052.43,0.9533,91.5,29.54,1.236,4128675329617119543254807972307643981543406685491123333195975023471018115072,-29.54,-1.219472502603495e+77,-100.0,False,1,1,0,1,1,2,5.975415262757126e+78
ASMS.NS,2024-01-10,2024-02-27,19.7,20,25,20.69,24.05,0.2764,71.4,0.69,3.506,443748667125429342771112846942249193879911933706648323455024126487361272938496,3.36,1.4907194191887302e+78,486.43,True,1,1,1,0,1,2,1.6813836624983392e+79
AMBIKCO.NS,2024-01-10,2024-02-27,1775.58,1775,1830,1799.72,1614.33,0.3189,70.3,24.72,1.392,59650974262440249520511594331125360522104998163390334687782352039167655936,-24.72,-1.4743099618709656e+75,-100.0,False,1,1,1,1,1,3,7.224118813167731e+76
ASTRAZEN.NS,2024-01-10,2024-02-27,6596.25,6595,6795,6682.03,5533.73,0.7284,88.4,87.03,1.319,4779794811667488589403686071476739486102714537398439755505665144298741432320,-87.03,-4.1597354272608683e+77,-100.0,False,1,1,0,1,1,2,2.0382703593578253e+79
ABREL.NS,2024-01-10,2024-02-27,1579.2,1580,1625,1600.03,1472.92,0.5363,87.9,20.03,1.268,88375880915039052846191937831451514306565789177587029593759280163631136768,-20.03,-1.7699899746134506e+75,-100.0,False,1,1,0,1,1,2,8.672950875605907e+76
ARIHANTSUP.NS,2024-01-10,2024-02-27,323.52,325,335,329.25,365.12,0.7814,77.9,4.25,1.314,29039181047842301489885211105835517323682415291130848958020434666426871054336,5.75,1.6693168084128398e+77,135.21,True,1,1,1,1,1,3,6.339938162698236e+78
AJMERA.NS,2024-01-11,2024-02-28,99.99,100,105,102.08,139.74,0.327,76.7,2.08,2.085,739807097199391947332418719638996644612784020924481283604674377648984555520,2.92,2.156550878315683e+75,139.81,True,1,1,1,1,1,3,7.928078126237953e+76
APOLLOTYRE.NS,2024-01-11,2024-02-28,452.91,455,465,459.47,490.19,0.296,74.7,4.47,0.987,30600437589905882362575639777961432796068097422968064225361704033630256365568,5.53,1.6920174273110575e+77,123.68,True,1,1,1,0,1,2,7.009333401128759e+78
ASPINWALL.NS,2024-01-11,2024-02-28,295.26,295,305,299.34,241.05,0.7181,87.6,4.34,1.47,67408637498001014601834479092873262384488794095737237564528880129098830053376,-4.34,-2.9261125419030884e+77,-100.0,False,1,1,0,1,1,2,1.4337951455325132e+79
ASAHISONG.NS,2024-01-11,2024-02-28,317.68,320,325,322.25,311.36,0.3492,71.6,2.25,0.707,33692970326286592211826779856127340084587592268735222325703745595847114489856,-2.25,-7.56660984576001e+76,-100.0,False,1,1,1,0,1,2,3.707638824422405e+78
ARVIND.NS,2024-01-11,2024-02-28,277.27,275,285,279.57,272.48,0.5033,72.7,4.57,1.649,31928301868961934033566588207293404586728092196392257805024967203753092448256,-4.57,-1.4600379738862407e+77,-100.0,False,1,1,1,0,1,2,7.1541860720425805e+78
ANANDRATHI.NS,2024-01-11,2024-02-28,692.34,690,715,701.26,905.64,0.2724,77.7,11.26,1.627,152035154917845865292760708429857502604924142340926423146561888236173524992,13.74,2.088401084074403e+75,121.95,True,1,1,1,0,1,2,8.77122905276616e+76
ALIVUS.NS,2024-01-11,2024-02-28,741.51,740,765,751.25,872.16,0.3812,79.0,11.25,1.517,241828925985150851790256931332633732086755598068482128569276363464740175872,13.75,3.3248172290752246e+75,122.2,True,1,1,1,0,1,2,1.3937011325675256e+77
APOLLOHOSP.NS,2024-01-11,2024-02-28,5832.12,5830,6005,5907.85,6327.1,0.1897,78.7,77.85,1.335,1377763690870762661186127263800449722422676525894123206877276299878788497408,97.15,1.3384778028025974e+77,124.79,True,1,1,1,0,1,2,5.496891061386447e+78
ABSLAMC.NS,2024-01-11,2024-02-28,456.09,455,470,461.72,496.28,0.1862,57.9,6.72,1.473,361791059282234037022473743794307879739981506868557513908224083462220414976,8.28,2.995846771312559e+75,123.23,True,1,1,1,0,1,2,1.2454680266736013e+77
APOLSINHOT.NS,2024-01-11,2024-02-28,2526.16,2525,2600,2556.68,2024.57,0.9599,92.5,31.68,1.254,3771940555561803367036403831322305193024875388952412599930765390080693501952,-31.68,-1.195083052551425e+77,-100.0,False,1,1,0,1,1,2,5.855906957501983e+78
ANANTRAJ.NS,2024-01-11,2024-02-28,319.3,320,330,324.39,338.75,0.3004,71.1,4.39,1.376,1825337108276919562906129146493441825761277212450672465542621263122919325696,5.61,1.0233123878137322e+76,127.59,True,1,1,1,0,1,2,4.1124548410973103e+77
ARTEMISMED.NS,2024-01-11,2024-02-29,188.83,190,195,192.18,169.1,0.3534,59.6,2.18,1.155,50090738441175981060773944448288671866582631594749870423168019157705348349952,-2.18,-1.0921023246726059e+77,-100.0,False,1,1,1,0,1,2,5.351301390895769e+78
ARIHANTSUP.NS,2024-01-11,2024-02-28,332.11,330,340,334.41,344.47,0.7778,76.7,4.41,1.329,28734455221383394681453107816338532882492566573574804184894338713741082755072,5.59,1.6054578895986925e+77,126.61,True,1,1,1,0,1,2,6.500483951658105e+78
ASHIMASYN.NS,2024-01-11,2024-02-28,22.1,20,25,22.16,20.3,0.8018,85.0,2.16,9.755,120550149073279062565696005251108734043831111732358880329160333792838340837376,-1.86,-2.2373617017170652e+77,-86.09,False,1,1,0,1,1,2,1.2771319975889565e+79
ADSL.NS,2024-01-11,2024-02-28,166.44,165,170,167.2,149.67,0.8546,80.7,2.2,1.319,613187544375893170611714508577369018860923649344159885412351713682112118784,-2.2,-1.3462952527280794e+75,-100.0,False,1,1,0,1,1,2,6.596846738367588e+76
APLLTD.NS,2024-01-11,2024-02-28,818.08,820,845,830.95,1006.04,0.2638,77.5,10.95,1.338,3339566383274348436664813263465069038764416137218862984840063741528486445056,14.05,4.6931277745455106e+76,128.38,True,1,1,1,1,1,3,1.8748253695656352e+78
APEX.NS,2024-01-11,2024-02-28,244.22,245,250,247.28,212.73,0.31,78.3,2.28,0.932,24202205122397421966709382438631272647747681010591198413179361556614122307584,-2.28,-5.5091113117300237e+76,-100.0,False,1,1,1,1,1,3,2.6994645427477117e+78
ASMS.NS,2024-01-11,2024-02-28,20.05,20,25,20.87,23.6,0.2753,79.1,0.87,4.328,387562454627902872525245104298132332865088889743935006359280086837671086784512,2.73,1.058948252004126e+78,314.9,True,1,1,1,0,1,2,1.7872784876987518e+79
21STCENMGM.NS,2024-01-11,2024-02-28,32.44,30,35,32.53,49.78,0.2689,61.3,2.53,7.8,94985141318107616546994479211826490858199341549589337688336318538817994752,2.47,2.345684291964633e+74,97.59,True,1,1,1,0,1,2,1.2252432298900202e+76
ASALCBR.NS,2024-01-11,2024-02-28,516.46,515,530,521.87,537.72,0.4072,75.3,6.87,1.33,16738024558950271874302244795825466393579453223591228607399701464386061205504,8.13,1.3609244018842385e+77,118.36,True,1,1,1,1,1,3,5.884988849979934e+78
AGSTRA.NS,2024-01-11,2024-02-28,118.6,120,125,122.05,87.85,0.6081,89.2,2.05,1.727,564505352970879368556416688632962908335065808155950197020798295103080759296,-2.05,-1.1561118157065493e+75,-100.0,False,1,1,0,1,1,2,5.6649478969620915e+76
APTUS.NS,2024-01-11,2024-02-28,329.44,330,340,334.43,317.32,0.293,62.8,4.43,1.343,31647261182436313578556995364611252113709414776642064183342322694946820194304,-4.43,-1.4006991716109215e+77,-100.0,False,1,1,1,1,1,3,6.863425940893515e+78
ABBOTINDIA.NS,2024-01-11,2024-02-28,24635.74,24635,25375,24965.35,27815.25,0.2228,87.4,330.35,1.341,400986709464736995499738921259900449210035509410595213912354585634144256,409.65,1.6426566267361037e+74,124.01,True,1,1,0,1,1,2,6.787490779188359e+75
ABBOTINDIA.NS,2024-01-12,2024-02-29,25033.62,25035,25785,25369.73,27644.33,0.2242,87.8,334.73,1.337,405552581156993170054339972286331112077897246450603502651979721370238976,415.27,1.684146202839777e+74,124.06,True,1,1,0,1,1,2,6.955905399472337e+75
ASHIANA.NS,2024-01-12,2024-02-29,306.46,305,315,309.48,304.69,0.6002,68.6,4.48,1.462,61903249741630156991132719108385906902462876204334294429090644134733046349824,-4.48,-2.7734878230603633e+77,-100.0,False,1,1,1,1,1,3,1.3590090332995781e+79
ANANTRAJ.NS,2024-01-12,2024-02-29,327.08,325,335,329.72,349.07,0.2962,75.2,4.72,1.444,1741231784770452635404845866152931539663735722772411718752916930928595435520,5.28,9.187408165509906e+75,111.7,True,1,1,1,0,1,2,4.204328922752409e+77
ARVIND.NS,2024-01-12,2024-02-29,287.48,285,295,289.6,273.46,0.5039,71.3,4.6,1.599,31132997628697519469951209642878612560915828565880117411945809807525267111936,-4.6,-1.430837214408516e+77,-100.0,False,1,1,1,0,1,2,7.011102350601729e+78
AJMERA.NS,2024-01-12,2024-02-29,100.79,100,105,102.22,144.62,0.3266,76.6,2.22,2.202,714367850388061754197102730357349091305422123793926659427123521524003241984,2.78,1.986223626692718e+75,125.27,True,1,1,1,0,1,2,8.126700488907224e+76
ABSLAMC.NS,2024-01-12,2024-02-29,476.09,475,490,481.82,502.77,0.2364,65.7,6.82,1.432,365351692054415519828120170715617149198261016383072614513590860777940582400,8.18,2.98933932746903e+75,120.01,True,1,1,1,1,1,3,1.2753614199482915e+77
ARIHANTSUP.NS,2024-01-12,2024-02-29,335.34,335,345,339.34,342.34,0.7747,78.4,4.34,1.294,29950380377516717176474830714154536043440896466586448558479660607344536977408,2.99,8.969895543908867e+76,68.99,True,1,1,1,1,1,3,6.590182907097194e+78
APLLTD.NS,2024-01-12,2024-02-29,861.16,860,885,871.41,997.19,0.3096,80.8,11.41,1.325,3286708549385090668948639423977038216812521760782190582063851345254180454400,13.59,4.467120634331456e+76,119.13,True,1,1,0,1,1,2,1.9194965759089498e+78
APEX.NS,2024-01-12,2024-02-29,262.52,265,270,267.19,216.03,0.3878,84.8,2.19,0.834,24651272060967174369054012722284134989344839244919663592725485758225552769024,-2.19,-5.398929085495424e+76,-100.0,False,1,1,0,1,1,2,2.6454752518927576e+78
ARIES.NS,2024-01-12,2024-02-29,215.63,215,220,217.31,295.95,0.4624,63.8,2.31,1.072,41834821320312637013338170540392066937969781975086254109693097587655527366656,2.69,1.1243087021065764e+77,116.22,True,1,1,1,1,1,3,4.9495926897559345e+78
ANANDRATHI.NS,2024-01-12,2024-02-29,695.44,695,715,704.08,903.36,0.2554,76.7,9.08,1.305,193289083843914803933774606931259560564379694502867583935958285865801744384,10.92,2.1115358663250644e+75,120.37,True,1,1,1,0,1,2,8.982382639398666e+76
21STCENMGM.NS,2024-01-12,2024-02-29,33.07,35,40,35.58,48.81,0.2688,61.6,0.58,1.76,420915948956686607721351278896336228639674043284682681614107061106203688960,4.42,1.859531098805429e+75,758.84,True,1,1,1,0,1,2,1.4111963397705631e+76
ASAHISONG.NS,2024-01-12,2024-02-29,318.82,320,330,324.36,322.8,0.3479,77.2,4.36,1.368,17002834096064374874622025619840066744465668272706234385297086213557210578944,-1.56,-2.6598493761335918e+76,-35.87,False,1,1,1,0,1,2,3.681040330661069e+78
ACCELYA.NS,2024-01-12,2024-02-29,1537.23,1535,1585,1557.44,1631.21,0.435,92.0,22.44,1.46,94302809330750683959703893786292082263819499182389167905179232926701715456,27.56,2.5991770785596358e+75,122.84,True,1,1,0,1,1,2,1.0839734647745455e+77
ASPINWALL.NS,2024-01-12,2024-02-29,299.24,300,310,304.29,237.3,0.7166,86.2,4.29,1.435,66802186505898524901107097974502204092654927778525222275077592814280970862592,-4.29,-2.8675902910650267e+77,-100.0,False,1,1,0,1,1,2,1.4051192426218629e+79
APTUS.NS,2024-01-12,2024-02-29,330.73,330,340,334.58,339.03,0.2901,62.8,4.58,1.383,30002112256175978183090160352410126349264544084929613326538803254074972045312,4.46,1.3366058974157823e+77,97.37,True,1,1,1,0,1,2,6.997086530635093e+78
ADSL.NS,2024-01-12,2024-02-29,169.71,170,175,172.13,149.38,0.852,79.9,2.13,1.256,619039605176206757303252868466131869611663969517326920169040937500679340032,-2.13,-1.3193693476735177e+75,-100.0,False,1,1,1,1,1,3,6.464909803600236e+76
ARIES.NS,2024-01-15,2024-03-01,215.83,215,220,217.32,284.73,0.4604,63.6,2.32,1.077,42588421246199305164180043275166306449085841584846145423036108561237181202432,2.68,1.1395025243587783e+77,115.11,True,1,1,1,0,1,2,5.063542942191812e+78
ADSL.NS,2024-01-15,2024-03-01,187.06,185,195,189.25,148.65,0.8981,81.5,4.25,2.271,304416201166529694965610446023452508495958942777989856458545464142897086464,-4.25,-1.2929819607200473e+75,-100.0,False,1,1,0,1,1,2,6.335611607528232e+76
APOLLOTYRE.NS,2024-01-15,2024-03-01,456.19,455,470,461.81,511.73,0.2947,77.4,6.81,1.493,20582838691556517474267181824729145732422235772213924616237376899637537931264,8.19,1.6855591235077258e+77,120.24,True,1,1,1,0,1,2,7.177889313479531e+78
ASTRON.NS,2024-01-15,2024-03-01,38.15,40,45,41.07,27.2,0.3803,87.1,1.07,2.809,333001305196955396701574309913235712137330163370049479928871399501104544743424,-1.07,-3.5679249900631933e+77,-100.0,False,1,1,0,1,1,2,1.7482832451309646e+79
APLLTD.NS,2024-01-15,2024-03-01,922.77,925,950,936.17,1031.77,0.3784,85.6,11.17,1.21,3437526503970047630981939320578396722705955652706137384077889901885294379008,13.83,4.754823108107219e+76,123.86,True,1,1,0,1,1,2,1.967044806990022e+78
ALEMBICLTD.NS,2024-01-15,2024-03-01,94.18,95,100,96.92,95.43,0.3292,62.3,1.92,2.043,1258261722674646641736329438361506975474247230348471955036913629690391953408,-1.49,-1.8751659226975575e+75,-77.45,False,1,1,1,1,1,3,1.191815306919453e+77
ANTELOPUS.NS,2024-01-15,2024-03-01,525.45,525,540,531.83,492.75,0.2747,71.1,6.83,1.3,2213869662701880909952079007718541410082780032330028036674749746865678319616,-6.83,-1.5125261087009224e+76,-100.0,False,1,1,1,1,1,3,7.411377932634519e+77
ARIHANTSUP.NS,2024-01-15,2024-03-01,338.22,340,350,344.26,345.17,0.7654,77.6,4.26,1.259,30951522580450421254262795472585871972705613783029672094254402492653222494208,0.91,2.807349981603459e+76,21.3,True,1,1,1,0,1,2,6.6182564069132285e+78
AROGRANITE.NS,2024-01-15,2024-03-01,65.0,65,70,66.91,55.35,0.3634,95.9,1.91,2.942,39457002311115169976629803756430482307101154608594517383197231001155254878208,-1.91,-7.545846442693224e+76,-100.0,False,1,1,0,1,1,2,3.6974647569196797e+78
ACCELYA.NS,2024-01-15,2024-03-01,1709.19,1710,1760,1732.2,1633.89,0.5435,94.4,22.2,1.299,97643780106885332736546512470561367211260026807652380529835479530102325248,-22.2,-2.167946929549091e+75,-100.0,False,1,1,0,1,1,2,1.0622939954790546e+77
21STCENMGM.NS,2024-01-15,2024-03-01,33.7,35,40,35.78,47.84,0.2688,61.8,0.78,2.323,360501649045123358052947332088777164032830046768043469416150698417702567936,4.22,1.5202689772715043e+75,538.65,True,1,1,1,0,1,2,1.5632232374977136e+76
AHLEAST.NS,2024-01-15,2024-03-01,161.94,160,165,162.39,157.36,0.4422,81.7,2.39,1.473,382465679066129631438630872437374848437903795164558152084359669548958351360,-2.39,-9.122437397198794e+74,-100.0,False,1,1,0,1,1,2,4.469994324627409e+76
AJMERA.NS,2024-01-15,2024-03-01,101.27,100,105,102.3,144.9,0.3267,76.4,2.3,2.271,706789080058339971677331069030368096732750001718275987100183929485099270144,2.7,1.908605302510255e+75,117.43,True,1,1,1,0,1,2,8.317561019158249e+76
ARCHIES.NS,2024-01-15,2024-03-01,33.25,35,40,36.28,39.6,0.5686,63.7,1.28,3.863,73141386328743017436430235230940254253540355266793671318917011017822512349184,3.32,2.4249317684656586e+77,258.09,True,1,1,1,1,1,3,4.940347609884239e+78
AMBER.NS,2024-01-15,2024-03-01,3750.1,3750,3865,3801.63,3586.9,0.3275,92.5,51.63,1.377,46515178979030500285944580452726171464739260749312336842964457863975534592,-51.63,-2.4014551451233456e+75,-100.0,False,1,1,0,1,1,2,1.1767130211104394e+77
3PLAND.NS,2024-01-15,2024-03-01,36.4,35,40,37.08,33.05,0.4831,93.3,2.08,5.714,181796323130573539799912659410165703686436456826345202068414780562477154304,-2.08,-3.7814707667463505e+74,-100.0,False,1,1,0,1,1,2,1.8529206757057117e+76
APOLLOHOSP.NS,2024-01-15,2024-03-01,5858.45,5860,6035,5937.51,6051.69,0.1992,68.7,77.51,1.323,1418405350641307287108315076268966901221773738120857686310312325475595190272,97.49,1.3828311513449983e+77,125.78,True,1,1,1,0,1,2,5.635174176520947e+78
ARVIND.NS,2024-01-15,2024-03-01,287.67,290,295,292.22,273.22,0.4461,68.7,2.22,0.771,63246835049295565548101512733987316802246154529486161846833759240273981865984,-2.22,-1.4022204701203457e+77,-100.0,False,1,1,1,0,1,2,6.870880303589694e+78
AMBER.NS,2024-01-16,2024-03-04,3852.5,3850,3970,3904.02,3719.5,0.3115,92.6,54.02,1.402,43567237215270362531506232832582156235828965079494765456087794148249174016,-54.02,-2.353426042220879e+75,-100.0,False,1,1,0,1,1,2,1.1531787606882307e+77
ARVINDFASN.NS,2024-01-16,2024-03-04,482.35,480,495,486.9,462.62,0.4173,78.2,6.9,1.431,18582619900775938746813484631315425134051931300038292613813854458524536406016,-6.9,-1.2828162003541463e+77,-100.0,False,1,1,1,0,1,2,6.285799381735317e+78
APOLLOHOSP.NS,2024-01-16,2024-03-04,5866.55,5865,6045,5944.73,5999.88,0.1937,66.5,79.73,1.359,1413618281232337410192979559817724698209134262294530210491300955204909793280,55.15,7.79610431239981e+76,69.17,True,1,1,1,0,1,2,5.713135219644945e+78
ALIVUS.NS,2024-01-16,2024-03-04,752.2,750,775,761.33,803.08,0.3841,76.7,11.33,1.506,245997355695587641518717118478603789227060573971278938265537877360095789056,13.67,3.3625316272546395e+75,120.63,True,1,1,1,0,1,2,1.427326448840072e+77
ASMS.NS,2024-01-16,2024-03-04,21.25,20,25,21.65,21.8,0.283,94.8,1.65,7.749,217078212978379756770765088837040947299745118885371690538122848578133242675200,0.15,3.3284920203800086e+76,9.31,True,1,1,0,1,1,2,1.790606979719132e+79
APTUS.NS,2024-01-16,2024-03-04,333.37,335,345,339.3,328.78,0.2815,68.8,4.3,1.291,32519113909475719053932478469746726959951357615154430393892824155262514364416,-4.3,-1.3994173061270188e+77,-100.0,False,1,1,1,0,1,2,6.857144800022391e+78
21STCENMGM.NS,2024-01-16,2024-03-04,34.33,35,40,36.02,47.84,0.2688,69.7,1.02,2.969,306716118417328874199628693521595297553437035942092035167043375819915264000,3.98,1.2209359445871016e+75,390.52,True,1,1,1,0,1,2,1.685316831956424e+76
ASTERDM.NS,2024-01-16,2024-03-04,321.09,320,330,324.6,348.58,0.3153,63.0,4.6,1.432,56322571180858440451257870010337736392622499284670778722427825653494025551872,5.4,3.042379374476261e+77,117.47,True,1,1,1,1,1,3,1.3253626655495542e+79
APOLLOTYRE.NS,2024-01-16,2024-03-04,456.48,455,470,461.85,516.85,0.2945,75.8,6.85,1.5,20966668944217982660152755287791618777573064230072398995566349064037700993024,8.15,1.709422478936791e+77,119.08,True,1,1,1,0,1,2,7.3488315613732105e+78
AJANTPHARM.NS,2024-01-16,2024-03-04,2229.76,2230,2295,2259.29,2031.75,0.3686,70.3,29.29,1.314,44054423379192358042317389235477413507953417401400856264384422713233506304,-29.29,-1.2903774047357384e+75,-100.0,False,1,1,1,0,1,2,6.322849283205119e+76
21STCENMGM.NS,2024-01-17,2024-03-05,35.01,35,40,36.31,48.76,0.2694,70.6,1.31,3.747,256930950259418014582427991018410261336822282734160741069424249903815589888,3.69,9.475913849058053e+74,281.13,True,1,1,1,0,1,2,1.7800759704470043e+76
APOLLOHOSP.NS,2024-01-17,2024-03-05,5887.76,5890,6065,5967.3,6027.52,0.1921,63.6,77.3,1.313,1478098892684661353471682951002082109419311218262045113381869889470693638144,60.22,8.90098145660644e+76,77.9,True,1,1,1,0,1,2,5.802145034211009e+78
ASTERDM.NS,2024-01-17,2024-03-05,330.19,330,340,334.51,342.35,0.3263,66.8,4.51,1.367,58714987969933019180121272905396219277240487833289408952614773382244972101632,5.49,3.220773465894193e+77,121.51,True,1,1,1,1,1,3,1.3575704002084961e+79
AHLEAST.NS,2024-01-18,2024-03-06,165.65,165,170,167.27,155.26,0.5238,72.8,2.27,1.368,394607583354071306342782336985397489561867619109047689760493732074914578432,-2.27,-8.939988649254819e+74,-100.0,False,1,1,1,1,1,3,4.380594438134861e+76
21STCENMGM.NS,2024-01-18,2024-03-06,35.69,35,40,36.63,47.79,0.2693,71.9,1.63,4.573,218134417014659789938536044523351995197632822368056296196002322684867248128,3.37,7.346568909838981e+74,206.36,True,1,1,1,1,1,3,1.853541659545394e+76
ANTELOPUS.NS,2024-01-18,2024-03-06,527.7,530,545,536.53,486.2,0.2831,68.2,6.53,1.238,2268826965479654803317681712149138475212334466703913590712327425073359093760,-6.53,-1.4822755865269036e+76,-100.0,False,1,1,1,0,1,2,7.263150373981828e+77
APOLLOTYRE.NS,2024-01-18,2024-03-06,482.99,485,495,489.51,517.04,0.2812,77.9,4.51,0.934,32581378273084785212364705315624061612752776622442669027025400116646634323968,5.49,1.7883715150338363e+77,121.68,True,1,1,1,1,1,3,7.527668712876595e+78
ALIVUS.NS,2024-01-18,2024-03-06,752.6,755,775,763.9,732.45,0.3747,76.4,8.9,1.183,320591583470778789719811071143333524130426599160211428980585764435544506368,-8.9,-2.854652897680144e+75,-100.0,False,1,1,1,0,1,2,1.3987799198632707e+77
AJMERA.NS,2024-01-18,2024-03-06,113.59,115,120,117.03,144.81,0.5387,89.8,2.03,1.786,820113968174667680860551751515339693273524654825061826900099410800576299008,2.97,2.4370576370416884e+75,146.5,True,1,1,0,1,1,2,8.561266782862418e+76
APTUS.NS,2024-01-18,2024-03-06,347.59,350,360,354.3,320.83,0.3485,76.7,4.3,1.237,31892497595080520670218564070364090564865120032319534315462205785369561006080,-4.3,-1.3714289600044782e+77,-100.0,False,1,1,1,1,1,3,6.720001904021943e+78
AGARIND.NS,2024-01-18,2024-03-06,1065.65,1065,1100,1080.63,897.76,0.4247,75.5,15.63,1.466,67645355453198581107977175728973124070809584740382665028251842423321264128,-15.63,-1.0570969920414044e+75,-100.0,False,1,1,1,1,1,3,5.179775261002882e+76
APOLLOHOSP.NS,2024-01-18,2024-03-06,5952.29,5950,6130,6028.87,6020.76,0.1542,73.3,78.87,1.325,1471363723358185455317095436726125641905646923841258370712860297374841438208,-8.11,-1.1928830030949586e+76,-10.28,False,1,1,1,1,1,3,5.790216204180059e+78
ALICON.NS,2024-01-18,2024-03-06,973.13,975,1000,986.19,889.62,0.4691,76.6,11.19,1.15,220091944079014007906177601480182185556087161582960366263809580304175202304,-11.19,-2.4633398514137776e+75,-100.0,False,1,1,1,0,1,2,1.2070365271927509e+77
ADVENZYMES.NS,2024-01-19,2024-03-07,370.83,370,380,374.64,359.92,0.1816,59.6,4.64,1.252,281705921889274880131662171982478338631463581719125237335549287939025403904,-4.64,-1.3076393928600637e+75,-100.0,False,1,1,1,1,1,3,6.407433025014311e+76
AJMERA.NS,2024-01-19,2024-03-07,118.02,120,125,121.99,145.2,0.5429,90.6,1.99,1.69,858366442458898286485078687186293993594172530014211406596121768088137891840,3.01,2.5795788557220076e+75,150.65,True,1,1,0,1,1,2,8.819224668434619e+76
APOLLOHOSP.NS,2024-01-19,2024-03-07,6055.42,6055,6235,6133.92,6015.29,0.1573,75.6,78.92,1.303,1467453744312311990724355532712700218077526255811699650907640830128782573568,-78.92,-1.1580432408360118e+77,-100.0,False,1,1,1,0,1,2,5.6744118800964575e+78
21STCENMGM.NS,2024-01-19,2024-03-07,36.36,35,40,36.97,47.45,0.2691,79.3,1.97,5.427,187858204162103509105177481156138672605000353988971309841430488240355278848,3.03,5.685826889014387e+74,153.38,True,1,1,1,0,1,2,1.910399928435538e+76
APOLLOTYRE.NS,2024-01-19,2024-03-07,486.28,485,500,491.87,499.07,0.2788,79.6,6.87,1.413,21914839070128433829226829203022911237935747936521374978859045048689885184000,7.21,1.5789691559402434e+77,104.88,True,1,1,1,0,1,2,7.68556562847062e+78
ADOR.NS,2024-01-19,2024-03-07,1511.52,1510,1555,1530.32,1418.35,0.2183,64.0,20.32,1.344,82546442114067652046071478465934193407607900138010381218128300065263976448,-20.32,-1.6775093156884342e+75,-100.0,False,1,1,1,0,1,2,8.219795646873328e+76
ANUP.NS,2024-01-19,2024-03-07,1469.96,1470,1515,1490.2,1382.37,0.3246,71.1,20.2,1.374,809046947371635514881075881118505209930953039649790316491039533964518752256,-20.2,-1.634019777588932e+76,-100.0,False,1,1,1,1,1,3,8.006696910185766e+77
ANTELOPUS.NS,2024-01-19,2024-03-07,534.05,535,550,541.69,504.05,0.2826,71.5,6.69,1.253,2170635860505136428174075063037872062359424528723042677394818874577726210048,-6.69,-1.4526300747963656e+76,-100.0,False,1,1,1,0,1,2,7.117887366502192e+77
AARTIIND.NS,2024-01-19,2024-03-07,676.11,675,695,683.97,662.67,0.5349,56.3,8.97,1.327,16897674663157526078463382578558123984925716976997207167345300360851881984,-8.97,-1.5155744397175133e+74,-100.0,False,1,1,1,1,1,3,7.426314754615816e+75
AMJLAND.NS,2024-01-19,2024-03-07,43.49,45,50,46.41,38.28,0.4543,64.1,1.41,3.246,825208176614814145512610900522764217431028904510758832907160377787582251008,-1.41,-1.1650085849197518e+75,-100.0,False,1,1,1,1,1,3,5.708542066106784e+76
ALBERTDAVD.NS,2024-01-19,2024-03-07,1218.49,1220,1255,1235.52,1171.22,0.5304,86.6,15.52,1.274,205264047418577715399149561156152085125101139949272316062356283036939583488,-15.52,-3.1866353788940522e+75,-100.0,False,1,1,0,1,1,2,1.5614513356580855e+77
ALIVUS.NS,2024-01-19,2024-03-07,778.71,780,800,789.02,761.4,0.3849,80.0,9.02,1.158,310278564896692151722424938207676389583541645316384159743163587310420754432,-9.02,-2.797559839726542e+75,-100.0,False,1,1,1,0,1,2,1.3708043214660054e+77
ARIES.NS,2024-01-19,2024-03-07,223.23,225,230,227.19,285.67,0.4004,60.7,2.19,0.98,46268423279433824695443408211414101824296601055453723132512063170758867681280,2.81,1.300712575533329e+77,128.44,True,1,1,1,1,1,3,5.193614199745145e+78
ARVIND.NS,2024-01-19,2024-03-07,290.01,290,300,294.42,268.53,0.4703,74.2,4.42,1.524,31084932721595513442874497119912201163147162061723975122259601780378655784960,-4.42,-1.3741760607179388e+77,-100.0,False,1,1,1,0,1,2,6.7334626975179e+78
APTUS.NS,2024-01-19,2024-03-07,353.33,355,365,359.38,331.71,0.3502,75.4,4.38,1.239,30703880921816224486674856889134156592316632426909018203577016026432442204160,-4.38,-1.3440003808043886e+77,-100.0,False,1,1,1,0,1,2,6.5856018659415036e+78
ALLDIGI.NS,2024-01-19,2024-03-07,613.28,615,630,621.72,678.56,0.2507,57.5,6.72,1.095,323587088125294632395292942282607172999735462940187823181606625570191310848,8.28,2.679838931740181e+75,123.27,True,1,1,1,1,1,3,1.113782084387021e+77
ALICON.NS,2024-01-19,2024-03-07,981.21,980,1010,993.48,902.61,0.4691,79.1,13.48,1.374,179062165304591097428329810929875794956517202400384916733165376670481252352,-13.48,-2.4140730543855016e+75,-100.0,False,1,1,1,0,1,2,1.1828957966488958e+77
ARIHANTSUP.NS,2024-01-19,2024-03-07,343.13,345,355,349.32,322.93,0.6045,71.9,4.32,1.26,30613414249134280599001667817370877801332150667607689715135252825228925992960,-4.32,-1.3236512813826458e+77,-100.0,False,1,1,1,0,1,2,6.485891278774964e+78
ABCOTS.NS,2024-01-23,2024-03-11,144.0,145,150,147.13,285.0,0.5172,60.5,2.13,1.478,115945461874526333944554030011821485156199142221554742978883704291783081984,2.87,3.3288951663173966e+74,134.86,True,1,1,1,1,1,3,1.2674779153676342e+76
ADVANIHOTR.NS,2024-01-23,2024-03-11,59.93,60,65,61.96,78.11,0.5892,80.7,1.96,3.275,632884130196941798331667415611864131767812905022156888057630957312562692096,3.04,1.922108321681724e+75,154.72,True,1,1,0,1,1,2,6.403772478683096e+76
ARIHANTSUP.NS,2024-01-23,2024-03-11,364.43,365,375,369.4,309.37,0.6208,69.2,4.4,1.208,29471280278878847976340116688483498161284506100403190941304189481665727299584,-4.4,-1.2971782557549927e+77,-100.0,False,1,1,1,0,1,2,6.3561734531994646e+78
ASMS.NS,2024-01-23,2024-03-11,23.3,25,30,25.22,20.2,0.2183,,0.22,0.925,1661322208667563969586518332386695633296582244931450433448029975701759012634624,-0.22,-3.581213959438264e+77,-100.0,False,1,1,0,1,1,2,1.7547948401247495e+79
ALIVUS.NS,2024-01-23,2024-03-11,786.02,785,810,796.27,728.57,0.3842,73.5,11.27,1.433,243372506292255348332733613924210051732047888283454771392728774544210264064,-11.27,-2.741608642932011e+75,-100.0,False,1,1,1,0,1,2,1.3433882350366852e+77
ALLDIGI.NS,2024-01-23,2024-03-11,633.58,635,655,643.74,677.84,0.2711,67.7,8.74,1.379,254946306802259132896907439230542091200657075512907981470177697470393352192,11.26,2.8713619672711408e+75,128.9,True,1,1,1,1,1,3,1.1424957040597325e+77
APOLLOHOSP.NS,2024-01-23,2024-03-11,6114.14,6115,6300,6195.46,6170.33,0.1562,78.0,80.46,1.316,1410508466979954367353503990710318443983397260472502394949298289650765398016,-25.13,-3.544882627697865e+76,-31.24,False,1,1,1,1,1,3,5.638963053819479e+78
ALBERTDAVD.NS,2024-01-23,2024-03-11,1272.8,1275,1310,1290.52,1095.52,0.5391,88.6,15.52,1.219,201205970262440414266176366957401482929357962660428910824690076355632562176,-15.52,-3.1229026713161712e+75,-100.0,False,1,1,0,1,1,2,1.5302223089449238e+77
ARIHANTSUP.NS,2024-01-24,2024-03-12,381.8,380,395,386.61,288.27,0.6285,79.4,6.61,1.731,19238854274712155778366491048944834701203037215676572272286521571930735116288,-6.61,-1.271234690639893e+77,-100.0,False,1,1,1,0,1,2,6.229049984135475e+78
ABCOTS.NS,2024-01-24,2024-03-12,151.2,150,155,152.29,270.75,0.5345,63.2,2.29,1.514,110716491341388443354656378031666200535638354778010754479865029117662461952,2.71,3.0008687363341537e+74,118.38,True,1,1,1,0,1,2,1.2974866027309758e+76
ASAL.NS,2024-01-24,2024-03-12,486.6,485,500,491.8,601.75,0.4798,74.1,6.8,1.398,14152222290701014960195710160289986542630440248621281467727777665642179592192,8.2,1.1603063179275093e+77,120.55,True,1,1,1,1,1,3,4.928665760180964e+78
APOLLOHOSP.NS,2024-01-24,2024-03-12,6173.36,6175,6360,6255.26,6110.76,0.1516,79.0,80.26,1.3,1405096879534635637767332215541730119894515274842300966197353250098874679296,-80.26,-1.1277926107638959e+77,-100.0,False,1,1,1,0,1,2,5.52618379274309e+78
ARVIND.NS,2024-01-24,2024-03-12,291.68,290,300,294.56,250.31,0.4544,70.6,4.56,1.565,29503032354716462373250399084802256744891625329941310427749467474466504179712,-4.56,-1.3466925395035802e+77,-100.0,False,1,1,1,0,1,2,6.598793443567542e+78
3IINFOLTD.NS,2024-01-24,2024-03-12,57.2,55,60,57.33,43.2,0.5377,55.5,2.33,4.069,206824054214860929687375119482930004169241554986147141551599824711201062912,-2.33,-4.813222999925904e+74,-100.0,False,1,1,1,0,1,2,2.358479269963693e+76
ANANDRATHI.NS,2024-01-24,2024-03-12,728.77,730,750,738.97,968.91,0.3657,75.1,8.97,1.231,200298946503436102406481923731758517015411175053891673243240428003093643264,11.03,2.2095024021889888e+75,122.99,True,1,1,1,0,1,2,9.203332879617565e+76
AIAENG.NS,2024-01-24,2024-03-12,3778.47,3780,3890,3829.44,3662.88,0.2794,67.1,49.44,1.308,19912254965640935006304998776775591060067803312316288372371676866562490368,-49.44,-9.844075018952279e+74,-100.0,False,1,1,1,0,1,2,4.823596759286616e+76
AARTISURF.NS,2024-01-24,2024-03-12,763.14,765,785,773.86,602.47,0.5462,58.8,8.86,1.161,15283382102661072541093395224896866814733454979333480347209578484923891712,-8.86,-1.3542348677926725e+74,-100.0,False,1,1,1,0,1,2,6.635750852184095e+75
ALBERTDAVD.NS,2024-01-24,2024-03-12,1335.78,1335,1375,1352.81,1100.9,0.5515,89.6,17.81,1.333,171881048021829321692788613751754244158263290572261768473331319780826677248,-17.81,-3.0604446178898475e+75,-100.0,False,1,1,0,1,1,2,1.4996178627660252e+77
ARIES.NS,2024-01-24,2024-03-12,223.43,225,230,227.2,254.53,0.4209,60.6,2.2,0.985,47196028715967044421111079652635442780813331138215288247358538292690690244608,2.8,1.3210785958493232e+77,127.18,True,1,1,1,0,1,2,5.325722059330077e+78
ALIVUS.NS,2024-01-24,2024-03-12,795.32,795,820,806.21,719.17,0.3839,72.5,11.21,1.41,239584928696591461540811571379735131166968124377892406328300066811328593920,-11.21,-2.6867764700733704e+75,-100.0,False,1,1,1,0,1,2,1.3165204703359514e+77
ASHOKA.NS,2024-01-24,2024-03-12,163.0,165,170,167.09,155.6,0.4942,74.3,2.09,1.284,163824286008685045796782727725760601427394094896337379200967545337039953068032,-2.09,-3.428190650187604e+77,-100.0,False,1,1,1,0,1,2,1.6798134185919258e+79
ADVANIHOTR.NS,2024-01-24,2024-03-12,63.03,65,70,66.72,74.52,0.5937,83.5,1.72,2.736,742683161060607609981465659420836156775244386186494063085042260476275195904,3.28,2.432661309566419e+75,189.94,True,1,1,0,1,1,2,6.647038609639737e+76
ALLDIGI.NS,2024-01-24,2024-03-12,691.15,690,710,699.11,657.18,0.3903,78.6,9.11,1.318,250806096646994475516096030618625091979434796014095358878098596077309526016,-9.11,-2.284991408119465e+75,-100.0,False,1,1,1,1,1,3,1.1196457899785378e+77
ANUP.NS,2024-01-24,2024-03-12,1473.54,1475,1520,1495.04,1336.65,0.3078,72.5,20.04,1.36,799033653134091453697479097236611604651093091827906472444565009627361574912,-20.04,-1.6013393820371532e+76,-100.0,False,1,1,1,0,1,2,7.846562971982051e+77
ASTRON.NS,2024-01-24,2024-03-12,38.95,40,45,41.39,24.8,0.4304,68.3,1.39,3.573,251264600926001392590460642560210872300024344226012753174077344982679834066944,-1.39,-3.496566490261929e+77,-100.0,False,1,1,1,0,1,2,1.7133175802283454e+79
ASHIANA.NS,2024-01-25,2024-03-13,307.94,310,315,312.2,266.79,0.6492,65.6,2.2,0.714,123686335013920008140728898392020930314324420090620298944179760304161258733568,-2.2,-2.7180180665991563e+77,-100.0,False,1,1,1,1,1,3,1.3318288526335865e+79
ALBERTDAVD.NS,2024-01-25,2024-03-13,1510.0,1510,1555,1529.73,1033.08,0.6678,92.4,19.73,1.307,152003375764931020834150950370656985049463728157255722548984893614329954304,-19.73,-2.9992357255320503e+75,-100.0,False,1,1,0,1,1,2,1.4696255055107046e+77
3IINFOLTD.NS,2024-01-25,2024-03-13,57.75,60,65,61.59,39.05,0.5359,58.6,1.59,2.752,296822221687808658307021318017526619327353204371773271673951542711200776192,-1.59,-4.716958539927386e+74,-100.0,False,1,1,1,0,1,2,2.311309684564419e+76
ASIANENE.NS,2024-01-25,2024-03-13,296.61,295,305,299.62,249.74,0.3387,71.0,4.62,1.556,162439120400699131780576181202849758241530633130302173101353007420017125359616,-4.62,-7.498640872145495e+77,-100.0,False,1,1,1,1,1,3,3.674334027351293e+79
APTUS.NS,2024-01-25,2024-03-13,353.71,355,365,359.41,298.98,0.3549,75.0,4.41,1.247,29849678393859864051593623088958759649961996693636154732524908294058757062656,-4.41,-1.3171203731883009e+77,-100.0,False,1,1,1,0,1,2,6.453889828622674e+78
ADVANIHOTR.NS,2024-01-25,2024-03-13,65.34,65,70,67.05,69.7,0.5933,85.2,2.05,3.136,648822410481330272942664442456268425883956673824338111899971470939230568448,2.65,1.7169321002086188e+75,129.15,True,1,1,0,1,1,2,6.8187318196606e+76
ANANDRATHI.NS,2024-01-25,2024-03-13,751.53,750,775,761.27,944.38,0.3719,75.9,11.27,1.5,163291217894145836492858398338634323428548779314832080096642057972909867008,13.73,2.2416138714301332e+75,121.78,True,1,1,1,0,1,2,9.427494266760578e+76
ABCOTS.NS,2024-01-25,2024-03-13,158.75,160,165,162.13,270.75,0.5484,68.0,2.13,1.345,121572370306017568329219724385877205732565240236564484192543238523046592512,2.87,3.4836453098389265e+74,134.25,True,1,1,1,0,1,2,1.3323230558293651e+76
AMBUJACEM.NS,2024-01-25,2024-03-13,553.69,555,570,561.7,552.8,0.3204,54.5,6.7,1.21,221972797067328626709700705028625997670353796868872599606118909183866699776,-6.7,-1.4874306780500155e+75,-100.0,False,1,1,0,1,1,2,7.288410322445075e+76
ACC.NS,2024-01-25,2024-03-13,2436.64,2435,2510,2468.73,2359.07,0.4096,59.9,33.73,1.384,89884659467939105105095190149916223773081882984929803351098731233634418688,-33.73,-3.0315475445492736e+75,-100.0,False,1,1,1,1,1,3,1.485458296829144e+77
ALLDIGI.NS,2024-01-25,2024-03-13,733.06,735,755,743.9,645.26,0.4296,81.6,8.9,1.214,251552428055898921774044818652961458965713268932634458624700880892578496512,-8.9,-2.239291579957076e+75,-100.0,False,1,1,0,1,1,2,1.097252874178967e+77
AGSTRA.NS,2024-01-25,2024-03-13,120.75,120,125,122.23,67.25,0.5225,77.6,2.23,1.848,507682675612136702141009143165938687872876186024053563857310723194830716928,-2.23,-1.1329895793924184e+75,-100.0,False,1,1,1,0,1,2,5.55164893902285e+76
ALIVUS.NS,2024-01-25,2024-03-13,831.77,830,855,841.37,684.66,0.4025,79.6,11.37,1.367,231547701797303633196429525774332096497366274259362890449259638978835906560,-11.37,-2.6330409406719027e+75,-100.0,False,1,1,1,0,1,2,1.2901900609292323e+77
ARVIND.NS,2024-01-25,2024-03-13,306.91,305,315,309.59,247.87,0.4699,73.6,4.59,1.495,28766702981452959124021986808685377767890046853906923537116593870163297697792,-4.59,-1.3197586887135085e+77,-100.0,False,1,1,1,1,1,3,6.466817574696192e+78
AIAENG.NS,2024-01-25,2024-03-13,3861.15,3860,3975,3911.87,3598.39,0.2871,68.9,51.87,1.343,18599105167278842689380965563456539572964563453265483965929940142954381312,-51.87,-9.647193518573233e+74,-100.0,False,1,1,1,1,1,3,4.7271248241008835e+76
AMBER.NS,2024-01-25,2024-03-13,4103.15,4105,4225,4158.87,3554.75,0.4025,80.3,53.87,1.313,42817060737470195346210755859783639964980784237733629299844964561534844928,-53.87,-2.3063575213764616e+75,-100.0,False,1,1,0,1,1,2,1.130115185474466e+77
ARIES.NS,2024-01-25,2024-03-13,227.95,230,235,232.18,240.07,0.4126,64.0,2.18,0.955,48905893929433021864683673775281829131555314335505572341317700416261708578816,2.82,1.3801502846056357e+77,129.57,True,1,1,1,0,1,2,5.463737087790641e+78
ARIHANTSUP.NS,2024-01-29,2024-03-14,386.67,385,400,391.61,320.24,0.6212,76.7,6.61,1.709,18850974058080359107287503236940298382082121010003120818656048625107244941312,-6.61,-1.2458099968270952e+77,-100.0,False,1,1,1,0,1,2,6.104468984452766e+78
ASAHISONG.NS,2024-01-29,2024-03-14,323.0,325,335,329.23,311.76,0.2751,58.0,4.23,1.309,17416100015969080176895189239932830485620704757041255478875514450054874136576,-4.23,-7.362080661322138e+76,-100.0,False,1,1,1,0,1,2,3.6074195240478476e+78
ASIANENE.NS,2024-01-29,2024-03-14,311.42,310,320,314.6,240.02,0.3715,75.3,4.6,1.477,159729838365030138477111845505897393100814718967213747990523538697958958563328,-4.6,-7.348668054702586e+77,-100.0,False,1,1,1,0,1,2,3.600847346804267e+79
AIAENG.NS,2024-01-29,2024-03-14,3991.9,3990,4110,4044.17,3584.66,0.3014,72.8,54.17,1.357,17454287332857466814949313268456592262718858266016705259170961593842270208,-54.17,-9.454249648201768e+74,-100.0,False,1,1,1,0,1,2,4.632582327618866e+76
ASHOKA.NS,2024-01-29,2024-03-14,172.4,170,180,174.45,160.05,0.5246,78.9,4.45,2.583,75454130043325236985983490076721620612001088844070540676601490323955286802432,-4.45,-3.3596268371838515e+77,-100.0,False,1,1,1,0,1,2,1.6462171502200874e+79
APTUS.NS,2024-01-29,2024-03-14,354.62,355,365,359.49,306.15,0.343,74.8,4.49,1.267,28723115616961630541585015435426747791822548557217865772193572520482903687168,-4.49,-1.2907779657245349e+77,-100.0,False,1,1,1,0,1,2,6.32481203205022e+78
ADVANIHOTR.NS,2024-01-29,2024-03-14,70.31,70,75,72.07,73.03,0.6256,88.0,2.07,2.937,660388720985551981866332925568767328006406831479688076129957103440211476480,0.97,6.405307843086602e+74,46.97,True,1,1,0,1,1,2,6.882784898091466e+76
AGSTRA.NS,2024-01-29,2024-03-14,123.55,125,130,127.05,70.6,0.5208,77.7,2.05,1.659,541558343279446507897465083771270769126493864256864948636071205259305811968,-2.05,-1.11032978780457e+75,-100.0,False,1,1,1,0,1,2,5.440615960242393e+76
AMBER.NS,2024-01-29,2024-03-14,4390.9,4390,4525,4450.45,3494.5,0.4362,82.8,60.45,1.377,37387523626911584615499623603389180502402953898660357976665197650938691584,-60.45,-2.260230370948932e+75,-100.0,False,1,1,0,1,1,2,1.1075128817649767e+77
ALICON.NS,2024-01-29,2024-03-14,998.63,1000,1030,1013.31,800.34,0.4742,76.4,13.31,1.333,177705264034553429565813037930311095460241605037740297826236686166336208896,-13.31,-2.3657915932977916e+75,-100.0,False,1,1,1,0,1,2,1.1592378807159178e+77
ADANIPOWER.NS,2024-01-29,2024-03-14,114.09,115,120,117.01,107.57,0.3358,59.7,2.01,1.763,973824918403873781347662156976634508252834660567538397781248990476425494528,-2.01,-1.9592532849989443e+75,-100.0,False,1,1,1,0,1,2,9.600341096494826e+76
APOLLOHOSP.NS,2024-01-29,2024-03-14,6289.01,6290,6480,6373.28,5989.78,0.1719,80.1,83.28,1.324,1327090455941664653450890214983135639813211931517685152587331192993769062400,-83.28,-1.1052367585486179e+77,-100.0,False,1,1,0,1,1,2,5.415660116888228e+78
ARE&M.NS,2024-01-29,2024-03-14,822.55,825,845,833.94,784.22,0.2443,51.0,8.94,1.087,10137171433553554312782969109299691611137930566780417112428125923901838458880,-8.94,-9.065033946946789e+76,-100.0,False,1,1,0,1,1,2,4.441866634003926e+78
3IINFOLTD.NS,2024-01-29,2024-03-14,59.85,60,65,61.94,42.8,0.5422,69.6,1.94,3.239,238474432272832950460128068536441884362361955130907133144389976670496358400,-1.94,-4.622619369128838e+74,-100.0,False,1,1,1,0,1,2,2.2650834908731307e+76
ARVSMART.NS,2024-01-29,2024-03-14,489.44,490,505,496.68,574.05,0.3893,57.7,6.68,1.365,12597092215402214977493029980923795258843637510521160839975975366399428132864,8.32,1.0482686445463083e+77,124.6,True,1,1,1,0,1,2,4.31130280327475e+78
ABAN.NS,2024-01-29,2024-03-14,75.0,75,80,77.04,56.3,0.731,80.8,2.04,2.722,50517445883952567042434277229781890907668653905981589875395101232577118208,-2.04,-1.0311864983256409e+74,-100.0,False,1,1,0,1,1,2,5.05281384179564e+75
ABCOTS.NS,2024-01-29,2024-03-14,166.65,165,170,167.32,270.75,0.5504,76.0,2.32,1.392,114879562099739078027249421242331028253255650570924037301497761355714789376,2.68,3.0793319933282234e+74,115.56,True,1,1,1,0,1,2,1.3631163757626473e+76
AMBUJACEM.NS,2024-01-29,2024-03-14,567.48,565,585,574.12,575.73,0.3264,62.6,9.12,1.607,159863758691504498604484320719421808695189148688220927039032718148153376768,1.61,2.5752609890841564e+74,17.67,True,1,1,1,1,1,3,7.314162932335916e+76
ACC.NS,2024-01-29,2024-03-14,2461.57,2460,2535,2493.75,2450.91,0.4093,60.4,33.75,1.371,88021957948476540372807105659012077975607689452197123495670908296903000064,-33.75,-2.970916593658288e+75,-100.0,False,1,1,1,1,1,3,1.455749130892561e+77
ARVINDFASN.NS,2024-01-29,2024-03-14,489.96,490,505,496.73,444.37,0.3648,69.8,6.73,1.373,18683368255912117434594982528302545668038087585425395102847658963619385704448,-6.73,-1.2571598763470633e+77,-100.0,False,1,1,1,0,1,2,6.1600833941006106e+78
AGARIND.NS,2024-01-30,2024-03-15,1073.66,1075,1105,1088.42,852.33,0.4441,68.0,13.42,1.25,77180747035917022060821184453668708703452927514681322194502435823933194240,-13.42,-1.0359550522005764e+75,-100.0,False,1,1,1,0,1,2,5.076179755782824e+76
ASIANENE.NS,2024-01-30,2024-03-15,326.97,325,335,329.66,233.49,0.3853,77.6,4.66,1.425,154567358355907838334018798253309474104275925408846582376338457524394679861248,-4.66,-7.201694693608534e+77,-100.0,False,1,1,1,0,1,2,3.5288303998681814e+79
AHLUCONT.NS,2024-01-30,2024-03-15,869.49,870,895,881.22,1040.22,0.4188,62.0,11.22,1.29,74457056096806126698807239562026685596393087809052812580131789555386810368,13.78,1.0260252038184372e+75,122.82,True,1,1,1,1,1,3,4.279608513390424e+76
ADVANIHOTR.NS,2024-01-30,2024-03-15,74.43,75,80,76.98,74.13,0.6337,91.7,1.98,2.661,695015370052567388666169380439111595603727807218060664534705226149686935552,-1.98,-1.3765569796182933e+75,-100.0,False,1,1,0,1,1,2,6.745129200129637e+76
ACE.NS,2024-01-30,2024-03-15,929.84,930,960,943.37,1236.5,0.3855,56.4,13.37,1.438,205615802204521267451775588279973764471556635348504394050239105895621459968,16.63,3.4189117375901125e+75,124.34,True,1,1,1,1,1,3,1.408970281648664e+77
ALPHAGEO.NS,2024-01-30,2024-03-15,326.9,325,335,329.54,316.23,0.5609,81.4,4.54,1.39,552649497868414294904081741292601964825862054390665331346942339338630856704,-4.54,-2.5111883693642367e+75,-100.0,False,1,1,0,1,1,2,1.230482300988476e+77
ACC.NS,2024-01-30,2024-03-15,2481.57,2480,2555,2513.78,2471.49,0.407,64.3,33.78,1.361,86190805259649712441736573869829090136703538743094823927899022344792834048,-33.78,-2.911498261785122e+75,-100.0,False,1,1,1,0,1,2,1.4266341482747097e+77
ARVSMART.NS,2024-01-30,2024-03-15,514.33,515,530,521.7,588.79,0.4168,69.7,6.7,1.302,12877521843592150779131709379994047464000542216641177366432053786262087139328,8.3,1.0693677158838726e+77,124.02,True,1,1,1,1,1,3,4.418239574863137e+78
ASHOKA.NS,2024-01-30,2024-03-15,177.75,180,185,182.1,163.2,0.5287,82.0,2.1,1.183,156509585238480234665078056392798528193964489382511551051444338434696451981312,-2.1,-3.2924343004401747e+77,-100.0,False,1,1,0,1,1,2,1.6132928072156858e+79
ARIES.NS,2024-01-30,2024-03-15,240.22,240,245,242.31,249.76,0.4526,75.7,2.31,0.96,47397510208636492014280582596839020330263426839880678901369670239342592786432,2.69,1.2771280928736966e+77,116.87,True,1,1,1,1,1,3,5.591449897078011e+78
ABAN.NS,2024-01-30,2024-03-15,87.65,90,95,91.89,53.5,0.8744,87.3,1.89,2.158,53431189174192189674307737317655317933295568671481233466416305536738787328,-1.89,-1.0105627683591281e+74,-100.0,False,1,1,0,1,1,2,4.951757564959728e+75
ARVINDFASN.NS,2024-01-30,2024-03-15,495.73,495,510,501.81,449.74,0.3625,69.7,6.81,1.373,18097443597043452433404429537394750109235392279229803368573077966141962321920,-6.81,-1.232016678820122e+77,-100.0,False,1,1,1,0,1,2,6.036881726218599e+78
APARINDS.NS,2024-01-30,2024-03-15,5996.18,5995,6175,6075.73,6018.01,0.4433,52.9,80.73,1.346,642809712044823351025968658578567963228270658809346693039435641851075362816,-57.71,-3.709825010848572e+76,-71.49,False,1,1,0,1,1,2,2.557469151272455e+78
3PLAND.NS,2024-01-30,2024-03-15,37.75,40,45,41.29,27.85,0.5641,77.1,1.29,3.411,287789423515353594404486684344559071886222860868501956969207758246805241856,-1.29,-3.7058413514114235e+74,-100.0,False,1,1,1,0,1,2,1.8158622621915976e+76
3IINFOLTD.NS,2024-01-30,2024-03-15,60.6,60,65,62.06,40.9,0.4965,70.2,2.06,3.396,220113401282109402911664729203567145266730152710663808601046224173042499584,-2.06,-4.530166981746262e+74,-100.0,False,1,1,1,0,1,2,2.2197818210556682e+76
ASAHISONG.NS,2024-01-30,2024-03-15,325.48,325,335,329.54,318.62,0.275,65.2,4.54,1.394,15904181405536405864379737944513995648538938198532807742471350457071843672064,-4.54,-7.214839048095695e+76,-100.0,False,1,1,1,0,1,2,3.5352711335668908e+78
ARCHIES.NS,2024-01-30,2024-03-15,35.9,35,40,36.96,31.5,0.6173,72.9,1.96,5.464,50367082956632517390951405960116950213977804279175371132825662632485472698368,-1.96,-9.880695219768477e+76,-100.0,False,1,1,1,1,1,3,4.841540657686554e+78
ALPHAGEO.NS,2024-01-31,2024-03-18,349.96,350,360,354.43,317.33,0.5969,84.8,4.43,1.266,555580782657264211206931331057266661282889943674102014335004366508858015744,-4.43,-2.460964601976952e+75,-100.0,False,1,1,0,1,1,2,1.2058726549687063e+77
ARIES.NS,2024-01-31,2024-03-18,288.25,290,295,292.17,249.46,0.7622,84.8,2.17,0.752,51585899572579595063318782095846154234288864211175071922695809345302703374336,-2.17,-1.1182899794156022e+77,-100.0,False,1,1,0,1,1,2,5.479620899136451e+78
AGARIND.NS,2024-01-31,2024-03-18,1127.63,1130,1160,1143.4,797.56,0.4564,75.8,13.4,1.188,75775912856868110604677977777519916677957864833419277150268507588319510528,-13.4,-1.0152359511565647e+75,-100.0,False,1,1,1,1,1,3,4.974656160667167e+76
ARVINDFASN.NS,2024-01-31,2024-03-18,518.95,520,535,526.68,452.42,0.3832,73.7,6.68,1.287,18079835232980261221780057153285783677617017281816894054633440053364713848832,-6.68,-1.2073763452437197e+77,-100.0,False,1,1,1,0,1,2,5.916144091694227e+78
ASTERDM.NS,2024-01-31,2024-03-18,334.31,335,345,339.43,325.74,0.331,68.4,4.43,1.326,61254643907491283405216878082659989104217998675795064774445335138529198473216,-4.43,-2.7151408004169923e+77,-100.0,False,1,1,1,0,1,2,1.3304189922043261e+79
ACE.NS,2024-01-31,2024-03-18,973.38,975,1005,988.3,1270.12,0.4081,65.2,13.3,1.367,211852326719701583452525109863248377313894559682459875891994042731507744768,16.7,3.537629238293719e+75,125.54,True,1,1,1,1,1,3,1.4443465740316012e+77
ASHOKA.NS,2024-01-31,2024-03-18,182.15,180,190,184.44,157.05,0.5187,75.8,4.44,2.439,72630033453089909392211134363904567968390636256856176933495303781853725458432,-4.44,-3.2265856144313716e+77,-100.0,False,1,1,1,0,1,2,1.581026951071372e+79
ARVIND.NS,2024-01-31,2024-03-18,307.64,310,315,312.23,264.57,0.4417,75.1,2.23,0.725,58000620149327543897204814701561326794273626524151422164644179900619563204608,-2.23,-1.2933635149392383e+77,-100.0,False,1,1,1,1,1,3,6.337481223202268e+78
AIROLAM.NS,2024-01-31,2024-03-18,149.35,150,155,152.16,152.2,0.3897,64.5,2.16,1.447,508026623078710740489053930829210109999908373414398592936115941209421119488,0.04,1.9547239268322215e+73,1.78,True,1,1,1,1,1,3,5.492503629579959e+76
APOLLOTYRE.NS,2024-01-31,2024-03-18,522.06,520,540,528.98,442.47,0.2842,88.4,8.98,1.719,17123498996607689163765745109199764882027304812064773933577291801157024350208,-8.98,-1.537113125694124e+77,-100.0,False,1,1,0,1,1,2,7.531854315901207e+78
3PLAND.NS,2024-01-31,2024-03-18,37.95,40,45,41.33,29.2,0.565,74.2,1.33,3.508,272783612540823446176423451731563911349300477265080783447088593471883182080,-1.33,-3.631724524383195e+74,-100.0,False,1,1,1,0,1,2,1.7795450169477657e+76
ARE&M.NS,2024-01-31,2024-03-18,872.72,875,900,886.08,774.16,0.3166,70.9,11.08,1.269,8018607008344063409876349715509637700470840856633147049276477310009845219328,-11.08,-8.883733268007853e+76,-100.0,False,1,1,1,1,1,3,4.3530293013238476e+78
AIAENG.NS,2024-01-31,2024-03-18,4071.76,4070,4195,4126.21,3605.33,0.3829,69.8,56.21,1.381,16481666220657651547038652020871949315702549196212593103292620712158691328,-56.21,-9.265164655237732e+74,-100.0,False,1,1,1,1,1,3,4.5399306810664885e+76
ARVSMART.NS,2024-01-31,2024-03-18,527.68,530,545,536.59,564.59,0.4202,72.3,6.59,1.249,13412141252788966242660886152968577347746222122851018067479030675779528687616,8.41,1.1281732729457174e+77,127.67,True,1,1,1,0,1,2,4.531056902157709e+78
ANANDRATHI.NS,2024-01-31,2024-03-18,755.5,755,780,766.18,892.76,0.3433,70.7,11.18,1.48,168676473657152463554821348416683331514910802442782516739441483039266308096,13.82,2.331412988076696e+75,123.65,True,1,1,1,0,1,2,9.660635565568248e+76
ADOR.NS,2024-01-31,2024-03-18,1525.95,1525,1570,1545.36,1292.14,0.2696,56.7,20.36,1.335,80725431399139526983038765326840137008877669771959364694964325125147590656,-20.36,-1.6439591293746656e+75,-100.0,False,1,1,1,0,1,2,8.055399733935861e+76
APTUS.NS,2024-01-31,2024-03-18,358.74,360,370,364.42,306.01,0.3883,74.1,4.42,1.233,28591073010360895917623382611479386560465340109680528131344321378850355281920,-4.42,-1.264962406410044e+77,-100.0,False,1,1,1,0,1,2,6.198315791409216e+78
3IINFOLTD.NS,2024-01-31,2024-03-18,61.55,60,65,62.24,40.95,0.4452,70.6,2.24,3.639,198237191916035579279838503778883376205478135815987590784658676400168894464,-2.24,-4.4395636421113363e+74,-100.0,False,1,1,1,1,1,3,2.1753861846345546e+76
APARINDS.NS,2024-01-31,2024-03-18,6245.71,6245,6435,6329.94,6034.22,0.4662,61.9,84.94,1.36,602186705523935963075036172286838214010817322108834438607478888391025623040,-84.94,-5.11493830254491e+76,-100.0,False,1,1,1,1,1,3,2.5063197682470057e+78
ACC.NS,2024-01-31,2024-03-18,2512.32,2510,2590,2545.92,2410.87,0.4065,71.7,35.92,1.43,79428430524564532495571248035736596002377398880767886387401561700053286912,-35.92,-2.8532682965494195e+75,-100.0,False,1,1,1,0,1,2,1.3981014653092156e+77
AIAENG.NS,2024-02-01,2024-03-19,4318.65,4320,4450,4378.21,3614.3,0.419,72.5,58.21,1.348,15599490090913798517786216351456272849700842461216068492709739287076143104,-58.21,-9.079861362132976e+74,-100.0,False,1,1,1,1,1,3,4.449132067445159e+76
AIROLAM.NS,2024-02-01,2024-03-19,169.25,170,175,172.17,160.65,0.5719,85.2,2.17,1.285,505117760289474423476581779995346899356383908349266765319846746366737907712,-2.17,-1.0985007259159917e+75,-100.0,False,1,1,0,1,1,2,5.38265355698836e+76
ALEMBICLTD.NS,2024-02-01,2024-03-19,94.37,95,100,96.97,77.38,0.3443,63.7,1.97,2.087,1210105691904472086458069946186874151407262105806982355767880306184245215232,-1.97,-2.383630613838906e+75,-100.0,False,1,1,1,1,1,3,1.1679790007810638e+77
AHLUCONT.NS,2024-02-01,2024-03-19,881.78,880,910,893.46,1025.43,0.4275,59.0,13.46,1.526,63607794197379075651946321131121098063971826976351846371652521710965489664,16.54,1.0523121232432875e+75,122.94,True,1,1,1,0,1,2,4.3848397257147527e+76
APTUS.NS,2024-02-01,2024-03-19,359.46,360,370,364.48,299.41,0.3872,74.7,4.48,1.247,27658891854876260277318102567681429444123655691528119758487693241764760518656,-4.48,-1.239663158281843e+77,-100.0,False,1,1,1,0,1,2,6.074349475581031e+78
ABCOTS.NS,2024-02-01,2024-03-20,192.8,195,200,197.11,257.25,0.7268,91.5,2.11,1.092,129478112380135341224420921122172895134835325626899059942591756087752392704,2.89,3.7476728674814726e+74,137.47,True,1,1,0,1,1,2,1.400593104437462e+76
ARCHIES.NS,2024-02-01,2024-03-19,36.0,35,40,36.99,31.0,0.6201,73.8,1.99,5.517,48752106247229675248536570060411944237748087029713380475093784889724384575488,-1.99,-9.683081315373109e+76,-100.0,False,1,1,1,0,1,2,4.744709844532823e+78
AMBER.NS,2024-02-01,2024-03-19,4554.65,4555,4690,4615.56,3154.9,0.4324,80.2,60.56,1.33,36575828359488562019048655462927464824234004844163628111508111041786544128,-60.56,-2.2150257635299533e+75,-100.0,False,1,1,0,1,1,2,1.0853626241296772e+77
ARIES.NS,2024-02-01,2024-03-19,292.92,295,300,297.16,244.14,0.7621,85.0,2.16,0.738,50703641756819466567269915686007910424213343148615024980301785511518764269568,-2.16,-1.0959241798272902e+77,-100.0,False,1,1,0,1,1,2,5.370028481153722e+78
APEX.NS,2024-02-01,2024-03-19,267.24,265,275,269.55,194.77,0.5196,66.1,4.55,1.704,11621175246648166200393060438577555152138072427175818262981184112079275032576,-4.55,-5.2909505037855156e+76,-100.0,False,1,1,1,1,1,3,2.5925657468549024e+78
ADOR.NS,2024-02-01,2024-03-19,1573.03,1575,1620,1595.13,1299.33,0.2865,59.8,20.13,1.28,80036025999297366410424508867040079753885058164314082665775898143949324288,-20.13,-1.6110799467871724e+75,-100.0,False,1,1,1,0,1,2,7.894291739257143e+76
AGARIND.NS,2024-02-01,2024-03-19,1131.16,1130,1165,1145.71,786.73,0.4558,77.2,15.71,1.389,63315011145846149867007726996030448205509882442090043486788928447212158976,-15.71,-9.949312321334334e+74,-100.0,False,1,1,1,0,1,2,4.875163037453824e+76
ANANDRATHI.NS,2024-02-01,2024-03-19,793.93,795,820,806.09,900.02,0.372,76.4,11.09,1.397,174258412037979744995474225367178711320920052093309217091549535298134212608,13.91,2.4243331878358436e+75,125.47,True,1,1,1,0,1,2,9.903068884351832e+76
ARVSMART.NS,2024-02-01,2024-03-19,530.93,530,545,536.87,570.55,0.3457,69.2,6.87,1.295,13182442891106500271640489671204411812806836433491586404457766777440855654400,8.13,1.0711550532344332e+77,118.2,True,1,1,1,1,1,3,4.638172407481152e+78
ADVENZYMES.NS,2024-02-02,2024-03-20,375.53,375,385,379.61,331.46,0.2822,61.6,4.61,1.229,277712332622198725849401387980319636779146113489288202636211110716232433664,-4.61,-1.2814866050028622e+75,-100.0,False,1,1,1,1,1,3,6.279284364514025e+76
ASPINWALL.NS,2024-02-02,2024-03-20,310.33,310,320,314.35,219.58,0.7267,60.7,4.35,1.402,64587643190558924074206543866808223185239010990720922327811803405739708383232,-4.35,-2.810238485243726e+77,-100.0,False,1,1,1,1,1,3,1.3770168577694257e+79
ARE&M.NS,2024-02-02,2024-03-20,878.85,880,905,891.2,734.6,0.3169,76.7,11.2,1.275,7772537440498696021383364944780576223509708747630715269203183933499073626112,-11.2,-8.706058602647696e+76,-100.0,False,1,1,1,0,1,2,4.265968715297371e+78
ANUP.NS,2024-02-02,2024-03-20,1481.16,1480,1525,1500.34,1494.59,0.3043,56.8,20.34,1.373,771650764169152560096528008325234427085003218889246486167657913562806878208,-5.74,-4.430999843521225e+75,-28.24,False,1,1,1,0,1,2,7.802252973546839e+77
AJMERA.NS,2024-02-02,2024-03-20,118.85,120,125,122.06,136.72,0.6826,69.4,2.06,1.736,854645601260313124557918210410457638426723818867158468513663313327528345600,2.94,2.5093830726146417e+75,142.27,True,1,1,1,0,1,2,9.070162975696083e+76
ANTELOPUS.NS,2024-02-02,2024-03-20,536.4,535,550,541.89,439.1,0.3888,63.2,6.89,1.285,2064714805421000409942290371235064306630580839760648782383648717059389390848,-6.89,-1.4235774733004381e+76,-100.0,False,1,1,1,1,1,3,6.975529619172147e+77
AGROPHOS.NS,2024-02-02,2024-03-20,54.53,55,60,56.9,38.7,0.8834,65.6,1.9,3.482,666322819907506030433259935620407059098832626400896683876657275440002498560,-1.9,-1.2652937922153415e+75,-100.0,False,1,1,1,1,1,3,6.199939581855173e+76
ABBOTINDIA.NS,2024-02-02,2024-03-20,27284.71,27285,28105,27653.82,26919.63,0.3485,73.9,368.82,1.352,377200217953746361317904100154838522759946572135391890134708764111011840,-368.82,-1.3911810798944675e+74,-100.0,False,1,1,1,1,1,3,6.81678729148289e+75
AHLEAST.NS,2024-02-02,2024-03-20,169.94,170,175,172.21,138.05,0.6005,65.4,2.21,1.299,396881450665552960772532759862678568375073053334738375971690642221264011264,-2.21,-8.761188876269722e+74,-100.0,False,1,1,1,1,1,3,4.292982549372164e+76
APEX.NS,2024-02-02,2024-03-20,270.1,270,280,274.39,195.12,0.5003,64.3,4.39,1.626,11806290483642325607274502289788064496427148354751895545630012036131093217280,-4.39,-5.1851314937098045e+76,-100.0,False,1,1,1,0,1,2,2.5407144319178043e+78
AIAENG.NS,2024-02-02,2024-03-20,4422.54,4425,4555,4483.28,3611.33,0.408,76.6,58.28,1.318,15269315776120744082279004997165355794197524679523215878329394277604392960,-58.28,-8.898264134890319e+74,-100.0,False,1,1,1,1,1,3,4.3601494260962557e+76
ADANIPORTS.NS,2024-02-02,2024-03-20,1244.73,1245,1280,1260.83,1228.9,0.2941,61.7,15.83,1.272,150002184581380972872750764712026034942316331395883856721652666460608135168,-15.83,-2.374693384690983e+75,-100.0,False,1,1,1,0,1,2,1.1635997584985816e+77
APCL.NS,2024-02-02,2024-03-20,227.95,230,235,232.17,173.0,0.3259,66.9,2.17,0.95,25956279483756280223293700783415692252853363391625678271874399459030968827904,-2.17,-5.621542154826555e+76,-100.0,False,1,1,1,1,1,3,2.754555655865012e+78
APARINDS.NS,2024-02-02,2024-03-20,6247.88,6250,6435,6332.76,6076.11,0.4529,71.5,82.76,1.325,605674669259481822149473963056329908303089214528502083862250937241581912064,-82.76,-5.012639536494011e+76,-100.0,False,1,1,1,0,1,2,2.4561933728820658e+78
ANANDRATHI.NS,2024-02-02,2024-03-20,811.68,810,835,821.36,890.03,0.3738,77.7,11.36,1.4,174284700193509898882459307022721769911352789345389021112367153157385486336,13.64,2.376503727967381e+75,119.99,True,1,1,1,0,1,2,1.014071925714857e+77
ARVSMART.NS,2024-02-02,2024-03-20,536.35,535,550,541.92,596.33,0.3403,73.8,6.92,1.29,13403043242380534567556504325199689677264380293479799256057092538808150261760,8.08,1.0828220048608497e+77,116.73,True,1,1,1,0,1,2,4.746454607967237e+78
3PLAND.NS,2024-02-02,2024-03-20,38.1,40,45,41.38,29.75,0.5776,64.5,1.38,3.615,258388917074654256765249177139168699457609274574811143770673796305207164928,-1.38,-3.5590900338955316e+74,-100.0,False,1,1,1,0,1,2,1.7439541166088104e+76
ASTRAZEN.NS,2024-02-05,2024-03-21,6611.19,6610,6810,6697.91,4997.13,0.6454,68.9,87.91,1.33,4637156979494136267148265248575993993055911433568667428250554715422437933056,-87.91,-4.076540718715651e+77,-100.0,False,1,1,1,0,1,2,1.9975049521706688e+79
ASHOKA.NS,2024-02-05,2024-03-21,182.6,185,190,187.1,160.45,0.5319,71.3,2.1,1.151,150390953080711287787033572231457326830070618667541174902200319792288469352448,-2.1,-3.162053902142744e+77,-100.0,False,1,1,1,0,1,2,1.5494064120499444e+79
ABBOTINDIA.NS,2024-02-05,2024-03-21,27289.76,27290,28110,27658.83,26904.52,0.3479,72.0,368.83,1.352,369640684325317074991160490975587337997538390659603064054669605253152768,-368.83,-1.363357458296578e+74,-100.0,False,1,1,1,0,1,2,6.680451545653232e+75
AGROPHOS.NS,2024-02-05,2024-03-21,58.64,60,65,61.83,39.09,0.9083,71.7,1.83,3.127,676179651026940746007521453395374447505687092151783901309485782847851593728,-1.83,-1.2399879163710347e+75,-100.0,False,1,1,1,1,1,3,6.07594079021807e+76
ASTRAMICRO.NS,2024-02-05,2024-03-21,641.28,640,660,649.04,535.95,0.4241,61.9,9.04,1.41,35431014381038633563050227282817118827862389038677426098947655015178514202624,-9.04,-3.204590242920935e+77,-100.0,False,1,1,1,1,1,3,1.570249219031258e+79
ACE.NS,2024-02-05,2024-03-21,987.38,985,1015,998.7,1403.13,0.3601,66.0,13.7,1.387,210893136210585707944848195151501164641762174742384340974181563076733566976,16.3,3.4381009382543687e+75,119.02,True,1,1,1,1,1,3,1.4787275834141448e+77
ASHIMASYN.NS,2024-02-05,2024-03-21,24.25,25,30,26.38,18.65,0.689,64.6,1.38,5.69,185100070435832569683148576412354582344974317046743843802263073014081443069952,-1.38,-2.554263995177913e+77,-100.0,False,1,1,1,1,1,3,1.2515893576371773e+79
ASHIANA.NS,2024-02-05,2024-03-21,322.55,325,330,327.19,273.93,0.6548,59.3,2.19,0.679,121532568920212682313562064135760642319202686909897882113943568889602342125568,-2.19,-2.663657705267173e+77,-100.0,False,1,1,1,1,1,3,1.3051922755809148e+79
ALEMBICLTD.NS,2024-02-05,2024-03-21,97.94,100,105,101.83,78.44,0.4032,63.0,1.83,1.871,1274932807096066114318060660104620159283584932274150056500728239084240109568,-1.83,-2.3359580015621275e+75,-100.0,False,1,1,1,1,1,3,1.1446194207654425e+77
3PLAND.NS,2024-02-05,2024-03-21,39.15,40,45,41.6,30.8,0.5735,68.2,1.6,4.093,217682805604421035019403413838522788452157037098729991785800356389736939520,-1.6,-3.4879082332176207e+74,-100.0,False,1,1,1,0,1,2,1.709075034276634e+76
AHLUCONT.NS,2024-02-05,2024-03-21,883.63,885,910,896.17,1032.72,0.4164,60.3,11.17,1.264,78493690152771136634605670343524083272460715173022491284700187571479642112,13.83,1.0853743086763278e+75,123.76,True,1,1,1,1,1,3,4.4933771565823854e+76
ASTRAZEN.NS,2024-02-06,2024-03-22,6880.21,6880,7085,6970.06,5095.71,0.6526,78.6,90.06,1.309,4435968383325048297731565087605958848775234678918956268635678082513464459264,-90.06,-3.995009904341338e+77,-100.0,False,1,1,1,0,1,2,1.9575548531272552e+79
ARVINDFASN.NS,2024-02-06,2024-03-22,519.49,520,535,526.72,439.6,0.3903,71.5,6.72,1.294,17601226841777465472489443541270754287746091395436275050656651927793411555328,-6.72,-1.1832288183388455e+77,-100.0,False,1,1,1,0,1,2,5.7978212098603425e+78
ALEMBICLTD.NS,2024-02-06,2024-03-22,99.67,100,105,102.07,79.5,0.4056,60.1,2.07,2.075,1106957394111502567648135979500185873797718360368702621155660114112156794880,-2.07,-2.289238841530885e+75,-100.0,False,1,1,1,1,1,3,1.1217270323501336e+77
AHLUCONT.NS,2024-02-06,2024-03-22,891.82,890,920,903.5,1023.73,0.3891,68.0,13.5,1.514,66561929958925603265776328683178496501095515832045850221606243151864922112,16.5,1.098182467451291e+75,122.2,True,1,1,1,0,1,2,4.6031954033275147e+76
ASTRAMICRO.NS,2024-02-06,2024-03-22,657.16,655,675,664.13,554.82,0.4295,64.5,9.13,1.389,34411649347656572294015935320783342807965432929738845678676529730249214132224,-9.13,-3.1404984380625165e+77,-100.0,False,1,1,1,1,1,3,1.538844234650633e+79
ADANIPORTS.NS,2024-02-06,2024-03-22,1256.23,1255,1295,1272.98,1264.62,0.2765,63.5,17.98,1.431,129437404611320006273336831638866488589601023181696465677146194405163532288,-8.36,-1.082470530123315e+75,-46.51,False,1,1,1,0,1,2,1.1527750531973484e+77
ALPHAGEO.NS,2024-02-06,2024-03-22,375.31,375,385,379.32,321.28,0.8345,75.9,4.32,1.152,557727380074786845457620720696125234904549468543641837423914392173513015296,-4.32,-2.411745309937413e+75,-100.0,False,1,1,1,1,1,3,1.1817552018693323e+77
APLLTD.NS,2024-02-06,2024-03-22,964.14,965,995,978.31,936.32,0.47,58.9,13.31,1.381,2955110870213007237074277592670918086945802159310891942219579049572055384064,-13.31,-3.934089613980044e+76,-100.0,False,1,1,1,0,1,2,1.9277039108502216e+78
ABAN.NS,2024-02-06,2024-03-22,88.6,90,95,91.94,52.65,0.9879,76.2,1.94,2.195,50923645829778604126773181720198446743652216735387295547876257403710210048,-1.94,-9.903515129919456e+73,-100.0,False,1,1,1,0,1,2,4.8527224136605335e+75
ABBOTINDIA.NS,2024-02-06,2024-03-22,27532.33,27530,28360,27903.45,26315.21,0.3475,70.8,373.45,1.356,357769136090153609488890162461024157628513547370983321658335441560010752,-373.45,-1.3360903091306464e+74,-100.0,False,1,1,1,0,1,2,6.546842514740167e+75
ARVSMART.NS,2024-02-06,2024-03-22,641.02,640,660,648.75,618.9,0.7085,86.6,8.75,1.366,10843587098874559760157537648654996459829146537427564122653256366460487335936,-8.75,-9.492909215934474e+76,-100.0,False,1,1,0,1,1,2,4.651525515807892e+78
ADVENZYMES.NS,2024-02-06,2024-03-22,376.12,375,385,379.67,347.12,0.2984,61.8,4.67,1.241,268953897484606312750508859929230507927729071574129087044732891228696215552,-4.67,-1.255856872902805e+75,-100.0,False,1,1,1,0,1,2,6.153698677223745e+76
ASHIMASYN.NS,2024-02-06,2024-03-22,24.9,25,30,26.56,19.05,0.6902,76.5,1.56,6.28,160077365961057939373136698199290002048043987537131295181909145973992942731264,-1.56,-2.5031787152743545e+77,-100.0,False,1,1,1,1,1,3,1.2265575704844338e+79
AJMERA.NS,2024-02-06,2024-03-22,140.63,140,145,142.14,142.0,0.905,77.2,2.14,1.518,849514701874927593783479670491892952529609502375267580601752948506376536064,-0.13,-1.135643466031659e+74,-6.26,False,1,1,1,1,1,3,9.058806541035766e+76
ASAL.NS,2024-02-07,2024-03-26,554.9,555,570,561.46,570.5,0.8356,75.1,6.46,1.164,15255224879551908193773838110638894199679118964664758521950210541518577467392,8.54,1.3025505798965934e+77,132.14,True,1,1,1,1,1,3,5.058920818170623e+78
AHLUCONT.NS,2024-02-07,2024-03-26,898.56,900,925,911.2,1021.09,0.382,64.8,11.2,1.246,82200372090367065798258047226120265070878063811539182838694884919555915776,13.8,1.1343702215936737e+75,123.22,True,1,1,1,0,1,2,4.716632425486882e+76
APARINDS.NS,2024-02-07,2024-03-26,6365.16,6365,6555,6449.79,6966.04,0.4998,71.8,84.79,1.332,579348122212579523932149172651303883598591613414384904442594650269117579264,105.21,6.09522757627488e+76,124.08,True,1,1,1,0,1,2,2.5171456486448146e+78
ASTRAMICRO.NS,2024-02-07,2024-03-26,666.12,665,685,674.06,543.67,0.4283,68.3,9.06,1.359,33988689004879407807172810048537378039813674433015376896425436644395299373056,-9.06,-3.077688469301266e+77,-100.0,False,1,1,1,0,1,2,1.5080673499576203e+79
ADVENZYMES.NS,2024-02-07,2024-03-26,379.46,380,390,384.51,343.54,0.2904,62.9,4.51,1.189,272884974677882727468663962473836071787775115513800531266434228007661993984,-4.51,-1.230739735444749e+75,-100.0,False,1,1,1,1,1,3,6.03062470367927e+76
ADANIGREEN.NS,2024-02-07,2024-03-26,1866.0,1865,1920,1889.71,1859.0,0.4613,67.2,24.71,1.324,101067431513602110407403215030862237759284723004481218789274668740485578752,-24.71,-2.4977518154808367e+75,-100.0,False,1,1,1,1,1,3,1.2238983895856098e+77
AHLEAST.NS,2024-02-07,2024-03-26,170.13,170,175,172.22,133.9,0.6098,60.1,2.22,1.302,387490466085069667672206495825619760410149230000128411069495986600617705472,-2.22,-8.585965098744328e+74,-100.0,False,1,1,1,1,1,3,4.2071228983847206e+76
ABFRL.NS,2024-02-07,2024-03-26,262.8,265,270,267.2,207.0,0.3339,75.2,2.2,0.838,118445295630165641391186288974295424454660264384599438202987630381024411648,-2.2,-2.607665966737745e+74,-100.0,False,1,1,1,1,1,3,1.2777563237014952e+76
ACE.NS,2024-02-07,2024-03-26,1112.76,1115,1145,1128.3,1387.24,0.5445,80.6,13.3,1.195,222432002757732070833824090106890662107060414172485204116995343833249087488,16.7,3.7155049159036724e+75,125.63,True,1,1,0,1,1,2,1.5158826325731816e+77
ADANIENT.NS,2024-02-07,2024-03-26,3225.55,3225,3320,3267.85,3105.81,0.28,66.9,42.85,1.328,68517682287306922974078682605049358593946854305054439369999342360766447616,-42.85,-2.935896071153848e+75,-100.0,False,1,1,1,0,1,2,1.4385890748653854e+77
ABBOTINDIA.NS,2024-02-07,2024-03-26,27929.38,27930,28765,28305.77,25959.32,0.3413,78.8,375.77,1.345,348446985298514687517211878796628123761662102160300495622269472822263808,-375.77,-1.3093685029480333e+74,-100.0,False,1,1,1,0,1,2,6.415905664445363e+75
ARCHIES.NS,2024-02-07,2024-03-26,36.45,35,40,37.1,31.25,0.6084,64.6,2.1,5.749,45286967322712690754710764872352930826754950150308714159311714991876064935936,-2.1,-9.489419689065646e+76,-100.0,False,1,1,1,0,1,2,4.649815647642166e+78
ALEMBICLTD.NS,2024-02-08,2024-03-27,101.07,100,105,102.26,77.38,0.4193,68.0,2.26,2.232,994543194079740707026013278616553800626088309804420687479731160274584993792,-2.26,-2.2434540647002674e+75,-100.0,False,1,1,1,0,1,2,1.099292491703131e+77
ASAL.NS,2024-02-08,2024-03-27,622.65,625,640,631.36,568.6,0.9085,82.7,6.36,1.021,15915818147782841316271415684329363987274119688561518585576967080397686964224,-6.36,-1.0117841636341248e+77,-100.0,False,1,1,0,1,1,2,4.957742401807211e+78
ANANTRAJ.NS,2024-02-08,2024-03-27,342.44,340,355,346.76,310.33,0.3017,70.5,6.76,1.975,1243262337292142356801790213724112179290957361741540759422586991125752446976,-6.76,-8.408657845504819e+75,-100.0,False,1,1,1,1,1,3,4.120242344297361e+77
AHLEAST.NS,2024-02-08,2024-03-27,173.45,175,180,177.13,135.51,0.6111,68.2,2.13,1.229,394845637572440625008364748203408011776822073126259390196977745896285405184,-2.13,-8.414245796769442e+74,-100.0,False,1,1,1,0,1,2,4.122980440417026e+76
ASTRAMICRO.NS,2024-02-08,2024-03-27,670.4,670,690,679.0,541.78,0.4279,74.8,9.0,1.343,33496353447895097142114674584552355780646989077955050452201585450901980577792,-9.0,-3.0161346999152413e+77,-100.0,False,1,1,1,0,1,2,1.477906002958468e+79
APLLTD.NS,2024-02-08,2024-03-27,968.78,970,1000,983.29,963.06,0.4689,61.9,13.29,1.372,2900215461723530010579755388309315073187540839010594011226891274181182226432,-13.29,-3.8554078217004434e+76,-100.0,False,1,1,1,0,1,2,1.8891498326332173e+78
ALKEM.NS,2024-02-08,2024-03-27,5179.83,5180,5335,5249.7,4912.85,0.2955,60.7,69.7,1.346,37105904965706079965197305870273188405633714882022683722108634795249500160,-69.7,-2.5862853188019804e+75,-100.0,False,1,1,1,1,1,3,1.2672798062129705e+77
ABCOTS.NS,2024-02-08,2024-03-28,245.85,245,255,249.33,244.4,0.7133,,4.33,1.762,64677291792898812496681639318612535456753843847361481491146555280456679424,-4.33,-2.801186208874924e+74,-100.0,False,1,1,0,1,1,2,1.3725812423487128e+76
AHLUCONT.NS,2024-02-08,2024-03-27,900.21,900,925,911.34,1015.34,0.3769,70.3,11.34,1.259,83204666934374204103979373741965150270583388444709178002339976226438905856,13.66,1.1367901882619788e+75,120.51,True,1,1,1,0,1,2,4.8303114443130796e+76
ANUP.NS,2024-02-08,2024-03-27,1526.26,1525,1570,1545.42,1559.42,0.3032,73.5,20.42,1.338,764321569770628424025430875820630875317574737394838384985404171930241597440,14.0,1.0701143548439777e+76,68.58,True,1,1,1,0,1,2,7.909264409031237e+77
ACE.NS,2024-02-08,2024-03-27,1140.71,1140,1175,1155.57,1403.68,0.5438,80.9,15.57,1.365,194735012514337287458129907301658977849906495206503526233403017317538856960,19.43,3.783960172855442e+75,124.81,True,1,1,0,1,1,2,1.553722234301736e+77
ARVINDFASN.NS,2024-02-08,2024-03-27,520.24,520,535,526.78,443.97,0.3983,67.5,6.78,1.303,17100883665575467917424221003753203370626692533853586154663967450311549779968,-6.78,-1.1595642419720685e+77,-100.0,False,1,1,1,0,1,2,5.6818647856631355e+78
ABCOTS.NS,2024-02-09,2024-04-01,258.1,260,265,262.17,232.2,0.7043,,2.17,0.839,126752412930389472229556133753365168061933371437455021469304538973163487232,-2.17,-2.7451624846974255e+74,-100.0,False,1,1,0,1,1,2,1.3451296175017386e+76
ACC.NS,2024-02-09,2024-03-28,2595.02,2595,2675,2630.81,2460.39,0.4192,77.5,35.81,1.38,78082784305022535151171727224578990582533764005884002958822555774290493440,-35.81,-2.796202930618431e+75,-100.0,False,1,1,1,1,1,3,1.3701394360030313e+77
APOLLOPIPE.NS,2024-02-09,2024-03-28,775.94,775,800,785.97,632.91,0.6582,67.1,10.97,1.414,8315758868396917999703359517778208533126835437630482539082274500427990958080,-10.97,-9.126384908423611e+76,-100.0,False,1,1,1,1,1,3,4.471928605127569e+78
ANANTRAJ.NS,2024-02-09,2024-03-28,345.28,345,355,349.55,310.53,0.302,70.7,4.55,1.317,1812604362391475418676435160447828291920086044172276077482299038018912124928,-4.55,-8.240484688594724e+75,-100.0,False,1,1,1,0,1,2,4.0378374974114134e+77
ASMS.NS,2024-02-09,2024-03-28,27.1,25,30,27.3,17.9,0.2244,85.8,2.3,8.503,152305789913572396339450782074471131699665459600267477041016923490561860567040,-2.3,-3.509589680249499e+77,-100.0,False,1,1,0,1,1,2,1.7196989433222546e+79
ADANIGREEN.NS,2024-02-09,2024-03-28,1880.7,1880,1935,1904.68,1835.15,0.4734,74.7,24.68,1.312,99173297314384751119515031286708327527012153720435603271473633055169576960,-24.68,-2.4477967791712196e+75,-100.0,False,1,1,1,0,1,2,1.1994204217938977e+77
AMBUJACEM.NS,2024-02-09,2024-03-28,569.55,570,585,576.8,605.28,0.3169,69.5,6.8,1.194,215054019530366145603377988494184758344804633271920758550821919648343130112,8.2,1.7629777064883088e+75,120.52,True,1,1,1,1,1,3,7.490460702984748e+76
APOLLOHOSP.NS,2024-02-09,2024-03-28,6395.92,6395,6590,6481.44,6321.58,0.1976,72.5,86.44,1.351,1253050176895041588619810877971357874587895228796540640061328193898225336320,-86.44,-1.0831320233776456e+77,-100.0,False,1,1,1,1,1,3,5.307346914550464e+78
ASAL.NS,2024-02-09,2024-03-28,648.4,650,670,658.46,573.95,0.8755,83.8,8.46,1.305,11715859710732354766166771143069817031663002055703136011815614136304875339776,-8.46,-9.915484803614422e+76,-100.0,False,1,1,0,1,1,2,4.858587553771066e+78
ALKEM.NS,2024-02-09,2024-03-28,5196.17,5195,5350,5264.87,4851.79,0.2917,68.1,69.87,1.345,36277098207392018914362946531261204376439861113428535243076005154443493376,-69.87,-2.5345596124259406e+75,-100.0,False,1,1,1,1,1,3,1.241934210088711e+77
APOLLOHOSP.NS,2024-02-12,2024-04-01,6571.88,6570,6770,6659.14,6421.48,0.2114,74.4,89.14,1.356,1190770767784460579303964601971211694388831614583407748098847507997800792064,-89.14,-1.0614693829100928e+77,-100.0,False,1,1,1,1,1,3,5.201199976259454e+78
21STCENMGM.NS,2024-02-12,2024-04-01,43.14,45,50,45.79,41.06,0.2449,78.9,0.79,1.821,486461056990445095114000356683929896755915677280026335100955176240746070016,-0.79,-3.820799856871076e+74,-100.0,False,1,1,1,0,1,2,1.872191929866827e+76
ASMS.NS,2024-02-12,2024-04-01,27.6,30,35,30.2,18.25,0.2245,86.0,0.2,0.736,1692706027689988549199249523507964513694056024292004113062600375672934185828352,-0.2,-3.4393978866445095e+77,-100.0,False,1,1,0,1,1,2,1.6853049644558096e+79
ACC.NS,2024-02-12,2024-04-01,2603.22,2605,2680,2638.63,2512.57,0.4193,77.3,33.63,1.292,81476782592282533170595663117473501754512483231755730499144153902790737920,-33.63,-2.740278872006063e+75,-100.0,False,1,1,1,0,1,2,1.3427366472829708e+77
APLLTD.NS,2024-02-13,2024-04-02,971.67,970,1000,983.54,978.71,0.4384,58.9,13.54,1.394,2790153280512494978537694412138364949292138406004909430173645441767376420864,-4.83,-1.3479167595348657e+76,-35.68,False,1,1,1,0,1,2,1.8756706650378688e+78
ABBOTINDIA.NS,2024-02-13,2024-04-02,28082.51,28085,28925,28462.82,26525.01,0.3414,78.7,377.82,1.345,339625920088774841360181382816111278160905688302937310827431942613368832,-377.82,-1.2831811328890727e+74,-100.0,False,1,1,1,0,1,2,6.287587551156456e+75
ASMS.NS,2024-02-13,2024-04-02,28.15,30,35,30.32,18.6,0.2245,85.4,0.32,1.136,1054083773039731771208330463231092058320011639055386195270561844261979846344704,-0.32,-3.370609928911619e+77,-100.0,False,1,1,0,1,1,2,1.6515988651666934e+79
ADVENZYMES.NS,2024-02-13,2024-04-02,401.96,400,415,406.79,353.77,0.4022,70.5,6.79,1.689,177698285854178602639634617376192898417024164580979522670826916902411960320,-6.79,-1.206124940735854e+75,-100.0,False,1,1,1,1,1,3,5.910012209605685e+76
APOLLOHOSP.NS,2024-02-13,2024-04-02,6675.66,6675,6875,6763.99,6384.19,0.2019,75.5,88.99,1.333,1168897835124978887752049939516695576042676281105082061167871563517564813312,-88.99,-1.040239995251891e+77,-100.0,False,1,1,1,0,1,2,5.097175976734265e+78
AHLUCONT.NS,2024-02-13,2024-04-02,901.01,900,930,913.44,1085.87,0.3746,75.5,13.44,1.492,71860968845160780586599200186376535580262720508836497122585269553625825280,16.56,1.1897667764922076e+75,123.16,True,1,1,1,0,1,2,4.9492881219623e+76
ABCOTS.NS,2024-02-13,2024-04-03,284.55,285,295,289.31,220.6,0.6811,,4.31,1.515,62421077167679891756443261478624086676230411025432178023041117354327015424,-4.31,-2.6902592350034776e+74,-100.0,False,1,1,0,1,1,2,1.3182270251517038e+76
ARSHIYA.NS,2024-02-13,2024-04-02,8.85,10,15,10.21,6.8,0.4533,88.3,0.21,2.331,384462739456184134354233898831935660812894147566149768911539294477516898566144,-0.21,-7.932550950840405e+76,-100.0,False,1,1,0,1,1,2,3.886949965911799e+78
ASTERDM.NS,2024-02-13,2024-04-02,336.2,335,345,339.62,309.58,0.3366,60.7,4.62,1.374,57586811275660179458224871080093176221578451566605585234906334428794198163456,-4.62,-2.6608379844086526e+77,-100.0,False,1,1,1,0,1,2,1.3038106123602396e+79
21STCENMGM.NS,2024-02-13,2024-04-02,43.58,45,50,45.92,41.84,0.2445,76.9,0.92,2.119,405427170602515128886572139088079554095057553573657171966620586966840770560,-0.92,-3.744383859733654e+74,-100.0,False,1,1,1,0,1,2,1.8347480912694905e+76
21STCENMGM.NS,2024-02-14,2024-04-03,44.45,45,50,46.24,42.66,0.2448,77.2,1.24,2.791,295827473907870477834094565227328846590710173306300875592646942805232451584,-1.24,-3.6694961825389815e+74,-100.0,False,1,1,1,0,1,2,1.7980531294441007e+76
APOLLOHOSP.NS,2024-02-14,2024-04-03,6710.63,6710,6910,6799.0,6339.73,0.1986,74.9,89.0,1.326,1145455701419019523294370375313475237753481273707655878350738408248205901824,-89.0,-1.019435195346853e+77,-100.0,False,1,1,1,0,1,2,4.99523245719958e+78
ASMS.NS,2024-02-14,2024-04-03,28.65,30,35,30.43,18.95,0.2165,85.5,0.43,1.515,760828278048331559285995486809455246713194843252414220321058462268040360755200,-0.43,-3.303197730333387e+77,-100.0,False,1,1,0,1,1,2,1.6185668878633596e+79
ABBOTINDIA.NS,2024-02-14,2024-04-03,28551.75,28550,29410,28936.95,25972.35,0.3408,80.0,386.95,1.355,324983053030358096052960048086716201866563510328606620750558687827853312,-386.95,-1.2575175102312912e+74,-100.0,False,1,1,1,0,1,2,6.161835800133327e+75
AHLUCONT.NS,2024-02-14,2024-04-03,998.81,1000,1030,1013.31,1080.82,0.4875,85.3,13.31,1.333,74348538999008216491917675429209407853378072104977859007262222582741467136,16.69,1.2405985455777863e+75,125.33,True,1,1,0,1,1,2,5.073347976520079e+76
360ONE.NS,2024-02-14,2024-04-03,691.08,690,710,699.13,704.26,0.3473,78.2,9.13,1.321,51288241655025216939906009417988202295125517880204539367117387951276818432,5.13,2.6330278772270916e+74,56.22,True,1,1,1,0,1,2,2.3679069768787625e+76
ACCELYA.NS,2024-02-14,2024-04-03,1757.03,1755,1810,1779.74,1646.09,0.4243,68.0,24.74,1.408,85863637900991831503957937893601555885738999356250756551127636221806772224,-24.74,-2.124587990958109e+75,-100.0,False,1,1,1,1,1,3,1.0410481155694735e+77
AARTIIND.NS,2024-02-15,2024-04-04,679.15,680,700,688.81,689.01,0.5829,62.8,8.81,1.298,16852628879746113989875727512033491058594717456403420982389878300734390272,0.2,3.34588517292012e+72,2.25,True,1,1,1,0,1,2,7.429660639788736e+75
360ONE.NS,2024-02-15,2024-04-04,696.7,695,720,706.21,703.92,0.3429,77.2,11.21,1.609,42245221016689892842441976283053046878118364488559797031545930255710552064,-2.29,-9.662066680049539e+73,-20.4,False,1,1,1,0,1,2,2.3582449101987128e+76
ACCELYA.NS,2024-02-15,2024-04-04,1832.3,1830,1885,1854.85,1699.98,0.4227,72.7,24.85,1.356,83779950999396816798451415700315658455981514768335600559399483564818956288,-24.85,-2.082096231138947e+75,-100.0,False,1,1,1,1,1,3,1.0202271532580839e+77
AEGISLOG.NS,2024-02-15,2024-04-04,416.03,415,430,421.63,430.04,0.5653,60.2,6.63,1.595,195345578620097803826111995058532382798272866646563917697541363103298486272,8.37,1.6341869911710026e+75,126.09,True,1,1,1,1,1,3,6.643402139769422e+76
ACC.NS,2024-02-15,2024-04-04,2604.5,2605,2685,2640.79,2583.37,0.4159,72.7,35.79,1.374,75042127941387519405382665338944520000750839197903215194823010394973405184,-35.79,-2.685473294565942e+75,-100.0,False,1,1,1,0,1,2,1.3158819143373113e+77
ANANDRATHI.NS,2024-02-15,2024-04-04,883.93,885,910,896.2,872.33,0.3976,73.8,11.2,1.268,181004817749342410499441730793024561888222131451324936782417502335351652352,-11.2,-2.028143851429714e+75,-100.0,False,1,1,1,0,1,2,9.937904872005598e+76
21STCENMGM.NS,2024-02-15,2024-04-04,45.32,45,50,46.6,43.48,0.2451,77.5,1.6,3.527,224953627358396159624009404283733377594437102317696119106759212923736817664,-1.6,-3.5961062588882017e+74,-100.0,False,1,1,1,0,1,2,1.7620920668552187e+76
ASTERDM.NS,2024-02-15,2024-04-04,357.72,360,370,364.34,346.39,0.367,67.7,4.34,1.213,60118517731156917584089814461687338425052034815830212616917965488042796908544,-4.34,-2.6076212247204794e+77,-100.0,False,1,1,1,1,1,3,1.2777344001130349e+79
APLLTD.NS,2024-02-15,2024-04-04,981.74,980,1010,993.62,982.33,0.381,62.8,13.62,1.387,2755248234875433334311208726322375897172242555715949832316196703297196785664,-11.29,-3.109632849884016e+76,-82.89,False,1,1,1,0,1,2,1.8445743365390285e+78
ADANIGREEN.NS,2024-02-15,2024-04-04,1900.75,1900,1960,1926.74,1890.85,0.4849,71.3,26.74,1.407,89693261192592109847763242115981283225438166456225903045550946095556722688,-26.74,-2.3988408435877954e+75,-100.0,False,1,1,1,0,1,2,1.1754320133580197e+77
AJMERA.NS,2024-02-15,2024-04-04,142.73,145,150,147.0,158.8,0.9984,72.0,2.0,1.4,906629105474819343652547867701574824177200351807161010409195657817237749760,3.0,2.721384219166944e+75,150.21,True,1,1,1,0,1,2,9.33094496295246e+76
ANANDRATHI.NS,2024-02-16,2024-04-05,900.73,900,930,913.41,896.95,0.3968,76.1,13.41,1.489,148244981197986997174717975442504908340621450292886289354072179673636274176,-13.41,-1.9875809744011197e+75,-100.0,False,1,1,1,0,1,2,9.739146774565486e+76
21STCENMGM.NS,2024-02-16,2024-04-05,46.19,45,50,46.98,44.31,0.2449,77.7,1.98,4.296,177582259023260199977524551169741606232297355063536510215052554963460816896,-1.98,-3.5241841337104374e+74,-100.0,False,1,1,1,0,1,2,1.7268502255181144e+76
ARIES.NS,2024-02-16,2024-04-05,301.57,300,310,304.29,283.09,0.917,72.9,4.29,1.421,25056227879119959478380683826868876599030851591593012862713361345418916528128,-4.29,-1.0740056962307446e+77,-100.0,False,1,1,1,1,1,3,5.262627911530648e+78
AMBUJACEM.NS,2024-02-16,2024-04-05,578.35,580,595,586.7,619.96,0.315,55.9,6.7,1.159,223452006961221807918220569005287895597206620476777827279180859021352501248,8.3,1.8536879638213777e+75,123.74,True,1,1,1,1,1,3,7.675829499366886e+76
ADANIGREEN.NS,2024-02-16,2024-04-05,1904.75,1905,1960,1929.66,1901.95,0.464,68.7,24.66,1.295,95331774280853096004011880498862359623293231668221804964824013301530755072,-24.66,-2.3508640267160396e+75,-100.0,False,1,1,1,0,1,2,1.1519233730908593e+77
AARTIIND.NS,2024-02-16,2024-04-05,692.4,690,715,701.1,693.59,0.569,63.8,11.1,1.603,13387290500333786385024015390026307852247572783955573160161764848875601920,-7.51,-1.004940768953445e+74,-67.63,False,1,1,1,0,1,2,7.329166562893392e+75
ADANIPORTS.NS,2024-02-16,2024-04-05,1289.53,1290,1330,1307.84,1357.32,0.2846,73.3,17.84,1.384,129209489256071772832129229339787606930809990575061345197369067627268276224,22.16,2.862829463848174e+75,124.17,True,1,1,1,0,1,2,1.1814033478358302e+77
ANANTRAJ.NS,2024-02-16,2024-04-05,353.31,355,365,359.36,328.88,0.3036,77.0,4.36,1.233,1854048321804484485927078207362457684563669429951228147705243862731344314368,-4.36,-8.075674994822827e+75,-100.0,False,1,1,1,1,1,3,3.957080747463185e+77
ALKEM.NS,2024-02-16,2024-04-05,5345.21,5345,5505,5417.02,4822.97,0.3495,69.2,72.02,1.347,34489086667747653850343617898455660565481615735564420096326389758001414144,-72.02,-2.483868420177422e+75,-100.0,False,1,1,1,0,1,2,1.2170955258869367e+77
ACC.NS,2024-02-16,2024-04-05,2686.21,2685,2765,2721.03,2542.74,0.4125,76.3,36.03,1.341,73047638931164050014427466669073427348401169803215421081738239133997858816,-36.03,-2.6317638286746224e+75,-100.0,False,1,1,1,1,1,3,1.289564276050565e+77
AEGISLOG.NS,2024-02-16,2024-04-05,425.29,425,440,431.59,424.85,0.5676,64.8,6.59,1.55,201550955819751191344996215575132397764356148829560719980008460632350261248,-6.59,-1.3286804279538844e+75,-100.0,False,1,1,1,1,1,3,6.510534096974034e+76
AJMERA.NS,2024-02-16,2024-04-05,143.25,145,150,147.02,158.47,0.9967,71.7,2.02,1.409,924557016980389600294642484494124082134451981633132506031479749216095436800,2.98,2.756596092311456e+75,147.71,True,1,1,1,0,1,2,9.606604572183605e+76
ADANIPORTS.NS,2024-02-19,2024-04-08,1289.68,1290,1330,1307.85,1330.78,0.2786,76.3,17.85,1.384,132349655827403813063282659060950242856115810762320517548702052823475421184,22.15,2.931179537424492e+75,124.05,True,1,1,1,0,1,2,1.210715143210075e+77
ADANIGREEN.NS,2024-02-19,2024-04-08,1955.05,1955,2015,1981.81,1919.1,0.4583,76.5,26.81,1.371,85942875710866860598657340263172926060676359846774197470931317698351595520,-26.81,-2.3038467461817186e+75,-100.0,False,1,1,1,0,1,2,1.1288849056290421e+77
ADANIENT.NS,2024-02-19,2024-04-08,3254.46,3255,3350,3297.63,3220.25,0.2411,70.6,42.63,1.31,67494930961313683241887305829078620207386224964290766402993311229876895744,-42.63,-2.877178149730771e+75,-100.0,False,1,1,1,0,1,2,1.4098172933680776e+77
ACI.NS,2024-02-19,2024-04-08,709.87,710,730,719.03,613.04,0.3829,75.3,9.03,1.272,401845148220731311656980845372076222829767783652610012908312208438082928640,-9.03,-3.6290553335312604e+75,-100.0,False,1,1,1,1,1,3,1.7782371134303175e+77
AHLUCONT.NS,2024-02-19,2024-04-08,1050.41,1050,1080,1063.49,1089.62,0.4708,83.2,13.49,1.284,75212220771524958234762302842802668360579388074032313834481103773684989952,16.51,1.2416970278417329e+75,122.37,True,1,1,0,1,1,2,5.197517679304252e+76
ALLDIGI.NS,2024-02-19,2024-04-08,789.59,790,815,800.95,643.23,0.6309,61.7,10.95,1.386,200476453397705612514907600538017492243183547687984145440249856814810660864,-10.95,-2.194505748357934e+75,-100.0,False,1,1,1,1,1,3,1.0753078166953877e+77
ANANDRATHI.NS,2024-02-19,2024-04-08,910.45,910,940,923.4,923.26,0.3952,77.4,13.4,1.471,145398480069050755627316686720265720151613442745995975725591427234308030464,-0.14,-2.024343814318124e+73,-1.04,False,1,1,1,0,1,2,9.737122430751168e+76
ASAL.NS,2024-02-19,2024-04-08,649.55,650,670,658.39,759.5,0.9793,75.4,8.39,1.291,11585341805722378749605106760933285482329021494047610726232347892321878016000,11.61,1.3453508503902626e+77,138.45,True,1,1,1,0,1,2,4.993122638810093e+78
AEGISLOG.NS,2024-02-19,2024-04-08,456.49,455,470,461.67,424.9,0.6094,73.3,6.67,1.461,195252297257814240846448365242497503560042155121207950983142283369529737216,-6.67,-1.3021068193948068e+75,-100.0,False,1,1,1,1,1,3,6.380323415034553e+76
ALKEM.NS,2024-02-19,2024-04-08,5371.97,5370,5535,5444.25,4799.12,0.3329,71.4,74.25,1.382,32784237950957823319673487525360093740849260829645000439525396301387661312,-74.25,-2.4341910517738737e+75,-100.0,False,1,1,1,0,1,2,1.192753615369198e+77
APLLTD.NS,2024-02-19,2024-04-08,982.08,980,1010,993.65,983.01,0.3772,75.3,13.65,1.39,2702785778159358508827127280726218965417908622197068032616643311937985183744,-10.64,-2.8746177246991725e+76,-77.92,False,1,1,1,0,1,2,1.8158281592920367e+78
21STCENMGM.NS,2024-02-19,2024-04-08,47.11,45,50,47.41,45.18,0.2451,78.0,2.41,5.107,143539777323171675842705010638991217990778277274069882599955721286812958720,-2.23,-3.200037436652026e+74,-92.66,False,1,1,1,0,1,2,1.694849851151594e+76
ASTERDM.NS,2024-02-20,2024-04-09,359.23,360,370,364.47,357.99,0.364,64.4,4.47,1.243,57227740703749341876213981552488250300762587862397928869657255344076968951808,-4.47,-2.5554688002260697e+77,-100.0,False,1,1,1,0,1,2,1.2521797121107742e+79
AIROLAM.NS,2024-02-20,2024-04-09,190.3,190,195,192.13,166.75,0.9452,66.9,2.13,1.121,504707993975396663076321565965685224416661913459254898193675964621518798848,-2.13,-1.0765307113976722e+75,-100.0,False,1,1,1,1,1,3,5.2750004858485924e+76
ADVANIHOTR.NS,2024-02-20,2024-04-09,76.1,75,80,77.16,78.02,0.6826,57.3,2.16,2.841,623982601694752465276389888898069102716854758642608407631225995577541001216,0.86,5.363468837044116e+74,39.76,True,1,1,1,0,1,2,6.798763888500078e+76
AARTIIND.NS,2024-02-20,2024-04-09,701.01,700,720,709.09,696.83,0.4191,62.5,9.09,1.296,16128929669291815605272778352083975422906494187812057148204952888799133696,-9.09,-1.4658333125786784e+74,-100.0,False,1,1,1,0,1,2,7.182583231635524e+75
AMBUJACEM.NS,2024-02-20,2024-04-09,582.01,580,600,589.09,615.91,0.3078,66.9,9.09,1.562,168908989438637416908085326127549283527969245393625983247148786738861703168,10.91,1.8430138888993714e+75,120.05,True,1,1,1,0,1,2,7.860130888256822e+76
ASAL.NS,2024-02-20,2024-04-09,664.7,665,685,673.42,769.15,0.9671,75.7,8.42,1.266,11866980382217158785710690798066577916648288628646510532034581647646636638208,11.58,1.374771548681413e+77,137.67,True,1,1,1,0,1,2,5.1305997936782345e+78
ACI.NS,2024-02-20,2024-04-09,731.78,730,755,741.26,603.39,0.3846,77.5,11.26,1.539,315782029581756950580044106201528638970964203890258945558442850000983556096,-11.26,-3.556474226860635e+75,-100.0,False,1,1,1,1,1,3,1.742672371161711e+77
ANANDRATHI.NS,2024-02-20,2024-04-09,910.92,910,940,923.44,1005.95,0.3976,76.7,13.44,1.475,144909525726093127689230883415244197221815607866299644252347152360659746816,16.56,2.39986128563256e+75,123.23,True,1,1,1,0,1,2,9.977108559314424e+76
APLLTD.NS,2024-02-20,2024-04-09,1024.92,1025,1055,1038.5,968.49,0.4023,73.3,13.5,1.317,2690900194921882659615825854648075429095777214190195352459958487164481699840,-13.5,-3.6316563185840736e+76,-100.0,False,1,1,1,1,1,3,1.779511596106196e+78
21STCENMGM.NS,2024-02-20,2024-04-09,48.03,50,55,50.87,46.05,0.2452,78.3,0.87,1.817,388380675796404476964763679733937284119867985651010302564351308250486931456,-0.87,-3.389699702303188e+74,-100.0,False,1,1,1,0,1,2,1.660952854128562e+76
APOLLOHOSP.NS,2024-02-20,2024-04-09,6722.0,6720,6925,6811.5,6469.01,0.2194,68.2,91.5,1.361,1091859121432516703784525295358134348461464630100329982155777918347847401472,-91.5,-9.990464914399161e+76,-100.0,False,1,1,1,0,1,2,4.895327808055589e+78
ABB.NS,2024-02-21,2024-04-10,4900.67,4900,5050,4967.12,6529.59,0.4479,65.5,67.12,1.37,1825076279265198727168684753197150298080414658951721411429320160723337216,82.88,1.5126302767568688e+74,123.48,True,1,1,1,1,1,3,6.276183738380333e+75
ABCOTS.NS,2024-02-21,2024-04-12,361.5,360,370,364.46,220.6,0.6849,,4.46,1.234,59117488946290377578117131115601696535339656857615077593065576663881875456,-4.46,-2.636454050303408e+74,-100.0,False,1,1,0,1,1,2,1.2918624846486697e+76
ASAHISONG.NS,2024-02-21,2024-04-10,329.11,330,340,334.39,330.15,0.2909,58.8,4.39,1.333,16118457442552147544951575555447260809095657437729322451342431431976407793664,-4.23,-6.823216815409074e+76,-96.5,False,1,1,1,1,1,3,3.4670389654128e+78
AJMERA.NS,2024-02-21,2024-04-10,144.65,145,150,147.12,165.56,0.8214,70.2,2.12,1.465,906898875950486486931528914953888982801325051206158472331797343615884197888,2.88,2.6131734653157115e+75,136.01,True,1,1,1,0,1,2,9.867921918715177e+76
APOLLOHOSP.NS,2024-02-21,2024-04-10,6722.7,6725,6925,6814.0,6453.9,0.2195,72.3,89.0,1.324,1100100388404020211358371394210186338842076231730133644034786005977986498560,-89.0,-9.790655616111178e+76,-100.0,False,1,1,1,0,1,2,4.797421251894477e+78
21STCENMGM.NS,2024-02-21,2024-04-10,48.95,50,55,51.1,46.97,0.2275,78.5,1.1,2.25,301597856480356579478073377283726446545154908957594049340972998006902095872,-1.1,-3.3219057082571244e+74,-100.0,False,1,1,1,0,1,2,1.627733797045991e+76
APLLTD.NS,2024-02-21,2024-04-10,1051.47,1050,1085,1065.69,971.86,0.408,78.5,15.69,1.492,2268010810226500637764762368720164420783736144543442987491788617708023578624,-15.69,-3.559023192212392e+76,-100.0,False,1,1,1,0,1,2,1.7439213641840722e+78
360ONE.NS,2024-02-21,2024-04-10,696.8,695,720,706.22,718.37,0.3265,76.8,11.22,1.61,42032714043833589784130440998244190041199392870424857702914014522650918912,12.15,5.107656552773658e+74,108.29,True,1,1,1,0,1,2,2.4093214757264493e+76
AHLUCONT.NS,2024-02-21,2024-04-10,1155.55,1155,1190,1170.67,1086.77,0.4778,89.8,15.67,1.356,66349749288298046368317532153128082355331008063322180844643761042992660480,-15.67,-1.0395035358608505e+75,-100.0,False,1,1,0,1,1,2,5.093567325718167e+76
ACI.NS,2024-02-21,2024-04-10,750.87,750,775,761.2,646.42,0.3774,81.5,11.2,1.492,311069155618221014258175768883641445528783696884940380161609783088441720832,-11.2,-3.4853447423234225e+75,-100.0,False,1,1,0,1,1,2,1.7078189237384769e+77
AJMERA.NS,2024-02-22,2024-04-12,146.34,145,150,147.2,162.12,0.8074,68.9,2.2,1.504,896424382818137496218527293107518514818874025330897650064134700510035836928,2.8,2.5085375303476523e+75,127.11,True,1,1,1,0,1,2,1.0118775671749942e+77
ABB.NS,2024-02-22,2024-04-12,5333.54,5335,5495,5406.07,6639.11,0.5326,76.4,71.07,1.332,1766269348725406129700072495701323705357204297416040135043709281568292864,88.93,1.570794210284583e+74,125.14,True,1,1,1,1,1,3,6.433263159408791e+75
ALPHAGEO.NS,2024-02-22,2024-04-12,412.19,410,425,416.33,338.1,0.9968,67.0,6.33,1.535,373491181640622116335315716198068543453459748542170285908786241593751371776,-6.33,-2.3635104037386646e+75,-100.0,False,1,1,1,1,1,3,1.1581200978319457e+77
AMBUJACEM.NS,2024-02-22,2024-04-12,585.91,585,605,593.95,601.82,0.2919,72.7,8.95,1.528,175549436896333696437896765762631409228223664058376060340412103729000480768,7.87,1.3815095235684275e+75,87.88,True,1,1,1,0,1,2,7.998281840613665e+76
APOLLOHOSP.NS,2024-02-22,2024-04-12,6731.7,6730,6935,6821.47,6371.06,0.219,71.7,91.47,1.359,1048987607996449366659166781808138547474921327129453070688444323174515998720,-91.47,-9.594842503788953e+76,-100.0,False,1,1,1,0,1,2,4.7014728268565874e+78
ADVANIHOTR.NS,2024-02-22,2024-04-12,76.68,75,80,77.28,75.89,0.4902,62.9,2.28,2.977,595729029627139104552066282677229039996487430644594848542507935191030300672,-1.39,-8.308996402690261e+74,-61.11,False,1,1,1,0,1,2,6.715673924473176e+76
APLLTD.NS,2024-02-22,2024-04-12,1055.78,1055,1085,1068.61,960.96,0.3885,78.7,13.61,1.289,2562585392673274059238806371890902849716204462095107595881230210198210084864,-13.61,-3.4878427283681446e+76,-100.0,False,1,1,1,0,1,2,1.7090429369003907e+78
ADANIENT.NS,2024-02-22,2024-04-12,3258.7,3260,3355,3302.55,3205.62,0.2443,62.7,42.55,1.306,66260981927668416907498079290082060924055600626668804539473838263853121536,-42.55,-2.819634586736155e+75,-100.0,False,1,1,1,0,1,2,1.381620947500716e+77
ADANIPORTS.NS,2024-02-22,2024-04-12,1293.58,1295,1330,1310.76,1326.39,0.2655,63.1,15.76,1.218,153633195659725255743669321086249687041201285502505244052733263226630832128,15.63,2.4006678785719808e+75,99.14,True,1,1,1,0,1,2,1.234721821995795e+77
ADANIENT.NS,2024-02-23,2024-04-15,3268.94,3270,3365,3312.59,3143.26,0.2421,62.1,42.59,1.303,64876173463221672901881719474207824026333802378360703593991667006601953280,-42.59,-2.7632418950014317e+75,-100.0,False,1,1,1,0,1,2,1.3539885285507018e+77
ALPHAGEO.NS,2024-02-23,2024-04-15,414.1,415,425,419.2,349.2,0.9943,73.0,4.2,1.015,550868678249081354617473476630479264296728228964913978724124528042485743616,-4.2,-2.3162401956638916e+75,-100.0,False,1,1,1,0,1,2,1.1349576958753068e+77
A2ZINFRA.NS,2024-02-23,2024-04-15,15.2,15,20,15.98,13.05,0.4003,59.4,0.98,6.479,351900452826642557559013983301766758371025505364531204309839188748566265856,-0.98,-3.465684315873252e+74,-100.0,False,1,1,1,1,1,3,1.6981853147778936e+76
ACI.NS,2024-02-23,2024-04-15,781.33,780,805,791.26,689.05,0.4248,82.8,11.26,1.441,303347784234814870795256497300143535966086766168852857177735058052192665600,-11.26,-3.4156378474769534e+75,-100.0,False,1,1,0,1,1,2,1.6736625452637074e+77
ASAHISONG.NS,2024-02-23,2024-04-15,331.1,330,340,334.62,313.5,0.2986,71.2,4.62,1.394,15022350759351543726215905395217011220971715216985873654930608549880930500608,-4.62,-6.9340779308256e+76,-100.0,False,1,1,1,1,1,3,3.397698186104544e+78
ANANDRATHI.NS,2024-02-23,2024-04-15,911.44,910,940,923.5,1034.16,0.3743,63.1,13.5,1.481,147807205337445642890958122724586760086742038883743825328387868408013651968,16.5,2.4387944482604843e+75,122.22,True,1,1,1,0,1,2,1.0220988004140472e+77
ASTRAL.NS,2024-02-23,2024-04-15,2066.01,2065,2130,2094.19,1960.17,0.3514,72.9,29.19,1.413,9001946983900515018238087478923096691446703312993891225949085395187839008768,-29.19,-2.628036329307306e+77,-100.0,False,1,1,1,1,1,3,1.2877378013605797e+79
ABCOTS.NS,2024-02-23,2024-04-16,385.35,385,395,389.41,220.6,0.7074,,4.41,1.144,58619154812319287124671024873174239093551472144587922091078935730897027072,-4.41,-2.5837249692973395e+74,-100.0,False,1,1,0,1,1,2,1.2660252349556962e+76
AMBUJACEM.NS,2024-02-23,2024-04-15,595.99,595,615,603.91,599.85,0.2156,78.0,8.91,1.494,179620582019995458322428722795473627495616110492784285290875013623202185216,-4.06,-7.289284942351536e+74,-45.57,False,1,1,1,0,1,2,7.925388991190149e+76
ARCHIES.NS,2024-02-23,2024-04-15,38.0,40,45,41.43,32.05,0.6595,63.7,1.43,3.774,64853889320270632373671732468877429196801088534524347437335742342135931731968,-1.43,-9.299631295284334e+76,-100.0,False,1,1,1,1,1,3,4.556819334689323e+78
ADANIPORTS.NS,2024-02-23,2024-04-15,1303.2,1305,1340,1320.73,1298.12,0.2597,65.9,15.73,1.207,157022077657540744534263749773756243949659594519842112839707236118227320832,-15.73,-2.46944364399159e+75,-100.0,False,1,1,1,0,1,2,1.210027385555879e+77
APOLLOHOSP.NS,2024-02-23,2024-04-15,6736.52,6735,6940,6826.38,6268.23,0.2152,78.2,91.38,1.357,1028961920359434660811847779945785578409949849354174701626367629003778424832,-91.38,-9.402945653713174e+76,-100.0,False,1,1,1,0,1,2,4.6074433703194556e+78
AJMERA.NS,2024-02-23,2024-04-15,148.54,150,155,152.08,158.21,0.7993,71.4,2.08,1.398,974411784559897461164917520226208632389058032254401781216514354009960611840,2.92,2.848303788449499e+75,140.74,True,1,1,1,0,1,2,1.0403606050594893e+77
ADANIPORTS.NS,2024-02-26,2024-04-16,1320.42,1320,1360,1337.89,1287.07,0.2241,66.4,17.89,1.355,135257717596550276701899374480291472151866114524774862794705304630360801280,-17.89,-2.4200547711117583e+75,-100.0,False,1,1,1,0,1,2,1.1858268378447614e+77
ABSLAMC.NS,2024-02-26,2024-04-16,482.2,480,495,486.99,490.03,0.2109,61.7,6.99,1.45,364751599981194644351290941230320592386476895192297691907542697337895780352,3.03,1.1066555231228627e+75,43.39,True,1,1,1,0,1,2,1.2864279751795202e+77
ASALCBR.NS,2024-02-26,2024-04-16,574.06,575,590,581.68,548.47,0.5299,79.4,6.68,1.164,17616225648186740482572886341138256266189524270253420248255010665227026956288,-6.68,-1.1769977699959868e+77,-100.0,False,1,1,1,1,1,3,5.767289072980336e+78
A2ZINFRA.NS,2024-02-26,2024-04-16,15.95,15,20,16.46,13.7,0.4244,67.9,1.46,9.177,232030572483651247623606640578043037787065241364292884081837645880535023616,-1.46,-3.3963706295557867e+74,-100.0,False,1,1,1,1,1,3,1.6642216084823356e+76
ADVANIHOTR.NS,2024-02-26,2024-04-16,79.32,80,85,81.94,72.83,0.4343,67.5,1.94,2.44,693840131017976058728887968171268079742228675127398212079134210361420414976,-1.94,-1.3431347848946351e+75,-100.0,False,1,1,1,1,1,3,6.581360445983712e+76
ANANTRAJ.NS,2024-02-26,2024-04-16,353.36,355,365,359.37,332.22,0.3238,65.6,4.37,1.237,1810621980896672141719068580526854796490926800285721532103116500542456594432,-4.37,-7.914161494926371e+75,-100.0,False,1,1,1,0,1,2,3.8779391325139214e+77
AMBUJACEM.NS,2024-02-26,2024-04-16,601.58,600,620,609.0,610.42,0.2024,76.4,9.0,1.496,176156325510001822847219018702121730261593918220152104186853545565786996736,1.43,2.5119922065404173e+74,15.85,True,1,1,1,0,1,2,7.950508913255553e+76
ADANIENT.NS,2024-02-26,2024-04-16,3323.32,3325,3425,3368.26,3102.26,0.1551,64.2,43.26,1.302,62592330794305868057194144984152969669185126567922678411354942099368706048,-43.26,-2.7079770571014035e+75,-100.0,False,1,1,1,0,1,2,1.3269087579796877e+77
ASTRAL.NS,2024-02-26,2024-04-16,2074.52,2075,2135,2102.06,1977.88,0.3327,72.6,27.06,1.304,9518670465420852584171746084952654930301674967608646737758982336817171267584,-27.06,-2.5754756027211593e+77,-100.0,False,1,1,1,1,1,3,1.2619830453333681e+79
ADANIGREEN.NS,2024-02-26,2024-04-16,1970.45,1970,2030,1996.96,1811.65,0.3934,72.4,26.96,1.368,83751846260355933260051017342380369282317574062136307930233537733062557696,-26.96,-2.2577698112580843e+75,-100.0,False,1,1,1,0,1,2,1.1063072075164613e+77
ARSHIYA.NS,2024-02-26,2024-04-16,9.3,10,15,10.23,6.9,0.3581,80.0,0.23,2.512,332752385101813363752917782470619540150076365553496220815487941024786386255872,-0.23,-7.773899931823598e+76,-100.0,False,1,1,1,0,1,2,3.809210966593563e+78
360ONE.NS,2024-02-26,2024-04-16,751.37,750,775,761.25,733.02,0.3849,83.6,11.25,1.497,42829564371734799847846767746685221396516816666291555582531546742677045248,-11.25,-4.818642951452899e+74,-100.0,False,1,1,0,1,1,2,2.3611350462119205e+76
ABINFRA.NS,2024-02-27,2024-04-18,5.01,5,10,5.35,5.05,0.4674,88.8,0.35,7.042,543016539633916189573286032838805032543042239462544449295906019331356491776,-0.3,-1.646100633791594e+74,-85.88,False,1,1,0,1,1,2,9.41911549453048e+75
ABB.NS,2024-02-27,2024-04-18,5358.61,5360,5520,5431.03,6262.12,0.5427,74.9,71.03,1.325,1811500775057764838844892846627647847817986165772792378975319738762133504,88.97,1.6117486082106655e+74,125.27,True,1,1,1,0,1,2,6.594438020229858e+75
ADANIGREEN.NS,2024-02-27,2024-04-18,1979.5,1980,2040,2006.9,1775.45,0.3793,63.5,26.9,1.359,82248703437153107198895299194534469535785553369378527527785569776654352384,-26.9,-2.2126144150329225e+75,-100.0,False,1,1,1,0,1,2,1.084181063366132e+77
ABSLAMC.NS,2024-02-27,2024-04-18,501.91,500,515,506.98,486.54,0.2482,70.6,6.98,1.39,368689757427143023207246288079457405380507328587327704680465430172026273792,-6.98,-2.5728559503590407e+75,-100.0,False,1,1,1,1,1,3,1.2606994156759297e+77
ASTRAL.NS,2024-02-27,2024-04-18,2085.27,2085,2150,2114.15,1977.98,0.3326,72.9,29.15,1.398,8658550970243478744410390518760912910920580891088458921963716962725509726208,-29.15,-2.5239660906667364e+77,-100.0,False,1,1,1,0,1,2,1.2367433844267007e+79
AAATECH.NS,2024-02-27,2024-04-18,101.03,100,105,102.25,131.03,0.4317,55.0,2.25,2.226,127547989875099264320215684126775803289978317839975725637493202567431192576,2.75,3.5081861962814925e+74,122.27,True,1,1,0,1,1,2,1.4696885106995504e+76
ACE.NS,2024-02-27,2024-04-18,1240.09,1240,1275,1255.45,1393.66,0.637,64.4,15.45,1.246,201088180709774260213035138832934039089162060583556171777164264237820805120,19.55,3.930641856238627e+75,126.49,True,1,1,1,1,1,3,1.5930286528641222e+77
A2ZINFRA.NS,2024-02-27,2024-04-18,16.7,15,20,16.95,13.1,0.4435,75.0,1.95,11.704,170285795746863633787952285058668429651341628813489827859972874804070973440,-1.95,-3.3284432169646715e+74,-100.0,False,1,1,1,1,1,3,1.630937176312689e+76
ARSHIYA.NS,2024-02-27,2024-04-18,9.45,10,15,10.29,6.8,0.358,78.6,0.29,3.026,266416641738809075130196477499650443979945352257262237220841557522721244446720,-0.29,-7.618421933187127e+76,-100.0,False,1,1,1,0,1,2,3.7330267472616915e+78
AKSHARCHEM.NS,2024-02-27,2024-04-18,355.64,355,365,359.39,269.5,0.7302,78.5,4.39,1.235,482431571332722811035828631103175881139052645853858509850442628509158342656,-4.39,-2.118362104155432e+75,-100.0,False,1,1,1,1,1,3,1.0379974310361616e+77
ARSHIYA.NS,2024-02-28,2024-04-19,9.6,10,15,10.35,6.9,0.358,76.9,0.35,3.598,216139378906573095058679531551806641304420844007664277428649651042841060704256,-0.35,-7.466053494523383e+76,-100.0,False,1,1,1,1,1,3,3.658366212316458e+78
ASTERDM.NS,2024-02-28,2024-04-19,366.18,365,375,369.63,393.18,0.3847,68.9,4.63,1.263,54142253755534877690182405472347291483660033046564539920645374465762847096832,5.37,2.9098659513319395e+77,116.19,True,1,1,1,1,1,3,1.2812783716240936e+79
ACE.NS,2024-02-29,2024-04-22,1259.46,1260,1295,1275.42,1504.45,0.6444,67.6,15.42,1.225,206579419660247189265086663030943173039423663120017194243350797051146272768,19.58,4.044222382380407e+75,126.94,True,1,1,1,1,1,3,1.6334708766879263e+77
ABSLAMC.NS,2024-02-29,2024-04-22,502.77,505,520,511.42,488.07,0.2411,74.6,6.42,1.277,392768139548692495729066963084480772280328076003524962233261389058779643904,-6.42,-2.5213988313518595e+75,-100.0,False,1,1,1,0,1,2,1.2354854273624111e+77
ARCHIES.NS,2024-03-01,2024-04-23,39.6,40,45,41.75,30.75,0.6735,69.0,1.75,4.423,52032421230195278525103739091645940830376153998439057821542068416039211761664,-1.75,-9.113638669378647e+76,-100.0,False,1,1,1,1,1,3,4.465682947995537e+78
AMBUJACEM.NS,2024-03-01,2024-04-23,610.47,610,630,618.88,629.2,0.2266,78.4,8.88,1.454,179133895432273541722190071404033179359562681182912119663968736660728840192,10.33,1.8501458735653916e+75,116.35,True,1,1,1,0,1,2,8.135523500612092e+76
ACE.NS,2024-03-01,2024-04-23,1413.24,1415,1455,1432.38,1501.96,0.7262,75.7,17.38,1.23,187924964976243778365606121585156238135824226704140107900322965962469933056,22.62,4.250056845673898e+75,130.09,True,1,1,1,1,1,3,1.6759714451446653e+77
AAATECH.NS,2024-03-01,2024-04-23,103.33,105,110,106.95,130.4,0.479,73.3,1.95,1.889,150602065195692688153746206118483591998154116781750173310138047762482069504,3.05,4.590726238385533e+74,156.18,True,1,1,1,0,1,2,1.5155957730834057e+76
ANANTRAJ.NS,2024-03-01,2024-04-23,353.71,355,365,359.41,359.1,0.3492,57.0,4.41,1.247,1758212161778357253659162133452819958915344680515024562236272877170057019392,-0.31,-5.53797404833086e+74,-7.14,False,1,1,1,0,1,2,3.8724011584655905e+77
ADANIPORTS.NS,2024-03-04,2024-04-24,1324.81,1325,1365,1342.8,1303.0,0.2198,70.6,17.8,1.343,133266496193300092104690111151567020028082588473055842826557558989627850752,-17.8,-2.371653675689523e+75,-100.0,False,1,1,1,0,1,2,1.1621103010878663e+77
ARIES.NS,2024-03-04,2024-04-24,313.09,315,320,317.18,269.13,0.7528,70.1,2.18,0.695,48388855656046627158811056203884282483166921867783999534214161731881499885568,-2.18,-1.0525255823061296e+77,-100.0,False,1,1,1,1,1,3,5.157375353300035e+78
ASAHISONG.NS,2024-03-04,2024-04-24,334.53,335,345,339.46,359.78,0.3625,67.0,4.46,1.332,15248318667099566053650422421916017641433287441343029984133016306058038083584,5.54,8.452922294890477e+76,124.39,True,1,1,1,0,1,2,3.4822274090534487e+78
ARCHIES.NS,2024-03-04,2024-04-24,40.15,40,45,41.85,30.7,0.6518,77.1,1.85,4.617,48176069137551618705338161658561640297761189043115360684628978331467001102336,-1.85,-8.931365895991074e+76,-100.0,False,1,1,1,0,1,2,4.3763692890356265e+78
ASAL.NS,2024-03-04,2024-04-24,671.7,670,690,678.41,815.2,1.0265,63.3,8.41,1.252,12200485511195921346426468893187648272400100208888406405926961259865620611072,11.59,1.4139771435035372e+77,137.8,True,1,1,1,0,1,2,5.271997508028588e+78
ASTRAL.NS,2024-03-04,2024-04-24,2087.11,2085,2150,2114.34,1979.37,0.3061,77.4,29.34,1.406,8429955342182661311420174486050924053430503257557540104431884261551096463360,-29.34,-2.4734867688534016e+77,-100.0,False,1,1,1,0,1,2,1.2120085167381667e+79
ANANTRAJ.NS,2024-03-04,2024-04-24,357.2,355,370,361.76,363.14,0.3489,64.1,6.76,1.892,1145768423203860636135549856383249496521760776031716686206938644161769766912,1.38,1.5766294182922442e+75,20.36,True,1,1,1,0,1,2,3.888167452648513e+77
ANANDRATHI.NS,2024-03-05,2024-04-25,976.48,975,1005,988.61,975.72,0.344,89.3,13.61,1.394,150209874719788468037197358865747100179813274807872167413150563825807785984,-12.89,-1.9367751702805015e+75,-94.75,False,1,1,0,1,1,2,1.0027310487112422e+77
ASTRAL.NS,2024-03-05,2024-04-25,2096.71,2095,2160,2124.31,2001.07,0.3061,74.5,29.31,1.398,8269472906262510527389713959854877734820994692026738349664172117286650380288,-29.31,-2.4240170334763337e+77,-100.0,False,1,1,1,0,1,2,1.1877683464034034e+79
ANTGRAPHIC.NS,2024-03-05,2024-04-25,1.85,5,10,5.0,1.6,0.5278,73.3,0.0,0.0,2318420653206891307959101691472850312016298225021142800943668852480831342728250916864,-0.0,-1.1756760580168181e+76,-100.0,False,1,1,1,1,1,3,5.760812684282408e+77
ADANIPOWER.NS,2024-03-05,2024-04-25,114.77,115,120,117.09,118.47,0.295,54.3,2.09,1.82,919424924835845755008911736908240274636523335880423423038436283637018132480,1.38,1.2703373922262988e+75,66.16,True,1,1,0,1,1,2,9.727374835717456e+76
ANTGRAPHIC.NS,2024-03-06,2024-04-26,1.9,5,10,5.0,1.55,0.5256,80.0,0.0,0.0,1136204523987379863382877410914654869550117993996692875804737993005987993812585152512,-0.0,-1.1521625368564816e+76,-100.0,False,1,1,1,0,1,2,5.64559643059676e+77
ADANIPOWER.NS,2024-03-06,2024-04-26,115.34,115,120,117.17,118.32,0.2674,56.4,2.17,1.882,896312526453364739319012990505059074586095008506306507740028655176664481792,1.15,1.0302823471488038e+75,52.96,True,1,1,1,0,1,2,9.830403070432337e+76
ABINFRA.NS,2024-03-06,2024-04-26,5.23,5,10,5.49,4.39,0.4787,85.7,0.49,9.453,380849109657538791069435806789830188475180757928008055140992747538382585856,-0.49,-1.883823098906096e+74,-100.0,False,1,1,0,1,1,2,9.23073318463987e+75
ABINFRA.NS,2024-03-07,2024-04-29,5.32,5,10,5.54,4.6,0.4615,86.4,0.54,10.145,342332192185120725055763882142688296173831331474769199917069891471966994432,-0.54,-1.846146636927974e+74,-100.0,False,1,1,0,1,1,2,9.046118520947073e+75
ANUP.NS,2024-03-18,2024-05-08,1530.26,1530,1575,1549.89,1933.42,0.6097,65.5,19.89,1.3,795187415664940336346022570770269379674002996729226438333036287691526766592,25.11,1.996490488685984e+76,126.21,True,1,1,1,1,1,3,8.108913457899835e+77
ANUP.NS,2024-03-19,2024-05-09,1607.51,1610,1655,1629.78,1856.29,0.6233,70.0,19.78,1.231,819847842360959980081197124938503304610201391640590827354194012870614712320,25.22,2.0675325990443532e+76,127.49,True,1,1,1,1,1,3,8.31566671780427e+77
ABB.NS,2024-03-21,2024-05-13,5766.03,5765,5940,5843.65,7877.71,0.3859,67.5,78.65,1.364,1676875565531836419607064790935342777627551186670012000498625567763988480,96.35,1.615644635634742e+74,122.5,True,1,1,1,0,1,2,6.756002483793332e+75
ABB.NS,2024-03-22,2024-05-14,5866.8,5865,6045,5945.75,7973.02,0.2635,69.0,80.75,1.376,1673212010630311851316621217629364908288037840646496782401809371380056064,99.25,1.660581122375895e+74,122.9,True,1,1,1,0,1,2,6.9220605960309215e+75
APARINDS.NS,2024-03-26,2024-05-15,6966.04,6965,7175,7058.74,8016.97,0.4963,69.9,93.74,1.346,537075129183232954224761424722052090621010421378086571218600101875797721088,116.26,6.244286415558263e+76,124.04,True,1,1,1,1,1,3,2.579588512800397e+78
ABB.NS,2024-03-27,2024-05-16,6173.49,6175,6360,6258.07,8194.33,0.309,70.6,83.07,1.346,1666537893183066407706460195068417262812798429618823866862769878339682304,101.93,1.6986829831824886e+74,122.7,True,1,1,1,1,1,3,7.09192889434917e+75
ARVSMART.NS,2024-03-27,2024-05-16,686.51,685,705,693.95,676.65,0.581,69.3,8.95,1.304,10392848020230218553225342378663319222504454877632547370394249681153170604032,-8.95,-9.303051031615784e+76,-100.0,False,1,1,1,1,1,3,4.558495005491735e+78
ABREL.NS,2024-03-28,2024-05-17,1621.89,1620,1670,1642.16,2154.61,0.5958,64.4,22.16,1.367,78261501678580643988325698225985183409496632731516756159687227154037211136,27.84,2.1784849088078505e+75,125.59,True,1,1,1,1,1,3,8.890799366486693e+76
ARVSMART.NS,2024-03-28,2024-05-17,687.74,690,710,698.75,670.1,0.5799,73.7,8.75,1.272,10424524559645158191460751237028902736493631034760681417058582611935337906176,-8.75,-9.11699001098347e+76,-100.0,False,1,1,1,1,1,3,4.4673251053819e+78
ABB.NS,2024-03-28,2024-05-17,6253.62,6255,6440,6338.19,8259.64,0.3003,71.8,83.19,1.33,1704974218374265990482951424480951006526056424825242701827528374555246592,101.81,1.7358165251225583e+74,122.38,True,1,1,1,0,1,2,7.265510546861426e+75
ABINFRA.NS,2024-03-28,2024-05-17,5.48,5,10,5.71,5.14,0.5472,56.2,0.71,13.001,253861023101353308824467783729666862592840561406181205606029308055651352576,-0.57,-1.4529119435259849e+74,-80.31,False,1,1,1,0,1,2,8.900827326594475e+75
ARVSMART.NS,2024-04-01,2024-05-21,696.56,695,715,703.97,654.72,0.5773,75.2,8.97,1.287,9965967196061551625119337485819214755495809469716086787936303027029698150400,-8.97,-8.9346502107638e+76,-100.0,False,1,1,1,0,1,2,4.377978603274262e+78
ABREL.NS,2024-04-01,2024-05-21,1702.84,1705,1755,1726.98,2158.39,0.6074,63.8,21.98,1.291,80897050950381256060938375831679684133366317599870622533979328892270280704,28.02,2.2666926742217242e+75,127.47,True,1,1,1,1,1,3,9.117468633908864e+76
ABINFRA.NS,2024-04-01,2024-05-21,5.76,5,10,5.91,5.25,0.5273,60.0,0.91,15.861,194995057389565127632723814630618433230357317205402717440023321981319380992,-0.66,-1.2954542311913968e+74,-72.77,False,1,1,1,0,1,2,8.771281903475336e+75
ADANIPORTS.NS,2024-04-01,2024-05-21,1357.67,1360,1400,1377.81,1367.14,0.3797,56.8,17.81,1.312,130478330118553020556308446668271681921440918416767845864925655042510290944,-10.67,-1.3926352688866645e+75,-59.92,False,1,1,1,0,1,2,1.1481839483989996e+77
ACE.NS,2024-04-01,2024-05-21,1600.44,1600,1650,1620.57,1564.43,1.1246,61.9,20.57,1.285,162968831694265885427220721698004918311171817470277014616584164195539353600,-20.57,-3.3519428902893303e+75,-100.0,False,1,1,1,1,1,3,1.642452016241772e+77
AMBUJACEM.NS,2024-04-01,2024-05-21,614.33,615,635,623.85,624.41,0.3512,55.9,8.85,1.441,183850537727846675159574408829477204587932674638475233392607089055905087488,0.56,1.0309224269870117e+74,6.34,True,1,1,1,0,1,2,8.145832724881962e+76
ABB.NS,2024-04-01,2024-05-21,6394.99,6395,6585,6480.55,8435.22,0.3012,73.1,85.55,1.338,1698528520874721736197207327981104424648096489691397481329835000712921088,104.45,1.774102080289686e+74,122.09,True,1,1,1,0,1,2,7.442920754890393e+75
ABCAPITAL.NS,2024-04-02,2024-05-22,201.05,200,205,202.3,223.35,0.5418,68.1,2.3,1.145,62952900880737209978070716775932702615309413537756044951366980343334699008,2.7,1.69905883144594e+74,117.29,True,1,1,1,1,1,3,7.412836946099197e+75
AMBUJACEM.NS,2024-04-02,2024-05-22,627.38,625,645,634.18,625.75,0.3455,59.8,9.18,1.463,177455156219573159635609905209434126213233569550624820337603795223081648128,-8.44,-1.4969091650571293e+75,-91.88,False,1,1,1,0,1,2,7.996141808376249e+76
ADANIPORTS.NS,2024-04-02,2024-05-22,1385.54,1385,1425,1403.09,1359.94,0.3819,59.8,18.09,1.306,126944450074309716667363489369718704918894255034988965386768506312934293504,-18.09,-2.2963678967979993e+75,-100.0,False,1,1,1,1,1,3,1.1252202694310195e+77
ARVSMART.NS,2024-04-02,2024-05-22,729.33,730,750,738.85,674.83,0.5928,87.3,8.85,1.214,9889066708835719320104069486431980181688045810010934449275292641809051680768,-8.85,-8.755957206548524e+76,-100.0,False,1,1,0,1,1,2,4.290419031208777e+78
ADANIPOWER.NS,2024-04-02,2024-05-22,117.69,120,125,121.9,138.29,0.3925,56.2,1.9,1.611,1037232651131596796833473901225000461262093569261504344565807554476982140928,3.1,3.2200826415715165e+75,163.78,True,1,1,1,1,1,3,1.015241133458949e+77
ADANIPOWER.NS,2024-04-03,2024-05-23,123.57,125,130,127.03,142.27,0.4242,66.1,2.03,1.642,1000562155105297188498108932768893660744911272640606508786847564040853520384,2.97,2.9723285086085884e+75,146.39,True,1,1,1,1,1,3,1.0449644185450348e+77
ASAHISONG.NS,2024-04-03,2024-05-23,340.89,340,350,344.55,362.02,0.4569,61.4,4.55,1.334,15317019123038488405116663383281217153578817081375737282669046659492744265728,5.45,8.35256430493159e+76,119.93,True,1,1,1,1,1,3,3.5657530521027646e+78
AMBUJACEM.NS,2024-04-03,2024-05-23,627.62,630,645,636.71,639.04,0.3398,65.5,6.71,1.069,238263745856069784744474225747133452647850271215867498947516556008124055552,2.33,5.546997505061505e+74,34.69,True,1,1,1,0,1,2,8.051611783426864e+76
ABCAPITAL.NS,2024-04-03,2024-05-23,204.2,205,210,207.21,226.05,0.5409,67.7,2.21,1.082,67087915231206150331464609548764096872276212962698213936149860634366836736,2.79,1.8718283723404682e+74,126.26,True,1,1,1,1,1,3,7.600019783333244e+75
AJMERA.NS,2024-04-03,2024-05-23,149.0,150,155,152.11,140.7,0.7533,67.1,2.11,1.414,987374090392476428466528643936296599542885548030556989564032720531007471616,-2.11,-2.0807212101189787e+75,-100.0,False,1,1,1,0,1,2,1.0195533929582994e+77
ADVANIHOTR.NS,2024-04-03,2024-05-23,81.18,80,85,82.17,70.37,0.726,59.2,2.17,2.67,607232708969802813222955452552668667693117638952707777217247256210000838656,-2.17,-1.3162720891967424e+75,-100.0,False,1,1,1,1,1,3,6.449733237064038e+76
AJMERA.NS,2024-04-04,2024-05-24,158.8,160,165,162.1,139.18,0.7845,89.8,2.1,1.324,969971083102318558813477355106991879547306273322015260411158361155049619456,-2.1,-2.0391067859165988e+75,-100.0,False,1,1,0,1,1,2,9.991623250991334e+76
ANUP.NS,2024-04-04,2024-05-24,1684.08,1685,1735,1706.77,1729.84,0.712,80.3,21.77,1.293,764003800009614408888935232319016202477186084709871536606649027769514590208,23.07,1.7623679715750265e+76,105.97,True,1,1,0,1,1,2,8.491903514961773e+77
ADANIPOWER.NS,2024-04-04,2024-05-24,128.4,130,135,132.03,141.4,0.4399,80.1,2.03,1.583,1028027172908103793705571772940699133270318508667059806102659437977753616384,2.97,3.0502070274504493e+75,145.95,True,1,1,0,1,1,2,1.0754664888195393e+77
ASAHISONG.NS,2024-04-04,2024-05-24,343.62,345,355,349.39,368.92,0.4524,71.3,4.39,1.278,16241347071603870442569668382527659824963181837859323586517830938223831941120,5.61,9.109840967398341e+76,127.74,True,1,1,1,0,1,2,3.656851461776748e+78
ASAL.NS,2024-04-05,2024-05-27,717.4,715,740,725.76,896.55,0.8338,81.1,10.76,1.5,9798835402838758634976710951895356711959310979083097916386042190413166542848,14.24,1.395309349103972e+77,132.33,True,1,1,0,1,1,2,5.411528442938985e+78
ARVEE.NS,2024-04-05,2024-05-27,211.25,210,220,214.19,193.8,0.9521,81.9,4.19,1.984,19952153048721218632230037440430499665209397784421001258437425526787109027840,-4.19,-8.363438273340485e+76,-100.0,False,1,1,0,1,1,2,4.098084753936838e+78
ASAHISONG.NS,2024-04-05,2024-05-27,344.47,345,355,349.45,373.75,0.4523,68.7,4.45,1.292,16429667271018635533782903181246000147109324183374300622138009671877645041664,5.55,9.115964347465139e+76,124.64,True,1,1,1,0,1,2,3.748011105251399e+78
ATLANTAA.NS,2024-04-05,2024-05-27,25.95,25,30,26.87,31.15,0.6775,76.0,1.87,7.189,214104000697279913705275400786073589301072659454629023355775621919586117484544,3.13,6.710954791424789e+77,168.02,True,1,1,1,1,1,3,2.0642321696338514e+79
ASAL.NS,2024-04-08,2024-05-28,759.5,760,780,768.59,884.15,0.8529,85.1,8.59,1.131,12597659945820210077597080406258030137437729107705529379019947467597810761728,11.41,1.437226300576245e+77,132.79,True,1,1,0,1,1,2,5.555251072996609e+78
ARCHIDPLY.NS,2024-04-08,2024-05-28,123.7,125,130,127.01,102.0,0.9914,80.9,2.01,1.628,51214545730563087393008044801035187864933128324573910104818706622871995678720,-2.01,-1.0315548203864716e+77,-100.0,False,1,1,0,1,1,2,5.0546186198937104e+78
ARVEE.NS,2024-04-08,2024-05-28,253.5,255,260,257.06,193.05,1.1144,90.4,2.06,0.812,39832728908131037491561235612117855349389859000928708999701784543940376002560,-2.06,-8.196169507873676e+76,-100.0,False,1,1,0,1,1,2,4.016123058858101e+78
ADL.NS,2024-04-08,2024-05-28,95.55,95,100,97.16,85.0,0.577,74.2,2.16,2.265,798890629946002153146715304992265724994716104671318908085776805462003417088,-2.16,-1.7286594061083472e+75,-100.0,False,1,1,1,1,1,3,8.470431089930901e+76
ATLANTAA.NS,2024-04-08,2024-05-28,28.5,30,35,31.35,32.7,0.7062,79.6,1.35,4.729,306309075431071637375568519311362103235684128031744917270235896369788609363968,1.35,4.1418830343240164e+77,100.33,True,1,1,1,1,1,3,2.1056509999770916e+79
AFSL.NS,2024-04-08,2024-05-28,405.05,405,415,409.33,406.55,0.828,88.3,4.33,1.069,230347642624893203808438712692632319973603322038025418682320900770290991104,-2.78,-6.407640054792102e+74,-64.22,False,1,1,0,1,1,2,4.9249237978866936e+76
ABREL.NS,2024-04-08,2024-05-28,1733.84,1735,1785,1757.09,2148.74,0.5955,84.3,22.09,1.274,82561322399883659225748150176453105948093992655292242035630769378657566720,27.91,2.30457239321241e+75,126.38,True,1,1,0,1,1,2,9.347925873230105e+76
ANANDRATHI.NS,2024-04-09,2024-05-29,1005.95,1005,1035,1018.48,1029.36,0.476,70.2,13.48,1.34,148774494779934940867687537070972890810559879032181188521471892425917071360,10.88,1.6185008066121443e+75,80.7,True,1,1,1,1,1,3,1.0189160567773636e+77
AJMERA.NS,2024-04-09,2024-05-29,162.82,165,170,167.06,131.02,0.7995,81.0,2.06,1.267,968752941733086828151640996610844609963154841828148640359307004279477239808,-2.06,-1.998324650198267e+75,-100.0,False,1,1,0,1,1,2,9.791790785971508e+76
ABREL.NS,2024-04-09,2024-05-29,1822.8,1825,1875,1847.13,2158.39,0.582,87.3,22.13,1.214,84469693294903546078678742650919872845786731403786316466507942315276894208,27.87,2.353899490099156e+75,125.9,True,1,1,0,1,1,2,9.583315822240022e+76
AFSL.NS,2024-04-09,2024-05-29,422.35,420,435,426.5,414.15,0.8258,89.2,6.5,1.539,151512061153288300453185836290899704448852104277388026044811435756941737984,-6.5,-9.849847595773387e+74,-100.0,False,1,1,0,1,1,2,4.82642532192896e+76
ARE&M.NS,2024-04-09,2024-05-29,881.01,880,905,891.26,1190.86,0.4955,74.2,11.26,1.279,7574495644240840241498762042565404198773117098913108102071765462746862190592,13.74,1.040430168000736e+77,121.95,True,1,1,1,1,1,3,4.370011732097444e+78
ARVEE.NS,2024-04-09,2024-05-29,278.85,280,285,282.07,197.9,1.1198,91.5,2.07,0.742,38821440875039085675552728347189582360638042827053002009094173562702212890624,-2.07,-8.032246117716202e+76,-100.0,False,1,1,0,1,1,2,3.9358005976809385e+78
ASAL.NS,2024-04-09,2024-05-29,769.15,770,790,778.6,868.95,0.8382,86.8,8.6,1.118,12916826696973204587439818437130690606241671817060863543502693572820328251392,11.4,1.472315124795319e+77,132.52,True,1,1,0,1,1,2,5.702482585476142e+78
AARTIIND.NS,2024-04-10,2024-05-30,733.23,735,755,743.93,608.54,0.3342,91.7,8.93,1.218,16088330314020004471867089911590033797136312665587973885046551854954053632,-8.93,-1.4365166463271048e+74,-100.0,False,1,1,0,1,1,2,7.038931567002814e+75
AJMERA.NS,2024-04-10,2024-05-30,165.56,165,170,167.2,134.07,0.7386,90.0,2.2,1.327,891238192085988711095218223053248237083459215405213378362369572653714374656,-2.2,-1.9583581571943016e+75,-100.0,False,1,1,0,1,1,2,9.595954970252077e+76
ATLANTAA.NS,2024-04-10,2024-05-30,29.45,30,35,31.6,36.0,0.774,73.0,1.6,5.441,262838749759554599648533965300451691293456265008670574899353356745924438654976,3.4,8.930635488023547e+77,212.06,True,1,1,1,1,1,3,2.194957354857327e+79
ASHIANA.NS,2024-04-12,2024-05-31,329.74,330,340,334.42,341.6,0.5421,80.9,4.42,1.342,59006551371824626426830323608725381208985476792137817377662996399647721783296,5.58,3.290270586020633e+77,126.05,True,1,1,0,1,1,2,1.338094981441121e+79
ATLANTAA.NS,2024-04-12,2024-05-31,32.3,30,35,32.23,37.8,0.7827,75.9,2.23,6.911,196652214447380450539286410616671524427923533558984231444218683487986445713408,2.77,5.442696012654369e+77,123.98,True,1,1,1,1,1,3,2.2493843149838705e+79
ASTERDM.NS,2024-04-12,2024-05-31,368.71,370,380,374.41,356.91,0.5264,67.3,4.41,1.195,58150451795541581259979400482755829768489993023301937371995787893771507597312,-4.41,-2.5625567432481864e+77,-100.0,False,1,1,1,0,1,2,1.2556528041916117e+79
AARTIIND.NS,2024-04-12,2024-05-31,747.87,750,770,758.92,609.14,0.3305,93.1,8.92,1.192,15787891234005172132577424493941664668966860791661845450384916924873048064,-8.92,-1.4077863134005628e+74,-100.0,False,1,1,0,1,1,2,6.898152935662758e+75
AEGISLOG.NS,2024-04-12,2024-05-31,470.34,470,485,476.58,694.02,0.6607,79.6,6.58,1.398,194077511528640805256045731625090371012278863880541592327054154924275269632,8.42,1.6350979899227014e+75,128.14,True,1,1,1,1,1,3,6.543833214026824e+76
ANTELOPUS.NS,2024-04-15,2024-06-03,596.2,595,615,603.95,577.35,0.4784,92.0,8.95,1.501,1559000600965511386940138107859845210444854399128640648882350558879349211136,-8.95,-1.3951059238344295e+76,-100.0,False,1,1,0,1,1,2,6.836019026788704e+77
ATLANTAA.NS,2024-04-15,2024-06-03,33.55,35,40,36.49,37.95,0.734,76.1,1.49,4.453,301124249599266601581510517747237861089921244495209517047500645597630676598784,1.46,4.384399030606327e+77,97.46,True,1,1,1,1,1,3,2.2932283052899338e+79
ASHIANA.NS,2024-04-15,2024-06-03,380.97,380,390,384.47,352.18,0.6476,86.8,4.47,1.173,59889367447237556874265040115537766433825023267718555378531594878583941627904,-4.47,-2.676189962882242e+77,-100.0,False,1,1,0,1,1,2,1.3113330818122986e+79
ANANDRATHI.NS,2024-04-15,2024-06-03,1034.16,1035,1065,1048.34,1013.25,0.5184,68.7,13.34,1.29,152768731262183349122228208772792141626673385867338647231359857604876566528,-13.34,-2.037832113554727e+75,-100.0,False,1,1,1,1,1,3,9.985377356418163e+76
AEGISLOG.NS,2024-04-15,2024-06-03,477.4,475,490,481.81,705.91,0.5266,84.4,6.81,1.427,192172987904392724123636387641354987389881325180546472790300646633629548544,8.19,1.573828175760526e+75,120.25,True,1,1,0,1,1,2,6.701216031602877e+76
ASTERDM.NS,2024-04-15,2024-06-03,394.81,395,405,399.47,348.23,0.559,73.5,4.47,1.133,56158113368897099428335223999542107376434269596672253510914714114843861843968,-4.47,-2.5113056083832233e+77,-100.0,False,1,1,1,1,1,3,1.2305397481077795e+79
AEGISLOG.NS,2024-04-16,2024-06-04,515.1,515,530,521.67,689.95,0.5696,88.3,6.67,1.294,201086311195417889610280530701670327431258465616468819053114560093431529472,8.33,1.6760514616106929e+75,125.06,True,1,1,0,1,1,2,6.868821177763945e+76
ATLANTAA.NS,2024-04-16,2024-06-04,35.2,35,40,36.83,37.2,0.7376,76.7,1.83,5.19,251068616058736367353591214676968601668844862007135059208476281420523723816960,0.37,9.370548582138587e+76,20.43,True,1,1,1,1,1,3,2.3025988538720725e+79
ARE&M.NS,2024-04-16,2024-06-04,950.17,950,980,963.32,1062.42,0.5232,81.6,13.32,1.401,6563825134865213093701851428756870687317232518790089191028384505582158086144,16.68,1.0951451940400752e+77,125.3,True,1,1,0,1,1,2,4.479526251501451e+78
ANTELOPUS.NS,2024-04-16,2024-06-04,634.45,635,655,643.87,523.25,0.4737,97.2,8.87,1.397,1542242327550029580173844834000148069493504885551932047567931457596154707968,-8.87,-1.3672038053577409e+76,-100.0,False,1,1,0,1,1,2,6.69929864625293e+77
AAATECH.NS,2024-04-16,2024-06-04,109.19,110,115,112.06,96.2,0.7456,74.5,2.06,1.887,147113129068089914539832169855342802753194158216101774255497061106668535808,-2.06,-3.0311915461668113e+74,-100.0,False,1,1,1,1,1,3,1.4852838576217376e+76
360ONE.NS,2024-04-18,2024-06-05,780.47,780,805,791.22,754.5,0.342,91.1,11.22,1.437,42105111085885202364900181851434389361469064420867217751087507481953304576,-11.22,-4.722270092423841e+74,-100.0,False,1,1,0,1,1,2,2.313912345287682e+76
ARE&M.NS,2024-04-18,2024-06-05,975.3,975,1005,988.35,1195.03,0.5219,84.0,13.35,1.369,6710592090195230171777356931408892899950633509583492300953296030947113697280,16.65,1.1172723767582788e+77,124.71,True,1,1,0,1,1,2,4.591253489177279e+78
ASTRAMICRO.NS,2024-04-18,2024-06-05,691.96,690,715,701.17,748.8,0.4608,86.9,11.17,1.615,26452665812096897766310827897704520647667422469478014056419564974296436572160,13.83,3.6573544471072884e+77,123.73,True,1,1,0,1,1,2,1.514479547429541e+79
AAATECH.NS,2024-04-18,2024-06-05,131.03,130,135,132.13,98.05,0.9528,86.5,2.13,1.628,139273591803921359334288780841975583386554219791509281231290018593874378752,-2.13,-2.9705677152434753e+74,-100.0,False,1,1,0,1,1,2,1.455578180469303e+76
ABREL.NS,2024-04-19,2024-06-06,1840.41,1840,1895,1864.67,2095.35,0.4479,77.9,24.67,1.34,77690067606980407072651179843791467595006594769141432657330666837653848064,30.33,2.3562905539359184e+75,122.94,True,1,1,1,0,1,2,9.818944877633614e+76
ANTELOPUS.NS,2024-04-19,2024-06-06,640.0,640,660,648.9,640.15,0.4845,93.6,8.9,1.391,1504705434552806400468723379290713772745312742009695721165405724134420250624,-8.75,-1.3172854741350415e+76,-98.32,False,1,1,0,1,1,2,6.567570098839426e+77
ARE&M.NS,2024-04-19,2024-06-06,986.73,985,1015,998.46,1254.03,0.5185,85.6,13.46,1.364,6822805095085192890312603795309995298365746655698499077285156623144517107712,16.54,1.128590830690102e+77,122.91,True,1,1,0,1,1,2,4.704112572246289e+78
AAATECH.NS,2024-04-19,2024-06-06,131.91,130,135,132.17,100.64,0.9542,88.7,2.17,1.646,134069888437688902429823548673323115553396565064871055982701399465638494208,-2.17,-2.9111563609386057e+74,-100.0,False,1,1,0,1,1,2,1.4264666168599168e+76
ABREL.NS,2024-04-22,2024-06-07,1865.78,1865,1920,1889.74,2110.43,0.4389,73.7,24.74,1.326,79371941137189520049089613045761982987107212557644450452472704041847095296,30.26,2.401667787018701e+75,122.3,True,1,1,1,0,1,2,1.0059111656335483e+77
ASAL.NS,2024-04-22,2024-06-07,875.65,875,900,885.84,875.6,0.7915,82.3,10.84,1.238,10520662908356853192216636354864292686917867052428816262122653361524648706048,-10.24,-1.0773751081663051e+77,-94.47,False,1,1,0,1,1,2,5.594745074659511e+78
ARE&M.NS,2024-04-22,2024-06-07,1022.27,1020,1055,1035.61,1375.41,0.5071,89.4,15.61,1.527,6026709867114344186201999939087618220770533440905433960536538701363536723968,19.39,1.1685259390407625e+77,124.2,True,1,1,0,1,1,2,4.820965166150365e+78
AAATECH.NS,2024-04-22,2024-06-07,133.72,135,140,137.04,102.3,0.9394,91.1,2.04,1.525,139932250983221880615961192993131108887031998633021173819796216381840556032,-2.04,-2.8529332337198336e+74,-100.0,False,1,1,0,1,1,2,1.3979372845227185e+76
ANUP.NS,2024-04-22,2024-06-07,1766.78,1765,1820,1789.64,1732.83,0.4739,80.2,24.64,1.395,689208116778989392273573815589605462838538212118496369021101694043056766976,-24.64,-1.6983807029923545e+76,-100.0,False,1,1,0,1,1,2,8.322065444662537e+77
ABCAPITAL.NS,2024-04-23,2024-06-10,216.85,215,225,219.49,232.93,0.4406,84.8,4.49,2.073,33815634025649799607906865252993486979435449353498966866295656848495214592,5.51,1.861559445898331e+74,122.47,True,1,1,0,1,1,2,7.786175727923076e+75
ASAHISONG.NS,2024-04-23,2024-06-10,360.92,360,370,364.54,371.16,0.5047,66.8,4.54,1.258,16513225666196768467190144160371118203626211164491063323548283246887800143872,5.46,9.017203455693971e+76,120.29,True,1,1,1,1,1,3,3.838183139808339e+78
AMBUJACEM.NS,2024-04-23,2024-06-10,629.2,630,650,638.72,632.96,0.2258,57.2,8.72,1.387,184575655683003071955644142723362773719914232398413255264978028955397259264,-5.76,-1.0637828449785119e+75,-66.06,False,1,1,1,0,1,2,7.945233498929013e+76
ANUP.NS,2024-04-23,2024-06-10,1795.32,1795,1850,1819.71,1760.25,0.3759,81.6,24.71,1.376,673696658307816606307771338705526296297644294010638622486785965921983791104,-24.71,-1.6644130889325076e+76,-100.0,False,1,1,0,1,1,2,8.155624135769286e+77
ARE&M.NS,2024-04-23,2024-06-10,1138.88,1140,1175,1155.41,1374.52,0.5773,91.4,15.41,1.353,6258122198752826549786055943959817268150619897021586957658396497364993966080,19.59,1.226149736333416e+77,127.17,True,1,1,0,1,1,2,4.943580139783707e+78
ABREL.NS,2024-04-23,2024-06-10,1909.32,1910,1965,1934.68,2080.03,0.4398,71.7,24.68,1.293,81520524283754348266242999771240365883678659117010347686480507556300062720,30.32,2.471806504339392e+75,122.86,True,1,1,1,0,1,2,1.0306292306769422e+77
ANANTRAJ.NS,2024-04-23,2024-06-10,359.1,360,370,364.45,398.94,0.3351,74.8,4.45,1.24,1746734265696047482563728327565729844303918123206246444173092724794632175616,5.55,9.691007751663448e+75,124.62,True,1,1,1,1,1,3,3.9850775301651475e+77
ARVIND.NS,2024-04-23,2024-06-10,319.12,320,330,324.4,357.75,0.412,82.3,4.4,1.378,28822864833072173249120182085107220747026554669826351528482074515423914622976,5.6,1.6147902386667635e+77,127.4,True,1,1,0,1,1,2,6.498960247068944e+78
ABFRL.NS,2024-04-23,2024-06-10,263.5,265,270,267.22,323.95,0.5272,82.5,2.22,0.843,114983465105484989325331964331079244658192088667174784510052031934666637312,2.78,3.193660607871259e+74,124.97,True,1,1,0,1,1,2,1.3096929297802077e+76
APARINDS.NS,2024-04-23,2024-06-10,7570.92,7570,7800,7672.87,8125.21,0.4613,70.6,102.87,1.359,501501715540430583381940299516482922062484401957811222573610277438016716800,127.13,6.375362431829109e+76,123.57,True,1,1,1,0,1,2,2.643342137118688e+78
AEGISLOG.NS,2024-04-23,2024-06-10,527.99,530,545,536.54,746.85,0.6131,77.9,6.54,1.238,210213601991750600103166204174213517393733203123193646278148146804497055744,8.46,1.77943979432347e+75,129.53,True,1,1,1,0,1,2,7.046765157196292e+76
21STCENMGM.NS,2024-04-23,2024-06-10,52.34,50,55,52.55,49.88,0.2112,99.6,2.55,4.863,127885656478011590129876803967424806570084839333766666579093900517647056896,-2.55,-3.255467594091982e+74,-100.0,False,1,1,0,1,1,2,1.595179121105071e+76
ABSLAMC.NS,2024-04-23,2024-06-10,506.07,505,520,511.86,571.51,0.2163,82.8,6.86,1.356,360159395677946410682083045624241563964750695599735711252710060031121293312,8.14,2.9314200804443738e+75,118.63,True,1,1,0,1,1,2,1.2647996281668548e+77
ABSLAMC.NS,2024-04-24,2024-06-11,525.92,525,540,531.88,590.65,0.2393,84.9,6.88,1.309,367433157559838543192055668819772770251967290499249929153157329014692511744,8.12,2.9818981070638686e+75,117.88,True,1,1,0,1,1,2,1.2946186092374935e+77
APARINDS.NS,2024-04-24,2024-06-11,7730.68,7730,7965,7835.08,8026.06,0.4625,78.2,105.08,1.359,503121863082597074094174732729046668911114742374205779420869631812174872576,129.92,6.536679508203655e+76,123.64,True,1,1,1,0,1,2,2.7087089322007244e+78
360ONE.NS,2024-04-24,2024-06-11,782.42,780,805,791.4,765.68,0.3711,76.0,11.4,1.457,40597302140831763278105924703152099969158444466378354616160146988143214592,-11.4,-4.627824690575364e+74,-100.0,False,1,1,1,1,1,3,2.2676340983819284e+76
ANANTRAJ.NS,2024-04-24,2024-06-11,363.14,365,375,369.34,422.43,0.2806,73.9,4.34,1.195,1836202171478294400367666672246836616084287081946932217568786834603531829248,5.66,1.0391866654452648e+76,130.38,True,1,1,1,1,1,3,4.088996196709674e+77
AEGISLOG.NS,2024-04-24,2024-06-11,593.53,595,610,601.55,757.11,0.6983,85.2,6.55,1.103,215243056899756392648566024856545881706176459059885326290655230293933293568,8.45,1.819292822057087e+75,129.09,True,1,1,0,1,1,2,7.228694439402001e+76
ABSLAMC.NS,2024-04-25,2024-06-12,534.66,535,550,541.73,610.46,0.2387,84.9,6.73,1.26,384463122553863964716413160432330695855216399567551894089028406665602400256,8.27,3.1777096198329724e+75,122.73,True,1,1,0,1,1,2,1.3263957054358232e+77
ARVSMART.NS,2024-04-25,2024-06-12,742.59,745,765,753.82,687.49,0.5336,58.0,8.82,1.188,9725897143496436306489546598211282092641084626570410362160888139939038887936,-8.82,-8.580838062417553e+76,-100.0,False,1,1,1,1,1,3,4.204610650584601e+78
APARINDS.NS,2024-04-25,2024-06-12,7755.04,7755,7990,7860.06,8049.67,0.4618,77.3,105.06,1.355,515635250619258399422707139590861312305532532922801904347770268628870496256,129.94,6.700010525151124e+76,123.68,True,1,1,1,0,1,2,2.7757090374522356e+78
ABREL.NS,2024-04-25,2024-06-12,1914.79,1915,1970,1939.67,2071.07,0.4673,72.4,24.67,1.288,83567049058978828791224775238163848658081176993795707562696232322631467008,30.33,2.5349292368899513e+75,122.98,True,1,1,1,1,1,3,1.0559785230458417e+77
360ONE.NS,2024-04-25,2024-06-12,818.88,820,845,831.12,775.19,0.3851,77.4,11.12,1.358,40784629501198115715488721116587654061627894409691450499574318824863825920,-11.12,-4.535268196763857e+74,-100.0,False,1,1,1,1,1,3,2.22228141641429e+76
ABFRL.NS,2024-04-25,2024-06-12,265.0,265,275,269.37,328.25,0.5318,72.5,4.37,1.649,59958402569579498073695838401564655784514526023622802403558035765764030464,5.63,3.376454397397535e+74,128.9,True,1,1,1,0,1,2,1.343457473754183e+76
ABCAPITAL.NS,2024-04-25,2024-06-12,229.8,230,235,232.27,234.22,0.4743,80.5,2.27,0.989,68526815257190096473754394336272169778325526623583409363489305339851964416,1.95,1.3345972947777823e+74,85.7,True,1,1,0,1,1,2,7.919635457400855e+75
AARTIIND.NS,2024-04-25,2024-06-12,750.56,750,775,761.15,662.92,0.2894,68.4,11.15,1.486,12368974709498649657768722055116990323981027379274730560576116658700025856,-11.15,-1.3796305871325517e+74,-100.0,False,1,1,1,0,1,2,6.760189876949503e+75
ABFRL.NS,2024-04-26,2024-06-13,268.55,270,275,272.23,326.9,0.5315,73.7,2.23,0.829,120679125388434449876789366552184648924971478033686096104766302566007963648,2.77,3.3470413219133564e+74,124.57,True,1,1,1,0,1,2,1.3769278869733167e+76
ASHIANA.NS,2024-04-26,2024-06-13,381.61,380,395,386.56,409.32,0.68,78.6,6.56,1.718,40005486234255479120705504627598715337874172009924102084254552591708186476544,8.44,3.3781567715137245e+77,128.81,True,1,1,1,0,1,2,1.3451146495274358e+79
ANANTRAJ.NS,2024-04-26,2024-06-13,363.19,365,375,369.34,413.45,0.2735,76.3,4.34,1.195,1884304156749948486696876430089414482979158175745297160408749271636462534656,5.66,1.0665049174080136e+76,130.41,True,1,1,1,1,1,3,4.195646688450475e+77
ABMINTLLTD.NS,2024-04-26,2024-06-13,69.7,70,75,71.98,73.82,0.5472,64.6,1.98,2.837,710842111757407764334391543501369435816165003374665046528987708843796463616,1.84,1.3099839054850575e+75,93.21,True,1,1,1,1,1,3,7.158162113030722e+76
ASHOKLEY.NS,2024-04-26,2024-06-13,87.96,90,95,91.53,112.58,0.2599,67.0,1.53,1.739,219073281979268594356484611112343345457479951979287754152031588181741708247040,3.47,7.603095936919361e+77,226.92,True,1,1,1,1,1,3,1.7513150403912282e+79
ASAHISONG.NS,2024-04-26,2024-06-13,381.75,380,395,386.66,407.0,0.553,65.2,6.66,1.744,11531000415702849738792748862336604192446787433430639186146842007653712920576,8.34,9.620134343937597e+76,125.32,True,1,1,1,1,1,3,3.934384483247715e+78
ABREL.NS,2024-04-26,2024-06-13,1987.48,1985,2045,2012.0,2170.48,0.4653,75.7,27.0,1.359,78213568355274270661204768948498348771780665715066614080491469328160391168,33.0,2.5808570552247724e+75,122.2,True,1,1,1,0,1,2,1.0817870935980894e+77
ADROITINFO.NS,2024-04-26,2024-06-13,21.9,20,25,22.14,19.06,0.402,88.0,2.14,9.763,711402351519100129721012183296874082842548126231892123782346324030273880064,-2.14,-1.5211186012138337e+75,-100.0,False,1,1,0,1,1,2,7.453481145947783e+76
ANANTRAJ.NS,2024-04-29,2024-06-14,366.68,365,380,371.68,423.38,0.2598,75.9,6.68,1.821,1256535749866973154671882397311555853719009250824155968127522774032305881088,8.32,1.0456742871103646e+76,124.61,True,1,1,1,0,1,2,4.300214117161512e+77
AARTIIND.NS,2024-04-29,2024-06-14,752.3,750,775,761.38,672.98,0.2934,67.4,11.38,1.512,11883520702393178257653072337858983027262723611285489724215990313189113856,-11.38,-1.3520379753899007e+74,-100.0,False,1,1,1,0,1,2,6.624986079410513e+75
ARCHIDPLY.NS,2024-04-29,2024-06-14,141.0,140,145,142.12,108.53,1.0032,72.9,2.12,1.503,47695053468670358244672808945271131133611851851303500721725718604624028499968,-2.12,-1.0109237239787421e+77,-100.0,False,1,1,1,1,1,3,4.953526247495836e+78
AJMERA.NS,2024-04-29,2024-06-14,166.05,165,170,167.34,139.67,0.3693,59.5,2.34,1.411,819355942815549378354062440713264235152252237288268674369648762544417931264,-2.34,-1.9191909940504156e+75,-100.0,False,1,1,1,0,1,2,9.404035870847035e+76
AEGISLOG.NS,2024-04-29,2024-06-14,683.52,685,705,693.63,801.83,0.7434,89.3,8.63,1.263,167476263156149932642950914946579586197259697901446745979735788305294295040,11.37,1.903786375242598e+75,131.68,True,1,1,0,1,1,2,7.419073076926261e+76
ABFRL.NS,2024-04-29,2024-06-14,268.85,270,275,272.24,328.6,0.5266,73.6,2.24,0.833,122973137029507048942047677039469853147532337137035131202818318201543196672,2.76,3.394801077528719e+74,123.27,True,1,1,1,0,1,2,1.4108758977486039e+76
ASHOKLEY.NS,2024-04-29,2024-06-14,88.13,90,95,91.57,114.03,0.26,64.3,1.57,1.776,223740976017065862323542679322517338332793061344811281888164783215168681148416,3.43,7.684418720070837e+77,219.39,True,1,1,1,0,1,2,1.8281592275919366e+79
ASHIANA.NS,2024-04-29,2024-06-14,385.25,385,395,389.42,434.42,0.6752,78.8,4.42,1.148,60827605812608698773252899334035868362367460511419852608802642953939464486912,5.58,3.3925312822059983e+77,126.11,True,1,1,1,0,1,2,1.3790399623494958e+79
ABREL.NS,2024-04-29,2024-06-14,1989.67,1990,2050,2016.82,2234.41,0.4581,76.4,26.82,1.348,80676792566844258567787571541040948755209241926661502855466002960523198464,33.18,2.677033366814477e+75,123.73,True,1,1,1,0,1,2,1.1085574272662342e+77
ASTRAL.NS,2024-04-30,2024-06-18,2108.01,2110,2170,2136.61,2246.45,0.2029,65.1,26.61,1.262,8928460929137494051071323130818837234735304276638419625245614693960978006016,33.39,2.981539864675689e+77,125.51,True,1,1,1,1,1,3,1.2175837450501604e+79
APARINDS.NS,2024-04-30,2024-06-18,7785.87,7785,8020,7890.75,8389.02,0.3345,66.0,105.75,1.358,524933829816598321144385474293715877862827667262165098813716946681088442368,129.25,6.78452692578559e+76,122.21,True,1,1,1,0,1,2,2.8435543067100915e+78
ASHOKLEY.NS,2024-04-30,2024-06-18,91.6,90,95,92.35,113.75,0.2839,69.9,2.35,2.566,155590612065031322067687914178640596663878539516783064096850514297671489945600,2.65,4.123212148067692e+77,112.77,True,1,1,1,1,1,3,1.8693913490726136e+79
AMRUTANJAN.NS,2024-05-02,2024-06-19,773.57,775,795,783.91,749.14,0.5252,72.7,8.91,1.152,127473381045230239964471913496564073722936159981872456784478304994051751936,-8.91,-1.1357423451852296e+75,-100.0,False,1,1,1,1,1,3,5.565137491407625e+76
APARINDS.NS,2024-05-02,2024-06-19,7914.02,7915,8150,8020.76,8280.78,0.3341,72.9,105.76,1.336,537739378438320169763105188671810016801797212165691219537068388550870827008,129.24,6.949766779880341e+76,122.2,True,1,1,1,0,1,2,2.913051974508895e+78
ARROWGREEN.NS,2024-05-02,2024-06-19,480.13,480,495,486.71,555.56,0.4289,70.4,6.71,1.398,10982340822584347043955002441847892622874766509955387945637590326489775079424,8.29,9.101273491391279e+76,123.45,True,1,1,1,1,1,3,3.7771316061565335e+78
ASAL.NS,2024-05-02,2024-06-19,886.5,885,915,897.85,1023.8,0.8437,63.4,12.85,1.45,8707710056898755978465625441303068967914999488125369519177588285108998111232,17.15,1.4933640021377245e+77,133.46,True,1,1,1,0,1,2,5.7440814748732835e+78
ABREL.NS,2024-05-02,2024-06-19,1999.77,2000,2060,2026.96,2278.25,0.3635,68.6,26.96,1.348,82223509948711947782896188232465445139412447000644953009369675594425434112,33.04,2.716295742390248e+75,122.51,True,1,1,1,0,1,2,1.1357203846901367e+77
ASHOKLEY.NS,2024-05-02,2024-06-19,95.73,95,100,97.19,111.26,0.3102,77.3,2.19,2.289,170605987714309779363683226593929975487217749030665124263359573723734605824000,2.81,4.791516687570262e+77,128.16,True,1,1,1,1,1,3,1.917306515948316e+79
ARVIND.NS,2024-05-03,2024-06-20,325.76,325,335,329.56,359.5,0.3675,68.6,4.56,1.399,28524599264977359285592041799174708654309485241543495180194292557263488942080,5.44,1.552667877083947e+77,119.46,True,1,1,1,1,1,3,6.654227034777339e+78
ASHOKLEY.NS,2024-05-03,2024-06-20,96.19,95,100,97.28,112.62,0.3103,76.6,2.28,2.366,168514161703930855883117595133040756327093227317670247603507103183889145790464,2.72,4.5910950532999103e+77,119.73,True,1,1,1,0,1,2,1.963217466481315e+79
ARROWGREEN.NS,2024-05-03,2024-06-20,550.71,550,565,556.68,563.29,0.6222,83.5,6.68,1.213,11309008495872746210800828677622399367202758433344838232421527574906016890880,6.61,7.477316921687811e+76,98.98,True,1,1,0,1,1,2,3.851904775373411e+78
AJANTPHARM.NS,2024-05-03,2024-06-20,2336.19,2335,2405,2366.62,2294.1,0.3288,80.6,31.62,1.354,39991789546275309919727575305422755139416144427957316343302310645125349376,-31.62,-1.2645698566410238e+75,-100.0,False,1,1,0,1,1,2,6.196392297541017e+76
ANUP.NS,2024-05-03,2024-06-20,1804.21,1805,1860,1829.58,1896.33,0.4223,67.0,24.58,1.362,663690630232137977871523218635521436141569095182075482713418075220884848640,30.42,2.0191736391229016e+76,123.79,True,1,1,1,0,1,2,8.357541499681576e+77
ABB.NS,2024-05-06,2024-06-21,6847.74,6850,7055,6942.03,8287.32,0.3508,56.0,92.03,1.344,1617448043722555902258321975507652352731653825076679606298851665235673088,112.97,1.827184338653161e+74,122.75,True,1,1,1,1,1,3,7.625639188755709e+75
ASAHIINDIA.NS,2024-05-06,2024-06-21,636.73,635,655,644.13,674.23,0.3346,74.9,9.13,1.434,8041518266147695853111015777274461851087684541877901496450487553300396769280,10.87,8.739353004616494e+76,119.01,True,1,1,1,1,1,3,3.759235293885614e+78
AJANTPHARM.NS,2024-05-06,2024-06-21,2366.28,2365,2435,2396.67,2298.95,0.3289,87.0,31.67,1.338,39128621729876177216291302379216926365520780028258546784903970949068488704,-31.67,-1.2392784595082034e+75,-100.0,False,1,1,0,1,1,2,6.072464451590196e+76
ANUP.NS,2024-05-06,2024-06-21,2027.64,2030,2090,2056.47,1876.67,0.5719,78.3,26.47,1.305,631485384027413998322104365028914604720068360612314795018365312462479163392,-26.47,-1.6715082999363153e+76,-100.0,False,1,1,1,1,1,3,8.190390669687944e+77
ANTELOPUS.NS,2024-05-07,2024-06-24,708.1,710,730,718.62,690.15,0.7544,71.4,8.62,1.217,1523665118931936002760850885844780857971881061130956524719828578402987671552,-8.62,-1.3135140197678852e+76,-100.0,False,1,1,1,1,1,3,6.436218696862637e+77
ALLDIGI.NS,2024-05-07,2024-06-24,864.17,865,890,876.08,1035.03,0.5496,91.7,11.08,1.282,194122026770498877721554224796531004288736380922064065739400192457443377152,13.92,2.702435035871696e+75,125.66,True,1,1,0,1,1,2,1.1023321670541047e+77
ARVIND.NS,2024-05-07,2024-06-24,351.59,350,360,354.62,345.98,0.4364,73.2,4.62,1.313,28828046500770122859960055075453964182174382609034561038199340570526760304640,-4.62,-1.3308454069554678e+77,-100.0,False,1,1,1,1,1,3,6.521142494081793e+78
ABB.NS,2024-05-08,2024-06-25,7090.85,7090,7305,7186.65,8287.56,0.3716,65.3,96.65,1.363,1577978128590429859552796466789040650165140791937459625686503715896295424,118.35,1.8675251387182823e+74,122.45,True,1,1,1,0,1,2,7.812391702627537e+75
ALLDIGI.NS,2024-05-08,2024-06-25,907.21,905,935,918.36,1019.96,0.5596,92.5,13.36,1.473,165006880830506421991722930160103598160613290404379834080331663294949490688,16.64,2.745542090806983e+75,124.53,True,1,1,0,1,1,2,1.1297875879621744e+77
AJOONI.NS,2024-05-08,2024-06-25,6.9,5,10,6.94,5.04,0.4802,87.6,1.94,28.138,1182153042242991300806559405620314561003127668730178797924552208537522012160,-1.9,-2.247858530030536e+75,-97.94,False,1,1,0,1,1,2,1.1250937180120424e+77
ARVIND.NS,2024-05-08,2024-06-25,354.67,355,365,359.48,349.25,0.4364,76.8,4.48,1.263,29104620688049433701384221512968237090212160182086455215744345515872388907008,-4.48,-1.3042284988163587e+77,-100.0,False,1,1,1,1,1,3,6.390719644200157e+78
ARTEMISMED.NS,2024-05-09,2024-06-26,189.23,190,195,192.19,177.49,0.2544,59.6,2.19,1.158,48825314033984288694030429415579027173774779838583243662967527715370354868224,-2.19,-1.0702602781791538e+77,-100.0,False,1,1,1,1,1,3,5.244275363077854e+78
ASTRAL.NS,2024-05-10,2024-06-27,2148.37,2150,2215,2178.95,2406.23,0.2685,74.0,28.95,1.347,8412723142239689737396950114732410641314547718563464424301356282345955524608,36.05,3.0331025523554775e+77,124.55,True,1,1,1,1,1,3,1.2479147705737152e+79
ANANTRAJ.NS,2024-05-10,2024-06-27,367.82,370,380,374.29,436.29,0.2551,69.1,4.29,1.166,2004705709374950133696643262747992040399556065863572738598345971792447799296,5.71,1.1446628859426478e+76,133.09,True,1,1,1,0,1,2,4.4146804057557767e+77
ARVIND.NS,2024-05-13,2024-06-28,361.41,360,370,364.59,361.41,0.467,76.3,4.59,1.271,27833780641448046154643889252232896764681817985507554664484981832504404082688,-3.18,-8.863321613693057e+76,-69.35,False,1,1,1,0,1,2,6.302086428063226e+78
ASTRAL.NS,2024-05-13,2024-06-28,2204.99,2205,2270,2234.27,2369.46,0.2789,76.1,29.27,1.327,8527269433347385408144457107589424806410162922188343129388221088997216092160,35.73,3.04689559052837e+77,122.08,True,1,1,1,1,1,3,1.2783837264789989e+79
ABB.NS,2024-05-13,2024-06-28,7877.71,7880,8115,7984.47,8377.6,0.526,80.1,104.47,1.326,1495562358828571605329350142188497846789736561249391983346589898782015488,130.53,1.9520932027216358e+74,124.94,True,1,1,0,1,1,2,8.0076010228997e+75
ANANTRAJ.NS,2024-05-13,2024-06-28,371.81,370,385,376.71,428.56,0.2563,65.9,6.71,1.805,1315398297023644469662558434215615787777602799961528574762151444695218126848,8.29,1.0901613643843112e+76,123.47,True,1,1,1,1,1,3,4.5236965421942076e+77
ANANTRAJ.NS,2024-05-14,2024-07-01,373.01,375,385,379.3,442.47,0.2394,61.6,4.3,1.154,2102142068138849483139965258856774262302624891915243998358897260399033319424,5.7,1.197402759700008e+76,132.35,True,1,1,1,0,1,2,4.643436818164208e+77
AFSL.NS,2024-05-14,2024-07-01,446.95,445,460,451.86,496.0,0.3803,62.9,6.86,1.534,140796887592206581507043331354211669366458920468638870262703629196616269824,8.14,1.1466682494973067e+75,118.79,True,1,1,1,1,1,3,4.9410921468786906e+76
AARTIPHARM.NS,2024-05-14,2024-07-01,611.99,610,630,618.82,628.97,0.6805,77.3,8.82,1.44,15030527977540014855067914877625885578795810255503823949575123157064351744,10.16,1.527041798293621e+74,115.25,True,1,1,1,1,1,3,6.777690259239875e+75
APARINDS.NS,2024-05-14,2024-07-01,8204.9,8205,8450,8315.03,8379.28,0.4082,64.0,110.03,1.341,529488581100352816851674581799437816334799776970584854311701663947992072192,64.25,3.40204435207954e+76,58.39,True,1,1,1,1,1,3,2.9470724180296904e+78
ASHOKLEY.NS,2024-05-14,2024-07-01,97.26,95,100,97.44,113.53,0.3622,77.8,2.44,2.511,160800222478527960378281284019032610589552084884069741859720870215472809771008,2.56,4.113576190963768e+77,104.77,True,1,1,1,0,1,2,2.0043532283909526e+79
ABREL.NS,2024-05-15,2024-07-02,2037.88,2040,2100,2066.8,2375.76,0.4218,65.4,26.8,1.315,84761413085963762597108911928465328151418460133255872271493139540314423296,33.2,2.8142440157775527e+75,123.9,True,1,1,1,1,1,3,1.1638628248479123e+77
ASALCBR.NS,2024-05-15,2024-07-02,604.52,605,625,613.82,666.1,0.5024,64.0,8.82,1.459,13080992173381074935882160523299027935510629684525153277846648135101836165120,11.18,1.4627406200801479e+77,126.81,True,1,1,1,1,1,3,5.91356313498835e+78
ANANTRAJ.NS,2024-05-15,2024-07-02,380.84,380,390,384.66,480.32,0.2301,63.9,4.66,1.224,1991462658974212565819045720862074453752665083052447771574846544278303277056,5.34,1.062775295341371e+76,114.44,True,1,1,1,0,1,2,4.749714347698346e+77
AFSL.NS,2024-05-15,2024-07-02,448.9,450,460,454.54,495.7,0.3713,66.0,4.54,1.011,217785795089816971354773630659948261471633101547432630383815768418902081536,5.46,1.1896395215224315e+75,120.38,True,1,1,1,1,1,3,5.060056099030934e+76
ASTRAMICRO.NS,2024-05-16,2024-07-03,750.45,750,775,761.13,944.23,0.4464,59.3,11.13,1.484,27206129608927454847992580908122473828936253095065212104438101169007694446592,13.87,3.772573307372782e+77,124.55,True,1,1,1,1,1,3,1.552205280503269e+79
ABB.NS,2024-05-16,2024-07-03,8194.33,8195,8440,8304.16,8502.85,0.5106,88.8,109.16,1.332,1467097508800699207954204150808839229640416323756203519176333970867486720,135.84,1.9928686919817728e+74,124.44,True,1,1,0,1,1,2,8.206887892097877e+75
ASTRAL.NS,2024-05-16,2024-07-03,2262.22,2260,2330,2291.59,2388.67,0.28,76.4,31.59,1.397,8092716051918703120937004553119175911230632936347770648866356148384085049344,38.41,3.1081337833850945e+77,121.56,True,1,1,1,0,1,2,1.3094650643128497e+79
ASHOKLEY.NS,2024-05-16,2024-07-03,98.25,100,105,101.84,109.1,0.3644,74.5,1.84,1.873,217850345654647850777087544884959746817038726307680912654229082191036642492416,3.16,6.883810825950487e+77,171.72,True,1,1,1,0,1,2,2.0731913366504574e+79
ABREL.NS,2024-05-16,2024-07-03,2073.66,2075,2135,2101.9,2339.49,0.4224,64.0,26.9,1.297,86540156860411928341905914542142733248509810866422519016460181687463051264,33.1,2.8646837619288913e+75,123.07,True,1,1,1,0,1,2,1.192509662467201e+77
ARVIND.NS,2024-05-17,2024-07-04,370.83,370,380,374.55,376.64,0.4903,77.8,4.55,1.227,27710070865622228532686772860188489060461501439115761165555321793132000968704,2.09,5.804572311922977e+76,46.05,True,1,1,1,0,1,2,6.360132151182456e+78
ASTRAL.NS,2024-05-17,2024-07-04,2292.03,2290,2360,2321.62,2358.26,0.2797,76.4,31.62,1.38,8282198917414509359455482216290072400791380935682482012570028285159591116800,36.64,3.034600762270936e+77,115.87,True,1,1,1,1,1,3,1.339811071935559e+79
ABREL.NS,2024-05-17,2024-07-04,2154.61,2155,2220,2184.09,2311.23,0.4344,64.5,29.09,1.35,81976183711603195633362512644642108301253373649595502596731854752709607424,35.91,2.9434326163198052e+75,123.41,True,1,1,1,0,1,2,1.2219439886303992e+77
ARTEMISMED.NS,2024-05-17,2024-07-04,190.62,190,195,192.33,182.8,0.357,56.9,2.33,1.221,45045958189698792003235933739340788660958963288434721998303442779316399636480,-2.33,-1.0488550726155707e+77,-100.0,False,1,1,1,1,1,3,5.1393898558162965e+78
ASHOKLEY.NS,2024-05-17,2024-07-04,98.82,100,105,101.89,107.98,0.3226,71.6,1.89,1.908,219892978576353590564994810198950723796886545473508633506637499389336839258112,3.11,6.848266255516765e+77,165.16,True,1,1,1,0,1,2,2.1416739992056252e+79
ANANTRAJ.NS,2024-05-17,2024-07-04,384.53,385,395,389.51,489.3,0.2512,65.4,4.51,1.174,2103997271232946339756190866620431406509516015582058200728080633262436777984,5.49,1.154054401693277e+76,121.49,True,1,1,1,0,1,2,4.865119787867673e+77
ANANTRAJ.NS,2024-05-21,2024-07-05,386.87,385,400,391.75,513.19,0.2477,64.8,6.75,1.746,1440566850021640289718546000898145471400065741391678287648115482770200854528,8.25,1.1878263174589257e+76,122.08,True,1,1,1,0,1,2,4.983902419613566e+77
ADANIPOWER.NS,2024-05-21,2024-07-05,136.01,135,140,137.3,141.78,0.4037,71.8,2.3,1.692,934754064964026809143413356286110642014194312750928940668689426640464248832,2.7,2.5228373471810552e+75,117.29,True,1,1,1,1,1,3,1.1006948622913499e+77
ALEMBICLTD.NS,2024-05-21,2024-07-05,101.98,100,105,102.31,115.78,0.5682,67.9,2.31,2.269,950322512560536841053328343018458763628796798854852136389540537298417876992,2.69,2.5530275793964223e+75,116.12,True,1,1,1,1,1,3,1.1248227674970952e+77
ABFRL.NS,2024-05-21,2024-07-05,281.4,280,290,284.52,327.65,0.4757,59.2,4.52,1.607,62411541206517336496798634115771152795770517818824189220969441824604160000,5.48,3.4194023251545257e+74,121.18,True,1,1,1,1,1,3,1.4450699210001491e+76
ABREL.NS,2024-05-21,2024-07-05,2158.39,2160,2225,2189.01,2269.39,0.4317,64.6,29.01,1.344,84243830848209706827466772325371158890306164537104518601915652300523700224,35.99,3.031961027872833e+75,124.06,True,1,1,1,0,1,2,1.2522635989091274e+77
ASTRAMICRO.NS,2024-05-21,2024-07-05,758.91,760,780,768.97,949.41,0.451,64.5,8.97,1.182,34595524587907662129434420920946045088826192170822947781459638915145993814016,11.03,3.814694356574995e+77,122.88,True,1,1,1,0,1,2,1.5903522240690187e+79
ASHOKLEY.NS,2024-05-21,2024-07-05,100.49,100,105,102.17,109.15,0.32,73.2,2.17,2.156,197705354999013567918102065413208322044159412822768033651946223475081460318208,2.83,5.601919751539428e+77,130.78,True,1,1,1,0,1,2,2.1976931967210194e+79
ASHIMASYN.NS,2024-05-22,2024-07-08,25.4,25,30,26.75,45.67,0.8431,63.2,1.75,6.883,140319516739079355438593298481990896998609609466949669682197339046044766306304,3.25,4.5628606959851003e+77,186.0,True,1,1,1,1,1,3,1.2721861774442848e+79
AHLUCONT.NS,2024-05-22,2024-07-08,1261.54,1260,1300,1278.05,1494.14,0.3243,75.2,18.05,1.431,56443744971843415162781478066237665152708554879850878038012395876717166592,21.95,1.239036333730103e+75,121.63,True,1,1,1,0,1,2,5.217470959091177e+76
ASTRAMICRO.NS,2024-05-22,2024-07-08,773.19,775,795,783.94,937.61,0.4512,67.3,8.94,1.156,35573023168673122012047004149212735093295399467492632515539418733763226501120,11.06,3.933900185596587e+77,123.68,True,1,1,1,0,1,2,1.6296912259249845e+79
ANANTRAJ.NS,2024-05-22,2024-07-08,386.97,385,400,391.76,542.86,0.2299,69.7,6.76,1.747,1474721018853135136576907641426596154318470944638155332709330123014803554304,8.24,1.2153010443569894e+76,121.92,True,1,1,1,0,1,2,5.105432524049266e+77
ALICON.NS,2024-05-22,2024-07-08,1050.5,1050,1080,1063.44,1297.6,0.5141,68.9,13.44,1.28,172488093600994298967460924408867977061253696220594575329294476598178742272,16.56,2.8561670465979933e+75,123.19,True,1,1,1,1,1,3,1.1877995511818977e+77
ABFRL.NS,2024-05-22,2024-07-08,282.5,280,290,284.62,322.25,0.4632,65.5,4.62,1.636,62541132863732759574744242412315944755867366252624250328581210040428396544,5.38,3.3639734443729775e+74,116.39,True,1,1,1,0,1,2,1.478709655443879e+76
ADANIPOWER.NS,2024-05-22,2024-07-08,138.29,140,145,142.04,139.61,0.4051,71.1,2.04,1.475,1079565919147661327750044714622377759901896200467379157311968511051645845504,-2.04,-2.2013897245827e+75,-100.0,False,1,1,1,1,1,3,1.078680965045523e+77
AHLUCONT.NS,2024-05-23,2024-07-09,1283.41,1285,1320,1300.76,1422.22,0.317,76.8,15.76,1.228,66208129274291659195925447812090521520262240536066259091641735811323396096,19.24,1.2737903327819727e+75,122.07,True,1,1,1,0,1,2,5.3448499923693745e+76
ASHOKLEY.NS,2024-05-23,2024-07-09,100.96,100,105,102.25,108.54,0.3332,61.6,2.25,2.227,195492875158836948449165402554627362227658974933624613083483652002719014584320,2.75,5.379257364499809e+77,122.38,True,1,1,1,0,1,2,2.2514857703660176e+79
ASHIMASYN.NS,2024-05-23,2024-07-09,25.65,25,30,26.77,45.49,0.6539,64.8,1.77,6.895,143862334579839814782795401934787097104551942823892295647528459479331310141440,3.23,4.648744374103421e+77,182.71,True,1,1,1,1,1,3,1.318673621185319e+79
ADANIENT.NS,2024-05-23,2024-07-09,3382.79,3385,3485,3429.74,3107.82,0.4237,68.1,44.74,1.323,59311668540240208681508378868085428107235973960997583569697508210845417472,-44.74,-2.6538175159593754e+75,-100.0,False,1,1,1,1,1,3,1.300370582820094e+77
ADANIPORTS.NS,2024-05-23,2024-07-09,1424.22,1425,1465,1443.05,1464.67,0.2951,66.0,18.05,1.267,124706164354019034732122483997571800537778308127063197598713507832762728448,21.63,2.6968259334382465e+75,119.84,True,1,1,1,1,1,3,1.152188528765402e+77
ADANIPOWER.NS,2024-05-23,2024-07-09,142.27,140,145,142.43,144.99,0.4119,75.4,2.43,1.705,889509206865611961614245044630972286576742678991789341189812530584915804160,2.56,2.281293898388366e+75,105.74,True,1,1,1,1,1,3,1.1014939040294067e+77
AMBUJACEM.NS,2024-05-23,2024-07-09,639.04,640,660,648.81,671.85,0.2701,58.3,8.81,1.378,180444518350424687246501659496672039682012781066348626182908607223543365632,11.19,2.019843667222691e+75,127.11,True,1,1,1,1,1,3,8.147217865651283e+76
ABFRL.NS,2024-05-24,2024-07-10,290.05,290,300,294.44,325.55,0.3604,77.7,4.44,1.529,66673158603497390004799969880336968123656757212692845209236593384196407296,5.56,3.709896549461981e+74,125.44,True,1,1,1,1,1,3,1.5158086209384988e+76
ARE&M.NS,2024-05-24,2024-07-10,1187.92,1190,1225,1205.57,1653.75,0.4104,61.9,15.57,1.311,6349203179346439893872863403726965048982581908252594037090300298603022778368,19.43,1.2335050848145126e+77,124.76,True,1,1,1,1,1,3,5.066930648265158e+78
ARROWGREEN.NS,2024-05-24,2024-07-10,566.46,565,585,573.75,566.71,0.6801,53.9,8.75,1.545,8802448645991582762740316068314404531910651903878719173671481236466249498624,-7.04,-6.199055023910079e+76,-80.47,False,1,1,0,1,1,2,3.789914225134311e+78
AEGISLOG.NS,2024-05-24,2024-07-10,697.36,695,720,705.89,894.98,0.7325,67.4,10.89,1.562,136253369458931017673284311350747500984587127403278574207115983636232404992,14.11,1.922519621088023e+75,129.57,True,1,1,1,1,1,3,7.611325039035063e+76
ASTRAMICRO.NS,2024-05-24,2024-07-10,796.44,795,820,806.25,906.25,0.4649,74.3,11.25,1.412,28974320147340709233643806805007829186516888080449010823831504982007047258112,13.75,3.984197584985208e+77,122.24,True,1,1,1,1,1,3,1.6695332017748367e+79
ALICON.NS,2024-05-24,2024-07-10,1103.51,1105,1135,1118.29,1254.96,0.5763,74.8,13.29,1.204,178797733842151027672252984111469319008865967022651702199533726696558559232,16.71,2.988332912900735e+75,125.79,True,1,1,1,1,1,3,1.2176828803109052e+77
ABREL.NS,2024-05-24,2024-07-10,2214.71,2215,2280,2244.17,2176.1,0.4316,70.3,29.17,1.317,85845664729229490283662427441931666509493487889550861687674032138869538816,-29.17,-2.504527197818255e+75,-100.0,False,1,1,1,0,1,2,1.2272183269309448e+77
ARE&M.NS,2024-05-27,2024-07-11,1199.11,1200,1235,1215.69,1620.42,0.3975,64.2,15.69,1.308,6459331494553680371717111727372045818079969931736900407780857665057070252032,19.31,1.2473798934407565e+77,123.09,True,1,1,1,1,1,3,5.191668637609233e+78
ASHIMASYN.NS,2024-05-27,2024-07-11,28.55,30,35,31.48,43.62,0.9264,71.2,1.48,5.188,178064796941830913776053487699407531554072641114014097121638073958123142381568,3.52,6.265892604720908e+77,237.58,True,1,1,1,1,1,3,1.381332547232528e+79
ASHOKLEY.NS,2024-05-27,2024-07-11,107.79,110,115,111.87,107.9,0.4064,70.6,1.87,1.735,240779053008943322773614887000488638755930690382296070624191614809663550259200,-1.87,-4.5029715407320347e+77,-100.0,False,1,1,1,1,1,3,2.2064560549586973e+79
ASTRAMICRO.NS,2024-05-27,2024-07-11,873.54,875,900,886.04,916.1,0.5571,85.2,11.04,1.264,30236033020918217955887270047408243091259373479965522809331436978603298914304,13.96,4.219941851679881e+77,126.38,True,1,1,0,1,1,2,1.7117326202916356e+79
ASAL.NS,2024-05-27,2024-07-11,896.55,895,925,908.34,1016.55,0.5341,62.7,13.34,1.488,8611274220544635281478600045479392302155872765521937890176693919506136825856,16.66,1.434565971188734e+77,124.87,True,1,1,1,1,1,3,5.887538071992157e+78
AEGISLOG.NS,2024-05-27,2024-07-11,731.14,730,755,740.84,866.78,0.7429,78.1,10.84,1.482,140451835288569081563269432861245145916496382505829453667891438348278956032,14.16,1.9890308744072142e+75,130.66,True,1,1,1,1,1,3,7.810228126475784e+76
ASHOKLEY.NS,2024-05-28,2024-07-12,107.86,110,115,111.87,106.63,0.3942,79.2,1.87,1.733,236084430275234127580087430900775275361437296498894141969267962674125989740544,-1.87,-4.4129121099173943e+77,-100.0,False,1,1,1,0,1,2,2.1623269338595234e+79
AEGISLOG.NS,2024-05-28,2024-07-12,740.86,740,765,750.86,832.53,0.7223,79.9,10.86,1.466,143845941028966079264306421961044514777246342028250162820590274461680271360,14.14,2.034102900428995e+75,130.22,True,1,1,1,1,1,3,8.013638416518684e+76
ARE&M.NS,2024-05-28,2024-07-12,1224.73,1225,1260,1240.77,1586.06,0.4016,69.6,15.77,1.287,6586281037294438688200843711486213374297494526440889888571290420461847969792,19.23,1.2668646355312067e+77,122.01,True,1,1,1,1,1,3,5.318355101162354e+78
ASHIMASYN.NS,2024-05-28,2024-07-12,33.2,35,40,36.55,41.43,1.0469,79.9,1.55,4.67,178202439259846446177789039193980959836500886187678474208690917799458458566656,3.45,6.147456868527267e+77,222.52,True,1,1,1,1,1,3,1.4428071159178007e+79
ARROWGREEN.NS,2024-05-29,2024-07-15,589.1,590,605,596.41,555.66,0.8821,63.3,6.41,1.088,11826798192328930838105916753603074748791645995091879410394177664512501481472,-6.41,-7.579828450268622e+76,-100.0,False,1,1,1,1,1,3,3.7141159406316245e+78
ASHIMASYN.NS,2024-05-29,2024-07-15,34.2,35,40,36.69,43.5,1.0467,79.8,1.69,4.953,170350187713082991446502268952880924967930107440019935139634168237147427962880,3.31,5.631895153818549e+77,195.17,True,1,1,1,1,1,3,1.4991260674559862e+79
ABFRL.NS,2024-05-29,2024-07-15,299.3,300,310,304.38,328.05,0.3924,80.4,4.38,1.464,69207241474948034733794817241169964421101415482051912289690276987475591168,5.62,3.889106905617806e+74,128.28,True,1,1,0,1,1,2,1.5546996899946767e+76
ALLDIGI.NS,2024-05-29,2024-07-15,991.09,990,1020,1003.29,1039.46,0.6112,62.6,13.29,1.341,170064769424014314794545326981845404847235267988998338516666897520268410880,16.71,2.8423679067960805e+75,125.79,True,1,1,1,0,1,2,1.1582112670301352e+77
AHLUCONT.NS,2024-05-29,2024-07-15,1359.68,1360,1400,1378.01,1445.49,0.3372,95.6,18.01,1.324,59370424540398706526012152575928996513666406050769933062414465364784054272,21.99,1.3058469831420734e+75,122.16,True,1,1,0,1,1,2,5.475434690683582e+76
ASAHISONG.NS,2024-05-29,2024-07-15,382.64,385,395,389.38,420.17,0.4347,57.9,4.38,1.144,17983046898068916357980068595032459839065432036471513955916275468791739056128,5.62,1.0114277931573486e+77,128.54,True,1,1,1,1,1,3,4.03552726256345e+78
ATLANTAA.NS,2024-05-31,2024-07-18,37.8,40,45,41.33,41.33,0.5949,78.3,1.33,3.528,345323074906621409176186171857345449660649871535872990904887446222776458805248,-0.0,-1.2394488431730418e+75,-0.27,False,1,1,1,1,1,3,2.3024749089877552e+79
ADANIPOWER.NS,2024-05-31,2024-07-18,151.16,150,155,152.3,139.9,0.5057,81.4,2.3,1.519,959352600843634641708178245867585477336152610222124715240062800146859032576,-2.3,-2.202987808058814e+75,-100.0,False,1,1,0,1,1,2,1.0794640259488185e+77
ANANDRATHI.NS,2024-05-31,2024-07-18,1036.41,1035,1070,1050.24,956.76,0.1649,88.1,15.24,1.47,131044410931135654595802399777531592032077782003916482636760139197759619072,-15.24,-1.9970754712836325e+75,-100.0,False,1,1,0,1,1,2,9.7856698092898e+76
ADANIENT.NS,2024-05-31,2024-07-18,3406.8,3405,3510,3451.89,3089.29,0.4928,79.4,46.89,1.376,55461990593487059051006814954150935612180590177420386049327292327336607744,-46.89,-2.6007411656401877e+75,-100.0,False,1,1,1,1,1,3,1.274363171163692e+77
ABSLAMC.NS,2024-06-03,2024-07-19,548.74,550,565,556.68,645.73,0.4483,62.7,6.68,1.218,397010896079359355186012646892080837899931765277615194480849911902791270400,8.32,3.3023720303187434e+75,124.49,True,1,1,1,1,1,3,1.3594194257390107e+77
ADANIENSOL.NS,2024-06-03,2024-07-19,1221.95,1220,1260,1237.99,1010.7,0.4049,92.2,17.99,1.472,203230930425312717881516731880606038654646751763386516737637530739354370048,-17.99,-3.65565407632347e+75,-100.0,False,1,1,0,1,1,2,1.7912704973985003e+77
ASHOKA.NS,2024-06-03,2024-07-19,195.05,195,200,197.27,220.81,0.451,73.7,2.27,1.163,136601976092918625998753341862480131686394025807310655562902064459779097493504,2.73,3.7312859805460426e+77,120.41,True,1,1,1,1,1,3,1.586719271855405e+79
ASHOKLEY.NS,2024-06-03,2024-07-19,112.45,110,115,112.44,106.48,0.4158,77.6,2.44,2.169,177310871734033053574930602454436069947313058249142701454608202148248599658496,-2.44,-4.324653867719047e+77,-100.0,False,1,1,1,0,1,2,2.1190803951823328e+79
ADANIENT.NS,2024-06-03,2024-07-19,3640.39,3640,3750,3688.93,3002.87,0.5302,82.0,48.93,1.344,52087846414915646468820604123293082408524025308688865061050004533938225152,-48.93,-2.548726342327384e+75,-100.0,False,1,1,0,1,1,2,1.2488759077404183e+77
ABB.NS,2024-06-03,2024-07-19,8611.53,8610,8870,8726.27,7518.81,0.4743,75.4,116.27,1.35,1411714090154696748846436311428136666098169777471348065789225324307808256,-116.27,-1.6413775784195754e+74,-100.0,False,1,1,1,0,1,2,8.04275013425592e+75
ADANIPORTS.NS,2024-06-03,2024-07-19,1562.96,1565,1610,1585.04,1456.05,0.4763,78.9,20.04,1.282,114999330829127784564392594290885740533828111799194985975265916930303721472,-20.04,-2.304377057530804e+75,-100.0,False,1,1,1,1,1,3,1.129144758190094e+77
ANANTRAJ.NS,2024-06-03,2024-07-19,397.84,400,410,404.37,480.12,0.277,67.1,4.37,1.099,2334952256064719078804302929338809807345442850042611797032140476093028106240,5.63,1.3138657512548659e+76,128.67,True,1,1,1,0,1,2,5.236819099174753e+77
ATLANTAA.NS,2024-06-03,2024-07-19,37.95,40,45,41.35,40.93,0.5769,80.0,1.35,3.544,342373889216656082549163267601707028821352872380837216092573751605107496058880,-0.42,-1.4208716034184177e+77,-30.86,False,1,1,1,1,1,3,2.288266192953571e+79
ADANIPOWER.NS,2024-06-03,2024-07-19,174.9,175,180,177.19,138.9,0.6919,89.6,2.19,1.25,987484906254239147684038128986818917674119637406218302044953633477227446272,-2.19,-2.1589280518976367e+75,-100.0,False,1,1,0,1,1,2,1.0578747454298421e+77
AMBUJACEM.NS,2024-06-03,2024-07-19,663.06,665,685,673.81,672.1,0.3439,79.9,8.81,1.328,185025430816470827200194641998994347805202389056051133849878516474119716864,-1.71,-3.156320148827844e+74,-19.37,False,1,1,1,1,1,3,8.115654664163004e+76
ADANIGREEN.NS,2024-06-03,2024-07-19,2038.0,2040,2100,2066.85,1723.3,0.3722,85.5,26.85,1.318,80746848135105204298284903515219167301509832785415159139608218021547474944,-26.85,-2.1683621267322642e+75,-100.0,False,1,1,0,1,1,2,1.0624974420988095e+77
A2ZINFRA.NS,2024-06-04,2024-07-22,20.05,20,25,21.26,18.62,0.4811,84.8,1.26,6.301,258193363713997353328056127914569334853860049893393788924959405803978096640,-1.26,-3.261874352625378e+74,-100.0,False,1,1,0,1,1,2,1.598318432786435e+76
ABFRL.NS,2024-06-05,2024-07-23,305.0,305,315,309.34,314.4,0.7131,65.7,4.34,1.422,71678590393806906655067337362940039257381193996861881643393155216250503168,5.06,3.6283837421145313e+74,116.69,True,1,1,1,1,1,3,1.5909835274158222e+76
ABFRL.NS,2024-06-06,2024-07-24,322.2,320,330,324.45,322.2,0.7299,69.6,4.45,1.38,71577619412912969918691077837960376752974889523475149265653731136125272064,-2.25,-1.6072506902451892e+74,-50.51,False,1,1,1,1,1,3,1.5749110205133704e+76
ARE&M.NS,2024-06-06,2024-07-24,1254.03,1255,1290,1270.27,1549.82,0.7142,62.2,15.27,1.218,6966085466774570521278553506882537098632342062417618329155381652007130497024,19.73,1.3744588931386288e+77,129.22,True,1,1,1,1,1,3,5.455800990476217e+78
AEGISLOG.NS,2024-06-06,2024-07-24,776.8,775,800,785.94,861.17,0.7198,75.6,10.94,1.408,146557355783795743917442123830108262473190346142691183858910200628019986432,14.06,2.061206211291157e+75,128.61,True,1,1,1,1,1,3,8.219759037647799e+76
ABSLAMC.NS,2024-06-06,2024-07-24,558.52,560,575,566.57,671.13,0.6329,59.1,6.57,1.177,413633121191707507981688256767448403563094251241062740074246421643815550976,8.43,3.485657966397591e+75,128.2,True,1,1,1,0,1,2,1.3942760054029865e+77
ASHIMASYN.NS,2024-06-07,2024-07-25,34.4,35,40,36.72,45.35,1.1369,68.8,1.72,5.011,173933264839876254635562635658675148005042982129578293032223669196595352567808,3.28,5.698411107081841e+77,190.06,True,1,1,1,0,1,2,1.5561101785268045e+79
ASHOKA.NS,2024-06-07,2024-07-25,207.6,210,215,212.11,259.93,0.7273,63.1,2.11,1.017,150315595860687894494807298904601448315966195190973174803010110591041772978176,2.89,4.342341249323585e+77,136.83,True,1,1,1,1,1,3,1.6301426843486408e+79
ABFRL.NS,2024-06-07,2024-07-25,324.2,325,335,329.31,325.65,0.7189,69.7,4.31,1.33,73045452083543937814226105561880708918615773930767164282170146562043281408,-3.66,-2.6750310608242864e+74,-84.93,False,1,1,1,0,1,2,1.5481607099051276e+76
ARROWGREEN.NS,2024-06-07,2024-07-25,599.25,600,615,606.33,644.33,0.9829,60.0,6.33,1.056,11742722416248911929507471663954219546294892199674639826788106164174164328448,8.67,1.0185851743110118e+77,137.12,True,1,1,1,0,1,2,3.815974458062726e+78
ASALCBR.NS,2024-06-07,2024-07-25,639.67,640,660,648.7,758.69,0.6937,62.6,8.7,1.361,13589903732331153507469826312164640709947317516636592089389630708631199547392,11.3,1.5352681194685605e+77,129.81,True,1,1,1,1,1,3,6.0670899469352066e+78
ARE&M.NS,2024-06-07,2024-07-25,1375.41,1375,1415,1392.38,1542.04,0.7583,67.8,17.38,1.264,6277663248213226643113399461572195603735886276107764650087499990063913107456,22.62,1.419905101190047e+77,130.13,True,1,1,1,1,1,3,5.5977915005952215e+78
ABMINTLLTD.NS,2024-06-10,2024-07-26,73.45,75,80,76.86,62.99,0.5987,64.6,1.86,2.528,770924225759873443285205475452529476385982596213409450856945677146467074048,-1.86,-1.4316324226061444e+75,-100.0,False,1,1,1,1,1,3,7.014998870770108e+76
ASHIMASYN.NS,2024-06-10,2024-07-26,37.84,40,45,41.59,46.11,1.1589,71.5,1.59,4.202,195735185559123676912589408566917788702894483268026347574489536811170283913216,3.41,6.674538920902575e+77,214.46,True,1,1,1,0,1,2,1.6228555677358303e+79
ABSLAMC.NS,2024-06-10,2024-07-26,571.51,570,590,578.8,673.85,0.6441,65.7,8.8,1.539,317025165543350759596145759852862777343610687692978057921832378415617933312,11.2,3.551951300061042e+75,127.38,True,1,1,1,0,1,2,1.4297955184035968e+77
ASHOKA.NS,2024-06-10,2024-07-26,219.21,220,225,222.17,263.77,0.7425,66.7,2.17,0.991,150147809188014529001114001683873694594253474161794290822109561412194918203392,2.83,4.2471050907034447e+77,130.27,True,1,1,1,1,1,3,1.6726137352556753e+79
ASALCBR.NS,2024-06-10,2024-07-26,640.17,640,660,648.73,798.07,0.6938,65.1,8.73,1.363,13902998048166753444140884672931573763994967652423856729998752757493775990784,11.27,1.5671816202463092e+77,129.15,True,1,1,1,1,1,3,6.2238081089598375e+78
ALICON.NS,2024-06-11,2024-07-29,1104.32,1105,1135,1118.22,1238.42,0.649,56.1,13.22,1.197,184241231176480657811883640896076627805444873076592124138476939258303086592,16.78,3.0918711746726093e+75,126.96,True,1,1,1,0,1,2,1.2486015920576312e+77
ABSLAMC.NS,2024-06-11,2024-07-29,590.65,590,610,598.76,682.34,0.648,65.5,8.76,1.483,326481223860025599296740119149403094886710288904176592003994682249063694336,11.24,3.670033440393318e+75,128.34,True,1,1,1,1,1,3,1.46649585280753e+77
ADL.NS,2024-06-11,2024-07-29,97.85,100,105,101.92,93.02,0.6148,69.0,1.92,1.966,880512073541611153725827065301860497319362279397640944238527749017439305728,-1.92,-1.6940862179861802e+75,-100.0,False,1,1,1,1,1,3,8.301022468132283e+76
ARVIND.NS,2024-06-11,2024-07-29,370.93,370,380,374.55,370.18,0.4966,54.8,4.55,1.227,27950101722820713828622009452429237675311062665605804128515004874739660357632,-4.37,-1.2223494916275716e+77,-96.09,False,1,1,0,1,1,2,6.237897202019699e+78
ATLANTAA.NS,2024-06-11,2024-07-29,38.12,40,45,41.24,46.88,0.4693,77.7,1.24,3.247,369740718557305056479437821502334089082372861687102695907328498852675392110592,3.76,1.391050354195811e+78,303.95,True,1,1,1,0,1,2,2.4273712283731522e+79
ASAL.NS,2024-06-11,2024-07-29,959.8,960,990,972.88,1007.65,0.8118,61.8,12.88,1.342,9142361335902920257586356754162337281948636614430900684347929440990592499712,17.12,1.5652007863724448e+77,132.92,True,1,1,1,1,1,3,6.0440581506294015e+78
ASHOKLEY.NS,2024-06-11,2024-07-29,113.14,115,120,117.0,121.88,0.6745,64.2,2.0,1.77,211611674882309211634646865367219438021726501291435474420201604987707147157504,3.0,6.342422953750795e+77,149.65,True,1,1,1,0,1,2,2.1825046247198406e+79
ASHIANA.NS,2024-06-11,2024-07-29,404.35,405,415,409.49,395.29,0.4806,65.5,4.49,1.111,61417976565558738031521729179865951016735041882906773267597232243230071848960,-4.49,-2.7580799246989917e+77,-100.0,False,1,1,1,1,1,3,1.3514591631025059e+79
ANANTRAJ.NS,2024-06-11,2024-07-29,422.43,420,435,426.54,557.13,0.7856,58.8,6.54,1.549,1600941442795818288799153155639587514702417795126799206347600567547019132928,8.46,1.3540483443587768e+76,129.28,True,1,1,1,0,1,2,5.372223933610631e+77
AAVAS.NS,2024-06-11,2024-07-29,1847.7,1850,1905,1874.51,1730.4,0.425,71.5,24.51,1.326,4749614165527629459394850838174443812284170190352673621299236679205257216,-24.51,-1.164074468101064e+74,-100.0,False,1,1,1,1,1,3,5.703964893695213e+75
ABMINTLLTD.NS,2024-06-11,2024-07-29,77.11,75,80,77.3,63.39,0.6072,66.0,2.3,2.982,610209232594428356041550612938912004840081841136174545084603629380531388416,-2.3,-1.4029997741540218e+75,-100.0,False,1,1,1,1,1,3,6.874698893354705e+76
ASALCBR.NS,2024-06-12,2024-07-30,709.61,710,730,718.6,836.95,0.8276,72.7,8.6,1.212,14474004230491470684484416341558558942515962989003394489992067823045571510272,11.4,1.6500392243063268e+77,132.56,True,1,1,1,1,1,3,6.38881203139047e+78
ASHOKA.NS,2024-06-12,2024-07-30,221.37,220,230,224.33,256.93,0.7378,64.7,4.33,1.954,77325139759837799469708731397770346869009217708545504604732343217580738084864,5.67,4.387286505472429e+77,131.15,True,1,1,1,0,1,2,1.7164866003103996e+79
A2ZINFRA.NS,2024-06-12,2024-07-30,23.02,25,30,25.82,20.11,0.5181,85.9,0.82,3.544,391787923636033023208282623533875058244916507160985007386548191613841047552,-0.82,-3.1966368655728704e+74,-100.0,False,1,1,0,1,1,2,1.5663520641307063e+76
ABFRL.NS,2024-06-12,2024-07-30,328.25,330,340,334.27,340.55,0.711,67.6,4.27,1.302,72429908537054403315762991680347390527593976462539342034219404666351910912,5.73,4.146669433895185e+74,133.92,True,1,1,1,0,1,2,1.5896274042440795e+76
ALICON.NS,2024-06-12,2024-07-30,1202.98,1205,1240,1220.22,1236.5,0.6969,67.3,15.22,1.265,164074239967850563842625183418939538047446167384562165190026969843754860544,16.28,2.670614631434632e+75,106.94,True,1,1,1,1,1,3,1.2753077383719777e+77
ASAL.NS,2024-06-12,2024-07-30,976.45,975,1005,987.96,1000.5,0.811,64.6,12.96,1.327,9327066247567796907551073620689387001884970030856111764164471462461244964864,12.54,1.169590263003908e+77,96.76,True,1,1,1,1,1,3,6.161017176929792e+78
ATLANTAA.NS,2024-06-12,2024-07-30,38.88,40,45,41.4,49.22,0.4517,78.6,1.4,3.613,345583611851778524651844243616827146201086102712768751569686391829214944821248,3.6,1.2424438135842621e+78,255.92,True,1,1,1,0,1,2,2.5516156097315786e+79
ASHIANA.NS,2024-06-12,2024-07-30,409.57,410,420,414.51,394.26,0.4732,68.2,4.51,1.101,59929960222158556617217593939309774698283795634609859631451324547969916600320,-4.51,-2.7029183262050117e+77,-100.0,False,1,1,1,1,1,3,1.3244299798404558e+79
ASTRAMICRO.NS,2024-06-12,2024-07-30,883.1,885,910,895.68,902.27,0.8418,62.1,10.68,1.209,32068374423769730575800399536669501234447212298626347884291178858196135575552,6.59,2.113633625757267e+77,61.74,True,1,1,1,0,1,2,1.7328689565492082e+79
ALLDIGI.NS,2024-06-12,2024-07-30,1035.12,1035,1065,1048.35,993.16,0.556,60.7,13.35,1.29,173533127385820052750117422921375532279297612747948181269777147559680147456,-13.35,-2.3164225340602702e+75,-100.0,False,1,1,1,0,1,2,1.1350470416895325e+77
AAVAS.NS,2024-06-12,2024-07-30,1907.45,1905,1965,1932.0,1717.3,0.4255,73.8,27.0,1.415,4225357777835326816284374956448570386047987555592125968767715746150088704,-27.0,-1.1407929787390426e+74,-100.0,False,1,1,1,1,1,3,5.589885595821309e+75
ABSLAMC.NS,2024-06-12,2024-07-30,610.46,610,630,618.76,674.18,0.6542,68.3,8.76,1.435,334837835540842418003586012407503863373526912699751576510353071440910090240,11.24,3.763765005201789e+75,128.33,True,1,1,1,1,1,3,1.504133502859548e+77
ASAHISONG.NS,2024-06-12,2024-07-30,405.06,405,415,409.53,569.14,0.4849,64.2,4.53,1.118,17818507477639717845087022855519042514744133440733931401446514003182664810496,5.47,9.747452952512818e+76,120.77,True,1,1,1,1,1,3,4.133001792088578e+78
ASHOKLEY.NS,2024-06-12,2024-07-30,113.18,115,120,117.01,120.57,0.6721,62.7,2.01,1.772,217653378901373067885399276610817681945864914341418129646772179764100567400448,2.99,6.517659695628972e+77,149.32,True,1,1,1,0,1,2,2.2476812216761304e+79
APARINDS.NS,2024-06-13,2024-07-31,8410.16,8410,8660,8522.55,9119.03,0.3648,61.8,112.55,1.338,523679395664048533111401113316777347707735463741970094542745621975753818112,137.45,7.197840055541832e+76,122.12,True,1,1,1,1,1,3,3.0190508185851088e+78
ASHOKA.NS,2024-06-13,2024-07-31,222.56,225,230,227.12,255.4,0.7377,69.7,2.12,0.952,161966011147507712065853040311512650518945306677563297903204474451091781582848,2.88,4.665327356754586e+77,135.9,True,1,1,1,0,1,2,1.7631398738779455e+79
ANDHRSUGAR.NS,2024-06-13,2024-07-31,122.05,120,125,122.34,116.06,0.53,75.8,2.34,1.92,6130486907900673315108443626496341606632971387788468354200881996986958479360,-2.34,-1.4366572440285039e+76,-100.0,False,1,1,1,1,1,3,7.039620495739669e+77
ASAHISONG.NS,2024-06-13,2024-07-31,407.0,405,420,411.75,549.26,0.4849,63.0,6.75,1.659,12244135188494033407991188764269704713742206152499188084987506522123883511808,8.25,1.0100199198563893e+77,122.19,True,1,1,1,1,1,3,4.234003784074217e+78
ANTELOPUS.NS,2024-06-13,2024-07-31,755.1,755,780,765.46,764.2,0.9867,65.1,10.46,1.386,1230108159115333561776756615014656152320502981775354647923682600937349709824,-1.26,-1.5554273138954674e+75,-12.08,False,1,1,1,1,1,3,6.420664423723683e+77
ASAL.NS,2024-06-13,2024-07-31,982.05,980,1010,992.99,1000.55,0.8111,66.6,12.99,1.323,9487108024037331252130934515336038336680906093555673657983340365487049539584,7.56,7.17396105459472e+76,58.22,True,1,1,1,0,1,2,6.23275678747574e+78
ALLDIGI.NS,2024-06-13,2024-07-31,1040.81,1040,1070,1053.39,989.87,0.5554,66.2,13.39,1.287,169497422631804625628967236486145373179733846328961035785859165576348303360,-13.39,-2.270094083379065e+75,-100.0,False,1,1,1,0,1,2,1.1123461008557419e+77
AEGISLOG.NS,2024-06-13,2024-07-31,825.84,825,850,835.84,816.54,0.7781,69.2,10.84,1.313,151660210920132441579479079882365948959048129868075317231891613650947932160,-10.84,-1.6439518075295598e+75,-100.0,False,1,1,1,1,1,3,8.055363856894842e+76
ALICON.NS,2024-06-13,2024-07-31,1225.98,1225,1265,1242.44,1300.37,0.6964,63.4,17.44,1.423,146242141474557079314751003127844290217459042643885845517268177115058012160,22.56,3.2990701822383274e+75,129.34,True,1,1,1,1,1,3,1.308298440194361e+77
ABSLAMC.NS,2024-06-13,2024-07-31,620.58,620,640,628.78,674.52,0.6482,71.4,8.78,1.415,342612153743359908440915516779827874225174477335526796158449886712383406080,11.22,3.843976069148102e+75,127.78,True,1,1,1,0,1,2,1.5425732635510292e+77
ASTRAMICRO.NS,2024-06-13,2024-07-31,922.38,920,950,932.9,890.12,0.8493,63.1,12.9,1.399,26866695413875482929491074442633080594980010713675556920171693435756373606400,-12.9,-3.4657379130984164e+77,-100.0,False,1,1,1,1,1,3,1.6982115774182242e+79
ASHOKA.NS,2024-06-14,2024-08-01,223.75,225,230,227.16,253.7,0.7345,72.7,2.16,0.966,163216958787978528929209604733209125663344742786817421556157127004262364086272,2.84,4.634568191643035e+77,131.43,True,1,1,1,0,1,2,1.809485555794376e+79
ANANTRAJ.NS,2024-06-14,2024-08-01,423.38,425,435,429.31,532.56,0.7876,60.0,4.31,1.018,2493569447786570305867946168646207157736591342259279825579076903009848918016,5.69,1.4191246610644442e+76,132.08,True,1,1,1,0,1,2,5.514136399717075e+77
ASTRAMICRO.NS,2024-06-14,2024-08-01,961.1,960,990,972.87,890.42,0.8483,59.9,12.87,1.339,26387196227880882445337639726619537879304872940683536076764796356890053312512,-12.87,-3.3964231548364485e+77,-100.0,False,1,1,1,0,1,2,1.66424734586986e+79
ABSLAMC.NS,2024-06-14,2024-08-01,648.31,650,670,658.67,675.15,0.659,73.0,8.67,1.338,355651038464161839641489359106808687834874638386239829508582400860826370048,11.33,4.027874242181178e+75,130.56,True,1,1,1,1,1,3,1.582852005972841e+77
ANDHRSUGAR.NS,2024-06-14,2024-08-01,122.91,125,130,127.0,113.85,0.5287,75.8,2.0,1.625,7049357328487254072970833124080838326566187573611945977968391316171753783296,-2.0,-1.4079240991479338e+76,-100.0,False,1,1,1,1,1,3,6.898828085824875e+77
ASHIANA.NS,2024-06-14,2024-08-01,434.42,435,445,439.5,388.85,0.5096,73.7,4.5,1.036,58828040656587872400469042389052115233164130395522378734613207819956908982272,-4.5,-2.6488599596809115e+77,-100.0,False,1,1,1,1,1,3,1.2979413802436468e+79
20MICRONS.NS,2024-06-14,2024-08-01,186.48,185,190,187.31,262.25,0.5727,63.7,2.31,1.237,932,2.69,2510.03,116.75,True,1,1,1,1,1,3,110104.72
ANTELOPUS.NS,2024-06-14,2024-08-01,770.55,770,795,780.49,917.0,0.9857,69.2,10.49,1.362,1224012808915370756876966696341591192572775843706010983171773273945671729152,14.51,1.7758991375436903e+76,138.3,True,1,1,1,1,1,3,6.598254337478052e+77
ABB.NS,2024-06-14,2024-08-01,8899.64,8900,9165,9017.2,7666.12,0.5903,59.8,117.2,1.317,1372427707009317454031747189576806865532664568964638864495083866147520512,-117.2,-1.6085500268511842e+74,-100.0,False,1,1,1,1,1,3,7.881895131570801e+75
ALICON.NS,2024-06-14,2024-08-01,1264.38,1265,1300,1280.33,1273.71,0.6947,67.1,15.33,1.212,170702736726019741760886511161335094780308503585498629252715539619322527744,-6.62,-1.1294076323252422e+75,-43.16,False,1,1,1,0,1,2,1.2970043638711086e+77
ALLDIGI.NS,2024-06-14,2024-08-01,1049.51,1050,1080,1063.35,979.99,0.5373,64.5,13.35,1.272,166635960631453766498641821288858093816820596952730469820659236429151338496,-13.35,-2.224692201711484e+75,-100.0,False,1,1,1,0,1,2,1.090099178838627e+77
ASHOKLEY.NS,2024-06-14,2024-08-01,114.03,115,120,117.07,118.96,0.6654,57.5,2.07,1.813,217434673340548344954225039328357944755259697078453191358047748825640184315904,1.89,4.11571218822264e+77,91.55,True,1,1,1,0,1,2,2.288838343558357e+79
AMBUJACEM.NS,2024-06-14,2024-08-01,671.41,670,690,678.68,658.32,0.8061,57.5,8.68,1.292,187100206512219288780810838283872960286476768098535334622560533444015685632,-8.68,-1.6231309328326008e+75,-100.0,False,1,1,1,1,1,3,7.953341570879743e+76
ABFRL.NS,2024-06-14,2024-08-01,328.6,330,340,334.29,337.35,0.7122,66.9,4.29,1.306,74090615657294859775180716306671570450717938358596691864609991164172435456,3.06,2.2664099644553166e+74,71.29,True,1,1,1,0,1,2,1.6122915038886328e+76
ASTRAMICRO.NS,2024-06-18,2024-08-02,1017.2,1015,1050,1029.97,875.14,0.8572,65.8,14.97,1.472,22230009155883464170655986537833163475919971504857144595701104778574703886336,-14.97,-3.3284946917397197e+77,-100.0,False,1,1,1,1,1,3,1.630962398952463e+79
ASHIMASYN.NS,2024-06-18,2024-08-02,38.3,40,45,41.64,42.74,1.1595,60.9,1.64,4.29,197557268285646060889427716345439807433649030182348243883482444816359341686784,1.1,2.1673613314881943e+77,66.78,True,1,1,1,0,1,2,1.644529181050712e+79
ASHOKA.NS,2024-06-18,2024-08-02,228.07,230,235,232.14,252.6,0.7293,73.6,2.14,0.939,168962680778988058497473086766181189771657907720677149060431751932872832843776,2.86,4.829162927360651e+77,133.44,True,1,1,1,0,1,2,1.8577771850679824e+79
ABREL.NS,2024-06-18,2024-08-02,2347.31,2345,2420,2377.5,2245.57,0.7597,58.7,32.5,1.385,75510448899870240508514684084829844663458982966451328842617571743876775936,-32.5,-2.45443665386189e+75,-100.0,False,1,1,1,1,1,3,1.202673960392326e+77
ALLDIGI.NS,2024-06-18,2024-08-02,1085.92,1085,1120,1100.55,961.62,0.5282,65.7,15.55,1.432,140174871052352332951420177828831258530702264849203909373354345228123766784,-15.55,-2.180198357677254e+75,-100.0,False,1,1,1,1,1,3,1.0682971952618544e+77
ABFRL.NS,2024-06-18,2024-08-02,330.5,330,340,334.38,335.5,0.7123,67.6,4.38,1.326,73603288683573145590497391029871846182283755381976741890473606708664991744,1.12,8.235978698192575e+73,25.54,True,1,1,1,0,1,2,1.6205274825868254e+76
ALICON.NS,2024-06-18,2024-08-02,1275.98,1275,1315,1292.6,1289.46,0.636,73.1,17.6,1.38,147351120149355531197259164822253124803743994769566846363484546264192778240,-3.15,-4.637669662177632e+74,-17.88,False,1,1,1,0,1,2,1.292366694208931e+77
ASAL.NS,2024-06-18,2024-08-02,1036.0,1035,1065,1047.93,1004.05,0.8338,66.2,12.93,1.248,9637847943392416192011888564919378336770256168679982293135799776915419561984,-12.93,-1.246551357495148e+77,-100.0,False,1,1,1,0,1,2,6.108101651726225e+78
20MICRONS.NS,2024-06-18,2024-08-02,187.22,185,195,189.43,284.71,0.5727,68.4,4.43,2.369,496,5.57,2760.37,125.49,True,1,1,1,1,1,3,112865.09
AARTIPHARM.NS,2024-06-18,2024-08-02,637.39,635,655,644.03,642.45,0.5264,69.4,9.03,1.416,15014262961509300942547885328484274218685777773022643027433647783523909632,-1.58,-2.375051391935442e+73,-17.52,False,1,1,1,0,1,2,6.753939745320521e+75
AFSL.NS,2024-06-18,2024-08-02,479.0,480,495,486.56,571.75,0.5884,67.7,6.56,1.369,154340290332635351073692038452139539328988015759840592409869227476658421760,8.44,1.3030931351833436e+75,128.76,True,1,1,1,1,1,3,5.190365412549268e+76
ASAHIINDIA.NS,2024-06-18,2024-08-02,665.92,665,685,674.08,637.78,0.3495,82.9,9.08,1.364,8276520657886362259601219017636774309073238461562986722024999033813250080768,-9.08,-7.518470587771228e+76,-100.0,False,1,1,0,1,1,2,3.6840505880079015e+78
AGARIND.NS,2024-06-18,2024-08-02,1204.67,1205,1240,1220.14,1210.29,0.7779,79.0,15.14,1.257,64391495721340587341927084648133745430079361505825572196762097462238248960,-9.86,-6.346584694022379e+74,-65.09,False,1,1,1,1,1,3,4.8116971905136004e+76
ANANTRAJ.NS,2024-06-18,2024-08-02,441.68,440,455,446.51,520.87,0.7955,65.0,6.51,1.474,1694463743083941990391320299870336505981257851172327834768631744649123332096,8.49,1.4388683346824979e+76,130.47,True,1,1,1,0,1,2,5.658023233185325e+77
AFSL.NS,2024-06-19,2024-08-05,484.7,485,500,491.61,562.65,0.5704,67.4,6.61,1.365,156935724140674031700856141029834695611777293641717848711788664737981530112,8.39,1.3159627796002568e+75,126.77,True,1,1,1,0,1,2,5.321961690509294e+76
ASHIMASYN.NS,2024-06-19,2024-08-05,38.93,40,45,41.72,40.71,1.1593,60.3,1.72,4.406,191739773948153012662911156159196504409464776684144256732041992841249310113792,-1.01,-1.9277077224995971e+77,-58.61,False,1,1,1,0,1,2,1.625252103825716e+79
AAVAS.NS,2024-06-19,2024-08-05,1935.75,1935,1995,1961.83,1629.25,0.4626,75.1,26.83,1.386,4167106690529994618883618308176895997436462716783821103642097631700713472,-26.83,-1.1179771191642618e+74,-100.0,False,1,1,1,1,1,3,5.478087883904882e+75
ACUTAAS.NS,2024-06-19,2024-08-05,682.62,685,705,693.73,626.87,0.586,61.4,8.73,1.279,367909755359384732423960665502374840170849086853716379229518956637108305920,-8.73,-3.211748285801709e+75,-100.0,False,1,1,1,1,1,3,1.5737566600428375e+77
ATLANTAA.NS,2024-06-19,2024-08-05,42.06,40,45,42.31,48.6,0.4387,83.0,2.31,5.489,221056264271827046522301102749571052753250788924634959920214995745554328190976,2.69,5.949581994128195e+77,116.58,True,1,1,0,1,1,2,2.6111114296728604e+79
360ONE.NS,2024-06-19,2024-08-05,836.43,835,860,846.36,996.68,0.3924,61.2,11.36,1.358,39135850212445707111433806930617500916428727508151275944390564940603195392,13.64,5.339399720282847e+74,120.13,True,1,1,1,1,1,3,2.2756754136171183e+76
ASHOKA.NS,2024-06-20,2024-08-06,243.82,245,250,247.16,230.2,0.7967,75.9,2.16,0.884,172364470766257629644151327128456434281112367631741953929683709846364289499136,-2.16,-3.715554370135965e+77,-100.0,False,1,1,1,1,1,3,1.8206216413666226e+79
ABCAPITAL.NS,2024-06-20,2024-08-06,243.02,245,250,247.19,204.17,0.511,64.2,2.19,0.902,72298050885256486959526038360377748099886230018572453552404422360809078784,-2.19,-1.583927091480171e+74,-100.0,False,1,1,1,1,1,3,7.761242748252837e+75
ACUTAAS.NS,2024-06-20,2024-08-06,694.29,695,715,703.84,647.95,0.5799,65.5,8.84,1.273,356205827790384987409685155144327073865717091564541922059198871698260623360,-8.84,-3.147513320085675e+75,-100.0,False,1,1,1,0,1,2,1.5422815268419807e+77
ASHIANA.NS,2024-06-20,2024-08-06,444.95,445,460,451.58,362.52,0.5932,75.0,6.58,1.478,39474555705407356934420724386572052231402868524138472044911007515935735021568,-6.58,-2.595882760487294e+77,-100.0,False,1,1,1,1,1,3,1.2719825526387738e+79
AFSL.NS,2024-06-20,2024-08-06,484.9,485,500,491.63,555.9,0.5651,68.1,6.63,1.367,160538104195720797021470233597968893029437363481547516932925490153767567360,8.37,1.3436792248339533e+75,126.24,True,1,1,1,0,1,2,5.456329612992689e+76
ASAL.NS,2024-06-20,2024-08-06,1037.8,1040,1070,1052.83,937.9,0.8243,67.8,12.83,1.236,9522331428629151227706156629890879384242449846355732831093944240480978993152,-12.83,-1.221620330345245e+77,-100.0,False,1,1,1,0,1,2,5.985939618691701e+78
ASAHISONG.NS,2024-06-20,2024-08-06,418.63,420,430,424.45,516.75,0.5132,66.7,4.45,1.063,19028277800007097165815039489287085070573882314851242205846094808867475030016,5.55,1.0560270231858662e+77,124.71,True,1,1,1,1,1,3,4.339606486392804e+78
20MICRONS.NS,2024-06-21,2024-08-07,210.32,210,215,212.21,292.03,0.721,72.7,2.21,1.052,1020,2.79,2843.15,125.98,True,1,1,1,1,1,3,115708.24
ASALCBR.NS,2024-06-21,2024-08-07,712.79,715,735,723.59,780.55,0.778,75.2,8.59,1.205,14879856508367249981977814469595099213183846029106990982720644140105249849344,11.41,1.698208895395356e+77,132.9,True,1,1,1,0,1,2,6.5586329209300054e+78
AFSL.NS,2024-06-21,2024-08-07,487.2,485,500,491.78,573.2,0.5553,71.5,6.78,1.391,160973654725168429337402271918988045484193130705334296224345262055718125568,8.22,1.3233388982789886e+75,121.27,True,1,1,1,0,1,2,5.588663502820588e+76
ASAHISONG.NS,2024-06-21,2024-08-07,420.92,420,435,426.66,529.53,0.5132,72.0,6.66,1.583,13025392454549266134714654374144343051047348364455902930828040772619423711232,8.34,1.085887570903829e+77,125.11,True,1,1,1,0,1,2,4.448195243483187e+78
ARE&M.NS,2024-06-21,2024-08-07,1383.41,1385,1425,1402.32,1516.44,0.7519,69.6,17.32,1.252,6465211206013586327406106907737009724443331750124737299858124514484549582848,22.68,1.46652618228639e+77,130.99,True,1,1,1,0,1,2,5.744444118823861e+78
3MINDIA.NS,2024-06-21,2024-08-07,36153.86,36155,37240,36641.4,36535.98,0.4305,75.3,486.4,1.345,1025962884393096861826333346672404395753867434491986318180167370160472064,-105.42,-1.0815242534216689e+74,-21.67,False,1,1,1,0,1,2,2.484305987257538e+76
ALEMBICLTD.NS,2024-06-21,2024-08-07,106.95,105,110,107.34,144.77,0.5088,68.1,2.34,2.185,962648836169659774055639482380009659136373751594849574456420375368673787904,2.66,2.5635986458541082e+75,113.96,True,1,1,1,1,1,3,1.1504587539556363e+77
ATLANTAA.NS,2024-06-21,2024-08-07,43.75,45,50,46.37,46.66,0.3905,79.9,1.37,3.14,380174803128048760054675602221504216409270134989146083442614059693711997009920,0.29,1.088678292479176e+77,20.85,True,1,1,1,0,1,2,2.621998212597652e+79
21STCENMGM.NS,2024-06-24,2024-08-08,59.58,60,65,61.3,93.4,0.1737,89.3,1.3,2.188,244740106503184934954680374362676404838277660233546341766717389006155284480,3.7,9.046647082949105e+74,283.56,True,1,1,0,1,1,2,1.685645591934562e+76
20MICRONS.NS,2024-06-24,2024-08-08,216.81,215,225,219.36,297.92,0.7164,74.0,4.36,2.012,530,5.64,2987.56,129.2,True,1,1,1,1,1,3,118695.8
ANANTRAJ.NS,2024-06-24,2024-08-08,448.01,450,460,454.31,519.18,0.7934,62.4,4.31,0.961,2627839565747280946334670316564519659595740934803774365279374082821731647488,5.69,1.496234919110216e+76,132.22,True,1,1,1,0,1,2,5.807646725096347e+77
A2ZINFRA.NS,2024-06-24,2024-08-08,23.4,25,30,26.08,17.93,0.6279,67.9,1.08,4.628,289273237665531314713758462354043495768483073222506034951284107937428013056,-1.08,-3.132704128261412e+74,-100.0,False,1,1,1,0,1,2,1.5350250228480922e+76
3MINDIA.NS,2024-06-24,2024-08-08,36345.64,36345,37435,36833.9,35974.3,0.4272,74.6,488.9,1.345,1016275839733000824607116166723606843797430907074734896872698999704911872,-488.9,-4.968611974515076e+74,-100.0,False,1,1,1,0,1,2,2.4346198675123872e+76
ALEMBICLTD.NS,2024-06-24,2024-08-08,110.72,110,115,112.22,140.84,0.5107,70.8,2.22,2.003,1037800027353049652937729474781721947915838461405956069215113251655727972352,2.78,2.8880826288539757e+75,125.52,True,1,1,1,1,1,3,1.179339580244176e+77
ASAHIINDIA.NS,2024-06-24,2024-08-08,705.01,705,725,714.05,637.98,0.3619,87.3,9.05,1.283,8145500689700040668971116172133061812025116049236953955528205105788650258432,-9.05,-7.368101176015802e+76,-100.0,False,1,1,0,1,1,2,3.6103695762477436e+78
ASTRAL.NS,2024-06-24,2024-08-08,2373.04,2375,2445,2406.33,2072.28,0.3964,68.7,31.33,1.32,8552002733986991265770234946476680127712981658848622754948557350579868794880,-31.33,-2.679622143871118e+77,-100.0,False,1,1,1,1,1,3,1.313014850496848e+79
ARE&M.NS,2024-06-25,2024-08-09,1615.96,1615,1665,1636.18,1482.95,0.9325,87.8,21.18,1.31,5425248093094834386252180201852711843313440932824538877283520334026000826368,-21.18,-1.1488888237647722e+77,-100.0,False,1,1,0,1,1,2,5.629555236447384e+78
ASHIMASYN.NS,2024-06-25,2024-08-09,38.97,40,45,41.71,39.77,0.9757,80.0,1.71,4.398,189651555808531436370522267285322954481165300367290404368800546026039550148608,-1.71,-3.250504207651432e+77,-100.0,False,1,1,1,0,1,2,1.5927470617492016e+79
ARE&M.NS,2024-06-26,2024-08-12,1638.68,1640,1690,1661.11,1573.46,0.9322,85.6,21.11,1.288,5333969647615434621694216171880325457231676779756032764928151719972328964096,-21.11,-1.1259110472894767e+77,-100.0,False,1,1,0,1,1,2,5.516964131718436e+78
AFFLE.NS,2024-06-26,2024-08-12,1370.55,1370,1410,1387.98,1561.5,0.4547,84.6,17.98,1.312,65257992381562805082078328920012771937604290173050502244164864257441136640,22.02,1.4367072623378378e+75,122.42,True,1,1,0,1,1,2,6.011732890857154e+76
ARVINDFASN.NS,2024-06-26,2024-08-12,540.67,540,555,546.79,475.03,0.4633,94.7,6.79,1.257,16723811585936932344916464648176058104704463985545076853888239001841612881920,-6.79,-1.1363729571326272e+77,-100.0,False,1,1,0,1,1,2,5.568227489949873e+78
ASHIMASYN.NS,2024-06-26,2024-08-12,40.91,40,45,42.0,37.78,0.8465,79.2,2.0,4.882,159483600002949030271515981867341217247785056827395869656604351857998853832704,-2.0,-3.185494123498403e+77,-100.0,False,1,1,1,0,1,2,1.5608921205142177e+79
360ONE.NS,2024-06-26,2024-08-12,872.03,870,900,883.47,1017.82,0.4245,76.2,13.47,1.544,33793475220062131906954190505045417131857875457549647700901814512774021120,16.53,5.586691738784402e+74,122.75,True,1,1,1,1,1,3,2.3315423310049624e+76
ASHIMASYN.NS,2024-06-27,2024-08-13,42.95,45,50,46.61,35.89,0.8548,79.8,1.61,3.748,193916905664287885503155049672537909427017512522035362356639678564527534768128,-1.61,-3.1217842410284354e+77,-100.0,False,1,1,1,0,1,2,1.5296742781039332e+79
20MICRONS.NS,2024-06-27,2024-08-13,219.55,220,225,222.19,292.77,0.7318,80.7,2.19,0.996,1085,2.81,3053.27,128.74,True,1,1,0,1,1,2,121749.07
ASHOKLEY.NS,2024-06-27,2024-08-13,115.14,115,120,117.16,119.67,0.614,72.6,2.16,1.873,212268612160750085998991905702222282246896051605756476617557046099135967526912,2.52,5.342680836964533e+77,116.71,True,1,1,1,0,1,2,2.3422651519280022e+79
360ONE.NS,2024-06-27,2024-08-13,916.65,915,945,928.46,995.85,0.4528,78.4,13.46,1.469,34632363936514171741165672181980506810608323635183578471495490336936951808,16.54,5.726624518944327e+74,122.81,True,1,1,1,1,1,3,2.3888085761944057e+76
AEGISLOG.NS,2024-06-27,2024-08-13,840.65,840,865,851.05,738.14,0.6294,62.1,11.05,1.314,145853332396741768411252314203457636926166904816512876326191903466152001536,-11.05,-1.6110727713789683e+75,-100.0,False,1,1,1,0,1,2,7.894256579756945e+76
ASAHISONG.NS,2024-06-27,2024-08-13,441.35,440,455,446.71,496.97,0.5223,72.4,6.71,1.521,13255518166252624878014430292604527495248910879422029401129514931357927604224,8.29,1.0986886762412564e+77,123.5,True,1,1,1,1,1,3,4.558064111107312e+78
360ONE.NS,2024-06-28,2024-08-14,961.23,960,990,973.48,1009.51,0.458,81.2,13.48,1.402,35454965515348228446005646178619394537280932228109735082394916663832084480,16.52,5.858872502215656e+74,122.63,True,1,1,0,1,1,2,2.4473973012165623e+76
AEGISLOG.NS,2024-06-28,2024-08-14,859.1,860,885,871.02,738.53,0.5972,64.6,11.02,1.283,143294640790503956391793056298047558209629378455849756760042893571386245120,-11.02,-1.578851315951389e+75,-100.0,False,1,1,1,0,1,2,7.736371448161807e+76
ASHIMASYN.NS,2024-06-28,2024-08-14,44.86,45,50,46.87,34.09,0.818,78.5,1.87,4.176,163289864612677570199722931440312496009357144160167671627686912401724766420992,-1.87,-3.0593485562078663e+77,-100.0,False,1,1,1,1,1,3,1.4990807925418544e+79
ASAHISONG.NS,2024-06-28,2024-08-14,451.64,450,465,456.75,536.39,0.5099,74.1,6.75,1.495,13503737253976268624912453411748685756783914182359532777495079907717124456448,8.25,1.1139477658749779e+77,122.2,True,1,1,1,1,1,3,4.669458887694809e+78
ASAHISONG.NS,2024-07-01,2024-08-16,485.69,485,500,491.7,516.75,0.5388,83.4,6.7,1.379,13945141408548506946092968869034575278353654176434698324202399127109778800640,8.3,1.1578794337433141e+77,123.98,True,1,1,0,1,1,2,4.785246831069141e+78
AFSL.NS,2024-07-01,2024-08-16,496.0,495,510,501.68,589.4,0.5959,79.0,6.68,1.347,167304334292762647745389617362093941905313805837613845154918660395428216832,8.32,1.3918323138273221e+75,124.52,True,1,1,1,0,1,2,5.72784673420332e+76
ALICON.NS,2024-07-01,2024-08-16,1301.94,1300,1340,1317.76,1261.57,0.5938,74.1,17.76,1.364,145508269791853245019418333445582906426135876696110892783938320905499836416,-17.76,-2.5847333884178617e+75,-100.0,False,1,1,1,0,1,2,1.2665193603247524e+77
ARE&M.NS,2024-07-01,2024-08-16,1683.44,1685,1735,1706.14,1537.32,0.9282,75.6,21.14,1.256,5220247952843689727322017538767404264960544169621803545963765191851626201088,-21.14,-1.1033928263436871e+77,-100.0,False,1,1,1,0,1,2,5.406624849084067e+78
AMRUTANJAN.NS,2024-07-01,2024-08-16,776.34,775,800,786.3,740.84,0.3266,72.9,11.3,1.456,98481364723580257383812765044755686355709265576167228576385967205210128384,-11.3,-1.113027498281525e+75,-100.0,False,1,1,1,1,1,3,5.453834741579473e+76
ACC.NS,2024-07-01,2024-08-16,2722.79,2725,2805,2759.89,2315.11,0.6932,74.5,34.89,1.282,73911254862609760621266144011791088264293356808655147393049395177669525504,-34.89,-2.5791285521011304e+75,-100.0,False,1,1,1,0,1,2,1.2637729905295537e+77
AMJLAND.NS,2024-07-01,2024-08-16,43.69,45,50,46.14,51.61,0.2993,90.0,1.14,2.618,998324937263307156949565854158707974305033504667388587486234416816473505792,3.86,3.849916273095179e+75,337.21,True,1,1,0,1,1,2,6.093533693416302e+76
AMBUJACEM.NS,2024-07-01,2024-08-16,689.05,690,710,698.59,635.02,0.8075,72.9,8.59,1.247,185184410864398710207724263029655526274563881688443481176613105878297477120,-8.59,-1.5906683141759487e+75,-100.0,False,1,1,1,0,1,2,7.794274739462149e+76
ADSL.NS,2024-07-01,2024-08-16,211.98,210,220,214.3,208.7,0.8371,86.4,4.3,2.029,294633752163912235592493073181718417532939164729590845100353865834723016704,-4.3,-1.2671223215056464e+75,-100.0,False,1,1,0,1,1,2,6.208899375377668e+76
ALLDIGI.NS,2024-07-01,2024-08-16,1101.62,1100,1135,1115.68,933.91,0.4859,72.0,15.68,1.423,136283321025995570326544074705304363268675913526060387214742802361147719680,-15.68,-2.136594390523709e+75,-100.0,False,1,1,1,1,1,3,1.0469312513566173e+77
ALANKIT.NS,2024-07-01,2024-08-16,23.69,25,30,26.27,24.95,0.7422,67.5,1.27,5.377,1594138813526161432030736207928912493445774194400341829639441639790983774208,-1.27,-2.030531124548364e+75,-100.0,False,1,1,1,1,1,3,9.949602510286985e+76
ASHIMASYN.NS,2024-07-01,2024-08-16,47.1,45,50,47.21,35.79,0.7886,77.0,2.21,4.689,135743621596406359901107597066747540384686014523211837185864689122820321443840,-2.21,-2.9981615850837084e+77,-100.0,False,1,1,1,0,1,2,1.4690991766910174e+79
AAKASH.NS,2024-07-01,2024-08-16,14.16,15,20,15.89,12.84,0.6609,74.2,0.89,6.253,242824512943101510947448006288522564036284108587289123517467792750787166208,-0.89,-2.1500901411588856e+74,-100.0,False,1,1,1,1,1,3,1.0535441691678539e+76
AAKASH.NS,2024-07-02,2024-08-19,15.57,15,20,16.5,12.93,0.7146,78.6,1.5,9.631,140514432595582455033439668870496232284749958311618844094828514363635138560,-1.5,-2.1070883383357078e+74,-100.0,False,1,1,1,1,1,3,1.0324732857844967e+76
ADSL.NS,2024-07-02,2024-08-19,214.63,215,220,217.16,216.77,0.8329,86.5,2.16,1.005,575781103425491940609754502310713841831070049471664170368980040819673137152,-0.38,-2.2001793101154047e+74,-17.72,False,1,1,0,1,1,2,6.186897582276514e+76
ASHIMASYN.NS,2024-07-02,2024-08-19,49.4,50,55,51.84,37.57,0.7795,84.1,1.84,3.734,159296007737084378035997086122765395043302894941969523779930803860519383990272,-1.84,-2.9381983533820346e+77,-100.0,False,1,1,0,1,1,2,1.439717193157197e+79
ALEMBICLTD.NS,2024-07-02,2024-08-19,111.66,110,115,112.31,148.15,0.5148,71.7,2.31,2.067,1021738199830626877688693662626448243895302695814949080411534010796296110080,2.69,2.7500118386647824e+75,116.59,True,1,1,1,0,1,2,1.2068396986308237e+77
3MINDIA.NS,2024-07-02,2024-08-19,37052.1,37050,38165,37551.74,34330.99,0.3279,71.4,501.74,1.354,970479606303961048632145724286370954287310457793073191827045191419691008,-501.74,-4.869239735024774e+74,-100.0,False,1,1,1,1,1,3,2.3859274701621393e+76
ACC.NS,2024-07-02,2024-08-19,2745.22,2745,2830,2782.19,2324.56,0.6698,74.6,37.19,1.355,67958570087167414315198237773179730634298351906354963246765391421221371904,-37.19,-2.5275459810591073e+75,-100.0,False,1,1,1,1,1,3,1.2384975307189626e+77
ABREL.NS,2024-07-02,2024-08-19,2375.76,2375,2445,2405.46,2127.38,0.743,68.8,30.46,1.282,78963726636084648730831785684953606891491510245667483468713047897566871552,-30.46,-2.405347920784652e+75,-100.0,False,1,1,1,0,1,2,1.1786204811844794e+77
AARTIPHARM.NS,2024-07-02,2024-08-19,640.96,640,660,649.0,591.47,0.4499,63.8,9.0,1.404,15008742785617130562848127941503668964838549911184653532392210154462904320,-9.0,-1.350787949064104e+74,-100.0,False,1,1,1,0,1,2,6.61886095041411e+75
ANANTRAJ.NS,2024-07-02,2024-08-19,480.32,480,495,486.44,606.52,0.8328,74.0,6.44,1.341,1803643864711612300170531121513579339802501097334653937789956554786544287744,8.56,1.543936452048149e+76,132.92,True,1,1,1,1,1,3,5.962040370301161e+77
ALANKIT.NS,2024-07-02,2024-08-19,24.04,25,30,26.35,25.88,0.718,72.3,1.35,5.597,1478892046936889695188030550488098309396164193450084186057612764363182047232,-0.47,-6.884967418885325e+74,-34.6,False,1,1,1,1,1,3,9.880752836098132e+76
ALICON.NS,2024-07-02,2024-08-19,1309.5,1310,1350,1327.64,1284.87,0.5904,72.8,17.64,1.347,143621106747765601693429568046256766883412310207591004080390566306081931264,-17.64,-2.533038720649505e+75,-100.0,False,1,1,1,1,1,3,1.2411889731182574e+77
AGARIND.NS,2024-07-03,2024-08-20,1235.63,1235,1275,1252.4,1239.01,0.711,71.9,17.4,1.408,55305682194765206149281452766446062291660949619705256992400379411729219584,-13.39,-7.403740793137198e+74,-76.93,False,1,1,1,0,1,2,4.7376597825822287e+76
20MICRONS.NS,2024-07-03,2024-08-20,224.12,225,230,227.2,320.33,0.6128,76.3,2.2,0.984,1104,2.8,3086.34,126.82,True,1,1,1,0,1,2,124835.41
ASAL.NS,2024-07-03,2024-08-20,1043.8,1045,1075,1058.34,835.15,0.5028,67.8,13.34,1.278,8971978562661413029998866370796691588258547956521019938454793248742637043712,-13.34,-1.1971879237383402e+77,-100.0,False,1,1,1,0,1,2,5.866220826317867e+78
ALIVUS.NS,2024-07-03,2024-08-20,920.45,920,950,933.39,990.58,0.2819,67.1,13.39,1.455,192729435454489648352474883318463603547246822031244103097718567123856392192,16.61,3.2015029417762246e+75,124.07,True,1,1,1,1,1,3,1.3222050903469946e+77
ALEMBICLTD.NS,2024-07-03,2024-08-20,111.72,110,115,112.36,147.99,0.3828,70.4,2.36,2.116,1020924247205647596049853014597109408266461494334068089332232926013148889088,2.64,2.6909418387665904e+75,111.49,True,1,1,1,0,1,2,1.2337491170184897e+77
APARINDS.NS,2024-07-03,2024-08-20,8565.92,8565,8825,8681.77,8307.32,0.2831,67.5,116.77,1.363,517072409983004290019862070350492397245164494289780071386931522970971013120,-116.77,-6.038101637170218e+76,-100.0,False,1,1,1,0,1,2,2.9586698022134068e+78
ANANTRAJ.NS,2024-07-03,2024-08-20,486.11,485,500,491.77,592.84,0.4714,76.8,6.77,1.393,1760915834300475264977157616891281361272853431332919646701574269980827975680,8.23,1.4489656773904808e+76,121.52,True,1,1,1,0,1,2,6.10693693804021e+77
3MINDIA.NS,2024-07-03,2024-08-20,37531.24,37530,38655,38035.19,34185.0,0.2664,71.0,505.19,1.346,944560712246275119572156177095042102332708706695937839323789345232519168,-505.19,-4.771854940324278e+74,-100.0,False,1,1,1,1,1,3,2.3382089207588964e+76
AAKASH.NS,2024-07-03,2024-08-20,16.34,15,20,16.82,12.82,0.6803,78.1,1.82,11.152,113320613624159759286587748717765375425543443986569999119135533440851509248,-1.82,-2.064946571568994e+74,-100.0,False,1,1,1,0,1,2,1.0118238200688069e+76
ABFRL.NS,2024-07-04,2024-08-21,334.2,335,345,339.41,317.3,0.2971,56.0,4.41,1.32,73494522988561733448544013347899913372759861479364751797962031036782084096,-4.41,-3.241054965173651e+74,-100.0,False,1,1,1,0,1,2,1.5881169329350888e+76
ASTEC.NS,2024-07-04,2024-08-21,1451.5,1450,1495,1470.32,1188.65,0.3483,76.9,20.32,1.4,12755180665489174878461365043788888834792486086087228103029689968310058221568,-20.32,-2.592074500795443e+77,-100.0,False,1,1,1,0,1,2,1.2701165053897669e+79
AMRUTANJAN.NS,2024-07-04,2024-08-21,780.53,780,805,791.16,771.45,0.2418,62.9,11.16,1.429,97772374101515519163121741116707043908524457691481116313848297313401831424,-11.16,-1.0907669483158946e+75,-100.0,False,1,1,1,0,1,2,5.344758046747883e+76
ASTRAZEN.NS,2024-07-04,2024-08-21,7080.65,7080,7295,7176.44,6605.17,0.4154,77.4,96.44,1.362,4059706484785512511475709246220815832994090141543643042676095751445683372032,-96.44,-3.91510970625451e+77,-100.0,False,1,1,1,1,1,3,1.91840375606471e+79
AMJLAND.NS,2024-07-04,2024-08-21,48.01,50,55,51.38,53.49,0.4444,88.0,1.38,2.874,883244003703521761549741288976252726627357493001527527311971229131241160704,2.11,1.863364829400666e+75,152.9,True,1,1,0,1,1,2,6.279870176356369e+76
3MINDIA.NS,2024-07-04,2024-08-21,37639.18,37640,38770,38146.87,34929.35,0.2617,68.8,506.87,1.347,922612020674679900529243330510144754704894553831049700118252786531958784,-506.87,-4.676417841517793e+74,-100.0,False,1,1,1,0,1,2,2.2914447423437186e+76
AEGISLOG.NS,2024-07-04,2024-08-21,876.77,875,905,888.25,785.93,0.5997,61.5,13.25,1.511,116798701489822269290058905552654095352717740561252035567573605341772906496,-13.25,-1.5472742896323614e+75,-100.0,False,1,1,1,0,1,2,7.58164401919857e+76
ARVIND.NS,2024-07-05,2024-08-22,381.82,380,395,386.76,400.74,0.3267,58.0,6.76,1.77,18460482901949235924897060050507560914737258877503731699483121174893662568448,8.24,1.5214929948884456e+77,121.96,True,1,1,1,0,1,2,6.390046501508543e+78
ALANKIT.NS,2024-07-05,2024-08-22,25.21,25,30,26.65,28.24,0.6763,73.4,1.65,6.53,1200469451596915457335704986973148813163127234123477746772842073983199215616,1.59,1.913370181188727e+75,96.82,True,1,1,1,1,1,3,1.0072089854217004e+77
ASTEC.NS,2024-07-05,2024-08-22,1458.4,1460,1500,1478.02,1243.25,0.3485,77.4,18.02,1.235,14098118151535794866644636213280888930897822511484913347736024827962220085248,-18.02,-2.540233010779534e+77,-100.0,False,1,1,1,0,1,2,1.2447141752819715e+79
ACUTAAS.NS,2024-07-05,2024-08-22,711.18,710,735,721.17,658.6,0.3832,66.1,11.17,1.571,276064891692835728978572824620941641827299060284016805531600787405434519552,-11.17,-3.0845630536839616e+75,-100.0,False,1,1,1,1,1,3,1.5114358963051411e+77
AEGISLOG.NS,2024-07-05,2024-08-22,907.48,905,935,918.5,796.31,0.471,73.2,13.5,1.487,112331090382620473488603979540063965563829376310048155464681223472984096768,-13.5,-1.5163288038397141e+75,-100.0,False,1,1,1,0,1,2,7.4300111388146e+76
AHLUCONT.NS,2024-07-05,2024-08-22,1464.57,1465,1510,1485.04,1300.65,0.4781,80.7,20.04,1.368,54641310540012511556298511927435694267516268317084504442126563458850750464,-20.04,-1.0950869381367164e+75,-100.0,False,1,1,0,1,1,2,5.36592599686991e+76
APARINDS.NS,2024-07-05,2024-08-22,8755.58,8755,9020,8874.12,8468.36,0.3009,68.2,119.12,1.36,496761053356188529001769365255411731356936374298668687853305914797229867008,-119.12,-5.917339604426813e+76,-100.0,False,1,1,1,0,1,2,2.8994964061691386e+78
21STCENMGM.NS,2024-07-05,2024-08-22,71.17,70,75,71.73,107.21,0.0028,,1.73,2.428,195122191826532864363850082085074290284798546766393600589489023547154104320,3.27,6.384818407457518e+74,189.39,True,1,1,0,1,1,2,1.7494937760091374e+76
AMJLAND.NS,2024-07-05,2024-08-22,49.39,50,55,51.7,53.46,0.4482,89.2,1.7,3.433,740666650564688816383898444759557081204762895863560274235858605542182223872,1.76,1.3065143403153863e+75,104.02,True,1,1,0,1,1,2,6.410521610387908e+76
ALEMBICLTD.NS,2024-07-05,2024-08-22,115.78,115,120,117.25,160.48,0.3813,76.7,2.25,1.944,1096201597358672623595505712879042932382394863436571886842445005993816358912,2.75,3.0135097527563837e+75,122.13,True,1,1,1,1,1,3,1.2638842145460536e+77
ALICON.NS,2024-07-05,2024-08-22,1313.4,1315,1355,1332.69,1363.25,0.5175,56.6,17.69,1.347,140316587311071588578122447028022653072026699486557909168929262397653254144,22.31,3.130285546206349e+75,126.1,True,1,1,1,0,1,2,1.272491828580321e+77
ANANTRAJ.NS,2024-07-05,2024-08-22,513.19,515,530,521.61,584.55,0.4312,83.3,6.61,1.287,1849140056672304369605477422478607778784236324445848066544883216264313438208,8.39,1.5523226974004146e+76,127.1,True,1,1,0,1,1,2,6.262169207780251e+77
360ONE.NS,2024-07-08,2024-08-23,962.45,960,990,973.61,1066.69,0.4257,75.9,13.61,1.414,35968736554598857003104483875219779576584401482225576111815108788815396864,16.39,5.895826363946532e+74,120.45,True,1,1,1,0,1,2,2.5063555648560277e+76
ALEMBICLTD.NS,2024-07-08,2024-08-23,125.81,125,130,127.26,160.72,0.4529,83.8,2.26,1.795,1119504456072722376436189003823313964965642641842660925678728355366878314496,2.74,3.0697538512715043e+75,121.44,True,1,1,0,1,1,2,1.2945817530587687e+77
AEGISLOG.NS,2024-07-08,2024-08-23,912.16,910,940,923.48,785.14,0.4702,71.8,13.48,1.478,110241176962983088732103377143987146749299856478745170126792596318752604160,-13.48,-1.4860022277629199e+75,-100.0,False,1,1,1,0,1,2,7.281410916038308e+76
ANTELOPUS.NS,2024-07-08,2024-08-23,783.1,785,805,793.65,984.65,0.7684,63.2,8.65,1.105,1525294879747658815422188332006439963967044887800515793966207265071951773696,11.35,1.730938891999707e+76,131.17,True,1,1,1,0,1,2,6.771348226678022e+77
ALPHAGEO.NS,2024-07-08,2024-08-23,454.69,455,470,461.46,439.97,0.747,66.6,6.46,1.422,351178525434201193845993649450500239280094466396453526415744213700698963968,-6.46,-2.2699153917506137e+75,-100.0,False,1,1,1,1,1,3,1.1122585419578007e+77
ASIANENE.NS,2024-07-08,2024-08-23,331.46,330,340,334.64,401.76,0.3386,77.5,4.64,1.4,152091097725677553798345810088275316416065983059752145068178827920788303118336,5.36,8.151448972831392e+77,115.5,True,1,1,1,1,1,3,3.610344889596495e+79
ANANTRAJ.NS,2024-07-08,2024-08-23,542.86,545,560,551.62,585.45,0.4512,84.6,6.62,1.219,1893227118487930102372761158710907804715099723408126778427066515890009800704,8.38,1.587406836175845e+76,126.75,True,1,1,0,1,1,2,6.420909891397835e+77
3MINDIA.NS,2024-07-08,2024-08-23,38079.62,38080,39220,38591.12,33899.55,0.2521,72.0,511.12,1.342,896635951793240235728638945194609912349741375562927086493155240565538816,-511.12,-4.582889484687437e+74,-100.0,False,1,1,1,0,1,2,2.2456158474968443e+76
AFSL.NS,2024-07-08,2024-08-23,506.2,505,520,511.78,599.6,0.4998,65.5,6.78,1.338,169080091663472765482468898294793817776705415419998229538422544624762486784,8.22,1.3906320281114274e+75,121.39,True,1,1,1,0,1,2,5.866909937014463e+76
ARVIND.NS,2024-07-08,2024-08-23,382.36,380,395,386.83,400.84,0.321,61.0,6.83,1.787,18708245334915029435596434450118140476280983771467801224196910452030692130816,8.17,1.5282274999355455e+77,119.58,True,1,1,1,0,1,2,6.542869251502098e+78
AJOONI.NS,2024-07-09,2024-08-26,7.22,5,10,7.22,7.65,0.6409,87.6,2.22,30.729,1014211291717245386869363611260033601170753155719603884686896515565320404992,0.43,4.3747258374934145e+74,19.44,True,1,1,0,1,1,2,1.1294684438495358e+77
AFSL.NS,2024-07-09,2024-08-26,526.75,525,545,533.89,607.35,0.5084,70.5,8.89,1.687,132027393078367059235280518560210011306022085291379383581966730139887730688,11.11,1.4671658741644486e+75,125.04,True,1,1,1,0,1,2,6.013626524430908e+76
360ONE.NS,2024-07-09,2024-08-26,977.6,980,1005,991.2,1085.61,0.4194,73.7,11.2,1.146,44755215569904026578694875176191153983206252069920379625202274386558582784,13.8,6.176092762763951e+74,123.21,True,1,1,1,0,1,2,2.568116492483667e+76
3MINDIA.NS,2024-07-09,2024-08-26,38783.08,38785,39945,39305.08,33786.9,0.2543,76.2,520.08,1.341,863571091782945754199509314097197776635628746036483300699664101549277184,-520.08,-4.4912316949936886e+74,-100.0,False,1,1,1,0,1,2,2.2007035305469073e+76
20MICRONS.NS,2024-07-09,2024-08-26,225.32,225,230,227.26,318.7,0.595,75.8,2.26,1.002,1105,2.74,3029.01,121.35,True,1,1,1,0,1,2,127864.42
AFFLE.NS,2024-07-09,2024-08-26,1412.65,1415,1455,1432.89,1701.05,0.3687,72.4,17.89,1.266,67212266210228935307288682758394328392037999670219438023683901246402461696,22.11,1.4861440702377265e+75,123.6,True,1,1,1,1,1,3,6.160347297880927e+76
ALEMBICLTD.NS,2024-07-09,2024-08-26,128.93,130,135,132.09,156.75,0.4517,86.6,2.09,1.618,1240982220091815781742729462961117713763265737186075726548253295032057987072,2.91,3.6157475943415415e+75,139.65,True,1,1,0,1,1,2,1.3307392290021842e+77
ASIANENE.NS,2024-07-09,2024-08-26,343.78,345,355,349.4,421.8,0.3506,80.8,4.4,1.28,164052154178552232387524689898141498740657209510454309408604205758250859102208,5.6,9.184525638662232e+77,127.2,True,1,1,0,1,1,2,3.7021901459831174e+79
AMBER.NS,2024-07-09,2024-08-26,4567.95,4570,4705,4630.63,4242.1,0.3561,80.5,60.63,1.327,35801215003572745874281369911455487946778545114691380815366208945534271488,-60.63,-2.1707252482593545e+75,-100.0,False,1,1,0,1,1,2,1.0636553716470836e+77
AFSL.NS,2024-07-10,2024-08-27,526.95,525,545,533.93,597.7,0.4776,70.5,8.93,1.694,134735212960003469785665382086913163188799571884601970447145253656485429248,11.07,1.4919789543138877e+75,124.05,True,1,1,1,0,1,2,6.162824419862297e+76
ALMONDZ.NS,2024-07-10,2024-08-27,24.0,25,30,25.89,30.9,0.3947,65.5,0.89,3.712,2172593693848957581074002016098590401396459999531900590336738969808845930496,4.11,8.926903909894204e+75,461.09,True,1,1,1,1,1,3,1.0573013187742344e+77
ALEMBICLTD.NS,2024-07-10,2024-08-27,133.39,135,140,137.05,156.3,0.4569,87.5,2.05,1.537,1297955498417788776753388780551578996466127391838137329635964969528114282496,2.95,3.8282990340845755e+75,143.84,True,1,1,0,1,1,2,1.36902221934303e+77
360ONE.NS,2024-07-10,2024-08-27,988.73,990,1020,1003.35,1081.73,0.408,77.5,13.35,1.35,38468504891336039765533602184049741392074780863522489848996958476961841152,16.65,6.404318482433478e+74,124.69,True,1,1,1,0,1,2,2.6321596773080018e+76
ARTEMISMED.NS,2024-07-11,2024-08-29,217.55,220,225,222.14,263.39,0.5636,89.2,2.14,0.984,48003642566241763910645322927590006694623923436355102564454883140245538209792,2.86,1.3723041571488287e+77,133.51,True,1,1,0,1,1,2,5.27662027153118e+78
ALMONDZ.NS,2024-07-11,2024-08-28,25.2,25,30,26.35,30.93,0.379,72.7,1.35,5.371,1561925987683033151990437330733749087199437149835583438280275778176748093440,3.65,5.695027300866697e+75,269.32,True,1,1,1,1,1,3,1.1142515917829013e+77
AMJLAND.NS,2024-07-12,2024-08-29,56.65,55,60,57.19,54.96,0.6783,81.6,2.19,3.87,584889039008503832001498384980272349299281130331867433515550985351258439680,-2.19,-1.2821043220775817e+75,-100.0,False,1,1,0,1,1,2,6.28231117818015e+76
ANIKINDS.NS,2024-07-12,2024-08-29,63.56,65,70,66.78,77.97,0.5638,82.9,1.78,2.808,9771166374087500268855537250049997025494032444491660468548168591792859512832,3.22,3.1418833133971555e+76,180.18,True,1,1,0,1,1,2,9.032687699572688e+77
ALMONDZ.NS,2024-07-12,2024-08-29,26.47,25,30,26.97,32.47,0.3974,75.5,1.97,7.453,1129773903998642043125390106098560468128014361038478237449003903382267625472,3.03,3.4203663364274077e+75,153.48,True,1,1,1,0,1,2,1.1484552551471754e+77
AFFLE.NS,2024-07-12,2024-08-29,1424.2,1425,1465,1443.05,1643.6,0.3459,64.9,18.05,1.267,68275179552400449671060381953134455872024498560784484959747895840699580416,21.95,1.4989377225198327e+75,121.66,True,1,1,1,0,1,2,6.31024107013291e+76
AFSL.NS,2024-07-12,2024-08-29,528.4,530,545,536.64,581.2,0.4055,78.7,6.64,1.258,185494836236033381355508059281772604294446968145898003385363536904588361728,8.36,1.5498576595680414e+75,125.74,True,1,1,1,0,1,2,6.3178101858191e+76
AFSL.NS,2024-07-15,2024-08-30,553.7,555,570,561.7,568.8,0.403,83.3,6.7,1.21,188616662800187461077709690603105882709743028880948232280898132656328278016,7.1,1.3393456070292699e+75,106.0,True,1,1,0,1,1,2,6.451744746522027e+76
AFFLE.NS,2024-07-15,2024-08-30,1425.75,1425,1470,1445.21,1631.6,0.3462,70.2,20.21,1.418,62445000194930973781783587388098297216836513499381109161628463601522049024,24.79,1.5479767947453118e+75,122.66,True,1,1,1,0,1,2,6.46503874960744e+76
ARTEMISMED.NS,2024-07-15,2024-09-02,235.25,235,240,237.25,273.4,0.6231,94.6,2.25,0.957,46885107706085131359118875744330391990900542977948745218054703209275344289792,2.75,1.2889313309980207e+77,122.14,True,1,1,0,1,1,2,5.405513404630982e+78
ABSLAMC.NS,2024-07-15,2024-08-30,665.21,665,685,673.96,728.09,0.2294,66.5,8.96,1.348,353152082756906071881596654897359229460080397665575094014789210671283175424,11.04,3.89733764319244e+75,123.11,True,1,1,1,1,1,3,1.6218253824047653e+77
ANIKINDS.NS,2024-07-15,2024-08-30,65.62,65,70,67.08,79.57,0.4817,83.0,2.08,3.177,8666487443839138145131982235225069980290204065105816964095618590996898512896,2.92,2.5267061820050316e+76,139.86,True,1,1,0,1,1,2,9.28535831777319e+77
AMJLAND.NS,2024-07-15,2024-08-30,62.05,60,65,62.24,55.04,0.7233,85.3,2.24,3.608,561317830349496473736911971575174785038873684062882127335225820363689558016,-2.24,-1.2564622356360301e+75,-100.0,False,1,1,0,1,1,2,6.156664954616548e+76
ADSL.NS,2024-07-15,2024-08-30,233.15,235,240,237.12,260.25,0.8461,79.3,2.12,0.909,584019044561012065624418818716060423385614685346076156416758579759721480192,2.88,1.6827157063497575e+75,135.99,True,1,1,1,0,1,2,6.355169152911489e+76
APARINDS.NS,2024-07-16,2024-09-02,8920.34,8920,9190,9040.33,8781.36,0.22,72.7,120.33,1.349,481938024532099938120847656326127896770380943596243874203528671349174173696,-120.33,-5.798992812338277e+76,-100.0,False,1,1,1,0,1,2,2.8415064780457556e+78
ASIANENE.NS,2024-07-16,2024-09-02,355.14,355,365,359.51,421.26,0.4482,69.3,4.51,1.27,164140460330656386363784598324660191394690724641707689675070788271157370945536,5.49,9.009665741099403e+77,121.68,True,1,1,1,0,1,2,3.7922868033941115e+79
ABSLAMC.NS,2024-07-16,2024-09-02,675.52,675,695,684.03,725.08,0.231,72.6,9.03,1.337,359169220570720793080920891995656331394726819210716826705018497446390530048,10.97,3.939733646604885e+75,121.46,True,1,1,1,0,1,2,1.6612227188708141e+77
AGARIND.NS,2024-07-16,2024-09-02,1250.54,1250,1290,1267.92,1228.03,0.3841,60.2,17.92,1.433,52889122964626216869463979227335275820603535517005134041950400435967754240,-17.92,-9.475319565164458e+74,-100.0,False,1,1,1,1,1,3,4.642906586930584e+76
APOLLOTYRE.NS,2024-07-16,2024-09-02,537.78,540,555,546.58,487.86,0.3089,67.0,6.58,1.224,22881831799989595349530045486251017741478402870611471084972134908122330300416,-6.58,-1.5063708631802415e+77,-100.0,False,1,1,1,0,1,2,7.381217229583183e+78
ANIKINDS.NS,2024-07-16,2024-09-02,67.98,70,75,71.69,79.45,0.4896,84.8,1.69,2.488,10981585146331958622305628752552101723693381345343406200349328872330730930176,3.31,3.633720909611341e+76,195.67,True,1,1,0,1,1,2,9.648730408734325e+77
APLLTD.NS,2024-07-16,2024-09-02,1071.54,1070,1105,1085.63,1058.14,0.4894,78.3,15.63,1.459,2186214743823048034487526094371404317128087450626858621509442003432674164736,-15.63,-3.418085873800781e+76,-100.0,False,1,1,1,1,1,3,1.674862078162383e+78
ALPHAGEO.NS,2024-07-18,2024-09-03,487.43,485,500,491.51,420.34,0.8544,75.8,6.51,1.335,341795304381437584022042863236426010229251432985343035463504545963566956544,-6.51,-2.2245170839156013e+75,-100.0,False,1,1,1,1,1,3,1.0900133711186446e+77
ALMONDZ.NS,2024-07-18,2024-09-03,26.67,25,30,27.08,33.62,0.4239,69.9,2.08,7.795,1104731946683572193566434577434321574203455204508619074743682550229043773440,2.92,3.22674922312351e+75,140.48,True,1,1,1,1,1,3,1.1807227473784106e+77
ANIKINDS.NS,2024-07-18,2024-09-03,72.56,75,80,76.7,77.22,0.5145,91.3,1.7,2.337,11380877416579535386007919237865486746668851918911298525346784310281637986304,0.52,5.968100940010548e+75,30.93,True,1,1,0,1,1,2,9.70841141813443e+77
ALMONDZ.NS,2024-07-19,2024-09-04,28.01,30,35,30.87,32.34,0.4442,74.7,0.87,3.091,2727399640292306391150544663350124688762967990316368324114671815358716837888,1.47,4.0206700796953336e+75,170.26,True,1,1,1,1,1,3,1.2209294481753639e+77
ARIHANTCAP.NS,2024-07-19,2024-09-04,80.71,80,85,82.15,101.06,0.4785,71.0,2.15,2.67,40567061506298778671734831280579232877352542799926909006472976074141169876992,2.85,1.1542461215935795e+77,132.05,True,1,1,1,1,1,3,4.485959380766155e+78
APLLTD.NS,2024-07-22,2024-09-05,1106.79,1105,1140,1120.7,1134.54,0.4797,82.1,15.7,1.419,2133068873382164433487669470733343852491116639885214170270588733497876152320,13.83,2.950588474794561e+76,88.08,True,1,1,0,1,1,2,1.7043679629103287e+78
ASALCBR.NS,2024-07-24,2024-09-09,758.89,760,780,768.92,895.45,0.5243,66.7,8.92,1.175,14711947459563279559864384561637849999323587177625778425198041820045005291520,11.08,1.6306629077266546e+77,124.31,True,1,1,1,1,1,3,6.721699211702671e+78
APEX.NS,2024-07-24,2024-09-09,306.11,305,315,309.4,253.22,0.7017,86.8,4.4,1.438,11545251459373650586149360927605115583878897649973381234446523332042227187712,-4.4,-5.081428863835609e+76,-100.0,False,1,1,0,1,1,2,2.4899001432794483e+78
ARIHANTCAP.NS,2024-07-24,2024-09-09,81.63,80,85,82.25,100.23,0.5868,64.0,2.25,2.761,39801733417282129442175355387288511038668213621965939344461384928116346978304,2.75,1.0928947947108754e+77,121.81,True,1,1,1,1,1,3,4.595248860237243e+78
ARROWGREEN.NS,2024-07-24,2024-09-09,659.29,660,680,668.84,839.34,0.5303,68.5,8.84,1.342,8628761172125402107332399546939672156820629013057541555366133724497800331264,11.16,9.625573428125352e+76,126.12,True,1,1,1,1,1,3,3.91223019234398e+78
AGRITECH.NS,2024-07-24,2024-09-09,281.05,280,290,284.26,211.82,0.902,89.9,4.26,1.517,308990913128471976765250748090072180033847379702776890080863226221419298816,-4.26,-1.3174654229647457e+75,-100.0,False,1,1,0,1,1,2,6.455580572527253e+76
APLLTD.NS,2024-07-24,2024-09-09,1162.48,1160,1195,1175.68,1190.12,0.5536,81.6,15.68,1.349,2174164159063602530900958752801768303096680185960287921655304083491459694592,14.44,3.1395004385074996e+76,92.1,True,1,1,0,1,1,2,1.7357629672954038e+78
ARVIND.NS,2024-07-24,2024-09-09,388.82,390,400,394.47,386.59,0.3546,59.1,4.47,1.15,29273498585756830282289216756684061908325441591122849848230072014407758512128,-4.47,-1.3085738503004196e+77,-100.0,False,1,1,1,0,1,2,6.412011866472056e+78
ALMONDZ.NS,2024-07-24,2024-09-09,29.18,30,35,31.29,30.18,0.4846,78.2,1.29,4.418,1894031933715753050241892190547508636272515589415483665434405769581397278720,-1.11,-2.100932570269217e+75,-86.04,False,1,1,1,0,1,2,1.1999201224726717e+77
360ONE.NS,2024-07-24,2024-09-09,1001.48,1000,1030,1013.52,1084.78,0.4688,62.9,13.52,1.35,38932831853379555430959282592059237902271160012051166367042620458228776960,16.48,6.415530201397864e+74,121.87,True,1,1,1,0,1,2,2.6963149793219803e+76
ASHOKA.NS,2024-07-24,2024-09-09,259.79,260,270,264.35,255.57,0.4879,64.4,4.35,1.675,83658085048721241284000930992722578518089854999933376126791347371424983547904,-4.35,-3.6412432827332454e+77,-100.0,False,1,1,1,1,1,3,1.7842092085392903e+79
ARVSMART.NS,2024-07-25,2024-09-10,780.33,780,805,791.15,740.41,0.4636,63.9,11.15,1.429,7542591608938282184710181436795368250844468392170012970591873352202367008768,-11.15,-8.409221301169201e+76,-100.0,False,1,1,1,1,1,3,4.120518437572909e+78
AFFLE.NS,2024-07-25,2024-09-10,1433.85,1435,1475,1452.97,1574.6,0.2487,65.7,17.97,1.253,71972760114407362676511237629017805291788198677751454929271677582516944896,22.03,1.5859026546548064e+75,122.65,True,1,1,1,0,1,2,6.623629015072921e+76
ASHOKA.NS,2024-07-25,2024-09-10,259.93,260,270,264.36,257.39,0.4867,66.8,4.36,1.679,81750802085112016788646898034644513297459923064648111762903677844871977107456,-4.36,-3.5684184170785806e+77,-100.0,False,1,1,1,0,1,2,1.7485250243685045e+79
ARVSMART.NS,2024-07-26,2024-09-11,795.08,795,820,806.17,725.01,0.4333,70.2,11.17,1.405,7378569124969873730143336756139203269293205401901351308131517613880538824704,-11.17,-8.241036875145816e+76,-100.0,False,1,1,1,1,1,3,4.038108068821451e+78
ALEMBICLTD.NS,2024-07-26,2024-09-11,151.12,150,155,152.3,151.76,0.4975,77.1,2.3,1.52,1192317814605626574243139378088554792465197407191109859984520581055330123776,-0.54,-6.436105529558609e+74,-23.51,False,1,1,1,0,1,2,1.3625861138134715e+77
AFFLE.NS,2024-07-26,2024-09-11,1460.25,1460,1505,1480.06,1548.3,0.229,72.5,20.06,1.374,66044226698303655996153071414708150577907886672976838288463377212427468800,24.94,1.6472643984090802e+75,124.35,True,1,1,1,1,1,3,6.78835545491383e+76
ASHOKLEY.NS,2024-07-26,2024-09-11,117.14,115,120,117.47,114.85,0.3026,68.7,2.47,2.108,189724656520624772587475041081621315435270416681121031990231427406955800428544,-2.47,-4.684530303856004e+77,-100.0,False,1,1,1,1,1,3,2.2954198488894422e+79
ASTRAZEN.NS,2024-07-26,2024-09-11,7148.17,7150,7365,7244.15,6879.24,0.6664,55.6,94.15,1.317,4075286738326792415659323043552402787713193514338315031813813455817306800128,-94.15,-3.83680751212942e+77,-100.0,False,1,1,1,0,1,2,1.880035680943416e+79
ALANKIT.NS,2024-07-26,2024-09-11,25.55,25,30,26.77,25.1,0.7639,51.6,1.77,6.932,1137395521127843284457030372684581189537264416370667399290012932338096275456,-1.67,-1.9006779848486578e+75,-94.35,False,1,1,0,1,1,2,9.882022055732138e+76
ARTEMISMED.NS,2024-07-26,2024-09-12,245.25,245,255,249.31,283.57,0.677,79.7,4.31,1.757,25092136634641900562146468838661932438762306256922980845935965571165276078080,5.69,1.4281109825379937e+77,132.1,True,1,1,1,0,1,2,5.5483245028847814e+78
20MICRONS.NS,2024-07-26,2024-09-11,254.85,255,260,257.22,304.2,0.6983,67.8,2.22,0.871,1152,2.78,3203.08,125.27,True,1,1,1,1,1,3,131067.49
AMBIKCO.NS,2024-07-26,2024-09-11,1892.95,1895,1950,1919.58,1658.92,0.4253,82.6,24.58,1.299,58777298964498422410572976674291424924527110284875278165750240288157204480,-24.58,-1.4448237626335462e+75,-100.0,False,1,1,0,1,1,2,7.079636436904377e+76
ASALCBR.NS,2024-07-26,2024-09-11,798.07,800,820,808.9,950.0,0.5218,72.6,8.9,1.116,15096571835555368886089728461324657148399830010871671980508981154091974524928,11.1,1.6749745247705397e+77,124.59,True,1,1,1,0,1,2,6.8891966641797245e+78
ASHOKA.NS,2024-07-26,2024-09-11,263.77,265,270,267.25,247.8,0.4587,69.1,2.25,0.852,155598905951616948360429987182180949635080590205142786260680894972035197829120,-2.25,-3.4970500487370093e+77,-100.0,False,1,1,1,0,1,2,1.7135545238811343e+79
AFSL.NS,2024-07-26,2024-09-11,558.8,560,575,566.7,520.25,0.432,69.6,6.7,1.2,192506672401682148078614198415095213833671285646585598207714787286593830912,-6.7,-1.2903489493044055e+75,-100.0,False,1,1,1,0,1,2,6.322709851591587e+76
AFSL.NS,2024-07-29,2024-09-12,560.55,560,575,566.83,538.05,0.4273,67.6,6.83,1.218,185217386515353021217307056607657932215610497299274094595910459702969892864,-6.83,-1.2645419703183175e+75,-100.0,False,1,1,1,1,1,3,6.196255654559756e+76
ATLANTAA.NS,2024-07-29,2024-09-12,46.88,45,50,47.27,56.12,0.4392,68.4,2.27,4.846,230810411366174585775407655588385655513149314150098899014044240487564166823936,2.73,6.296524143113425e+77,120.07,True,1,1,1,1,1,3,2.6849634540287863e+79
20MICRONS.NS,2024-07-29,2024-09-12,274.96,275,285,279.3,301.13,0.7352,74.1,4.3,1.563,609,5.7,3472.32,132.65,True,1,1,1,1,1,3,134539.81
ALANKIT.NS,2024-07-29,2024-09-12,27.25,25,30,27.22,24.91,0.76,63.7,2.22,8.16,888860060566608489306380115889524306857622702439691256808813666118674677760,-2.22,-1.9764044111464276e+75,-100.0,False,1,1,1,1,1,3,9.684381614617495e+76
ANANTRAJ.NS,2024-07-29,2024-09-12,557.13,555,575,563.94,636.63,0.5207,54.7,8.94,1.605,1436038500791642015103425724078057745110430276594659207077803735539018366976,11.06,1.5878950233037172e+76,123.65,True,1,1,0,1,1,2,6.579699393728206e+77
AJOONI.NS,2024-07-29,2024-09-12,7.43,5,10,7.38,9.46,0.7017,56.8,2.38,31.987,950492006541198418925289984653374532708537115605927263087817834114897149952,2.08,1.980257497733066e+75,87.66,True,1,1,1,0,1,2,1.1492710188268664e+77
ARROWGREEN.NS,2024-07-29,2024-09-12,659.83,660,680,668.87,827.87,0.5379,67.4,8.87,1.345,8817919565617015548876583528185514595477372246110906209559973927684944166912,11.13,9.811378746546072e+76,125.39,True,1,1,1,0,1,2,4.01034397980944e+78
AFFLE.NS,2024-07-29,2024-09-12,1496.5,1495,1540,1515.34,1559.0,0.2397,73.2,20.34,1.359,66748505979101056646311869466904273906762977087331069067119706931558612992,24.66,1.6460116780767815e+75,121.24,True,1,1,1,0,1,2,6.952956622721508e+76
ADVENZYMES.NS,2024-07-29,2024-09-12,413.11,415,425,419.45,523.03,0.3726,67.7,4.45,1.076,265856127120664910965572310967800477327414847478252456733536646730774216704,5.55,1.476558829285512e+75,124.92,True,1,1,1,1,1,3,6.057668092534236e+76
ASALCBR.NS,2024-07-29,2024-09-12,825.22,825,850,836.13,950.05,0.5273,78.0,11.13,1.349,12379280242167314139319805566322424671543948508771576873427914268295196311552,13.87,1.7169807277058836e+77,124.61,True,1,1,1,1,1,3,7.060894736950313e+78
ABFRL.NS,2024-07-29,2024-09-12,340.05,340,350,344.51,326.4,0.2739,65.6,4.51,1.326,70442250808727923722000804764948491005615973086866909669389958773567651840,-4.51,-3.1762338658701777e+74,-100.0,False,1,1,1,0,1,2,1.5563545942763872e+76
360ONE.NS,2024-07-29,2024-09-12,1047.53,1050,1080,1063.31,1089.49,0.4464,63.2,13.31,1.271,40506553345062308068460643396395023967765811072348984361236191617717633024,16.69,6.759336044874732e+74,125.34,True,1,1,1,1,1,3,2.7639083397707277e+76
AIAENG.NS,2024-07-29,2024-09-12,4500.36,4500,4635,4560.77,4297.92,0.3098,64.5,60.77,1.35,14349970736986127789452059049488773845034930219890005233094662189903511552,-60.77,-8.720298852192512e+74,-100.0,False,1,1,1,1,1,3,4.272946437574331e+76
APOLLOTYRE.NS,2024-07-29,2024-09-12,539.05,540,555,546.71,506.12,0.3286,61.0,6.71,1.246,21985074919208512663335156279842687496268422031283153735133947393766366117888,-6.71,-1.4762434459166367e+77,-100.0,False,1,1,1,0,1,2,7.233592884991519e+78
21STCENMGM.NS,2024-07-29,2024-09-12,79.75,80,85,81.9,134.21,0.2922,68.1,1.9,2.382,184222498980727691693145518124448999492836192791950756959488981469140877312,3.1,5.712137397018109e+74,163.25,True,1,1,1,0,1,2,1.8066151499793184e+76
AMBIKCO.NS,2024-07-29,2024-09-12,1958.55,1960,2015,1984.69,1697.15,0.4308,86.7,24.69,1.261,57348189875776979993383918023561010259886864908530110621449983702524231680,-24.69,-1.4159272873808752e+75,-100.0,False,1,1,0,1,1,2,6.938043708166289e+76
ASHOKLEY.NS,2024-07-29,2024-09-12,121.88,120,125,122.42,117.03,0.3323,79.4,2.42,1.983,189971276968594228029713215313108266159147930329389741759430976696342106079232,-2.42,-4.5908396977788844e+77,-100.0,False,1,1,1,1,1,3,2.2495114519116534e+79
ABSLAMC.NS,2024-07-29,2024-09-12,682.34,680,705,691.25,734.18,0.279,66.7,11.25,1.648,295398602737467155739184977170188518232164140784081497168724480561732648960,13.75,4.06251963069505e+75,122.27,True,1,1,1,0,1,2,1.7018479151777646e+77
ASAHISONG.NS,2024-07-29,2024-09-12,490.96,490,505,496.49,509.6,0.816,60.5,6.49,1.321,14754018491796619018446155469425417181473841971012556931601759553920083951616,8.51,1.2560534075556649e+77,131.24,True,1,1,1,1,1,3,4.910852171824707e+78
AJOONI.NS,2024-07-30,2024-09-13,7.8,10,15,10.15,9.52,0.6523,59.1,0.15,1.924,15312590627208599984043939489918919422888777358389256576467698433372658335744,-0.15,-2.298542037653733e+75,-100.0,False,1,1,1,0,1,2,1.1262855984503291e+77
AKSHARCHEM.NS,2024-07-30,2024-09-13,362.11,360,375,366.69,341.0,0.5068,66.8,6.69,1.848,310203756593405743616440243285918149143848198892793668176768942487979950080,-6.69,-2.075994862072323e+75,-100.0,False,1,1,1,1,1,3,1.0172374824154384e+77
ASIANTILES.NS,2024-07-30,2024-09-13,85.64,85,90,87.16,83.85,0.5499,55.6,2.16,2.516,216959660569498284957494178195592004714607974477551005092897797621149950017536,-2.16,-4.675481701273973e+77,-100.0,False,1,1,1,1,1,3,2.2909860336242465e+79
AMBIKCO.NS,2024-07-30,2024-09-13,2014.05,2015,2075,2041.87,1710.93,0.4113,88.2,26.87,1.334,51633901347558924486078345576968770369105976499670676544344419658775920640,-26.87,-1.3876087416332579e+75,-100.0,False,1,1,0,1,1,2,6.799282834002963e+76
APARINDS.NS,2024-07-30,2024-09-13,9001.01,9000,9270,9120.77,10338.54,0.473,54.4,120.77,1.342,470555563759109140383738652359203533672989169341748704618563203871830704128,149.23,7.021987265404435e+76,123.56,True,1,1,0,1,1,2,2.9117263506998e+78
ANANTRAJ.NS,2024-07-30,2024-09-13,558.43,560,575,566.64,645.07,0.5171,62.3,6.64,1.189,1981709513138013028662648328580008491099627031651658586723383811442120589312,8.36,1.6566243909613783e+76,125.89,True,1,1,1,0,1,2,6.745361832824344e+77
ABINFRA.NS,2024-07-30,2024-09-13,5.76,5,10,5.96,7.58,0.5978,72.5,0.96,16.591,183483451028986888826211370124967532649164202508227002342373400823174529024,1.62,2.9709268375040433e+74,169.36,True,1,1,1,1,1,3,9.06837458722574e+75
21STCENMGM.NS,2024-07-30,2024-09-13,81.34,80,85,82.27,131.52,0.2922,68.4,2.27,2.786,159423389811623272379912100122296571947406642728818663987782168818130878464,2.73,4.3579391906225264e+74,120.61,True,1,1,1,0,1,2,1.8501945418855436e+76
360ONE.NS,2024-07-30,2024-09-13,1081.26,1080,1115,1095.67,1074.4,0.4543,65.2,15.67,1.449,35281226644618975279291472761499537458543635707261841806094436478226530304,-15.67,-5.527816679541456e+74,-100.0,False,1,1,1,0,1,2,2.708630172975313e+76
ATLANTAA.NS,2024-07-30,2024-09-13,49.22,50,55,51.67,57.24,0.4598,76.0,1.67,3.39,321806513609079611697150860393243031490216018853408466016875698861929538781184,3.33,1.0720398772396408e+78,199.64,True,1,1,1,1,1,3,2.7921674417527504e+79
ARROWGREEN.NS,2024-07-30,2024-09-13,710.5,710,730,718.91,888.25,0.5861,78.5,8.91,1.254,9003805359417577030318814448056249032910588308793881972859141676219274100736,11.09,9.986922759216272e+76,124.51,True,1,1,1,1,1,3,4.110213207401603e+78
ASAHISONG.NS,2024-07-30,2024-09-13,569.14,570,585,576.35,502.49,0.9346,71.7,6.35,1.116,15456651040208563694404172361389069567417589397610270334786814012059413381120,-6.35,-9.821704343649415e+76,-100.0,False,1,1,1,1,1,3,4.8126351283882134e+78
AJANTPHARM.NS,2024-07-30,2024-09-13,2479.96,2480,2555,2513.61,3259.02,0.2612,80.8,33.61,1.355,36137499288982238723478620509247864572050151758252706891549124588008898560,41.39,1.4958195563556285e+75,123.16,True,1,1,0,1,1,2,6.22204640722576e+76
ASALCBR.NS,2024-07-30,2024-09-13,836.95,835,860,846.25,953.89,0.5274,78.7,11.25,1.344,12553983479122598534371232411285104015801334002299975533432763776032969850880,13.75,1.726316922390587e+77,122.24,True,1,1,1,0,1,2,7.233526429189372e+78
AIAENG.NS,2024-07-30,2024-09-13,4620.36,4620,4760,4682.96,4313.94,0.3195,61.9,62.96,1.363,13574587940725770477860452314083126911996771835718652134556542593906245632,-62.96,-8.545892875148662e+74,-100.0,False,1,1,1,0,1,2,4.187487508822844e+76
ABFRL.NS,2024-07-30,2024-09-13,340.55,340,350,344.57,328.55,0.2527,66.1,4.57,1.341,68158837886802217729828598485350414726517547396845797130810476490081173504,-4.57,-3.1127091885527743e+74,-100.0,False,1,1,1,0,1,2,1.5252275023908595e+76
APOLLOTYRE.NS,2024-07-30,2024-09-13,546.77,545,565,554.0,514.58,0.3312,58.9,9.0,1.646,16078822257630622807194820162401919165648986599808584048442080758871216881664,-9.0,-1.446718576998304e+77,-100.0,False,1,1,1,0,1,2,7.0889210272916885e+78
21STCENMGM.NS,2024-07-31,2024-09-16,82.96,85,90,86.56,131.0,0.2922,68.6,1.56,1.877,237692824091675652363307015619340000613554333231441112844074263393867923456,3.44,8.184252120812696e+74,221.17,True,1,1,1,0,1,2,1.9320370630936705e+76
360ONE.NS,2024-07-31,2024-09-16,1110.44,1110,1145,1125.64,1085.66,0.4477,67.0,15.64,1.409,34626335785467165666908133618637869545118299545549521967128088327367950336,-15.64,-5.417260345950626e+74,-100.0,False,1,1,1,1,1,3,2.654457569515807e+76
ASHOKLEY.NS,2024-07-31,2024-09-16,122.24,120,125,122.47,115.92,0.3234,79.2,2.47,2.022,182068457713595906621044790949566735215478606755535337103028966348385477984256,-2.47,-4.499022903823307e+77,-100.0,False,1,1,1,0,1,2,2.2045212228734205e+79
ABFRL.NS,2024-07-31,2024-09-16,343.7,345,355,349.33,331.15,0.2441,65.9,4.33,1.26,70466342767982375654961916155417397458120683811965594418659026441286451200,-4.33,-3.0504550047817194e+74,-100.0,False,1,1,1,0,1,2,1.4947229523430424e+76
ALMONDZ.NS,2024-07-31,2024-09-16,35.5,35,40,36.81,34.34,0.4911,88.1,1.81,5.102,1325040936944348913177828479256942870952912275677535371990177295207550156800,-1.81,-2.3998402449453436e+75,-100.0,False,1,1,0,1,1,2,1.175921720023218e+77
APARINDS.NS,2024-07-31,2024-09-16,9119.03,9120,9395,9242.81,10522.15,0.4738,58.7,122.81,1.347,474181835273131592840245262905462697386829944967951969752524196210905448448,152.19,7.216547768611518e+76,123.92,True,1,1,1,1,1,3,2.9838918283859154e+78
ARROWGREEN.NS,2024-07-31,2024-09-16,736.16,735,760,746.04,858.75,0.5835,81.4,11.04,1.5,7443568670430175864712357712294669411072052811683678111967331933347987324928,13.96,1.0388495261272234e+77,126.37,True,1,1,0,1,1,2,4.214098160014325e+78
AFFLE.NS,2024-07-31,2024-09-16,1510.1,1510,1555,1530.18,1577.65,0.2423,72.8,20.18,1.336,68904586397232877942817755575207966029943155895693573797408873318386237440,24.82,1.7101150633311779e+75,122.98,True,1,1,1,0,1,2,7.123968129054626e+76
AFSL.NS,2024-07-31,2024-09-16,568.75,570,585,576.73,421.35,0.3709,64.1,6.73,1.183,184217304539831285695089214462179185902004231811041803920171990331665940480,-6.73,-1.2392511309119512e+75,-100.0,False,1,1,1,0,1,2,6.072330541468561e+76
AJANTPHARM.NS,2024-07-31,2024-09-16,2641.22,2640,2720,2676.08,3102.51,0.3256,85.8,36.08,1.366,34488217471398997684852338028254685246629789308424256621406552195214606336,43.92,1.5146481162667678e+75,121.72,True,1,1,0,1,1,2,6.373511218852436e+76
ADL.NS,2024-07-31,2024-09-16,98.23,100,105,101.79,144.28,0.3285,63.2,1.79,1.827,925121578601490105981512500879349987988737275029748886383143465937727913984,3.21,2.965403399380994e+75,178.62,True,1,1,1,1,1,3,8.597562808070382e+76
ATLANTAA.NS,2024-07-31,2024-09-16,51.66,50,55,52.23,58.38,0.4724,80.7,2.23,4.312,250671210746484883753227294571036423476217268372590362498327126192911279980544,2.77,6.949225653818743e+77,124.44,True,1,1,0,1,1,2,2.861659698290938e+79
AJANTPHARM.NS,2024-08-01,2024-09-17,2736.68,2735,2820,2773.27,3086.05,0.3368,93.2,38.27,1.398,33308275283476141568833066741301452386624115078977035176815411303356039168,46.73,1.5565011553249849e+75,122.11,True,1,1,0,1,1,2,6.529161334384935e+76
AFSL.NS,2024-08-01,2024-09-17,576.2,575,595,583.98,399.0,0.3656,65.9,8.98,1.558,135245618201058488653070068923183148100635248824520506687474820875135483904,-8.98,-1.2144661082937122e+75,-100.0,False,1,1,1,1,1,3,5.95088393063919e+76
ANTELOPUS.NS,2024-08-01,2024-09-17,917.0,915,945,927.99,880.25,0.7892,73.5,12.99,1.416,1042828059473247459714933964168105562345181372922258291306786113941709783040,-12.99,-1.3542696453356044e+76,-100.0,False,1,1,1,1,1,3,6.635921262144462e+77
ASIANTILES.NS,2024-08-01,2024-09-17,86.77,85,90,87.29,87.64,0.5302,56.8,2.29,2.644,199700410808496269632249630349593657329613795105419326544132722422740319993856,0.35,6.90117559221231e+76,15.06,True,1,1,1,1,1,3,2.297887209216459e+79
ADANIPORTS.NS,2024-08-01,2024-09-17,1575.81,1575,1625,1597.16,1413.73,0.2087,74.2,22.16,1.407,101886671417048854987198874138875832437010967000589334991144140594453938176,-22.16,-2.2582895163801878e+75,-100.0,False,1,1,1,1,1,3,1.1065618630262921e+77
ALMONDZ.NS,2024-08-01,2024-09-17,37.27,35,40,37.34,32.89,0.4927,88.5,2.34,6.284,1004183664159059048242777823777450137350697931550773396771420632433190502400,-2.34,-2.351843440046436e+75,-100.0,False,1,1,0,1,1,2,1.1524032856227538e+77
AJOONI.NS,2024-08-01,2024-09-17,7.82,10,15,10.1,9.11,0.5689,63.0,0.1,1.277,22553874120215536526539249749846027305829189192052740047638198653483567022080,-0.1,-2.2525711969006584e+75,-100.0,False,1,1,1,0,1,2,1.1037598864813225e+77
21STCENMGM.NS,2024-08-01,2024-09-17,84.61,85,90,86.9,128.38,0.2922,68.8,1.9,2.25,202961319281458376014806863571984185208544673807577431574178098770614419456,3.1,6.283991837885577e+74,162.63,True,1,1,1,0,1,2,1.994876981472526e+76
ADANIENSOL.NS,2024-08-01,2024-09-17,1275.2,1275,1315,1292.84,989.0,0.4701,96.0,17.84,1.399,200850872405183334464056761920705955904208973494553389203088787287325016064,-17.84,-3.5825409947970006e+75,-100.0,False,1,1,0,1,1,2,1.7554450874505302e+77
ADVENZYMES.NS,2024-08-01,2024-09-17,415.76,415,430,421.69,531.04,0.3556,75.6,6.69,1.61,181010422676485435591756900642210602317906643363556954558643972965805326336,8.31,1.5036227216404344e+75,124.11,True,1,1,1,0,1,2,6.20803036469828e+76
21STCENMGM.NS,2024-08-02,2024-09-18,86.3,85,90,87.27,125.81,0.2922,69.1,2.27,2.633,175571934618173412768936731227476502181254690596274154315614540319596478464,2.73,4.788842767963618e+74,120.03,True,1,1,1,0,1,2,2.0427654091521623e+76
ANTELOPUS.NS,2024-08-02,2024-09-18,977.45,975,1005,988.0,852.75,0.8099,79.2,13.0,1.33,1020566614341066444640851939539104083017211696066159949973568042563568402432,-13.0,-1.3271842524288923e+76,-100.0,False,1,1,1,1,1,3,6.503202836901572e+77
AKSHARCHEM.NS,2024-08-02,2024-09-18,364.5,365,375,369.39,339.66,0.6482,62.9,4.39,1.205,463276426273143447306299152371679304777473972629025033876167666099040550912,-4.39,-2.0344749648308768e+75,-100.0,False,1,1,1,1,1,3,9.968927327671296e+76
ARTEMISMED.NS,2024-08-02,2024-09-19,264.48,265,270,267.22,279.83,0.6863,77.3,2.22,0.838,50091934683256755542223510765282790003431383197858175202456428297850894417920,2.78,1.3949318335858816e+77,125.71,True,1,1,1,0,1,2,5.687817686243369e+78
APLLTD.NS,2024-08-02,2024-09-18,1231.36,1230,1270,1247.77,1176.22,0.535,78.0,17.77,1.444,1953065038674050846048218751795557227721813562946779250953166249721759531008,-17.77,-3.471525934590808e+76,-100.0,False,1,1,1,0,1,2,1.7010477079494957e+78
ADVENZYMES.NS,2024-08-02,2024-09-18,425.69,425,440,431.69,523.38,0.3004,82.6,6.69,1.572,185515885174613003595618779413838309548882216894342190449364007664882810880,8.31,1.541132204679539e+75,124.12,True,1,1,0,1,1,2,6.362143585166233e+76
20MICRONS.NS,2024-08-02,2024-09-18,284.71,285,295,289.28,288.42,0.775,76.0,4.28,1.502,629,-0.85,-537.77,-20.0,False,1,1,1,1,1,3,134002.04
AARTIPHARM.NS,2024-08-02,2024-09-18,642.45,640,660,649.17,652.56,0.3963,61.6,9.17,1.427,14443162818935467055505709855559677956970744221835043722730436906522247168,3.4,4.9072066230189787e+73,37.07,True,1,1,1,1,1,3,6.6679330166443e+75
21STCENMGM.NS,2024-08-05,2024-09-19,88.02,90,95,91.62,123.29,0.2922,71.5,1.62,1.838,252588884322269305100583717219872501566918561049645706238693484906395205632,3.38,8.543913397809141e+74,209.13,True,1,1,1,1,1,3,2.1282045431302537e+76
ARROWGREEN.NS,2024-08-05,2024-09-19,934.49,935,965,947.8,826.63,0.8432,91.3,12.8,1.369,6585785009870752861678393907223052570498247808115270833070923066308764368896,-12.8,-8.42819632002865e+76,-100.0,False,1,1,0,1,1,2,4.129816196814039e+78
ALIVUS.NS,2024-08-05,2024-09-19,928.46,930,955,941.24,1182.56,0.341,72.8,11.24,1.21,235321752070357312927097979531463178274197029616485599526672036653688684544,13.76,3.2386336210649435e+75,122.47,True,1,1,1,1,1,3,1.354591426557644e+77
ABINFRA.NS,2024-08-06,2024-09-20,5.86,5,10,6.06,7.67,0.6505,65.7,1.06,18.065,171408226867369631663351015227739763429835673727740364204367878867820478464,1.62,2.770576790147694e+74,152.76,True,1,1,1,1,1,3,9.345432266240509e+75
21STCENMGM.NS,2024-08-06,2024-09-20,89.78,90,95,91.97,120.82,0.2922,73.6,1.97,2.196,215899448736920958734009153530442769798387205283121733018002886316703875072,3.03,6.53856335058554e+74,153.62,True,1,1,1,0,1,2,2.1935901766361092e+76
ABINFRA.NS,2024-08-07,2024-09-23,6.31,5,10,6.44,7.85,0.6834,71.4,1.44,22.787,130030472326559448494498307516875589727625163133698133918109469485756841984,1.41,1.8313317886286584e+74,97.98,True,1,1,1,0,1,2,9.528565445103375e+75
20MICRONS.NS,2024-08-07,2024-09-23,292.03,290,300,294.32,295.89,0.8915,74.1,4.32,1.479,620,1.57,974.87,36.41,True,1,1,1,0,1,2,134976.9
ALKEM.NS,2024-08-07,2024-09-23,5411.63,5410,5575,5484.07,5878.41,0.2609,63.9,74.07,1.369,32206483812224113341805261159458244329345859321783385613545620547567616000,90.93,2.928562598278583e+75,122.76,True,1,1,1,1,1,3,1.2220392413519837e+77
AJANTPHARM.NS,2024-08-07,2024-09-23,2880.83,2880,2965,2918.37,3043.81,0.3614,93.0,38.37,1.332,34032753540097326060713027437045725108589047070840814329987625670408142848,46.63,1.5869517840312858e+75,121.53,True,1,1,0,1,1,2,6.687856512788063e+76
ARENTERP.NS,2024-08-07,2024-09-23,65.34,65,70,67.05,48.0,0.6753,89.8,2.05,3.134,51741340684251283986240683947489403787089015024315241799388507390404355686400,-2.05,-1.0596984704204773e+77,-100.0,False,1,1,0,1,1,2,5.192522505060338e+78
ARTNIRMAN.NS,2024-08-08,2024-09-24,92.12,90,95,92.14,62.56,1.0501,73.8,2.14,2.322,41546122537794197530231682555530497970251780231136329919638882620502641213440,-2.14,-8.886006546316251e+76,-100.0,False,1,1,1,1,1,3,4.354143207694963e+78
ARENTERP.NS,2024-08-08,2024-09-24,78.4,80,85,81.91,46.23,0.8893,93.2,1.91,2.435,54403108380960333993870135786527966509061013617359332895836465727354246791168,-1.91,-1.0385045010120676e+77,-100.0,False,1,1,0,1,1,2,5.088672054959132e+78
3PLAND.NS,2024-08-08,2024-09-24,46.84,45,50,47.17,39.0,0.8011,80.1,2.17,4.624,157803015023913074992733479471107477425958531485728383982578539171619536896,-2.17,-3.418150068553268e+74,-100.0,False,1,1,0,1,1,2,1.6748935335911015e+76
20MICRONS.NS,2024-08-08,2024-09-24,297.92,300,305,302.13,297.52,0.8692,73.9,2.13,0.716,1265,-2.13,-2698.27,-100.0,False,1,1,1,0,1,2,132278.63
ALKEM.NS,2024-08-08,2024-09-24,5583.24,5585,5750,5659.02,5941.65,0.2691,80.8,74.02,1.326,33020522393086312406963557197394092202912759190355483820284636874068197376,90.98,3.0043077121552743e+75,122.92,True,1,1,0,1,1,2,1.2520823184735366e+77
ALKEM.NS,2024-08-09,2024-09-25,5696.04,5695,5865,5771.52,6118.37,0.2723,81.4,76.52,1.343,32724838178625295064874283072910435766279907441711309397352495126293774336,93.48,3.0590578534192272e+75,122.16,True,1,1,0,1,1,2,1.2826728970077288e+77
AIAENG.NS,2024-08-09,2024-09-25,4667.3,4665,4805,4728.23,4309.36,0.3274,62.2,63.23,1.355,13246116320344913691286014977457099207054373386395456299053187081680453632,-63.23,-8.374975017645689e+74,-100.0,False,1,1,1,0,1,2,4.1037377586463875e+76
AFSL.NS,2024-08-09,2024-09-25,583.5,585,600,591.72,362.55,0.3884,69.8,6.72,1.152,177060801750160674587489037317330549416042227050863384096409557092597235712,-6.72,-1.190176786127838e+75,-100.0,False,1,1,1,0,1,2,5.831866252026406e+76
AGARIND.NS,2024-08-09,2024-09-25,1301.19,1300,1340,1317.85,1162.6,0.5227,63.8,17.85,1.372,52016373243955616896641155882048167252126537926195062113421771466935894016,-17.85,-9.285813173861167e+74,-100.0,False,1,1,1,1,1,3,4.550048455191972e+76
20MICRONS.NS,2024-08-09,2024-09-25,323.45,325,335,329.19,307.27,0.8992,79.4,4.19,1.295,631,-4.19,-2643.91,-100.0,False,1,1,1,1,1,3,129634.72
3PLAND.NS,2024-08-09,2024-09-25,51.14,50,55,52.07,38.2,0.8447,82.5,2.07,4.052,161656332654315216495878495808046802562709613653034725890487343566037188608,-2.07,-3.349787067182203e+74,-100.0,False,1,1,0,1,1,2,1.6413956629192793e+76
ALICON.NS,2024-08-09,2024-09-25,1323.32,1325,1365,1342.82,1416.71,0.3933,68.0,17.82,1.346,142844291973275977714484405307660815622498853343643801031478292298338402304,22.18,3.1687880217703975e+75,124.51,True,1,1,1,1,1,3,1.304179708798025e+77
AIRAN.NS,2024-08-09,2024-09-25,37.81,40,45,41.52,37.81,0.8719,74.6,1.52,4.03,750017504653576057042144476236025632823618485729386547395947004852583792640,-1.52,-1.1427614062585047e+75,-100.0,False,1,1,1,1,1,3,5.599530890666673e+76
ASTERDM.NS,2024-08-09,2024-09-25,400.16,400,410,404.59,414.19,0.3451,89.5,4.59,1.147,53601238941346397339562899284070185832382677503214025853552248150548199505920,5.41,2.8990443979190803e+77,117.8,True,1,1,0,1,1,2,1.2595301920869704e+79
ABINFRA.NS,2024-08-09,2024-09-25,6.32,5,10,6.44,7.27,0.655,84.4,1.44,22.745,132631603967719274954301675602667921722801858898840620816489818964071809024,0.84,1.1092084974275981e+74,58.2,True,1,1,0,1,1,2,9.639486294846134e+75
AFFLE.NS,2024-08-09,2024-09-25,1595.2,1595,1645,1617.4,1562.0,0.3748,73.8,22.4,1.404,63603811148931789652159683194426086746104077726840742699255746796372099072,-22.4,-1.4247936258109253e+75,-100.0,False,1,1,1,1,1,3,6.981488766473534e+76
ALIVUS.NS,2024-08-12,2024-09-26,993.32,995,1025,1008.32,1014.15,0.418,75.5,13.32,1.341,203393196780990791154782671524867268796779912244804627845978432666259685376,5.83,1.1866956486541953e+75,43.8,True,1,1,1,1,1,3,1.366458383044186e+77
AIAENG.NS,2024-08-12,2024-09-26,4771.64,4770,4915,4835.32,4298.77,0.3302,69.7,65.32,1.369,12565755891796413132087327152221842621047312143211162289467920210798313472,-65.32,-8.207475517292775e+74,-100.0,False,1,1,1,1,1,3,4.0216630034734595e+76
ARVIND.NS,2024-08-12,2024-09-26,395.35,395,405,399.58,384.37,0.3895,63.5,4.58,1.16,27971707227874876432840528505071060311557869968178163597801676896493453180928,-4.58,-1.2824023732944113e+77,-100.0,False,1,1,1,0,1,2,6.283771629142615e+78
AIRAN.NS,2024-08-12,2024-09-26,44.35,45,50,46.81,36.75,1.0157,83.1,1.81,4.08,618950270334379814277125101924183977506660069183841948940755453952238026752,-1.81,-1.1199061781333346e+75,-100.0,False,1,1,0,1,1,2,5.487540272853339e+76
ABINFRA.NS,2024-08-12,2024-09-26,6.96,5,10,6.99,7.26,0.7189,87.8,1.99,28.543,97018640198878293213186053455652591841828329522395492569498703411793625088,0.27,2.6436246201866958e+73,13.71,True,1,1,0,1,1,2,9.665922541048001e+75
ASIANENE.NS,2024-08-12,2024-09-26,361.38,360,370,364.45,357.64,0.6962,58.6,4.45,1.231,170562533094122045665116534469510957328577278322298924952906413406708519927808,-4.45,-7.584573606788223e+77,-100.0,False,1,1,1,1,1,3,3.716441067326229e+79
ABINFRA.NS,2024-08-13,2024-09-27,6.99,5,10,7.01,7.17,0.7179,85.9,2.01,28.754,96194316666126430241057432257829927501758702857843484201233471034974273536,0.16,1.5369923876999604e+73,7.95,True,1,1,0,1,1,2,9.681292464925e+75
21STCENMGM.NS,2024-08-13,2024-09-27,99.1,100,105,101.9,109.19,0.2911,,1.9,1.914,231237011054665891999785010692027089756399494398046415828656915770117193728,3.1,7.174670199461077e+74,163.54,True,1,1,0,1,1,2,2.26533687863072e+76
ABSLAMC.NS,2024-08-14,2024-09-30,690.18,690,710,699.04,699.77,0.38,58.1,9.04,1.309,376706688970554305497217390155659786969589150471638895765782368794018054144,0.74,2.7714974076849657e+74,8.14,True,1,1,1,1,1,3,1.7046194125854496e+77
ARVIND.NS,2024-08-14,2024-09-30,401.43,400,415,406.74,366.77,0.3743,60.8,6.74,1.679,18644637237602491789629139232967434302476190898566506159128108735160339398656,-6.74,-1.256754325828523e+77,-100.0,False,1,1,1,0,1,2,6.158096196559763e+78
AFSL.NS,2024-08-16,2024-10-01,589.4,590,605,596.81,381.35,0.3222,63.4,6.81,1.156,171211527227885901534198648904469160015173846912921670768178496336658694144,-6.81,-1.1663732504052812e+75,-100.0,False,1,1,1,0,1,2,5.7152289269858776e+76
ANANTRAJ.NS,2024-08-16,2024-10-01,585.45,585,605,593.81,726.73,0.5773,62.7,8.81,1.504,1532069944082853715110425012623547306048202779615987812499061348354031091712,11.19,1.7150675216008386e+76,127.13,True,1,1,1,1,1,3,6.916868584984428e+77
ARCHIDPLY.NS,2024-08-19,2024-10-03,142.61,145,150,147.01,125.86,0.9043,78.6,2.01,1.41,49270817207134766344213305563989967794639656421872007066339239428917798371328,-2.01,-9.907052494991672e+76,-100.0,False,1,1,1,0,1,2,4.854455722545919e+78
ANANTRAJ.NS,2024-08-19,2024-10-03,606.52,605,625,613.89,700.81,0.5835,62.8,8.89,1.465,1556411954561209050432117553485656161901707753278993831909334729218011955200,11.11,1.7294501921255323e+76,125.02,True,1,1,1,1,1,3,7.089813604196981e+77
ADVENZYMES.NS,2024-08-19,2024-10-03,460.23,460,475,466.68,493.11,0.4705,67.2,6.68,1.451,190495986829209160914261673540608599446942733070629717676867659810669068288,8.32,1.5850110854048908e+75,124.57,True,1,1,1,1,1,3,6.520644693706723e+76
20MICRONS.NS,2024-08-19,2024-10-03,326.51,325,335,329.24,281.74,0.994,63.6,4.24,1.3,610,-4.24,-2589.15,-100.0,False,1,1,1,0,1,2,127045.57
ARVIND.NS,2024-08-20,2024-10-04,401.78,400,415,406.78,337.34,0.3745,66.9,6.78,1.687,18168007960460041565397316382835767557318595603219802952795958965813869805568,-6.78,-1.2316192393119526e+77,-100.0,False,1,1,1,0,1,2,6.034934272628567e+78
ABSLAMC.NS,2024-08-20,2024-10-04,731.3,730,755,741.22,697.58,0.3803,67.1,11.22,1.534,303929457997715896526229405395371084697188161513417500289720949082014351360,-11.22,-3.4092388251708987e+75,-100.0,False,1,1,1,1,1,3,1.6705270243337406e+77
ARCHIDPLY.NS,2024-08-20,2024-10-04,144.54,145,150,147.1,124.81,0.8945,77.7,2.1,1.449,46343086597450593932254973118090584565708766565724828483197009394145947549696,-2.1,-9.708911445091839e+76,-100.0,False,1,1,1,0,1,2,4.757366608095001e+78
ANTELOPUS.NS,2024-08-20,2024-10-04,1022.95,1025,1055,1037.7,883.85,0.8975,71.2,12.7,1.242,1023871565396992515253593622904905577417559149604957472201268294424817827840,-12.7,-1.3006405673803144e+76,-100.0,False,1,1,1,1,1,3,6.373138780163541e+77
AFFLE.NS,2024-08-20,2024-10-04,1605.35,1605,1655,1627.41,1533.8,0.3958,62.6,22.41,1.396,62298331652263762023180150286420890777685652434322124734525504965692096512,-22.41,-1.396297753294707e+75,-100.0,False,1,1,1,0,1,2,6.841858991144063e+76
ASIANTILES.NS,2024-08-20,2024-10-04,88.02,90,95,91.88,81.22,0.5716,53.2,1.88,2.14,244018124631046091449459892332409892034523790167392591511422104665453913702400,-1.88,-4.5957744184329186e+77,-100.0,False,1,1,0,1,1,2,2.2519294650321297e+79
ASHOKLEY.NS,2024-08-20,2024-10-04,123.62,125,130,127.0,107.16,0.3488,56.5,2.0,1.615,220776939270325382750737323089517192379235795449420706284172143756118832709632,-2.0,-4.409042445746841e+77,-100.0,False,1,1,1,0,1,2,2.160430798415952e+79
ARVIND.NS,2024-08-21,2024-10-07,404.4,405,415,409.53,336.5,0.3706,70.0,4.53,1.12,26644071350042655360872581112230406615015601550118992574152522513871984918528,-4.53,-1.2069868545257135e+77,-100.0,False,1,1,1,0,1,2,5.914235587175996e+78
AFFLE.NS,2024-08-21,2024-10-07,1663.1,1665,1715,1687.29,1506.0,0.4075,64.5,22.29,1.34,61388453727339715003130032610726138874360194783859973375880791197015343104,-22.29,-1.3683717982288125e+75,-100.0,False,1,1,1,0,1,2,6.705021811321181e+76
ASIANTILES.NS,2024-08-21,2024-10-07,91.38,90,95,92.24,76.45,0.5787,58.8,2.24,2.452,200985847465139684920955586591188825591515760887970159602668805830456616419328,-2.24,-4.5038589300642595e+77,-100.0,False,1,1,1,1,1,3,2.2068908757314872e+79
ALICON.NS,2024-08-21,2024-10-07,1365.17,1365,1405,1382.97,1245.68,0.4421,57.5,17.97,1.316,145158971587108512838413956889070330753642804667394629731846948952561680384,-17.97,-2.60835941759605e+75,-100.0,False,1,1,1,1,1,3,1.2780961146220644e+77
ABSLAMC.NS,2024-08-21,2024-10-07,751.89,750,775,761.3,660.4,0.3842,70.6,11.3,1.503,295640675479595501725180304712109432170405283580437207263695165573019205632,-11.3,-3.3410540486674815e+75,-100.0,False,1,1,1,1,1,3,1.6371164838470658e+77
ARTEMISMED.NS,2024-08-21,2024-10-08,264.63,265,275,269.34,264.78,0.5154,51.1,4.34,1.641,26193687692428321683540648530834214111031476796696599934062292720308170260480,-4.34,-1.1375635372486738e+77,-100.0,False,1,1,0,1,1,2,5.574061332518502e+78
ALIVUS.NS,2024-08-21,2024-10-07,1018.93,1020,1050,1033.39,1125.71,0.4309,75.2,13.39,1.314,204073209821194050792333958213370099463579721424759397962216236372948156416,16.61,3.3892795285474498e+75,124.02,True,1,1,1,0,1,2,1.4003511783296605e+77
ARIES.NS,2024-08-21,2024-10-07,313.93,315,325,319.28,245.08,0.7398,56.3,4.28,1.364,24094126300686518938989601053782445584935688722357301528805419757982047010816,-4.28,-1.0314750706600071e+77,-100.0,False,1,1,1,1,1,3,5.0542278462340345e+78
APOLLOHOSP.NS,2024-08-22,2024-10-08,6803.15,6805,7005,6894.56,6896.52,0.2413,56.6,89.56,1.316,1028947643912335163203467927223814729711290195377441256330095434091043225600,1.97,2.0254652195190107e+75,2.2,True,1,1,1,0,1,2,4.609468835538975e+78
ALEMBICLTD.NS,2024-08-22,2024-10-08,160.48,160,165,162.23,135.0,0.5947,73.6,2.23,1.391,1220911396010195111428156975634260905804424261064867437389186377220043571200,-2.23,-2.725172227626943e+75,-100.0,False,1,1,1,1,1,3,1.3353343915372022e+77
20MICRONS.NS,2024-08-22,2024-10-08,331.76,330,340,334.26,267.94,0.9891,67.8,4.26,1.283,596,-4.26,-2537.59,-100.0,False,1,1,1,0,1,2,124507.98
ALIVUS.NS,2024-08-22,2024-10-08,1032.71,1035,1065,1048.32,1196.88,0.4301,75.2,13.32,1.29,210299870271649319374167543054863876358455154371557627256010765714912706560,16.68,3.5082937514901584e+75,125.26,True,1,1,1,0,1,2,1.435434115844562e+77
ASIANTILES.NS,2024-08-22,2024-10-08,94.3,95,100,97.04,78.12,0.5799,59.4,2.04,2.161,216559053329700017562428317010364588760845934680278269582966707291512578768896,-2.04,-4.4137817514629747e+77,-100.0,False,1,1,1,1,1,3,2.1627530582168575e+79
ALANKIT.NS,2024-08-22,2024-10-08,28.24,30,35,31.11,23.34,0.5461,57.0,1.11,3.921,1748987503703809831622058245093272857146716894595793962819011683850603462656,-1.11,-1.936876322923499e+75,-100.0,False,1,1,1,1,1,3,9.490693982325145e+76
AARTIPHARM.NS,2024-08-22,2024-10-08,660.94,660,680,669.01,597.86,0.4613,58.3,9.01,1.363,14799781902210970543005501475418488652733935706755206355015199555739189248,-9.01,-1.3335866033288598e+74,-100.0,False,1,1,1,1,1,3,6.534574356311414e+75
ASHOKLEY.NS,2024-08-22,2024-10-08,124.45,125,130,127.1,105.78,0.3464,64.1,2.1,1.689,205614315703375236493403342700662223842005294445431197374134699411983948578816,-2.1,-4.320861596831904e+77,-100.0,False,1,1,1,0,1,2,2.117222182447633e+79
ASIANENE.NS,2024-08-22,2024-10-08,365.26,365,375,369.34,365.36,0.7982,56.3,4.34,1.188,171264357528892963182844163577131543353191152212648057590091907987333632229376,-3.98,-6.809090598059643e+77,-91.61,False,1,1,1,1,1,3,3.648350161345633e+79
ABBOTINDIA.NS,2024-08-22,2024-10-08,28756.1,28755,29620,29142.7,28159.06,0.2512,57.2,387.7,1.348,317867260460950476625711086714094921163346309323626592424754346341695488,-387.7,-1.2323671600266655e+74,-100.0,False,1,1,1,1,1,3,6.03859908413066e+75
ASALCBR.NS,2024-08-23,2024-10-09,895.75,895,925,908.23,919.2,0.5778,59.0,13.23,1.477,10934405616943436804681925242317953166858069286011840287302460577587704889344,10.97,1.1997558998064137e+77,82.93,True,1,1,1,1,1,3,7.353502019170013e+78
ALICON.NS,2024-08-23,2024-10-09,1381.8,1380,1425,1400.17,1296.34,0.4388,61.3,20.17,1.46,126729476318137574358059184315359078615507270876260667410395577534533074944,-20.17,-2.556192229244129e+75,-100.0,False,1,1,1,0,1,2,1.2525341923296231e+77
ASIANENE.NS,2024-08-23,2024-10-09,401.76,400,415,406.43,385.11,0.8597,63.3,6.43,1.6,113487571247183785301282100101037958089592745051201380476406482075756582141952,-6.43,-7.296700322691266e+77,-100.0,False,1,1,1,1,1,3,3.57538315811872e+79
20MICRONS.NS,2024-08-23,2024-10-09,335.42,335,345,339.22,271.2,0.9787,64.4,4.22,1.258,589,-4.22,-2486.23,-100.0,False,1,1,1,0,1,2,122021.75
ALEMBICLTD.NS,2024-08-23,2024-10-09,160.72,160,165,162.25,135.29,0.5695,70.3,2.25,1.402,1184910855348035584327886504821387561969473142937503180652496203014064832512,-2.25,-2.6706687830744045e+75,-100.0,False,1,1,1,1,1,3,1.308627703706458e+77
ARTEMISMED.NS,2024-08-23,2024-10-10,275.59,275,285,279.44,272.85,0.5026,56.4,4.44,1.611,25116906302682056621332455029172377806951793257834778346413215742395074740224,-4.44,-1.1148122665037004e+77,-100.0,False,1,1,1,1,1,3,5.462580105868132e+78
ALANKIT.NS,2024-08-23,2024-10-09,28.78,30,35,31.25,23.14,0.5461,62.2,1.25,4.361,1512499866048009949839023753018157261187886893070732265644585474747954888704,-1.25,-1.898138796465029e+75,-100.0,False,1,1,1,0,1,2,9.300880102678642e+76
APOLLOHOSP.NS,2024-08-23,2024-10-09,6833.18,6835,7040,6926.49,6980.79,0.239,57.7,91.49,1.339,1007621422647659308959505255012706529575425838436487394691493402452688896000,54.29,5.4707361833404577e+76,59.34,True,1,1,1,0,1,2,4.66417619737238e+78
AFSL.NS,2024-08-23,2024-10-09,599.6,600,620,608.84,379.7,0.3254,60.4,8.84,1.475,129274302226048227238058112468235435929590356872222353605694516074108682240,-8.84,-1.1430457853971755e+75,-100.0,False,1,1,1,0,1,2,5.60092434844616e+76
ALBERTDAVD.NS,2024-08-26,2024-10-10,1528.78,1530,1575,1549.73,1415.6,0.6473,75.2,19.73,1.291,148961988119859159515106987404537245588235469341661700195876341363683360768,-19.73,-2.9392510110214098e+75,-100.0,False,1,1,1,1,1,3,1.4402329954004905e+77
ANANTRAJ.NS,2024-08-26,2024-10-10,611.06,610,630,618.88,754.39,0.5715,80.4,8.88,1.452,1597630885468566183290363829886823237047784512303788670998490813927331463168,11.12,1.777299050097736e+76,125.34,True,1,1,0,1,1,2,7.267543509206755e+77
ALICON.NS,2024-08-26,2024-10-10,1384.96,1385,1425,1402.98,1296.44,0.439,65.5,17.98,1.298,139335844312715620931326944228722339990576688898658942780441043436323209216,-17.98,-2.505068384659246e+75,-100.0,False,1,1,1,0,1,2,1.2274835084830306e+77
AFFLE.NS,2024-08-26,2024-10-10,1701.05,1700,1750,1722.53,1608.05,0.4319,76.0,22.53,1.325,59509326576152952540183523983364069502922467028043480077650515244408111104,-22.53,-1.341004362264236e+75,-100.0,False,1,1,1,0,1,2,6.570921375094757e+76
ALPA.NS,2024-08-26,2024-10-10,111.97,110,115,112.39,119.73,0.4073,75.0,2.39,2.131,1139529215712355042293579469815086276963590286864942852600937140706225422336,2.61,2.979121874119138e+75,109.59,True,1,1,1,1,1,3,1.38905332096251e+77
ASIANENE.NS,2024-08-26,2024-10-10,421.8,420,435,426.44,387.65,0.8655,70.0,6.44,1.527,111053562232183699946097331737106427965429469059947110631209739518964320436224,-6.44,-7.150766316237441e+77,-100.0,False,1,1,1,1,1,3,3.5038754949563455e+79
AMRUTANJAN.NS,2024-08-26,2024-10-10,780.83,780,805,791.24,756.63,0.3778,62.2,11.24,1.44,95072274410157268554519772933682899878866927016980951159813228969641115648,-11.24,-1.0689516093495766e+75,-100.0,False,1,1,1,1,1,3,5.2378628858129255e+76
ANIKINDS.NS,2024-08-26,2024-10-10,75.83,75,80,77.14,74.5,0.339,70.2,2.14,2.825,9064598022434193774258078418833915095087615442315575326120887716797940236288,-2.14,-1.941682283626886e+76,-100.0,False,1,1,1,1,1,3,9.51424318977174e+77
AFSL.NS,2024-08-26,2024-10-10,607.35,605,625,614.18,374.3,0.2791,66.8,9.18,1.511,122068677854659551820576330407432423619211607974915968972815727409290543104,-9.18,-1.1201848696892321e+75,-100.0,False,1,1,1,1,1,3,5.488905861477237e+76
ASALCBR.NS,2024-08-26,2024-10-10,925.94,925,955,938.29,945.01,0.564,73.6,13.29,1.435,11065600082475304560368946084486356903832142097044804783276533213145394577408,6.72,7.431828040729966e+76,50.53,True,1,1,1,1,1,3,7.427820299577313e+78
ALICON.NS,2024-08-27,2024-10-11,1436.29,1435,1480,1455.17,1317.23,0.452,78.0,20.17,1.405,121684564594671124621740627776004549172934721181450457916767586330309820416,-20.17,-2.454967016966061e+75,-100.0,False,1,1,1,0,1,2,1.20293383831337e+77
AJOONI.NS,2024-08-27,2024-10-11,8.03,10,15,10.11,8.83,0.5332,70.5,0.11,1.34,20509070391986894701416723929289687536605514184047415143670982269190908411904,-0.11,-2.2075197729626452e+75,-100.0,False,1,1,1,1,1,3,1.081684688751696e+77
ADVENZYMES.NS,2024-08-27,2024-10-11,463.18,465,475,469.49,476.6,0.4467,70.2,4.49,0.968,290767876945360908691308803659346404575569250711606377018898323408538304512,5.51,1.6035498307122646e+75,122.96,True,1,1,1,1,1,3,6.680999676777949e+76
ASHOKLEY.NS,2024-08-27,2024-10-11,124.64,125,130,127.07,108.34,0.2533,75.3,2.07,1.664,204205270199037771864525947290385636884098672761244312750984296052717525139456,-2.07,-4.2344443648952665e+77,-100.0,False,1,1,1,0,1,2,2.0748777387986805e+79
ABBOTINDIA.NS,2024-08-27,2024-10-11,29329.02,29330,30210,29723.94,28412.53,0.2439,67.2,393.94,1.343,306574376907526237794002546671937214594551506301601562231876034089713664,-393.94,-1.207719816826132e+74,-100.0,False,1,1,1,0,1,2,5.9178271024480465e+75
ALKEM.NS,2024-08-27,2024-10-11,5788.55,5790,5960,5865.48,6083.63,0.1961,82.2,75.48,1.304,33989077922100735112643297402825443813461119289610130326470524509911777280,94.52,3.212797452741667e+75,125.24,True,1,1,0,1,1,2,1.3148008715351456e+77
ALBERTDAVD.NS,2024-08-27,2024-10-11,1549.91,1550,1595,1569.8,1419.38,0.6475,76.8,19.8,1.278,145456285584380714218682429416565179344222278326620521577427899426027864064,-19.8,-2.8804659908009813e+75,-100.0,False,1,1,1,0,1,2,1.4114283354924807e+77
ASIANENE.NS,2024-08-27,2024-10-11,432.22,430,445,436.47,383.71,0.8592,75.5,6.47,1.497,108319403130695769987454358006917146142571231896250261818846515108784138878976,-6.47,-7.007750989912691e+77,-100.0,False,1,1,1,1,1,3,3.4337979850572186e+79
ABREL.NS,2024-08-27,2024-10-11,2505.18,2505,2580,2538.69,2695.03,0.4121,82.5,33.69,1.345,69977523297866370058014858212690786268058576901713443290680652459245830144,41.31,2.8910732849710187e+75,122.65,True,1,1,0,1,1,2,1.2075312140341896e+77
ANIKINDS.NS,2024-08-27,2024-10-11,79.62,80,85,81.95,75.98,0.3696,80.2,1.95,2.444,9778612180057792780148640868529833095829587822240708351788010414583782047744,-1.95,-1.9028486379543483e+76,-100.0,False,1,1,0,1,1,2,9.323958325976306e+77
ANUP.NS,2024-08-27,2024-10-11,2207.63,2210,2275,2239.0,2717.39,0.4394,98.7,29.0,1.314,564890175885321289496362555666124296880997136728266641557174045171578306560,36.0,2.0337080093169993e+76,124.15,True,1,1,0,1,1,2,8.393761470619644e+77
AMRUTANJAN.NS,2024-08-27,2024-10-11,812.82,815,835,823.98,768.27,0.399,74.3,8.98,1.105,116622038758066272935048365307426957394524180361180696905981691993115328512,-8.98,-1.0475725771625852e+75,-100.0,False,1,1,1,1,1,3,5.133105628096667e+76
ASTERDM.NS,2024-08-27,2024-10-11,404.33,405,415,409.53,414.14,0.3623,68.7,4.53,1.12,55644308109786124428549830283278311154890213793021920858710936301245896327168,4.61,2.5672450791669953e+77,101.91,True,1,1,1,0,1,2,1.2852026428786404e+79
ADFFOODS.NS,2024-08-27,2024-10-11,267.29,265,275,269.62,300.8,0.4066,85.5,4.62,1.73,437642619877365078449863676231339627368383964415617323095250018674302517248,5.38,2.3532656199668666e+75,116.32,True,1,1,0,1,1,2,1.0351129456030608e+77
ABBOTINDIA.NS,2024-08-28,2024-10-14,29543.78,29545,30430,29941.27,28436.05,0.2444,66.5,396.27,1.341,298677471594530827129455964588163481922046001464641033819273364441661440,-396.27,-1.1835654204896092e+74,-100.0,False,1,1,1,1,1,3,5.799470560399085e+75
AMRUTANJAN.NS,2024-08-28,2024-10-14,821.65,820,845,831.36,755.19,0.3945,72.5,11.36,1.382,90394018304841199112543537263411284352479226399672711568304197074172248064,-11.36,-1.0266211256193335e+75,-100.0,False,1,1,1,1,1,3,5.030443515534734e+76
AJOONI.NS,2024-08-28,2024-10-14,8.43,10,15,10.18,8.51,0.5332,72.0,0.18,2.142,11977951001904936642200634345460947464856265203307014099825841203226590838784,-0.18,-2.1633693775033922e+75,-100.0,False,1,1,1,0,1,2,1.0600509949766621e+77
ALICON.NS,2024-08-28,2024-10-14,1458.8,1460,1505,1480.01,1295.25,0.4516,76.5,20.01,1.372,120215639019572226600412219121505871780385624041251975892401928012480643072,-20.01,-2.40586767662674e+75,-100.0,False,1,1,1,0,1,2,1.1788751615471027e+77
AJOONI.NS,2024-08-29,2024-10-15,8.85,10,15,10.31,8.47,0.5491,74.7,0.31,3.452,6940057077878344633264926115988282317520201474724366101305139401942215163904,-0.31,-2.120101989953324e+75,-100.0,False,1,1,1,0,1,2,1.0388499750771289e+77
AARTIPHARM.NS,2024-08-29,2024-10-15,693.77,695,715,703.87,631.88,0.4908,73.4,8.87,1.279,14726327629701886907121876691489763553163610166876610977243363317418819584,-8.87,-1.3069148712622827e+74,-100.0,False,1,1,1,1,1,3,6.403882869185186e+75
ALKEM.NS,2024-08-29,2024-10-15,5894.97,5895,6070,5972.84,6156.54,0.1987,75.0,77.84,1.32,33784155523789795749817358801339417013268365536220655743507912589823705088,97.16,3.282625473592923e+75,124.83,True,1,1,1,0,1,2,1.3476271262710749e+77
ADSL.NS,2024-08-29,2024-10-15,233.23,235,240,237.2,283.88,0.4585,69.2,2.2,0.942,578331023799073711461064010397461508076608789360705331736682382351105261568,2.8,1.6206212884130708e+75,127.5,True,1,1,1,1,1,3,6.517231281752796e+76
ABBOTINDIA.NS,2024-08-29,2024-10-15,29571.84,29570,30460,29968.62,28621.77,0.2439,79.9,398.62,1.348,290978901558321273967122611638505527507082975735187415241908753073700864,-398.62,-1.159894112079817e+74,-100.0,False,1,1,1,0,1,2,5.683481149191103e+75
ALBERTDAVD.NS,2024-08-29,2024-10-15,1620.47,1620,1670,1641.95,1383.68,0.6492,77.3,21.95,1.355,128591454283883165780285289478935567589918837147791205023675886443828346880,-21.95,-2.822856670984962e+75,-100.0,False,1,1,1,1,1,3,1.383199768782631e+77
ABINFRA.NS,2024-08-29,2024-10-15,7.05,5,10,7.08,7.32,0.5633,78.0,2.08,29.513,93030860926898467339135964757829847723019253790747785329383052354441445376,0.24,2.2462035042396585e+73,11.6,True,1,1,1,0,1,2,9.703754499967398e+75
AAREYDRUGS.NS,2024-08-29,2024-10-15,72.85,75,80,76.8,67.87,0.6435,81.0,1.8,2.474,99453571863108887474651069796449045225844568888780428511860511899251638272,-1.8,-1.792632843569319e+74,-100.0,False,1,1,0,1,1,2,8.783900933489663e+75
21STCENMGM.NS,2024-08-29,2024-10-15,118.35,120,125,121.46,111.1,0.1422,93.1,1.46,1.237,309494013614851185550904256168626492081251956602217998952598708526522564608,-1.46,-4.530673757261441e+74,-100.0,False,1,1,0,1,1,2,2.2200301410581058e+76
ALKEM.NS,2024-08-30,2024-10-16,6063.05,6065,6245,6144.91,5988.32,0.2066,77.0,79.91,1.318,33728300134254827590361455085881830897877216627614421542201717675064819712,-79.91,-2.6952542525421498e+75,-100.0,False,1,1,1,0,1,2,1.3206745837456532e+77
ARTEMISMED.NS,2024-08-30,2024-10-16,285.06,285,295,289.4,288.4,0.5287,71.2,4.4,1.544,24823758641899532991518063910607025129116018616981307581517300697333009219584,-1.0,-2.4872185954926847e+76,-22.77,False,1,1,1,1,1,3,5.437707919913205e+78
ALIVUS.NS,2024-08-30,2024-10-16,1047.08,1045,1080,1060.68,1166.99,0.4666,71.7,15.68,1.497,183115608955320369230308504282436519688515010122175630562690238681712689152,19.32,3.5381780817470886e+75,123.24,True,1,1,1,1,1,3,1.470815896662033e+77
AJOONI.NS,2024-08-30,2024-10-16,8.95,10,15,10.33,8.24,0.547,79.7,0.33,3.741,6205967849061722181592165377263143239617721380893057799538604976110726807552,-0.33,-2.0776999501542576e+75,-100.0,False,1,1,1,1,1,3,1.0180729755755863e+77
APOLLOHOSP.NS,2024-08-30,2024-10-16,6899.71,6900,7105,6991.0,7042.94,0.1938,68.6,91.0,1.319,1025085942076375926574953911032636724470463615986605893670751859475113574400,51.93,5.3237695777113774e+76,57.07,True,1,1,1,0,1,2,4.7174138931494935e+78
ARIHANTCAP.NS,2024-08-30,2024-10-16,87.95,90,95,91.91,118.91,0.7103,67.5,1.91,2.168,48187723913843109333804437171500509801681178231108170733789733121213947969536,3.09,1.4903364236447069e+77,162.16,True,1,1,1,1,1,3,4.744282502601714e+78
AJANTPHARM.NS,2024-08-30,2024-10-16,3178.71,3180,3275,3222.56,3272.3,0.4098,61.8,42.56,1.339,31429230163224001769233897413195808219797384859122194095411337826825928704,49.74,1.5633098103788652e+75,116.88,True,1,1,1,0,1,2,6.84418749382595e+76
ADSL.NS,2024-08-30,2024-10-16,260.25,260,270,264.37,295.32,0.5807,80.1,4.37,1.677,298612635804064060958097437462757265058283073129296051195950436881327456256,5.63,1.6826801016900814e+75,129.09,True,1,1,0,1,1,2,6.685499291921804e+76
ADL.NS,2024-08-30,2024-10-16,101.96,100,105,102.4,101.47,0.3532,63.6,2.4,2.357,715562935177062825396725580642537903030942078282796605322822274051439853568,-0.93,-6.676341734138832e+74,-38.83,False,1,1,1,1,1,3,8.530799390728994e+76
AJOONI.NS,2024-09-02,2024-10-17,9.39,10,15,10.51,8.08,0.5574,84.9,0.51,5.428,3994524423388109805344915436781569928020823435692412682788445970002272583680,-0.51,-2.0361459511511725e+75,-100.0,False,1,1,0,1,1,2,9.977115160640745e+76
ADSL.NS,2024-09-02,2024-10-17,276.37,275,285,279.45,285.7,0.6057,82.7,4.45,1.61,300571275001466359348416768394357456756217637409403751683889211586203615232,5.55,1.6686128916303029e+75,124.79,True,1,1,0,1,1,2,6.852360581084835e+76
ALICON.NS,2024-09-02,2024-10-17,1471.73,1470,1515,1490.24,1289.6,0.4561,70.6,20.24,1.375,116492965312142898380808045032329224331322291626763457341492789835957534720,-20.24,-2.3577503230942053e+75,-100.0,False,1,1,1,1,1,3,1.1552976583161606e+77
ADL.NS,2024-09-02,2024-10-17,103.64,105,110,106.92,98.67,0.3554,66.1,1.92,1.849,890289061443837201554819113518187610487505822899589762539196393479590641664,-1.92,-1.7061598781457988e+75,-100.0,False,1,1,1,1,1,3,8.360183402914413e+76
ALIVUS.NS,2024-09-02,2024-10-17,1053.84,1055,1085,1068.41,1119.64,0.4543,62.6,13.41,1.272,219434828410825643390982283980902193666532101601833190985262969495608098816,16.59,3.641413059000703e+75,123.79,True,1,1,1,0,1,2,1.50723002725204e+77
ATLANTAA.NS,2024-09-02,2024-10-17,51.77,50,55,52.28,53.78,0.2985,75.6,2.28,4.399,251288223629158265702709653807007054665744330573043772373548982873332230651904,1.5,3.775372389117108e+77,65.96,True,1,1,1,0,1,2,2.899413422182109e+79
ARIHANTCAP.NS,2024-09-02,2024-10-17,93.93,95,100,97.01,116.97,0.7259,76.4,2.01,2.136,47288237976434176448051601378284921166517630866881990558709740128824650104832,2.99,1.415555398301366e+77,149.19,True,1,1,1,1,1,3,4.885838042431851e+78
ABINFRA.NS,2024-09-02,2024-10-17,7.14,5,10,7.16,7.39,0.5618,61.5,2.16,30.3,89676601385616030505514195529281083096739864323644550961111222080541556736,0.23,2.0691431531382735e+73,10.66,True,1,1,1,0,1,2,9.72444593149878e+75
ARVINDFASN.NS,2024-09-03,2024-10-18,556.83,555,575,564.0,598.7,0.2591,92.7,9.0,1.617,12370486341593567049441422761466801360681325196871100217909835829728572866560,11.0,1.3604517703287386e+77,122.16,True,1,1,0,1,1,2,5.7042726669827465e+78
ARIHANTCAP.NS,2024-09-03,2024-10-18,94.1,95,100,97.02,118.11,0.6807,79.8,2.02,2.149,48334786590169539023180095023153928852514709973947116214626173659229389324288,2.98,1.4395717210221067e+77,147.32,True,1,1,1,0,1,2,5.029795214534062e+78
APOLLOHOSP.NS,2024-09-04,2024-10-21,6903.1,6905,7110,6995.89,6958.38,0.1995,74.5,90.89,1.317,1038080934742510469286467859879948246615044245102808564049511725968610295808,-37.51,-3.894020109565197e+76,-41.27,False,1,1,1,0,1,2,4.6784736920538415e+78
ADFFOODS.NS,2024-09-04,2024-10-21,272.21,270,280,274.6,293.61,0.4409,76.6,4.6,1.69,449964712867994939683042374022474999970688386617243113243556960438394552320,5.4,2.429421237473828e+75,117.35,True,1,1,1,0,1,2,1.059407157977799e+77
AJOONI.NS,2024-09-04,2024-10-21,10.34,10,15,10.89,7.83,0.4721,94.2,0.89,8.605,2242773095989939676855857654023883562364922010136904873983668797729264369664,-0.89,-1.995423032128149e+75,-100.0,False,1,1,0,1,1,2,9.777572857427931e+76
ABINFRA.NS,2024-09-04,2024-10-21,7.21,5,10,7.24,8.07,0.4943,65.6,2.24,31.062,86786796254046645033847023408967639696372103680909962636017787662376108032,0.83,7.205618478335188e+73,37.05,True,1,1,1,0,1,2,9.796502116282131e+75
ADSL.NS,2024-09-04,2024-10-21,288.59,290,295,292.2,294.58,0.6793,79.9,2.2,0.762,622908895883835831213783722473106772498627612961073743944950839207941636096,2.38,1.4849705489048281e+75,108.35,True,1,1,1,1,1,3,7.000857635975317e+76
ARIHANTCAP.NS,2024-09-04,2024-10-21,101.06,100,105,102.19,116.5,0.7084,87.9,2.19,2.165,45983943400326219137936251285158900717160400485220373011246284345107397214208,2.81,1.2932381271094984e+77,128.56,True,1,1,0,1,1,2,5.159119027245011e+78
ALIVUS.NS,2024-09-04,2024-10-21,1069.46,1070,1100,1083.49,1107.01,0.4236,68.5,13.49,1.262,223405745525953373762220343264915443691523166237580351921770739610058489856,16.51,3.6877123112745216e+75,122.33,True,1,1,1,0,1,2,1.5441071503647852e+77
ARVINDFASN.NS,2024-09-04,2024-10-21,578.46,580,595,586.7,592.92,0.2705,93.6,6.7,1.158,17037508292473190890342480615772310586953140953906481055251969809109699526656,6.22,1.060118255692448e+77,92.92,True,1,1,0,1,1,2,5.810284492551992e+78
AAREYDRUGS.NS,2024-09-04,2024-10-21,73.61,75,80,76.89,63.41,0.6544,72.8,1.89,2.569,92917356408169073032368171169059041625607703511554080154840984259645145088,-1.89,-1.7567801866979327e+74,-100.0,False,1,1,1,0,1,2,8.60822291481987e+75
ASALCBR.NS,2024-09-05,2024-10-22,937.27,935,965,948.45,892.15,0.5204,76.9,13.45,1.435,11046993998260602812517831896318076173312431451230241448807501774724091871232,-13.45,-1.4855640599154627e+77,-100.0,False,1,1,1,1,1,3,7.279263893585766e+78
AJANTPHARM.NS,2024-09-05,2024-10-22,3263.53,3265,3360,3307.7,2917.88,0.3843,68.6,42.7,1.308,32060684835451800426873872551448721576333384398947453954014363753637740544,-42.7,-1.3688374987651902e+75,-100.0,False,1,1,1,0,1,2,6.707303743949431e+76
ALPA.NS,2024-09-05,2024-10-22,121.69,120,125,122.26,110.02,0.6766,75.8,2.26,1.855,1230452270185577230665233810381133803236050039051000943801755794381100548096,-2.26,-2.77810664192502e+75,-100.0,False,1,1,1,1,1,3,1.36127225454326e+77
ASHOKA.NS,2024-09-05,2024-10-22,267.43,265,275,269.59,229.73,0.4908,80.8,4.59,1.715,74729141954737376924438226053398298898728675170476077714672901764892665577472,-4.59,-3.4271090477622684e+77,-100.0,False,1,1,0,1,1,2,1.6792834334035114e+79
ANIKINDS.NS,2024-09-05,2024-10-22,81.56,80,85,82.3,78.94,0.3856,80.2,2.3,2.82,8108825311073135957639636605039150815782153350301908430497836504919205478400,-2.3,-1.8647916651952613e+76,-100.0,False,1,1,0,1,1,2,9.13747915945678e+77
ACUTAAS.NS,2024-09-05,2024-10-22,721.55,720,745,731.23,737.3,0.3566,78.3,11.23,1.557,269074634616271434921849179308038131059057225345237914115241033255444545536,6.06,1.6319190255003395e+75,53.99,True,1,1,1,1,1,3,1.5277550865601444e+77
ANANTRAJ.NS,2024-09-05,2024-10-22,623.75,625,640,631.72,688.22,0.5012,65.3,6.72,1.078,2162561254893279335453830027502872355586886647908173075579985369486426374144,8.28,1.7903331804985677e+76,123.17,True,1,1,1,0,1,2,7.446576827256612e+77
ALIVUS.NS,2024-09-05,2024-10-22,1087.22,1085,1120,1100.79,1039.72,0.4242,71.3,15.79,1.452,195629621275767466506034561656350979600710266531515357781561266018141077504,-15.79,-3.0882143007295706e+75,-100.0,False,1,1,1,0,1,2,1.5132250073574894e+77
APOLLOHOSP.NS,2024-09-05,2024-10-22,6906.48,6905,7115,6998.22,6864.3,0.1976,68.0,93.22,1.35,1003745636086704004953367760770155745614568677915804324165994919747706159104,-93.22,-9.356947384107684e+76,-100.0,False,1,1,1,0,1,2,4.5849042182127644e+78
ADSL.NS,2024-09-05,2024-10-22,296.99,295,305,299.46,276.47,0.6739,80.2,4.46,1.502,313956340077005744001387406380358064407034622105438869546380619796310917120,-4.46,-1.4001715271950631e+75,-100.0,False,1,1,0,1,1,2,6.86084048325581e+76
AEROENTER.NS,2024-09-05,2024-10-22,135.78,135,140,137.24,125.84,0.5588,79.4,2.24,1.651,636795721074878319899638587336935585134410193115193275211962027998216978432,-2.24,-1.4271565395435084e+75,-100.0,False,1,1,1,1,1,3,6.99306704376319e+76
ARIHANTCAP.NS,2024-09-05,2024-10-22,101.23,100,105,102.2,107.94,0.6972,86.9,2.2,2.177,46815328465515841304706408450222057986461854256848164156109417573103349792768,2.8,1.3089426178267898e+77,126.86,True,1,1,0,1,1,2,5.290013289027691e+78
ABINFRA.NS,2024-09-05,2024-10-22,7.3,5,10,7.34,8.08,0.4336,68.1,2.34,31.973,83890217115539299052155983810303533897123474917294737955351185105728045056,0.74,6.247542115381374e+73,31.89,True,1,1,1,0,1,2,9.858977537435945e+75
ASHOKA.NS,2024-09-06,2024-10-23,271.12,270,280,274.48,232.35,0.4909,81.4,4.48,1.652,74966412496708723018633552536000770345591566987799902082126646266701943930880,-4.48,-3.358566866807023e+77,-100.0,False,1,1,0,1,1,2,1.6456977647354412e+79
ASTERDM.NS,2024-09-06,2024-10-23,406.85,405,420,411.81,396.2,0.2839,66.7,6.81,1.673,37756892065753597459799837144598099604463718063003394448789564732215578853376,-6.81,-2.570405285757281e+77,-100.0,False,1,1,1,0,1,2,1.2594985900210676e+79
ANIKINDS.NS,2024-09-06,2024-10-23,83.93,85,90,86.87,78.82,0.3897,80.4,1.87,2.233,9750080602692953817250409558432763654466855260137555158880533126928853368832,-1.87,-1.827495831891356e+76,-100.0,False,1,1,0,1,1,2,8.954729576267644e+77
AJANTPHARM.NS,2024-09-06,2024-10-23,3283.37,3285,3380,3327.71,2887.5,0.3843,74.3,42.71,1.301,31410873078738034178152316648009668561182287460193881588775087559548076032,-42.71,-1.3414607487898862e+75,-100.0,False,1,1,1,0,1,2,6.573157669070443e+76
ALIVUS.NS,2024-09-06,2024-10-23,1144.41,1145,1180,1160.6,1070.5,0.4499,74.9,15.6,1.364,193947060630807452638174388604128633566068315883729280390192169734838943744,-15.6,-3.0264500147149788e+75,-100.0,False,1,1,1,1,1,3,1.4829605072103396e+77
AAATECH.NS,2024-09-06,2024-10-23,134.15,135,140,137.12,119.36,0.4901,70.5,2.12,1.582,131767796220296353856475169780141568778944568931026739906741296373876916224,-2.12,-2.795874569045437e+74,-100.0,False,1,1,1,1,1,3,1.3699785388322641e+76
AEROENTER.NS,2024-09-09,2024-10-24,136.78,135,140,137.34,122.68,0.4992,80.7,2.34,1.71,597899583884057345314043542844188545668853603789357848916351772580378574848,-2.34,-1.3986134087526382e+75,-100.0,False,1,1,0,1,1,2,6.853205702887927e+76
21STCENMGM.NS,2024-09-09,2024-10-24,135.92,135,140,137.3,113.16,0.1422,,2.3,1.69,193325233029720274989253040828586183284483074590167896394969719494091472896,-2.3,-4.4400602821162124e+74,-100.0,False,1,1,0,1,1,2,2.1756295382369438e+76
ADSL.NS,2024-09-09,2024-10-24,303.77,305,315,309.28,285.5,0.694,78.9,4.28,1.41,320403030549220163002134446132288685823309363444356071450233680383069650944,-4.28,-1.3721680966511622e+75,-100.0,False,1,1,1,0,1,2,6.723623673590694e+76
ALIVUS.NS,2024-09-09,2024-10-24,1198.57,1200,1235,1215.6,1035.49,0.4583,78.5,15.6,1.301,190159082406242207413713188250261628790239317935910529783428665177064603648,-15.6,-2.9659210144206792e+75,-100.0,False,1,1,1,1,1,3,1.4533012970661329e+77
ANIKINDS.NS,2024-09-09,2024-10-24,87.0,85,90,87.39,79.27,0.3762,81.4,2.39,2.743,7504989442046624527317192536334462088019758291024684311250996744100192976896,-2.39,-1.790945915253529e+76,-100.0,False,1,1,0,1,1,2,8.775634984742291e+77
ABINFRA.NS,2024-09-09,2024-10-24,7.44,5,10,7.46,8.65,0.4476,68.3,2.46,33.113,80037578231508113228603042077217225685688879544881847678868302823509983232,1.18,9.48317114526892e+73,48.09,True,1,1,1,0,1,2,9.953809248888633e+75
AETHER.NS,2024-09-10,2024-10-25,1059.35,1060,1090,1073.49,789.15,0.4019,77.7,13.49,1.274,93400770095521108527301580330367729567715866512682803577037968614665224192,-13.49,-1.2600809492072557e+75,-100.0,False,1,1,1,1,1,3,6.174396651115552e+76
AJANTPHARM.NS,2024-09-10,2024-10-25,3358.0,3360,3460,3404.77,2909.94,0.4049,69.4,44.77,1.333,29363095302311080008109385358981186568662828316846115287876638666196516864,-44.77,-1.3146315338140885e+75,-100.0,False,1,1,1,1,1,3,6.441694515689034e+76
ARTEMISMED.NS,2024-09-10,2024-10-25,285.51,285,295,289.46,264.08,0.4627,68.0,4.46,1.561,24399870444721370705890787650556013354011693765074862064370861163199292506112,-4.46,-1.087541583982641e+77,-100.0,False,1,1,1,0,1,2,5.328953761514941e+78
APARINDS.NS,2024-09-10,2024-10-25,9235.47,9235,9515,9360.82,9394.13,0.3011,74.8,125.82,1.362,474309622743944426726083177098482038947554420826482129107225275781294850048,33.31,1.5799924502348575e+76,26.48,True,1,1,1,0,1,2,2.999691752888264e+78
21STCENMGM.NS,2024-09-10,2024-10-25,138.63,140,145,141.7,110.89,0.1422,,1.7,1.224,256370648373808938296416077062540184945983978636268227778508916780034949120,-1.7,-4.351259076473888e+74,-100.0,False,1,1,0,1,1,2,2.1321169474722048e+76
ALIVUS.NS,2024-09-10,2024-10-25,1277.3,1275,1315,1293.08,933.43,0.4121,81.1,18.08,1.415,160782413492537206929998946168263026181012544291490847261795293840946495488,-18.08,-2.906602594132266e+75,-100.0,False,1,1,0,1,1,2,1.4242352711248103e+77
ABINFRA.NS,2024-09-10,2024-10-25,7.58,10,15,10.0,8.84,0.304,70.9,0.0,0.022,116808234785482387831256010253638182988566615803317207726085717956314651426816,-0.0,-1.9907618497777264e+74,-100.0,False,1,1,1,0,1,2,9.75473306391086e+75
ARVINDFASN.NS,2024-09-11,2024-10-28,582.15,580,600,589.11,555.43,0.2855,76.4,9.11,1.565,12758767280149952516871805027715096717354466706518256120890443750750080204800,-9.11,-1.1620568985103982e+77,-100.0,False,1,1,1,1,1,3,5.694078802700952e+78
ARTEMISMED.NS,2024-09-11,2024-10-28,286.85,285,295,289.57,271.71,0.4588,64.1,4.57,1.594,23306840175050267334177935379125451454820455207429493333709930425359129378816,-4.57,-1.0657907523029882e+77,-100.0,False,1,1,1,0,1,2,5.222374686284642e+78
APLLTD.NS,2024-09-11,2024-10-28,1233.98,1235,1270,1250.69,1062.29,0.4331,68.4,15.69,1.271,2168381986623099982837941314604062090333229542489967061385420131104175685632,-15.69,-3.4020954158989917e+76,-100.0,False,1,1,1,0,1,2,1.6670267537905057e+78
ACUTAAS.NS,2024-09-11,2024-10-28,725.84,725,750,736.16,805.01,0.3201,69.4,11.16,1.537,273817967917452935116881927896521180039919382839981497388598488889200476160,13.84,3.789939024816034e+75,124.04,True,1,1,1,0,1,2,1.5656544768083047e+77
ADL.NS,2024-09-11,2024-10-28,122.17,120,125,122.27,91.61,0.7249,77.3,2.27,1.859,736354784416780013455788082987495596058122236153502671735473330790089097216,-2.27,-1.6720366805828827e+75,-100.0,False,1,1,1,1,1,3,8.192979734856125e+76
ALIVUS.NS,2024-09-11,2024-10-28,1282.48,1280,1320,1298.11,973.87,0.4018,80.7,18.11,1.412,157275077567666136907695862245627846923882632878492494146683675985819205632,-18.11,-2.8484705422496206e+75,-100.0,False,1,1,0,1,1,2,1.395750565702314e+77
ASALCBR.NS,2024-09-11,2024-10-28,950.0,950,980,963.33,890.4,0.5041,68.7,13.33,1.403,10925523986735910374114740825347754305288811160616157747766062626191750201344,-13.33,-1.4558527787171534e+77,-100.0,False,1,1,1,1,1,3,7.133678615714051e+78
ADVENZYMES.NS,2024-09-11,2024-10-28,502.2,500,515,506.8,437.63,0.5439,67.4,6.8,1.354,196531601896077558968115995354763283599398195467886727060484742277033361408,-6.8,-1.33619993535559e+75,-100.0,False,1,1,1,1,1,3,6.547379683242391e+76
ALPA.NS,2024-09-11,2024-10-28,123.64,125,130,127.06,109.53,0.6894,70.3,2.06,1.665,1322286146211096711199481552115611780017464006564401309774971254594431090688,-2.06,-2.72254450908652e+75,-100.0,False,1,1,1,1,1,3,1.3340468094523946e+77
APARINDS.NS,2024-09-11,2024-10-28,9897.8,9900,10195,10032.52,9239.75,0.3768,79.7,132.52,1.339,452725217810528393319172201459933236068482202209887863096463021504819363840,-132.52,-5.999383505776528e+76,-100.0,False,1,1,1,1,1,3,2.9396979178304988e+78
ABREL.NS,2024-09-11,2024-10-28,2606.46,2605,2685,2640.77,2739.06,0.4845,66.9,35.77,1.372,67516498994402053662284482211593243016437614547915458535213281801924509696,44.23,2.9862574914837846e+75,123.65,True,1,1,1,1,1,3,1.2373937889490275e+77
ANTGRAPHIC.NS,2024-09-12,2024-10-29,2.37,5,10,5.0,1.52,0.6395,68.3,0.0,0.004,111148235690681477491618853224209592696539279637807844302425276884148560320266240,-0.0,-1.129119286119352e+76,-100.0,False,1,1,1,1,1,3,5.532684501984825e+77
APOLLOHOSP.NS,2024-09-12,2024-10-29,7033.47,7035,7245,7127.0,6959.42,0.1669,63.8,92.0,1.308,996760803936953793160910134804574373488696001700648271282103021485516914688,-92.0,-9.169808436425529e+76,-100.0,False,1,1,1,1,1,3,4.4932061338485095e+78
ACUTAAS.NS,2024-09-12,2024-10-29,727.48,725,750,736.36,909.25,0.3133,75.5,11.36,1.561,275708173983356760990062973944177254699955414874262942863170846863453585408,13.64,3.76139539596731e+75,120.12,True,1,1,1,0,1,2,1.6032684307679778e+77
ABINFRA.NS,2024-09-12,2024-10-29,7.62,10,15,10.0,8.66,0.2913,78.1,0.0,0.018,140062759460707632167797074378860652657593700987292057415199374511419085029376,-0.0,-1.950946612782172e+74,-100.0,False,1,1,1,0,1,2,9.559638402632643e+75
ASALCBR.NS,2024-09-12,2024-10-29,950.05,950,980,963.33,902.73,0.5034,59.9,13.33,1.403,10703621858258577243141595069302834968103523176802240225548644618401201782784,-13.33,-1.42673572314281e+77,-100.0,False,1,1,1,0,1,2,6.99100504339977e+78
ADFFOODS.NS,2024-09-12,2024-10-29,288.05,290,295,292.21,278.27,0.5512,72.3,2.21,0.769,956725905375814638318414125525534015984518476108835505839720615871674056704,-2.21,-2.118814315955598e+75,-100.0,False,1,1,1,1,1,3,1.038219014818243e+77
APARINDS.NS,2024-09-12,2024-10-29,10034.94,10035,10335,10170.0,9496.72,0.3552,76.9,135.0,1.345,435525922076047751595121084180051501770437209477580706866563853504993034240,-135.0,-5.879395835660997e+76,-100.0,False,1,1,1,0,1,2,2.880903959473889e+78
ADL.NS,2024-09-12,2024-10-29,146.6,145,150,147.17,92.91,0.9326,88.0,2.17,1.48,755383085113343438693561412789668746830083135128718007085809772021715828736,-2.17,-1.638595946971225e+75,-100.0,False,1,1,0,1,1,2,8.029120140159003e+76
ASTERDM.NS,2024-09-12,2024-10-29,410.99,410,425,416.55,424.44,0.1796,63.9,6.55,1.593,38470924024617862561938715700676091990534243470399460958245772843146773790720,7.89,3.0362169287385223e+77,120.53,True,1,1,1,1,1,3,1.2898607593084528e+79
ADVENZYMES.NS,2024-09-12,2024-10-29,523.03,525,540,531.57,439.94,0.5523,71.4,6.57,1.255,199445232333634681818967571836624671572879196872229503645169163834893533184,-6.57,-1.3094759366484783e+75,-100.0,False,1,1,1,1,1,3,6.416432089577542e+76
ATLANTAA.NS,2024-09-12,2024-10-29,56.12,55,60,57.06,49.86,0.2512,85.5,2.06,3.662,282159694504655820562436504175992490727399139194521809877919929300553364930560,-2.06,-5.798826844364218e+77,-100.0,False,1,1,0,1,1,2,2.8414251537384668e+79
ABREL.NS,2024-09-12,2024-10-29,2775.77,2775,2860,2812.97,2728.39,0.4791,72.1,37.97,1.368,65170950977388999589809158539158931287491303558588119281263957984988364800,-37.97,-2.474787577898055e+75,-100.0,False,1,1,1,1,1,3,1.2126459131700468e+77
ARVINDFASN.NS,2024-09-12,2024-10-29,582.4,580,600,589.14,554.09,0.2883,76.2,9.14,1.57,12458086963736035148463792062212345232271452994009131201567860038933342584832,-9.14,-1.1388157605401905e+77,-100.0,False,1,1,1,0,1,2,5.580197226646933e+78
AEROFLEX.NS,2024-09-12,2024-10-29,201.76,200,210,204.43,183.32,0.523,69.8,4.43,2.197,291089499732637467984240173329013896152337776902676934783764427514417512448,-4.43,-1.2900364763824988e+75,-100.0,False,1,1,1,0,1,2,6.321178734274243e+76
ANANTRAJ.NS,2024-09-12,2024-10-29,636.63,635,655,644.0,682.53,0.504,70.6,9.0,1.414,1654916633467329308160854240492293341291288361494503476314759781258549526528,11.0,1.8205179014833362e+76,122.24,True,1,1,1,0,1,2,7.628628617404946e+77
ADVENZYMES.NS,2024-09-13,2024-10-30,524.06,525,540,531.63,446.67,0.5526,70.0,6.63,1.264,193701646739468540195929464784713521958041499983766138973383000613839699968,-6.63,-1.2832864179155085e+75,-100.0,False,1,1,1,1,1,3,6.288103447785991e+76
ARVINDFASN.NS,2024-09-13,2024-10-30,583.4,585,600,591.71,554.54,0.2888,74.9,6.71,1.15,16639190148329671116469074133630565166963476364272662250892044349598244798464,-6.71,-1.1160394453293866e+77,-100.0,False,1,1,1,0,1,2,5.468593282113994e+78
ABREL.NS,2024-09-13,2024-10-30,2888.47,2890,2975,2927.91,2688.15,0.4877,74.4,37.91,1.312,63981142139331891966864075562840788369221681901940757220715774110620188672,-37.91,-2.425291826340094e+75,-100.0,False,1,1,1,1,1,3,1.188392994906646e+77
ARTEMISMED.NS,2024-09-13,2024-10-31,287.65,290,295,292.22,279.33,0.4182,58.0,2.22,0.771,47078253348331626238149271018886779880286412417033679809138603944355630678016,-2.22,-1.0444749372569283e+77,-100.0,False,1,1,1,0,1,2,5.1179271925589485e+78
ACUTAAS.NS,2024-09-13,2024-10-30,753.83,755,775,764.01,958.65,0.3185,78.0,9.01,1.195,355883940596006329047293841194904735180983902470717082292434914927039217664,10.99,3.911141950384171e+75,121.97,True,1,1,1,1,1,3,1.6423798502718195e+77
ASALCBR.NS,2024-09-13,2024-10-30,953.89,955,985,968.26,920.15,0.4943,55.6,13.26,1.39,10542541872219346874426651746571391034842246961663886212261024518266085703680,-13.26,-1.398201008679954e+77,-100.0,False,1,1,1,0,1,2,6.851184942531775e+78
ANTGRAPHIC.NS,2024-09-13,2024-10-30,2.47,5,10,5.0,1.59,0.6395,68.5,0.0,0.008,53978155654722784292307307315571579276471304922089275022609841976640426785898496,-0.0,-1.1065369003969649e+76,-100.0,False,1,1,1,0,1,2,5.422030811945128e+77
ANANTRAJ.NS,2024-09-13,2024-10-30,645.07,645,665,653.96,691.92,0.2884,65.9,8.96,1.389,1702588955585657867287015746238789447905405567984230175666263488114049679360,11.04,1.8794521876903265e+76,123.18,True,1,1,1,0,1,2,7.816573836173979e+77
APARINDS.NS,2024-09-13,2024-10-30,10338.54,10340,10650,10479.3,9374.75,0.3618,79.4,139.3,1.347,413611644741488035744806166727094349581629541916617066028293852470672621568,-139.3,-5.761807918947778e+76,-100.0,False,1,1,1,0,1,2,2.823285880284411e+78
ARTEMISMED.NS,2024-09-16,2024-11-01,292.14,290,300,294.63,278.48,0.415,64.4,4.63,1.584,22122469642101021428387278356418888387557946283420049366161126844601672400896,-4.63,-1.0235854385117898e+77,-100.0,False,1,1,1,1,1,3,5.0155686487077695e+78
ARVINDFASN.NS,2024-09-16,2024-10-31,588.28,590,605,596.7,564.36,0.2859,74.8,6.7,1.139,16319100122270296374471402819767463814612915752987473846443236499714230714368,-6.7,-1.093718656422799e+77,-100.0,False,1,1,1,0,1,2,5.3592214164717144e+78
ANANTRAJ.NS,2024-09-16,2024-10-31,646.97,645,665,654.19,739.91,0.2649,69.5,9.19,1.421,1700718701785737267084069514337267459666471287960615565029404488931062317056,10.81,1.8381226363366786e+76,117.58,True,1,1,1,0,1,2,8.000386099807647e+77
ASALCBR.NS,2024-09-16,2024-10-31,997.06,995,1025,1008.51,920.15,0.5053,63.3,13.51,1.355,10144038172191775522627280099202889638021015025986067692039670383469792329728,-13.51,-1.3702369885063551e+77,-100.0,False,1,1,1,0,1,2,6.7141612436811395e+78
ARIHANTCAP.NS,2024-09-16,2024-10-31,116.37,115,120,117.22,110.81,0.7224,86.4,2.22,1.906,47701443199142128310454916373603347991468056915643576975161761741179497480192,-2.22,-1.0580026578055382e+77,-100.0,False,1,1,0,1,1,2,5.184213023247137e+78
ABINFRA.NS,2024-09-16,2024-10-31,7.71,10,15,10.0,8.39,0.2961,77.7,0.0,0.029,84597299280534235667084229552744299489448217505851491780779122403278262894592,-0.0,-1.9119276805265288e+74,-100.0,False,1,1,1,0,1,2,9.36844563457999e+75
ADVENZYMES.NS,2024-09-16,2024-10-31,540.43,540,555,546.77,465.0,0.4784,71.5,6.77,1.252,185805750159094144886640331626336317005822221160803072411833567619531669504,-6.77,-1.2576206895571983e+75,-100.0,False,1,1,1,1,1,3,6.162341378830271e+76
AARTISURF.NS,2024-09-16,2024-10-31,766.04,765,790,775.96,736.75,0.6704,77.6,10.96,1.43,12112985023938982922851934797852634359245387070007082424280366436459741184,-10.96,-1.3271501704368192e+74,-100.0,False,1,1,1,1,1,3,6.503035835140413e+75
ARVINDFASN.NS,2024-09-17,2024-11-01,597.3,595,615,604.15,577.86,0.281,74.8,9.15,1.533,11708888850900271936802388368049028214217440150675394507717179591623377420288,-9.15,-1.0718442832943429e+77,-100.0,False,1,1,1,0,1,2,5.25203698814228e+78
ANANTRAJ.NS,2024-09-17,2024-11-01,648.82,650,670,658.76,756.29,0.2465,69.4,8.76,1.35,1826252964261205589947195949834961654565710895467465121240217009847342727168,11.24,2.052428708560882e+76,128.27,True,1,1,1,0,1,2,8.205628970663735e+77
AARTISURF.NS,2024-09-17,2024-11-01,898.52,900,925,910.68,734.65,0.855,86.4,10.68,1.189,12177127042986874657156194234091900133983308902059146014483850448416538624,-10.68,-1.3006071670280827e+74,-100.0,False,1,1,0,1,1,2,6.372975118437605e+75
ACUTAAS.NS,2024-09-18,2024-11-04,791.57,790,815,801.35,985.22,0.3397,81.6,11.35,1.433,289517712102582485456999540018743195365104571450376481651845319301271650304,13.65,3.953183102020923e+75,120.35,True,1,1,0,1,1,2,1.6819116812920288e+77
AAATECH.NS,2024-09-18,2024-11-04,143.41,145,150,147.09,118.48,0.5974,78.2,2.09,1.455,131325194048618704597139141478116830192316463793879347776771603861080113152,-2.09,-2.739957077664528e+74,-100.0,False,1,1,1,1,1,3,1.3425789680556189e+76
ANANTRAJ.NS,2024-09-18,2024-11-04,663.0,665,685,673.7,726.18,0.2534,79.1,8.7,1.312,1886495061367625808953166230571027750507550701254172173493475234882533720064,11.3,2.1318643286025047e+76,129.9,True,1,1,1,1,1,3,8.418815403523985e+77
ASTERDM.NS,2024-09-18,2024-11-04,414.88,415,425,419.57,432.57,0.1748,67.4,4.57,1.101,56459989576313242946087910146705703325217985550062853520289717219039811469312,5.43,3.0662774390144184e+77,118.86,True,1,1,1,1,1,3,1.320523533698597e+79
ASAHIINDIA.NS,2024-09-19,2024-11-05,706.77,705,730,716.24,707.17,0.3262,71.9,11.24,1.59,6426486744620180246071904217222403446542399498120530002720138927154934054912,-9.07,-5.826477080814157e+76,-80.69,False,1,1,1,1,1,3,3.552104805439602e+78
ANANTRAJ.NS,2024-09-20,2024-11-06,721.98,720,745,731.29,765.28,0.314,90.1,11.29,1.563,1491762365393354908521446538943442650255339992383066898642302300923893907456,13.71,2.0456428327785903e+76,121.49,True,1,1,0,1,1,2,8.623379686801843e+77
ATLANTAA.NS,2024-09-20,2024-11-06,63.17,65,70,65.96,57.28,0.1878,86.7,0.96,1.514,594356026291811508414477449945920734556343935985617462722788359723959025926144,-0.96,-5.682850307476934e+77,-100.0,False,1,1,0,1,1,2,2.7845966506636975e+79
ASAHIINDIA.NS,2024-09-20,2024-11-06,775.71,775,800,786.18,710.41,0.4516,80.6,11.18,1.442,6353195216284529880582717824433206778506566395524200246985178935757551697920,-11.18,-7.104209610879205e+76,-100.0,False,1,1,0,1,1,2,3.4810627093308102e+78
ACUTAAS.NS,2024-09-20,2024-11-06,814.82,815,840,826.19,1040.89,0.3957,79.6,11.19,1.374,300554370078261384952919694790370447514362624315801137701510984784513335296,13.81,4.150035889372477e+75,123.37,True,1,1,1,1,1,3,1.7234120401857535e+77
ASTERDM.NS,2024-09-20,2024-11-06,415.18,415,430,421.39,435.77,0.1803,68.1,6.39,1.539,41342887434124027675388520631325041958495116665451800930087380309266319540224,8.61,3.56038604772141e+77,134.81,True,1,1,1,0,1,2,1.356127394175811e+79
APOLLOHOSP.NS,2024-09-20,2024-11-06,7054.24,7055,7265,7145.48,6940.15,0.1348,66.7,90.48,1.283,993178181375451706992829648843108854431878199565429718663755877739059478528,-90.48,-8.986412267697019e+76,-100.0,False,1,1,1,0,1,2,4.4033420111715396e+78
ABINFRA.NS,2024-09-23,2024-11-07,7.85,10,15,10.02,8.55,0.3753,72.3,0.02,0.222,10768611380953638563891731643278477957869861440107946152471835366435781083136,-0.02,-1.8736891269159983e+74,-100.0,False,1,1,1,1,1,3,9.18107672188839e+75
ASALCBR.NS,2024-09-23,2024-11-07,1000.26,1000,1030,1013.48,947.95,0.4185,66.8,13.48,1.348,9960266988004938603710704373921791344801865954035526013963443056748785565696,-13.48,-1.342832248736228e+77,-100.0,False,1,1,1,0,1,2,6.579878018807516e+78
ATLANTAA.NS,2024-09-23,2024-11-07,64.43,65,70,66.39,56.13,0.1878,86.9,1.39,2.155,401166686758009974674191900646066727277436531616413616419917722432364141871104,-1.39,-5.569193301327395e+77,-100.0,False,1,1,0,1,1,2,2.7289047176504236e+79
APTUS.NS,2024-09-23,2024-11-07,360.19,360,370,364.56,333.75,0.3094,80.2,4.56,1.265,26659882110462812480596222777086551828917080078269813505129814763048064253952,-4.56,-1.2148698951162061e+77,-100.0,False,1,1,0,1,1,2,5.952862486069411e+78
APOLLOHOSP.NS,2024-09-23,2024-11-07,7124.11,7125,7340,7216.73,7395.07,0.128,74.0,91.73,1.288,960062631311410731525875635340522734572574416191262285788992253444021551104,123.27,1.1834662550852252e+77,134.38,True,1,1,1,0,1,2,4.521688636680062e+78
ARVINDFASN.NS,2024-09-23,2024-11-07,606.18,605,625,614.03,584.64,0.3127,68.4,9.03,1.49,11632397843700258533480220762374787714410810388981294300037551937859088285696,-9.03,-1.050407397628456e+77,-100.0,False,1,1,1,0,1,2,5.146996248379434e+78
ANANTRAJ.NS,2024-09-23,2024-11-07,740.51,740,765,751.13,747.2,0.2957,90.6,11.13,1.503,1549189401142910314023692208916279180720449072534791060453806574260457570304,-3.93,-6.091725779216864e+75,-35.32,False,1,1,0,1,1,2,8.562462429009674e+77
ASTERDM.NS,2024-09-23,2024-11-07,416.26,415,430,421.62,428.88,0.1771,71.3,6.62,1.59,40978262065788155295391595597152133147171426995922460193799132321242714996736,7.26,2.973529095569045e+77,109.63,True,1,1,1,0,1,2,1.3858626851315015e+79
AMBER.NS,2024-09-23,2024-11-07,4994.65,4995,5145,5061.31,6222.1,0.5888,65.8,66.31,1.328,32081893023996316190933653199137158081698014440385808444715428789908144128,83.69,2.68497321030528e+75,126.21,True,1,1,1,1,1,3,1.0905051037501364e+77
ASAHIINDIA.NS,2024-09-23,2024-11-07,818.7,820,845,831.07,705.27,0.4784,82.1,11.07,1.352,6291947785353090069693513129957970687630835132598848174513906677964234293248,-11.07,-6.962125418661621e+76,-100.0,False,1,1,0,1,1,2,3.411441455144194e+78
ABFRL.NS,2024-09-23,2024-11-07,344.5,345,355,349.46,296.75,0.3041,69.0,4.46,1.295,66985377600215242200932957427253768535730707825025840734920679654011437056,-4.46,-2.989445904686085e+74,-100.0,False,1,1,1,1,1,3,1.4648284932961814e+76
ABFRL.NS,2024-09-24,2024-11-08,348.1,350,360,354.32,297.15,0.3046,75.6,4.32,1.242,67745812716611698900599526512456531760836180846035106549445036862500503552,-4.32,-2.929656986592363e+74,-100.0,False,1,1,1,0,1,2,1.4355319234302578e+76
ASTRAZEN.NS,2024-09-24,2024-11-08,7851.41,7850,8085,7954.07,7281.91,0.5838,75.3,104.07,1.326,3612956190641172394819841009445396141726092533959906060496559581287606648832,-104.07,-3.760071361886832e+77,-100.0,False,1,1,1,1,1,3,1.8424349673245474e+79
ARVSMART.NS,2024-09-24,2024-11-08,857.68,860,885,870.94,909.67,0.5992,71.7,10.94,1.275,7383255584043256187249120049933306769337469495097610187760535103705398116352,14.06,1.0381922822465239e+77,128.55,True,1,1,1,1,1,3,4.141927297046104e+78
ADANIGREEN.NS,2024-09-24,2024-11-08,2070.55,2070,2135,2099.11,1598.55,0.408,66.0,29.11,1.406,73003040491669209823040057341987093512382826255544860028522086337882357760,-29.11,-2.124994884197619e+75,-100.0,False,1,1,1,0,1,2,1.0412474932568333e+77
ARIHANTSUP.NS,2024-09-26,2024-11-12,389.93,390,400,394.52,343.6,0.4568,74.8,4.52,1.16,26990401511465792849589467658718263660791835292558788748183835573829719031808,-4.52,-1.220893796890553e+77,-100.0,False,1,1,1,1,1,3,5.98237960476371e+78
APOLLOHOSP.NS,2024-09-26,2024-11-12,7139.1,7140,7355,7231.56,6991.39,0.1253,71.7,91.56,1.282,987722189909633774340667512575103904908352551271397286379293532549571149824,-91.56,-9.043377273360124e+76,-100.0,False,1,1,1,0,1,2,4.431254863946461e+78
APOLLOTYRE.NS,2024-09-26,2024-11-12,551.26,550,570,558.83,460.5,0.213,76.9,8.83,1.601,16061245476285622760120941072971756445103400972660387423421830596781940932608,-8.83,-1.4177842054583378e+77,-100.0,False,1,1,1,1,1,3,6.9471426067458545e+78
ABCOTS.NS,2024-09-27,2024-11-13,409.5,410,420,414.48,340.95,0.5298,,4.48,1.094,56510283586379997797525822498838781604932871058205041715039139094610313216,-4.48,-2.5320504699113924e+74,-100.0,False,1,1,0,1,1,2,1.2407047302565822e+76
ABFRL.NS,2024-09-27,2024-11-13,352.1,350,365,356.73,290.1,0.3058,76.0,6.73,1.912,42640128021225548706452322125397344632903320561883194063497744680635858944,-6.73,-2.871063846860516e+74,-100.0,False,1,1,1,1,1,3,1.4068212849616526e+76
APOLLOHOSP.NS,2024-09-27,2024-11-13,7204.98,7205,7420,7296.97,6831.34,0.1245,80.1,91.97,1.276,963663423652278217642528166001385716999173073378611728290358002872412536832,-91.97,-8.862509727892924e+76,-100.0,False,1,1,0,1,1,2,4.342629766667532e+78
ALPA.NS,2024-09-27,2024-11-13,132.02,130,135,132.19,108.13,0.9172,63.9,2.19,1.659,1218342658067548332895611936176644176822142018110563617412999056739836887040,-2.19,-2.668093618904789e+75,-100.0,False,1,1,1,1,1,3,1.3073658732633468e+77
ARIHANTSUP.NS,2024-09-27,2024-11-13,402.68,405,415,409.4,326.11,0.3942,74.3,4.4,1.094,27171218596988932063681387309142267433542372893286135802623366148933487165440,-4.4,-1.196475920952742e+77,-100.0,False,1,1,1,1,1,3,5.862732012668436e+78
ARIHANTSUP.NS,2024-09-30,2024-11-14,419.27,420,430,424.53,343.15,0.4056,84.3,4.53,1.079,25908599916293681957221764936113026509907001596938545754746854294196739637248,-4.53,-1.1725464025336873e+77,-100.0,False,1,1,0,1,1,2,5.7454773724150674e+78
ALPA.NS,2024-09-30,2024-11-14,139.2,140,145,142.07,108.54,0.9173,66.9,2.07,1.487,1263057324196383482479551812032382152177476161880984558008830788086511173632,-2.07,-2.6147317465266935e+75,-100.0,False,1,1,1,1,1,3,1.2812185557980798e+77
ASTRAZEN.NS,2024-09-30,2024-11-14,7942.9,7945,8180,8047.38,6749.88,0.7163,66.9,102.38,1.289,3599226954626285911959555258078300685263468719088398243765866369879409426432,-102.38,-3.684869934649095e+77,-100.0,False,1,1,1,1,1,3,1.8055862679780564e+79
ABCOTS.NS,2024-09-30,2024-11-14,429.45,430,440,434.49,340.95,0.5241,,4.49,1.046,55215870531311763229457450216969136897735177293039923804904235851470340096,-4.49,-2.4814094605131646e+74,-100.0,False,1,1,0,1,1,2,1.2158906356514506e+76
ABFRL.NS,2024-10-01,2024-11-18,352.35,350,365,356.77,291.55,0.2942,72.8,6.77,1.922,41557851401183072075422429491525776098218211579039353379909297783512760320,-6.77,-2.8136425699233055e+74,-100.0,False,1,1,1,0,1,2,1.3786848592624196e+76
ABINFRA.NS,2024-10-01,2024-11-18,7.94,10,15,10.08,8.4,0.5137,56.7,0.08,1.043,2218193737955988848478012034645540846882816016867006983114621011563823235072,-0.08,-1.836215344377678e+74,-100.0,False,1,1,1,0,1,2,8.997455187450623e+75
ABCOTS.NS,2024-10-01,2024-11-18,450.9,450,465,456.69,340.95,0.524,,6.69,1.483,36359436983831242226427615563147514386786069992749002691527776907745558528,-6.69,-2.431781271302901e+74,-100.0,False,1,1,0,1,1,2,1.1915728229384216e+76
ABCOTS.NS,2024-10-03,2024-11-19,468.55,470,485,476.55,340.95,0.5126,,6.55,1.398,36372956429163382462673903651586041500253627803054926023559730137793560576,-6.55,-2.383145645876843e+74,-100.0,False,1,1,0,1,1,2,1.1677413664796531e+76
ABINFRA.NS,2024-10-03,2024-11-19,8.0,10,15,10.08,8.24,0.496,57.0,0.08,1.007,2234774841990334821009284350453887076961166789520458762058132872642508619776,-0.08,-1.7994910374901246e+74,-100.0,False,1,1,1,0,1,2,8.817506083701611e+75
ANUP.NS,2024-10-03,2024-11-19,2590.42,2590,2670,2625.58,3391.69,0.519,72.8,35.58,1.373,471863065936327651387406154822628234432137509392763452341523926875295973376,44.42,2.0961522333666924e+76,124.86,True,1,1,1,1,1,3,8.603376693956314e+77
AMBER.NS,2024-10-03,2024-11-19,5163.85,5165,5320,5232.9,6168.95,0.6648,65.8,67.9,1.315,32119356104740066153801284328064554539880359515288432920918726675361955840,87.1,2.7974899887344375e+75,128.27,True,1,1,1,1,1,3,1.1184800036374807e+77
ANUP.NS,2024-10-04,2024-11-21,2636.03,2635,2715,2670.66,3465.71,0.5194,73.1,35.66,1.353,482536147743290040773207457924278082593248486599362497293258274449012031488,44.34,2.1396138431550576e+76,124.35,True,1,1,1,1,1,3,8.81733807827182e+77
ABCOTS.NS,2024-10-04,2024-11-21,491.45,490,505,496.78,354.05,0.5014,,6.78,1.379,34453248031299807941347051168959408828156817578813596369816712594510053376,-6.78,-2.3354827329593063e+74,-100.0,False,1,1,0,1,1,2,1.14438653915006e+76
ABCOTS.NS,2024-10-07,2024-11-22,496.5,495,510,501.86,358.0,0.4003,,6.86,1.381,33375320765918666928680925321167431310086938987900276862415363570038472704,-6.86,-2.28877307830012e+74,-100.0,False,1,1,0,1,1,2,1.1214988083670588e+76
ANUP.NS,2024-10-07,2024-11-22,2726.09,2725,2810,2762.83,3411.96,0.5157,78.4,37.83,1.388,466185976871733350885368938573819651265345844432180497745699245788284059648,47.17,2.19911318775537e+76,124.7,True,1,1,1,1,1,3,9.037249397047357e+77
ANUP.NS,2024-10-08,2024-11-25,2789.87,2790,2875,2827.83,3655.56,0.5098,79.3,37.83,1.356,477777579493687851436660850894060120963548019254660068696502977047688118272,47.17,2.2536595462868756e+76,124.69,True,1,1,1,1,1,3,9.262615351676044e+77
APTUS.NS,2024-10-08,2024-11-25,367.42,365,380,371.8,304.33,0.3809,67.8,6.8,1.85,17518149837092448864203664237286153158477635233502353059835539262618308968448,-6.8,-1.190572497213882e+77,-100.0,False,1,1,1,1,1,3,5.833805236348023e+78
ADFFOODS.NS,2024-10-09,2024-11-26,315.94,315,325,319.36,322.24,0.7678,64.5,4.36,1.38,476221132742819573954224186811899642376936637760984372995573370094069219328,2.88,1.3716889831369932e+75,66.06,True,1,1,1,1,1,3,1.051935904649613e+77
ADROITINFO.NS,2024-10-09,2024-11-26,21.97,20,25,22.13,22.04,0.7281,70.6,2.13,9.709,698843990185430476529480783199046131700384628090382183724056988321826471936,-0.09,-6.505384940049643e+73,-4.36,False,1,1,1,1,1,3,7.446975761007734e+76
ANANTRAJ.NS,2024-10-10,2024-11-27,754.39,755,775,763.89,670.64,0.5769,61.4,8.89,1.179,1926137800859049683797445813206858515290684822021052667102734372728370888704,-8.89,-1.712492485801935e+76,-100.0,False,1,1,1,0,1,2,8.391213180429481e+77
APARINDS.NS,2024-10-10,2024-11-27,10587.02,10585,10905,10728.45,9800.38,0.4411,67.8,143.45,1.355,393631739872100637226260036295374902958972601931420042839843986894017789952,-143.45,-5.6465717605688226e+76,-100.0,False,1,1,1,1,1,3,2.766820162678723e+78
ARVINDFASN.NS,2024-10-11,2024-11-28,608.92,610,625,616.79,570.29,0.2766,58.8,6.79,1.115,15158691477224146069412425240934807573633492373652126564736774169319318749184,-6.79,-1.0293992496758869e+77,-100.0,False,1,1,1,0,1,2,5.044056323411845e+78
ADROITINFO.NS,2024-10-11,2024-11-28,22.72,25,30,26.12,22.31,0.8331,67.5,1.12,4.917,1333324448668305504160962611159282839040618797116746395349226636047252717568,-1.12,-1.4893951522015468e+75,-100.0,False,1,1,1,1,1,3,7.298036245787579e+76
AEROENTER.NS,2024-10-11,2024-11-28,144.28,145,150,147.14,112.72,0.6429,65.8,2.14,1.48,641717445101913710731970427340276758406021518138571074352971867934848712704,-2.14,-1.3706411405775854e+75,-100.0,False,1,1,1,1,1,3,6.716141588830168e+76
AEROENTER.NS,2024-10-14,2024-11-29,145.7,145,150,147.22,117.04,0.6424,64.8,2.22,1.524,604756959197415398655702932885443664980997520738433112418777600535367254016,-2.22,-1.3432283177660336e+75,-100.0,False,1,1,1,1,1,3,6.581818757053564e+76
ARIHANTCAP.NS,2024-10-14,2024-11-29,117.7,120,125,121.98,105.53,0.6345,61.4,1.98,1.684,52304767226285654426006879860554106423594847401524092724597294368657701339136,-1.98,-1.0368426046494274e+77,-100.0,False,1,1,1,0,1,2,5.080528762782194e+78
AEROFLEX.NS,2024-10-14,2024-11-29,205.7,205,210,207.3,213.36,0.5047,67.2,2.3,1.117,550191001456783737982490416296740670844053396256667123021421541736446951424,2.7,1.48671926042907e+75,117.6,True,1,1,1,1,1,3,6.469850660317149e+76
APTUS.NS,2024-10-14,2024-11-29,378.09,380,390,384.39,312.48,0.4738,56.8,4.39,1.162,26552318663372670839353632072457914593794988566192771069981235015384161058816,-4.39,-1.1667610472696047e+77,-100.0,False,1,1,1,1,1,3,5.7171291316210624e+78
ARVINDFASN.NS,2024-10-14,2024-11-29,624.52,625,645,633.86,567.25,0.2884,57.3,8.86,1.418,11391424175452066713406052438443193982046826837180348240694108447676271951872,-8.86,-1.008811264682369e+77,-100.0,False,1,1,1,0,1,2,4.9431751969436086e+78
AEROFLEX.NS,2024-10-15,2024-12-02,208.05,210,215,212.16,223.38,0.5033,71.8,2.16,1.038,599119013994738262395897166596229492687151452453291470224760801793461452800,2.84,1.7016249379102613e+75,131.5,True,1,1,1,1,1,3,6.640013154108175e+76
ARIHANTCAP.NS,2024-10-15,2024-12-02,117.94,120,125,121.99,107.34,0.5425,62.2,1.99,1.685,51128196905117765989043551347134002110781871033360936825619373303355995586560,-1.99,-1.0161057525564389e+77,-100.0,False,1,1,1,1,1,3,4.97891818752655e+78
ANANTRAJ.NS,2024-10-15,2024-12-02,776.27,775,800,786.09,709.65,0.5771,60.1,11.09,1.429,1512643394885049980028917009522988665500739199919498521540139233060287676416,-11.09,-1.678242636085896e+76,-100.0,False,1,1,1,0,1,2,8.223388916820891e+77
APARINDS.NS,2024-10-15,2024-12-02,10891.67,10890,11220,11037.71,10086.63,0.4569,68.0,147.71,1.356,374637184908873855802993873449138191373404400589634939634646921912826986496,-147.71,-5.533640325357446e+76,-100.0,False,1,1,1,0,1,2,2.7114837594251484e+78
ARVINDFASN.NS,2024-10-15,2024-12-02,632.05,630,650,639.18,565.1,0.2895,64.4,9.18,1.452,10774748335249107701095544201154803900360563140528725849150859135657611100160,-9.18,-9.886350393887216e+76,-100.0,False,1,1,1,0,1,2,4.8443116930047365e+78
AMBER.NS,2024-10-15,2024-12-02,5166.8,5165,5320,5233.09,6051.05,0.6605,64.8,68.09,1.318,32854423068294831643354050169968544163609490149312087739294800771519873024,86.91,2.855475568310737e+75,127.65,True,1,1,1,0,1,2,1.1470347593205881e+77
ABREL.NS,2024-10-16,2024-12-03,2917.24,2915,3005,2955.56,2846.18,0.3736,61.1,40.56,1.39,58601623744220355593462246955272733399103609384532949801842910319125463040,-40.56,-2.376785989813292e+75,-100.0,False,1,1,1,1,1,3,1.164625135008513e+77
ASTERDM.NS,2024-10-16,2024-12-03,421.78,420,435,426.8,476.13,0.2177,55.4,6.8,1.612,40760022349008828372693762507262086436402918452773543700416563819105434468352,8.2,3.3422779820883214e+77,120.58,True,1,1,1,0,1,2,1.4192854649523846e+79
ARIHANTCAP.NS,2024-10-16,2024-12-03,118.91,120,125,122.07,106.34,0.5224,62.2,2.07,1.74,48129313983257836760856898174788748360313075892799337987514721059495938621440,-2.07,-9.957836375053101e+76,-100.0,False,1,1,1,0,1,2,4.879339823776019e+78
AEROENTER.NS,2024-10-16,2024-12-03,147.42,145,150,147.32,122.42,0.6489,67.6,2.32,1.574,567364029800686912375275668217274330629686253980838635745461752811258642432,-2.32,-1.316363751410713e+75,-100.0,False,1,1,1,0,1,2,6.450182381912493e+76
ABSLAMC.NS,2024-10-16,2024-12-03,758.22,760,780,768.87,845.32,0.5407,57.7,8.87,1.169,369342071566168188031492252923179324152957117221529454184236173343812747264,11.13,4.112608463629232e+75,125.61,True,1,1,1,1,1,3,1.678242568483358e+77
AMBER.NS,2024-10-16,2024-12-03,5491.65,5490,5655,5562.25,6017.7,0.6844,69.7,72.25,1.316,31750659514736053951443685990797599134974419581188417474807583580769746944,92.75,2.9447893012902725e+75,128.37,True,1,1,1,1,1,3,1.176482652333491e+77
ANANTRAJ.NS,2024-10-16,2024-12-03,778.31,780,800,788.85,714.79,0.5771,60.0,8.85,1.138,1857533795785963675695325146639074513373318601330972281584023099683446456320,-8.85,-1.6446777833641782e+76,-100.0,False,1,1,1,0,1,2,8.058921138484473e+77
AHLEAST.NS,2024-10-17,2024-12-04,182.5,180,190,184.4,166.94,0.6872,74.9,4.4,2.409,187586027613096180929540214533640447286791234684610675878299103188490387456,-4.4,-8.245960880834052e+74,-100.0,False,1,1,1,1,1,3,4.0405208316086856e+76
AJMERA.NS,2024-10-18,2024-12-05,172.92,175,180,177.09,225.13,0.7105,74.0,2.09,1.21,898861662478192701130850467007312211360196591079652670764487592211317260288,2.91,2.6135011382215566e+75,138.96,True,1,1,1,1,1,3,9.66538598466919e+76
ABREL.NS,2024-10-18,2024-12-05,3044.76,3045,3135,3085.39,2845.73,0.4279,65.2,40.39,1.327,57664468530082511880590645667601870233133209789501553241442178145168916480,-40.39,-2.3292502700170264e+75,-100.0,False,1,1,1,1,1,3,1.1413326323083428e+77
ANANDRATHI.NS,2024-10-18,2024-12-05,1062.97,1065,1095,1078.36,1086.99,0.2838,74.9,13.36,1.257,146464277881988136521986261862755492513536602813283683074347769138652381184,8.62,1.263041952366269e+75,64.54,True,1,1,1,1,1,3,9.911974004526428e+76
AJMERA.NS,2024-10-21,2024-12-06,178.14,180,185,182.11,226.16,0.712,75.9,2.11,1.183,917199906056357437591785166590847849112044579858382885761398639117138395136,2.89,2.652922333347949e+75,137.24,True,1,1,1,1,1,3,9.930678218003985e+76
ABINFRA.NS,2024-10-21,2024-12-06,8.07,10,15,10.11,9.18,0.5278,57.3,0.11,1.367,1597906934131834800392757298135968342513834709081499274437788917930292936704,-0.11,-1.7635012167403222e+74,-100.0,False,1,1,1,1,1,3,8.64115596202758e+75
ASTERDM.NS,2024-10-21,2024-12-06,422.12,420,435,426.87,483.62,0.2236,58.9,6.87,1.626,41344270489563557009084181559674635769458338999855051769182862765538207072256,8.13,3.363069643529764e+77,118.48,True,1,1,1,0,1,2,1.4529161613876823e+79
AMBER.NS,2024-10-21,2024-12-06,6344.45,6345,6535,6426.25,5806.45,0.8591,81.1,81.25,1.281,28959063314161292055807708670521853707843089469846529521485587842691235840,-81.25,-2.352965304666982e+75,-100.0,False,1,1,0,1,1,2,1.1529529992868211e+77
ABMINTLLTD.NS,2024-10-22,2024-12-09,78.65,80,85,81.93,67.0,0.7939,73.1,1.93,2.456,711926818637402165425689187446314888643892786433108526234461318471898628096,-1.93,-1.3749397786709412e+75,-100.0,False,1,1,1,1,1,3,6.737204915487611e+76
ABINFRA.NS,2024-10-23,2024-12-10,8.29,10,15,10.09,8.88,0.4559,57.1,0.09,1.145,1821810500848448342192039397805900827575795085008346311576707269709994655744,-0.09,-1.7282311924055158e+74,-100.0,False,1,1,1,0,1,2,8.468332842787028e+75
AMBER.NS,2024-10-23,2024-12-10,6408.05,6410,6600,6490.74,5723.9,0.9034,67.9,80.74,1.26,28558950433038525412228470873262413706194258820341366073131387215279030272,-80.74,-2.3059059985736422e+75,-100.0,False,1,1,1,1,1,3,1.1298939393010846e+77
ABMINTLLTD.NS,2024-10-23,2024-12-10,82.58,85,90,86.86,65.0,0.8016,80.2,1.86,2.256,723102414115219193229183869828996589249091807938481416160346178462739857408,-1.86,-1.3474409830975223e+75,-100.0,False,1,1,0,1,1,2,6.602460817177859e+76
AJMERA.NS,2024-10-23,2024-12-10,179.91,180,185,182.17,233.0,0.78,73.6,2.17,1.204,917295394865549384012880107679700158068146113688990494820370120601440878592,2.83,2.6003413307269497e+75,130.92,True,1,1,1,0,1,2,1.019071235107668e+77
ASTERDM.NS,2024-10-24,2024-12-11,437.06,435,450,441.8,482.0,0.4662,62.4,6.8,1.556,42732551089280505715261166531159831769171865806606472836415904576785073831936,8.2,3.5040503406167114e+77,120.59,True,1,1,1,1,1,3,1.4879566647938493e+79
ABINFRA.NS,2024-10-24,2024-12-11,8.65,10,15,10.17,9.02,0.4709,65.3,0.17,2.013,972962275472922899770100315669339579805372689919609545117555410492461154304,-0.17,-1.6936665685574057e+74,-100.0,False,1,1,1,0,1,2,8.298966185931287e+75
ABMINTLLTD.NS,2024-10-24,2024-12-11,86.7,85,90,87.19,68.25,0.8085,80.8,2.19,2.53,602017960041744201901348708346625099387125454878996229596887746051494117376,-2.19,-1.3204921634355718e+75,-100.0,False,1,1,0,1,1,2,6.470411600834303e+76
ASTERDM.NS,2024-10-25,2024-12-12,442.28,440,455,446.83,476.82,0.4578,67.3,6.83,1.544,43574565565898925595795359585430048646673310303244225639864431927126973743104,8.17,3.5602715052971403e+77,119.64,True,1,1,1,1,1,3,1.5235593798468207e+79
ABMINTLLTD.NS,2024-10-25,2024-12-12,91.03,90,95,92.14,71.66,0.8147,87.4,2.14,2.356,603415280236340633920070611404493162273263210121483143140977879915677351936,-2.14,-1.2940823201668605e+75,-100.0,False,1,1,0,1,1,2,6.341003368817616e+76
ABINFRA.NS,2024-10-25,2024-12-12,8.84,10,15,10.22,9.16,0.4714,73.1,0.22,2.504,749970859807676226355006610158523018290683908536179164168087096719264710656,-0.22,-1.6597932371862576e+74,-100.0,False,1,1,1,0,1,2,8.132986862212661e+75
AJMERA.NS,2024-10-29,2024-12-16,181.57,180,185,182.2,231.13,0.8693,71.6,2.2,1.211,927257858560632428721634954348413318368222143866990566185248596480841744384,2.8,2.5981468225878264e+75,127.48,True,1,1,1,0,1,2,1.0450527033335462e+77
ABMINTLLTD.NS,2024-10-29,2024-12-16,100.35,100,105,102.12,74.48,0.7749,94.0,2.12,2.111,598713835972486805964799427988299636676965436184481346203484405181160882176,-2.12,-1.2682006737635232e+75,-100.0,False,1,1,0,1,1,2,6.214183301441264e+76
ANUP.NS,2024-10-29,2024-12-16,3128.41,3130,3220,3169.52,3655.71,0.6554,76.7,39.52,1.263,468742796441470418884351655827750036163389307856025287164902802310127681536,50.48,2.366162097638025e+76,127.73,True,1,1,1,1,1,3,9.499231561439847e+77
ACUTAAS.NS,2024-10-29,2024-12-16,909.25,910,935,920.98,1054.25,0.6619,60.7,10.98,1.208,313842335379751826541595138008042929722333387570648518585437307905767374848,14.02,4.3992343041222886e+75,127.63,True,1,1,1,1,1,3,1.7674043832269764e+77
ABSLAMC.NS,2024-10-29,2024-12-16,766.78,765,790,776.14,806.15,0.5598,68.1,11.14,1.453,301316607876847457786190011697985926826363642257380331247868454414260895744,13.86,4.17643005995447e+75,124.43,True,1,1,1,0,1,2,1.7200068690829028e+77
AJMERA.NS,2024-10-30,2024-12-17,181.86,180,185,182.21,227.61,0.8699,71.0,2.21,1.214,946599568261764711043827627548511201647898092651168354513609285955083042816,2.79,2.642892434641731e+75,126.45,True,1,1,1,0,1,2,1.0714816276799636e+77
ACUTAAS.NS,2024-10-30,2024-12-17,958.65,960,985,970.96,1024.63,0.683,64.8,10.96,1.143,322530307079615148718485301321664591228199237583267121652645812435083591680,14.04,4.528448910536426e+75,128.11,True,1,1,1,1,1,3,1.8126888723323406e+77
ARVSMART.NS,2024-10-30,2024-12-17,906.06,905,935,918.27,966.12,0.5693,58.5,13.27,1.465,6241678101897361076314192871970587879049210498943265448225107189230506868736,16.73,1.0441179711599876e+77,126.04,True,1,1,1,1,1,3,4.246339094162102e+78
ARVSMART.NS,2024-10-31,2024-12-18,925.81,925,955,938.3,945.23,0.5489,61.3,13.3,1.437,6384425930907964498433141981061914806299824042944085480408934984965578293248,6.92,4.420470116498024e+76,52.05,True,1,1,1,0,1,2,4.290543795327083e+78
ABSLAMC.NS,2024-10-31,2024-12-18,773.5,775,795,783.89,798.41,0.5476,70.3,8.89,1.149,387118263238589267154080307091713385067400881516799524824818399310178680832,11.11,4.302351526605979e+75,125.07,True,1,1,1,0,1,2,1.7630303843489626e+77
ACUTAAS.NS,2024-10-31,2024-12-18,987.74,990,1015,1000.96,1044.21,0.6645,70.7,10.96,1.11,330667175145260165540632567915804036763838499265007809343923453891249700864,14.04,4.641301633966823e+75,128.02,True,1,1,1,1,1,3,1.8591018886720088e+77
ANUP.NS,2024-10-31,2024-12-18,3459.0,3460,3565,3505.98,3375.84,0.661,82.9,45.98,1.329,413204280360989110682959902582601502406428007534307435332358857805629751296,-45.98,-1.8998463122879695e+76,-100.0,False,1,1,0,1,1,2,9.30924693021105e+77
AJMERA.NS,2024-11-01,2024-12-19,184.53,185,190,187.14,222.87,0.8417,71.8,2.14,1.158,1003009510814289525578429677032471310971799382890140007198275940582084837376,2.86,2.87208429871152e+75,134.02,True,1,1,1,0,1,2,1.1002024706670787e+77
ABSLAMC.NS,2024-11-01,2024-12-19,786.59,785,810,796.17,797.34,0.5425,71.2,11.17,1.419,315808583001437356539434120796281019158566576735465766517383285438196744192,1.17,3.710256267273434e+74,10.52,True,1,1,1,0,1,2,1.766740640616236e+77
ARVSMART.NS,2024-11-01,2024-12-19,940.22,940,970,953.28,946.66,0.5491,62.0,13.28,1.412,6462530214711026122141665465985249031843395922436708662337917319931385348096,-6.62,-4.2757187218435993e+76,-49.83,False,1,1,1,0,1,2,4.2477866081086466e+78
ANIKINDS.NS,2024-11-04,2024-12-20,98.53,100,105,101.89,127.45,0.3796,81.9,1.89,1.923,9265113442811809184792657220009775043416618016490399272832064520070079971328,3.11,2.877429724457446e+76,163.94,True,1,1,0,1,1,2,9.063377957188036e+77
AJMERA.NS,2024-11-05,2024-12-23,191.71,190,195,192.22,211.6,0.8406,63.1,2.22,1.155,993362737480265897543118482583841386234043501728280562082951122880915570688,2.78,2.766408746067172e+75,125.72,True,1,1,1,0,1,2,1.1278665581277505e+77
ACUTAAS.NS,2024-11-05,2024-12-23,1019.54,1020,1050,1033.19,1067.41,0.6342,74.9,13.19,1.294,281857773571157638055579572080910498401474960487189547808746515463135035392,16.81,4.737529429790711e+75,127.41,True,1,1,1,0,1,2,1.9064771829699159e+77
ABSLAMC.NS,2024-11-05,2024-12-23,800.6,800,825,811.14,769.12,0.5198,59.3,11.14,1.391,317217570371214803369096696409268301481526794263153897299540617344839581696,-11.14,-3.5334812812324724e+75,-100.0,False,1,1,1,0,1,2,1.7314058278039112e+77
ARVSMART.NS,2024-11-06,2024-12-24,948.0,950,975,961.1,882.19,0.539,63.3,11.1,1.17,7656657612508365177928993974544996864968073610305777179464531214411614912512,-11.1,-8.495573216217294e+76,-100.0,False,1,1,1,0,1,2,4.1628308759464735e+78
ANIKINDS.NS,2024-11-06,2024-12-24,102.0,100,105,102.41,122.4,0.3567,87.1,2.41,2.36,7529267446356324247490753382727635872267933636101333011787382913689892945920,2.59,1.951958131740555e+76,107.68,True,1,1,0,1,1,2,9.258573770362092e+77
ARROWGREEN.NS,2024-11-06,2024-12-24,980.3,980,1010,993.29,799.27,0.5688,74.7,13.29,1.356,6212589443467708864643853640538635591329516393132285701430624977399148707840,-13.29,-8.259632393628078e+76,-100.0,False,1,1,1,1,1,3,4.047219872877758e+78
AJMERA.NS,2024-11-06,2024-12-24,192.26,190,200,194.3,211.76,0.8375,66.7,4.3,2.237,524442544703000799294917232244508317615196411089660857374301065691338375168,5.7,2.988692330774507e+75,132.49,True,1,1,1,0,1,2,1.1577534814354955e+77
ABSLAMC.NS,2024-11-06,2024-12-24,803.13,805,825,813.92,780.99,0.514,63.5,8.92,1.11,388271338660675088374949399567467571533457726510535983966059657711486763008,-8.92,-3.4628116556078227e+75,-100.0,False,1,1,1,0,1,2,1.6967777112478331e+77
ARROWGREEN.NS,2024-11-07,2024-12-26,1078.32,1080,1110,1093.16,777.57,0.6432,80.9,13.16,1.221,6149565480427641521920424872151996180319225241789864063666136122795447287808,-13.16,-8.094439745755516e+76,-100.0,False,1,1,0,1,1,2,3.966275475420203e+78
AJMERA.NS,2024-11-07,2024-12-26,192.51,195,200,197.07,210.32,0.8398,61.7,2.07,1.077,1116651574875389946198696924218286369802946302876886282863570991398738984960,2.93,3.2677509115059587e+75,141.12,True,1,1,1,0,1,2,1.190430990550555e+77
ADROITINFO.NS,2024-11-07,2024-12-26,24.52,25,30,26.47,19.37,0.7121,69.2,1.47,5.998,992374152470090863351782551668752049704039871507530191300989509037922975744,-1.47,-1.4596072491575158e+75,-100.0,False,1,1,1,1,1,3,7.152075520871827e+76
APOLLOHOSP.NS,2024-11-07,2024-12-26,7395.07,7395,7615,7493.75,7232.02,0.2528,76.2,98.75,1.335,879505296418207223469134823944441050875655874782005215565638267171061628928,-98.75,-8.685259533335064e+76,-100.0,False,1,1,1,1,1,3,4.2557771713341815e+78
ADROITINFO.NS,2024-11-08,2024-12-27,27.21,25,30,27.23,19.97,0.7234,78.1,2.23,8.178,642780298493914809561278076272797396953217423342609970802600474826556571648,-2.23,-1.4304151041743654e+75,-100.0,False,1,1,1,1,1,3,7.009034010454391e+76
ANIKINDS.NS,2024-11-08,2024-12-27,106.12,105,110,107.28,117.55,0.3564,87.3,2.28,2.15,8116076729507808314165485820012926428881157983178347055745607820519342604288,2.72,2.2063236106814858e+76,119.15,True,1,1,0,1,1,2,9.479206131430241e+77
ADROITINFO.NS,2024-11-11,2024-12-30,28.4,30,35,31.34,19.51,0.7229,87.0,1.34,4.713,1047378344765360492326979286793541042509884119782147380423835952866912108544,-1.34,-1.4018068020908782e+75,-100.0,False,1,1,0,1,1,2,6.868853330245303e+76
AARON.NS,2024-11-22,2025-01-08,162.25,160,165,162.37,179.48,0.5248,75.4,2.37,1.46,73153180374661568843702244593887706680168118540412883564179220130546319360,2.63,1.9252514017898974e+74,111.13,True,1,1,1,1,1,3,8.854563224894895e+75
ABSLAMC.NS,2024-11-22,2025-01-08,821.14,820,845,831.35,777.78,0.3284,63.6,11.35,1.382,299089252115140510259288333472733766464226725280681924249805180166245187584,-11.35,-3.3935554224956662e+75,-100.0,False,1,1,1,1,1,3,1.6628421570228765e+77
ABSLAMC.NS,2024-11-25,2025-01-09,834.66,835,860,846.22,751.11,0.3298,63.7,11.22,1.344,296478786504016032027158903595470825143239076736342458975926365914367262720,-11.22,-3.325684314045753e+75,-100.0,False,1,1,1,0,1,2,1.629585313882419e+77
ACUTAAS.NS,2024-11-25,2025-01-09,1071.53,1070,1105,1085.44,1091.06,0.6168,62.5,15.44,1.441,246990003094471158661709556185431914960473986927978593306170427427159801856,5.63,1.3896645261466746e+75,36.45,True,1,1,1,0,1,2,1.9203738282313827e+77
3PLAND.NS,2024-11-25,2025-01-09,55.59,55,60,57.04,57.58,0.6013,93.2,2.04,3.669,160965425224033670274630350401759733233996579192120556745103669198160134144,0.54,8.701195923064738e+73,26.51,True,1,1,0,1,1,2,1.650096858842344e+76
ANUP.NS,2024-11-25,2025-01-09,3655.56,3655,3765,3701.23,3272.27,0.9862,51.7,46.23,1.265,402724234239314631835005643951517286658489152901348317213705778496695959552,-46.23,-1.86184938604221e+76,-100.0,False,1,1,0,1,1,2,9.123061991606829e+77
AARON.NS,2024-11-25,2025-01-09,169.06,170,175,172.17,178.11,0.5274,78.3,2.17,1.283,81634402934179167674824038502845681964820095595335973724623270951451099136,2.83,2.310807501729979e+74,130.49,True,1,1,1,0,1,2,9.085643975067893e+75
ARIES.NS,2024-11-25,2025-01-09,329.19,330,340,334.31,281.28,0.7334,73.9,4.31,1.309,23461395613301319190957121336206533850651650187097981332208614802426427342848,-4.31,-1.010845569246807e+77,-100.0,False,1,1,1,1,1,3,4.9531432893093535e+78
ARIES.NS,2024-11-26,2025-01-10,363.73,365,375,369.3,270.86,0.7621,84.2,4.3,1.182,23035982181169325607420906660030490415213652259455631344400927090785726234624,-4.3,-9.906286578618707e+76,-100.0,False,1,1,0,1,1,2,4.854080423523166e+78
ARVSMART.NS,2024-11-26,2025-01-10,957.56,960,985,971.09,794.14,0.5253,60.8,11.09,1.159,7505076489378206233140518830965679743481136747578300101981178811486467784704,-11.09,-8.325661751892947e+76,-100.0,False,1,1,1,0,1,2,4.079574258427544e+78
ACUTAAS.NS,2024-11-26,2025-01-10,1072.66,1075,1105,1088.18,1039.92,0.603,62.6,13.18,1.229,291358999673137199841344344346399161755004850432781634456846427794993840128,-13.18,-3.8407476564627654e+75,-100.0,False,1,1,1,0,1,2,1.881966351666755e+77
ARTEMISMED.NS,2024-11-26,2025-01-10,319.54,320,330,324.4,319.14,0.5388,69.5,4.4,1.378,22786011122266096838182025650326549178568269841471725195460879615764392312832,-4.4,-1.0031137297415539e+77,-100.0,False,1,1,1,0,1,2,4.915257275733614e+78
ADFFOODS.NS,2024-11-26,2025-01-10,322.24,320,330,324.62,275.19,0.479,65.7,4.62,1.433,455674203529750339783856374124593793590153946942101889874132942688406732800,-4.62,-2.1038718092992263e+75,-100.0,False,1,1,1,1,1,3,1.0308971865566207e+77
3PLAND.NS,2024-11-26,2025-01-10,66.7,65,70,67.17,55.1,0.8121,95.6,2.17,3.26,151769454670335608869639538350004746455824852293066113485387767061711683584,-2.17,-3.300193717684688e+74,-100.0,False,1,1,0,1,1,2,1.617094921665497e+76
AJMERA.NS,2024-11-26,2025-01-10,200.21,200,205,202.26,215.97,0.5313,65.4,2.26,1.129,1053061669696610231546677683027527757132037641908348349482020766700955238400,2.74,2.8844463673819405e+75,121.15,True,1,1,1,1,1,3,1.2192754542243746e+77
AMJLAND.NS,2024-11-26,2025-01-10,63.31,65,70,66.82,58.74,0.7519,78.4,1.82,2.867,678410682475494510464188770228625406796323206441777835241591121036737249280,-1.82,-1.2313329909233096e+75,-100.0,False,1,1,1,1,1,3,6.033531655524216e+76
ABSLAMC.NS,2024-11-27,2025-01-13,859.87,860,885,871.27,705.12,0.3525,67.0,11.27,1.311,289169190058389796400246229912699388482153595787424263750309640097750843392,-11.27,-3.2591706277648376e+75,-100.0,False,1,1,1,1,1,3,1.5969936076047706e+77
360ONE.NS,2024-11-27,2025-01-13,1112.94,1115,1145,1128.46,1083.4,0.3268,70.9,13.46,1.21,39430141839301309420692184594107484505050222391948108118712632041352986624,-13.46,-5.308915139031614e+74,-100.0,False,1,1,1,1,1,3,2.6013684181254908e+76
ARTEMISMED.NS,2024-11-27,2025-01-13,321.29,320,330,324.52,304.04,0.5329,72.0,4.52,1.406,21756498679325741206244487934399264532822390720239303865434156218933506473984,-4.52,-9.830514551467229e+76,-100.0,False,1,1,1,0,1,2,4.816952130218942e+78
ARVSMART.NS,2024-11-27,2025-01-13,959.78,960,990,973.36,745.12,0.46,57.8,13.36,1.392,6105450761560841610690693293014036311402335620898950471243886517436029075456,-13.36,-8.159148516855088e+76,-100.0,False,1,1,1,0,1,2,3.997982773258993e+78
AJMERA.NS,2024-11-27,2025-01-13,207.92,210,215,212.15,200.77,0.5014,63.2,2.15,1.036,1132484922908096815551495509416489111471277980511024347521992057259990974464,-2.15,-2.438550908448749e+75,-100.0,False,1,1,1,1,1,3,1.1948899451398871e+77
ASTERDM.NS,2024-11-27,2025-01-13,471.7,470,485,476.88,483.97,0.3428,74.8,6.88,1.458,44291544066595950304372846277553879753771535741463684004252337231609630556160,7.09,3.139991469174614e+77,103.05,True,1,1,1,1,1,3,1.5549592945385667e+79
ADFFOODS.NS,2024-11-27,2025-01-13,325.27,325,335,329.49,262.06,0.4461,64.0,4.49,1.381,459093828157521275048788305644691681644280533723044552147803585686871736320,-4.49,-2.0617943731132416e+75,-100.0,False,1,1,1,1,1,3,1.0102792428254883e+77
AJMERA.NS,2024-11-28,2025-01-14,209.8,210,215,212.26,204.64,0.4911,64.0,2.26,1.075,1059367128463214004496631236936885484265196851084991697553309582235510243328,-2.26,-2.389779890279774e+75,-100.0,False,1,1,1,1,1,3,1.1709921462370895e+77
AMJLAND.NS,2024-11-28,2025-01-14,65.98,65,70,67.12,56.93,0.7163,79.4,2.12,3.213,569276163369840872855577295831749033042481805257215047578483252745660792832,-2.12,-1.2067063311048433e+75,-100.0,False,1,1,1,1,1,3,5.912861022413732e+76
ADFFOODS.NS,2024-11-28,2025-01-14,331.19,330,340,334.57,268.92,0.435,64.4,4.57,1.38,441981481037111302256833620653123133676587983292095242447604736279294509056,-4.57,-2.0205584856509766e+75,-100.0,False,1,1,1,0,1,2,9.900736579689785e+76
ARVSMART.NS,2024-11-28,2025-01-14,997.22,995,1025,1008.57,767.9,0.47,60.1,13.57,1.361,5893149571848730352593488287130200465907388383681201450835745799619175514112,-13.57,-7.995965546517987e+76,-100.0,False,1,1,1,1,1,3,3.9180231177938135e+78
ASTERDM.NS,2024-11-28,2025-01-14,481.65,480,495,486.89,492.59,0.3365,76.9,6.89,1.431,45135757938067654908630425833919838186185165113879356099474160162398097375232,5.7,2.5739664703827215e+77,82.77,True,1,1,1,1,1,3,1.580698959242394e+79
ARTEMISMED.NS,2024-11-28,2025-01-14,330.35,330,340,334.48,303.0,0.5101,74.9,4.48,1.355,21520062238129799928885888254592689995001343608878342277819329154743625842688,-4.48,-9.633904260437884e+76,-100.0,False,1,1,1,0,1,2,4.720613087614563e+78
AJMERA.NS,2024-11-29,2025-01-15,216.54,215,225,219.44,198.17,0.498,67.4,4.44,2.051,527274282688169672489902156624313523928715413377616480894397164248893489152,-4.44,-2.341984292474179e+75,-100.0,False,1,1,1,0,1,2,1.1475723033123477e+77
63MOONS.NS,2024-11-29,2025-01-15,662.19,660,680,668.99,816.0,0.5656,68.9,8.99,1.358,39396421017249352118188542309137838441826059336174354195650223985087479808,11.01,4.3371234110904205e+74,122.44,True,1,1,1,0,1,2,1.8144516302906293e+76
ANIKINDS.NS,2024-11-29,2025-01-15,106.64,105,110,107.37,103.0,0.3301,55.9,2.37,2.22,8008130001259139647084640872845880961291945686155929064613118153318941589504,-2.37,-1.8958412262860482e+76,-100.0,False,1,1,1,0,1,2,9.289622008801636e+77
ASTERDM.NS,2024-11-29,2025-01-15,492.74,495,510,501.52,482.54,0.3398,85.6,6.52,1.323,48510532606830378047372790405967885951711223310956194919327887078684624945152,-6.52,-3.161397918484788e+77,-100.0,False,1,1,0,1,1,2,1.5490849800575462e+79
AEROFLEX.NS,2024-11-29,2025-01-15,213.36,215,220,217.18,185.68,0.4634,64.0,2.18,1.024,608007859863933421547305564908422248342914372327299263832203547123942162432,-2.18,-1.328002630821635e+75,-100.0,False,1,1,1,1,1,3,6.507212891026012e+76
ASALCBR.NS,2024-12-02,2025-01-16,1003.7,1005,1035,1018.38,1152.68,0.3491,64.2,13.38,1.333,9835583654882626234741303899093090600609986723412386096137583133890462089216,16.62,1.6346994927032844e+77,124.22,True,1,1,1,1,1,3,6.743347968077845e+78
AEROFLEX.NS,2024-12-02,2025-01-16,223.38,225,230,227.19,222.81,0.4786,80.5,2.19,0.982,593055562688814104660420091015830882289211184120168412216306347914309926912,-2.19,-1.3014425782052025e+75,-100.0,False,1,1,0,1,1,2,6.377068633205491e+76
ADFFOODS.NS,2024-12-02,2025-01-16,336.37,335,345,339.6,269.32,0.4142,77.7,4.6,1.368,430465954622046187846659200082773998831948337134367462151568058348872925184,-4.6,-1.980147315937957e+75,-100.0,False,1,1,1,0,1,2,9.702721848095989e+76
360ONE.NS,2024-12-02,2025-01-16,1125.33,1125,1160,1140.71,1178.77,0.305,71.8,15.71,1.396,33114724340884604088524647328586257179263368303680999690907425446689767424,19.29,6.387416683058629e+74,122.77,True,1,1,1,0,1,2,2.665242584956077e+76
AGI.NS,2024-12-02,2025-01-16,1044.51,1045,1075,1058.34,999.99,0.5423,60.8,13.34,1.277,89626023029033652013039202786982661125654059235508613688208079357990666240,-13.34,-1.1955694626306739e+75,-100.0,False,1,1,1,1,1,3,5.858290366890302e+76
63MOONS.NS,2024-12-02,2025-01-16,685.36,685,705,693.98,819.29,0.482,78.6,8.98,1.31,40423036453191002849397692023644276247191702316694605639243601541557387264,11.02,4.455704030056942e+74,122.78,True,1,1,1,1,1,3,1.8590086705911987e+76
AFFLE.NS,2024-12-02,2025-01-16,1736.2,1735,1790,1759.67,1602.4,0.4077,64.9,24.67,1.421,53264926946046027058271363787031636055033251385192948335343202603769004032,-24.67,-1.3141842750189515e+75,-100.0,False,1,1,1,1,1,3,6.439502947592861e+76
ABINFRA.NS,2024-12-02,2025-01-16,9.02,10,15,10.1,8.06,0.3026,65.9,0.1,1.135,1587590309097789078266818078959488263171550792255676406023052456061906714624,-0.1,-1.6265973724425324e+74,-100.0,False,1,1,1,1,1,3,7.970327124968408e+75
ANIKINDS.NS,2024-12-02,2025-01-16,108.77,110,115,111.94,103.46,0.3305,56.0,1.94,1.782,9583874282469707994473873071579084401837073854770819192331290551205597544448,-1.94,-1.8579244017603272e+76,-100.0,False,1,1,1,1,1,3,9.103829568625604e+77
ACUTAAS.NS,2024-12-02,2025-01-16,1128.6,1130,1160,1143.49,1025.03,0.4215,64.7,13.49,1.196,278922096432191132513940262739902976131567184285245071285158044009855188992,-13.49,-3.763932703333511e+75,-100.0,False,1,1,1,1,1,3,1.84432702463342e+77
AFFLE.NS,2024-12-03,2025-01-17,1773.45,1775,1825,1797.45,1578.7,0.4064,68.5,22.45,1.266,57360095191788017798336773411789118177470444027795366315992093715297468416,-22.45,-1.2879005895185725e+75,-100.0,False,1,1,1,1,1,3,6.310712888641004e+76
63MOONS.NS,2024-12-03,2025-01-17,702.34,700,725,711.21,818.69,0.468,77.4,11.21,1.597,33156417219922100929619080497223475344566358226013912149356210976708362240,13.79,4.571086963798128e+74,122.94,True,1,1,1,1,1,3,1.90471954022918e+76
ADFFOODS.NS,2024-12-03,2025-01-17,337.66,340,350,344.31,269.02,0.4075,77.7,4.31,1.276,450372364012376907282960204191189254550330765023594549582819481535433932800,-4.31,-1.940544369619198e+75,-100.0,False,1,1,1,0,1,2,9.50866741113407e+76
ASALCBR.NS,2024-12-03,2025-01-17,1029.26,1030,1060,1043.47,1150.19,0.3554,73.4,13.47,1.308,10014387391384922892224613955868783459681038105177689396361939048117447950336,16.53,1.655646623799908e+77,122.76,True,1,1,1,1,1,3,6.908912630457836e+78
360ONE.NS,2024-12-03,2025-01-17,1137.23,1135,1170,1150.94,1163.77,0.3007,72.7,15.94,1.402,33435366421299869109814257512005409676350271759128087598039546470730825728,12.83,4.2896925729663413e+74,80.47,True,1,1,1,1,1,3,2.7081395106857405e+76
ARTEMISMED.NS,2024-12-03,2025-01-17,332.45,330,340,334.63,318.2,0.4933,75.6,4.63,1.392,20403585469740665329998948574972123821396705320464235657956458407465557426176,-4.63,-9.441226175229127e+76,-100.0,False,1,1,1,0,1,2,4.626200825862272e+78
ACUTAAS.NS,2024-12-03,2025-01-17,1128.98,1130,1165,1145.57,1001.16,0.4206,72.9,15.57,1.38,236840593640236293987107523196441100242225635270526095492940265890278014976,-15.57,-3.68865404926684e+75,-100.0,False,1,1,1,0,1,2,1.8074404841407518e+77
AGI.NS,2024-12-03,2025-01-17,1055.28,1055,1085,1068.4,983.22,0.5408,68.5,13.4,1.269,87468504065878731003213586013358755370139867036628227960841013092084088832,-13.4,-1.1716580733780605e+75,-100.0,False,1,1,1,1,1,3,5.741124559552496e+76
ANIKINDS.NS,2024-12-03,2025-01-17,110.94,110,115,112.27,102.36,0.2999,65.6,2.27,2.044,8029556008383794689394188087161147965305192211309505972652430756490833297408,-2.27,-1.8207659137251208e+76,-100.0,False,1,1,1,0,1,2,8.921752977253091e+77
63MOONS.NS,2024-12-04,2025-01-20,729.16,730,750,738.96,856.84,0.4583,78.3,8.96,1.228,42532409594189073439921984731779036771604207595759430579963264575662456832,11.04,4.697042838379454e+74,123.3,True,1,1,1,0,1,2,1.9516899686129744e+76
ANIKINDS.NS,2024-12-04,2025-01-20,113.15,115,120,116.78,106.39,0.2635,75.1,1.78,1.57,10044197144167438772042101629002665313201517484420963820712444489210970243072,-1.78,-1.784350595450618e+76,-100.0,False,1,1,1,1,1,3,8.743317917708029e+77
AFFLE.NS,2024-12-04,2025-01-20,1778.5,1780,1830,1802.47,1579.25,0.4006,73.3,22.47,1.263,56172318007699951577928612678215297878653853734587792258829112984960237568,-22.47,-1.2621425777282009e+75,-100.0,False,1,1,1,1,1,3,6.184498630868184e+76
ABINFRA.NS,2024-12-04,2025-01-20,9.14,10,15,10.12,8.24,0.2939,61.4,0.12,1.316,1324592250785302204857329749978761907423838357439262535088037520552293826560,-0.12,-1.5940654249936815e+74,-100.0,False,1,1,1,0,1,2,7.81092058246904e+75
ARTEMISMED.NS,2024-12-04,2025-01-20,337.58,340,350,344.31,310.92,0.4918,76.2,4.31,1.276,21476223887312894330641902208511093815713685441751378359767078556101670600704,-4.31,-9.252401651724545e+76,-100.0,False,1,1,1,0,1,2,4.533676809345026e+78
ANUP.NS,2024-12-04,2025-01-20,3678.51,3680,3790,3727.67,3093.79,0.7498,55.2,47.67,1.296,382723505423282486451725620985574062260544413685485517034455368191470206976,-47.67,-1.8246123983213657e+76,-100.0,False,1,1,1,0,1,2,8.940600751774692e+77
AGI.NS,2024-12-04,2025-01-20,1125.01,1125,1160,1140.5,989.72,0.5526,74.8,15.5,1.378,74089896542139811604478989673264445556556334365773824141680242773540732928,-15.5,-1.1482249119104992e+75,-100.0,False,1,1,1,1,1,3,5.626302068361446e+76
ASALCBR.NS,2024-12-04,2025-01-20,1051.02,1050,1085,1065.67,1186.47,0.346,80.8,15.67,1.491,8816429144459361280726868045605974249886323754159497368551030014788537155584,19.33,1.7039676744692095e+77,123.32,True,1,1,0,1,1,2,7.079309397904757e+78
ANANDRATHI.NS,2024-12-05,2025-01-21,1086.99,1085,1120,1100.83,950.43,0.2773,83.8,15.83,1.456,125262947137590479815246431764763759945727600123535087821058634475116691456,-15.83,-1.9823948009052854e+75,-100.0,False,1,1,0,1,1,2,9.713734524435899e+76
AGI.NS,2024-12-05,2025-01-21,1191.96,1190,1230,1207.7,964.51,0.576,85.3,17.7,1.485,63561428450706334714730520260842278717237767352106898994548573073150312448,-17.7,-1.1252604136722892e+75,-100.0,False,1,1,0,1,1,2,5.513776026994217e+76
ABINFRA.NS,2024-12-06,2025-01-22,9.18,10,15,10.13,8.05,0.2905,66.5,0.13,1.367,1244797599254937980498351617819768345974915085116515514579462883237649448960,-0.13,-1.562184116493808e+74,-100.0,False,1,1,1,0,1,2,7.654702170819658e+75
ASALCBR.NS,2024-12-06,2025-01-22,1110.96,1110,1145,1125.71,1109.86,0.4234,93.2,15.71,1.414,9011878233804074878405207897920389523536467881684420310987967226917582536704,-15.71,-1.4158618795809514e+77,-100.0,False,1,1,0,1,1,2,6.9377232099466616e+78
63MOONS.NS,2024-12-06,2025-01-22,791.73,790,815,801.25,779.49,0.4826,94.8,11.25,1.421,34704677873965079967090185820717158507389596465738912098922555566180007936,-11.25,-3.903379937225949e+74,-100.0,False,1,1,0,1,1,2,1.912656169240715e+76
AFFLE.NS,2024-12-06,2025-01-22,1794.65,1795,1850,1819.65,1529.9,0.3708,79.1,24.65,1.373,50183578593835481941499049229846270892099457861390153758430853692343189504,-24.65,-1.2368997261736369e+75,-100.0,False,1,1,1,0,1,2,6.06080865825082e+76
ASHOKA.NS,2024-12-06,2025-01-22,277.33,275,285,279.65,270.6,0.3831,85.4,4.65,1.677,70773615329211535225778858017510344580628410203470027382387295742519135961088,-4.65,-3.2913955294708827e+77,-100.0,False,1,1,0,1,1,2,1.6127838094407325e+79
ACUTAAS.NS,2024-12-09,2025-01-23,1133.05,1135,1165,1148.47,1010.2,0.41,70.4,13.47,1.189,268379910869169776166524327715577018873167336820147469847692088709688066048,-13.47,-3.614880968281504e+75,-100.0,False,1,1,1,0,1,2,1.7712916744579367e+77
ANANDRATHI.NS,2024-12-09,2025-01-23,1121.44,1120,1155,1135.83,943.73,0.3189,78.0,15.83,1.412,122721782084024316235404524698451960294945529644797358964216663620550918144,-15.83,-1.94274690488718e+75,-100.0,False,1,1,1,1,1,3,9.51945983394718e+76
ASHOKA.NS,2024-12-09,2025-01-23,284.61,285,295,289.38,270.9,0.385,87.8,4.38,1.54,73592215174610048477311974779871863395379714847143102218284653313734148620288,-4.38,-3.225567618881465e+77,-100.0,False,1,1,0,1,1,2,1.5805281332519178e+79
ASKAUTOLTD.NS,2024-12-09,2025-01-23,479.36,480,495,486.66,442.46,0.3555,76.5,6.66,1.389,62411376200536362744567902562956532294566197849046106177351087832940050120704,-6.66,-4.1542160742229394e+77,-100.0,False,1,1,1,1,1,3,2.0355658763692408e+79
AHLEAST.NS,2024-12-09,2025-01-23,184.05,185,190,187.18,144.73,0.5322,80.5,2.18,1.187,369859034292514594739068813113023541168583284219043766966576163182857945088,-2.18,-8.081041663217371e+74,-100.0,False,1,1,0,1,1,2,3.959710414976512e+76
AARON.NS,2024-12-09,2025-01-23,171.38,170,175,172.28,178.54,0.6183,72.7,2.28,1.33,79706753726903769944690527499976458856058352435289805895892295569442340864,2.72,2.16820889133161e+74,119.32,True,1,1,1,0,1,2,9.302464864201054e+75
ARIHANTSUP.NS,2024-12-09,2025-01-23,434.41,435,445,439.52,483.53,0.4659,89.2,4.52,1.041,25406293356656971158299395322343388871646103637038628257564629386629623054336,5.48,1.3915338611826837e+77,121.1,True,1,1,0,1,1,2,5.884630758533336e+78
AMJLAND.NS,2024-12-09,2025-01-23,66.03,65,70,67.12,58.26,0.7589,77.0,2.12,3.206,558638092203763573470646965335771930515090478201975396116490813821346119680,-2.12,-1.1825722044827464e+75,-100.0,False,1,1,1,0,1,2,5.794603801965457e+76
ARENTERP.NS,2024-12-09,2025-01-23,85.21,85,90,87.03,46.32,1.009,92.7,2.03,2.384,50102274626542807649337255889557129372885528654532979437150037708054359703552,-2.03,-1.0177344109918263e+77,-100.0,False,1,1,0,1,1,2,4.986898613859949e+78
AARON.NS,2024-12-10,2025-01-24,183.15,185,190,187.12,176.47,0.6328,70.9,2.12,1.16,87554221839810649791081231240615786996898107373194162804138805099331846144,-2.12,-1.860492972840211e+74,-100.0,False,1,1,1,1,1,3,9.116415566917033e+75
63MOONS.NS,2024-12-10,2025-01-24,872.82,875,900,886.09,761.32,0.4386,95.9,11.09,1.271,34494266429748669954133562851074544359061930165843295314471339812590714880,-11.09,-3.8253123384814303e+74,-100.0,False,1,1,0,1,1,2,1.8744030458559007e+76
ARVIND.NS,2024-12-10,2025-01-24,413.2,415,425,419.45,369.24,0.4331,84.2,4.45,1.076,26608023363127929106857449638360790764993816751944149047520286250946663546880,-4.45,-1.182847117435199e+77,-100.0,False,1,1,0,1,1,2,5.7959508754324754e+78
360ONE.NS,2024-12-10,2025-01-24,1178.23,1180,1215,1195.58,1108.42,0.3161,75.4,15.58,1.322,34761827422330792817783198474215279605296412931721238623707409518449131520,-15.58,-5.416279021371481e+74,-100.0,False,1,1,1,1,1,3,2.6539767204720256e+76
ASHOKA.NS,2024-12-10,2025-01-24,292.58,295,300,297.22,257.6,0.3798,88.2,2.22,0.759,142347489973922633434053149522357393450251204598949035392157149467296739098624,-2.22,-3.1610562665038357e+77,-100.0,False,1,1,0,1,1,2,1.5489175705868796e+79
ASKAUTOLTD.NS,2024-12-10,2025-01-24,491.93,490,505,496.92,436.18,0.3479,79.4,6.92,1.407,58803832115100322230140906274072642506538499733846223470623646924499998212096,-6.92,-4.071131752738482e+77,-100.0,False,1,1,1,1,1,3,1.9948545588418558e+79
ARTEMISMED.NS,2024-12-10,2025-01-24,339.32,340,350,344.43,296.67,0.4722,77.4,4.43,1.306,20466648365236782864359779879455453558415358220321227844665301456025892683776,-4.43,-9.067353618690052e+76,-100.0,False,1,1,1,0,1,2,4.443003273158125e+78
ARIHANTSUP.NS,2024-12-11,2025-01-27,452.4,450,465,456.84,457.33,0.465,99.6,6.84,1.513,17199592284092371791600668927924063381870310341705885772250663404219551186944,0.49,8.375441311062565e+75,7.12,True,1,1,0,1,1,2,5.893006199844398e+78
ARVIND.NS,2024-12-11,2025-01-27,424.87,425,440,431.62,354.45,0.4067,84.9,6.62,1.557,17520637450636062186788528289958797311167793570846629515559929712977043783680,-6.62,-1.159190175086495e+77,-100.0,False,1,1,0,1,1,2,5.680031857923826e+78
63MOONS.NS,2024-12-11,2025-01-27,916.42,915,945,928.46,723.27,0.4385,99.1,13.46,1.469,27853635446945971946197189151858937495558134706556866696587729968341975040,-13.46,-3.7488060917118014e+74,-100.0,False,1,1,0,1,1,2,1.8369149849387827e+76
ASKAUTOLTD.NS,2024-12-11,2025-01-27,493.52,495,510,501.59,421.57,0.3405,79.4,6.59,1.336,60497237118105121751353161209323716804404081780355757077368741500692969029632,-6.59,-3.989709117683712e+77,-100.0,False,1,1,1,1,1,3,1.9549574676650187e+79
360ONE.NS,2024-12-11,2025-01-27,1190.71,1190,1225,1205.86,1058.43,0.3162,74.1,15.86,1.332,33476021948209317514443709326605836070045497859151741724107717764836229120,-15.86,-5.307953440944052e+74,-100.0,False,1,1,1,0,1,2,2.6008971860625852e+76
ASHAPURMIN.NS,2024-12-11,2025-01-27,463.2,465,475,469.41,495.2,0.6197,96.3,4.41,0.953,43366443481524177982112593287907611939506066907588874008625709940794267271168,5.59,2.4230605294657764e+77,126.62,True,1,1,0,1,1,2,9.810225146379784e+78
ARIES.NS,2024-12-12,2025-01-28,365.48,365,375,369.46,252.16,0.607,74.1,4.46,1.221,21761571091936749478070206812107507890402747990778675269660433099895525605376,-4.46,-9.708160847046332e+76,-100.0,False,1,1,1,0,1,2,4.756998815052703e+78
AEROFLEX.NS,2024-12-12,2025-01-28,230.06,230,235,232.3,222.45,0.4099,84.8,2.3,1.001,553759644277607379169429530624591059257057075435604890045399242510862123008,-2.3,-1.2754137266410983e+75,-100.0,False,1,1,0,1,1,2,6.249527260541381e+76
ANUP.NS,2024-12-12,2025-01-28,3717.46,3715,3830,3765.34,2941.98,0.6843,61.5,50.34,1.354,355183332114437306247007689628468191389075683663023435187515877379773825024,-50.34,-1.7881201503549385e+76,-100.0,False,1,1,1,0,1,2,8.761788736739199e+77
ANIKINDS.NS,2024-12-12,2025-01-28,113.32,115,120,116.8,93.74,0.2607,79.7,1.8,1.59,9706727536532621962002617552726173107795877066457993308393578562838247505920,-1.8,-1.7486635835416058e+76,-100.0,False,1,1,1,0,1,2,8.568451559353869e+77
ADFFOODS.NS,2024-12-13,2025-01-29,341.74,340,350,344.67,263.85,0.3512,73.2,4.67,1.367,407193454627270692195085724457834172438733137850460767470962995984110452736,-4.67,-1.901733482226814e+75,-100.0,False,1,1,1,0,1,2,9.318494062911388e+76
ARIES.NS,2024-12-13,2025-01-29,384.72,385,395,389.44,258.19,0.6068,75.1,4.44,1.153,21443928690017085207937070935912608441246361889023631040808640249374460346368,-4.44,-9.513997630105407e+76,-100.0,False,1,1,1,1,1,3,4.661858838751649e+78
3PLAND.NS,2024-12-16,2025-01-30,71.06,70,75,72.03,49.38,1.1548,55.1,2.03,2.851,159660164677975022143964791937449083186356618438831462197505558261203468288,-2.03,-3.234189843330994e+74,-100.0,False,1,1,1,1,1,3,1.584753023232187e+76
360ONE.NS,2024-12-16,2025-01-30,1221.48,1220,1260,1237.98,990.19,0.3216,74.4,17.98,1.472,28934730317817305824101016135730303706598339694580766449898291288214601728,-17.98,-5.201794372125171e+74,-100.0,False,1,1,1,0,1,2,2.5488792423413335e+76
ASKAUTOLTD.NS,2024-12-16,2025-01-30,494.62,495,510,501.7,447.85,0.3069,73.8,6.7,1.354,58381366756978290825669783120509251729098316448284226789230507355892296450048,-6.7,-3.909914935330037e+77,-100.0,False,1,1,1,0,1,2,1.9158583183117184e+79
ANIKINDS.NS,2024-12-16,2025-01-30,117.81,120,125,121.67,92.15,0.2276,80.4,1.67,1.416,10274257048526414656525521868504335259163138120795073297502799587245807370240,-1.67,-1.7136903118707738e+76,-100.0,False,1,1,0,1,1,2,8.397082528166791e+77
ADFFOODS.NS,2024-12-16,2025-01-30,343.38,345,355,349.36,263.55,0.3501,66.2,4.36,1.271,427001167805453908321411703690949697395535385729764257853510192917477588992,-4.36,-1.8636988125822777e+75,-100.0,False,1,1,1,0,1,2,9.13212418165316e+76
ARVIND.NS,2024-12-16,2025-01-30,428.82,430,440,434.51,331.11,0.3732,78.6,4.51,1.052,25170773190179143666735544953487318290641166918418788473327882798405458591744,-4.51,-1.1360063715847652e+77,-100.0,False,1,1,1,0,1,2,5.56643122076535e+78
AGARIND.NS,2024-12-16,2025-01-30,1351.38,1350,1390,1368.07,1111.98,0.4244,93.8,18.07,1.337,50364361917371191512463562451972333717682583278573914961827496517280202752,-18.07,-9.100096910383945e+74,-100.0,False,1,1,0,1,1,2,4.459047486088132e+76
AMJLAND.NS,2024-12-16,2025-01-30,72.39,70,75,72.25,54.9,0.8138,68.1,2.25,3.101,516196335175773232591603865485624225655806896055381896047516647245121323008,-2.25,-1.1589207603930913e+75,-100.0,False,1,1,1,1,1,3,5.678711725926148e+76
ASALCBR.NS,2024-12-16,2025-01-30,1126.73,1125,1160,1140.85,1291.29,0.3655,78.8,15.85,1.406,8755757885534345878018459636921023580128269219607919023237387791743414435840,19.15,1.6769706179476886e+77,120.86,True,1,1,1,0,1,2,7.10542027174143e+78
ANANTRAJ.NS,2024-12-16,2025-01-30,786.25,785,810,796.31,560.73,0.318,89.4,11.31,1.438,1425233799173087621057541424198662970160857239567562742321055995356107505664,-11.31,-1.6117842276968946e+76,-100.0,False,1,1,0,1,1,2,7.897742715714784e+77
AFFLE.NS,2024-12-16,2025-01-30,1852.45,1850,1910,1877.02,1499.85,0.342,82.6,27.02,1.459,44856994092498187941510160964415184984235333414573804524130458233131237376,-27.02,-1.2121617316501641e+75,-100.0,False,1,1,0,1,1,2,5.939592485085804e+76
ARVIND.NS,2024-12-17,2025-01-31,443.61,445,455,449.52,334.23,0.3534,80.9,4.52,1.018,24651041437504631100012676249571909561146249261614099405664994041892637245440,-4.52,-1.11328624415307e+77,-100.0,False,1,1,0,1,1,2,5.455102596350043e+78
ASKAUTOLTD.NS,2024-12-17,2025-01-31,501.5,500,515,506.92,449.2,0.2669,76.0,6.92,1.38,55361898441123611637515591874718926490010371155136223112237314677820060860416,-6.92,-3.8317166366234367e+77,-100.0,False,1,1,1,0,1,2,1.877541151945484e+79
ADFFOODS.NS,2024-12-17,2025-01-31,345.82,345,355,349.59,269.07,0.3406,65.9,4.59,1.328,397641841904684275681923600048045587600143144475216713599281409753226412032,-4.59,-1.826424836330632e+75,-100.0,False,1,1,1,0,1,2,8.949481698020097e+76
ANANTRAJ.NS,2024-12-17,2025-01-31,805.13,805,830,816.2,597.58,0.2795,90.0,11.2,1.391,1410642959781096326150534600422264461999638917747688376331085889221318148096,-11.2,-1.579548543142957e+76,-100.0,False,1,1,0,1,1,2,7.739787861400488e+77
360ONE.NS,2024-12-17,2025-01-31,1230.78,1230,1270,1247.91,990.78,0.3192,71.6,17.91,1.455,28457885910238030335313704449144485474930885548735948074866755393179090944,-17.91,-5.097758484682667e+74,-100.0,False,1,1,1,0,1,2,2.4979016574945067e+76
ANIKINDS.NS,2024-12-17,2025-01-31,120.16,120,125,122.12,90.44,0.2199,81.6,2.12,1.766,7911992994401289952978111247956219002695559922317176036640688604683782062080,-2.12,-1.6794165056333582e+76,-100.0,False,1,1,0,1,1,2,8.229140877603455e+77
3PLAND.NS,2024-12-17,2025-01-31,78.16,80,85,81.86,50.88,1.1822,70.9,1.86,2.382,170252978835021782545697442692827952467076353212784330781102696043517050880,-1.86,-3.169506046464374e+74,-100.0,False,1,1,1,1,1,3,1.5530579627675433e+76
63MOONS.NS,2024-12-18,2025-02-01,981.28,980,1010,993.48,734.0,0.4724,86.5,13.48,1.374,27247054368656175799603182039548377835195696291437817729953283046459310080,-13.48,-3.6738299698775655e+74,-100.0,False,1,1,0,1,1,2,1.800176685240007e+76
AGI.NS,2024-12-19,2025-02-03,1274.94,1275,1315,1292.55,764.1,0.6336,76.1,17.55,1.377,62829345603479528376429412961310483614188830851533008635413706943374557184,-17.55,-1.1027552053988434e+75,-100.0,False,1,1,1,0,1,2,5.4035005064543325e+76
ANANTRAJ.NS,2024-12-19,2025-02-03,836.64,835,860,846.43,589.49,0.3061,90.6,11.43,1.366,1354614246540497272382390475459996469674718883311279241904448099037246128128,-11.43,-1.5479575722800976e+76,-100.0,False,1,1,0,1,1,2,7.584992104172478e+77
ASTERDM.NS,2024-12-23,2025-02-05,496.58,495,510,501.89,473.18,0.3666,65.8,6.89,1.387,44996954482781393596185748997349362316235285948433033456984096880249641369600,-6.89,-3.0981699601150926e+77,-100.0,False,1,1,1,1,1,3,1.518103280456395e+79
AMBER.NS,2024-12-23,2025-02-05,6907.8,6910,7115,7000.84,6908.8,0.5627,77.8,90.84,1.315,24877084981154250207228098443510339567488734324728106298515852879640657920,-90.84,-2.259787878602169e+75,-100.0,False,1,1,1,1,1,3,1.107296060515063e+77
AARON.NS,2024-12-23,2025-02-05,195.94,195,200,197.25,176.92,0.6778,72.0,2.25,1.146,81170105814628177255353180354824576195667868196465366547562941685535080448,-2.25,-1.8232831133834068e+74,-100.0,False,1,1,1,1,1,3,8.934087255578692e+75
ASIANHOTNR.NS,2024-12-23,2025-02-05,239.72,240,245,242.21,372.9,0.7135,58.9,2.21,0.92,261045054710777284171665653041060156970391261229453302439768545063585095614464,2.79,7.294860920537753e+77,126.7,True,1,1,1,1,1,3,2.951644516705933e+79
ACUTAAS.NS,2024-12-24,2025-02-06,1148.51,1150,1185,1165.57,1261.14,0.4141,53.5,15.57,1.355,227585835004889870371128424550685673773833532684874097688851658661131452416,19.43,4.422920876255273e+75,124.85,True,1,1,0,1,1,2,1.8155208832204894e+77
AMBER.NS,2024-12-24,2025-02-06,7249.9,7250,7465,7345.22,6954.05,0.5813,81.9,95.22,1.313,23258471922866337015506992537259313133804892234419452004807580066726805504,-95.22,-2.214592121030126e+75,-100.0,False,1,1,0,1,1,2,1.0851501393047617e+77
A2ZINFRA.NS,2024-12-24,2025-02-06,24.06,25,30,26.36,21.11,0.7353,74.4,1.36,5.668,225125340212754062544429899250209715595460107352669059618654522118397493248,-1.36,-3.0700500456961846e+74,-100.0,False,1,1,1,0,1,2,1.5043245223911305e+76
AARON.NS,2024-12-24,2025-02-06,196.44,195,200,197.27,189.38,0.6687,71.5,2.27,1.156,78691098376939988642043054093508037288135574174847756689337895892648198144,-2.27,-1.7868174511157384e+74,-100.0,False,1,1,1,0,1,2,8.755405510467119e+75
ASIANHOTNR.NS,2024-12-24,2025-02-06,263.69,265,270,267.17,365.45,0.7626,63.5,2.17,0.823,272068988619975808984155752080475886442215191748431115819055812299111169785856,2.83,7.700160397586924e+77,130.44,True,1,1,1,1,1,3,3.0286461206818025e+79
AMBER.NS,2024-12-26,2025-02-07,7867.7,7870,8105,7973.24,6894.05,0.6406,93.3,103.24,1.312,21022353115787831943431870887330031320466778631145378646352653143318200320,-103.24,-2.1703002786095236e+75,-100.0,False,1,1,0,1,1,2,1.0634471365186665e+77
ASTERDM.NS,2024-12-26,2025-02-07,498.21,500,515,506.44,466.38,0.2259,62.9,6.44,1.292,47181507046920797150404446368429680258928871182357088413158030737638502170624,-6.44,-3.03620656091279e+77,-100.0,False,1,1,1,0,1,2,1.4877412148472672e+79
ASIANHOTNR.NS,2024-12-26,2025-02-07,276.87,275,285,279.38,365.0,0.7675,70.6,4.38,1.583,138208902944604509826880666219691530573446056670623387599185148415488200540160,5.62,7.763598053096846e+77,128.17,True,1,1,1,1,1,3,3.106282101212771e+79
A2ZINFRA.NS,2024-12-26,2025-02-07,25.26,25,30,26.69,21.16,0.7433,77.3,1.69,6.681,178266639232963237182181684135214854436715047432326294093619615399338311680,-1.69,-3.008649044782261e+74,-100.0,False,1,1,1,0,1,2,1.4742380319433078e+76
360ONE.NS,2024-12-26,2025-02-07,1235.1,1235,1270,1250.86,1001.55,0.3148,75.1,15.86,1.284,31505165402488600737279672030951643981970597491761260281866526932093370368,-15.86,-4.995803314989014e+74,-100.0,False,1,1,1,1,1,3,2.4479436243446165e+76
ASTERDM.NS,2024-12-27,2025-02-10,504.42,505,520,511.61,459.67,0.2187,65.2,6.61,1.311,44990078078118908554828532636157297229829805331663974222602109456894352424960,-6.61,-2.975482429694534e+77,-100.0,False,1,1,1,0,1,2,1.457986390550322e+79
ASIANHOTNR.NS,2024-12-27,2025-02-10,290.71,290,300,294.33,357.7,0.7683,73.3,4.33,1.49,143387684791605348381843932261152296186565820104680206920937863131842557771776,5.67,8.126204276734993e+77,130.8,True,1,1,1,1,1,3,3.187544143980121e+79
A2ZINFRA.NS,2025-01-01,2025-02-13,25.36,25,30,26.73,19.2,0.7905,65.0,1.73,6.813,170660532532198579387017538049155813595420660726494037513692382369612300288,-1.73,-2.948476063886616e+74,-100.0,False,1,1,1,0,1,2,1.4447532713044416e+76
ARIHANTSUP.NS,2025-01-01,2025-02-13,483.09,485,500,491.55,435.26,0.4101,60.4,6.55,1.357,17982955630909354569547324438711136642374509419721819117608674601474296119296,-6.55,-1.1786012399688797e+77,-100.0,False,1,1,1,0,1,2,5.77514607584751e+78
ASIANHOTNR.NS,2025-01-01,2025-02-13,336.5,335,345,339.39,356.0,0.7683,94.7,4.39,1.306,145059628489095593117763209363307823340691283896531122383831558972030394040320,5.61,8.130874560949318e+77,127.54,True,1,1,0,1,1,2,3.268852889589614e+79
ASTERDM.NS,2025-01-01,2025-02-13,513.24,515,530,521.37,428.11,0.1877,69.8,6.37,1.242,45754156236724145806619902946321950769773627571613835837729461505441660928000,-6.37,-2.915972781100644e+77,-100.0,False,1,1,1,0,1,2,1.4288266627393154e+79
360ONE.NS,2025-01-01,2025-02-13,1255.21,1255,1295,1272.89,937.05,0.3123,63.4,17.89,1.425,27369415130854191277711954821811164875367416956837461201785057417852092416,-17.89,-4.895887248689233e+74,-100.0,False,1,1,1,0,1,2,2.3989847518577243e+76
ASTERDM.NS,2025-01-02,2025-02-14,514.57,515,530,521.6,412.9,0.1877,75.2,6.6,1.283,43287707216228977595914096861660764776508954608399652945509570375924991393792,-6.6,-2.857653325478631e+77,-100.0,False,1,1,1,0,1,2,1.4002501294845291e+79
360ONE.NS,2025-01-02,2025-02-14,1271.13,1270,1310,1288.01,889.37,0.2927,68.8,18.01,1.417,26641784968204844470425203483653694549869641532999441683677846883776069632,-18.01,-4.797969503715448e+74,-100.0,False,1,1,1,0,1,2,2.35100505682057e+76
ARIHANTSUP.NS,2025-01-02,2025-02-14,507.65,510,525,516.56,408.56,0.4323,63.3,6.56,1.292,17614890763011746162098303310770810191418594906686075877931046847013160222720,-6.56,-1.155029215169502e+77,-100.0,False,1,1,1,1,1,3,5.65964315433056e+78
A2ZINFRA.NS,2025-01-02,2025-02-14,26.62,25,30,27.05,18.77,0.7894,70.9,2.05,7.707,140832378545890407689229407805413795267898457913699449479682275896241160192,-2.05,-2.889506542608883e+74,-100.0,False,1,1,1,0,1,2,1.4158582058783528e+76
AARTECH.NS,2025-01-02,2025-02-14,86.52,85,90,87.28,66.37,0.4875,63.6,2.28,2.631,64134740438820499159650813692083064999448248774984910430274279193624707072,-2.28,-1.4599599501787888e+74,-100.0,False,1,1,1,1,1,3,7.153803755876065e+75
360ONE.NS,2025-01-03,2025-02-17,1275.31,1275,1315,1292.91,881.31,0.2878,73.0,17.91,1.405,26246876125587132864596552500802848542112000095260930926519102684490891264,-17.91,-4.70201011364114e+74,-100.0,False,1,1,1,0,1,2,2.3039849556841585e+76
ARIHANTSUP.NS,2025-01-03,2025-02-17,528.02,530,545,536.61,400.64,0.4425,72.7,6.61,1.252,17123308712071770911664385814977456472402680775176392432720621739997283745792,-6.61,-1.131928630866112e+77,-100.0,False,1,1,1,1,1,3,5.546450291243949e+78
AARTECH.NS,2025-01-03,2025-02-17,90.84,90,95,92.2,67.3,0.4969,66.1,2.2,2.418,65129298311228557946889583316042452812109180006889993341457320785970462720,-2.2,-1.430760751175213e+74,-100.0,False,1,1,1,1,1,3,7.0107276807585435e+75
APOLLOHOSP.NS,2025-01-07,2025-02-19,7406.92,7405,7630,7502.28,6405.94,0.1377,66.2,97.28,1.313,874983892580804944570507643322471813229194577753998058035712299595829608448,-97.28,-8.511554342668363e+76,-100.0,False,1,1,1,0,1,2,4.170661627907498e+78
ASTERDM.NS,2025-01-07,2025-02-19,516.64,515,530,521.96,415.53,0.1882,75.9,6.96,1.347,40247113313085252792952315562268136345104301284572901140318384900062532599808,-6.96,-2.8005002589690584e+77,-100.0,False,1,1,1,0,1,2,1.3722451268948385e+79
AEGISLOG.NS,2025-01-07,2025-02-20,948.77,950,975,961.04,717.77,0.6226,75.6,11.04,1.163,131937542884781499602576999721616850943219886391950137237220635393103233024,-11.04,-1.4562821832076616e+75,-100.0,False,1,1,1,1,1,3,7.135782697717542e+76
ANANTRAJ.NS,2025-01-07,2025-02-19,883.59,885,910,896.18,539.6,0.316,70.3,11.18,1.266,1356653057441892524557315927518635715150420101304401146330969901546342449152,-11.18,-1.5169984208344956e+76,-100.0,False,1,1,1,0,1,2,7.433292262089028e+77
ARIHANTSUP.NS,2025-01-07,2025-02-19,535.2,535,550,541.78,419.22,0.4259,81.3,6.78,1.267,16361592090090938508223796241373233289988837318653636871357509861794792865792,-6.78,-1.10929005824879e+77,-100.0,False,1,1,0,1,1,2,5.43552128541907e+78
APARINDS.NS,2025-01-07,2025-02-19,11597.34,11595,11945,11752.62,6325.4,0.3273,83.3,157.62,1.359,344063809968108365422798289462690594960505631301884381418322894549831122944,-157.62,-5.422967518850297e+76,-100.0,False,1,1,0,1,1,2,2.6572540842366453e+78
AARTECH.NS,2025-01-07,2025-02-19,100.15,100,105,102.14,64.48,0.537,76.6,2.14,2.135,65579288585472451062442252772405450730272249082957601260383470163205292032,-2.14,-1.4021455361517088e+74,-100.0,False,1,1,1,1,1,3,6.870513127143372e+75
AMBER.NS,2025-01-07,2025-02-19,8060.4,8060,8300,8165.91,5517.9,0.614,79.0,105.91,1.314,20081578166430624256382163558333978333633468741641392073715724576016564224,-105.91,-2.126894273037333e+75,-100.0,False,1,1,1,0,1,2,1.0421781937882931e+77
ACUTAAS.NS,2025-02-04,2025-03-24,1296.63,1295,1335,1312.21,1245.66,0.8345,75.9,17.21,1.327,210990989584129150095851128393016466367707974175531391902917367030343532544,-17.21,-3.631041766440979e+75,-100.0,False,1,1,1,0,1,2,1.7792104655560797e+77
AEROFLEX.NS,2025-02-05,2025-03-25,263.57,265,270,267.1,175.79,0.975,58.0,2.1,0.798,593882863047420182714704942413987487249096106625118931362112887217700470784,-2.1,-1.2499054521082763e+75,-100.0,False,1,1,1,0,1,2,6.124536715330553e+76
ABINFRA.NS,2025-03-26,2025-05-16,9.91,10,15,10.8,10.78,0.5986,82.3,0.8,8.052,191907070308649298991813131508098228384165387209088575494366548496849305600,-0.02,-3.3703424852332024e+72,-2.2,False,1,1,0,1,1,2,7.651331828334425e+75
ABINFRA.NS,2025-03-27,2025-05-19,10.3,10,15,11.01,11.19,0.6002,83.9,1.01,9.787,151844492600390393420799505871920555992641375174202981966071976521287860224,0.18,2.6921604557829418e+73,17.59,True,1,1,0,1,1,2,7.678253432892255e+75
AAVAS.NS,2025-04-21,2025-06-05,2166.3,2165,2230,2194.28,1812.2,0.4123,63.6,29.28,1.352,3741894944436004825214755148999696968485961389826207561468540649100804096,-29.28,-1.0956175767809765e+74,-100.0,False,1,1,1,1,1,3,5.368526126226785e+75
ATALREAL.NS,2025-04-21,2025-06-05,15.93,15,20,16.45,15.63,0.4191,75.5,1.45,9.074,342876042576457203731352635232922524415399683621177840124443504540689836802048,-0.82,-2.796110753239355e+77,-56.42,False,1,1,1,1,1,3,2.4501539993983692e+79
AAVAS.NS,2025-04-22,2025-06-06,2220.5,2220,2285,2249.27,1922.3,0.4173,62.3,29.27,1.318,3668486229556281166533509891335743338087096381922763318628464072054538240,-29.27,-1.0737052252453569e+74,-100.0,False,1,1,1,0,1,2,5.261155603702249e+75
ASTRAZEN.NS,2025-04-22,2025-06-06,8940.94,8940,9210,9060.92,9756.65,0.4492,58.5,120.92,1.352,2986438781637107253609556377091916269318474587618662886056821301477944328192,149.08,4.452212174464077e+77,123.29,True,1,1,1,0,1,2,1.8501083897226973e+79
ASTRAZEN.NS,2025-04-23,2025-06-09,9011.2,9010,9280,9131.36,10022.74,0.4037,57.9,121.36,1.347,3048987202458053672461660519283491254064032094658049478868296878151625080832,148.64,4.53204866719135e+77,122.48,True,1,1,1,0,1,2,1.895428876394611e+79
ANURAS.NS,2025-04-29,2025-06-13,859.49,860,885,871.18,1116.67,0.4634,70.2,11.18,1.3,1620325453760369689129370752730716173338972314435645191197845449673789145088,13.82,2.2399676917739047e+76,123.7,True,1,1,1,0,1,2,9.278226482312488e+77
ASTERDM.NS,2025-05-05,2025-06-18,521.74,520,535,526.99,566.27,0.2297,67.5,6.99,1.339,39274951989026740227327318974286175237612983184848680512796142626647387930624,8.01,3.146752544564334e+77,114.66,True,1,1,1,0,1,2,1.4037126523404818e+79
ASTERDM.NS,2025-05-07,2025-06-20,531.78,530,550,538.92,555.44,0.245,74.7,8.92,1.678,31468549293049733218650432492335396031118754438831287442591244916645001428992,11.08,3.486284553928983e+77,124.18,True,1,1,1,1,1,3,1.4385754978797716e+79
ASTERDM.NS,2025-05-12,2025-06-25,545.45,545,560,551.86,588.09,0.2583,72.4,6.86,1.258,41942687818233071358406731671766057797971404291159093105656719790976773652480,8.14,3.414252176975418e+77,118.67,True,1,1,1,0,1,2,1.4727180196495258e+79
APLAPOLLO.NS,2025-05-12,2025-06-25,1706.84,1705,1760,1729.58,1789.65,0.2315,72.2,24.58,1.44,1745917322410594698664910123002280112828867197129534056296675063571085787136,30.42,5.310756644189655e+76,123.74,True,1,1,1,0,1,2,2.1990018809762043e+78
APLAPOLLO.NS,2025-05-13,2025-06-26,1719.1,1720,1770,1742.33,1789.65,0.2309,71.0,22.33,1.299,1969349143856807506965798470577758983063156228325796816041847931446373646336,27.67,5.448741957331629e+76,123.89,True,1,1,1,0,1,2,2.2534893005495205e+78
ASTERDM.NS,2025-05-13,2025-06-26,546.79,545,565,553.97,592.41,0.2505,70.1,8.97,1.64,32851624221764554127932022293110305193451441870128523453365223500803678928896,11.03,3.6248888050538593e+77,123.07,True,1,1,1,0,1,2,1.5089669077000644e+79
ABINFRA.NS,2025-05-14,2025-06-27,10.55,10,15,11.32,16.09,0.8508,72.5,1.32,12.552,116010219903513942464025502621147658221469386103698356390644142722061959168,3.68,4.2648603085972457e+74,277.72,True,1,1,1,0,1,2,8.104739463751979e+75
AIIL.NS,2025-05-14,2025-06-27,427.02,425,440,431.69,524.1,0.5927,64.7,6.69,1.567,116693982572674387455778620652417975376141725173774234375311423961911263232,8.31,9.695428819972632e+74,124.16,True,1,1,1,1,1,3,4.0012885711639894e+76
AARTIPHARM.NS,2025-05-14,2025-06-27,807.05,805,830,816.34,855.42,0.436,64.9,11.34,1.405,11298565502613853440135155261729139964344140253805290150107294597413601280,13.66,1.5438648018164263e+74,120.54,True,1,1,1,0,1,2,6.558269349366829e+75
APLAPOLLO.NS,2025-05-14,2025-06-27,1739.03,1740,1790,1762.31,1749.79,0.2181,73.0,22.31,1.283,2019933889922453292044847507757555940150959917565346841574883262573219676160,-12.52,-2.5288883123875055e+76,-56.11,False,1,1,1,0,1,2,2.2282004174256456e+78
ABINFRA.NS,2025-05-15,2025-06-30,10.56,10,15,11.33,16.29,0.8509,69.8,1.33,12.582,122050440263852887816637303202725514742612309002828564260238778216019394560,3.67,4.4815741204422487e+74,276.48,True,1,1,1,0,1,2,8.552896875796203e+75
APLAPOLLO.NS,2025-05-15,2025-06-30,1769.72,1770,1825,1794.24,1733.05,0.2034,75.3,24.24,1.37,1838118586288325838971010046258481967094972426649951724118732847896686755840,-24.24,-4.4564008348512906e+76,-100.0,False,1,1,1,0,1,2,2.1836364090771327e+78
ASTERDM.NS,2025-05-15,2025-06-30,577.95,580,595,586.63,592.46,0.2597,81.4,6.63,1.147,45510384600863031066608433341214488108497012086167482651920143877501729374208,5.83,2.654086749759678e+77,87.94,True,1,1,0,1,1,2,1.5355077751976612e+79
AIIL.NS,2025-05-15,2025-06-30,429.46,430,440,434.46,526.14,0.5888,71.1,4.46,1.039,179387923237515064562843746244485293483321825015619876874491499601557716992,5.54,9.936215181423527e+74,124.16,True,1,1,1,0,1,2,4.1006507229782246e+76
ANURAS.NS,2025-05-15,2025-06-30,957.48,955,985,968.69,1140.96,0.3258,83.4,13.69,1.43,1355103453975757072255456544223010145587478993498169298735703005763502866432,16.31,2.2096650654647736e+76,119.08,True,1,1,0,1,1,2,9.499192988858966e+77
ASTRAMICRO.NS,2025-05-16,2025-07-01,1070.45,1070,1105,1085.5,1022.86,0.53,85.2,15.5,1.448,21040479885035189064773760912619346954342525402721785730258539194755057713152,-15.5,-3.261924797904926e+77,-100.0,False,1,1,0,1,1,2,1.5983431509734137e+79
APLAPOLLO.NS,2025-05-16,2025-07-01,1779.19,1780,1835,1804.18,1753.38,0.2029,79.6,24.18,1.359,1806444846060725209979533704359660748297639522639287704909393986177611071488,-24.18,-4.367272818154265e+76,-100.0,False,1,1,1,0,1,2,2.13996368089559e+78
ABINFRA.NS,2025-05-16,2025-07-01,10.78,10,15,11.44,16.37,0.8508,72.6,1.44,13.332,119023103321964829778086833569070321848910458300489959275661876705244479488,3.56,4.2405757909390003e+74,247.9,True,1,1,1,0,1,2,8.976954454890103e+75
AIIL.NS,2025-05-16,2025-07-01,430.04,430,445,436.57,498.48,0.5844,76.8,6.57,1.528,124811758055138903059573156993926541355754954605749107428205706158389854208,8.43,1.0520462262314386e+75,128.28,True,1,1,1,0,1,2,4.2058553456013684e+76
ABINFRA.NS,2025-05-19,2025-07-02,11.19,10,15,11.64,16.57,0.8466,74.2,1.64,14.632,109701387965526052671506821241227508285118113852881337433953547449270272000,3.36,3.689678507298282e+74,205.51,True,1,1,1,0,1,2,9.345922305619931e+75
AIIL.NS,2025-05-19,2025-07-02,434.26,435,445,439.46,500.0,0.5812,75.5,4.46,1.027,188644512714379656869638600055166700099873533494355669549955713734895730688,5.54,1.0452740580235229e+75,124.26,True,1,1,1,0,1,2,4.3103827514037205e+76
AARON.NS,2025-05-19,2025-07-02,199.58,200,205,202.24,190.36,0.4622,77.5,2.24,1.123,78124888762484903854854162550122750905124404323511360838341153611287887872,-2.24,-1.7510811020934235e+74,-100.0,False,1,1,1,1,1,3,8.580297400257777e+75
ASTRAMICRO.NS,2025-05-19,2025-07-02,1082.68,1085,1115,1098.28,1064.47,0.5295,84.6,13.28,1.227,24066028346624957074713276037145989262970181908492745798025649009296662331392,-13.28,-3.1966863019468273e+77,-100.0,False,1,1,0,1,1,2,1.5663762879539454e+79
AARTIPHARM.NS,2025-05-19,2025-07-02,851.14,850,875,861.27,893.58,0.4783,72.3,11.27,1.324,11642268722819607297522978761495729321236887819314390289412044187678801920,13.73,1.598913310831536e+74,121.9,True,1,1,1,1,1,3,6.7181606804499825e+75
AARON.NS,2025-05-20,2025-07-03,205.74,205,210,207.31,194.87,0.4678,78.6,2.31,1.124,74217401260525750173040245951482843345733428934840579912124838762548035584,-2.31,-1.7160594800515554e+74,-100.0,False,1,1,1,1,1,3,8.40869145225262e+75
ANURAS.NS,2025-05-20,2025-07-03,961.72,960,990,973.62,1146.75,0.2875,78.5,13.62,1.416,1394609354255349913369249661365598340703023617059991764728501586491317682176,16.38,2.2839894649942566e+76,120.22,True,1,1,1,1,1,3,9.727591935358392e+77
AIIL.NS,2025-05-20,2025-07-03,444.3,445,460,451.54,536.72,0.5787,76.7,6.54,1.473,131763286889670091748180103861314399894703381627988928382129846724226711552,8.46,1.1143727530643072e+75,129.27,True,1,1,1,1,1,3,4.421820026710151e+76
AARTIPHARM.NS,2025-05-21,2025-07-04,870.89,870,895,881.27,896.02,0.4753,78.5,11.27,1.294,11921553867204422108553609653949756693775244046736022717264422476848300032,13.73,1.636756330711109e+74,121.82,True,1,1,1,0,1,2,6.881836313521093e+75
ABINFRA.NS,2025-05-21,2025-07-04,13.35,15,20,15.94,16.77,1.0206,81.3,0.94,7.042,198854480811214884901363851601906562570021894620102599284698785857035829248,0.83,1.643831211015072e+74,87.94,True,1,1,0,1,1,2,9.510305426721439e+75
ASTRAMICRO.NS,2025-05-22,2025-07-07,1113.01,1115,1145,1128.37,1037.53,0.4898,88.6,13.37,1.202,23423553877833930444689976541859371600141595173411037134840058557189968625664,-13.37,-3.132752575907891e+77,-100.0,False,1,1,0,1,1,2,1.5350487621948665e+79
AIIL.NS,2025-05-23,2025-07-08,444.68,445,460,451.58,533.92,0.5488,79.3,6.58,1.481,134330618687518628471737864770893894087478440372925641191599303835722448896,8.42,1.1305952749707493e+75,127.84,True,1,1,1,0,1,2,4.534879554207226e+76
AARON.NS,2025-05-26,2025-07-09,207.04,205,215,209.46,182.03,0.5311,74.2,4.46,2.156,37670135704547372314129949015550376655360196508876286488047979534504427520,-4.46,-1.6817382904505243e+74,-100.0,False,1,1,1,0,1,2,8.240517623207568e+75
ANURAS.NS,2025-05-26,2025-07-09,990.35,990,1020,1003.52,1139.86,0.3303,73.5,13.52,1.365,1439010681514860418222584100105390105309831984069704964978501051842151055360,16.48,2.3715136574729027e+76,121.9,True,1,1,1,1,1,3,9.964743301105682e+77
APOLLO.NS,2025-05-27,2025-07-10,155.68,155,160,157.17,186.28,0.8219,72.5,2.17,1.395,41997532926805825162619376744897954766903850444696345706922825242332522086400,2.83,1.1878642685968938e+77,130.25,True,1,1,1,1,1,3,4.678848315576677e+78
AARON.NS,2025-05-27,2025-07-10,211.25,210,220,214.4,182.0,0.5202,76.7,4.4,2.081,37484970899877822711479364538787536825831124830517736793173438901635776512,-4.4,-1.6481035246415136e+74,-100.0,False,1,1,1,1,1,3,8.075707270743417e+75
AARTIPHARM.NS,2025-05-27,2025-07-10,876.32,875,905,888.39,907.17,0.4497,78.2,13.39,1.528,10278468637877980176715068898952158274039091027297765814822838701442203648,16.61,1.7071733286591755e+74,124.03,True,1,1,1,0,1,2,7.0525536463870105e+75
ATALREAL.NS,2025-05-27,2025-07-10,16.01,15,20,16.51,20.4,0.4336,65.8,1.51,9.436,324371538776175956244456583759773193261138374990647726509707890204164669571072,3.49,1.131826894001206e+78,230.97,True,1,1,1,1,1,3,2.5633366887984898e+79
ATALREAL.NS,2025-05-28,2025-07-11,16.24,15,20,16.66,20.08,0.4336,73.2,1.66,10.191,309766924145304279979312491326997610804892504015300540470619415223463619592192,3.34,1.0361672829668235e+78,202.11,True,1,1,1,1,1,3,2.6669534170951722e+79
APOLLO.NS,2025-05-28,2025-07-11,177.16,175,180,177.2,179.66,0.9091,79.0,2.2,1.244,42469467784567923054208074506824862167748792264250198802507653620393654091776,2.46,1.0443589038177356e+77,111.6,True,1,1,1,1,1,3,4.783284205958451e+78
ANURAS.NS,2025-05-28,2025-07-11,990.4,990,1020,1003.52,1138.86,0.3314,77.3,13.52,1.366,1473543807539706481749601688418033163289149422541179367942675777294931329024,16.48,2.427682762397983e+76,121.81,True,1,1,1,0,1,2,1.020751157734548e+78
ASTRAMICRO.NS,2025-05-28,2025-07-11,1161.15,1160,1195,1175.65,991.53,0.5204,85.8,15.65,1.348,19615203894373099067103681157446588070491484876385121307012598675513609814016,-15.65,-3.0700975243897333e+77,-100.0,False,1,1,0,1,1,2,1.504347786950969e+79
AARTIPHARM.NS,2025-05-29,2025-07-14,899.6,900,925,911.26,928.31,0.4251,76.2,11.26,1.251,12531442729641662135086914897722875409198838737784863101633230079541641216,13.74,1.7223499531330134e+74,122.11,True,1,1,1,0,1,2,7.2247886417003116e+75
APOLLO.NS,2025-05-29,2025-07-14,188.62,190,195,192.09,184.09,0.906,78.6,2.09,1.109,45747622534015150583933869347824832397565435106939195495290336968075055726592,-2.09,-9.566568411916902e+76,-100.0,False,1,1,1,1,1,3,4.687618521839282e+78
ATALREAL.NS,2025-05-29,2025-07-14,16.29,15,20,16.68,19.72,0.4208,79.5,1.68,10.296,318034999324689165109047170649733322501544347236654344377226242883318349561856,3.04,9.677342950161948e+77,181.43,True,1,1,1,1,1,3,2.7637268465967917e+79
ANURAS.NS,2025-05-30,2025-07-15,1004.09,1005,1035,1018.42,1163.44,0.3336,77.1,13.42,1.336,1521756153079913700247176727038415761150094154183442921067318987929495273472,16.58,2.5237661437706452e+76,123.62,True,1,1,1,0,1,2,1.0459888191722544e+78
AIIL.NS,2025-05-30,2025-07-15,475.84,475,490,481.73,550.96,0.4871,93.5,6.73,1.415,134720839320083195167772751024550968643767244846247980949508348842560454656,8.27,1.1138366789598026e+75,122.81,True,1,1,0,1,1,2,4.646263222103206e+76
AARTIPHARM.NS,2025-05-30,2025-07-15,906.62,905,935,918.48,940.16,0.4199,73.5,13.48,1.487,10719053738799260920169912349480493234202440126438049776684782848317587456,16.52,1.7707583932997158e+74,122.55,True,1,1,1,0,1,2,7.401864481030283e+75
ASTRAZEN.NS,2025-06-02,2025-07-16,9304.7,9305,9585,9428.62,9139.26,0.601,75.0,123.62,1.329,3066537793904102351946649293222065073976741187368214703628766435652044587008,-123.62,-3.790857752789222e+77,-100.0,False,1,1,1,1,1,3,1.8575202988667187e+79
ANURAS.NS,2025-06-02,2025-07-16,1004.34,1005,1035,1018.44,1156.45,0.3344,76.0,13.44,1.338,1556472508108167923632260945594540150149584143333683918778691875701444837376,16.56,2.577439885979995e+76,123.21,True,1,1,1,0,1,2,1.0717632180320544e+78
ASTRAZEN.NS,2025-06-04,2025-07-18,9461.16,9460,9745,9585.98,9119.0,0.5949,84.7,125.98,1.332,2948830072889241267558341547473402209257986928993206107071535176036575608832,-125.98,-3.715040597733437e+77,-100.0,False,1,1,0,1,1,2,1.8203698928893842e+79
AARTIPHARM.NS,2025-06-04,2025-07-18,927.17,925,955,938.57,946.73,0.4049,79.1,13.57,1.463,10911630014148278013903860783790453201343365872953727973820865401210273792,8.16,8.90289279212771e+73,60.14,True,1,1,1,0,1,2,7.49089340895156e+75
APLAPOLLO.NS,2025-06-04,2025-07-18,1887.81,1890,1945,1914.24,1660.6,0.2048,78.1,24.24,1.284,1765609262754647376277377987935358298990594095604720694767383097656830066688,-24.24,-4.27992736179118e+76,-100.0,False,1,1,1,1,1,3,2.097164407277678e+78
ANURAS.NS,2025-06-04,2025-07-18,1023.73,1025,1055,1038.41,1149.25,0.3339,72.7,13.41,1.31,1598425531428341310999989106011580063182317502269375140772398003776003244032,16.59,2.6517501582209153e+76,123.71,True,1,1,1,0,1,2,1.0982807196142636e+78
ASTRAMICRO.NS,2025-06-05,2025-07-21,1176.02,1175,1210,1190.62,976.36,0.5448,65.3,15.62,1.328,19265403929420795020072809772620699135227491125819234153270575162180834951168,-15.62,-3.008695573901938e+77,-100.0,False,1,1,1,0,1,2,1.4742608312119499e+79
ABBOTINDIA.NS,2025-06-05,2025-07-21,31259.63,31260,32195,31667.72,33616.8,0.1524,63.7,407.72,1.304,278791951038439506280083390886052014992260764540716298574715722158571520,527.28,1.4700085123711886e+74,129.32,True,1,1,1,1,1,3,5.8304820004282224e+75
APLAPOLLO.NS,2025-06-05,2025-07-21,1908.24,1910,1965,1934.35,1686.61,0.2039,79.2,24.35,1.276,1722563377996141641483641320701145768720833417197599158859700200956669984768,-24.35,-4.1943288145553567e+76,-100.0,False,1,1,1,0,1,2,2.0552211191321246e+78
ASTRAZEN.NS,2025-06-05,2025-07-21,9850.33,9850,10145,9980.26,9141.5,0.6052,91.1,130.26,1.322,2795045053481197669748325386501524945704545586658355440858209486339527671808,-130.26,-3.6407397857787684e+77,-100.0,False,1,1,0,1,1,2,1.7839624950315965e+79
ATALREAL.NS,2025-06-06,2025-07-22,16.65,15,20,16.92,19.52,0.4413,68.7,1.92,11.542,287623080381520009812796656030877238855376333607307667066583707135776311476224,2.6,7.473110856685094e+77,135.2,True,1,1,1,1,1,3,2.8384579551636425e+79
APLAPOLLO.NS,2025-06-06,2025-07-22,1914.22,1915,1970,1939.49,1654.62,0.1998,77.8,24.49,1.279,1678406134676291985568234695411379307746488047899970538811854359629049888768,-24.49,-4.1104422382642495e+76,-100.0,False,1,1,1,0,1,2,2.014116696749482e+78
ABINFRA.NS,2025-06-09,2025-07-23,14.49,15,20,16.07,17.92,0.7208,77.8,1.07,7.395,177527507344715403188643242005555184916069509018751528837775106682023575552,1.85,3.2823178962064563e+74,172.57,True,1,1,1,0,1,2,9.838537216342084e+75
AFFLE.NS,2025-06-09,2025-07-23,1868.7,1870,1925,1894.66,1879.0,0.3143,76.7,24.66,1.32,48163635401282906156888574779797932762371398670444266579116046009847775232,-15.66,-7.544457784056148e+74,-63.51,False,1,1,1,0,1,2,5.864147907245242e+76
ABBOTINDIA.NS,2025-06-09,2025-07-23,31373.05,31375,32315,31784.28,34257.87,0.1519,61.7,409.28,1.305,284916676539890580772517966979182693089117980905323386522069450453155840,530.72,1.512120359389327e+74,129.67,True,1,1,1,0,1,2,5.981694036367155e+75
ANURAS.NS,2025-06-09,2025-07-23,1052.41,1050,1085,1065.83,1150.0,0.323,79.7,15.83,1.504,1387670869765102255630601381174427429066488900592896280795271563870138793984,19.17,2.660286604949331e+76,121.11,True,1,1,1,0,1,2,1.124883585663757e+78
ATALREAL.NS,2025-06-09,2025-07-23,17.15,15,20,17.25,20.14,0.4058,70.5,2.25,13.126,252188648772086155441724935217832499519207409291440757486048144160952638504960,2.75,6.932516528277023e+77,122.12,True,1,1,1,1,1,3,2.9077831204464128e+79
ANURAS.NS,2025-06-10,2025-07-24,1094.89,1095,1130,1110.63,1146.1,0.3419,85.1,15.63,1.427,1439731632402369650207708033119099854462309459948921891121005085249631158272,19.37,2.7892935420807798e+76,123.98,True,1,1,0,1,1,2,1.1527765210845647e+78
ATALREAL.NS,2025-06-10,2025-07-24,18.19,20,25,20.51,19.99,0.4439,75.3,0.51,2.778,1150676961850983583355953077420707689870356965755187548315722872020344604983296,-0.51,-5.815566240892826e+77,-100.0,False,1,1,1,1,1,3,2.8496274580374845e+79
ABINFRA.NS,2025-06-10,2025-07-24,14.71,15,20,16.15,18.0,0.7185,66.8,1.15,7.839,170678246755707441149583133510301100548092153466499854106155867458297135104,1.85,3.1565725178836585e+74,160.42,True,1,1,1,0,1,2,1.015419446813045e+76
AFFLE.NS,2025-06-10,2025-07-24,1939.0,1940,1995,1964.8,1855.5,0.3294,80.1,24.8,1.279,47288841077220236617763685506036187229849738192874075170400644988099624960,-24.8,-1.1728295814490486e+75,-100.0,False,1,1,0,1,1,2,5.7468649491003374e+76
ABCAPITAL.NS,2025-06-11,2025-07-25,246.25,245,255,249.46,260.35,0.2308,85.8,4.46,1.812,34783387649140716215144398516048710640210560181773001478887715522155118592,5.54,1.9260902152635043e+74,124.08,True,1,1,0,1,1,2,7.953851769779187e+75
ATALREAL.NS,2025-06-11,2025-07-25,18.86,20,25,20.74,19.72,0.453,81.4,0.74,3.915,771772641552384527422154962965659114006850985775943847934964781235169711357952,-0.74,-5.699254916074969e+77,-100.0,False,1,1,0,1,1,2,2.792634908876735e+79
ABINFRA.NS,2025-06-11,2025-07-25,14.79,15,20,16.18,17.99,0.7135,69.2,1.18,7.974,172256938126224919555917917845320944683235556454928213483191307725600456704,1.81,3.120175419620585e+74,153.64,True,1,1,1,0,1,2,1.0466212010092508e+76
ANURAS.NS,2025-06-11,2025-07-25,1101.18,1100,1135,1115.77,1145.2,0.3349,86.8,15.77,1.432,1461977606565668826024906305082595144031045981398480429270495593147710570496,19.23,2.8113685808107116e+76,121.94,True,1,1,0,1,1,2,1.1808902068926718e+78
ABINFRA.NS,2025-06-12,2025-07-28,14.88,15,20,16.22,18.46,0.7121,77.9,1.22,8.169,172188472692396744404640228591209758659508830971584247004437262205861232640,2.24,3.864795747450412e+74,184.63,True,1,1,1,0,1,2,1.085269158483755e+76
ANURAS.NS,2025-06-12,2025-07-28,1103.58,1105,1135,1118.48,1130.7,0.2686,95.9,13.48,1.222,1751842158215164245567005042303652977904197042213759923072462137627995275264,12.22,2.1404453789108404e+76,90.63,True,1,1,0,1,1,2,1.20229466068178e+78
ANURAS.NS,2025-06-13,2025-07-29,1116.67,1115,1150,1130.82,1130.5,0.2595,94.8,15.82,1.417,1519555837762181198606231036680717370296770653182900665578902200488992702464,-0.32,-4.927777283217941e+74,-2.05,False,1,1,0,1,1,2,1.2018018829534583e+78
ABCAPITAL.NS,2025-06-16,2025-07-30,248.75,250,255,252.24,248.8,0.2472,79.6,2.24,0.899,71103584820245822141797508220015667819140054595829330585708400783669592064,-2.24,-1.5907703539558373e+74,-100.0,False,1,1,1,0,1,2,7.794774734383602e+75
ABCAPITAL.NS,2025-06-17,2025-07-31,255.11,255,265,259.3,256.65,0.2496,85.3,4.3,1.686,36235112702332236507211784842284627331633282232891842742944783148144132096,-2.65,-9.610777989040041e+73,-61.65,False,1,1,0,1,1,2,7.698666954493202e+75
ABCAPITAL.NS,2025-06-18,2025-08-01,256.23,255,265,259.49,251.45,0.2299,85.0,4.49,1.751,34324575642499933450544548301559731913260937269558170416540925194449977344,-4.49,-1.53973339089864e+74,-100.0,False,1,1,0,1,1,2,7.544693615403337e+75
AIIL.NS,2025-06-18,2025-08-01,508.22,510,525,516.57,551.26,0.3059,67.7,6.57,1.293,141399690791240988846826503067482921666048169207543154260026810035110674432,8.43,1.1917427174479736e+75,128.25,True,1,1,1,1,1,3,4.7654374938480035e+76
ABINFRA.NS,2025-06-18,2025-08-01,15.02,15,20,15.79,18.66,0.3477,66.3,0.79,5.26,274778162821352726494698386875091743463996948432189103069917400560320905216,2.87,7.897699221327294e+74,363.86,True,1,1,1,1,1,3,1.164246150697028e+76
AIIL.NS,2025-06-19,2025-08-04,509.96,510,525,516.76,558.64,0.302,65.4,6.76,1.325,141032065864990724783169740015336613050544424914471136782919122000088662016,8.24,1.1623934892052601e+75,121.96,True,1,1,1,0,1,2,4.881676842768529e+76
AERONEU.NS,2025-06-20,2025-08-05,116.14,115,120,117.31,118.32,0.2647,73.9,2.31,1.992,571196365278211334027846176219834086422967338902964904126850333702461849600,1.01,5.745755147524203e+74,43.47,True,1,1,1,0,1,2,6.666438769754964e+76
ABCAPITAL.NS,2025-06-20,2025-08-05,260.28,260,270,264.33,282.0,0.2335,84.6,4.33,1.663,34861475671699552158919019564655123552059303698292256091822726724943085568,5.67,1.9772088440892876e+74,131.03,True,1,1,0,1,1,2,7.742414499812266e+75
AIIL.NS,2025-06-20,2025-08-05,517.58,520,535,526.52,575.24,0.3031,67.1,6.52,1.26,149731100778942423969026297155500332769163142567987984464942851432141291520,8.48,1.2696311431304305e+75,130.04,True,1,1,1,0,1,2,5.008639957081572e+76
APOLLO.NS,2025-06-23,2025-08-06,213.82,215,220,217.15,180.69,0.7803,59.8,2.15,1.003,43694789217554298255323927717793757207391472406783125178871553206055514144768,-2.15,-9.375237043678565e+76,-100.0,False,1,1,1,0,1,2,4.593866151402497e+78
AERONEU.NS,2025-06-23,2025-08-06,117.07,115,120,117.49,118.0,0.2607,79.4,2.49,2.123,536531987184794284350957275092292229867396637196104603587119304465576886272,0.51,2.7630820760339015e+74,20.72,True,1,1,1,0,1,2,6.694069590515303e+76
AIIL.NS,2025-06-23,2025-08-06,519.96,520,535,526.77,580.02,0.2976,62.4,6.77,1.303,147906063483455917883471147636472171464384246652979266251102140002321039360,8.23,1.2168629608355244e+75,121.48,True,1,1,1,0,1,2,5.130326253165124e+76
ABINFRA.NS,2025-06-23,2025-08-06,15.32,15,20,15.92,18.74,0.3253,69.7,0.92,6.005,253144928137869314590868519661016378587853413935425547453052868295332462592,2.82,7.131822128438454e+74,306.28,True,1,1,1,0,1,2,1.2355643719814125e+76
AIIL.NS,2025-06-24,2025-08-07,532.98,535,550,541.59,573.68,0.3033,63.3,6.59,1.237,155677546663893063017440417251406644270131274697740426876419698479838789632,8.41,1.309097949325371e+75,127.58,True,1,1,1,1,1,3,5.2612360480976615e+76
ABINFRA.NS,2025-06-24,2025-08-07,15.44,15,20,15.97,18.24,0.3127,75.1,0.97,6.307,253738725164315198184181337885772108735004946915783760039355412715998806016,2.27,5.760768823601405e+74,233.12,True,1,1,1,0,1,2,1.2931720602174266e+76
AIIL.NS,2025-06-25,2025-08-08,543.94,545,560,551.7,568.72,0.2799,73.5,6.7,1.231,157156821634765165237132222174304441591593631033676236522082068572894396416,8.3,1.305105114901945e+75,124.03,True,1,1,1,0,1,2,5.391746559587856e+76
ASKAUTOLTD.NS,2025-06-26,2025-08-11,515.21,515,530,521.79,465.05,0.3128,72.4,6.79,1.318,55279453551025861799290999169388924497923088827325022406865801338424737660928,-6.79,-3.755082303890968e+77,-100.0,False,1,1,1,1,1,3,1.8399903289065744e+79
ABINFRA.NS,2025-06-26,2025-08-11,15.87,15,20,16.25,19.02,0.3009,85.8,1.25,7.881,206730127486098022051908832284354107593808980379496990860490279752449392640,2.77,5.724286812126914e+74,221.33,True,1,1,0,1,1,2,1.3504149283386957e+76
ABBOTINDIA.NS,2025-06-26,2025-08-11,32600.95,32600,33580,33036.41,32980.0,0.2113,65.2,436.41,1.339,274130950741141109447415938563219771778415631695932303364116386783690752,-56.41,-1.546411944570949e+73,-12.93,False,1,1,1,1,1,3,5.9662299169214454e+75
ASTERDM.NS,2025-06-26,2025-08-11,592.41,590,610,599.15,584.31,0.3322,58.0,9.15,1.544,33578102695887168608955517457597976326308928347880732682571954583127273242624,-9.15,-3.071015550395323e+77,-100.0,False,1,1,1,0,1,2,1.504797619693708e+79
AFFLE.NS,2025-06-27,2025-08-12,1984.1,1985,2045,2011.71,1980.0,0.2416,68.1,26.71,1.346,43039043813564389283844432531528113454101945129758517204357055853304479744,-26.71,-1.1493729898200675e+75,-100.0,False,1,1,1,0,1,2,5.631927650118331e+76
ABBOTINDIA.NS,2025-06-27,2025-08-12,34460.05,34460,35495,34924.93,32560.0,0.2785,74.5,464.93,1.349,256649567899112320712978829025624226960861093627216052205346936095506432,-464.93,-1.1932459833842892e+74,-100.0,False,1,1,1,1,1,3,5.846905318583017e+75
ASKAUTOLTD.NS,2025-06-27,2025-08-12,521.99,520,540,528.98,471.45,0.3106,78.1,8.98,1.72,40996062179281830008071993033964021426395936451567051156529302344823121903616,-8.98,-3.6799806578131494e+77,-100.0,False,1,1,1,0,1,2,1.8031905223284427e+79
AFFLE.NS,2025-06-30,2025-08-13,1998.3,2000,2060,2026.59,1983.5,0.2336,61.3,26.59,1.331,42365110448974883191440210108659122402199670580785006758193983303159119872,-26.59,-1.1263855300236663e+75,-100.0,False,1,1,1,0,1,2,5.519289097115964e+76
ABBOTINDIA.NS,2025-06-30,2025-08-13,35180.03,35180,36235,35654.12,32940.0,0.2827,78.9,474.12,1.348,246640160504137786535693743981828327458746508550264823416157508261117952,-474.12,-1.1693810637166034e+74,-100.0,False,1,1,1,1,1,3,5.729967212211356e+75
ASTERDM.NS,2025-06-30,2025-08-13,592.46,590,610,599.16,609.36,0.3181,61.2,9.16,1.546,32864664543379205763501685583323178464379605542461969297081669470842064470016,10.2,3.353259769042569e+77,111.42,True,1,1,1,0,1,2,1.5383302173841338e+79
ASKAUTOLTD.NS,2025-06-30,2025-08-13,533.01,535,550,541.59,463.9,0.3031,82.9,6.59,1.237,54692121055398099018201184270985885132319545480338384131179993629565218979840,-6.59,-3.6063810446568857e+77,-100.0,False,1,1,0,1,1,2,1.767126711881874e+79
APOLLOHOSP.NS,2025-07-01,2025-08-14,7476.49,7475,7700,7574.97,7801.14,0.1946,74.1,99.97,1.337,834405806341828278220355506293123158591426166760466318802853711996904275968,125.03,1.043280738687614e+77,125.07,True,1,1,1,1,1,3,4.274989701776259e+78
ABCAPITAL.NS,2025-07-01,2025-08-14,280.8,280,290,284.49,273.0,0.2613,77.7,4.49,1.599,34487531886013334903306414252955667270095901733499899981603677601007665152,-4.49,-1.5484828999624531e+74,-100.0,False,1,1,1,0,1,2,7.58756620981602e+75
ABINFRA.NS,2025-07-02,2025-08-18,16.57,15,20,16.76,19.39,0.256,83.7,1.76,10.617,153475403912335547150916402888741914245048775551886216764057854147064496128,2.63,4.0366516190040666e+74,149.46,True,1,1,0,1,1,2,1.3907814445287363e+76
ASAHIINDIA.NS,2025-07-02,2025-08-18,828.58,830,855,841.1,865.84,0.4032,65.9,11.1,1.34,6144325659072020130073295349080206280268015452279731124996442501024439074816,13.9,8.537931237391663e+76,125.14,True,1,1,1,1,1,3,3.4968207675181107e+78
AFFLE.NS,2025-07-03,2025-08-19,2044.8,2045,2105,2072.0,1958.3,0.27,69.0,27.0,1.32,40890105870748993068904801971752188795454237834484895853972120717987151872,-27.0,-1.103857819423193e+75,-100.0,False,1,1,1,1,1,3,5.408903315173645e+76
APOLLOHOSP.NS,2025-07-03,2025-08-19,7545.31,7545,7770,7645.18,7813.13,0.2039,72.1,100.18,1.328,853452685313061167438111822479011290832467279157316606819998971888192716800,124.82,1.0652706015991359e+77,124.59,True,1,1,1,1,1,3,4.381516761936172e+78
ANURAS.NS,2025-07-03,2025-08-19,1146.75,1145,1180,1160.65,1138.1,0.165,66.9,15.65,1.364,1536162487662555422154011014256837009806114534951928670115094511615135973376,-15.65,-2.4036037659069167e+76,-100.0,False,1,1,1,0,1,2,1.1777658452943893e+78
ASAHIINDIA.NS,2025-07-03,2025-08-19,833.12,835,860,846.07,870.28,0.403,68.6,11.07,1.329,6315972093978330917846022692477240575450902066521166932555163403759730556928,13.93,8.796288699909605e+76,125.78,True,1,1,1,1,1,3,3.584783654517207e+78
ASTERDM.NS,2025-07-03,2025-08-19,646.14,645,665,654.04,614.73,0.4141,73.6,9.04,1.4,34015226062367995398344120861413358891390489541351181603118648721297639473152,-9.04,-3.076660434768268e+77,-100.0,False,1,1,1,1,1,3,1.507563613036451e+79
AERONEU.NS,2025-07-03,2025-08-19,121.99,120,125,122.48,111.74,0.2479,77.8,2.48,2.035,539240208526943933817436844922842111804144682025301030923426206217425387520,-2.48,-1.3388139181030604e+75,-100.0,False,1,1,1,0,1,2,6.560188198704997e+76
ATALREAL.NS,2025-07-04,2025-08-20,20.42,20,25,21.26,19.13,0.3626,62.9,1.26,6.164,443751545575471791742368444357882991646450522674823529772141638342647184621568,-1.26,-5.58526981775347e+77,-100.0,False,1,1,1,0,1,2,2.7367822106992e+79
ASAHIINDIA.NS,2025-07-04,2025-08-20,845.84,845,870,856.31,871.48,0.4037,69.5,11.31,1.337,6339502796774171367527774350215995101785501888982589383172706783898892238848,13.69,8.679189682901015e+76,121.06,True,1,1,1,0,1,2,3.671575551346217e+78
APOLLOHOSP.NS,2025-07-07,2025-08-21,7596.18,7595,7825,7697.26,7915.99,0.2035,76.8,102.26,1.346,856942876249027144019651157848049191306640604393401893833794388537083166720,127.74,1.0946652629855279e+77,124.92,True,1,1,1,0,1,2,4.490983288234725e+78
ATALREAL.NS,2025-07-07,2025-08-21,20.86,20,25,21.5,18.81,0.3579,62.8,1.5,7.187,365112315846075644630461946048339078493599412501718761191845084221155506651136,-1.5,-5.4735644213984e+77,-100.0,False,1,1,1,0,1,2,2.682046566485216e+79
ABDL.NS,2025-07-08,2025-08-22,438.9,440,450,444.54,517.62,0.3012,63.1,4.54,1.034,49442679591102050674933833240361656227016140367837554300227140518303236096,5.46,2.7012703423760877e+74,120.43,True,1,1,1,0,1,2,1.1485115117908197e+76
63MOONS.NS,2025-07-09,2025-08-25,1083.7,1085,1115,1098.27,950.27,0.5838,78.6,13.27,1.225,27129722091420107985113413439746073346474531430466134647385726262225928192,-13.27,-3.6003533704800143e+74,-100.0,False,1,1,1,1,1,3,1.764173151535207e+76
ABDL.NS,2025-07-10,2025-08-26,439.59,440,455,446.5,505.47,0.231,70.4,6.5,1.478,35364122714647862788197999575314147542911112250162968619060155500963299328,8.5,3.00759538361554e+74,130.93,True,1,1,1,0,1,2,1.178587465626975e+76
ASKAUTOLTD.NS,2025-07-11,2025-08-28,540.84,540,555,546.89,481.05,0.2951,77.9,6.89,1.275,51261445163917078971502036409846578668367496109396086859480816607405866483712,-6.89,-3.534253423763748e+77,-100.0,False,1,1,1,0,1,2,1.7317841776442364e+79
ABDL.NS,2025-07-11,2025-08-28,443.41,445,455,449.47,497.05,0.2248,68.2,4.47,1.008,52732985320763031618791774464747432524241401670164382322060451195155120128,5.53,2.916123600822353e+74,123.71,True,1,1,1,0,1,2,1.2077487016351985e+76
AARTIPHARM.NS,2025-07-14,2025-08-29,928.31,930,955,941.22,837.3,0.3107,75.4,11.22,1.209,13352311274141707990971990752397429644283016663833210510679862537411887104,-11.22,-1.498178681790312e+74,-100.0,False,1,1,1,0,1,2,7.341075540772529e+75
ANANDRATHI.NS,2025-07-14,2025-08-29,1265.16,1265,1305,1282.72,1391.52,0.543,85.1,17.72,1.4,107461263276759335065504089965537731111988510346589330584524587274069868544,22.28,2.3945585642809375e+75,125.77,True,1,1,0,1,1,2,9.758915690375274e+76
ABDL.NS,2025-07-14,2025-08-29,482.27,480,495,486.94,501.06,0.3587,83.1,6.94,1.439,34806971982661110445131180009013954719669175749343995402572262858215653376,8.06,2.8055483941287696e+74,116.15,True,1,1,0,1,1,2,1.2358041855764862e+76
ASKAUTOLTD.NS,2025-07-14,2025-08-29,542.43,540,560,549.07,481.95,0.2902,77.3,9.07,1.673,38170707589115348351058262624626100918418759768812812463137333070166442901504,-9.07,-3.463568355288473e+77,-100.0,False,1,1,1,0,1,2,1.6971484940913517e+79
ANURAS.NS,2025-07-15,2025-09-01,1163.44,1165,1200,1179.65,1104.1,0.132,62.9,14.65,1.259,1607555845928905810479398255521765689774723088588364339652162148287199051776,-14.65,-2.3555316905887784e+76,-100.0,False,1,1,1,0,1,2,1.1542105283885014e+78
ABDL.NS,2025-07-15,2025-09-01,487.23,485,500,491.94,512.51,0.3584,83.4,6.94,1.425,35609355597435413610350427391609840090066928522263923626908392977084710912,8.06,2.8697949684623395e+74,116.11,True,1,1,0,1,1,2,1.2645021352611096e+76
AIIL.NS,2025-07-15,2025-09-01,550.96,550,565,556.8,643.96,0.4869,51.9,6.8,1.235,158484514756814181794337642914093265069362917640613958661099704092012314624,8.2,1.2989184094346417e+75,120.45,True,1,1,0,1,1,2,5.52163840053132e+76
AARTIPHARM.NS,2025-07-15,2025-09-01,940.16,940,970,953.41,856.56,0.3024,75.3,13.41,1.426,10950051462428948489098105765280848142356287204041620338539396869935595520,-13.41,-1.4682151081545057e+74,-100.0,False,1,1,1,0,1,2,7.194254029957078e+75
ASKAUTOLTD.NS,2025-07-15,2025-09-01,548.17,550,565,556.6,501.3,0.2638,74.1,6.6,1.205,51392513557330044642411111528632188366982419256945101580236461466689650819072,-6.6,-3.394296988182703e+77,-100.0,False,1,1,1,0,1,2,1.6632055242095247e+79
AARTIPHARM.NS,2025-07-16,2025-09-02,960.26,960,990,973.45,866.02,0.2994,77.3,13.45,1.401,10694675595267446163890307924882715482744653899729696110106845117037936640,-13.45,-1.4388508059914156e+74,-100.0,False,1,1,1,0,1,2,7.0503689493579365e+75
ANANDRATHI.NS,2025-07-17,2025-09-03,1288.22,1290,1325,1305.53,1457.76,0.5585,80.1,15.53,1.205,125694619042172251352035529660666030594239256024395349845053774007644454912,19.47,2.447528528400974e+75,125.4,True,1,1,0,1,1,2,1.0003668543215372e+77
AIIL.NS,2025-07-17,2025-09-03,558.7,560,575,566.67,633.46,0.4932,58.9,6.67,1.194,165589725476552384433043191463455394485808864402914494953488953770629922816,8.33,1.3795182020420216e+75,124.92,True,1,1,1,0,1,2,5.6595902207355225e+76
ASHAPURMIN.NS,2025-07-17,2025-09-03,542.97,545,560,551.63,546.32,0.4076,90.6,6.63,1.221,29587675029166729621538026518245130299344006499226690651021536491299737174016,-5.31,-1.5720995538701969e+77,-80.13,False,1,1,0,1,1,2,9.653015190992764e+78
ASAHIINDIA.NS,2025-07-17,2025-09-03,870.98,870,895,881.34,836.3,0.4082,78.3,11.34,1.302,6473489061362238975991525065734077017815432869084795804200928397707005919232,-11.34,-7.343151102692434e+76,-100.0,False,1,1,1,0,1,2,3.5981440403192925e+78
ASHAPURMIN.NS,2025-07-18,2025-09-04,563.14,565,580,571.67,550.46,0.3849,93.3,6.67,1.185,28937658200732341801106255935033718047446614796845929712994405643936556122112,-6.67,-1.9306030381985528e+77,-100.0,False,1,1,0,1,1,2,9.459954887172908e+78
AGIIL.NS,2025-07-18,2025-09-04,213.38,215,220,217.18,233.1,0.5064,68.0,2.18,1.023,495265823219157199009869107919209184836658816421327714974639814921672458240,2.82,1.3956290148049195e+75,129.14,True,1,1,1,0,1,2,5.5430634079348247e+76
ANANDRATHI.NS,2025-07-18,2025-09-04,1305.5,1305,1345,1322.75,1472.35,0.5584,78.9,17.75,1.36,112717725833233146428217106631315115184443342783620974959980491830122774528,22.25,2.5079753246862514e+75,125.35,True,1,1,1,1,1,3,1.0254466075683996e+77
AIIL.NS,2025-07-18,2025-09-04,560.96,560,580,568.88,619.34,0.4917,58.9,8.88,1.583,127488532827267122776795834450823076398791522322152574351760901510378029056,11.12,1.417852612398238e+75,125.26,True,1,1,1,0,1,2,5.801375481975346e+76
AIIL.NS,2025-07-21,2025-09-05,577.0,575,595,583.97,617.84,0.4991,71.4,8.97,1.555,129312538073549116077192001113815294442837325722671314119364220328718893056,11.03,1.4259756650759131e+75,122.9,True,1,1,1,0,1,2,5.943973048482937e+76
AADHARHFC.NS,2025-07-21,2025-09-05,516.35,515,530,521.92,513.55,0.2857,79.0,6.92,1.34,38800523634763764922953430539824395587132281381516306581030031695307341824,-6.92,-2.685157936111238e+74,-100.0,False,1,1,1,1,1,3,1.3157273886945065e+76
AADHARHFC.NS,2025-07-22,2025-09-08,519.6,520,535,526.72,510.45,0.2669,79.5,6.72,1.293,39156124943827187690467626404557922852613306681750805096017077643985813504,-6.72,-2.631454777389013e+74,-100.0,False,1,1,1,1,1,3,1.2894128409206164e+76
ABINFRA.NS,2025-07-22,2025-09-08,17.56,20,25,20.02,21.96,0.1993,68.2,0.02,0.122,12990065706177136328741340940306664453893867512265944912557993408995566551040,1.94,2.5198886584012323e+76,9059.25,True,1,1,1,0,1,2,3.910670102929969e+76
AIIL.NS,2025-07-22,2025-09-08,577.6,580,595,586.62,610.46,0.4939,71.3,6.62,1.147,179515070567860149119975522610133346124618101398450929498160747236510662656,8.38,1.5039314488213146e+75,126.51,True,1,1,1,0,1,2,6.094366193365069e+76
AIIL.NS,2025-07-23,2025-09-09,577.8,580,595,586.64,622.26,0.4902,64.1,6.64,1.148,183686815910332660632341672195963604342679016468302612576589645585087201280,8.36,1.536428999981976e+75,126.05,True,1,1,1,0,1,2,6.248009093363266e+76
ABINFRA.NS,2025-07-23,2025-09-09,17.92,20,25,20.05,21.49,0.2023,70.8,0.05,0.254,17150882957187826195211064995416321713489040342194332482124090260591646605312,1.45,2.4848047751218742e+76,3176.96,True,1,1,1,0,1,2,6.395474878051843e+76
ABINFRA.NS,2025-07-24,2025-09-10,18.0,20,25,20.04,20.7,0.1841,70.9,0.04,0.197,36060346484744959700975562340427704962904260676045975973972190975116621905920,0.66,2.3804569196753957e+76,1861.05,True,1,1,1,0,1,2,8.775931797727239e+76
AARON.NS,2025-07-24,2025-09-10,214.77,215,220,217.25,202.23,0.5174,63.5,2.25,1.048,71757505202842634383303802306592827780814000817758759234799303287180886016,-2.25,-1.6151414541486836e+74,-100.0,False,1,1,1,1,1,3,7.91419312532855e+75
AARON.NS,2025-07-25,2025-09-11,227.86,230,235,232.17,199.57,0.5431,76.8,2.17,0.951,73042310946292074667192318076665292325604228757586610246927464768877887488,-2.17,-1.5828386250657099e+74,-100.0,False,1,1,1,1,1,3,7.755909262821979e+75
AGIIL.NS,2025-07-28,2025-09-12,213.45,215,220,217.19,232.84,0.3807,77.4,2.19,1.026,506236881389024899985211466363449819896308431352531184993024973611313659904,2.81,1.4225717253581594e+75,128.32,True,1,1,1,0,1,2,5.685320580470641e+76
ABINFRA.NS,2025-07-28,2025-09-12,18.46,20,25,20.1,19.01,0.1959,70.6,0.1,0.541,17565912654866683527321282149641441588648429664557757735739067082577725620224,-0.1,-1.7551863595454477e+75,-100.0,False,1,1,1,0,1,2,8.600413161772694e+76
AGIIL.NS,2025-07-29,2025-09-15,215.06,215,220,217.3,231.68,0.3804,68.2,2.3,1.07,494317198589181563845330225258791476793192374372952863127109771242839736320,2.7,1.3345218768517797e+75,117.37,True,1,1,1,1,1,3,5.818772768155818e+76
ABSLAMC.NS,2025-07-30,2025-09-16,880.15,880,905,891.31,841.25,0.2487,69.8,11.31,1.285,282453082931676580468100967028036708950097726081300514333584468275131056128,-11.31,-3.1939872152095412e+75,-100.0,False,1,1,1,0,1,2,1.5650537354526753e+77
ABINFRA.NS,2025-07-30,2025-09-16,18.65,20,25,20.14,19.28,0.1984,79.0,0.14,0.739,12471048982632577842090124551035003076302030875361119173613201609797788499968,-0.14,-1.7200826323545387e+75,-100.0,False,1,1,1,0,1,2,8.42840489853724e+76
ABBOTINDIA.NS,2025-07-30,2025-09-16,35195.0,35195,36250,35668.03,30930.0,0.2533,61.7,473.03,1.344,242267792055990043904896091707406992435013326475293052756769311008227328,-473.03,-1.1459934424422713e+74,-100.0,False,1,1,1,0,1,2,5.615367867967129e+75
ACUTAAS.NS,2025-07-31,2025-09-17,1326.05,1325,1365,1343.04,1473.2,0.4048,75.6,18.04,1.36,197265001358911778061188679934728092411019830080241787975435793441621016576,21.96,4.332179123244311e+75,121.74,True,1,1,1,1,1,3,1.8225322567885229e+77
AGIIL.NS,2025-07-31,2025-09-17,216.13,215,225,219.41,233.04,0.3796,65.7,4.41,2.042,263634496216507705733220435811732612037719860572025779726512006035293601792,5.59,1.4725904085339135e+75,126.54,True,1,1,1,0,1,2,5.96603180900921e+76
ABDL.NS,2025-07-31,2025-09-17,510.63,510,525,516.79,539.58,0.4168,70.7,6.79,1.33,37233068827804521601757266323281191498335642651919282313565355992682594304,8.21,3.0559560536484585e+74,120.84,True,1,1,1,1,1,3,1.2950616957975942e+76
ARIES.NS,2025-07-31,2025-09-17,389.61,390,400,394.48,420.52,0.5056,67.5,4.48,1.151,20796812306777536060833763535801907754780687367560090151156939107869992681472,5.52,1.1473094629274236e+77,123.05,True,1,1,1,1,1,3,4.776589785044392e+78
ABINFRA.NS,2025-08-01,2025-09-18,18.66,20,25,20.15,19.34,0.2017,73.7,0.15,0.784,11522926746591197094074635125583957787461606174119922595157772682435158343680,-0.15,-1.685680979707448e+75,-100.0,False,1,1,1,0,1,2,8.259836800566495e+76
AARON.NS,2025-08-04,2025-09-19,228.81,230,235,232.21,200.59,0.5457,79.0,2.21,0.965,70218747064799720184601618485403817704677491552139746829835586002460082176,-2.21,-1.5511818525643958e+74,-100.0,False,1,1,1,0,1,2,7.600791077565539e+75
ARIES.NS,2025-08-04,2025-09-19,401.52,400,415,406.7,410.8,0.4954,62.3,6.7,1.668,14261866796114447604003971542524876230298805616776182368199656807139926605824,4.1,5.849619160209453e+76,61.23,True,1,1,1,1,1,3,4.835085976646486e+78
ABDL.NS,2025-08-04,2025-09-19,524.36,525,540,531.71,544.93,0.4295,63.2,6.71,1.279,38624928419074491352944965201818391181983991954849464916237703944056340480,8.29,3.2036158712659853e+74,123.69,True,1,1,1,0,1,2,1.3270978545102541e+76
ABCAPITAL.NS,2025-08-05,2025-09-22,282.0,280,290,284.58,288.15,0.4597,57.1,4.58,1.624,33131153284979822678172867643068784971938236040862443126986495284276625408,3.57,1.1826737285975339e+74,77.93,True,1,1,1,1,1,3,7.705833582675774e+75
ACUTAAS.NS,2025-08-05,2025-09-22,1340.73,1340,1380,1358.03,1460.3,0.4034,66.7,18.03,1.345,202149063564477979595760441923472554864155595717220510247886897050372014080,21.97,4.4408980290020735e+75,121.83,True,1,1,1,0,1,2,1.8669412370785436e+77
AIIL.NS,2025-08-06,2025-09-23,580.02,580,595,586.83,602.98,0.3952,57.8,6.83,1.177,183063793604061620080372780698836971410057966264476327582222564122817462272,8.17,1.4963550853882712e+75,119.75,True,1,1,1,0,1,2,6.397644601902093e+76
AARON.NS,2025-08-06,2025-09-23,232.8,235,240,237.16,194.67,0.5726,68.7,2.16,0.93,70221085692106108060353092945514038681985168439504285782928667187548782592,-2.16,-1.5201582155131078e+74,-100.0,False,1,1,1,0,1,2,7.448775256014228e+75
ABINFRA.NS,2025-08-11,2025-09-26,19.02,20,25,20.29,18.67,0.2265,74.2,0.29,1.529,5682099027603718116857791516137645862779245051385970373816967490120030617600,-0.29,-1.6519673601132991e+75,-100.0,False,1,1,1,1,1,3,8.094640064555166e+76
ABINFRA.NS,2025-08-12,2025-09-29,19.3,20,25,20.37,18.59,0.2204,73.6,0.37,1.935,4334927849570101229123956163563821649182846854950740828370881765531226996736,-0.37,-1.6189280129110333e+75,-100.0,False,1,1,1,0,1,2,7.932747263264063e+76
ANANDRATHI.NS,2025-08-12,2025-09-29,1372.44,1370,1415,1390.28,1400.43,0.2708,56.3,20.28,1.478,101129557073423442855396525187849231671068525435553186998921219844893310976,10.15,1.0269167104530184e+75,50.07,True,1,1,1,0,1,2,1.0357157746729299e+77
ANANDRATHI.NS,2025-08-13,2025-09-30,1378.57,1380,1420,1397.86,1407.91,0.266,63.6,17.86,1.296,115959334463273564451351916889077538215448416707995657610165935775061901312,10.04,1.1644312312901112e+75,56.21,True,1,1,1,0,1,2,1.047360086985831e+77
APOLLOHOSP.NS,2025-08-13,2025-09-30,7788.18,7790,8020,7893.49,7399.18,0.3254,64.3,103.49,1.329,867940836183931072587743408633043258446890261290027783287145103500324634624,-103.49,-8.981966576469451e+76,-100.0,False,1,1,1,1,1,3,4.401163622470031e+78
AIIL.NS,2025-08-13,2025-09-30,597.52,600,615,606.67,616.44,0.3545,62.7,6.67,1.116,191903721417894158856151516989812948360745596428913391989968093003972083712,8.33,1.5990269008879938e+75,124.97,True,1,1,1,0,1,2,6.557547291990892e+76
AGIIL.NS,2025-08-13,2025-09-30,220.08,220,225,222.33,252.02,0.1672,74.6,2.33,1.057,513146083157255521861331134499821431865928450110157265010067499757923729408,2.67,1.3725240539844357e+75,115.03,True,1,1,1,0,1,2,6.103284214407653e+76
APOLLOHOSP.NS,2025-08-14,2025-10-01,7801.14,7800,8035,7905.81,7431.13,0.3252,62.1,105.81,1.356,831937374251141546619157022394040836523177642158727672877468919346482905088,-105.81,-8.802327244940062e+76,-100.0,False,1,1,1,1,1,3,4.31314035002063e+78
AGIIL.NS,2025-08-14,2025-10-01,235.32,235,240,237.36,275.6,0.2839,84.5,2.36,1.002,517642728852451000786011485814481306227377935751040734611745595996101410816,2.64,1.3675568013807243e+75,112.03,True,1,1,0,1,1,2,6.240039894545726e+76
APOLLOHOSP.NS,2025-08-18,2025-10-03,7802.14,7800,8035,7905.91,7439.62,0.3235,67.3,105.91,1.357,814506746658141864578046740593638014851204419228434627061181536965551456256,-105.91,-8.62628070004126e+76,-100.0,False,1,1,1,0,1,2,4.2268775430202175e+78
ABINFRA.NS,2025-08-18,2025-10-03,19.39,20,25,20.55,19.86,0.2777,61.8,0.55,2.861,2860429354739706351245464841177549899744724518883704523006667753992138784768,-0.55,-1.5865494526528128e+75,-100.0,False,1,1,1,0,1,2,7.774092317998781e+76
ABCAPITAL.NS,2025-08-18,2025-10-03,283.15,285,290,287.23,303.95,0.4816,68.5,2.23,0.787,69140502257122654514014200988739696451421961065177842384391040173170753536,2.77,1.9158583963209777e+74,124.31,True,1,1,1,0,1,2,7.897419422307872e+75
ASHOKLEY.NS,2025-08-18,2025-10-03,128.68,130,135,132.04,136.52,0.379,64.7,2.04,1.584,203584996739473000069071099360729906037343709931890314364320180942606035845120,2.96,6.029494359376289e+77,145.3,True,1,1,1,1,1,3,2.1351726823924433e+79
ANANDRATHI.NS,2025-08-18,2025-10-03,1389.13,1390,1430,1407.96,1430.62,0.2746,63.0,17.96,1.293,116624999696850932809525518856833875452472272835542860913519171491575365632,22.04,2.570279813902375e+75,122.7,True,1,1,1,0,1,2,1.0730628851248548e+77
ARIES.NS,2025-08-18,2025-10-03,410.5,410,425,416.6,371.45,0.5393,62.1,6.6,1.609,14641166210146885540935837318247765559340278524780270946130191552838356697088,-6.6,-9.670171953292973e+76,-100.0,False,1,1,1,0,1,2,4.7383842571135565e+78
AGIIL.NS,2025-08-18,2025-10-03,237.56,240,245,242.13,277.56,0.2843,85.4,2.13,0.899,584573978906421354242888872890419401746659868604848585530935565570795372544,2.87,1.6748619156229614e+75,134.2,True,1,1,0,1,1,2,6.407526086108022e+76
ASHOKLEY.NS,2025-08-19,2025-10-06,130.16,130,135,132.21,134.56,0.3749,65.8,2.21,1.694,193635826931449384811143722119906450702919854968341121468990178327057393516544,2.35,4.552647924904418e+77,106.61,True,1,1,1,1,1,3,2.1806991616414876e+79
ANANDRATHI.NS,2025-08-19,2025-10-06,1405.91,1405,1450,1425.15,1455.32,0.2763,62.3,20.15,1.433,106492161502388276656864775101704683371775781482918186041119717089660108800,24.85,2.646021497357763e+75,123.29,True,1,1,1,0,1,2,1.0995231000984324e+77
ABSLAMC.NS,2025-08-19,2025-10-06,895.8,895,925,908.38,819.8,0.2791,57.1,13.38,1.494,233928734699045751683957000240444597187349966048751458949188697901571768320,-13.38,-3.130107470905351e+75,-100.0,False,1,1,1,0,1,2,1.5337526607436217e+77
ACUTAAS.NS,2025-08-19,2025-10-06,1394.88,1395,1435,1412.99,1403.4,0.4319,75.6,17.99,1.29,207530165184023206724571993969012878537494895847171011707200888781337001984,-9.59,-1.9906240199568693e+75,-53.31,False,1,1,1,1,1,3,1.847034996878975e+77
ABINFRA.NS,2025-08-19,2025-10-06,19.46,20,25,20.59,19.88,0.2779,63.2,0.59,3.008,2656282875919351777219374057008305803577075293046842266632173635713590362112,-0.59,-1.5548184635997562e+75,-100.0,False,1,1,1,0,1,2,7.618610471638806e+76
ABCAPITAL.NS,2025-08-19,2025-10-06,287.35,285,295,289.6,304.05,0.4769,71.2,4.6,1.602,34310618522165523976770664218005856090723226690198179219932259789333069824,5.4,1.8515779677549777e+74,117.23,True,1,1,1,0,1,2,8.08257721908337e+75
APOLLOHOSP.NS,2025-08-19,2025-10-06,7813.13,7815,8050,7920.51,7651.84,0.3214,65.0,105.51,1.35,801223085899129857464045598709189177864155846465617245731434513367455236096,-105.51,-8.453755086040435e+76,-100.0,False,1,1,1,0,1,2,4.142339992159813e+78
ACUTAAS.NS,2025-08-20,2025-10-07,1397.48,1395,1440,1415.26,1401.5,0.4263,72.5,20.26,1.45,182316161206785368775246293244344831383338940262702133332412122772239548416,-13.76,-2.5090149459138452e+75,-67.92,False,1,1,1,0,1,2,1.8219448474198364e+77
ASAHIINDIA.NS,2025-08-20,2025-10-07,871.48,870,900,883.37,872.35,0.2454,58.1,13.37,1.534,5381641464810072501732052657734935339934070983208565253390687543009289961472,-11.02,-5.931615475181326e+76,-82.43,False,1,1,1,0,1,2,3.538827885567479e+78
APOLLOHOSP.NS,2025-08-20,2025-10-07,7872.55,7875,8110,7980.54,7689.79,0.3211,66.8,105.54,1.341,784959266280184155555774680457650328121870346891303019244632923635363872768,-105.54,-8.284679984319627e+76,-100.0,False,1,1,1,0,1,2,4.059493192316617e+78
ABCAPITAL.NS,2025-08-21,2025-10-08,291.3,290,300,294.52,295.25,0.4863,70.9,4.52,1.551,35778313290552305702099376614603809542460890834640529700091934189199294464,0.73,2.6184600393732186e+73,16.2,True,1,1,1,0,1,2,8.108761819477101e+75
ACUTAAS.NS,2025-08-21,2025-10-08,1399.18,1400,1440,1417.95,1401.5,0.4271,62.6,17.95,1.283,202995861786632708524825726994487338110826321399340197557038030401268875264,-16.45,-3.339395902159724e+75,-91.64,False,1,1,1,0,1,2,1.7885508883982391e+77
APOLLOHOSP.NS,2025-08-21,2025-10-08,7915.99,7915,8155,8022.95,7651.84,0.3174,66.7,107.95,1.364,752092556820400921810132325538021290425044949622577170368578399323255996416,-107.95,-8.118986384633235e+76,-100.0,False,1,1,1,0,1,2,3.978303328470285e+78
ACUTAAS.NS,2025-08-22,2025-10-09,1422.45,1420,1465,1440.29,1421.4,0.4237,72.4,20.29,1.427,176276344109552205764958743777801265831365928938436093884287092406691561472,-18.89,-3.330310591421423e+75,-93.1,False,1,1,1,0,1,2,1.755247782484025e+77
ASAHIINDIA.NS,2025-08-22,2025-10-09,880.76,880,905,891.39,865.5,0.2625,72.1,11.39,1.293,6212883748965238428439818512361133854700918862646647189023008058474313547776,-11.39,-7.077655771134959e+76,-100.0,False,1,1,1,0,1,2,3.4680513278561296e+78
ARIES.NS,2025-08-22,2025-10-09,427.85,430,440,434.33,386.7,0.7142,60.3,4.33,1.012,21876668275752174171369045236251643352399675323590147089444729827164206137344,-4.33,-9.476768514227114e+76,-100.0,False,1,1,1,1,1,3,4.643616571971285e+78
APOLLO.NS,2025-08-22,2025-10-09,234.97,235,240,237.25,332.0,0.5775,93.7,2.25,0.959,40766129117845163531615009708267211067032356436146193952750321943155090391040,2.75,1.1195332256117588e+77,121.85,True,1,1,0,1,1,2,4.705819473963673e+78
AADHARHFC.NS,2025-08-22,2025-10-09,521.85,520,540,528.91,513.75,0.2494,68.7,8.91,1.708,28933022486883417042398435466759694299694294110346497395681483348741455872,-8.91,-2.578825681841233e+74,-100.0,False,1,1,1,0,1,2,1.263624584102204e+76
AARON.NS,2025-08-25,2025-10-10,238.85,240,245,242.17,188.14,0.7458,54.2,2.17,0.908,68702009467875493097974929850611795447633194912952468490438399539239976960,-2.17,-1.4897550512028459e+74,-100.0,False,1,1,0,1,1,2,7.299799750893944e+75
ARIES.NS,2025-08-25,2025-10-10,435.13,435,450,441.5,399.6,0.7019,58.4,6.5,1.494,14282204497306735124926264733501377897155415156513913149990085465481194504192,-6.5,-9.28723314394257e+76,-100.0,False,1,1,1,1,1,3,4.550744240531859e+78
AIIL.NS,2025-08-25,2025-10-10,608.42,610,625,616.75,659.9,0.3532,66.5,6.75,1.109,194286923394645404485669730413680267954681955376910644501141316826038272000,8.25,1.6027943925215025e+75,122.21,True,1,1,1,0,1,2,6.717826731243042e+76
ASAHIINDIA.NS,2025-08-25,2025-10-10,882.35,880,910,893.54,899.95,0.2556,69.4,13.54,1.535,5122009824189129773204814421908027038584062782903739752011111387950632402944,6.41,3.282313195998452e+76,47.32,True,1,1,1,0,1,2,3.500874459816114e+78
APOLLO.NS,2025-08-25,2025-10-10,250.53,250,260,254.37,317.5,0.5994,94.6,4.37,1.743,21554749335794250912926331548282225158347372311071612688782217992110438612992,5.63,1.2143110387866904e+77,129.02,True,1,1,0,1,1,2,4.827250577842342e+78
ACUTAAS.NS,2025-08-25,2025-10-10,1428.15,1430,1470,1447.92,1467.5,0.413,70.1,17.92,1.255,195890820009528411220891194040267895097636940685848230119459012080213950464,19.58,3.835410185389266e+75,109.26,True,1,1,1,0,1,2,1.7936018843379176e+77
AIIL.NS,2025-08-26,2025-10-13,625.14,625,645,633.95,636.18,0.3472,66.5,8.95,1.432,150122581638036577933881722893103764854618218631061580750148651367203340288,2.23,3.3480401693401337e+74,24.92,True,1,1,1,1,1,3,6.751307132936444e+76
AIIL.NS,2025-08-28,2025-10-14,639.28,640,660,648.87,626.86,0.3122,68.5,8.87,1.388,152166399552092367564622553441488039194965333980379493420274350377230401536,-8.87,-1.3502614265872888e+75,-100.0,False,1,1,1,0,1,2,6.616280990277715e+76
AIIL.NS,2025-08-29,2025-10-15,646.58,645,665,654.14,649.94,0.3127,72.6,9.14,1.413,144819866021780885802512705586767903917610491136879518493822832112471900160,-4.2,-6.078457063438193e+74,-45.94,False,1,1,1,0,1,2,6.555496419643332e+76
APOLLO.NS,2025-08-29,2025-10-15,262.57,265,270,267.17,291.15,0.6091,89.4,2.17,0.827,44447244778091343219105572225688632988577303337491102864575667201146122928128,2.83,1.2569121233360988e+77,130.19,True,1,1,0,1,1,2,4.9529417901759516e+78
ABINFRA.NS,2025-08-29,2025-10-15,19.55,20,25,20.65,19.51,0.2905,65.0,0.65,3.351,2326476886725879432889855792130902804238978289579122120819193605277735714816,-0.65,-1.523722094327761e+75,-100.0,False,1,1,1,1,1,3,7.46623826220603e+76
APOLLO.NS,2025-09-01,2025-10-16,266.38,265,275,269.44,293.45,0.6086,91.3,4.44,1.666,22315687552876902687478657598525068517657665643001563506273633839392508346368,5.56,1.2409803972525e+77,125.28,True,1,1,0,1,1,2,5.0770398299012015e+78
ANANDRATHI.NS,2025-09-01,2025-10-16,1454.47,1455,1500,1475.08,1545.57,0.2864,78.3,20.08,1.381,109493820315430296713514713139293172194983132141398835347275166854653411328,24.92,2.7281757139974986e+75,124.06,True,1,1,1,1,1,3,1.1268048572384074e+77
ANANDRATHI.NS,2025-09-02,2025-10-17,1462.64,1465,1505,1482.92,1559.49,0.2745,74.4,17.92,1.225,125773932354652974111265725232176606003175983302477230932598540097497858048,22.08,2.777347579709304e+75,123.24,True,1,1,1,0,1,2,1.1545783330355005e+77
ABINFRA.NS,2025-09-02,2025-10-17,20.17,20,25,21.02,19.27,0.3123,63.2,1.02,5.053,1465467408243709088085696066717245395390900214906826025783828973562978369536,-1.02,-1.493247652441206e+75,-100.0,False,1,1,1,1,1,3,7.316913496961909e+76
APOLLO.NS,2025-09-02,2025-10-17,292.46,290,300,294.51,293.65,0.6369,92.5,4.51,1.542,22521655828492388072300887694320696137014353631925584585234192311077469945856,-0.86,-1.933689028530506e+76,-19.04,False,1,1,0,1,1,2,5.0577029396158966e+78
ABINFRA.NS,2025-09-03,2025-10-20,21.02,20,25,21.57,18.66,0.3391,67.5,1.57,7.457,933707773869614356024059069825109129945482314489638016578745423516969992192,-1.57,-1.4633826993923817e+75,-100.0,False,1,1,1,0,1,2,7.17057522702267e+76
ACL.NS,2025-09-03,2025-10-20,95.03,95,100,97.11,74.72,0.6519,88.2,2.11,2.215,1590150697557524237086810110392367977269755250413078948369529700814044528640,-2.11,-3.347325090527415e+75,-100.0,False,1,1,0,1,1,2,1.6401892943584333e+77
APOLLO.NS,2025-09-03,2025-10-20,303.35,305,310,307.21,288.85,0.6365,93.0,2.21,0.729,45759022990261882467321702479899309433790970581381894965786425126871359291392,-2.21,-1.0115405879231793e+77,-100.0,False,1,1,0,1,1,2,4.956548880823579e+78
ABINFRA.NS,2025-09-04,2025-10-21,21.69,20,25,22.0,18.12,0.351,75.4,2.0,9.225,716689132563165021600662486408179074332657581329825662111489453431403315200,-2.0,-1.4341150454045342e+75,-100.0,False,1,1,1,1,1,3,7.027163722482217e+76
ACL.NS,2025-09-04,2025-10-21,99.78,100,105,102.1,78.13,0.621,89.1,2.1,2.102,1564255417021776446745579409567218595640581592522755021100127363778232713216,-2.1,-3.2803785887168668e+75,-100.0,False,1,1,0,1,1,2,1.6073855084712647e+77
ANANDRATHI.NS,2025-09-04,2025-10-21,1472.35,1470,1515,1490.45,1592.43,0.2706,70.4,20.45,1.389,112930928104252562127036601743979579300102794582155507826292230775623385088,24.55,2.7727350986203645e+75,120.08,True,1,1,1,0,1,2,1.1823056840217042e+77
ACL.NS,2025-09-05,2025-10-23,104.76,105,110,107.11,76.29,0.6078,91.6,2.11,2.012,1525316471786430883536279047333423527935228358609850710926273600339302154240,-2.11,-3.2147710169425295e+75,-100.0,False,1,1,0,1,1,2,1.5752377983018394e+77
ACUTAAS.NS,2025-09-05,2025-10-23,1473.1,1475,1515,1492.96,1740.2,0.2567,85.7,17.96,1.219,199742233742740236863797112234768687360776057661782098403198372595875446784,22.04,4.402485581033774e+75,122.73,True,1,1,0,1,1,2,1.8376267401482552e+77
ASHOKLEY.NS,2025-09-08,2025-10-24,134.08,135,140,137.11,133.16,0.4135,61.5,2.11,1.571,207081919352826940272002358546040868662866177540001821203527827469119246041088,-2.11,-4.3613983232829755e+77,-100.0,False,1,1,1,1,1,3,2.137085178408658e+79
ASHAPURMIN.NS,2025-09-09,2025-10-27,610.31,610,630,618.81,637.45,0.5875,74.3,8.81,1.444,21466824147827063482617702161758681367512134218166078319232869658188977274880,11.19,2.4013738521308313e+77,126.92,True,1,1,1,1,1,3,9.700092272385992e+78
ACUTAAS.NS,2025-09-09,2025-10-27,1502.37,1500,1545,1520.48,1731.3,0.2442,78.7,20.48,1.363,179483229685185714021053498365355076759346868505800415138651373168534487040,24.52,4.401491855536847e+75,119.76,True,1,1,1,1,1,3,1.8816416587036237e+77
AFFLE.NS,2025-09-09,2025-10-27,2070.2,2070,2130,2097.08,1919.6,0.2668,69.9,27.08,1.308,39945281650124985468513243061156074234490834248184752083577301663087591424,-27.08,-1.0817806630347291e+75,-100.0,False,1,1,1,1,1,3,5.300725248870172e+76
AAREYDRUGS.NS,2025-09-10,2025-10-28,72.69,75,80,76.6,91.29,0.406,67.3,1.6,2.204,107467500340499742122724788401111247543243605552596615741616453891464888320,3.4,3.651730434061013e+74,212.11,True,1,1,1,1,1,3,8.973395958225972e+75
AAREYDRUGS.NS,2025-09-11,2025-10-29,73.8,75,80,76.79,93.11,0.4068,70.5,1.79,2.432,99997643316418072281090518403622134105214653021569843018945639575397072896,3.21,3.2052029741757093e+74,178.59,True,1,1,1,1,1,3,9.293916255643542e+75
ABDL.NS,2025-09-11,2025-10-29,524.61,525,540,531.75,643.18,0.33,52.0,6.75,1.286,39340431372232804140733197917217600965431975937174377171412722417007591424,8.25,3.246868996814412e+74,122.33,True,1,1,0,1,1,2,1.3595665444783983e+76
AFFLE.NS,2025-09-11,2025-10-29,2099.6,2100,2165,2129.08,1909.7,0.3022,71.7,29.08,1.385,36459301661463606838975596924758250790093339351857922079443847232083722240,-29.08,-1.0601450497740345e+75,-100.0,False,1,1,1,1,1,3,5.1947107438927687e+76
APOLLO.NS,2025-09-12,2025-10-30,322.35,320,330,324.4,281.35,0.8086,73.9,4.4,1.365,22536960462103410547970922865877694470351875742644826218122855760749188349952,-4.4,-9.913097761647158e+76,-100.0,False,1,1,1,0,1,2,4.8574179032071074e+78
ABCAPITAL.NS,2025-09-12,2025-10-30,291.5,290,300,294.61,326.8,0.252,56.3,4.61,1.583,35146296670272919976485772583761606997030702300311571389311620034129297408,5.39,1.892877303131872e+74,116.72,True,1,1,1,0,1,2,8.298049549790288e+75
ANANDRATHI.NS,2025-09-12,2025-10-30,1482.76,1485,1525,1502.86,1566.63,0.2259,74.4,17.86,1.205,132385795353560137409511700995054254360472071863745943884288233672712126464,22.14,2.930820446098997e+75,123.95,True,1,1,1,0,1,2,1.2116138884826943e+77
ABDL.NS,2025-09-12,2025-10-30,541.02,540,555,546.89,633.91,0.3436,59.8,6.89,1.274,39444474001627317033234241344812199062861682094301010012635471564855312384,8.11,3.197538011287301e+74,117.59,True,1,1,1,1,1,3,1.3915419245912713e+76
ASHAPURMIN.NS,2025-09-15,2025-10-31,633.63,635,655,643.81,664.5,0.4666,87.0,8.81,1.39,22028719405149255744829211786141582902844940852153919122173436755444081098752,11.19,2.4657254265526525e+77,127.1,True,1,1,0,1,1,2,9.946664815041256e+78
AMBER.NS,2025-09-15,2025-10-31,8080.0,8080,8320,8187.9,8036.5,0.3981,72.4,107.9,1.335,19317108350577247399853531454288083493817182569686197092549761598956240896,-107.9,-2.084356387576586e+75,-100.0,False,1,1,1,0,1,2,1.0213346299125272e+77
ANANDRATHI.NS,2025-09-15,2025-10-31,1513.94,1515,1560,1534.92,1541.18,0.2139,78.8,19.92,1.316,121639852044170830404331556250381456584472877609349218578622245081515556864,6.26,7.608794731137011e+74,31.4,True,1,1,1,0,1,2,1.2192226832138312e+77
ASAHIINDIA.NS,2025-09-15,2025-10-31,893.8,895,920,906.2,922.9,0.4021,52.2,11.2,1.254,6249091791427666525175721786287083894279844224162067064036190005680356196352,13.8,8.620980558936938e+76,123.13,True,1,1,0,1,1,2,3.5870842654054833e+78
ABDL.NS,2025-09-15,2025-10-31,559.51,560,575,566.78,656.37,0.3559,70.3,6.78,1.212,41049021701572643039939945356821851486155620162725374084485298272130301952,8.22,3.3742694060533535e+74,121.24,True,1,1,1,1,1,3,1.4252846186518049e+76
APOLLO.NS,2025-09-15,2025-10-31,329.65,330,340,334.29,276.8,0.808,72.6,4.29,1.301,22645543067694005017221100939202992081257201525109517141210766389295213182976,-4.29,-9.714835806414216e+76,-100.0,False,1,1,1,0,1,2,4.7602695451429654e+78
AIIL.NS,2025-09-15,2025-10-31,655.38,655,675,664.02,581.62,0.2938,68.8,9.02,1.376,145406139878232791855000622638392901122442219046872286084424183715542859776,-9.02,-1.3110992839286666e+75,-100.0,False,1,1,1,0,1,2,6.424386491250466e+76
AMBER.NS,2025-09-16,2025-11-03,8298.0,8300,8545,8410.22,7957.5,0.3167,81.1,110.22,1.328,18532290408861008859134103331427849664225299858491315590953288895719014400,-110.22,-2.0426692598250546e+75,-100.0,False,1,1,0,1,1,2,1.0009079373142767e+77
AADHARHFC.NS,2025-09-16,2025-11-03,537.8,540,555,546.54,509.3,0.2612,67.5,6.54,1.216,38652430121047433789755514120462826214831224005935914301343556056584814592,-6.54,-2.527249168204408e+74,-100.0,False,1,1,1,1,1,3,1.23835209242016e+76
APOLLO.NS,2025-09-16,2025-11-03,343.8,345,355,349.26,278.25,0.8096,77.7,4.26,1.24,22323941563853030992891659243088516974034712420798725783404645068296920498176,-4.26,-9.520539090285932e+76,-100.0,False,1,1,1,0,1,2,4.6650641542401065e+78
AIIL.NS,2025-09-16,2025-11-03,656.92,655,675,664.2,568.04,0.2866,64.5,9.2,1.4,139700608927582418843391246975457771756800261361497016781358423750119260160,-9.2,-1.2848772982500933e+75,-100.0,False,1,1,1,0,1,2,6.295898761425457e+76
AFFLE.NS,2025-09-17,2025-11-04,2145.7,2145,2210,2174.29,1832.8,0.3224,78.2,29.29,1.365,35475669327493934415218946047213812729942083510996109148211129013510340608,-29.29,-1.0389421487785538e+75,-100.0,False,1,1,1,1,1,3,5.090816529014913e+76
AADHARHFC.NS,2025-09-17,2025-11-04,538.3,540,555,546.6,509.2,0.2595,72.4,6.6,1.225,37549865624757236493100504732205765497318323561050884106039295357315186688,-6.6,-2.47670418484032e+74,-100.0,False,1,1,1,0,1,2,1.2135850505717568e+76
ASAHIINDIA.NS,2025-09-17,2025-11-04,901.35,900,930,913.47,956.75,0.3871,56.6,13.47,1.495,5325578747955665998191524375208394655871688128809806350938497788102230147072,16.53,8.802567713056032e+76,122.7,True,1,1,1,0,1,2,3.6751099425360435e+78
AAREYDRUGS.NS,2025-09-18,2025-11-06,74.22,75,80,76.89,99.25,0.4374,82.0,1.89,2.546,98355483085571107583786216011342739998335978644747970056228477944700338176,3.11,3.058990903149847e+74,164.57,True,1,1,0,1,1,2,9.599815345958528e+75
ASHOKLEY.NS,2025-09-18,2025-11-06,135.51,135,140,137.25,137.93,0.2622,74.2,2.25,1.662,189828723944784030874428690625735715978331585274765673605507052232971298799616,0.67,1.279744924344302e+77,29.94,True,1,1,1,0,1,2,2.149882627652101e+79
AADHARHFC.NS,2025-09-18,2025-11-06,538.55,540,555,546.61,499.45,0.246,70.6,6.61,1.227,36719400278935658861631157928485794404664938724967774808381137316852269056,-6.61,-2.427170101143514e+74,-100.0,False,1,1,1,0,1,2,1.1893133495603216e+76
ASAHIINDIA.NS,2025-09-18,2025-11-06,916.75,915,945,928.53,921.0,0.3908,66.4,13.53,1.476,5433627184095732055311714396680491913697197728917992755039353738381385269248,-7.53,-4.0900435746146475e+76,-55.65,False,1,1,1,0,1,2,3.634209506789897e+78
ASTERDM.NS,2025-09-19,2025-11-07,647.71,650,665,656.74,689.88,0.307,67.1,6.74,1.041,44736606630612204134925210014496525083422368314893146977506213913504388218880,8.26,3.6953637685189283e+77,122.56,True,1,1,1,1,1,3,1.5445172507216405e+79
AADHARHFC.NS,2025-09-19,2025-11-07,539.15,540,555,546.69,494.55,0.2459,71.7,6.69,1.24,35578635456770440359213081814527890263736745016536551781300942707621888000,-6.69,-2.3786266991206434e+74,-100.0,False,1,1,1,0,1,2,1.1655270825691152e+76
APOLLO.NS,2025-09-19,2025-11-07,343.9,345,355,349.26,268.45,0.8256,73.6,4.26,1.239,21900335200239468728953040945890998042394170082102290102429188475364663361536,-4.26,-9.330128308480213e+76,-100.0,False,1,1,1,0,1,2,4.571762871155304e+78
ASHOKLEY.NS,2025-09-19,2025-11-07,137.59,140,145,141.82,137.97,0.2572,75.3,1.82,1.32,236660873406362311178468914740098386301276723208067679939654745095848721383424,-1.82,-4.299765255304201e+77,-100.0,False,1,1,1,1,1,3,2.1068849750990588e+79
AAREYDRUGS.NS,2025-09-19,2025-11-07,77.6,80,85,81.69,97.26,0.4536,82.3,1.69,2.178,113587956588465269350551713253413573153120953796612319503930515810875867136,3.31,3.759434760231558e+74,195.81,True,1,1,0,1,1,2,9.975758821981683e+75
ADANIPOWER.NS,2025-09-19,2025-11-07,141.88,140,145,142.36,151.48,0.4758,78.8,2.36,1.663,896908690726290280954361702722330995084559669747497269368236338953486073856,2.64,2.368793962771767e+75,111.96,True,1,1,1,1,1,3,1.0815626850575598e+77
AFFLE.NS,2025-09-22,2025-11-10,2146.7,2145,2210,2174.39,1743.8,0.3342,74.4,29.39,1.369,34646948096215757404944095661772252335047407347798234140886273884059336704,-29.39,-1.0181633058029826e+75,-100.0,False,1,1,1,0,1,2,4.989000198434615e+76
ASHAPURMIN.NS,2025-09-22,2025-11-10,651.1,650,670,659.02,642.8,0.457,75.5,9.02,1.385,22064689052917652993473046622637387013462205850974435128663533034563073736704,-9.02,-1.989332963008251e+77,-100.0,False,1,1,1,1,1,3,9.747731518740431e+78
AMBER.NS,2025-09-22,2025-11-10,8310.5,8310,8560,8422.47,7016.5,0.3063,74.0,112.47,1.353,17798541153071618161322413294378089878193448018530161148579502656810123264,-112.47,-2.0018158746285535e+75,-100.0,False,1,1,1,0,1,2,9.808897785679911e+76
ADANIPOWER.NS,2025-09-22,2025-11-10,170.25,170,175,172.18,150.06,0.7755,88.2,2.18,1.278,994502137484676744040078109047374604227528468364229074220964558884420190208,-2.18,-2.1631253701151194e+75,-100.0,False,1,1,0,1,1,2,1.0599314313564085e+77
AGIIL.NS,2025-09-22,2025-11-10,240.82,240,250,244.22,264.05,0.1574,65.8,4.22,1.752,303774941173808569628230860471467758883211858170560173536378053154639446016,5.78,1.7562441945164814e+75,137.05,True,1,1,1,0,1,2,6.583150505559669e+76
AAREYDRUGS.NS,2025-09-22,2025-11-10,79.29,80,85,81.93,98.99,0.4381,81.0,1.93,2.438,103209102692885808857904447031471135707110036717265411639315909921323614208,3.07,3.1653033702479537e+74,158.65,True,1,1,0,1,1,2,1.0292289159006479e+76
ASHOKLEY.NS,2025-09-23,2025-11-11,140.67,140,145,142.29,142.62,0.2814,73.9,2.29,1.625,184307026549242741400832136946059268020756064335506902497132123219274093297664,0.34,6.209991033317081e+76,14.74,True,1,1,1,1,1,3,2.1130949661323757e+79
ATALREAL.NS,2025-09-23,2025-11-11,21.25,20,25,21.68,24.79,0.31,73.1,1.68,7.907,319245097925471451702991795876341930928326643418491822376427180257141967552512,3.11,9.927749980435816e+77,185.08,True,1,1,1,0,1,2,2.781324066289574e+79
ASHAPURMIN.NS,2025-09-23,2025-11-11,655.4,655,675,663.98,647.5,0.4444,77.7,8.98,1.37,21716846706405210316738271504375694625359095600247930876634518362879692898304,-8.98,-1.9495463037480863e+77,-100.0,False,1,1,1,0,1,2,9.552776888365622e+78
AMBER.NS,2025-09-24,2025-11-12,8410.0,8410,8660,8522.54,7204.5,0.2951,74.6,112.54,1.338,17432050954204098119880667648325001203123832727137143429853159420992684032,-112.54,-1.9617795571359823e+75,-100.0,False,1,1,1,0,1,2,9.612719829966313e+76
AADHARHFC.NS,2025-09-24,2025-11-12,539.85,540,555,546.77,496.6,0.2382,69.1,6.77,1.254,34439294076704810461041387263567125380292653250340828242045155766033186816,-6.77,-2.3310541651382304e+74,-100.0,False,1,1,1,1,1,3,1.1422165409177328e+76
ASKAUTOLTD.NS,2025-09-24,2025-11-12,566.4,565,585,573.99,455.4,0.36,67.4,8.99,1.587,37016092492982664891952238428338373984127953997584189510202131305010219188224,-8.99,-3.32641104841905e+77,-100.0,False,1,1,1,1,1,3,1.6299414137253343e+79
AGIIL.NS,2025-09-24,2025-11-12,247.52,250,255,252.09,254.25,0.2107,72.6,2.09,0.845,629216373543020957929132500324198567607216660883326011467170346549802696704,2.16,1.3575394864459052e+75,103.11,True,1,1,1,1,1,3,6.71890445420426e+76
ABCAPITAL.NS,2025-09-24,2025-11-12,291.95,290,300,294.69,329.6,0.2019,68.4,4.69,1.607,35367937490247652224505955115616773770464365252535645835855798476057083904,5.31,1.8771838390667075e+74,113.11,True,1,1,1,1,1,3,8.48576793369696e+75
AGIIL.NS,2025-09-25,2025-11-13,252.54,255,260,257.1,255.4,0.2101,74.7,2.1,0.833,638665654147921613449186843149298711987632245918324053606648473866421141504,-1.7,-1.0883185272874827e+75,-80.99,False,1,1,1,0,1,2,6.610072601475511e+76
ASKAUTOLTD.NS,2025-09-25,2025-11-13,572.5,570,590,579.12,459.45,0.3387,67.4,9.12,1.594,35728355684734016890667167664573791118164116325134852825084740621661347250176,-9.12,-3.259882827450669e+77,-100.0,False,1,1,1,0,1,2,1.5973425854508276e+79
AMBER.NS,2025-09-25,2025-11-13,8438.5,8440,8690,8552.42,7122.0,0.2951,73.4,112.42,1.332,17101528855261357586822579002937499112278819622285739097788538322799296512,-112.42,-1.9225439659932627e+75,-100.0,False,1,1,1,1,1,3,9.420465433366986e+76
ATALREAL.NS,2025-09-26,2025-11-14,21.35,20,25,21.74,24.68,0.3011,76.8,1.74,8.14,320093890958311841581836671325947016009803490115543483952802136384264571191296,2.94,9.417746941118878e+77,169.3,True,1,1,1,1,1,3,2.875501535700763e+79
AAREYDRUGS.NS,2025-09-29,2025-11-17,80.79,80,85,82.16,97.0,0.3922,69.6,2.16,2.679,95118975570204847457211099195726160456906856339883626357853164027382857728,2.84,2.697490946708947e+74,131.04,True,1,1,1,0,1,2,1.0562038253677374e+76
ASHAPURMIN.NS,2025-09-29,2025-11-17,669.6,670,690,678.95,710.55,0.3985,66.6,8.95,1.337,21337118657177771413981774532026009074568648377596824662100503586987025891328,11.05,2.35686835376243e+77,123.36,True,1,1,1,0,1,2,9.788463723741865e+78
AGIIL.NS,2025-09-29,2025-11-17,252.72,255,260,257.12,252.6,0.2064,73.8,2.12,0.838,623877616749228770061976341100944812063272116438413106880784386354271223808,-2.12,-1.3220145202951023e+75,-100.0,False,1,1,1,0,1,2,6.477871149446e+76
AAREYDRUGS.NS,2025-09-30,2025-11-18,82.84,85,90,86.67,95.06,0.3716,71.5,1.67,2.022,126130456982743071482422731796730879749786214233544402129987252067302899712,3.33,4.1941151984016786e+74,198.55,True,1,1,1,1,1,3,1.0981449773517542e+76
ATALREAL.NS,2025-09-30,2025-11-18,22.52,25,30,25.34,22.53,0.3463,84.9,0.34,1.499,1704008587882971963278101980218389219412802360870022965485147533144077734248448,-0.34,-5.751003071401526e+77,-100.0,False,1,1,0,1,1,2,2.8179915049867477e+79
AAREYDRUGS.NS,2025-10-01,2025-11-19,83.9,85,90,86.82,96.5,0.3443,71.5,1.82,2.175,120359362557133521449135709173351882525495631622810312097797585053602021376,3.18,3.8216781731531674e+74,174.01,True,1,1,1,0,1,2,1.1363617590832859e+76
ABCAPITAL.NS,2025-10-01,2025-11-19,299.85,300,310,304.4,330.65,0.2661,58.7,4.4,1.467,38571750922547634328750130527122736844560410138171447854863218700990808064,5.6,2.1600215055153715e+74,127.27,True,1,1,1,0,1,2,8.701770084248497e+75
AGIIL.NS,2025-10-01,2025-11-19,275.6,275,285,279.47,252.35,0.3678,84.2,4.47,1.622,289889725342332847857345802085828731146076454031041637938604775295588237312,-4.47,-1.2955742298891999e+75,-100.0,False,1,1,0,1,1,2,6.34831372645708e+76
ATALREAL.NS,2025-10-01,2025-11-19,22.77,25,30,25.4,23.14,0.3464,84.6,0.4,1.737,1425148388733387402158633420062818014161318574517350288922996441956306827345920,-0.4,-5.635983009973496e+77,-100.0,False,1,1,0,1,1,2,2.7616316748870126e+79
ASHAPURMIN.NS,2025-10-01,2025-11-19,670.1,670,690,678.98,694.25,0.4218,70.4,8.98,1.341,21790348371972505797802450016460969002754243895975588131537226266899336134656,11.02,2.400376929646128e+77,122.61,True,1,1,1,0,1,2,1.0028501416706479e+79
ABCAPITAL.NS,2025-10-03,2025-11-20,303.95,305,315,309.29,327.85,0.2658,60.5,4.29,1.411,40587221601004275063870576125806939407063486386024926458636919198082662400,5.71,2.3183681432507283e+74,133.21,True,1,1,1,0,1,2,8.93360689857357e+75
ATALREAL.NS,2025-10-03,2025-11-20,22.98,25,30,25.45,24.01,0.3463,87.1,0.45,1.954,1230116661796428862900615046903544305347299523253861432174141344344606070800384,-0.45,-5.523263349774025e+77,-100.0,False,1,1,0,1,1,2,2.7063990413892723e+79
ASHAPURMIN.NS,2025-10-03,2025-11-20,690.75,690,710,699.05,742.55,0.4276,70.9,9.05,1.31,22157406918641130756812005280525281136868409338794630162704826499078912212992,10.95,2.4257811003869307e+77,120.94,True,1,1,1,0,1,2,1.0271079526745171e+79
ABCAPITAL.NS,2025-10-06,2025-11-21,304.05,305,315,309.3,325.65,0.2644,61.4,4.3,1.414,41550764091860903738995372714541985831526644462715719916224513198161657856,5.7,2.3683550294713764e+74,132.55,True,1,1,1,0,1,2,9.170442401520707e+75
ATALREAL.NS,2025-10-06,2025-11-21,23.18,25,30,25.47,23.99,0.3306,90.7,0.47,2.01,1161820463842511287213051057592113557460492020171171951865221239905613714030592,-0.47,-5.412798082778544e+77,-100.0,False,1,1,0,1,1,2,2.6522710605614868e+79
ASTERDM.NS,2025-10-06,2025-11-21,669.62,670,690,678.96,647.36,0.3192,69.4,8.96,1.339,34462174090679968062635999697909214884271334277070383919238991260351341789184,-8.96,-3.089034501443281e+77,-100.0,False,1,1,1,1,1,3,1.5136269057072076e+79
ATLANTAA.NS,2025-10-06,2025-11-21,66.78,65,70,67.02,42.81,1.2984,84.8,2.02,3.029,269806691100649876393786524682503085523601634611808377847850761212487996014592,-2.02,-5.457809435300848e+77,-100.0,False,1,1,0,1,1,2,2.674326623297415e+79
AAREYDRUGS.NS,2025-10-07,2025-11-24,84.0,85,90,86.85,89.56,0.3486,76.2,1.85,2.2,123002033023071812362565311699782987561782603903939939030130400799865438208,2.71,3.336166184706181e+74,146.79,True,1,1,1,0,1,2,1.1697234209303477e+76
ATLANTAA.NS,2025-10-07,2025-11-24,68.06,70,75,71.81,41.0,1.2961,87.2,1.81,2.652,296321950106600686402419659621166639818072323226667343241828632164941959266304,-1.81,-5.34865324659483e+77,-100.0,False,1,1,0,1,1,2,2.6208400908314667e+79
ASTERDM.NS,2025-10-08,2025-11-25,695.5,695,715,704.07,657.12,0.3757,73.3,9.07,1.304,33374681372883075104037909193984139118228355075521273154624662402929633787904,-9.07,-3.027253811414415e+77,-100.0,False,1,1,1,1,1,3,1.4833543675930636e+79
AGIIL.NS,2025-10-10,2025-11-27,287.9,290,295,292.16,275.0,0.7487,69.0,2.16,0.751,587136785007689613395014786627400699687375113260436835948239205647672934400,-2.16,-1.269662745291416e+75,-100.0,False,1,1,1,1,1,3,6.221347451927939e+76
ASHAPURMIN.NS,2025-10-10,2025-11-27,692.55,695,715,703.8,696.0,0.473,63.7,8.8,1.271,23337100491695413435956576239878937848083666979552462052845877145965409861632,-7.8,-1.82084490043208e+77,-88.64,False,1,1,1,0,1,2,1.0088995036701963e+79
AIIL.NS,2025-10-10,2025-11-27,659.9,660,680,668.98,548.76,0.3118,61.2,8.98,1.36,140283316725955678567552244250537851329990571464976907689569050987398692864,-8.98,-1.2591797522850913e+75,-100.0,False,1,1,1,0,1,2,6.169980786196948e+76
ASTERDM.NS,2025-10-13,2025-11-28,697.69,700,720,708.84,662.55,0.3843,65.3,8.84,1.267,33567922524072341577885003830489235787797034485902068595568292620007618117632,-8.84,-2.966708735186127e+77,-100.0,False,1,1,1,0,1,2,1.4536872802412024e+79
AAREYDRUGS.NS,2025-10-14,2025-12-01,85.15,85,90,87.06,85.73,0.352,65.3,2.06,2.418,113601682211798110446080899244338187519891796589227414391628069254427836416,-1.33,-1.510150748181536e+74,-64.55,False,1,1,1,0,1,2,1.1546219134485324e+76
ANANDRATHI.NS,2025-10-14,2025-12-01,1575.45,1575,1625,1597.4,1459.59,0.3477,64.0,22.4,1.422,108837968181149319317088629901498741983984367690769270313315900118186065920,-22.4,-2.4384453664276623e+75,-100.0,False,1,1,1,1,1,3,1.1948382295495544e+77
AAREYDRUGS.NS,2025-10-15,2025-12-02,86.85,85,90,87.37,81.44,0.3492,72.6,2.37,2.73,97397800035057474852593781340963195430017826474891174938725879494574342144,-2.37,-2.309243826897065e+74,-100.0,False,1,1,1,1,1,3,1.1315294751795617e+76
ATALREAL.NS,2025-10-15,2025-12-02,23.95,25,30,25.83,23.27,0.3768,74.3,0.83,3.468,638605459327759378817763767608172625208074042141066288585398331824044408569856,-0.83,-5.304542121122974e+77,-100.0,False,1,1,1,1,1,3,2.599225639350257e+79
ACUTAAS.NS,2025-10-15,2025-12-02,1548.8,1550,1595,1570.2,1743.3,0.3259,63.5,20.2,1.304,186291477028109013903940157629042240597998224862748449731543329486030241792,24.8,4.6198331488576585e+75,122.76,True,1,1,1,1,1,3,1.9278399901922003e+77
ADANIPORTS.NS,2025-10-16,2025-12-03,1473.29,1475,1515,1492.7,1491.41,0.1776,68.6,17.7,1.201,125044751766389715789618724581236059367821086000954996988050370905503694848,-1.28,-1.6058556250630436e+74,-7.26,False,1,1,1,1,1,3,1.1049560074012291e+77
AAREYDRUGS.NS,2025-10-16,2025-12-03,88.58,90,95,91.8,77.36,0.3445,79.9,1.8,2.037,125413317215206926353604815392067068482188617192740780092351541277420945408,-1.8,-2.2630589503591236e+74,-100.0,False,1,1,1,0,1,2,1.1088988856759705e+76
ATALREAL.NS,2025-10-16,2025-12-03,24.11,25,30,25.89,23.48,0.3755,74.7,0.89,3.679,586072282135851615787655599693821968572094470449187952871451060177393321771008,-0.89,-5.198451278700514e+77,-100.0,False,1,1,1,0,1,2,2.5472411265632516e+79
ACUTAAS.NS,2025-10-16,2025-12-03,1553.4,1555,1600,1575.17,1735.4,0.3248,71.2,20.17,1.298,191174564240320603609144534400705369008041417611594321775144051530480484352,24.83,4.747175410430027e+75,123.12,True,1,1,1,0,1,2,1.9753117442965006e+77
ASTERDM.NS,2025-10-17,2025-12-04,699.39,700,720,708.98,650.4,0.3792,74.7,8.98,1.284,32375278036815942369429699336239208951562795227114301089889830699086316044288,-8.98,-2.9073745604824046e+77,-100.0,False,1,1,1,0,1,2,1.4246135346363784e+79
ASAHIINDIA.NS,2025-10-17,2025-12-04,941.3,940,970,953.54,1051.9,0.346,58.7,13.54,1.439,5367816262323098992486599575703238153098750341097353730994899693535940837376,16.46,8.835029773389503e+76,121.55,True,1,1,1,0,1,2,3.722559804523792e+78
ACUTAAS.NS,2025-10-17,2025-12-04,1646.9,1645,1695,1667.62,1709.2,0.3797,88.4,22.62,1.373,174667132451138972975892283922196818319400773794438702256937415455419662336,27.38,4.782733133963948e+75,121.06,True,1,1,0,1,1,2,2.0231390756361401e+77
ABCAPITAL.NS,2025-10-20,2025-12-05,305.35,305,315,309.48,358.75,0.2774,64.7,4.48,1.468,40903232016888028616399506999369852854064275800787339637845179834979844096,5.52,2.2562347213846613e+74,123.02,True,1,1,1,0,1,2,9.396065873659173e+75
ACUTAAS.NS,2025-10-20,2025-12-05,1763.6,1765,1815,1787.41,1707.6,0.4356,93.0,22.41,1.271,180517083087753962804733236541616185734948699582565336799612151603442745344,-22.41,-4.04627815127228e+75,-100.0,False,1,1,0,1,1,2,1.9826762941234172e+77
ANANDRATHI.NS,2025-10-20,2025-12-05,1598.02,1600,1645,1620.2,1446.11,0.3602,79.1,20.2,1.264,118328218265800056563041845280473203214287638523836204226860810297310969856,-20.2,-2.389676459099109e+75,-100.0,False,1,1,1,0,1,2,1.1709414649585633e+77
APOLLOHOSP.NS,2025-10-20,2025-12-05,7999.38,8000,8240,8104.6,7179.97,0.1547,87.2,104.6,1.308,760654528943850029760810613426027889404974577415746258473948267944385445888,-104.6,-7.95660665694057e+76,-100.0,False,1,1,0,1,1,2,3.898737261900879e+78
ABDL.NS,2025-10-20,2025-12-05,575.91,575,595,583.95,623.06,0.363,75.0,8.95,1.554,31851224860439004979089351818036422481885292358371773304227191882514432000,11.05,3.5196757347841913e+74,123.47,True,1,1,1,1,1,3,1.4604813759996467e+76
ADANIPOWER.NS,2025-10-20,2025-12-05,170.3,170,175,172.14,143.78,0.8839,76.5,2.14,1.259,988645531303586594009397805021848703015937622265002454660431765927125581824,-2.14,-2.1198628627128172e+75,-100.0,False,1,1,1,0,1,2,1.0387328027292804e+77
ASTERDM.NS,2025-10-20,2025-12-05,715.07,715,735,724.07,632.33,0.3335,77.8,9.07,1.269,31407662855317825952264072852804262534869644145035107191215635493192541929472,-9.07,-2.849227069272757e+77,-100.0,False,1,1,1,0,1,2,1.396121263943651e+79
AAREYDRUGS.NS,2025-10-20,2025-12-05,89.65,90,95,91.95,75.62,0.2945,73.4,1.95,2.172,113889859141043036045062437886633908230289698947686178253776138036611907584,-1.95,-2.2177977713519408e+74,-100.0,False,1,1,1,0,1,2,1.0867209079624511e+76
ATALREAL.NS,2025-10-21,2025-12-08,24.77,25,30,26.14,24.2,0.3674,69.9,1.14,4.593,447817468840030569057875440904958987745945445716835214173583370294333643161600,-1.14,-5.094482253126503e+77,-100.0,False,1,1,1,0,1,2,2.4962963040319866e+79
ASTERDM.NS,2025-10-21,2025-12-08,719.8,720,740,729.05,615.95,0.3322,78.0,9.05,1.258,30842917259806289493315555890051436498666092431928764273637928611678638833664,-9.05,-2.792242527887302e+77,-100.0,False,1,1,1,0,1,2,1.3681988386647779e+79
ABCAPITAL.NS,2025-10-23,2025-12-09,308.0,310,315,312.25,364.05,0.2765,58.8,2.25,0.731,83421539322510505901049169848528083913568812247883593330330220623705407488,2.75,2.2918637913936905e+74,121.96,True,1,1,1,0,1,2,9.625252252798542e+75
ABDL.NS,2025-10-23,2025-12-09,620.08,620,640,628.93,608.33,0.3811,80.0,8.93,1.441,32697512836747025559149807279997728226929872863518553661353086413927612416,-8.93,-2.9209627519992934e+74,-100.0,False,1,1,1,1,1,3,1.4312717484796538e+76
ASAHIINDIA.NS,2025-10-24,2025-12-10,944.7,945,975,958.36,994.2,0.2932,66.6,13.36,1.414,5574670203507029568905043454954247560583674646487885791036425656260718755840,16.64,9.278891001473504e+76,124.63,True,1,1,1,0,1,2,3.815348714538527e+78
AMBER.NS,2025-10-27,2025-12-11,8476.0,8475,8730,8589.07,6521.5,0.2307,64.7,114.07,1.346,16517178330045909774312663028570092319296218328669306514566694633685909504,-114.07,-1.8840930866733973e+75,-100.0,False,1,1,1,1,1,3,9.232056124699646e+76
ABCAPITAL.NS,2025-10-27,2025-12-11,310.75,310,320,314.54,354.45,0.2698,56.9,4.54,1.462,42360958818928504714067490805245958215752902928300650761073278176389496832,5.46,2.311045431333142e+74,120.05,True,1,1,1,0,1,2,9.856356795931856e+75
ASAHIINDIA.NS,2025-10-27,2025-12-11,953.45,955,980,966.26,998.8,0.2935,76.8,11.26,1.181,6774702206600320768650997808485748424873456169752762231960327961784694603776,13.74,9.306058087423747e+76,121.96,True,1,1,1,0,1,2,3.908409295412764e+78
ANANDRATHI.NS,2025-10-27,2025-12-11,1609.84,1610,1660,1632.39,1439.43,0.361,70.6,22.39,1.391,104574269122542183277765917491863920390254810133702167874168192103719370752,-22.39,-2.3418829299171266e+75,-100.0,False,1,1,1,0,1,2,1.1475226356593921e+77
AMBER.NS,2025-10-28,2025-12-12,8526.5,8525,8780,8638.39,6626.0,0.1943,56.6,113.39,1.33,16283974791864871542704486821431006834240997655195629562647565946140491776,-113.39,-1.8464112249399293e+75,-100.0,False,1,1,1,0,1,2,9.047415002205653e+76
AAREYDRUGS.NS,2025-10-28,2025-12-12,91.29,90,95,92.28,67.17,0.249,71.1,2.28,2.501,95197245284315267667701814161899265013153510120476788382701444993587871744,-2.28,-2.1734418159249022e+74,-100.0,False,1,1,1,1,1,3,1.0649864898032022e+76
ABCAPITAL.NS,2025-10-28,2025-12-12,312.6,315,320,317.22,362.95,0.2438,59.1,2.22,0.711,88700640989448359660289758382341949091343594052470879280181425286804406272,2.78,2.4637606902860467e+74,124.98,True,1,1,1,1,1,3,1.010273286496046e+76
ABDL.NS,2025-10-29,2025-12-15,643.18,645,660,651.76,620.73,0.4024,78.9,6.76,1.05,42368677526766289749165296098233955054998562731555325986920995635618381824,-6.76,-2.862543496959308e+74,-100.0,False,1,1,1,1,1,3,1.4026463135100608e+76
AAREYDRUGS.NS,2025-10-29,2025-12-15,93.11,95,100,96.56,65.34,0.2411,77.9,1.56,1.675,136540148543814071515620330183138717817483674852876963851672615743786057728,-1.56,-2.1299729796064043e+74,-100.0,False,1,1,1,0,1,2,1.043686760007138e+76
ABCAPITAL.NS,2025-10-30,2025-12-16,326.8,325,335,329.7,348.05,0.2703,75.4,4.7,1.439,42962858960596179628080729282379474222558349477019089032400516472983519232,5.3,2.2757393230675256e+74,112.63,True,1,1,1,1,1,3,1.0330306797267214e+76
ABDL.NS,2025-10-31,2025-12-17,656.37,655,675,664.08,605.8,0.4009,79.8,9.08,1.384,30880948563191529535042344112449435750769739997278507973744875610203750400,-9.08,-2.8052926270201216e+74,-100.0,False,1,1,1,1,1,3,1.3745933872398596e+76
ATALREAL.NS,2025-10-31,2025-12-17,25.57,25,30,26.44,25.25,0.3282,74.7,1.44,5.643,345982016830751247308117538616328116396380553856175662444278425365835119853568,-1.19,-4.1276375659870953e+77,-82.68,False,1,1,1,0,1,2,2.4550199283721158e+79
ACUTAAS.NS,2025-11-03,2025-12-18,1810.4,1810,1865,1834.69,1631.4,0.4174,75.6,24.69,1.364,160636774635659005254300023503736745241395025789845810706821796466559811584,-24.69,-3.965352588246835e+75,-100.0,False,1,1,1,0,1,2,1.943022768240949e+77
ABDL.NS,2025-11-03,2025-12-18,677.93,680,700,688.83,608.04,0.392,88.4,8.83,1.302,31138257609970318201463498728562807284525465471701806905027696600708808704,-8.83,-2.7491867744797195e+74,-100.0,False,1,1,0,1,1,2,1.3471015194950624e+76
AAREYDRUGS.NS,2025-11-03,2025-12-18,96.25,95,100,97.28,66.34,0.2161,86.6,2.28,2.373,91377627887555462653275349389005002391430251804228907900632579306086727680,-2.28,-2.087373520014276e+74,-100.0,False,1,1,0,1,1,2,1.0228130248069954e+76
ABCAPITAL.NS,2025-11-03,2025-12-18,334.25,335,345,339.41,344.25,0.2784,79.7,4.41,1.318,46892426372139410951789719891482261834699674661682265517976319454712168448,4.84,2.2714880799694527e+74,109.94,True,1,1,1,0,1,2,1.055745560526416e+76
ASAHIINDIA.NS,2025-11-04,2025-12-19,956.75,955,985,968.6,1008.7,0.2517,66.0,13.6,1.421,5748144450341619027190786127737688554532403884407835563459549151006438719488,16.4,9.427614760199328e+76,120.61,True,1,1,1,1,1,3,4.002685443014758e+78
ACUTAAS.NS,2025-11-04,2025-12-19,1834.3,1835,1890,1859.63,1648.5,0.4173,76.7,24.63,1.343,157800552070295533351606447164300259133967448065644118260063102687967707136,-24.63,-3.886045536481898e+75,-100.0,False,1,1,1,0,1,2,1.90416231287613e+77
3MINDIA.NS,2025-11-04,2025-12-19,35372.72,35375,36435,35844.23,34377.14,0.5771,90.2,469.23,1.327,938002155136900857501196840458622687698322750383169436216291095092396032,-469.23,-4.4014070610938146e+74,-100.0,False,1,1,0,1,1,2,2.156689459935969e+76
ABCAPITAL.NS,2025-11-07,2025-12-23,338.1,340,350,344.28,346.8,0.2814,78.3,4.28,1.267,49293627673656141470176865126655125492397009937781362756159478429059645440,2.52,1.2404695434672513e+74,58.75,True,1,1,1,1,1,3,1.0681502559610884e+76
3MINDIA.NS,2025-11-10,2025-12-24,35510.72,35510,36575,35981.59,34081.42,0.5772,87.0,471.59,1.328,914646331705513143610137972007426464081993238538527030997361280096927744,-471.59,-4.3133789198719375e+74,-100.0,False,1,1,0,1,1,2,2.1135556707372498e+76
ASAHIINDIA.NS,2025-11-11,2025-12-26,967.85,970,995,981.21,995.5,0.2723,60.1,11.21,1.158,7140572490596191768831817726097266918736923218314341609495287447679397789696,13.79,9.846060340460964e+76,122.99,True,1,1,1,0,1,2,4.101146046419367e+78
APEX.NS,2025-11-11,2025-12-26,272.95,275,280,277.2,275.75,0.5424,73.4,2.2,0.808,22591803165765751671377394546818675453512382723162575172861278645444776296448,-1.45,-3.285415049126466e+76,-65.97,False,1,1,1,1,1,3,2.4570459927881837e+78
ASHOKLEY.NS,2025-11-11,2025-12-26,142.62,145,150,146.72,171.75,0.2015,76.5,1.72,1.207,245413751484163830872481734921926844590731346323879653149060165725759152848896,3.28,8.04449764194344e+77,190.35,True,1,1,1,1,1,3,2.19353994255181e+79
ADANIPORTS.NS,2025-11-12,2025-12-29,1500.58,1500,1545,1520.05,1448.3,0.1938,58.6,20.05,1.336,110225188162587878987685376513925567350807005473788622452079187463334002688,-20.05,-2.2099120148024582e+75,-100.0,False,1,1,1,1,1,3,1.0828568872532046e+77
ASAHIINDIA.NS,2025-11-12,2025-12-29,969.55,970,1000,983.36,963.9,0.2719,57.9,13.36,1.378,6139670976081699606978828109229872454153478679329735279825975147314011963392,-13.36,-8.202292092838735e+76,-100.0,False,1,1,1,0,1,2,4.01912312549098e+78
APEX.NS,2025-11-13,2025-12-30,286.16,285,295,289.46,270.75,0.5811,69.7,4.46,1.557,11027577465741320743263877981577738548695714469177811535811707767676861415424,-4.46,-4.9140919855763675e+76,-100.0,False,1,1,1,1,1,3,2.40790507293242e+78
ASAHIINDIA.NS,2025-11-13,2025-12-30,971.15,970,1000,983.56,1037.6,0.2718,59.4,13.56,1.397,5926974319106258593979313770040114032484579499617733975989927959971890200576,16.44,9.742676706336816e+76,121.2,True,1,1,1,0,1,2,4.116549892554348e+78
ASHOKLEY.NS,2025-11-13,2025-12-30,146.89,145,150,147.46,175.63,0.2811,71.9,2.46,1.675,178252988195620660926378845212580726497918387153674299076632382569403920678912,2.54,4.525569524677413e+77,103.16,True,1,1,1,1,1,3,2.238795637798584e+79
ASIANPAINT.NS,2025-11-13,2025-12-30,2850.18,2850,2935,2888.25,2734.57,0.2813,87.4,38.25,1.342,16752312139091379788996237391459482933346612988789238083193208553913484050432,-38.25,-6.406951663595645e+77,-100.0,False,1,1,0,1,1,2,3.1394063151618655e+79
APEX.NS,2025-11-14,2025-12-31,289.46,290,300,294.35,278.9,0.5757,76.4,4.35,1.503,11071056346290101135174767133128836183581058394272135079505420371788939919360,-4.35,-4.8158101458648405e+76,-100.0,False,1,1,1,0,1,2,2.3597469714737717e+78
ADANIPORTS.NS,2025-11-14,2025-12-31,1506.35,1505,1550,1525.17,1463.63,0.1892,74.5,20.17,1.339,107361457733771363338509903164116527668898056629853405375119969685572943872,-20.17,-2.1657137745064094e+75,-100.0,False,1,1,1,0,1,2,1.0611997495081405e+77
ADANIENSOL.NS,2025-11-14,2025-12-31,1023.85,1025,1055,1038.39,1027.35,0.2847,69.5,13.39,1.308,262143703490995372685583863630709103492473434509615463918007043568342925312,-11.04,-2.8948588716899825e+75,-82.45,False,1,1,1,0,1,2,1.7264964987336305e+77
ASIANPAINT.NS,2025-11-14,2025-12-31,2876.91,2875,2965,2915.44,2745.68,0.2768,88.1,40.44,1.406,15526047234388400036604859324325189064356118272329952520490923355023840641024,-40.44,-6.278812630323731e+77,-100.0,False,1,1,0,1,1,2,3.076618188858628e+79
ASAHIINDIA.NS,2025-11-17,2026-01-01,998.5,1000,1030,1013.31,997.6,0.2861,61.0,13.31,1.333,6186302494764490501627435466624742407217498101961721872813976479173540052992,-13.31,-8.233099785108696e+76,-100.0,False,1,1,1,0,1,2,4.034218894703261e+78
AIAENG.NS,2025-11-17,2026-01-01,3760.4,3760,3875,3811.63,4030.1,0.295,72.4,51.63,1.373,15578217642948605493948791436874875501748074549613050066010586831585804288,63.37,9.871624282443977e+74,122.73,True,1,1,1,0,1,2,4.1203792462978994e+76
ASHAPURMIN.NS,2025-11-17,2026-01-01,710.55,710,730,718.92,862.3,0.5738,65.4,8.92,1.256,22612733806854405349770300262973718065212080069898214440505642585615719464960,11.08,2.504747754030488e+77,124.13,True,1,1,1,0,1,2,1.0339469812105013e+79
ASAHIINDIA.NS,2025-11-18,2026-01-02,1001.5,1000,1030,1013.66,992.1,0.27,68.3,13.66,1.364,5908383274786131420948018200146564132050036349288075297921427114187066179584,-13.66,-8.068437789406523e+76,-100.0,False,1,1,1,0,1,2,3.953534516809196e+78
ADANIENSOL.NS,2025-11-18,2026-01-02,1026.65,1025,1055,1038.71,1057.9,0.2721,78.6,13.71,1.336,251784589563240232779994798788425467342447138685191473682323596078856798208,16.29,4.100544689429945e+75,118.75,True,1,1,1,0,1,2,1.76750194562793e+77
APEX.NS,2025-11-18,2026-01-02,292.13,290,300,294.53,295.95,0.5698,79.9,4.53,1.551,10414601902840909888732346260051514603122844293305710608001661686696451768320,1.42,1.477206902379886e+76,31.3,True,1,1,1,0,1,2,2.3745190404975708e+78
ANURAS.NS,2025-11-20,2026-01-06,1179.2,1180,1215,1195.58,1354.8,0.2384,72.6,15.58,1.321,1481812552566986396105381468396957648016914756448972454662419823458355511296,19.42,2.8779228772074497e+76,124.67,True,1,1,1,1,1,3,1.182989757160576e+78
ASHAPURMIN.NS,2025-11-20,2026-01-06,742.55,745,765,753.75,891.45,0.6244,63.3,8.75,1.178,23639379158906728918074171460084920775773723513417047048145801222737713168384,11.25,2.6599818693603433e+77,128.63,True,1,1,1,1,1,3,1.0605467999041047e+79
AIAENG.NS,2025-11-20,2026-01-06,3839.6,3840,3955,3891.7,4071.5,0.31,79.6,51.7,1.347,15939398945367547167976508289468145555751374603339257488155351107059580928,63.3,1.008955029457688e+75,122.43,True,1,1,1,0,1,2,4.2212747492436683e+76
APEX.NS,2025-11-21,2026-01-07,331.75,330,340,334.36,300.1,0.835,80.8,4.36,1.314,10893250027398172828727769636777145837143060273929750361890335112019876773888,-4.36,-4.7490380809951416e+76,-100.0,False,1,1,0,1,1,2,2.3270286596876194e+78
ANURAS.NS,2025-11-21,2026-01-07,1246.8,1245,1285,1263.05,1338.8,0.2945,88.6,18.05,1.447,1310984196098515271463126141580745748052947175819287261469928201672707801088,21.95,2.8779572700729092e+76,121.64,True,1,1,0,1,1,2,1.211769329861305e+78
ASAHIINDIA.NS,2025-11-24,2026-01-08,1052.65,1055,1085,1068.36,976.1,0.3587,74.2,13.36,1.269,5919614371548678133584153731344179488623114607014588541493644620487163117568,-13.36,-7.907069033618393e+76,-100.0,False,1,1,1,1,1,3,3.8744638264730124e+78
ACUTAAS.NS,2025-11-24,2026-01-08,1872.2,1870,1930,1896.89,1736.9,0.4502,57.2,26.89,1.436,141618851239687237783664287171504355335696892424211618941885599868182855680,-26.89,-3.80832462575226e+75,-100.0,False,1,1,1,1,1,3,1.8660790666186074e+77
ABCAPITAL.NS,2025-11-25,2026-01-09,345.45,345,355,349.56,353.85,0.3055,61.8,4.56,1.321,46809618544114244414727156929381946731497704880269400438154791557984681984,4.29,2.0063535862643156e+74,93.92,True,1,1,1,1,1,3,1.0882137918237315e+76
ALKEM.NS,2025-11-26,2026-01-12,5726.83,5725,5900,5800.78,5820.08,0.1407,64.8,75.78,1.323,34856191364914480496136721942547349861491445266498156614671042174269784064,19.3,6.728312894987823e+74,25.47,True,1,1,1,0,1,2,1.327402896640641e+77
ABCAPITAL.NS,2025-11-26,2026-01-12,349.8,350,360,354.5,355.25,0.3066,69.2,4.5,1.287,48335597192960908888979706816421398787609346881518589254636239533169967104,0.75,3.611912689829848e+73,16.6,True,1,1,1,0,1,2,1.0918257045135614e+76
ABCAPITAL.NS,2025-11-27,2026-01-13,351.75,350,360,354.71,350.85,0.3037,63.6,4.71,1.338,46388464733013933568480965134223851639432296647033925321780767654766706688,-3.86,-1.7893466274693113e+74,-81.94,False,1,1,1,0,1,2,1.0739322382388683e+76
ASHOKLEY.NS,2025-11-27,2026-01-13,157.07,155,160,157.44,182.59,0.3537,75.6,2.44,1.555,183350007910263232539269607792033877430741192786003983085433861235614760828928,2.56,4.689909119915994e+77,104.74,True,1,1,1,1,1,3,2.285694728997744e+79
AIAENG.NS,2025-11-28,2026-01-14,3862.6,3865,3980,3916.55,3935.4,0.3491,71.9,51.55,1.335,16376397611959586333475290291093266304763012790207595936668140632119705600,18.85,3.086418427756418e+74,36.56,True,1,1,1,0,1,2,4.2521389335212326e+76
ABCAPITAL.NS,2025-11-28,2026-01-14,358.05,360,370,364.3,358.6,0.26,73.6,4.3,1.201,49946228140790665500873497836975109981929349284555873164025862660588306432,-4.3,-2.1478644764777367e+74,-100.0,False,1,1,1,1,1,3,1.052453593474091e+76
ADANIPORTS.NS,2025-11-28,2026-01-14,1510.53,1510,1555,1529.65,1424.0,0.1429,71.0,19.65,1.301,107986221635488675239801764282832728457341202029196500096861448240745152512,-19.65,-2.122399499016281e+75,-100.0,False,1,1,1,0,1,2,1.0399757545179778e+77
ASAHIINDIA.NS,2025-12-01,2026-01-15,1057.9,1060,1090,1073.39,951.5,0.3665,71.1,13.39,1.265,5788742833805395318793920873486447095491450173284080175968872353105004462080,-13.39,-7.748927652946025e+76,-100.0,False,1,1,1,0,1,2,3.796974549943552e+78
ADANIPORTS.NS,2025-12-01,2026-01-15,1524.08,1525,1570,1544.37,1424.0,0.1428,68.0,19.37,1.271,107375250577985605982026231295926687642981029741919825675512134715503017984,-19.37,-2.0799515090359555e+75,-100.0,False,1,1,1,1,1,3,1.0191762394276182e+77
ASHOKLEY.NS,2025-12-01,2026-01-15,157.61,160,165,162.01,183.76,0.3599,70.6,2.01,1.274,227598267542605031490963135377750783864196358002966976000310272066015694159872,2.99,6.808523919134763e+77,148.94,True,1,1,1,0,1,2,2.3537799681890915e+79
ASIANPAINT.NS,2025-12-02,2026-01-16,2928.99,2930,3015,2968.22,2733.19,0.272,76.9,38.22,1.305,16100006595304839524900382160858363023734884186945000026070722378970710409216,-38.22,-6.153236377717257e+77,-100.0,False,1,1,1,0,1,2,3.015085825081455e+79
ASAHIINDIA.NS,2025-12-02,2026-01-16,1066.4,1065,1100,1080.73,947.3,0.3665,72.0,15.73,1.475,4827230260330761468712570432661288169694227089180276958134815037511153221632,-15.73,-7.593949099887104e+76,-100.0,False,1,1,1,0,1,2,3.721035058944681e+78
ASHOKLEY.NS,2025-12-03,2026-01-19,159.98,160,165,162.24,184.83,0.3562,73.2,2.24,1.399,210370462225618235618923304125607262886178289608947889700978882234220699189248,2.76,5.810963174902728e+77,123.44,True,1,1,1,0,1,2,2.411889599938119e+79
ANURAS.NS,2025-12-03,2026-01-19,1253.9,1255,1290,1270.75,1306.4,0.3716,74.4,15.75,1.256,1538348563077780532372712375145496446251920874279361286283533871718565150720,19.25,2.960681311049622e+76,122.16,True,1,1,1,0,1,2,1.2413761429718012e+78
AIAENG.NS,2025-12-03,2026-01-20,3895.3,3895,4010,3946.86,3740.6,0.3394,62.6,51.86,1.331,16398539447046888627564390623205834951170480974975792872819789093106876416,-51.86,-8.504277867042466e+74,-100.0,False,1,1,1,0,1,2,4.167096154850808e+76
ASIANPAINT.NS,2025-12-04,2026-01-20,2931.76,2930,3020,2970.32,2652.59,0.2273,62.6,40.32,1.375,14957218851451557351549408528546946384401382982130123111687048304219832451072,-40.32,-6.030171650162911e+77,-100.0,False,1,1,1,0,1,2,2.954784108579826e+79
ASIANPAINT.NS,2025-12-05,2026-01-21,2942.97,2945,3030,2982.91,2638.21,0.2274,70.0,37.91,1.288,15586590040877082237579800541899503061695321730028502611658762484795981168640,-37.91,-5.909568217159652e+77,-100.0,False,1,1,1,0,1,2,2.8956884264082296e+79
ABCAPITAL.NS,2025-12-05,2026-01-21,358.75,360,370,364.35,346.25,0.2299,70.1,4.35,1.213,48351656270083467286470769552507161140203753411119520652787182236990439424,-4.35,-2.104907186948182e+74,-100.0,False,1,1,1,0,1,2,1.031404521604609e+76
ANURAS.NS,2025-12-05,2026-01-21,1261.4,1260,1300,1278.02,1221.0,0.3693,73.9,18.02,1.428,1377872747802808633492256641348834882034762740415103340667725561960714993664,-18.02,-2.4827522859436025e+76,-100.0,False,1,1,1,0,1,2,1.2165486201123653e+78
ARVEE.NS,2025-12-08,2026-01-23,228.32,230,235,232.12,151.18,0.856,85.4,2.12,0.928,37161286127176638558133831310914593734741907324909738516655659127521465597952,-2.12,-7.871601195361877e+76,-100.0,False,1,1,0,1,1,2,3.85708458572732e+78
ABCAPITAL.NS,2025-12-09,2026-01-23,364.05,365,375,369.4,347.45,0.2218,76.1,4.4,1.207,46928443781471959757959147904666832644419054060843378560452685464491524096,-4.4,-2.062809043209218e+74,-100.0,False,1,1,1,1,1,3,1.0107764311725168e+76
ANURAS.NS,2025-12-09,2026-01-23,1294.6,1295,1335,1312.89,1230.2,0.3943,71.6,17.89,1.382,1360303753128378862534576156581443198883914519187329413120855511186689490944,-17.89,-2.4330972402247308e+76,-100.0,False,1,1,1,0,1,2,1.192217647710118e+78
ANURAS.NS,2025-12-10,2026-01-27,1297.9,1300,1335,1315.71,1219.1,0.3923,66.9,15.71,1.211,1517362302417059619334841894707738096918521267730958426546261829554580488192,-15.71,-2.3844352954202358e+76,-100.0,False,1,1,1,1,1,3,1.1683732947559157e+78
ASHOKLEY.NS,2025-12-12,2026-01-29,161.11,160,165,162.37,190.81,0.3017,78.0,2.37,1.468,203892786029404140600550151096544511216808466631895800417011579860829677289472,2.63,5.370860101593969e+77,111.34,True,1,1,1,0,1,2,2.4655982009540584e+79
ASHAPURMIN.NS,2025-12-12,2026-01-29,745.45,745,770,756.09,698.45,0.4982,66.7,11.09,1.488,19127074752016726922037442100927181593592757738295103277169422574354662686720,-11.09,-2.1210935998082093e+77,-100.0,False,1,1,1,1,1,3,1.0393358639060225e+79
ANURAS.NS,2025-12-12,2026-01-29,1307.3,1305,1345,1323.12,1217.0,0.4019,71.3,18.12,1.386,1289265991474917245834443325938449428639236597290927092462094843614660132864,-18.12,-2.3367465895118313e+76,-100.0,False,1,1,1,0,1,2,1.1450058288607973e+78
ANURAS.NS,2025-12-15,2026-01-30,1323.2,1325,1365,1342.8,1245.3,0.4019,69.2,17.8,1.345,1286320359358842955931821027723760925204752640273384329981370179862011052032,-17.8,-2.2900116577215945e+76,-100.0,False,1,1,1,0,1,2,1.1221057122835812e+78
ASHAPURMIN.NS,2025-12-15,2026-01-30,755.9,755,780,766.14,654.75,0.4906,65.4,11.14,1.474,18657147429633236333770798195794916701929182736623336934315869833299058753536,-11.14,-2.078671727812045e+77,-100.0,False,1,1,1,0,1,2,1.0185491466279021e+79
ASHOKLEY.NS,2025-12-15,2026-01-30,164.02,165,170,167.14,193.39,0.3045,79.0,2.14,1.303,230671378574495975042595714247785887652838396868119575647692042488584201043968,2.86,6.602372526816682e+77,133.89,True,1,1,1,0,1,2,2.5316219262222254e+79
ASHOKLEY.NS,2025-12-16,2026-02-02,164.94,165,170,167.24,191.14,0.3032,77.7,2.24,1.358,226132503965319362254643401283617174389887620089910659685556814161479739637760,2.76,6.243381345821517e+77,123.31,True,1,1,1,0,1,2,2.5940557396804406e+79
ANURAS.NS,2025-12-17,2026-02-03,1323.6,1325,1365,1342.84,1255.7,0.4031,72.6,17.84,1.348,1258270170560176230027814729006251102189946088873946719147607155820634046464,-17.84,-2.2442114245671626e+76,-100.0,False,1,1,1,0,1,2,1.0996635980379097e+78
ASHOKLEY.NS,2025-12-18,2026-02-04,168.69,170,175,172.12,197.55,0.3145,73.5,2.12,1.256,244938395793787663507452008658663234550628118722370139892641121779863187881984,2.88,7.058808310328502e+77,136.06,True,1,1,1,0,1,2,2.6646438227837256e+79
ARVEE.NS,2025-12-18,2026-02-05,242.32,240,250,244.02,164.59,1.3334,70.1,4.02,1.658,19197314199347505808443945373376499275467212526006827060217265330825530966016,-4.02,-7.71416917145464e+76,-100.0,False,1,1,1,1,1,3,3.779942894012773e+78
ASHAPURMIN.NS,2025-12-18,2026-02-04,770.05,770,795,781.13,730.7,0.433,72.1,11.13,1.446,18295397440598340060145091817750500810093095957437124772444853209396947189760,-11.13,-2.0370982932558045e+77,-100.0,False,1,1,1,1,1,3,9.98178163695344e+78
ASHOKLEY.NS,2025-12-19,2026-02-05,170.65,170,175,172.32,198.12,0.3068,73.4,2.32,1.362,229339519494036134384907820634585662285932762662726402298505537057688911872000,2.68,6.137688329134355e+77,115.17,True,1,1,1,0,1,2,2.7260207060750694e+79
ARVEE.NS,2025-12-19,2026-02-06,290.78,290,300,293.92,162.94,1.4509,76.0,3.92,1.346,19308514206262385351686128692004484470534798577843472935624145994463127273472,-3.92,-7.559885788025547e+76,-100.0,False,1,1,1,1,1,3,3.704344036132518e+78
ANURAS.NS,2025-12-19,2026-02-05,1333.4,1335,1375,1352.83,1306.1,0.3175,71.3,17.83,1.337,1233460195174941233208353035980655283193677640524813332636368591594729766912,-17.83,-2.1993271960758192e+76,-100.0,False,1,1,1,0,1,2,1.0776703260771515e+78
ASHAPURMIN.NS,2025-12-19,2026-02-05,790.9,790,815,801.23,681.45,0.4325,71.4,11.23,1.42,17777225042837809841733165522504588945370770541518685802074502001119134220288,-11.23,-1.996356327390688e+77,-100.0,False,1,1,1,0,1,2,9.782146004214371e+78
ASHOKLEY.NS,2025-12-22,2026-02-06,174.08,175,180,177.17,198.45,0.3068,77.0,2.17,1.244,251690740457269047146238234088305875207056839898758818806191934911289558564864,2.83,7.132495610713314e+77,130.82,True,1,1,1,0,1,2,2.7973456621822026e+79
AIAENG.NS,2025-12-22,2026-02-09,3919.9,3920,4035,3971.84,4070.4,0.3583,52.7,51.84,1.322,16078151207549375512550350411760531596092805903252958042663248895984795648,63.16,1.0155681578980166e+75,121.86,True,1,1,0,1,1,2,4.2686529706406094e+76
ASIANTILES.NS,2025-12-22,2026-02-06,73.76,75,80,76.77,74.69,0.3889,73.1,1.77,2.399,244434405081273950265375198669064809063612412718093059495123470778276866162688,-1.77,-4.325506116433715e+77,-100.0,False,1,1,1,1,1,3,2.1194979970525204e+79
ANURAS.NS,2025-12-22,2026-02-06,1341.8,1340,1380,1358.19,1315.3,0.2584,79.0,18.19,1.355,1185146708160022325222215665564776884123987949341933517521561781154028191744,-18.19,-2.155340652154303e+76,-100.0,False,1,1,1,0,1,2,1.0561169195556084e+78
ASHAPURMIN.NS,2025-12-22,2026-02-06,856.35,855,880,866.33,607.6,0.4394,81.7,11.33,1.323,17272028777279081658422303487880709488159633213488728528963751229950108106752,-11.33,-1.9564292008428742e+77,-100.0,False,1,1,0,1,1,2,9.586503084130083e+78
ASHOKLEY.NS,2025-12-23,2026-02-09,174.98,175,180,177.26,202.35,0.3073,75.6,2.26,1.291,247639661692993648579326308792220824207497567463939250593204413579821213286400,2.74,6.787291760285277e+77,121.32,True,1,1,1,0,1,2,2.8652185797850555e+79
AIAENG.NS,2025-12-24,2026-02-11,3941.9,3940,4060,3994.09,4026.2,0.345,54.4,54.09,1.372,15783347255565563986384970590919947040869303027574051708032759169405681664,32.11,5.067931686303771e+74,59.36,True,1,1,0,1,1,2,4.319332287503647e+76
ASHAPURMIN.NS,2025-12-24,2026-02-10,877.55,880,905,891.08,633.6,0.4353,90.0,11.08,1.262,17308407790302653979409980984816094837578410794597448121239270845650852380672,-11.08,-1.9173006168260167e+77,-100.0,False,1,1,0,1,1,2,9.394773022447482e+78
ASIANTILES.NS,2025-12-24,2026-02-10,77.88,80,85,81.71,72.92,0.4356,78.7,1.71,2.201,247297012322634718905071345101521851163547359203534734569054336457673002713088,-1.71,-4.23899599410504e+77,-100.0,False,1,1,1,1,1,3,2.07710803711147e+79
ASHAPURMIN.NS,2025-12-26,2026-02-11,894.95,895,920,906.27,625.95,0.43,91.6,11.27,1.26,16669213748446262221173988393401797426743076012362915990438909269260430737408,-11.27,-1.8789546044894964e+77,-100.0,False,1,1,0,1,1,2,9.206877561998532e+78
AIAENG.NS,2025-12-30,2026-02-16,3949.7,3950,4070,4003.88,3867.1,0.3622,57.4,53.88,1.364,16034317278993743610687228534336109186444808693745595627356602257010327552,-53.88,-8.638664575007293e+74,-100.0,False,1,1,1,1,1,3,4.2329456417535737e+76
ASHOKLEY.NS,2025-12-30,2026-02-13,175.63,175,180,177.34,201.2,0.2172,79.8,2.34,1.332,244884569625785182474526638212539929001120892120185293862829314158322325127168,2.66,6.513791321719148e+77,113.67,True,1,1,1,1,1,3,2.930356493002247e+79
AIAENG.NS,2025-12-31,2026-02-17,4017.5,4020,4140,4073.77,3945.0,0.3665,66.7,53.77,1.338,15745865486432338844843696689336747113606273393642933053462000706303033344,-53.77,-8.465891283507149e+74,-100.0,False,1,1,1,1,1,3,4.148286728918502e+76
ADANIENSOL.NS,2025-12-31,2026-02-16,1027.35,1025,1060,1040.67,1003.45,0.2241,62.2,15.67,1.526,225530040159722556423444112538132802010480592293751742974874083229907812352,-15.67,-3.53500389125586e+75,-100.0,False,1,1,1,0,1,2,1.7321519067153712e+77
AIAENG.NS,2026-01-01,2026-02-18,4030.1,4030,4150,4084.02,4021.5,0.3654,70.9,54.02,1.34,15359114064406231467597410119288442351317834197412671379815270969245696000,-54.02,-8.296573457837004e+74,-100.0,False,1,1,1,0,1,2,4.0653209943401324e+76
ADANIENSOL.NS,2026-01-01,2026-02-17,1046.4,1045,1080,1060.57,1030.2,0.2274,62.6,15.57,1.488,222438127406275809988089609525900094932391435628127161580369767594368958464,-15.57,-3.4643038134307425e+75,-100.0,False,1,1,1,1,1,3,1.6975088685810638e+77
ASHOKLEY.NS,2026-01-01,2026-02-17,181.78,180,185,182.5,204.2,0.2311,85.8,2.5,1.375,234493663689273139178917896068245222179288974163605551088720012144776493137920,2.5,5.863970198459162e+77,100.06,True,1,1,0,1,1,2,2.988996194986839e+79
APLAPOLLO.NS,2026-01-01,2026-02-17,1970.0,1970,2030,1996.49,2224.5,0.1901,92.8,26.49,1.345,1520435675167486122995023681068926471739175681291291488187900695256758222848,33.51,5.094380657505952e+76,126.47,True,1,1,0,1,1,2,2.0650605033245415e+78
3MINDIA.NS,2026-01-02,2026-02-19,35653.65,35655,36725,36132.78,36368.3,0.2276,57.5,477.78,1.34,884731941798740239004687262651826552199538075121026521212994704558260224,235.52,2.0836885113442103e+74,49.29,True,1,1,1,1,1,3,2.134392555850692e+76
AETHER.NS,2026-01-02,2026-02-18,944.1,945,970,956.27,991.6,0.4196,66.4,11.27,1.194,109582553104360217493244985061473420784027895427425782816808367345616551936,13.73,1.5046844973858952e+75,121.85,True,1,1,1,1,1,3,6.324865100854141e+76
AIAENG.NS,2026-01-02,2026-02-19,4089.7,4090,4210,4144.06,3960.2,0.3637,69.2,54.06,1.322,15039360543768618413956371921626863213915888115781545623632719602476122112,-54.06,-8.130641988680265e+74,-100.0,False,1,1,1,0,1,2,3.98401457445333e+76
ADANIENSOL.NS,2026-01-02,2026-02-18,1057.9,1060,1090,1073.24,1035.7,0.2287,62.6,13.24,1.251,256498113564940699020793188559665638315045782199222891468581554208517390336,-13.24,-3.395017737162128e+75,-100.0,False,1,1,1,0,1,2,1.6635586912094426e+77
ASHOKLEY.NS,2026-01-02,2026-02-18,185.61,185,190,187.35,204.85,0.2213,85.9,2.35,1.267,254251358863151437959243131371046778271595301621574806340588382731371250974720,2.65,6.734575553183894e+77,112.66,True,1,1,0,1,1,2,3.056341950518678e+79
3MINDIA.NS,2026-01-05,2026-02-20,35865.58,35865,36940,36344.26,35629.01,0.215,58.6,479.26,1.336,890695587818518465727028679628870387090076736567749126209513030179356672,-479.26,-4.2687851117013836e+74,-100.0,False,1,1,1,0,1,2,2.0917047047336782e+76
AETHER.NS,2026-01-05,2026-02-19,946.7,945,975,958.54,960.1,0.4099,64.6,13.54,1.431,93391229676923341665730391861138361729069537916397581369143848446627676160,1.56,1.4523226789139586e+74,11.48,True,1,1,1,1,1,3,6.33938832764328e+76
AETHER.NS,2026-01-06,2026-02-20,997.75,1000,1030,1013.28,966.2,0.4084,75.2,13.28,1.331,95444014718264602952834827833599665858819760450677751015150780404021067776,-13.28,-1.2678776655286562e+75,-100.0,False,1,1,1,1,1,3,6.212600561090415e+76
ANURAS.NS,2026-01-06,2026-02-20,1354.8,1355,1395,1372.78,1285.0,0.1992,66.7,17.78,1.312,1187998792455294448376454001048160182365332981487497635248998847509142962176,-17.78,-2.112233839111217e+76,-100.0,False,1,1,1,0,1,2,1.0349945811644964e+78
AETHER.NS,2026-01-07,2026-02-23,997.8,1000,1030,1013.29,968.3,0.3938,75.7,13.29,1.332,93486205284969160350734140437389537116643977110636929241795851180507660288,-13.29,-1.2425201122180829e+75,-100.0,False,1,1,1,1,1,3,6.088348549868606e+76
AGIIL.NS,2026-01-07,2026-02-23,296.25,295,305,299.48,275.45,0.5553,65.2,4.48,1.514,277473489278918323834147341402685545301742988975195872524172555099255603200,-4.48,-1.2442694903855878e+75,-100.0,False,1,1,1,1,1,3,6.09692050288938e+76
ALKEM.NS,2026-01-07,2026-02-24,5760.07,5760,5935,5837.29,5495.5,0.1888,60.2,77.29,1.342,34348965692430743426485613846200937807186569905850095599478058897205362688,-77.29,-2.6548057932812823e+75,-100.0,False,1,1,1,1,1,3,1.3008548387078282e+77
ATALREAL.NS,2026-01-07,2026-02-24,26.09,25,30,26.45,24.65,0.1719,74.7,1.45,5.568,337971472760635170296869108363974613982296212470191824307638661290076024078336,-1.45,-4.910039856744231e+77,-100.0,False,1,1,1,0,1,2,2.4059195298046734e+79
ALKEM.NS,2026-01-12,2026-02-27,5820.08,5820,5995,5897.37,5639.5,0.1857,66.3,77.37,1.329,33626758354218973425497337960108327849008264956113612494755277087132614656,-77.37,-2.601709677415657e+75,-100.0,False,1,1,1,1,1,3,1.2748377419336717e+77
AIIL.NS,2026-01-13,2026-02-27,667.9,670,690,678.79,481.85,0.4912,73.1,8.79,1.316,140413101238894235410013171137237965702326298719407501965231772551182548992,-8.79,-1.2339961572393896e+75,-100.0,False,1,1,1,1,1,3,6.046581170473009e+76
ATALREAL.NS,2026-01-14,2026-03-04,26.89,25,30,27.16,23.77,0.2734,64.3,2.16,8.043,222478904003429740704932896863832253371231053320687730145185134146153412034560,-2.16,-4.811839059609346e+77,-100.0,False,1,1,1,1,1,3,2.35780113920858e+79
ATALREAL.NS,2026-01-16,2026-03-05,27.32,25,30,27.44,23.26,0.2769,69.1,2.44,8.944,192974900965499086359805737329586931938063143893971464753803654898911448924160,-2.44,-4.71560227841716e+77,-100.0,False,1,1,1,1,1,3,2.3106451164244083e+79
ATALREAL.NS,2026-01-22,2026-03-11,27.52,30,35,30.4,23.42,0.3057,63.3,0.4,1.451,1157393756079055610689319795501205651293765014251798375029685546067382314729472,-0.4,-4.621290232848816e+77,-100.0,False,1,1,1,0,1,2,2.26443221409592e+79
APLAPOLLO.NS,2026-01-22,2026-03-11,1976.0,1975,2035,2002.03,2016.3,0.2739,56.8,27.03,1.368,1528185259082915061460316692403893450896749753582470739961177218604280578048,14.27,2.1812915752054415e+76,52.81,True,1,1,1,1,1,3,2.086873419076596e+78
APLAPOLLO.NS,2026-01-27,2026-03-13,2060.6,2060,2120,2087.14,1933.2,0.2886,65.8,27.14,1.317,1537985073589087287109259075124743090971729453335573340899010105668452483072,-27.14,-4.173746838153192e+76,-100.0,False,1,1,1,1,1,3,2.045135950695064e+78
ASHOKLEY.NS,2026-01-27,2026-03-13,189.76,190,195,192.26,167.79,0.2973,60.1,2.26,1.19,270620021683748441252604245500282617778089887429147487937652067861222391808000,-2.26,-6.112683901037355e+77,-100.0,False,1,1,1,0,1,2,2.9952151115083043e+79
APLAPOLLO.NS,2026-01-28,2026-03-16,2091.0,2090,2155,2119.21,1893.7,0.2895,68.3,29.21,1.397,1400506356413665215138732386476692500923173122302980819167241772900588453888,-29.21,-4.090271901390128e+76,-100.0,False,1,1,1,0,1,2,2.0042332316811627e+78
ASHOKLEY.NS,2026-01-28,2026-03-16,192.05,190,200,194.49,169.87,0.2926,62.7,4.49,2.337,133439735469390839227572806942080325142884476609154819529996422602997102542848,-4.49,-5.990430223016609e+77,-100.0,False,1,1,1,0,1,2,2.9353108092781382e+79
ACUTAAS.NS,2026-01-29,2026-03-17,1934.1,1935,1990,1959.74,2302.6,0.4105,68.5,24.74,1.279,150882826889206711949697538964970841021876567540521090039285253033728933888,30.26,4.566397345669155e+75,122.35,True,1,1,1,1,1,3,1.9117430400752988e+77
AETHER.NS,2026-01-30,2026-03-18,1002.0,1000,1030,1013.71,1068.55,0.3117,57.3,13.71,1.368,88810258949876244132510937714575542331945474499924315839208021001368502272,16.29,1.4466380585225662e+75,118.8,True,1,1,1,0,1,2,6.233012355720862e+76
ASHOKLEY.NS,2026-01-30,2026-03-18,193.39,195,200,197.12,175.62,0.2797,62.7,2.12,1.098,276370683680698628895657628115317897388336876653781402399239675900776727707648,-2.12,-5.870621618556277e+77,-100.0,False,1,1,1,0,1,2,2.8766045930925755e+79
ACUTAAS.NS,2026-02-03,2026-03-20,1969.7,1970,2030,1996.87,2399.8,0.4097,76.3,26.87,1.364,142273893958381625844214636635922516619752998142867058829043602851819945984,33.13,4.7129475573523e+75,123.26,True,1,1,1,1,1,3,1.958872515648822e+77
ASHOKLEY.NS,2026-02-03,2026-03-20,196.52,195,200,197.44,166.06,0.2899,67.3,2.44,1.241,235902415736415250807897807857324596281560968718053680130537483543823381430272,-2.44,-5.753209186185152e+77,-100.0,False,1,1,1,0,1,2,2.819072501230724e+79
APARINDS.NS,2026-02-03,2026-03-20,9759.0,9760,10050,9886.0,9673.0,0.7406,77.4,126.0,1.291,421781257929672553575039371293755035826408449618840972453294687966529060864,-126.0,-5.314508168473291e+76,-100.0,False,1,1,1,1,1,3,2.6041090025519123e+78
APEX.NS,2026-02-03,2026-03-20,352.3,350,365,356.34,376.25,0.945,74.2,6.34,1.801,7335151647039335235189388669414851201925732629451415780914332675617230684160,8.66,6.348670151183764e+76,136.41,True,1,1,1,1,1,3,2.390515361199457e+78
APLAPOLLO.NS,2026-02-03,2026-03-20,2137.5,2140,2200,2166.92,1973.1,0.2845,76.0,26.92,1.259,1489257919602355797452401149607273139059109497618142275361860652670298095616,-26.92,-4.008466463362325e+76,-100.0,False,1,1,1,1,1,3,1.9641485670475393e+78
ADANIPORTS.NS,2026-02-03,2026-03-20,1524.38,1525,1570,1545.06,1359.67,0.4971,60.8,20.06,1.316,101612854752642834812942293006044818314143655422252398831623646649648152576,-20.06,-2.0383524788552363e+75,-100.0,False,1,1,1,1,1,3,9.987927146390659e+76
APEX.NS,2026-02-04,2026-03-23,376.2,375,385,379.27,353.85,0.9656,77.5,4.27,1.135,11198206511834252938384241845146317300615806321202713979461595173609032122368,-4.27,-4.781030722398914e+76,-100.0,False,1,1,1,1,1,3,2.342705053975468e+78
APLAPOLLO.NS,2026-02-04,2026-03-23,2174.2,2175,2240,2204.13,1893.9,0.2833,76.4,29.13,1.34,1348494131636235168671757739715789082239716016227155770899816744198158155776,-29.13,-3.9282971340950786e+76,-100.0,False,1,1,1,0,1,2,1.9248655957065885e+78
ADANIPORTS.NS,2026-02-04,2026-03-23,1561.32,1560,1610,1582.28,1298.13,0.5002,63.6,22.28,1.427,89639730081611979033164688817526613542660256240603877255268574358971351040,-22.28,-1.9975854292781316e+75,-100.0,False,1,1,1,1,1,3,9.788168603462845e+76
ASHOKLEY.NS,2026-02-04,2026-03-23,197.55,200,205,202.06,159.26,0.2866,67.2,2.06,1.041,274189889564662543960944883763990076804064887649844999042254609471024790503424,-2.06,-5.638145002461448e+77,-100.0,False,1,1,1,0,1,2,2.7626910512061095e+79
ACUTAAS.NS,2026-02-04,2026-03-23,1988.7,1990,2050,2016.82,2268.2,0.4075,76.0,26.82,1.349,146080624005559518982871738731876472049625607666088191012588098981514444800,33.18,4.847092409035927e+75,123.72,True,1,1,1,0,1,2,2.0073434397391812e+77
APLAPOLLO.NS,2026-02-05,2026-03-24,2182.1,2180,2250,2211.44,1974.4,0.2828,76.8,31.44,1.441,1224499185053091575655931901460945789718666303847299511802175874039545856000,-31.44,-3.849731191413177e+76,-100.0,False,1,1,1,0,1,2,1.8863682837924567e+78
ADANIPORTS.NS,2026-02-05,2026-03-24,1563.61,1565,1610,1585.05,1338.56,0.4992,63.7,20.05,1.282,97660601966043584345075727109909134364569401397899999927791398184508456960,-20.05,-1.957633720692569e+75,-100.0,False,1,1,1,0,1,2,9.592405231393588e+76
ASHOKLEY.NS,2026-02-05,2026-03-24,198.12,200,205,202.11,164.33,0.2863,67.6,2.11,1.066,261682478657817311284565739784151696395174383762362580091966653581214695292928,-2.11,-5.525382102412219e+77,-100.0,False,1,1,1,0,1,2,2.707437230181987e+79
ATALREAL.NS,2026-02-05,2026-03-24,27.62,30,35,30.56,21.88,0.3591,56.2,0.56,2.04,803727363964431502667074514128976169414812999575835472305082706152550425427968,-0.56,-4.5288644281918404e+77,-100.0,False,1,1,1,0,1,2,2.2191435698140018e+79
ASHOKLEY.NS,2026-02-06,2026-03-25,198.45,200,205,202.14,168.08,0.2826,72.5,2.14,1.079,252763417388758256658587519918495255006528592369227339498257659896392077803520,-2.14,-5.414874460363975e+77,-100.0,False,1,1,1,0,1,2,2.6532884855783474e+79
APLAPOLLO.NS,2026-02-06,2026-03-25,2198.0,2200,2265,2228.99,1998.6,0.268,77.3,28.99,1.319,1301181129898039082139306221821851185628569051465381315114500010161588928512,-28.99,-3.7727365675849134e+76,-100.0,False,1,1,1,1,1,3,1.8486409181166075e+78
3MINDIA.NS,2026-02-09,2026-03-27,35964.16,35965,37045,36450.34,30424.38,0.2893,63.5,485.34,1.35,861948861650083142529994984421652637699518288659056154163606568524840960,-485.34,-4.1834094094673564e+74,-100.0,False,1,1,1,1,1,3,2.0498706106390047e+76
APEX.NS,2026-02-09,2026-03-27,380.95,380,390,384.28,377.55,0.9356,70.2,4.28,1.124,10939490424659694844008400487663816293851678456614582348747203341539260497920,-4.28,-4.685410107950936e+76,-100.0,False,1,1,1,0,1,2,2.2958509528959584e+78
ACUTAAS.NS,2026-02-09,2026-03-27,2002.7,2005,2065,2031.78,2545.0,0.3772,79.7,26.78,1.337,149931234829209214752656828785415157948423933128449733881309148524199280640,33.22,4.981187210274191e+75,124.07,True,1,1,1,0,1,2,2.0571553118419232e+77
ASHOKLEY.NS,2026-02-09,2026-03-27,202.35,200,210,204.57,160.35,0.2839,72.7,4.57,2.26,116054732715866239604430089717093517858112399694864613714576152785625114738688,-4.57,-5.306576971156695e+77,-100.0,False,1,1,1,0,1,2,2.6002227158667805e+79
ACUTAAS.NS,2026-02-10,2026-03-30,2050.0,2050,2110,2077.04,2558.6,0.377,89.9,27.04,1.319,152167882138734691949648780301125076246754151113540543079919213411995484160,32.96,5.0157623046402346e+75,121.91,True,1,1,0,1,1,2,2.1073129348883255e+77
AIAENG.NS,2026-02-10,2026-03-30,4108.4,4110,4230,4163.99,3636.6,0.3223,70.5,53.99,1.314,14757429395358115576730138786365389938382792974531167379404115127811702784,-53.99,-7.96802914890666e+74,-100.0,False,1,1,1,0,1,2,3.904334282964263e+76
3MINDIA.NS,2026-02-10,2026-03-30,37097.74,37100,38210,37598.99,29690.02,0.2936,77.8,498.99,1.345,821607697433733628536669261374427969878919160555184561687477966226849792,-498.99,-4.0997412212780097e+74,-100.0,False,1,1,1,1,1,3,2.0088731984262245e+76
ANURAS.NS,2026-02-11,2026-04-01,1362.8,1365,1405,1382.81,1276.4,0.3082,79.8,17.81,1.307,1162323185298990754503735216591633059645646788303106087939409901465731334144,-17.81,-2.0699891623289926e+76,-100.0,False,1,1,1,0,1,2,1.0142946895412064e+78
ASTRAL.NS,2026-02-11,2026-04-01,1592.1,1590,1640,1612.58,1570.3,0.3639,81.5,22.58,1.418,11628876495890569134169476299952426337670921497832003190835322272693469839360,-22.58,-2.626029700993696e+77,-100.0,False,1,1,0,1,1,2,1.286754553486911e+79
ALKEM.NS,2026-02-11,2026-04-01,5842.9,5845,6020,5922.49,5244.5,0.2042,64.4,77.49,1.326,32904216766817643809744470019572953887344573351705436554128122365712793600,-77.49,-2.549675483867344e+75,-100.0,False,1,1,1,0,1,2,1.2493409870949984e+77
ASHOKLEY.NS,2026-02-12,2026-04-02,207.48,205,215,209.61,145.95,0.2998,80.0,4.61,2.22,112897745066651103945311547522682258476118284829597587947508672460859916681216,-4.61,-5.200445431733561e+77,-100.0,False,1,1,1,1,1,3,2.548218261549445e+79
APEX.NS,2026-02-12,2026-04-02,443.6,445,455,449.14,376.55,1.0932,78.8,4.14,0.934,11086491020526371463115818990961860118355177228908112832636683137433282281472,-4.14,-4.591701905791917e+76,-100.0,False,1,1,1,1,1,3,2.249933933838039e+78
ANURAS.NS,2026-02-12,2026-04-02,1368.2,1370,1410,1387.86,1265.4,0.3043,78.6,17.86,1.305,1136067464566627629722315043481836153385737354007478466249241123378767593472,-17.86,-2.0285893790824128e+76,-100.0,False,1,1,1,1,1,3,9.940087957503822e+77
ASTRAL.NS,2026-02-16,2026-04-07,1639.8,1640,1690,1662.43,1544.5,0.3697,86.8,22.43,1.368,11473697541916073061168501678038410606597658833450560183158236033871805153280,-22.43,-2.573509106973822e+77,-100.0,False,1,1,0,1,1,2,1.2610194624171728e+79
AJANTPHARM.NS,2026-02-17,2026-04-08,2957.8,2960,3045,2997.65,2709.0,0.1962,76.8,37.65,1.273,34216973523591473401036807049909850180724114829556011971435029360757702656,-37.65,-1.2883389031378068e+75,-100.0,False,1,1,1,0,1,2,6.312860625375253e+76
AEROFLEX.NS,2026-02-18,2026-04-09,226.5,225,235,229.38,274.2,0.6709,75.3,4.38,1.932,279939249740131163682848686693417768466686616165605631645332252856774819840,5.62,1.5744851543352008e+75,128.54,True,1,1,1,1,1,3,6.281985230764074e+76
APARINDS.NS,2026-02-18,2026-04-09,10182.0,10180,10485,10313.26,10767.0,0.701,85.7,133.26,1.309,390835310297715028199511470242340848540092613910916583869635975679378980864,171.74,6.712258958976483e+76,128.88,True,1,1,0,1,1,2,2.671231592141677e+78
ACUTAAS.NS,2026-02-18,2026-04-09,2143.2,2145,2205,2171.99,2322.1,0.3839,73.1,26.99,1.26,156131873987265068583730020608053493909925429730808220649989322765838057472,33.01,5.153286569459253e+75,122.27,True,1,1,1,0,1,2,2.1588458005829181e+77
ABSLAMC.NS,2026-02-18,2026-04-09,906.85,905,935,918.51,967.75,0.2494,87.7,13.51,1.49,227020924825452987673644944905893701486576018509629063195804801448833712128,16.49,3.743122423276346e+75,122.02,True,1,1,0,1,1,2,1.571183884976385e+77
AEROFLEX.NS,2026-02-19,2026-04-10,228.14,230,235,232.16,288.72,0.6363,78.1,2.16,0.949,580569736737093592834841980650827186503990137188722143512557553306254180352,2.84,1.6464516375326533e+75,131.05,True,1,1,1,0,1,2,6.446630394517339e+76
APARINDS.NS,2026-02-20,2026-04-13,10519.0,10520,10835,10657.41,11115.0,0.7056,82.8,137.41,1.306,388803323792092316039222110833928737985530776588934717036958300076664422400,177.59,6.904841515167554e+76,129.24,True,1,1,0,1,1,2,2.7402800072933524e+78
ABSLAMC.NS,2026-02-20,2026-04-13,917.9,920,945,931.11,1010.2,0.2532,86.4,11.11,1.21,282891411177812243902345380709657283187146656497444745148995472284385804288,13.89,3.929917509492536e+75,125.06,True,1,1,0,1,1,2,1.6104830600713105e+77
AJANTPHARM.NS,2026-02-23,2026-04-15,2978.4,2980,3070,3019.62,2883.2,0.1977,66.1,39.62,1.33,31863690633520649155468834360930124992640683053923364454979420443794997248,-39.62,-1.2625721250750505e+75,-100.0,False,1,1,1,1,1,3,6.186603412867747e+76
APARINDS.NS,2026-02-23,2026-04-15,10690.0,10690,11010,10829.97,11207.0,0.6862,71.5,139.97,1.309,391552094580599771495150112529520738823410129248178025541255028748100567040,180.03,7.049107011992488e+76,128.62,True,1,1,1,0,1,2,2.8107710774132774e+78
ACUTAAS.NS,2026-02-23,2026-04-15,2146.8,2145,2210,2174.34,2291.7,0.3875,69.3,29.34,1.367,147159673946430204489920176033581510729319787532817862541753527178346102784,35.66,5.247687205352127e+75,121.54,True,1,1,1,0,1,2,2.2113226726364394e+77
ACUTAAS.NS,2026-02-24,2026-04-16,2152.3,2150,2215,2179.42,2340.4,0.371,68.3,29.42,1.367,150352700839582257107044762661955149496730486213247138495618445915000406016,35.58,5.3502802092999676e+75,120.97,True,1,1,1,0,1,2,2.264825474729439e+77
ASTRAL.NS,2026-02-24,2026-04-16,1664.0,1665,1715,1687.27,1578.7,0.2502,79.2,22.27,1.338,11324197528831520689192329096140312600542546210020376578713706948314313785344,-22.27,-2.5220389248343457e+77,-100.0,False,1,1,1,0,1,2,1.2357990731688295e+79
ACUTAAS.NS,2026-02-25,2026-04-17,2165.9,2165,2230,2194.32,2361.7,0.2839,70.5,29.32,1.353,154515683342276543581446900613051242431389256073980113618307601065874292736,35.68,5.513868467789097e+75,121.73,True,1,1,1,0,1,2,2.31996415940733e+77
ASHOKLEY.NS,2026-02-25,2026-04-17,208.06,210,215,212.1,171.85,0.2519,62.5,2.1,1.011,242288868789893679367270950052897468643482095759149282818025276174382181384192,-2.1,-5.09643652309889e+77,-100.0,False,1,1,1,0,1,2,2.497253896318456e+79
AJANTPHARM.NS,2026-02-25,2026-04-17,3021.3,3020,3110,3060.36,2790.2,0.2156,79.7,40.36,1.336,30656540206003375685891252225048828184361508355929410887793251891583909888,-40.36,-1.2373206825735496e+75,-100.0,False,1,1,1,1,1,3,6.062871344610392e+76
AGIIL.NS,2026-02-25,2026-04-17,307.35,305,315,309.55,374.45,0.5825,76.4,4.55,1.479,268213358670303241477292602297846605184169231916777190659445644738626060288,5.45,1.4627494861251564e+75,119.96,True,1,1,1,0,1,2,6.243195451501896e+76
ASHOKLEY.NS,2026-02-26,2026-04-20,208.37,210,215,212.13,173.01,0.2491,62.5,2.13,1.024,234083928271777348296722334196548190401997977951469634513457233405992876638208,-2.13,-4.994507792636912e+77,-100.0,False,1,1,1,0,1,2,2.447308818392087e+79
AEROFLEX.NS,2026-02-26,2026-04-20,229.1,230,235,232.21,300.6,0.5856,75.2,2.21,0.966,582566863305459751614807707493415565917972581586137118050136508436857225216,2.79,1.623508237623831e+75,125.92,True,1,1,1,0,1,2,6.608981218279722e+76
ACUTAAS.NS,2026-02-26,2026-04-20,2185.1,2185,2250,2214.21,2410.7,0.2607,71.3,29.21,1.337,158852522016653000096184628857947914808815242762894663795742972692899299328,35.79,5.6854856122677844e+75,122.53,True,1,1,1,0,1,2,2.376819015530008e+77
