Ticker,Entry_Date,Exit_Date,S_entry,K1_Long,K2_Short,Breakeven,S_expiry,Move_%,HV,RSI,Debit/unit,Debit_%S,Max_Profit,Units,PnL_Total,Return_%,Win,M1_Breakout,M2_Regime,F1_RSI,F2_Volume,F3_Trend,FlexScore
APARINDS.NS,2022-07-29,2022-09-16,1084.54,1085,1115,1098.32,1241.67,14.49,0.5799,65.9,13.32,1.228,2501.81,150,2501.81,125.2,True,1,1,1,1,1,3
APARINDS.NS,2022-08-01,2022-09-19,1184.74,1185,1220,1200.41,1245.33,5.11,0.6272,72.7,15.41,1.301,2526.7,129,2526.7,127.08,True,1,1,1,1,1,3
MARUTI.NS,2022-08-01,2022-09-19,8684.22,8685,8945,8801.14,9010.77,3.76,0.2311,71.8,116.14,1.337,2445.54,17,2445.54,123.86,True,1,1,1,1,1,3
MARUTI.NS,2022-08-02,2022-09-20,8847.85,8850,9115,8968.17,9030.19,2.06,0.2306,74.6,118.17,1.336,2349.27,16,992.26,52.48,True,1,1,1,0,1,2
ICICIBANK.NS,2022-08-10,2022-09-27,828.24,830,855,840.55,831.95,0.45,0.1576,85.3,10.55,1.273,2731.49,189,-1624.42,-81.49,False,1,1,0,1,1,2
APLAPOLLO.NS,2022-08-11,2022-09-28,1076.33,1075,1110,1090.73,1013.25,-5.86,0.3852,75.0,15.73,1.461,2447.34,127,-1997.66,-100.0,False,1,1,1,1,1,3
ICICIBANK.NS,2022-08-11,2022-09-28,838.93,840,865,850.66,828.98,-1.19,0.1493,86.4,10.66,1.271,2680.87,187,-1994.13,-100.0,False,1,1,0,1,1,2
ABB.NS,2022-08-16,2022-09-30,2840.93,2840,2925,2878.35,3027.58,6.57,0.3232,77.2,38.35,1.35,2425.75,52,2425.75,121.64,True,1,1,1,1,1,3
APOLLOTYRE.NS,2022-08-16,2022-09-30,239.06,240,245,242.26,266.34,11.41,0.2639,84.3,2.26,0.943,2431.73,886,2431.73,121.69,True,1,1,0,1,1,2
APOLLOTYRE.NS,2022-08-17,2022-10-03,248.47,250,255,252.22,252.24,1.52,0.2835,93.8,2.22,0.894,2497.02,899,19.53,0.98,True,1,1,0,1,1,2
APOLLOTYRE.NS,2022-08-18,2022-10-04,254.68,255,260,257.32,260.32,2.21,0.2862,94.1,2.32,0.912,2305.43,861,2305.43,115.3,True,1,1,0,1,1,2
APARINDS.NS,2022-08-23,2022-10-10,1305.97,1305,1345,1322.57,1372.86,5.12,0.6655,64.5,17.57,1.345,2535.08,113,2535.08,127.72,True,1,1,1,1,1,3
APARINDS.NS,2022-08-24,2022-10-11,1373.64,1375,1415,1392.59,1362.65,-0.8,0.6187,69.6,17.59,1.281,2532.06,113,-1987.94,-100.0,False,1,1,1,0,1,2
ABB.NS,2022-08-24,2022-10-11,3000.18,3000,3090,3040.49,3134.09,4.46,0.2975,77.6,40.49,1.35,2425.87,49,2425.87,122.26,True,1,1,1,1,1,3
ABB.NS,2022-08-25,2022-10-12,3082.48,3080,3175,3122.87,3183.55,3.28,0.3033,93.7,42.87,1.391,2398.17,46,2398.17,121.62,True,1,1,0,1,1,2
ICICIBANK.NS,2022-08-30,2022-10-17,865.86,865,890,876.35,863.81,-0.24,0.2197,66.7,11.35,1.31,2403.02,176,-1996.98,-100.0,False,1,1,1,0,1,2
ANANTRAJ.NS,2022-08-30,2022-10-17,86.71,85,90,87.23,107.49,23.97,0.7025,73.0,2.23,2.571,2482.19,896,2482.19,124.25,True,1,1,1,1,1,3
ABB.NS,2022-09-01,2022-10-18,3336.67,3335,3435,3380.17,3148.35,-5.64,0.3254,95.5,45.17,1.354,2412.57,44,-1987.43,-100.0,False,1,1,0,1,1,2
ANANTRAJ.NS,2022-09-02,2022-10-19,93.17,95,100,96.95,100.28,7.63,0.7487,78.6,1.95,2.089,3135.68,1027,3135.68,156.84,True,1,1,1,1,1,3
ANANTRAJ.NS,2022-09-05,2022-10-20,94.86,95,100,97.08,107.94,13.78,0.7458,82.3,2.08,2.191,2810.48,962,2810.48,140.56,True,1,1,0,1,1,2
APOLLOTYRE.NS,2022-09-06,2022-10-21,260.37,260,270,264.41,269.25,3.41,0.4264,64.6,4.41,1.695,2530.36,453,2192.77,109.66,True,1,1,1,1,1,3
APOLLOTYRE.NS,2022-09-07,2022-10-24,262.57,265,270,267.19,268.82,2.38,0.4214,60.7,2.19,0.835,2556.99,911,1486.3,74.39,True,1,1,1,0,1,2
ABFRL.NS,2022-09-07,2022-10-24,322.0,320,330,324.71,336.05,4.36,0.2982,70.8,4.71,1.462,2243.87,424,2243.87,112.41,True,1,1,1,0,1,2
APOLLOTYRE.NS,2022-09-08,2022-10-25,265.48,265,275,269.43,274.7,3.47,0.4183,58.6,4.43,1.671,2504.27,450,2370.14,118.76,True,1,1,1,0,1,2
ABFRL.NS,2022-09-08,2022-10-25,322.45,320,330,324.76,338.45,4.96,0.2948,75.4,4.76,1.477,2194.37,419,2194.37,109.96,True,1,1,1,0,1,2
ICICIBANK.NS,2022-09-09,2022-10-27,879.48,880,905,891.2,902.07,2.57,0.2316,60.5,11.2,1.273,2456.88,178,1934.81,97.07,True,1,1,1,0,1,2
APOLLOTYRE.NS,2022-09-12,2022-10-28,271.4,270,280,274.53,276.37,1.83,0.4354,77.0,4.53,1.668,2413.3,441,814.4,40.79,True,1,1,1,0,1,2
ICICIBANK.NS,2022-09-12,2022-10-28,885.28,885,910,896.31,885.92,0.07,0.2291,70.4,11.31,1.278,2408.78,176,-1829.86,-91.9,False,1,1,1,0,1,2
ABFRL.NS,2022-09-13,2022-10-31,330.0,330,340,334.48,353.9,7.24,0.2526,87.7,4.48,1.356,2463.56,446,2463.56,123.4,True,1,1,0,1,1,2
ICICIBANK.NS,2022-09-13,2022-10-31,888.01,890,915,901.0,886.75,-0.14,0.2229,68.3,11.0,1.238,2534.59,181,-1990.41,-100.0,False,1,1,1,0,1,2
ICICIBANK.NS,2022-09-14,2022-11-01,895.92,895,925,908.29,886.65,-1.03,0.2239,68.0,13.29,1.484,2506.21,150,-1993.79,-100.0,False,1,1,1,0,1,2
MARUTI.NS,2022-09-15,2022-11-02,8941.74,8940,9210,9060.14,8960.82,0.21,0.203,69.8,120.14,1.344,2397.68,16,-1589.26,-82.67,False,1,1,1,1,1,3
APOLLOTYRE.NS,2022-09-15,2022-11-02,286.36,285,295,289.54,275.85,-3.67,0.4398,82.9,4.54,1.585,2402.75,440,-1997.25,-100.0,False,1,1,0,1,1,2
MARUTI.NS,2022-09-19,2022-11-04,9010.77,9010,9280,9129.74,8960.91,-0.55,0.1905,68.9,119.74,1.329,2404.12,16,-1915.88,-100.0,False,1,1,1,0,1,2
MARUTI.NS,2022-09-20,2022-11-07,9030.19,9030,9300,9149.06,9061.69,0.35,0.1751,61.5,119.06,1.319,2414.97,16,-1397.95,-73.38,False,1,1,1,0,1,2
ABFRL.NS,2022-09-21,2022-11-09,341.85,340,350,344.74,312.25,-8.66,0.2488,76.1,4.74,1.386,2220.8,422,-1999.2,-100.0,False,1,1,1,0,1,2
ABFRL.NS,2022-09-22,2022-11-10,344.75,345,355,349.47,313.7,-9.01,0.2483,76.6,4.47,1.297,2471.79,447,-1998.21,-100.0,False,1,1,1,0,1,2
MARUTI.NS,2022-09-22,2022-11-10,9128.25,9130,9400,9249.26,8832.51,-3.24,0.1815,74.2,119.26,1.306,2411.91,16,-1908.09,-100.0,False,1,1,1,0,1,2
TITAN.NS,2022-09-22,2022-11-10,2702.83,2705,2785,2740.48,2607.46,-3.53,0.2241,65.0,35.48,1.313,2493.05,56,-1986.95,-100.0,False,1,1,1,0,1,2
ANANTRAJ.NS,2022-09-30,2022-11-18,96.5,95,100,97.21,106.1,9.94,0.7209,55.7,2.21,2.294,2515.76,903,2515.76,125.84,True,1,1,1,1,1,3
ABFRL.NS,2022-09-30,2022-11-18,349.1,350,360,354.44,305.5,-12.49,0.3653,61.9,4.44,1.272,2501.99,450,-1998.01,-100.0,False,1,1,1,0,1,2
ANANTRAJ.NS,2022-10-04,2022-11-22,101.08,100,105,102.17,101.18,0.1,0.7727,59.6,2.17,2.147,2605.98,921,-915.84,-45.81,False,1,1,1,1,1,3
APOLLO.NS,2022-10-04,2022-11-22,18.34,20,25,20.89,24.51,33.63,0.6643,64.6,0.89,4.873,9185.44,2237,8093.8,404.78,True,1,1,1,0,1,2
APARINDS.NS,2022-10-04,2022-11-22,1402.86,1405,1445,1422.65,1452.46,3.54,0.5789,69.6,17.65,1.258,2525.82,113,2525.82,126.66,True,1,1,1,1,1,3
APOLLO.NS,2022-10-06,2022-11-23,18.93,20,25,21.08,24.25,28.1,0.6689,66.1,1.08,5.699,7265.65,1853,5880.46,294.12,True,1,1,1,0,1,2
ANANTRAJ.NS,2022-10-06,2022-11-23,103.26,105,110,106.98,100.33,-2.84,0.7734,63.3,1.98,1.921,3040.7,1008,-1999.3,-100.0,False,1,1,1,1,1,3
APLAPOLLO.NS,2022-10-06,2022-11-23,1125.64,1125,1160,1140.75,1122.97,-0.24,0.3328,63.6,15.75,1.399,2425.32,126,-1984.68,-100.0,False,1,1,1,1,1,3
APARINDS.NS,2022-10-06,2022-11-23,1439.17,1440,1480,1457.74,1435.16,-0.28,0.5804,68.3,17.74,1.233,2492.71,112,-1987.29,-100.0,False,1,1,1,1,1,3
APOLLO.NS,2022-10-07,2022-11-24,19.1,20,25,21.13,24.57,28.65,0.6689,71.7,1.13,5.925,6835.6,1767,6070.33,303.61,True,1,1,1,0,1,2
APLAPOLLO.NS,2022-10-07,2022-11-24,1136.43,1135,1170,1150.85,1086.45,-4.4,0.3225,64.5,15.85,1.395,2412.82,126,-1997.18,-100.0,False,1,1,1,0,1,2
APOLLO.NS,2022-10-12,2022-11-29,19.86,20,25,21.47,27.2,37.0,0.8016,66.0,1.47,7.4,4805.37,1361,4805.37,240.31,True,1,1,1,1,1,3
APOLLO.NS,2022-10-13,2022-11-30,21.58,20,25,21.99,27.46,27.27,0.8408,70.9,1.99,9.229,3020.66,1004,3020.66,151.08,True,1,1,1,1,1,3
APOLLO.NS,2022-10-14,2022-12-01,23.61,25,30,26.35,26.86,13.74,0.8817,80.8,1.35,5.706,5420.51,1484,757.62,37.89,True,1,1,0,1,1,2
ANANTRAJ.NS,2022-10-17,2022-12-02,107.49,105,110,107.28,101.33,-5.74,0.7526,75.8,2.28,2.12,2386.12,877,-1998.88,-100.0,False,1,1,1,1,1,3
APARINDS.NS,2022-10-17,2022-12-02,1444.74,1445,1490,1464.81,1540.55,6.63,0.5997,70.2,19.81,1.372,2518.52,100,2518.52,127.1,True,1,1,1,1,1,3
APARINDS.NS,2022-10-18,2022-12-05,1466.58,1465,1510,1484.94,1529.61,4.3,0.6,74.5,19.94,1.359,2506.31,100,2506.31,125.71,True,1,1,1,0,1,2
APARINDS.NS,2022-10-19,2022-12-06,1497.9,1500,1545,1519.8,1576.52,5.25,0.5761,80.1,19.8,1.322,2519.57,100,2519.57,127.22,True,1,1,0,1,1,2
ANANTRAJ.NS,2022-10-20,2022-12-07,107.94,110,115,111.97,100.53,-6.86,0.8023,73.8,1.97,1.828,3065.76,1013,-1999.24,-100.0,False,1,1,1,1,1,3
ARVINDFASN.NS,2022-10-24,2022-12-09,340.1,340,350,344.47,324.63,-4.55,0.513,68.5,4.47,1.314,2472.86,447,-1997.14,-100.0,False,1,1,1,0,1,2
ICICIBANK.NS,2022-10-24,2022-12-09,903.92,905,930,916.19,907.43,0.39,0.2434,74.6,11.19,1.238,2458.05,178,-1558.67,-78.25,False,1,1,1,0,1,2
APARINDS.NS,2022-10-25,2022-12-12,1502.49,1500,1550,1522.18,1573.29,4.71,0.5616,61.2,22.18,1.476,2504.11,90,2504.11,125.46,True,1,1,1,0,1,2
ARVINDFASN.NS,2022-10-27,2022-12-13,369.24,370,380,374.47,331.57,-10.2,0.4339,77.6,4.47,1.21,2473.06,447,-1996.94,-100.0,False,1,1,1,1,1,3
ANANTRAJ.NS,2022-10-27,2022-12-13,109.48,110,115,112.07,106.69,-2.54,0.7814,58.4,2.07,1.894,2820.66,964,-1999.34,-100.0,False,1,1,1,0,1,2
APARINDS.NS,2022-10-27,2022-12-13,1504.93,1505,1550,1524.97,1672.33,11.12,0.553,58.0,19.97,1.327,2502.63,100,2502.63,125.3,True,1,1,1,0,1,2
ANANTRAJ.NS,2022-10-28,2022-12-14,114.1,115,120,117.06,109.08,-4.4,0.7611,64.5,2.06,1.807,2847.02,969,-1997.98,-100.0,False,1,1,1,0,1,2
MARUTI.NS,2022-10-28,2022-12-14,9216.31,9215,9495,9340.73,8390.12,-8.96,0.2766,75.2,125.73,1.364,2314.07,15,-1885.93,-100.0,False,1,1,1,1,1,3
ABFRL.NS,2022-10-31,2022-12-15,353.9,355,365,359.41,308.55,-12.81,0.2799,65.9,4.41,1.245,2540.08,454,-1999.92,-100.0,False,1,1,1,1,1,3
MARUTI.NS,2022-10-31,2022-12-15,9250.34,9250,9530,9375.61,8334.34,-9.9,0.2701,74.3,125.61,1.358,2315.81,15,-1884.19,-100.0,False,1,1,1,1,1,3
TITAN.NS,2022-10-31,2022-12-15,2726.43,2725,2810,2763.1,2490.66,-8.65,0.2564,63.7,38.1,1.397,2438.9,52,-1981.1,-100.0,False,1,1,1,0,1,2
ABFRL.NS,2022-11-01,2022-12-16,358.15,360,370,364.31,303.35,-15.3,0.2602,79.1,4.31,1.204,2633.34,463,-1996.66,-100.0,False,1,1,1,1,1,3
ARVINDFASN.NS,2022-11-01,2022-12-16,371.37,370,385,376.67,320.67,-13.65,0.4312,72.1,6.67,1.796,2490.61,299,-1994.39,-100.0,False,1,1,1,0,1,2
TITAN.NS,2022-11-03,2022-12-20,2728.55,2730,2810,2765.73,2476.29,-9.25,0.2398,79.0,35.73,1.31,2434.61,55,-1965.39,-100.0,False,1,1,1,0,1,2
TITAN.NS,2022-11-04,2022-12-21,2734.52,2735,2815,2770.88,2457.98,-10.11,0.2398,78.0,35.88,1.312,2426.78,55,-1973.22,-100.0,False,1,1,1,0,1,2
ANANTRAJ.NS,2022-11-04,2022-12-21,114.2,115,120,117.08,104.71,-8.32,0.5097,64.6,2.08,1.823,2801.91,960,-1998.09,-100.0,False,1,1,1,0,1,2
APOLLOTYRE.NS,2022-11-07,2022-12-22,287.41,285,295,289.76,302.27,5.17,0.2311,75.0,4.76,1.655,2201.98,420,2201.98,110.21,True,1,1,1,1,1,3
ANANTRAJ.NS,2022-11-09,2022-12-23,114.75,115,120,117.13,89.39,-22.1,0.4994,62.6,2.13,1.859,2686.24,937,-1998.76,-100.0,False,1,1,1,0,1,2
ANANTRAJ.NS,2022-11-11,2022-12-27,115.94,115,120,117.25,97.55,-15.87,0.5017,64.0,2.25,1.939,2446.68,889,-1998.32,-100.0,False,1,1,1,0,1,2
APOLLO.NS,2022-11-14,2022-12-28,23.8,25,30,26.06,26.63,11.87,0.5222,62.0,1.06,4.444,7450.8,1890,1078.26,53.93,True,1,1,1,0,1,2
APARINDS.NS,2022-11-15,2022-12-29,1563.42,1565,1610,1584.93,1719.73,10.0,0.5566,59.9,19.93,1.275,2506.99,100,2506.99,125.79,True,1,1,1,1,1,3
APOLLO.NS,2022-11-15,2022-12-29,24.31,25,30,26.06,27.75,14.14,0.4203,59.5,1.06,4.353,7445.92,1889,3198.17,159.98,True,1,1,1,0,1,2
ANANTRAJ.NS,2022-11-15,2022-12-29,117.68,120,125,121.96,104.66,-11.07,0.5079,67.4,1.96,1.662,3111.4,1022,-1998.6,-100.0,False,1,1,1,0,1,2
APOLLO.NS,2022-11-21,2023-01-04,24.68,25,30,26.2,31.71,28.52,0.423,72.6,1.2,4.883,6295.93,1659,6295.93,314.94,True,1,1,1,1,1,3
ICICIBANK.NS,2022-11-23,2023-01-06,905.04,905,930,915.96,849.08,-6.18,0.1274,65.2,10.96,1.211,2554.91,182,-1995.09,-100.0,False,1,1,1,0,1,2
ICICIBANK.NS,2022-11-24,2023-01-09,916.17,915,945,927.9,852.25,-6.98,0.1343,68.3,12.9,1.408,2632.79,154,-1987.21,-100.0,False,1,1,1,0,1,2
APOLLO.NS,2022-11-25,2023-01-10,24.69,25,30,26.12,30.76,24.59,0.3755,61.0,1.12,4.531,6940.01,1788,6940.01,347.0,True,1,1,1,0,1,2
APOLLOTYRE.NS,2022-11-28,2023-01-11,298.83,300,310,304.34,305.04,2.08,0.461,56.2,4.34,1.453,2603.17,460,323.37,16.19,True,1,1,1,1,1,3
APOLLO.NS,2022-11-28,2023-01-11,25.92,25,30,26.7,32.29,24.59,0.3904,74.3,1.7,6.576,3865.6,1173,3865.6,193.34,True,1,1,1,1,1,3
ABCAPITAL.NS,2022-11-28,2023-01-11,137.05,135,140,137.47,147.0,7.26,0.2863,66.9,2.47,1.806,2040.26,808,2040.26,102.03,True,1,1,1,1,1,3
ICICIBANK.NS,2022-11-29,2023-01-12,923.88,925,950,935.74,839.86,-9.09,0.1261,71.4,10.74,1.163,2652.22,186,-1997.78,-100.0,False,1,1,1,0,1,2
ABCAPITAL.NS,2022-11-29,2023-01-12,144.1,145,150,147.1,146.3,1.53,0.3222,72.4,2.1,1.461,2750.35,950,-764.65,-38.24,False,1,1,1,1,1,3
APOLLOTYRE.NS,2022-11-29,2023-01-12,301.17,300,310,304.53,302.94,0.59,0.4612,60.3,4.53,1.504,2412.43,441,-700.37,-35.06,False,1,1,1,0,1,2
APOLLO.NS,2022-11-29,2023-01-12,27.2,25,30,27.33,31.88,17.21,0.3996,77.8,2.33,8.565,2290.95,858,2290.95,114.6,True,1,1,1,1,1,3
ABCAPITAL.NS,2022-11-30,2023-01-13,145.35,145,150,147.25,148.95,2.48,0.3222,76.7,2.25,1.55,2436.03,887,1504.68,75.27,True,1,1,1,0,1,2
APOLLO.NS,2022-11-30,2023-01-13,27.46,25,30,27.46,33.38,21.54,0.3903,78.3,2.46,8.959,2062.19,812,2062.19,103.22,True,1,1,1,0,1,2
APOLLOTYRE.NS,2022-11-30,2023-01-13,302.42,300,310,304.63,306.57,1.37,0.461,62.2,4.63,1.531,2314.57,431,837.51,41.97,True,1,1,1,0,1,2
ICICIBANK.NS,2022-11-30,2023-01-13,929.88,930,960,942.53,852.35,-8.34,0.1268,73.2,12.53,1.347,2778.06,159,-1991.94,-100.0,False,1,1,1,1,1,3
ABCAPITAL.NS,2022-12-01,2023-01-16,145.7,145,150,147.3,147.65,1.34,0.3201,79.1,2.3,1.576,2355.56,871,308.7,15.44,True,1,1,1,0,1,2
ABCAPITAL.NS,2022-12-02,2023-01-17,151.7,150,155,152.41,146.95,-3.13,0.3369,81.6,2.41,1.589,2147.06,829,-1997.94,-100.0,False,1,1,0,1,1,2
APLAPOLLO.NS,2022-12-02,2023-01-17,1173.34,1175,1210,1190.6,1130.49,-3.65,0.3402,68.5,15.6,1.329,2483.47,128,-1996.53,-100.0,False,1,1,1,1,1,3
APOLLOTYRE.NS,2022-12-02,2023-01-17,305.04,305,315,309.45,305.09,0.02,0.4549,69.0,4.45,1.458,2493.45,449,-1955.39,-97.94,False,1,1,1,0,1,2
ABCAPITAL.NS,2022-12-05,2023-01-18,158.65,160,165,162.1,148.15,-6.62,0.3465,89.8,2.1,1.326,2751.22,950,-1998.78,-100.0,False,1,1,0,1,1,2
APOLLO.NS,2022-12-05,2023-01-18,27.78,30,35,30.65,34.11,22.76,0.3776,71.7,0.65,2.349,13320.57,3064,10578.84,529.09,True,1,1,1,0,1,2
APARINDS.NS,2022-12-06,2023-01-19,1576.52,1575,1625,1597.36,1657.58,5.14,0.4754,59.4,22.36,1.418,2459.9,89,2459.9,123.61,True,1,1,1,0,1,2
APARINDS.NS,2022-12-07,2023-01-20,1599.77,1600,1650,1622.27,1662.9,3.95,0.4705,59.0,22.27,1.392,2468.22,89,2468.22,124.55,True,1,1,1,1,1,3
HDFCBANK.NS,2022-12-12,2023-01-25,778.05,780,800,788.37,780.37,0.3,0.1137,68.3,8.37,1.076,2767.72,238,-1904.15,-95.58,False,1,1,1,0,1,2
APARINDS.NS,2022-12-13,2023-01-27,1672.33,1670,1725,1694.68,1463.45,-12.49,0.414,79.0,24.68,1.476,2455.92,81,-1999.08,-100.0,False,1,1,1,1,1,3
HDFCBANK.NS,2022-12-13,2023-01-27,780.2,780,805,790.39,764.82,-1.97,0.1138,68.4,10.39,1.332,2804.81,192,-1995.19,-100.0,False,1,1,1,0,1,2
APOLLO.NS,2022-12-14,2023-01-30,27.83,30,35,30.72,32.28,16.02,0.3992,69.7,0.72,2.575,11955.14,2791,4373.03,218.67,True,1,1,1,1,1,3
HDFCBANK.NS,2022-12-14,2023-01-30,786.81,785,810,795.9,764.04,-2.89,0.1137,65.3,10.9,1.385,2580.67,183,-1994.33,-100.0,False,1,1,1,0,1,2
APOLLO.NS,2022-12-15,2023-01-31,27.94,30,35,30.73,31.82,13.88,0.3897,69.6,0.73,2.598,11770.48,2754,3010.52,150.56,True,1,1,1,0,1,2
APOLLOTYRE.NS,2022-12-19,2023-02-02,310.11,310,320,314.47,316.75,2.14,0.2862,64.3,4.47,1.44,2473.91,447,1021.45,51.17,True,1,1,1,0,1,2
APARINDS.NS,2022-12-19,2023-02-02,1685.53,1685,1735,1707.54,1970.05,16.88,0.3868,77.7,22.54,1.337,2416.62,88,2416.62,121.84,True,1,1,1,0,1,2
APOLLOTYRE.NS,2022-12-20,2023-02-03,312.88,315,320,317.25,315.56,0.86,0.2852,66.0,2.25,0.719,2441.43,888,-1504.79,-75.29,False,1,1,1,0,1,2
APARINDS.NS,2022-12-28,2023-02-13,1716.06,1715,1770,1739.62,2254.96,31.4,0.4192,61.8,24.62,1.435,2460.72,81,2460.72,123.39,True,1,1,1,0,1,2
APARINDS.NS,2022-12-29,2023-02-14,1719.73,1720,1770,1742.53,2274.35,32.25,0.3734,67.2,22.53,1.31,2417.74,88,2417.74,121.97,True,1,1,1,0,1,2
APARINDS.NS,2022-12-30,2023-02-15,1752.27,1750,1805,1774.83,2263.36,29.17,0.3757,68.3,24.83,1.417,2413.95,80,2413.95,121.54,True,1,1,1,0,1,2
APOLLO.NS,2022-12-30,2023-02-15,29.13,30,35,31.3,33.17,13.86,0.5044,62.3,1.3,4.472,5671.3,1534,2866.86,143.44,True,1,1,1,1,1,3
APOLLO.NS,2023-01-02,2023-02-16,30.51,30,35,31.75,32.64,6.99,0.5196,63.6,1.75,5.741,3706.41,1141,1016.78,50.87,True,1,1,1,1,1,3
APOLLOTYRE.NS,2023-01-02,2023-02-16,313.69,315,325,319.26,319.33,1.8,0.2482,58.8,4.26,1.357,2693.54,469,34.72,1.74,True,1,1,1,0,1,2
APARINDS.NS,2023-01-02,2023-02-16,1782.66,1785,1835,1807.43,2354.1,32.06,0.374,63.1,22.43,1.258,2453.7,89,2453.7,122.91,True,1,1,1,0,1,2
APOLLO.NS,2023-01-03,2023-02-17,30.62,30,35,31.78,32.45,5.98,0.5182,63.3,1.78,5.829,3601.27,1120,743.13,37.18,True,1,1,1,0,1,2
APOLLO.NS,2023-01-04,2023-02-20,31.71,30,35,32.14,32.68,3.05,0.5202,66.5,2.14,6.758,2665.39,933,503.32,25.17,True,1,1,1,1,1,3
ANANDRATHI.NS,2023-01-05,2023-02-21,179.33,180,185,182.13,191.76,6.93,0.1859,77.4,2.13,1.189,2686.43,937,2686.43,134.42,True,1,1,1,1,1,3
APARINDS.NS,2023-01-05,2023-02-21,1800.25,1800,1855,1824.69,2236.88,24.25,0.3938,67.0,24.69,1.371,2455.15,81,2455.15,122.77,True,1,1,1,1,1,3
APOLLOTYRE.NS,2023-01-05,2023-02-21,323.25,325,335,329.3,314.65,-2.66,0.3179,59.7,4.3,1.329,2651.87,465,-1998.13,-100.0,False,1,1,1,1,1,3
APOLLO.NS,2023-01-05,2023-02-21,33.3,35,40,36.26,32.07,-3.67,0.54,76.8,1.26,3.784,5935.65,1587,-1999.35,-100.0,False,1,1,1,1,1,3
ANANDRATHI.NS,2023-01-09,2023-02-23,184.34,185,190,187.15,188.64,2.33,0.1924,82.8,2.15,1.169,2640.31,928,1380.6,69.04,True,1,1,0,1,1,2
ANANDRATHI.NS,2023-01-13,2023-03-01,188.83,190,195,192.11,185.22,-1.91,0.2086,86.1,2.11,1.117,2741.21,948,-1998.79,-100.0,False,1,1,0,1,1,2
APOLLO.NS,2023-01-13,2023-03-01,33.38,35,40,36.3,30.66,-8.15,0.5567,79.1,1.3,3.897,5685.97,1537,-1999.03,-100.0,False,1,1,1,0,1,2
ANANDRATHI.NS,2023-01-16,2023-03-02,193.74,195,200,197.12,189.03,-2.43,0.2159,87.3,2.12,1.093,2721.91,944,-1998.09,-100.0,False,1,1,0,1,1,2
ANANTRAJ.NS,2023-01-17,2023-03-03,118.93,120,125,122.07,114.75,-3.51,0.6569,75.3,2.07,1.741,2826.85,965,-1998.15,-100.0,False,1,1,1,0,1,2
ANANDRATHI.NS,2023-01-17,2023-03-03,198.2,200,205,202.07,191.59,-3.33,0.2211,90.9,2.07,1.042,2840.58,968,-1999.42,-100.0,False,1,1,0,1,1,2
APOLLO.NS,2023-01-17,2023-03-03,34.02,35,40,36.49,31.71,-6.79,0.5845,74.6,1.49,4.37,4725.54,1345,-1999.46,-100.0,False,1,1,1,0,1,2
ANANTRAJ.NS,2023-01-18,2023-03-06,119.32,120,125,122.1,115.3,-3.37,0.6554,72.1,2.1,1.759,2761.92,952,-1998.08,-100.0,False,1,1,1,0,1,2
APOLLO.NS,2023-01-18,2023-03-06,34.11,35,40,36.51,31.3,-8.22,0.5829,72.7,1.51,4.415,4640.26,1328,-1999.74,-100.0,False,1,1,1,0,1,2
ANANDRATHI.NS,2023-01-18,2023-03-06,199.63,200,205,202.24,191.99,-3.83,0.2188,90.8,2.24,1.124,2455.1,891,-1999.9,-100.0,False,1,1,0,1,1,2
APLAPOLLO.NS,2023-01-18,2023-03-06,1176.71,1175,1210,1190.9,1234.02,4.87,0.3779,65.0,15.9,1.351,2388.01,125,2388.01,120.18,True,1,1,1,1,1,3
ANANTRAJ.NS,2023-01-19,2023-03-08,121.21,120,125,122.24,114.5,-5.54,0.6356,67.3,2.24,1.846,2466.31,893,-1998.69,-100.0,False,1,1,1,0,1,2
ANANDRATHI.NS,2023-01-19,2023-03-08,206.29,205,210,207.46,194.75,-5.59,0.2146,92.2,2.46,1.194,2060.48,812,-1999.52,-100.0,False,1,1,0,1,1,2
APOLLO.NS,2023-01-19,2023-03-08,35.79,35,40,36.92,30.95,-13.53,0.5492,73.3,1.92,5.364,3206.53,1041,-1998.47,-100.0,False,1,1,1,1,1,3
APLAPOLLO.NS,2023-01-20,2023-03-09,1184.43,1185,1220,1200.72,1198.29,1.17,0.3251,69.3,15.72,1.327,2448.88,127,-308.75,-15.47,False,1,1,1,0,1,2
APOLLO.NS,2023-01-20,2023-03-09,36.24,35,40,37.03,31.52,-13.0,0.4881,71.4,2.03,5.605,2921.44,984,-1998.56,-100.0,False,1,1,1,0,1,2
HDFCBANK.NS,2023-01-23,2023-03-10,791.94,790,815,801.22,751.97,-5.05,0.1575,57.9,11.22,1.416,2453.36,178,-1996.64,-100.0,False,1,1,1,0,1,2
HDFCBANK.NS,2023-01-24,2023-03-13,802.55,805,825,813.69,742.46,-7.49,0.1631,70.8,8.69,1.083,2601.09,230,-1998.91,-100.0,False,1,1,1,1,1,3
APARINDS.NS,2023-02-01,2023-03-20,1901.84,1900,1960,1925.18,2242.64,17.92,0.9977,55.2,25.18,1.324,2750.71,79,2750.71,138.28,True,1,1,1,1,1,3
APARINDS.NS,2023-02-02,2023-03-21,1970.05,1970,2030,1995.14,2224.56,12.92,1.0026,59.0,25.14,1.276,2754.16,79,2754.16,138.69,True,1,1,1,1,1,3
APOLLOTYRE.NS,2023-02-06,2023-03-23,323.3,325,335,329.28,296.16,-8.39,0.2871,63.9,4.28,1.323,2672.59,467,-1997.41,-100.0,False,1,1,1,0,1,2
APARINDS.NS,2023-02-07,2023-03-24,2171.35,2170,2235,2196.81,2275.72,4.81,1.1222,68.4,26.81,1.235,2826.02,74,2826.02,142.44,True,1,1,1,1,1,3
APARINDS.NS,2023-02-08,2023-03-27,2172.72,2175,2240,2201.71,2238.34,3.02,1.1222,68.9,26.71,1.229,2833.75,74,2711.21,137.19,True,1,1,1,0,1,2
APLAPOLLO.NS,2023-02-09,2023-03-28,1188.09,1190,1225,1205.47,1190.42,0.2,0.2473,56.4,15.47,1.302,2519.02,129,-1942.07,-97.3,False,1,1,1,0,1,2
APLAPOLLO.NS,2023-02-13,2023-03-31,1189.48,1190,1225,1205.66,1192.99,0.3,0.2501,62.5,15.66,1.317,2455.97,127,-1609.14,-80.9,False,1,1,1,0,1,2
APARINDS.NS,2023-02-13,2023-03-31,2254.96,2255,2325,2283.84,2447.86,8.55,1.1108,75.7,28.84,1.279,2839.96,69,2839.96,142.71,True,1,1,1,0,1,2
APLAPOLLO.NS,2023-02-14,2023-04-03,1205.12,1205,1240,1220.77,1167.75,-3.1,0.2471,70.2,15.77,1.308,2423.18,126,-1986.82,-100.0,False,1,1,1,1,1,3
APARINDS.NS,2023-02-14,2023-04-03,2274.35,2275,2345,2303.88,2540.31,11.69,1.099,75.1,28.88,1.27,2837.09,69,2837.09,142.36,True,1,1,1,0,1,2
APLAPOLLO.NS,2023-02-15,2023-04-05,1218.72,1220,1255,1235.61,1177.65,-3.37,0.2438,73.1,15.61,1.281,2482.12,128,-1997.88,-100.0,False,1,1,1,1,1,3
APLAPOLLO.NS,2023-02-16,2023-04-06,1307.6,1310,1345,1325.72,1185.82,-9.31,0.3166,87.6,15.72,1.202,2448.73,127,-1996.27,-100.0,False,1,1,0,1,1,2
APARINDS.NS,2023-04-05,2023-05-24,2637.2,2635,2715,2670.9,2710.25,2.77,0.4685,75.0,35.9,1.361,2425.43,55,2164.09,109.6,True,1,1,1,1,1,3
ANANTRAJ.NS,2023-04-05,2023-05-24,132.55,135,140,136.99,140.11,5.7,0.4985,74.2,1.99,1.501,3025.6,1005,3025.6,151.32,True,1,1,1,1,1,3
APTECHT.NS,2023-04-05,2023-05-24,246.77,245,255,249.53,312.82,26.76,0.4392,87.8,4.53,1.836,2411.89,441,2411.89,120.71,True,1,1,0,1,1,2
ANANTRAJ.NS,2023-04-06,2023-05-25,134.84,135,140,137.18,142.99,6.05,0.4996,73.8,2.18,1.616,2590.17,918,2590.17,129.52,True,1,1,1,0,1,2
APTECHT.NS,2023-04-06,2023-05-25,266.3,265,275,269.48,323.89,21.63,0.5044,90.1,4.48,1.684,2460.45,446,2460.45,123.05,True,1,1,0,1,1,2
APARINDS.NS,2023-04-06,2023-05-25,2661.73,2660,2740,2695.89,2672.58,0.41,0.4686,74.7,35.89,1.348,2425.92,55,-1282.41,-64.96,False,1,1,1,1,1,3
APTECHT.NS,2023-04-10,2023-05-26,268.72,270,275,272.24,361.71,34.6,0.5018,88.6,2.24,0.834,2462.06,892,2462.06,123.23,True,1,1,0,1,1,2
ANANTRAJ.NS,2023-04-11,2023-05-29,137.02,135,140,137.36,150.05,9.51,0.4933,73.7,2.36,1.723,2232.25,846,2232.25,111.74,True,1,1,1,0,1,2
ANANTRAJ.NS,2023-04-13,2023-05-31,140.85,140,145,142.29,151.19,7.34,0.4281,78.5,2.29,1.622,2375.6,875,2375.6,118.82,True,1,1,1,0,1,2
ANANDRATHI.NS,2023-04-13,2023-05-31,208.15,210,215,212.03,211.93,1.81,0.1808,76.5,2.03,0.975,2925.28,985,-102.7,-5.14,False,1,1,1,1,1,3
APARINDS.NS,2023-04-13,2023-05-31,2709.66,2710,2790,2745.78,2716.06,0.24,0.4759,83.4,35.78,1.32,2432.34,55,-1634.2,-83.05,False,1,1,0,1,1,2
ANANDRATHI.NS,2023-04-17,2023-06-01,208.74,210,215,212.11,209.77,0.49,0.1785,73.5,2.11,1.012,2731.49,946,-1998.51,-100.0,False,1,1,1,0,1,2
ABCAPITAL.NS,2023-04-17,2023-06-01,164.65,165,170,167.21,171.85,4.37,0.3914,60.8,2.21,1.345,2515.56,903,2515.56,125.81,True,1,1,1,1,1,3
APTECHT.NS,2023-04-18,2023-06-02,277.01,275,285,279.57,363.28,31.14,0.4733,88.6,4.57,1.649,2373.24,437,2373.24,118.85,True,1,1,0,1,1,2
APTECHT.NS,2023-04-19,2023-06-05,292.26,290,300,294.6,348.39,19.21,0.472,90.4,4.6,1.575,2342.28,434,2342.28,117.25,True,1,1,0,1,1,2
APARINDS.NS,2023-04-20,2023-06-06,2744.06,2745,2825,2780.78,2703.46,-1.48,0.473,78.4,35.78,1.304,2432.23,55,-1967.77,-100.0,False,1,1,1,0,1,2
APARINDS.NS,2023-04-21,2023-06-07,2773.13,2775,2855,2810.76,2740.1,-1.19,0.4683,79.2,35.76,1.289,2433.37,55,-1966.63,-100.0,False,1,1,1,0,1,2
APARINDS.NS,2023-04-24,2023-06-08,2774.45,2775,2860,2812.92,2779.39,0.18,0.4648,80.0,37.92,1.367,2448.2,52,-1743.67,-88.43,False,1,1,1,0,1,2
APOLLOTYRE.NS,2023-04-27,2023-06-13,326.31,325,335,329.64,390.43,19.65,0.1917,71.6,4.64,1.422,2304.08,430,2304.08,115.44,True,1,1,1,0,1,2
ABCAPITAL.NS,2023-04-28,2023-06-14,167.2,165,170,167.52,175.55,4.99,0.2706,65.8,2.52,1.505,1972.12,794,1972.12,98.71,True,1,1,1,1,1,3
APOLLOTYRE.NS,2023-04-28,2023-06-14,331.52,330,340,334.69,390.1,17.67,0.1949,78.9,4.69,1.414,2262.94,426,2262.94,113.31,True,1,1,1,1,1,3
APARINDS.NS,2023-05-02,2023-06-15,2777.73,2780,2860,2815.72,3039.48,9.42,0.4753,60.6,35.72,1.286,2435.66,55,2435.66,123.99,True,1,1,1,0,1,2
ABCAPITAL.NS,2023-05-02,2023-06-15,167.95,170,175,172.0,174.2,3.72,0.2707,64.5,2.0,1.193,2990.39,998,2191.99,109.62,True,1,1,1,0,1,2
ABB.NS,2023-05-03,2023-06-16,3391.07,3390,3495,3436.92,4258.38,25.58,0.2393,68.8,46.92,1.384,2439.54,42,2439.54,123.81,True,1,1,1,0,1,2
APOLLOTYRE.NS,2023-05-03,2023-06-16,339.59,340,350,344.4,393.35,15.83,0.2069,87.5,4.4,1.296,2542.64,454,2542.64,127.3,True,1,1,0,1,1,2
APARINDS.NS,2023-05-03,2023-06-16,2903.06,2905,2990,2942.9,3052.23,5.14,0.4861,69.4,37.9,1.305,2449.28,52,2449.28,124.28,True,1,1,1,1,1,3
ABCAPITAL.NS,2023-05-03,2023-06-16,169.3,170,175,172.15,178.0,5.14,0.2367,71.3,2.15,1.268,2656.25,931,2656.25,132.9,True,1,1,1,0,1,2
APOLLOTYRE.NS,2023-05-04,2023-06-19,343.8,345,355,349.26,388.95,13.13,0.1944,88.4,4.26,1.24,2690.52,469,2690.52,134.56,True,1,1,0,1,1,2
HDFCBANK.NS,2023-05-04,2023-06-19,817.84,820,840,828.73,768.01,-6.09,0.1531,63.6,8.73,1.068,2580.47,229,-1999.53,-100.0,False,1,1,1,1,1,3
ABCAPITAL.NS,2023-05-04,2023-06-19,173.35,175,180,177.04,179.45,3.52,0.2455,78.1,2.04,1.178,2895.9,979,2357.45,117.93,True,1,1,1,0,1,2
ABB.NS,2023-05-04,2023-06-19,3579.35,3580,3685,3627.28,4249.3,18.72,0.3017,87.2,47.28,1.321,2424.2,42,2424.2,122.08,True,1,1,0,1,1,2
APOLLOTYRE.NS,2023-05-05,2023-06-20,352.54,355,365,359.12,390.81,10.86,0.2059,90.3,4.12,1.169,2850.51,485,2850.51,142.56,True,1,1,0,1,1,2
ABB.NS,2023-05-05,2023-06-20,3651.52,3650,3760,3699.62,4296.77,17.67,0.3068,88.2,49.62,1.359,2415.19,40,2415.19,121.68,True,1,1,0,1,1,2
APARINDS.NS,2023-05-08,2023-06-21,2986.17,2985,3075,3025.55,3093.52,3.59,0.3741,66.5,40.55,1.358,2423.0,49,2423.0,121.94,True,1,1,1,1,1,3
ABCAPITAL.NS,2023-05-08,2023-06-21,174.3,175,180,177.17,180.1,3.33,0.2629,67.0,2.17,1.247,2600.22,920,2600.22,130.03,True,1,1,1,0,1,2
APOLLOTYRE.NS,2023-05-08,2023-06-21,359.56,360,370,364.44,400.85,11.48,0.2073,91.2,4.44,1.235,2501.01,450,2501.01,125.11,True,1,1,0,1,1,2
APOLLOTYRE.NS,2023-05-09,2023-06-22,364.68,365,375,369.46,396.69,8.78,0.1992,91.0,4.46,1.223,2481.36,448,2481.36,124.15,True,1,1,0,1,1,2
ANANDRATHI.NS,2023-05-11,2023-06-26,215.41,215,220,217.37,213.92,-0.69,0.1296,70.3,2.37,1.098,2225.56,845,-1999.44,-100.0,False,1,1,1,0,1,2
KOTAKBANK.NS,2023-05-15,2023-06-28,392.71,395,405,398.97,366.35,-6.71,0.1254,69.4,3.97,1.01,3040.5,504,-1999.5,-100.0,False,1,1,1,0,1,2
ANANTRAJ.NS,2023-05-16,2023-06-30,145.92,145,150,147.32,176.88,21.22,0.3469,58.5,2.32,1.587,2315.86,863,2315.86,115.84,True,1,1,1,1,1,3
APTECHT.NS,2023-05-18,2023-07-04,309.06,310,320,314.37,323.03,4.52,0.4668,72.0,4.37,1.415,2571.07,457,2571.07,128.62,True,1,1,1,1,1,3
AJMERA.NS,2023-05-19,2023-07-05,67.09,65,70,67.36,71.35,6.35,0.4339,73.0,2.36,3.515,2240.38,848,2240.38,112.04,True,1,1,1,1,1,3
AJMERA.NS,2023-05-23,2023-07-07,68.03,70,75,71.66,73.45,7.97,0.4478,73.1,1.66,2.439,4025.99,1205,2160.28,108.07,True,1,1,1,1,1,3
APOLLOTYRE.NS,2023-05-24,2023-07-10,366.78,365,380,371.67,409.83,11.74,0.2352,68.4,6.67,1.819,2489.76,299,2489.76,124.78,True,1,1,1,0,1,2
APTECHT.NS,2023-05-24,2023-07-10,312.82,315,320,317.24,323.59,3.44,0.4721,75.0,2.24,0.715,2471.66,894,2471.66,123.69,True,1,1,1,1,1,3
APTECHT.NS,2023-05-25,2023-07-11,323.89,325,335,329.38,323.39,-0.16,0.4842,77.8,4.38,1.352,2563.11,456,-1996.89,-100.0,False,1,1,1,1,1,3
APOLLOTYRE.NS,2023-05-25,2023-07-11,371.94,370,385,376.72,414.13,11.34,0.2349,66.5,6.72,1.806,2459.87,297,2459.87,123.29,True,1,1,1,0,1,2
ANANTRAJ.NS,2023-05-26,2023-07-12,146.22,145,150,147.36,182.47,24.79,0.3281,57.1,2.36,1.611,2245.24,849,2245.24,112.28,True,1,1,1,0,1,2
APTECHT.NS,2023-05-26,2023-07-12,361.71,360,375,366.61,313.05,-13.45,0.5799,84.7,6.61,1.828,2533.06,302,-1996.94,-100.0,False,1,1,0,1,1,2
ABB.NS,2023-05-26,2023-07-12,3932.24,3930,4050,3983.89,4446.46,13.08,0.2412,71.5,53.89,1.37,2446.03,37,2446.03,122.67,True,1,1,1,0,1,2
APOLLOTYRE.NS,2023-05-26,2023-07-12,375.09,375,385,379.56,413.41,10.22,0.2307,64.1,4.56,1.216,2382.64,438,2382.64,119.29,True,1,1,1,0,1,2
ABB.NS,2023-05-29,2023-07-13,3958.17,3960,4075,4011.48,4327.51,9.33,0.2401,72.8,51.48,1.3,2413.92,38,2413.92,123.41,True,1,1,1,0,1,2
ANANTRAJ.NS,2023-05-29,2023-07-13,150.05,150,155,152.23,181.62,21.04,0.3381,68.1,2.23,1.485,2486.21,897,2486.21,124.39,True,1,1,1,0,1,2
TITAN.NS,2023-05-29,2023-07-13,2776.53,2775,2860,2812.36,3055.44,10.05,0.1612,60.5,37.36,1.346,2524.86,53,2524.86,127.51,True,1,1,1,0,1,2
APTECHT.NS,2023-05-30,2023-07-14,371.52,370,385,376.57,335.01,-9.83,0.6348,80.4,6.57,1.769,2561.92,304,-1998.08,-100.0,False,1,1,0,1,1,2
KOTAKBANK.NS,2023-05-30,2023-07-14,393.05,395,405,399.14,372.01,-5.35,0.1451,53.8,4.14,1.052,2832.04,483,-1997.96,-100.0,False,1,1,0,1,1,2
KOTAKBANK.NS,2023-05-31,2023-07-17,400.94,400,415,406.43,377.59,-5.82,0.1589,61.4,6.43,1.604,2665.12,311,-1999.88,-100.0,False,1,1,1,1,1,3
TITAN.NS,2023-05-31,2023-07-17,2787.39,2785,2870,2822.56,3004.63,7.79,0.1607,60.2,37.56,1.348,2514.16,53,2514.16,126.29,True,1,1,1,1,1,3
ANANTRAJ.NS,2023-05-31,2023-07-17,151.19,150,155,152.36,187.2,23.82,0.3244,73.2,2.36,1.56,2240.21,848,2240.21,112.02,True,1,1,1,0,1,2
ABB.NS,2023-05-31,2023-07-17,4051.2,4050,4175,4105.93,4338.94,7.1,0.2477,74.7,55.93,1.381,2417.32,35,2417.32,123.48,True,1,1,1,1,1,3
TITAN.NS,2023-06-01,2023-07-18,2791.34,2790,2875,2827.35,2967.98,6.33,0.1604,58.7,37.35,1.338,2525.32,53,2525.32,127.56,True,1,1,1,0,1,2
TITAN.NS,2023-06-02,2023-07-19,2825.3,2825,2910,2861.95,2967.18,5.02,0.146,62.2,36.95,1.308,2594.86,54,2594.86,130.06,True,1,1,1,0,1,2
ANANTRAJ.NS,2023-06-02,2023-07-19,155.17,155,160,157.25,196.13,26.4,0.309,75.9,2.25,1.449,2445.53,889,2445.53,122.31,True,1,1,1,0,1,2
ANANTRAJ.NS,2023-06-05,2023-07-20,157.41,155,160,157.56,197.18,25.27,0.2467,74.0,2.56,1.629,1897.35,779,1897.35,94.98,True,1,1,1,1,1,3
MARUTI.NS,2023-06-05,2023-07-20,9303.25,9305,9580,9422.71,9488.11,1.99,0.1262,78.8,117.71,1.265,2516.71,16,1046.5,55.57,True,1,1,1,0,1,2
TITAN.NS,2023-06-06,2023-07-21,2844.85,2845,2930,2881.94,2948.02,3.63,0.1475,68.0,36.94,1.299,2594.99,54,2594.99,130.07,True,1,1,1,0,1,2
ANANTRAJ.NS,2023-06-06,2023-07-21,159.84,160,165,162.2,194.28,21.55,0.2347,78.8,2.2,1.375,2546.44,909,2546.44,127.41,True,1,1,1,1,1,3
TITAN.NS,2023-06-07,2023-07-24,2870.03,2870,2955,2907.09,2950.89,2.82,0.1486,79.4,37.09,1.292,2539.35,53,2321.57,118.11,True,1,1,1,0,1,2
APOLLOTYRE.NS,2023-06-07,2023-07-24,376.77,375,390,381.53,400.55,6.31,0.1533,78.7,6.53,1.733,2592.08,306,2592.08,129.74,True,1,1,1,0,1,2
ABB.NS,2023-06-07,2023-07-24,4075.94,4075,4200,4131.01,4243.8,4.12,0.2571,68.9,56.01,1.374,2414.67,35,2414.67,123.18,True,1,1,1,0,1,2
APOLLOTYRE.NS,2023-06-09,2023-07-26,387.33,385,400,391.75,411.08,6.13,0.1658,85.3,6.75,1.743,2441.63,296,2441.63,122.18,True,1,1,0,1,1,2
ABB.NS,2023-06-09,2023-07-26,4076.04,4075,4200,4130.99,4318.87,5.96,0.2524,67.4,55.99,1.374,2415.21,35,2415.21,123.24,True,1,1,1,0,1,2
ABB.NS,2023-06-12,2023-07-27,4076.29,4075,4200,4130.9,4320.44,5.99,0.235,66.5,55.9,1.371,2418.46,35,2418.46,123.61,True,1,1,1,0,1,2
ANANDRATHI.NS,2023-06-12,2023-07-27,215.73,215,220,217.43,276.37,28.11,0.1195,70.8,2.43,1.128,2107.28,821,2107.28,105.48,True,1,1,1,0,1,2
ABCAPITAL.NS,2023-06-12,2023-07-27,177.35,175,185,179.46,191.6,8.03,0.1977,69.4,4.46,2.513,2483.65,448,2483.65,124.41,True,1,1,1,0,1,2
ANANTRAJ.NS,2023-06-12,2023-07-27,167.15,165,170,167.54,200.07,19.69,0.2404,86.5,2.54,1.517,1941.45,788,1941.45,97.14,True,1,1,0,1,1,2
ANANDRATHI.NS,2023-06-13,2023-07-28,217.14,215,225,219.43,281.16,29.48,0.1188,76.9,4.43,2.041,2511.68,451,2511.68,125.69,True,1,1,1,0,1,2
ABB.NS,2023-06-13,2023-07-28,4241.59,4240,4370,4298.38,4434.43,4.55,0.2657,74.6,58.38,1.376,2435.11,34,2435.11,122.68,True,1,1,1,1,1,3
APOLLO.NS,2023-06-13,2023-07-28,36.49,35,40,37.07,54.85,50.34,0.3269,70.7,2.07,5.675,2826.87,965,2826.87,141.48,True,1,1,1,1,1,3
TITAN.NS,2023-06-13,2023-07-28,2875.51,2875,2960,2912.63,2958.62,2.89,0.1736,79.7,37.63,1.309,2510.4,53,2437.1,122.19,True,1,1,1,0,1,2
ABCAPITAL.NS,2023-06-13,2023-07-28,177.65,180,185,181.88,193.95,9.18,0.196,75.2,1.88,1.059,3311.18,1062,3311.18,165.66,True,1,1,1,1,1,3
ABB.NS,2023-06-14,2023-07-31,4271.1,4270,4400,4328.37,4470.37,4.67,0.2655,74.0,58.37,1.367,2435.37,34,2435.37,122.71,True,1,1,1,0,1,2
AJMERA.NS,2023-06-14,2023-07-31,73.12,75,80,76.77,77.18,5.56,0.5032,69.1,1.77,2.414,3661.6,1132,473.55,23.7,True,1,1,1,1,1,3
APOLLO.NS,2023-06-14,2023-07-31,38.28,40,45,41.06,57.55,50.33,0.3608,76.6,1.06,2.775,7410.68,1882,7410.68,370.66,True,1,1,1,0,1,2
ALBERTDAVD.NS,2023-06-15,2023-08-01,601.85,600,620,609.06,758.93,26.1,0.4109,66.1,9.06,1.505,2407.57,220,2407.57,120.84,True,1,1,1,1,1,3
APARINDS.NS,2023-06-15,2023-08-01,3039.48,3040,3130,3080.47,3627.43,19.34,0.3779,71.9,40.47,1.331,2427.17,49,2427.17,122.41,True,1,1,1,1,1,3
AJMERA.NS,2023-06-15,2023-08-01,73.83,75,80,76.86,77.08,4.39,0.4858,67.7,1.86,2.517,3380.2,1076,233.62,11.68,True,1,1,1,1,1,3
TITAN.NS,2023-06-16,2023-08-02,2916.78,2915,3005,2954.43,2948.86,1.1,0.1564,74.2,39.43,1.352,2528.53,50,-278.45,-14.12,False,1,1,1,0,1,2
APARINDS.NS,2023-06-16,2023-08-02,3052.23,3050,3145,3092.76,3539.82,15.97,0.3774,71.8,42.76,1.401,2403.18,46,2403.18,122.19,True,1,1,1,0,1,2
ABCAPITAL.NS,2023-06-16,2023-08-02,178.0,180,185,181.97,189.95,6.71,0.2139,69.3,1.97,1.106,3076.83,1015,3076.83,153.98,True,1,1,1,0,1,2
APOLLOTYRE.NS,2023-06-16,2023-08-02,393.35,395,405,399.21,410.26,4.3,0.1484,76.7,4.21,1.069,2752.35,475,2752.35,137.78,True,1,1,1,0,1,2
TITAN.NS,2023-06-19,2023-08-03,2930.9,2930,3020,2969.29,2874.52,-1.92,0.1564,77.9,39.29,1.34,2535.74,50,-1964.26,-100.0,False,1,1,1,1,1,3
APOLLO.NS,2023-06-19,2023-08-03,41.33,40,45,42.08,54.75,32.49,0.3772,88.3,2.08,5.022,2816.29,963,2816.29,140.91,True,1,1,0,1,1,2
ABCAPITAL.NS,2023-06-19,2023-08-03,179.45,180,185,182.17,193.1,7.61,0.2114,64.9,2.17,1.212,2596.43,919,2596.43,129.91,True,1,1,1,0,1,2
ANANTRAJ.NS,2023-06-19,2023-08-03,168.25,170,175,172.02,193.39,14.94,0.2484,79.8,2.02,1.198,2956.91,991,2956.91,147.99,True,1,1,1,0,1,2
AJMERA.NS,2023-06-19,2023-08-03,74.02,75,80,76.87,77.53,4.74,0.4565,76.3,1.87,2.526,3346.18,1069,703.01,35.17,True,1,1,1,0,1,2
ABCAPITAL.NS,2023-06-20,2023-08-04,179.6,180,185,182.2,188.5,4.96,0.2116,67.0,2.2,1.223,2550.92,910,2550.92,127.6,True,1,1,1,0,1,2
ANANTRAJ.NS,2023-06-20,2023-08-04,168.79,170,175,172.09,194.23,15.07,0.2465,79.3,2.09,1.236,2791.4,958,2791.4,139.67,True,1,1,1,0,1,2
TITAN.NS,2023-06-20,2023-08-04,2936.23,2935,3025,2974.14,2876.8,-2.02,0.1461,76.7,39.14,1.333,2593.65,51,-1996.35,-100.0,False,1,1,1,0,1,2
ABB.NS,2023-06-20,2023-08-04,4296.77,4295,4425,4353.51,4357.7,1.42,0.2678,66.0,58.51,1.362,2430.56,34,142.33,7.15,True,1,1,1,0,1,2
AJMERA.NS,2023-06-20,2023-08-04,74.12,75,80,76.88,78.11,5.39,0.445,77.9,1.88,2.534,3321.52,1064,1311.97,65.65,True,1,1,1,0,1,2
APARINDS.NS,2023-06-21,2023-08-07,3093.52,3095,3185,3135.43,3767.85,21.8,0.3941,76.3,40.43,1.307,2429.1,49,2429.1,122.63,True,1,1,1,0,1,2
ABCAPITAL.NS,2023-06-21,2023-08-07,180.1,180,185,182.27,185.55,3.03,0.2034,65.7,2.27,1.259,2410.33,882,2410.33,120.54,True,1,1,1,0,1,2
APOLLOTYRE.NS,2023-06-21,2023-08-07,400.85,400,415,406.4,420.02,4.78,0.1576,84.5,6.4,1.597,2683.08,312,2683.08,134.36,True,1,1,0,1,1,2
APOLLO.NS,2023-06-22,2023-08-08,47.77,50,55,51.29,59.99,25.6,0.4229,92.7,1.29,2.701,5750.47,1550,5750.47,287.59,True,1,1,0,1,1,2
APLAPOLLO.NS,2023-06-22,2023-08-08,1377.13,1375,1420,1395.28,1458.94,5.94,0.3226,82.0,20.28,1.473,2422.39,98,2422.39,121.87,True,1,1,0,1,1,2
APARINDS.NS,2023-06-23,2023-08-09,3117.41,3115,3210,3157.83,3930.92,26.1,0.39,75.2,42.83,1.374,2399.7,46,2399.7,121.79,True,1,1,1,0,1,2
APOLLO.NS,2023-06-23,2023-08-09,50.11,50,55,51.86,59.25,18.23,0.4375,93.5,1.86,3.706,3381.58,1076,3381.58,169.21,True,1,1,0,1,1,2
APARINDS.NS,2023-06-26,2023-08-10,3274.55,3275,3375,3319.77,3927.37,19.94,0.417,79.5,44.77,1.367,2430.22,44,2430.22,123.38,True,1,1,1,1,1,3
ANGELONE.NS,2023-06-26,2023-08-10,159.21,160,165,162.16,165.83,4.16,0.3398,83.8,2.16,1.356,2631.32,926,2631.32,131.65,True,1,1,0,1,1,2
ABCAPITAL.NS,2023-06-26,2023-08-10,181.25,180,185,182.4,185.05,2.1,0.305,63.3,2.4,1.322,2171.73,834,2171.73,108.68,True,1,1,1,1,1,3
APOLLO.NS,2023-06-26,2023-08-10,52.61,55,60,56.39,57.9,10.06,0.4479,94.2,1.39,2.637,5205.68,1441,2177.34,108.9,True,1,1,0,1,1,2
ABCAPITAL.NS,2023-06-27,2023-08-11,192.3,190,200,194.53,183.55,-4.55,0.3491,70.6,4.53,2.358,2410.7,441,-1999.3,-100.0,False,1,1,1,1,1,3
ANANTRAJ.NS,2023-06-27,2023-08-11,172.84,175,180,177.0,190.54,10.24,0.2621,65.0,2.0,1.155,3006.11,1001,3006.11,150.39,True,1,1,1,0,1,2
APARINDS.NS,2023-06-27,2023-08-11,3320.72,3320,3420,3364.95,4013.18,20.85,0.4032,79.7,44.95,1.354,2422.14,44,2422.14,122.46,True,1,1,1,0,1,2
AJMERA.NS,2023-06-27,2023-08-11,75.22,75,80,77.06,74.6,-0.83,0.4452,71.9,2.06,2.735,2860.39,972,-1999.61,-100.0,False,1,1,1,1,1,3
TITAN.NS,2023-06-27,2023-08-11,2937.91,2940,3025,2976.41,2988.58,1.72,0.132,63.3,36.41,1.239,2624.02,54,657.31,33.43,True,1,1,1,0,1,2
ABB.NS,2023-06-28,2023-08-14,4331.24,4330,4460,4388.57,4275.86,-1.28,0.2856,72.6,58.57,1.352,2428.67,34,-1991.33,-100.0,False,1,1,1,0,1,2
TITAN.NS,2023-06-28,2023-08-14,2989.64,2990,3080,3028.83,2982.04,-0.25,0.141,76.9,38.83,1.299,2609.7,51,-1980.3,-100.0,False,1,1,1,1,1,3
ANANTRAJ.NS,2023-06-28,2023-08-14,175.73,175,180,177.35,189.1,7.61,0.2642,69.9,2.35,1.336,2260.24,852,2260.24,113.03,True,1,1,1,0,1,2
ABCAPITAL.NS,2023-06-28,2023-08-14,193.5,195,200,197.16,182.65,-5.61,0.3469,73.8,2.16,1.116,2630.08,926,-1999.92,-100.0,False,1,1,1,1,1,3
ABB.NS,2023-06-30,2023-08-16,4342.92,4345,4475,4402.73,4222.0,-2.78,0.2218,71.4,57.73,1.329,2457.19,34,-1962.81,-100.0,False,1,1,1,0,1,2
ANANTRAJ.NS,2023-06-30,2023-08-16,176.88,175,180,177.49,203.31,14.94,0.2622,72.3,2.49,1.406,2020.67,804,2020.67,101.07,True,1,1,1,0,1,2
TITAN.NS,2023-06-30,2023-08-16,3008.94,3010,3100,3048.74,2982.49,-0.88,0.1411,78.6,38.74,1.287,2614.31,51,-1975.69,-100.0,False,1,1,1,0,1,2
ABCAPITAL.NS,2023-06-30,2023-08-16,196.3,195,200,197.39,181.9,-7.34,0.348,74.2,2.39,1.218,2181.23,836,-1998.77,-100.0,False,1,1,1,1,1,3
MARUTI.NS,2023-06-30,2023-08-16,9504.18,9505,9790,9629.3,9231.5,-2.87,0.156,58.5,124.3,1.308,2571.15,16,-1988.85,-100.0,False,1,1,1,1,1,3
APARINDS.NS,2023-06-30,2023-08-16,3391.04,3390,3495,3437.08,4242.85,25.12,0.4124,72.4,47.08,1.388,2432.56,42,2432.56,123.02,True,1,1,1,0,1,2
ANANTRAJ.NS,2023-07-03,2023-08-17,185.66,185,190,187.34,199.67,7.55,0.2919,75.1,2.34,1.262,2265.83,853,2265.83,113.34,True,1,1,1,0,1,2
APARINDS.NS,2023-07-03,2023-08-17,3464.23,3465,3570,3512.03,4659.51,34.5,0.4087,74.1,47.03,1.358,2434.6,42,2434.6,123.25,True,1,1,1,0,1,2
HDFCBANK.NS,2023-07-03,2023-08-17,823.38,825,850,835.22,764.73,-7.12,0.1246,83.4,10.22,1.241,2882.04,195,-1992.96,-100.0,False,1,1,0,1,1,2
ALBERTDAVD.NS,2023-07-04,2023-08-18,602.14,600,620,609.1,763.94,26.87,0.3842,55.0,9.1,1.512,2386.78,219,2386.78,119.75,True,1,1,0,1,1,2
APARINDS.NS,2023-07-04,2023-08-18,3472.78,3475,3575,3519.88,4804.55,38.35,0.4088,78.1,44.88,1.292,2425.14,44,2425.14,122.8,True,1,1,1,0,1,2
BAJFINANCE.NS,2023-07-04,2023-08-18,772.57,775,795,783.92,674.45,-12.7,0.3121,71.9,8.92,1.155,2482.0,224,-1998.0,-100.0,False,1,1,1,1,1,3
ALBERTDAVD.NS,2023-07-05,2023-08-21,619.14,620,640,628.83,762.47,23.15,0.3301,64.8,8.83,1.426,2524.27,226,2524.27,126.48,True,1,1,1,1,1,3
ANANDRATHI.NS,2023-07-05,2023-08-21,222.84,225,230,226.99,350.47,57.27,0.1601,75.3,1.99,0.892,3030.85,1006,3030.85,151.61,True,1,1,1,1,1,3
MARUTI.NS,2023-07-05,2023-08-21,9701.52,9700,9995,9830.48,9250.36,-4.65,0.188,67.5,130.48,1.345,2467.83,15,-1957.17,-100.0,False,1,1,1,1,1,3
ICICIBANK.NS,2023-07-05,2023-08-21,934.86,935,965,947.26,939.8,0.53,0.1089,61.6,12.26,1.312,2891.51,163,-1216.82,-60.89,False,1,1,1,0,1,2
ICICIBANK.NS,2023-07-06,2023-08-22,936.22,935,965,947.68,936.65,0.05,0.1084,74.6,12.68,1.355,2718.46,157,-1732.94,-87.01,False,1,1,1,0,1,2
TITAN.NS,2023-07-07,2023-08-23,3104.07,3105,3195,3143.87,3040.83,-2.04,0.1333,84.1,38.87,1.252,2607.69,51,-1982.31,-100.0,False,1,1,0,1,1,2
ANANDRATHI.NS,2023-07-07,2023-08-23,224.92,225,230,227.31,347.02,54.28,0.1696,76.3,2.31,1.027,2326.3,865,2326.3,116.39,True,1,1,1,1,1,3
ANANDRATHI.NS,2023-07-10,2023-08-24,229.42,230,235,232.25,351.91,53.39,0.1797,84.7,2.25,0.982,2436.78,887,2436.78,121.95,True,1,1,0,1,1,2
ALBERTDAVD.NS,2023-07-10,2023-08-24,620.35,620,640,628.95,760.25,22.55,0.2987,65.9,8.95,1.443,2463.09,223,2463.09,123.34,True,1,1,1,0,1,2
APOLLOTYRE.NS,2023-07-10,2023-08-24,409.83,410,420,414.59,382.11,-6.77,0.2574,62.3,4.59,1.119,2360.48,436,-1999.52,-100.0,False,1,1,1,1,1,3
RELIANCE.NS,2023-07-10,2023-08-24,1242.79,1245,1280,1260.41,1225.13,-1.42,0.2063,73.3,15.41,1.24,2527.43,129,-1987.57,-100.0,False,1,1,1,1,1,3
ALBERTDAVD.NS,2023-07-11,2023-08-25,645.29,645,665,653.96,745.27,15.49,0.2475,72.8,8.96,1.388,2462.54,223,2462.54,123.28,True,1,1,1,1,1,3
ANANDRATHI.NS,2023-07-11,2023-08-25,231.21,230,240,234.34,349.86,51.32,0.1803,86.4,4.34,1.876,2610.61,461,2610.61,130.57,True,1,1,0,1,1,2
RELIANCE.NS,2023-07-11,2023-08-25,1256.27,1255,1295,1272.82,1219.47,-2.93,0.2068,74.8,17.82,1.418,2484.6,112,-1995.4,-100.0,False,1,1,1,1,1,3
APOLLOTYRE.NS,2023-07-11,2023-08-25,414.13,415,425,419.52,375.88,-9.24,0.2589,63.3,4.52,1.091,2422.3,442,-1997.7,-100.0,False,1,1,1,0,1,2
ABB.NS,2023-07-11,2023-08-25,4417.79,4420,4550,4477.97,4172.95,-5.54,0.2309,60.6,57.97,1.312,2448.89,34,-1971.11,-100.0,False,1,1,1,0,1,2
ABB.NS,2023-07-12,2023-08-28,4446.46,4445,4580,4504.88,4192.22,-5.72,0.189,63.5,59.88,1.347,2478.89,33,-1976.11,-100.0,False,1,1,1,0,1,2
ALBERTDAVD.NS,2023-07-12,2023-08-28,647.92,650,665,656.73,777.0,19.92,0.2458,75.0,6.73,1.039,2455.82,297,2455.82,122.84,True,1,1,1,0,1,2
RELIANCE.NS,2023-07-12,2023-08-28,1257.65,1260,1295,1275.41,1207.32,-4.0,0.2043,74.6,15.41,1.225,2526.88,129,-1988.12,-100.0,False,1,1,1,0,1,2
ANANDRATHI.NS,2023-07-13,2023-08-29,246.96,245,255,249.6,349.59,41.56,0.2953,91.2,4.6,1.862,2343.89,434,2343.89,117.42,True,1,1,0,1,1,2
ASHOKA.NS,2023-07-13,2023-08-29,94.6,95,100,97.0,101.4,7.19,0.3351,83.8,2.0,2.115,2995.98,999,2995.98,149.87,True,1,1,0,1,1,2
ICICIBANK.NS,2023-07-14,2023-08-30,936.86,935,965,947.91,943.44,0.7,0.1103,74.0,12.91,1.378,2631.56,154,-689.31,-34.67,False,1,1,1,0,1,2
ABREL.NS,2023-07-14,2023-08-30,941.55,940,970,953.51,1035.54,9.98,0.4316,80.1,13.51,1.434,2441.12,148,2441.12,122.12,True,1,1,0,1,1,2
ANANDRATHI.NS,2023-07-14,2023-08-30,256.93,255,265,259.61,352.81,37.32,0.3142,92.7,4.61,1.793,2340.43,434,2340.43,117.05,True,1,1,0,1,1,2
ANANTRAJ.NS,2023-07-17,2023-08-31,187.2,185,195,189.5,218.92,16.94,0.3599,70.3,4.5,2.406,2440.04,444,2440.04,122.0,True,1,1,1,0,1,2
ICICIBANK.NS,2023-07-17,2023-08-31,945.3,945,975,957.48,943.29,-0.21,0.1109,75.5,12.48,1.32,2803.1,160,-1996.9,-100.0,False,1,1,1,0,1,2
APOLLO.NS,2023-07-17,2023-08-31,58.45,60,65,61.78,54.5,-6.75,0.6838,59.2,1.78,3.04,3625.84,1125,-1999.16,-100.0,False,1,1,1,0,1,2
RELIANCE.NS,2023-07-17,2023-08-31,1270.81,1270,1310,1287.81,1189.16,-6.42,0.2153,85.2,17.81,1.401,2485.31,112,-1994.69,-100.0,False,1,1,0,1,1,2
ANANTRAJ.NS,2023-07-18,2023-09-01,192.54,195,200,197.09,220.22,14.37,0.3683,69.3,2.09,1.085,2785.79,957,2785.79,139.34,True,1,1,1,1,1,3
APOLLO.NS,2023-07-18,2023-09-01,61.24,60,65,62.15,54.6,-10.84,0.6829,59.5,2.15,3.505,2656.56,931,-1998.44,-100.0,False,1,1,1,1,1,3
ICICIBANK.NS,2023-07-18,2023-09-01,951.88,950,980,962.84,953.08,0.13,0.0996,74.9,12.84,1.349,2660.0,155,-1512.93,-76.03,False,1,1,1,1,1,3
RELIANCE.NS,2023-07-18,2023-09-01,1281.6,1280,1320,1297.94,1191.95,-7.0,0.2092,85.9,17.94,1.4,2448.55,111,-1991.45,-100.0,False,1,1,0,1,1,2
RELIANCE.NS,2023-07-19,2023-09-04,1291.32,1290,1330,1307.92,1190.99,-7.77,0.2091,85.6,17.92,1.388,2451.09,111,-1988.91,-100.0,False,1,1,0,1,1,2
APLAPOLLO.NS,2023-07-19,2023-09-04,1382.73,1385,1425,1402.86,1732.18,25.27,0.3477,64.1,17.86,1.291,2480.23,112,2480.23,124.03,True,1,1,1,1,1,3
APARINDS.NS,2023-07-19,2023-09-04,3584.14,3585,3690,3632.27,4898.31,36.67,0.3538,72.0,47.27,1.319,2424.66,42,2424.66,122.13,True,1,1,1,0,1,2
ANANTRAJ.NS,2023-07-19,2023-09-04,196.13,195,200,197.37,221.96,13.17,0.3704,69.7,2.37,1.207,2221.43,844,2221.43,111.15,True,1,1,1,0,1,2
ALBERTDAVD.NS,2023-07-20,2023-09-05,679.58,680,700,688.97,787.65,15.9,0.2982,82.0,8.97,1.32,2448.71,222,2448.71,122.97,True,1,1,0,1,1,2
ABREL.NS,2023-07-20,2023-09-05,966.97,965,995,978.57,1109.47,14.74,0.4343,72.9,13.57,1.403,2415.93,147,2415.93,121.16,True,1,1,1,0,1,2
ANANTRAJ.NS,2023-07-20,2023-09-05,197.18,195,205,199.52,218.12,10.62,0.3636,69.6,4.52,2.293,2421.27,442,2421.27,121.14,True,1,1,1,0,1,2
APLAPOLLO.NS,2023-07-20,2023-09-05,1394.65,1395,1435,1413.05,1782.21,27.79,0.3441,68.6,18.05,1.294,2414.66,110,2414.66,121.62,True,1,1,1,0,1,2
APARINDS.NS,2023-07-20,2023-09-05,3640.33,3640,3750,3689.49,4878.5,34.01,0.3357,68.6,49.49,1.359,2420.48,40,2420.48,122.28,True,1,1,1,0,1,2
ICICIBANK.NS,2023-07-20,2023-09-05,971.55,970,1000,983.09,952.78,-1.93,0.1224,80.8,13.09,1.348,2569.56,152,-1990.44,-100.0,False,1,1,0,1,1,2
ICICIBANK.NS,2023-07-21,2023-09-06,972.91,975,1000,985.65,942.06,-3.17,0.1224,79.4,10.65,1.094,2684.04,187,-1990.96,-100.0,False,1,1,1,0,1,2
ALBERTDAVD.NS,2023-07-21,2023-09-06,696.68,695,720,706.19,787.01,12.97,0.2879,83.5,11.19,1.606,2458.09,178,2458.09,123.4,True,1,1,0,1,1,2
APLAPOLLO.NS,2023-07-21,2023-09-06,1410.19,1410,1450,1428.13,1777.3,26.03,0.3143,67.8,18.13,1.286,2405.91,110,2405.91,120.65,True,1,1,1,0,1,2
ASIANPAINT.NS,2023-07-24,2023-09-07,3430.49,3430,3535,3474.12,3142.64,-8.39,0.1121,78.7,44.12,1.286,2739.58,45,-1985.42,-100.0,False,1,1,1,0,1,2
APARINDS.NS,2023-07-24,2023-09-07,3725.49,3725,3835,3774.62,4824.41,29.5,0.3474,67.2,49.62,1.332,2415.32,40,2415.32,121.7,True,1,1,1,0,1,2
APLAPOLLO.NS,2023-07-24,2023-09-07,1420.09,1420,1465,1440.07,1714.61,20.74,0.2749,73.1,20.07,1.414,2467.7,99,2467.7,124.17,True,1,1,1,1,1,3
APLAPOLLO.NS,2023-07-25,2023-09-08,1463.84,1465,1510,1485.0,1703.94,16.4,0.2751,76.9,20.0,1.367,2474.58,99,2474.58,124.95,True,1,1,1,0,1,2
ABREL.NS,2023-07-25,2023-09-08,989.86,990,1020,1003.43,1077.38,8.84,0.4244,64.8,13.43,1.357,2451.8,148,2451.8,123.32,True,1,1,1,0,1,2
ALBERTDAVD.NS,2023-07-25,2023-09-08,699.6,700,720,709.0,772.42,10.41,0.2785,79.5,9.0,1.286,2442.92,222,2442.92,122.33,True,1,1,1,0,1,2
APARINDS.NS,2023-07-25,2023-09-08,3727.54,3730,3840,3779.33,4812.5,29.11,0.3139,71.5,49.33,1.323,2426.91,40,2426.91,123.0,True,1,1,1,0,1,2
APLAPOLLO.NS,2023-07-26,2023-09-11,1479.03,1480,1525,1500.05,1717.88,16.15,0.27,76.8,20.05,1.355,2470.4,99,2470.4,124.48,True,1,1,1,0,1,2
AJMERA.NS,2023-07-26,2023-09-11,75.3,75,80,77.0,76.72,1.88,0.298,57.0,2.0,2.654,3001.25,1000,-282.81,-14.15,False,1,1,1,1,1,3
ABREL.NS,2023-07-26,2023-09-11,994.19,995,1025,1008.39,1060.86,6.71,0.421,69.7,13.39,1.347,2475.11,149,2475.11,124.07,True,1,1,1,0,1,2
ABREL.NS,2023-07-27,2023-09-12,1004.04,1005,1035,1018.39,1003.19,-0.08,0.421,70.5,13.39,1.334,2475.03,149,-1994.97,-100.0,False,1,1,1,0,1,2
AJMERA.NS,2023-07-27,2023-09-12,76.19,75,80,77.21,72.94,-4.27,0.2996,57.7,2.21,2.907,2515.15,903,-1999.85,-100.0,False,1,1,1,0,1,2
ANANTRAJ.NS,2023-07-27,2023-09-12,200.07,200,205,202.29,217.47,8.7,0.3712,74.2,2.29,1.145,2365.54,873,2365.54,118.31,True,1,1,1,0,1,2
ABREL.NS,2023-07-28,2023-09-13,1026.03,1025,1055,1038.62,1042.7,1.62,0.3536,77.8,13.62,1.328,2390.76,146,594.9,29.91,True,1,1,1,0,1,2
APARINDS.NS,2023-07-28,2023-09-13,3770.3,3770,3885,3821.67,4815.81,27.73,0.3173,77.9,51.67,1.371,2406.45,38,2406.45,122.56,True,1,1,1,1,1,3
ASHOKA.NS,2023-07-31,2023-09-14,99.85,100,105,102.07,106.95,7.11,0.3502,76.7,2.07,2.076,2821.62,964,2821.62,141.2,True,1,1,1,0,1,2
AJMERA.NS,2023-07-31,2023-09-14,77.18,75,80,77.45,75.38,-2.34,0.3024,55.9,2.45,3.177,2076.81,815,-1688.54,-84.5,False,1,1,1,0,1,2
ANANTRAJ.NS,2023-07-31,2023-09-14,201.12,200,205,202.38,221.66,10.22,0.3368,72.7,2.38,1.185,2195.66,839,2195.66,109.82,True,1,1,1,0,1,2
APLAPOLLO.NS,2023-07-31,2023-09-14,1577.61,1580,1625,1600.07,1625.01,3.01,0.2726,86.7,20.07,1.272,2468.43,99,2468.43,124.26,True,1,1,0,1,1,2
ALBERTDAVD.NS,2023-08-01,2023-09-15,758.93,760,780,769.02,749.55,-1.24,0.3057,84.6,9.02,1.189,2425.53,221,-1994.47,-100.0,False,1,1,0,1,1,2
ANANTRAJ.NS,2023-08-01,2023-09-15,203.26,205,210,207.13,221.51,8.98,0.2705,77.1,2.13,1.046,2701.32,940,2701.32,135.16,True,1,1,1,1,1,3
ASHOKA.NS,2023-08-02,2023-09-18,103.65,105,110,106.94,105.6,1.88,0.378,70.2,1.94,1.868,3165.42,1033,-1379.79,-69.0,False,1,1,1,1,1,3
AJMERA.NS,2023-08-02,2023-09-18,78.47,80,85,81.61,73.55,-6.27,0.2931,76.2,1.61,2.058,4190.91,1238,-1999.09,-100.0,False,1,1,1,1,1,3
ASHOKA.NS,2023-08-03,2023-09-20,105.55,105,110,107.2,106.0,0.43,0.3777,78.8,2.2,2.083,2546.11,909,-1089.89,-54.52,False,1,1,1,0,1,2
APOLLOTYRE.NS,2023-08-04,2023-09-21,422.38,420,435,426.9,356.22,-15.66,0.1967,67.7,6.9,1.634,2340.91,289,-1994.09,-100.0,False,1,1,1,0,1,2
APOLLO.NS,2023-08-07,2023-09-22,61.69,60,65,62.22,53.78,-12.82,0.6254,50.9,2.22,3.602,2497.19,899,-1997.81,-100.0,False,1,1,0,1,1,2
ALBERTDAVD.NS,2023-08-07,2023-09-22,805.05,805,830,816.2,738.37,-8.28,0.3049,90.6,11.2,1.392,2455.83,178,-1994.17,-100.0,False,1,1,0,1,1,2
APOLLOTYRE.NS,2023-08-08,2023-09-25,423.16,425,435,429.34,364.57,-13.84,0.178,64.6,4.34,1.025,2611.32,461,-1998.68,-100.0,False,1,1,1,0,1,2
APARINDS.NS,2023-08-08,2023-09-25,3864.63,3865,3980,3916.74,5373.86,39.05,0.3545,63.7,51.74,1.339,2403.84,38,2403.84,122.26,True,1,1,1,1,1,3
APARINDS.NS,2023-08-09,2023-09-26,3930.92,3930,4050,3983.98,5735.63,45.91,0.3505,64.1,53.98,1.373,2442.89,37,2442.89,122.32,True,1,1,1,0,1,2
APOLLOTYRE.NS,2023-08-09,2023-09-26,423.59,425,435,429.4,357.91,-15.51,0.1777,65.5,4.4,1.038,2542.89,454,-1997.11,-100.0,False,1,1,1,0,1,2
ANANDRATHI.NS,2023-08-11,2023-09-28,351.42,350,360,354.59,416.62,18.56,0.4576,92.6,4.59,1.307,2352.75,435,2352.75,117.8,True,1,1,0,1,1,2
APARINDS.NS,2023-08-11,2023-09-28,4013.18,4015,4135,4068.83,5420.0,35.06,0.3512,64.7,53.83,1.341,2448.19,37,2448.19,122.91,True,1,1,1,0,1,2
APARINDS.NS,2023-08-14,2023-09-29,4095.68,4095,4220,4151.2,5412.05,32.14,0.349,67.4,56.2,1.372,2407.99,35,2407.99,122.42,True,1,1,1,0,1,2
ANANTRAJ.NS,2023-08-16,2023-10-03,203.31,205,210,207.17,221.21,8.81,0.3722,59.3,2.17,1.065,2616.37,923,2616.37,130.91,True,1,1,1,1,1,3
APARINDS.NS,2023-08-16,2023-10-03,4242.85,4245,4370,4301.13,5430.38,27.99,0.3592,78.6,56.13,1.323,2410.33,35,2410.33,122.68,True,1,1,1,0,1,2
APARINDS.NS,2023-08-17,2023-10-04,4659.51,4660,4800,4722.65,5277.92,13.27,0.4487,84.2,62.65,1.345,2397.72,31,2397.72,123.45,True,1,1,0,1,1,2
APARINDS.NS,2023-08-18,2023-10-05,4804.55,4805,4950,4869.85,5328.41,10.9,0.4529,84.4,64.85,1.35,2404.39,30,2404.39,123.58,True,1,1,0,1,1,2
APARINDS.NS,2023-08-21,2023-10-06,4911.9,4910,5060,4977.23,5373.37,9.39,0.4459,89.6,67.23,1.369,2400.2,29,2400.2,123.1,True,1,1,0,1,1,2
ANANDRATHI.NS,2023-08-24,2023-10-11,351.91,350,360,354.62,470.36,33.66,0.4645,79.7,4.62,1.313,2323.64,432,2323.64,116.39,True,1,1,1,0,1,2
APLAPOLLO.NS,2023-08-24,2023-10-11,1638.62,1640,1690,1662.32,1657.18,1.13,0.3543,69.6,22.32,1.362,2463.26,89,-457.86,-23.05,False,1,1,1,0,1,2
ANANTRAJ.NS,2023-08-24,2023-10-11,205.75,205,210,207.34,227.6,10.62,0.3746,62.6,2.34,1.139,2265.59,853,2265.59,113.31,True,1,1,1,0,1,2
ANANTRAJ.NS,2023-08-25,2023-10-12,211.39,210,220,214.44,231.04,9.29,0.3725,66.0,4.44,2.1,2502.82,450,2502.82,125.32,True,1,1,1,1,1,3
APLAPOLLO.NS,2023-08-25,2023-10-12,1677.32,1675,1730,1699.74,1663.83,-0.8,0.3601,71.8,24.74,1.475,2420.85,80,-1979.15,-100.0,False,1,1,1,0,1,2
ANANTRAJ.NS,2023-08-28,2023-10-13,213.08,215,220,217.16,233.98,9.81,0.3728,65.4,2.16,1.015,2620.75,924,2620.75,131.09,True,1,1,1,0,1,2
ANANTRAJ.NS,2023-08-29,2023-10-16,218.42,220,225,222.19,239.02,9.43,0.3805,71.1,2.19,1.005,2556.19,911,2556.19,127.89,True,1,1,1,1,1,3
ANANDRATHI.NS,2023-08-30,2023-10-17,352.81,355,365,359.34,439.92,24.69,0.4016,74.9,4.34,1.231,2601.78,460,2601.78,130.2,True,1,1,1,1,1,3
ANGELONE.NS,2023-08-31,2023-10-18,178.46,180,185,182.15,206.25,15.57,0.4793,69.0,2.15,1.203,2656.17,931,2656.17,132.89,True,1,1,1,1,1,3
MARUTI.NS,2023-08-31,2023-10-18,9804.08,9805,10100,9932.1,10573.07,7.84,0.1383,78.3,127.1,1.296,2518.44,15,2518.44,132.09,True,1,1,1,1,1,3
ANANTRAJ.NS,2023-08-31,2023-10-18,218.92,220,225,222.23,239.26,9.29,0.3717,77.6,2.23,1.018,2486.75,897,2486.75,124.45,True,1,1,1,1,1,3
ANANTRAJ.NS,2023-09-01,2023-10-19,220.22,220,225,222.32,235.18,6.79,0.3536,77.2,2.32,1.054,2306.51,861,2306.51,115.41,True,1,1,1,0,1,2
ANGELONE.NS,2023-09-01,2023-10-19,182.79,185,190,187.11,210.01,14.89,0.4808,76.0,2.11,1.155,2735.02,947,2735.02,136.75,True,1,1,1,1,1,3
MARUTI.NS,2023-09-01,2023-10-19,10124.99,10125,10430,10259.15,10556.65,4.26,0.1732,85.9,134.15,1.325,2391.97,14,2391.97,127.37,True,1,1,0,1,1,2
APLAPOLLO.NS,2023-09-01,2023-10-19,1716.89,1715,1770,1739.76,1686.56,-1.77,0.3306,72.6,24.76,1.442,2418.83,80,-1981.17,-100.0,False,1,1,1,0,1,2
ANANTRAJ.NS,2023-09-04,2023-10-20,221.96,220,230,224.54,236.82,6.7,0.3536,80.0,4.54,2.046,2401.54,440,2401.54,120.17,True,1,1,1,0,1,2
MARUTI.NS,2023-09-04,2023-10-20,10155.57,10155,10460,10289.03,10511.52,3.5,0.1677,88.4,134.03,1.32,2393.56,14,2393.56,127.56,True,1,1,0,1,1,2
ANGELONE.NS,2023-09-04,2023-10-20,183.44,185,190,187.15,224.96,22.64,0.4818,72.4,2.15,1.173,2645.37,929,2645.37,132.29,True,1,1,1,0,1,2
APLAPOLLO.NS,2023-09-04,2023-10-20,1732.18,1730,1785,1754.82,1696.59,-2.05,0.3307,72.1,24.82,1.433,2414.5,80,-1985.5,-100.0,False,1,1,1,0,1,2
APLAPOLLO.NS,2023-09-05,2023-10-23,1782.21,1780,1835,1804.9,1627.5,-8.68,0.302,75.2,24.9,1.397,2408.0,80,-1992.0,-100.0,False,1,1,1,0,1,2
ABREL.NS,2023-09-05,2023-10-23,1109.47,1110,1145,1125.61,1056.63,-4.76,0.3629,67.3,15.61,1.407,2481.93,128,-1998.07,-100.0,False,1,1,1,1,1,3
ASHOKA.NS,2023-09-05,2023-10-23,112.5,110,115,112.37,130.4,15.91,0.5505,81.4,2.37,2.108,2215.43,843,2215.43,110.8,True,1,1,0,1,1,2
TITAN.NS,2023-09-05,2023-10-23,3106.35,3105,3200,3145.35,3189.16,2.67,0.1155,73.0,40.35,1.299,2678.04,49,2146.63,108.58,True,1,1,1,0,1,2
TITAN.NS,2023-09-06,2023-10-25,3145.87,3145,3240,3185.54,3157.56,0.37,0.1196,70.7,40.54,1.289,2668.66,49,-1370.98,-69.02,False,1,1,1,0,1,2
ASHOKA.NS,2023-09-07,2023-10-26,115.6,115,120,117.2,129.45,11.98,0.578,77.0,2.2,1.904,2541.84,908,2541.84,127.21,True,1,1,1,1,1,3
TITAN.NS,2023-09-08,2023-10-27,3168.7,3170,3265,3209.86,3091.05,-2.45,0.1155,76.1,39.86,1.258,2757.03,50,-1992.97,-100.0,False,1,1,1,0,1,2
ANANTRAJ.NS,2023-09-11,2023-10-30,231.34,230,240,234.47,239.66,3.6,0.3763,82.9,4.47,1.934,2470.34,447,2319.91,116.02,True,1,1,0,1,1,2
ABB.NS,2023-09-11,2023-10-30,4540.98,4540,4675,4600.81,4001.58,-11.88,0.27,68.7,60.81,1.339,2374.14,32,-1945.86,-100.0,False,1,1,1,1,1,3
TITAN.NS,2023-09-11,2023-10-30,3182.77,3185,3280,3224.55,3086.84,-3.01,0.1133,78.3,39.55,1.243,2772.46,50,-1977.54,-100.0,False,1,1,1,0,1,2
TCS.NS,2023-09-12,2023-10-31,3263.88,3265,3360,3306.58,3078.54,-5.68,0.1576,78.3,41.58,1.274,2563.98,48,-1996.02,-100.0,False,1,1,1,1,1,3
ICICIBANK.NS,2023-09-12,2023-10-31,974.53,975,1005,987.37,900.59,-7.59,0.11,66.5,12.37,1.269,2838.77,161,-1991.23,-100.0,False,1,1,1,0,1,2
TITAN.NS,2023-09-13,2023-11-01,3232.19,3230,3330,3273.43,3143.25,-2.75,0.1405,80.3,43.43,1.344,2602.3,46,-1997.7,-100.0,False,1,1,0,1,1,2
APARINDS.NS,2023-09-14,2023-11-02,5069.54,5070,5220,5137.54,5045.98,-0.46,0.3079,57.4,67.54,1.332,2391.47,29,-1958.53,-100.0,False,1,1,1,1,1,3
ICICIBANK.NS,2023-09-15,2023-11-03,976.44,975,1005,987.91,918.74,-5.91,0.1069,64.5,12.91,1.322,2632.43,154,-1987.57,-100.0,False,1,1,1,0,1,2
TCS.NS,2023-09-15,2023-11-03,3279.83,3280,3380,3322.89,3062.23,-6.63,0.1361,81.0,42.89,1.308,2626.88,46,-1973.12,-100.0,False,1,1,0,1,1,2
APARINDS.NS,2023-09-15,2023-11-03,5135.49,5135,5290,5204.7,5017.08,-2.31,0.2939,58.3,69.7,1.357,2388.52,28,-1951.48,-100.0,False,1,1,1,1,1,3
TITAN.NS,2023-09-18,2023-11-06,3307.77,3310,3405,3351.35,3236.01,-2.17,0.1514,83.9,41.35,1.25,2575.24,48,-1984.76,-100.0,False,1,1,0,1,1,2
APARINDS.NS,2023-09-18,2023-11-06,5174.27,5175,5330,5244.6,5059.71,-2.21,0.286,61.1,69.6,1.345,2391.31,28,-1948.69,-100.0,False,1,1,1,0,1,2
ANANDRATHI.NS,2023-09-18,2023-11-06,362.03,360,375,366.66,506.03,39.77,0.2011,63.4,6.66,1.841,2500.95,300,2500.95,125.11,True,1,1,1,0,1,2
APARINDS.NS,2023-09-20,2023-11-07,5385.91,5385,5545,5457.16,5018.91,-6.81,0.3154,72.4,72.16,1.34,2371.7,27,-1948.3,-100.0,False,1,1,1,1,1,3
ANANDRATHI.NS,2023-09-20,2023-11-07,375.67,375,385,379.63,505.95,34.68,0.2322,70.1,4.63,1.234,2312.37,431,2312.37,115.76,True,1,1,1,1,1,3
ANANDRATHI.NS,2023-09-21,2023-11-08,390.98,390,405,396.63,497.57,27.26,0.2642,77.9,6.63,1.696,2518.8,301,2518.8,126.18,True,1,1,1,0,1,2
MARUTI.NS,2023-09-22,2023-11-09,10324.82,10325,10635,10462.71,10192.71,-1.28,0.2025,58.7,137.71,1.334,2411.99,14,-1928.01,-100.0,False,1,1,1,1,1,3
MARUTI.NS,2023-09-25,2023-11-10,10376.81,10375,10690,10514.8,10181.39,-1.88,0.1976,59.4,139.8,1.347,2452.78,14,-1957.22,-100.0,False,1,1,1,0,1,2
APARINDS.NS,2023-09-26,2023-11-13,5735.63,5735,5910,5813.5,5363.48,-6.49,0.4084,74.7,78.5,1.369,2412.51,25,-1962.49,-100.0,False,1,1,1,1,1,3
ANGELONE.NS,2023-09-27,2023-11-15,185.51,185,190,187.29,291.36,57.06,0.4484,60.8,2.29,1.235,2361.6,872,2361.6,118.17,True,1,1,1,1,1,3
MARUTI.NS,2023-09-27,2023-11-15,10467.52,10470,10780,10607.6,10247.3,-2.1,0.2003,71.5,137.6,1.315,2413.53,14,-1926.47,-100.0,False,1,1,1,0,1,2
ASHOKA.NS,2023-09-29,2023-11-17,122.35,120,125,122.28,143.95,17.65,0.7204,59.2,2.28,1.867,2376.52,875,2376.52,118.92,True,1,1,1,1,1,3
BAJFINANCE.NS,2023-10-03,2023-11-20,783.1,785,805,793.84,694.75,-11.28,0.1944,78.9,8.84,1.129,2521.33,226,-1998.67,-100.0,False,1,1,1,0,1,2
ANANDRATHI.NS,2023-10-04,2023-11-21,438.04,440,450,444.47,564.73,28.92,0.3231,90.8,4.47,1.02,2472.66,447,2472.66,123.8,True,1,1,0,1,1,2
ASHOKA.NS,2023-10-04,2023-11-21,123.9,125,130,127.07,144.75,16.83,0.7245,78.7,2.07,1.672,2825.77,965,2825.77,141.34,True,1,1,1,0,1,2
APOLLO.NS,2023-10-04,2023-11-21,65.02,65,70,67.0,138.82,113.52,0.602,77.7,2.0,3.083,2986.82,997,2986.82,149.48,True,1,1,1,1,1,3
ASHOKA.NS,2023-10-05,2023-11-22,127.35,125,130,127.31,141.35,10.99,0.6577,79.6,2.31,1.815,2325.9,865,2325.9,116.35,True,1,1,1,0,1,2
ANGELONE.NS,2023-10-05,2023-11-22,189.85,190,195,192.25,284.19,49.69,0.4831,68.9,2.25,1.183,2451.73,890,2451.73,122.69,True,1,1,1,1,1,3
APOLLO.NS,2023-10-05,2023-11-22,69.16,70,75,71.92,131.88,90.69,0.6256,81.2,1.92,2.779,3201.3,1040,3201.3,160.17,True,1,1,0,1,1,2
ALBERTDAVD.NS,2023-10-05,2023-11-22,823.04,825,850,836.03,911.84,10.79,0.327,76.0,11.03,1.341,2528.04,181,2528.04,126.59,True,1,1,1,1,1,3
ANANTRAJ.NS,2023-10-05,2023-11-22,234.98,235,240,237.29,254.27,8.21,0.4455,65.2,2.29,0.975,2361.24,872,2361.24,118.14,True,1,1,1,1,1,3
BAJFINANCE.NS,2023-10-06,2023-11-23,802.85,805,825,813.94,695.24,-13.4,0.2387,75.4,8.94,1.113,2467.3,223,-1992.7,-100.0,False,1,1,1,1,1,3
ABREL.NS,2023-10-06,2023-11-23,1118.23,1120,1150,1133.4,1189.87,6.41,0.4786,58.8,13.4,1.199,2472.74,149,2472.74,123.81,True,1,1,1,0,1,2
ALBERTDAVD.NS,2023-10-06,2023-11-23,827.37,825,850,836.48,940.58,13.68,0.327,74.6,11.48,1.388,2352.22,174,2352.22,117.74,True,1,1,1,1,1,3
TCS.NS,2023-10-06,2023-11-23,3300.89,3300,3400,3343.6,3206.02,-2.87,0.1495,60.0,43.6,1.321,2538.01,45,-1961.99,-100.0,False,1,1,1,0,1,2
ANANDRATHI.NS,2023-10-09,2023-11-24,465.69,465,480,471.77,621.23,33.4,0.3212,91.4,6.77,1.453,2428.25,295,2428.25,121.61,True,1,1,0,1,1,2
TCS.NS,2023-10-09,2023-11-24,3316.34,3315,3415,3358.73,3159.28,-4.74,0.1486,57.0,43.73,1.319,2532.25,45,-1967.75,-100.0,False,1,1,1,1,1,3
ANGELONE.NS,2023-10-09,2023-11-24,194.73,195,200,197.24,292.12,50.01,0.4901,63.2,2.24,1.151,2461.14,892,2461.14,123.13,True,1,1,1,1,1,3
ABREL.NS,2023-10-10,2023-11-28,1141.31,1140,1175,1155.67,1227.54,7.55,0.5063,65.2,15.67,1.373,2455.5,127,2455.5,123.42,True,1,1,1,1,1,3
ALBERTDAVD.NS,2023-10-10,2023-11-28,838.71,840,865,851.13,1046.93,24.83,0.3489,74.3,11.13,1.327,2482.11,179,2482.11,124.55,True,1,1,1,0,1,2
AJMERA.NS,2023-10-10,2023-11-28,83.7,85,90,86.95,87.98,5.11,0.6312,66.3,1.95,2.324,3136.91,1027,1060.22,53.06,True,1,1,1,1,1,3
ANGELONE.NS,2023-10-10,2023-11-28,197.73,200,205,202.13,294.65,49.02,0.4863,64.9,2.13,1.077,2692.1,938,2692.1,134.75,True,1,1,1,1,1,3
ASHOKA.NS,2023-10-10,2023-11-28,132.65,135,140,137.02,136.35,2.79,0.647,81.9,2.02,1.521,2955.6,991,-661.55,-33.09,False,1,1,0,1,1,2
ANGELONE.NS,2023-10-11,2023-11-29,200.68,200,205,202.3,296.45,47.72,0.4874,74.1,2.3,1.146,2346.33,869,2346.33,117.39,True,1,1,1,0,1,2
ABREL.NS,2023-10-11,2023-11-29,1166.94,1165,1200,1180.73,1242.96,6.51,0.5059,71.6,15.73,1.348,2447.25,127,2447.25,122.5,True,1,1,1,0,1,2
ALBERTDAVD.NS,2023-10-11,2023-11-29,848.71,850,875,861.15,1047.23,23.39,0.347,80.4,11.15,1.314,2479.37,179,2479.37,124.24,True,1,1,0,1,1,2
ANGELONE.NS,2023-10-12,2023-11-30,201.13,200,205,202.35,294.44,46.39,0.4217,72.9,2.35,1.169,2252.14,850,2252.14,112.73,True,1,1,1,0,1,2
ABREL.NS,2023-10-12,2023-11-30,1173.55,1175,1210,1190.57,1257.54,7.16,0.4524,74.3,15.57,1.327,2486.65,128,2486.65,124.75,True,1,1,1,0,1,2
ABREL.NS,2023-10-13,2023-12-01,1179.27,1180,1215,1195.65,1271.27,7.8,0.4375,68.3,15.65,1.327,2457.92,127,2457.92,123.69,True,1,1,1,0,1,2
MARUTI.NS,2023-10-13,2023-12-01,10513.38,10515,10830,10654.73,10374.36,-1.32,0.2018,56.2,139.73,1.329,2453.81,14,-1956.19,-100.0,False,1,1,1,0,1,2
ABREL.NS,2023-10-16,2023-12-04,1181.07,1180,1215,1195.78,1316.2,11.44,0.4358,68.7,15.78,1.336,2421.2,126,2421.2,121.74,True,1,1,1,0,1,2
ANANTRAJ.NS,2023-10-16,2023-12-04,239.02,240,245,242.25,267.44,11.89,0.3789,69.0,2.25,0.943,2436.31,887,2436.31,121.9,True,1,1,1,0,1,2
MARUTI.NS,2023-10-17,2023-12-05,10536.17,10535,10850,10675.25,10507.85,-0.27,0.2023,56.3,140.25,1.331,2446.48,14,-1963.52,-100.0,False,1,1,1,0,1,2
ABREL.NS,2023-10-17,2023-12-05,1189.18,1190,1225,1205.66,1324.01,11.34,0.4303,73.5,15.66,1.317,2456.58,127,2456.58,123.54,True,1,1,1,0,1,2
AJMERA.NS,2023-10-17,2023-12-05,85.42,85,90,87.12,85.38,-0.06,0.6222,74.1,2.12,2.486,2707.0,941,-1644.95,-82.33,False,1,1,1,1,1,3
ANANTRAJ.NS,2023-10-18,2023-12-06,239.26,240,245,242.27,269.43,12.61,0.3791,64.8,2.27,0.948,2406.29,881,2406.29,120.39,True,1,1,1,0,1,2
APOLLO.NS,2023-10-18,2023-12-06,72.11,70,75,72.3,117.2,62.53,0.6075,73.3,2.3,3.184,2355.36,871,2355.36,117.79,True,1,1,1,1,1,3
ANGELONE.NS,2023-10-18,2023-12-06,206.25,205,210,207.37,301.62,46.24,0.3975,70.0,2.37,1.149,2216.48,843,2216.48,110.91,True,1,1,1,0,1,2
ALBERTDAVD.NS,2023-10-19,2023-12-07,850.14,850,875,861.29,1013.52,19.22,0.324,72.8,11.29,1.328,2427.09,177,2427.09,121.48,True,1,1,1,0,1,2
APOLLO.NS,2023-10-19,2023-12-07,76.75,75,80,77.25,122.59,59.73,0.6233,78.5,2.25,2.933,2441.09,888,2441.09,122.12,True,1,1,1,1,1,3
ANGELONE.NS,2023-10-20,2023-12-08,224.96,225,230,227.29,283.78,26.15,0.4275,89.2,2.29,1.018,2365.88,873,2365.88,118.35,True,1,1,0,1,1,2
ANGELONE.NS,2023-10-26,2023-12-13,231.72,230,240,234.49,291.67,25.87,0.4885,78.3,4.49,1.936,2453.83,445,2453.83,122.93,True,1,1,1,0,1,2
ANANTRAJ.NS,2023-10-27,2023-12-14,240.46,240,250,244.38,295.61,22.94,0.4712,54.7,4.38,1.822,2561.67,456,2561.67,128.19,True,1,1,0,1,1,2
APOLLO.NS,2023-10-31,2023-12-18,91.28,90,95,92.12,118.1,29.38,0.9407,75.7,2.12,2.328,2705.47,941,2705.47,135.31,True,1,1,1,1,1,3
ANANTRAJ.NS,2023-10-31,2023-12-18,242.26,240,250,244.56,294.47,21.55,0.4664,58.6,4.56,1.883,2382.3,438,2382.3,119.25,True,1,1,1,1,1,3
ANANDRATHI.NS,2023-11-01,2023-12-19,500.09,500,515,506.75,628.45,25.67,0.3878,61.6,6.75,1.349,2442.51,296,2442.51,122.28,True,1,1,1,1,1,3
APOLLO.NS,2023-11-01,2023-12-19,98.17,100,105,101.95,118.2,20.4,0.9543,80.1,1.95,1.985,3130.58,1026,3130.58,156.58,True,1,1,0,1,1,2
ANANDRATHI.NS,2023-11-03,2023-12-21,500.15,500,515,506.75,629.48,25.86,0.3937,63.2,6.75,1.35,2441.5,296,2441.5,122.17,True,1,1,1,0,1,2
ANANDRATHI.NS,2023-11-06,2023-12-22,506.03,505,520,511.83,637.56,25.99,0.3884,73.5,6.83,1.351,2384.28,292,2384.28,119.47,True,1,1,1,0,1,2
APOLLO.NS,2023-11-06,2023-12-22,103.07,105,110,106.96,114.55,11.14,0.9471,79.1,1.96,1.897,3111.6,1022,3111.6,155.7,True,1,1,1,0,1,2
ANANTRAJ.NS,2023-11-07,2023-12-26,245.85,245,255,249.44,298.26,21.32,0.3843,55.9,4.44,1.807,2501.03,450,2501.03,125.12,True,1,1,1,0,1,2
ANANTRAJ.NS,2023-11-08,2023-12-27,247.14,245,255,249.6,294.87,19.31,0.374,56.0,4.6,1.861,2343.89,434,2343.89,117.42,True,1,1,1,0,1,2
ARVINDFASN.NS,2023-11-08,2023-12-27,372.88,375,385,379.36,416.63,11.73,0.5422,53.0,4.36,1.169,2583.11,458,2583.11,129.36,True,1,1,0,1,1,2
ARVINDFASN.NS,2023-11-09,2023-12-28,375.26,375,385,379.49,408.72,8.92,0.5421,56.5,4.49,1.197,2451.35,445,2451.35,122.65,True,1,1,1,1,1,3
ARVINDFASN.NS,2023-11-10,2023-12-29,378.55,380,390,384.4,407.83,7.74,0.5422,60.0,4.4,1.163,2541.78,454,2541.78,127.2,True,1,1,1,1,1,3
ANANDRATHI.NS,2023-11-10,2023-12-29,511.15,510,525,516.85,640.74,25.35,0.389,69.3,6.85,1.34,2371.57,291,2371.57,118.97,True,1,1,1,0,1,2
ANGELONE.NS,2023-11-13,2024-01-01,270.21,270,280,274.39,343.98,27.3,0.5515,76.0,4.39,1.623,2560.06,456,2560.06,128.01,True,1,1,1,0,1,2
ALBERTDAVD.NS,2023-11-13,2024-01-01,853.69,855,880,866.13,953.59,11.7,0.2997,58.3,11.13,1.304,2481.84,179,2481.84,124.52,True,1,1,1,0,1,2
ANANDRATHI.NS,2023-11-13,2024-01-01,515.87,515,530,521.84,634.24,22.95,0.3817,73.1,6.84,1.325,2384.04,292,2384.04,119.44,True,1,1,1,0,1,2
ARVINDFASN.NS,2023-11-13,2024-01-01,383.37,385,395,389.4,409.12,6.72,0.5179,74.0,4.4,1.149,2540.46,454,2540.46,127.05,True,1,1,1,0,1,2
ANANTRAJ.NS,2023-11-13,2024-01-01,248.34,250,255,252.22,297.56,19.82,0.3629,76.3,2.22,0.895,2500.45,900,2500.45,125.05,True,1,1,1,0,1,2
ANGELONE.NS,2023-11-15,2024-01-02,291.36,290,300,294.47,339.44,16.5,0.5843,78.8,4.47,1.535,2471.17,447,2471.17,123.63,True,1,1,1,1,1,3
ALBERTDAVD.NS,2023-11-15,2024-01-02,900.11,900,925,911.34,952.55,5.83,0.3488,69.9,11.34,1.26,2403.37,176,2403.37,120.37,True,1,1,1,1,1,3
ANANTRAJ.NS,2023-11-15,2024-01-02,249.94,250,255,252.32,303.64,21.49,0.3567,72.3,2.32,0.929,2305.68,861,2305.68,115.32,True,1,1,1,0,1,2
ALBERTDAVD.NS,2023-11-16,2024-01-03,903.22,905,930,916.18,976.26,8.09,0.3466,81.5,11.18,1.238,2459.51,178,2459.51,123.56,True,1,1,0,1,1,2
ASHOKA.NS,2023-11-16,2024-01-03,146.6,145,150,147.34,142.7,-2.66,0.4629,79.9,2.34,1.598,2266.22,853,-1998.78,-100.0,False,1,1,1,1,1,3
ANANTRAJ.NS,2023-11-16,2024-01-03,251.98,250,260,254.59,309.03,22.64,0.3565,77.2,4.59,1.823,2351.94,435,2351.94,117.71,True,1,1,1,0,1,2
ANANTRAJ.NS,2023-11-17,2024-01-04,257.87,260,265,262.2,308.43,19.61,0.3637,74.1,2.2,0.854,2536.67,907,2536.67,126.94,True,1,1,1,0,1,2
ARVINDFASN.NS,2023-11-17,2024-01-04,410.81,410,425,416.62,425.23,3.51,0.5522,87.4,6.62,1.612,2530.47,302,2530.47,126.55,True,1,1,0,1,1,2
ALBERTDAVD.NS,2023-11-20,2024-01-05,917.41,915,945,928.63,1032.93,12.59,0.3321,78.5,13.63,1.485,2390.41,146,2390.41,120.15,True,1,1,1,1,1,3
TITAN.NS,2023-11-20,2024-01-05,3314.06,3315,3415,3359.13,3677.27,10.96,0.194,79.6,44.13,1.332,2514.25,45,2514.25,126.61,True,1,1,1,0,1,2
ANANDRATHI.NS,2023-11-20,2024-01-05,579.62,580,595,586.8,667.18,15.11,0.3979,84.7,6.8,1.172,2412.15,294,2412.15,120.74,True,1,1,0,1,1,2
APARINDS.NS,2023-11-20,2024-01-05,5801.53,5800,5975,5878.67,5749.81,-0.89,0.4044,77.2,78.67,1.356,2408.24,25,-1966.76,-100.0,False,1,1,1,0,1,2
ABREL.NS,2023-11-21,2024-01-08,1236.84,1235,1275,1252.98,1489.74,20.45,0.2477,85.9,17.98,1.454,2444.21,111,2444.21,122.47,True,1,1,0,1,1,2
TITAN.NS,2023-11-21,2024-01-08,3362.2,3360,3465,3406.63,3670.83,9.18,0.198,78.2,46.63,1.387,2451.4,42,2451.4,125.16,True,1,1,1,0,1,2
ARVINDFASN.NS,2023-11-21,2024-01-08,417.67,420,430,424.39,438.75,5.05,0.5396,93.5,4.39,1.052,2551.59,455,2551.59,127.68,True,1,1,0,1,1,2
AJMERA.NS,2023-11-21,2024-01-08,85.91,85,90,87.19,93.19,8.48,0.5227,72.7,2.19,2.55,2562.03,912,2562.03,128.23,True,1,1,1,1,1,3
ANANDRATHI.NS,2023-11-22,2024-01-09,600.54,600,620,608.92,687.39,14.46,0.4504,78.1,8.92,1.485,2481.9,224,2481.9,124.21,True,1,1,1,1,1,3
AJMERA.NS,2023-11-23,2024-01-10,87.52,90,95,91.72,93.67,7.02,0.4167,71.7,1.72,1.967,3806.57,1161,2260.43,113.11,True,1,1,1,1,1,3
ALBERTDAVD.NS,2023-11-23,2024-01-10,940.58,940,970,953.47,1067.88,13.53,0.3389,79.3,13.47,1.432,2446.94,148,2446.94,122.77,True,1,1,1,0,1,2
ANGELONE.NS,2023-11-24,2024-01-11,292.12,290,300,294.55,363.6,24.47,0.5383,60.7,4.55,1.558,2392.24,439,2392.24,119.75,True,1,1,1,0,1,2
ALBERTDAVD.NS,2023-11-24,2024-01-11,998.63,1000,1030,1013.37,1087.59,8.91,0.3477,85.0,13.37,1.338,2478.57,149,2478.57,124.46,True,1,1,0,1,1,2
TITAN.NS,2023-11-28,2024-01-12,3409.69,3410,3510,3453.77,3690.59,8.24,0.1533,74.9,43.77,1.284,2530.13,45,2530.13,128.44,True,1,1,1,0,1,2
ALBERTDAVD.NS,2023-11-28,2024-01-12,1046.93,1045,1080,1060.75,1081.43,3.3,0.3682,85.9,15.75,1.505,2424.9,126,2424.9,122.16,True,1,1,0,1,1,2
ANGELONE.NS,2023-11-28,2024-01-12,294.65,295,305,299.39,364.34,23.65,0.5196,73.1,4.39,1.489,2554.22,455,2554.22,127.98,True,1,1,1,0,1,2
AJMERA.NS,2023-11-28,2024-01-12,87.98,90,95,91.79,100.79,14.57,0.4256,71.4,1.79,2.04,3571.12,1114,3571.12,178.66,True,1,1,1,0,1,2
ABREL.NS,2023-11-29,2024-01-15,1242.96,1245,1280,1260.65,1442.52,16.06,0.3017,72.4,15.65,1.259,2457.65,127,2457.65,123.66,True,1,1,1,1,1,3
ANANTRAJ.NS,2023-11-29,2024-01-15,258.96,260,265,262.26,327.08,26.3,0.2136,70.4,2.26,0.873,2421.54,884,2421.54,121.17,True,1,1,1,1,1,3
ALBERTDAVD.NS,2023-11-29,2024-01-15,1047.23,1045,1080,1060.78,1077.58,2.9,0.3708,87.4,15.78,1.507,2421.32,126,2117.03,106.45,True,1,1,0,1,1,2
TITAN.NS,2023-11-30,2024-01-16,3457.43,3455,3560,3501.03,3784.0,9.45,0.1472,73.4,46.03,1.331,2535.83,43,2535.83,128.13,True,1,1,1,1,1,3
ANANDRATHI.NS,2023-11-30,2024-01-16,641.18,640,660,649.01,652.86,1.82,0.4557,84.1,9.01,1.406,2428.15,221,851.26,42.74,True,1,1,0,1,1,2
ANANTRAJ.NS,2023-11-30,2024-01-16,267.64,270,275,272.16,319.0,19.19,0.2364,75.9,2.16,0.808,2622.1,924,2622.1,131.24,True,1,1,1,1,1,3
ABREL.NS,2023-11-30,2024-01-16,1257.54,1260,1295,1275.62,1426.95,13.47,0.2952,71.2,15.62,1.242,2480.31,128,2480.31,124.03,True,1,1,1,0,1,2
APOLLOTYRE.NS,2023-12-01,2024-01-17,427.36,425,440,431.9,455.66,6.62,0.3278,68.9,6.9,1.615,2340.82,289,2340.82,117.38,True,1,1,1,1,1,3
ABREL.NS,2023-12-01,2024-01-17,1271.27,1270,1310,1288.03,1391.18,9.43,0.2927,71.9,18.03,1.418,2417.19,110,2417.19,121.91,True,1,1,1,0,1,2
APOLLOTYRE.NS,2023-12-04,2024-01-18,434.6,435,450,441.59,482.99,11.13,0.3276,71.8,6.59,1.517,2547.85,303,2547.85,127.57,True,1,1,1,0,1,2
ABREL.NS,2023-12-04,2024-01-18,1316.2,1315,1355,1333.1,1382.12,5.01,0.3072,76.1,18.1,1.375,2409.47,110,2409.47,121.05,True,1,1,1,1,1,3
ABB.NS,2023-12-04,2024-01-18,4552.68,4555,4690,4615.5,4630.94,1.72,0.2844,75.1,60.5,1.329,2458.61,33,509.69,25.53,True,1,1,1,1,1,3
ANANTRAJ.NS,2023-12-05,2024-01-19,270.98,270,280,274.45,315.71,16.51,0.2011,73.1,4.45,1.644,2490.03,449,2490.03,124.5,True,1,1,1,0,1,2
ABREL.NS,2023-12-05,2024-01-19,1324.01,1325,1365,1342.85,1393.96,5.28,0.2887,73.9,17.85,1.348,2480.65,112,2480.65,124.07,True,1,1,1,0,1,2
APOLLOTYRE.NS,2023-12-05,2024-01-19,443.01,445,455,449.47,486.28,9.77,0.3247,78.0,4.47,1.009,2471.2,447,2471.2,123.63,True,1,1,1,0,1,2
ABB.NS,2023-12-05,2024-01-19,4764.9,4765,4910,4830.11,4739.19,-0.54,0.3125,80.1,65.11,1.366,2396.64,30,-1953.36,-100.0,False,1,1,0,1,1,2
ICICIBANK.NS,2023-12-05,2024-01-19,997.11,995,1025,1008.69,983.09,-1.41,0.2139,77.8,13.69,1.373,2381.87,146,-1998.13,-100.0,False,1,1,1,1,1,3
APOLLOTYRE.NS,2023-12-06,2024-01-23,446.68,445,460,451.85,492.99,10.37,0.3207,75.1,6.85,1.534,2371.39,291,2371.39,118.95,True,1,1,1,0,1,2
ANGELONE.NS,2023-12-06,2024-01-23,301.62,300,310,304.55,286.43,-5.04,0.4835,57.2,4.55,1.51,2390.87,439,-1999.13,-100.0,False,1,1,1,1,1,3
ANANTRAJ.NS,2023-12-07,2024-01-24,277.41,275,285,279.75,313.82,13.12,0.2212,73.2,4.75,1.711,2211.72,421,2211.72,110.68,True,1,1,1,0,1,2
ABREL.NS,2023-12-07,2024-01-24,1325.3,1325,1365,1342.99,1347.0,1.64,0.2787,68.0,17.99,1.358,2442.78,111,444.4,22.25,True,1,1,1,0,1,2
ANANTRAJ.NS,2023-12-08,2024-01-25,278.66,280,285,282.26,315.11,13.08,0.2212,70.7,2.26,0.811,2422.21,884,2422.21,121.24,True,1,1,1,1,1,3
APTUS.NS,2023-12-08,2024-01-25,304.54,305,315,309.4,353.71,16.15,0.3309,70.2,4.4,1.446,2540.81,454,2540.81,127.09,True,1,1,1,1,1,3
TITAN.NS,2023-12-08,2024-01-25,3600.11,3600,3710,3647.22,3734.37,3.73,0.136,87.7,47.22,1.312,2636.59,42,2636.59,132.93,True,1,1,0,1,1,2
ASHOKA.NS,2023-12-11,2024-01-29,150.05,150,155,152.23,172.4,14.9,0.3881,60.1,2.23,1.485,2486.17,897,2486.17,124.38,True,1,1,1,1,1,3
TCS.NS,2023-12-11,2024-01-29,3329.07,3330,3430,3373.57,3497.75,5.07,0.1602,68.1,43.57,1.309,2539.57,45,2539.57,129.54,True,1,1,1,0,1,2
APTUS.NS,2023-12-11,2024-01-29,316.08,315,325,319.58,354.62,12.19,0.3456,80.6,4.58,1.45,2361.99,436,2361.99,118.22,True,1,1,0,1,1,2
ANANTRAJ.NS,2023-12-11,2024-01-29,287.49,285,295,289.77,310.08,7.86,0.2371,81.3,4.77,1.658,2192.93,419,2192.93,109.81,True,1,1,0,1,1,2
TCS.NS,2023-12-12,2024-01-30,3355.76,3355,3455,3398.93,3497.34,4.22,0.1576,72.5,43.93,1.309,2523.13,45,2523.13,127.63,True,1,1,1,0,1,2
ANANTRAJ.NS,2023-12-14,2024-02-01,295.61,295,305,299.49,313.92,6.19,0.2592,83.0,4.49,1.52,2450.23,445,2450.23,122.53,True,1,1,0,1,1,2
ANGELONE.NS,2023-12-14,2024-02-01,306.57,305,315,309.59,323.67,5.58,0.4227,62.4,4.59,1.496,2360.69,436,2360.69,118.08,True,1,1,1,0,1,2
ANANTRAJ.NS,2023-12-15,2024-02-02,297.26,295,305,299.73,322.09,8.35,0.2594,85.8,4.73,1.592,2222.74,422,2222.74,111.29,True,1,1,0,1,1,2
TCS.NS,2023-12-15,2024-02-02,3528.39,3530,3635,3576.8,3649.87,3.44,0.2355,82.9,46.8,1.326,2444.35,42,2444.35,124.35,True,1,1,0,1,1,2
ANGELONE.NS,2023-12-15,2024-02-02,313.07,315,320,317.25,321.69,2.75,0.4179,61.5,2.25,0.72,2435.52,887,2435.52,121.81,True,1,1,1,0,1,2
INFY.NS,2023-12-15,2024-02-02,1454.56,1455,1500,1475.03,1560.5,7.28,0.2546,75.4,20.03,1.377,2472.12,99,2472.12,124.67,True,1,1,1,1,1,3
ABB.NS,2023-12-18,2024-02-05,4805.99,4805,4950,4870.3,4294.56,-10.64,0.3225,79.6,65.3,1.359,2390.97,30,-1959.03,-100.0,False,1,1,1,0,1,2
ANGELONE.NS,2023-12-18,2024-02-05,322.09,320,330,324.65,309.57,-3.89,0.417,64.1,4.65,1.442,2302.16,430,-1997.84,-100.0,False,1,1,1,0,1,2
ANANTRAJ.NS,2023-12-19,2024-02-06,302.4,300,310,304.76,326.43,7.95,0.2528,82.1,4.76,1.575,2194.4,419,2194.4,109.96,True,1,1,0,1,1,2
TITAN.NS,2023-12-26,2024-02-12,3621.95,3620,3730,3668.2,3551.18,-1.95,0.1515,64.3,48.2,1.331,2533.77,41,-1976.23,-100.0,False,1,1,1,0,1,2
AJMERA.NS,2023-12-26,2024-02-12,88.72,90,95,91.65,134.61,51.72,0.2399,62.8,1.65,1.858,4065.31,1213,4065.31,203.3,True,1,1,1,0,1,2
TITAN.NS,2023-12-27,2024-02-13,3654.19,3655,3765,3702.62,3526.12,-3.5,0.1486,66.9,47.62,1.303,2557.59,41,-1952.41,-100.0,False,1,1,1,0,1,2
TITAN.NS,2023-12-28,2024-02-14,3679.8,3680,3790,3727.77,3551.48,-3.49,0.1465,65.9,47.77,1.298,2551.27,41,-1958.73,-100.0,False,1,1,1,0,1,2
APARINDS.NS,2023-12-28,2024-02-14,5921.63,5920,6100,6000.92,5994.05,1.22,0.2784,77.8,80.92,1.367,2377.82,24,-164.9,-8.49,False,1,1,1,1,1,3
ANGELONE.NS,2023-12-28,2024-02-14,328.22,330,340,334.34,315.67,-3.82,0.442,67.5,4.34,1.322,2603.46,460,-1996.54,-100.0,False,1,1,1,0,1,2
ANGELONE.NS,2023-12-29,2024-02-15,334.81,335,345,339.47,315.08,-5.89,0.4427,78.1,4.47,1.335,2472.76,447,-1997.24,-100.0,False,1,1,1,0,1,2
APARINDS.NS,2023-12-29,2024-02-15,5981.01,5980,6160,6060.92,6034.27,0.89,0.2721,86.8,80.92,1.353,2377.88,24,-639.72,-32.94,False,1,1,0,1,1,2
ANGELONE.NS,2024-01-01,2024-02-16,343.98,345,355,349.42,315.6,-8.25,0.4467,79.7,4.42,1.284,2523.27,452,-1996.73,-100.0,False,1,1,1,0,1,2
AJMERA.NS,2024-01-02,2024-02-19,89.14,90,95,91.78,140.16,57.24,0.2559,74.5,1.78,1.997,3615.64,1123,3615.64,180.84,True,1,1,1,0,1,2
ANANTRAJ.NS,2024-01-02,2024-02-19,303.64,305,315,309.3,345.23,13.7,0.32,63.8,4.3,1.415,2651.79,465,2651.79,132.71,True,1,1,1,0,1,2
ANANTRAJ.NS,2024-01-03,2024-02-20,309.03,310,320,314.35,344.34,11.42,0.3216,64.6,4.35,1.409,2592.1,459,2592.1,129.74,True,1,1,1,0,1,2
AJMERA.NS,2024-01-04,2024-02-21,91.58,90,95,92.35,144.65,57.95,0.2892,71.6,2.35,2.561,2262.02,852,2262.02,113.22,True,1,1,1,1,1,3
TITAN.NS,2024-01-04,2024-02-21,3684.35,3685,3795,3732.44,3621.61,-1.7,0.1387,68.4,47.44,1.288,2627.55,42,-1992.45,-100.0,False,1,1,1,0,1,2
ABREL.NS,2024-01-04,2024-02-21,1391.38,1390,1435,1410.05,1430.04,2.78,0.505,70.5,20.05,1.441,2470.38,99,1978.98,99.72,True,1,1,1,1,1,3
ANGELONE.NS,2024-01-05,2024-02-22,359.42,360,370,364.48,295.22,-17.86,0.394,73.0,4.48,1.246,2463.01,446,-1996.99,-100.0,False,1,1,1,0,1,2
ANANDRATHI.NS,2024-01-05,2024-02-22,667.18,665,685,674.24,904.38,35.55,0.2974,63.8,9.24,1.384,2324.8,216,2324.8,116.52,True,1,1,1,0,1,2
ANANTRAJ.NS,2024-01-05,2024-02-22,317.86,320,325,322.26,338.65,6.54,0.3209,63.8,2.26,0.71,2431.72,886,2431.72,121.69,True,1,1,1,0,1,2
APTUS.NS,2024-01-05,2024-02-22,317.38,315,325,319.73,334.75,5.47,0.3298,57.2,4.73,1.489,2231.05,423,2231.05,111.61,True,1,1,1,0,1,2
ABREL.NS,2024-01-05,2024-02-22,1406.2,1405,1450,1425.05,1416.11,0.7,0.5043,75.9,20.05,1.426,2469.92,99,-885.68,-44.62,False,1,1,1,1,1,3
ARVINDFASN.NS,2024-01-08,2024-02-23,438.75,440,450,444.52,474.65,8.18,0.3364,67.5,4.52,1.031,2420.66,442,2420.66,121.07,True,1,1,1,0,1,2
ANANDRATHI.NS,2024-01-08,2024-02-23,681.73,680,700,689.21,911.44,33.69,0.2721,69.5,9.21,1.352,2340.64,217,2340.64,117.07,True,1,1,1,0,1,2
ALBERTDAVD.NS,2024-01-08,2024-02-23,1054.47,1055,1085,1068.53,1333.27,26.44,0.3304,69.9,13.53,1.283,2421.8,147,2421.8,121.81,True,1,1,1,1,1,3
AJMERA.NS,2024-01-08,2024-02-23,93.19,95,100,96.7,148.54,59.39,0.2943,71.3,1.7,1.822,3886.3,1177,3886.3,194.44,True,1,1,1,0,1,2
ABREL.NS,2024-01-08,2024-02-23,1489.74,1490,1535,1509.99,1425.76,-4.29,0.5317,83.1,19.99,1.342,2501.12,100,-1998.88,-100.0,False,1,1,0,1,1,2
ANGELONE.NS,2024-01-08,2024-02-23,365.33,365,375,369.57,292.78,-19.86,0.3501,72.2,4.57,1.25,2373.81,437,-1996.19,-100.0,False,1,1,1,0,1,2
ANANDRATHI.NS,2024-01-09,2024-02-26,687.39,685,710,696.26,911.4,32.59,0.2717,70.5,11.26,1.638,2432.04,177,2432.04,122.03,True,1,1,1,0,1,2
ABREL.NS,2024-01-09,2024-02-26,1532.63,1535,1580,1554.9,1484.27,-3.16,0.5327,84.1,19.9,1.298,2510.15,100,-1989.85,-100.0,False,1,1,0,1,1,2
ALBERTDAVD.NS,2024-01-09,2024-02-26,1071.18,1070,1105,1085.72,1324.25,23.63,0.333,72.2,15.72,1.468,2448.24,127,2448.24,122.61,True,1,1,1,1,1,3
ARVINDFASN.NS,2024-01-09,2024-02-26,440.54,440,455,446.71,486.58,10.45,0.3293,64.8,6.71,1.523,2470.23,298,2470.23,123.53,True,1,1,1,0,1,2
ABB.NS,2024-01-09,2024-02-26,4837.45,4835,4985,4902.37,5206.92,7.64,0.2737,54.3,67.37,1.393,2396.16,29,2396.16,122.64,True,1,1,0,1,1,2
APOLLOTYRE.NS,2024-01-09,2024-02-26,452.37,450,465,456.95,508.3,12.36,0.2984,56.5,6.95,1.536,2310.38,287,2310.38,115.83,True,1,1,1,0,1,2
ASHOKA.NS,2024-01-09,2024-02-26,161.85,160,165,162.32,179.25,10.75,0.5655,66.6,2.32,1.436,2301.17,860,2301.17,115.13,True,1,1,1,1,1,3
AJMERA.NS,2024-01-10,2024-02-27,93.67,95,100,96.71,146.13,56.01,0.2518,68.0,1.71,1.824,3850.69,1170,3850.69,192.6,True,1,1,1,0,1,2
ABREL.NS,2024-01-10,2024-02-27,1579.2,1580,1625,1600.03,1472.92,-6.73,0.5363,87.9,20.03,1.268,2472.23,99,-1982.77,-100.0,False,1,1,0,1,1,2
ARVINDFASN.NS,2024-01-10,2024-02-27,468.28,470,480,474.51,483.85,3.32,0.3785,90.5,4.51,0.964,2430.43,443,2430.43,121.55,True,1,1,0,1,1,2
ANANTRAJ.NS,2024-01-10,2024-02-27,318.45,320,330,324.3,347.98,9.27,0.3015,77.0,4.3,1.349,2652.14,465,2652.14,132.75,True,1,1,1,0,1,2
RELIANCE.NS,2024-01-10,2024-02-27,1309.26,1310,1350,1327.2,1467.95,12.12,0.1526,72.3,17.2,1.314,2644.91,116,2644.91,132.57,True,1,1,1,0,1,2
ABB.NS,2024-01-10,2024-02-27,4852.49,4850,5000,4917.38,5358.61,10.43,0.2677,71.8,67.38,1.389,2396.06,29,2396.06,122.63,True,1,1,1,0,1,2
APTUS.NS,2024-01-11,2024-02-28,329.44,330,340,334.43,317.32,-3.68,0.293,62.8,4.43,1.343,2513.89,451,-1996.11,-100.0,False,1,1,1,1,1,3
RELIANCE.NS,2024-01-11,2024-02-28,1343.7,1345,1385,1362.37,1438.28,7.04,0.1706,75.4,17.37,1.293,2602.33,115,2602.33,130.27,True,1,1,1,1,1,3
ANANTRAJ.NS,2024-01-11,2024-02-28,319.3,320,330,324.39,338.75,6.09,0.3004,71.1,4.39,1.376,2550.8,455,2550.8,127.59,True,1,1,1,0,1,2
AJMERA.NS,2024-01-11,2024-02-28,99.99,100,105,102.08,139.74,39.75,0.327,76.7,2.08,2.085,2795.5,959,2795.5,139.81,True,1,1,1,1,1,3
APOLLOTYRE.NS,2024-01-11,2024-02-28,452.91,455,465,459.47,490.19,8.23,0.296,74.7,4.47,0.987,2471.64,447,2471.64,123.68,True,1,1,1,0,1,2
ANANDRATHI.NS,2024-01-11,2024-02-28,692.34,690,715,701.26,905.64,30.81,0.2724,77.7,11.26,1.627,2431.32,177,2431.32,121.95,True,1,1,1,0,1,2
AJMERA.NS,2024-01-12,2024-02-29,100.79,100,105,102.22,144.62,43.49,0.3266,76.6,2.22,2.202,2505.14,901,2505.14,125.27,True,1,1,1,0,1,2
TCS.NS,2024-01-12,2024-02-29,3548.31,3550,3655,3597.06,3768.39,6.2,0.2776,55.3,47.06,1.326,2433.62,42,2433.62,123.14,True,1,1,1,1,1,3
ANANDRATHI.NS,2024-01-12,2024-02-29,695.44,695,715,704.08,903.36,29.9,0.2554,76.7,9.08,1.305,2403.33,220,2403.33,120.37,True,1,1,1,0,1,2
TITAN.NS,2024-01-12,2024-02-29,3690.59,3690,3800,3736.69,3589.96,-2.73,0.1129,68.2,46.69,1.265,2659.03,42,-1960.97,-100.0,False,1,1,1,0,1,2
RELIANCE.NS,2024-01-12,2024-02-29,1354.39,1355,1395,1372.52,1443.39,6.57,0.169,76.8,17.52,1.294,2562.63,114,2562.63,128.3,True,1,1,1,0,1,2
ANANTRAJ.NS,2024-01-12,2024-02-29,327.08,325,335,329.72,349.07,6.72,0.2962,75.2,4.72,1.444,2231.91,423,2231.91,111.7,True,1,1,1,0,1,2
INFY.NS,2024-01-12,2024-02-29,1486.22,1485,1530,1505.32,1542.57,3.79,0.3821,57.2,20.32,1.367,2419.07,98,2419.07,121.5,True,1,1,1,1,1,3
APTUS.NS,2024-01-12,2024-02-29,330.73,330,340,334.58,339.03,2.51,0.2901,62.8,4.58,1.383,2370.6,437,1946.87,97.37,True,1,1,1,0,1,2
TITAN.NS,2024-01-15,2024-03-01,3723.13,3725,3835,3771.28,3730.12,0.19,0.1155,68.6,46.28,1.243,2740.09,43,-1769.94,-88.95,False,1,1,1,0,1,2
TCS.NS,2024-01-15,2024-03-01,3567.5,3565,3675,3614.14,3767.7,5.61,0.2107,59.8,49.14,1.378,2434.22,40,2434.22,123.83,True,1,1,1,0,1,2
RELIANCE.NS,2024-01-15,2024-03-01,1377.51,1380,1420,1397.26,1474.35,7.03,0.1721,79.0,17.26,1.253,2614.68,115,2614.68,131.7,True,1,1,1,0,1,2
AJMERA.NS,2024-01-15,2024-03-01,101.27,100,105,102.3,144.9,43.09,0.3267,76.4,2.3,2.271,2346.64,869,2346.64,117.43,True,1,1,1,0,1,2
INFY.NS,2024-01-15,2024-03-01,1522.48,1520,1570,1542.53,1524.88,0.16,0.3501,64.7,22.53,1.48,2417.42,88,-1553.36,-78.35,False,1,1,1,1,1,3
APOLLOTYRE.NS,2024-01-15,2024-03-01,456.19,455,470,461.81,511.73,12.17,0.2947,77.4,6.81,1.493,2399.42,293,2399.42,120.24,True,1,1,1,0,1,2
ARVINDFASN.NS,2024-01-16,2024-03-04,482.35,480,495,486.9,462.62,-4.09,0.4173,78.2,6.9,1.431,2339.94,289,-1995.06,-100.0,False,1,1,1,0,1,2
APTUS.NS,2024-01-16,2024-03-04,333.37,335,345,339.3,328.78,-1.38,0.2815,68.8,4.3,1.291,2643.24,464,-1996.76,-100.0,False,1,1,1,0,1,2
APOLLOTYRE.NS,2024-01-16,2024-03-04,456.48,455,470,461.85,516.85,13.22,0.2945,75.8,6.85,1.5,2380.69,292,2380.69,119.08,True,1,1,1,0,1,2
TITAN.NS,2024-01-16,2024-03-04,3784.0,3785,3900,3833.72,3696.93,-2.3,0.1255,71.6,48.72,1.287,2717.58,41,-1997.42,-100.0,False,1,1,1,1,1,3
TITAN.NS,2024-01-17,2024-03-05,3793.66,3795,3905,3842.09,3715.11,-2.07,0.124,70.0,47.09,1.241,2642.17,42,-1977.83,-100.0,False,1,1,1,0,1,2
AJMERA.NS,2024-01-18,2024-03-06,113.59,115,120,117.03,144.81,27.49,0.5387,89.8,2.03,1.786,2930.01,986,2930.01,146.5,True,1,1,0,1,1,2
APTUS.NS,2024-01-18,2024-03-06,347.59,350,360,354.3,320.83,-7.7,0.3485,76.7,4.3,1.237,2650.43,465,-1999.57,-100.0,False,1,1,1,1,1,3
APOLLOTYRE.NS,2024-01-18,2024-03-06,482.99,485,495,489.51,517.04,7.05,0.2812,77.9,4.51,0.934,2431.6,443,2431.6,121.68,True,1,1,1,1,1,3
APTUS.NS,2024-01-19,2024-03-07,353.33,355,365,359.38,331.71,-6.12,0.3502,75.4,4.38,1.239,2563.95,456,-1996.05,-100.0,False,1,1,1,0,1,2
ALBERTDAVD.NS,2024-01-19,2024-03-07,1218.49,1220,1255,1235.52,1171.22,-3.88,0.5304,86.6,15.52,1.274,2492.86,128,-1987.14,-100.0,False,1,1,0,1,1,2
AJMERA.NS,2024-01-19,2024-03-07,118.02,120,125,121.99,145.2,23.03,0.5429,90.6,1.99,1.69,3011.23,1002,3011.23,150.65,True,1,1,0,1,1,2
TCS.NS,2024-01-19,2024-03-07,3628.47,3630,3735,3676.85,3780.81,4.2,0.2154,62.2,46.85,1.291,2442.1,42,2442.1,124.1,True,1,1,1,0,1,2
INFY.NS,2024-01-19,2024-03-07,1529.02,1530,1575,1550.2,1489.63,-2.58,0.3463,64.9,20.2,1.321,2455.69,99,-1999.31,-100.0,False,1,1,1,0,1,2
APOLLOTYRE.NS,2024-01-19,2024-03-07,486.28,485,500,491.87,499.07,2.63,0.2788,79.6,6.87,1.413,2365.85,291,2096.66,104.88,True,1,1,1,0,1,2
ALBERTDAVD.NS,2024-01-23,2024-03-11,1272.8,1275,1310,1290.52,1095.52,-13.93,0.5391,88.6,15.52,1.219,2493.32,128,-1986.68,-100.0,False,1,1,0,1,1,2
ASHOKA.NS,2024-01-24,2024-03-12,163.0,165,170,167.09,155.6,-4.54,0.4942,74.3,2.09,1.284,2776.56,955,-1998.44,-100.0,False,1,1,1,0,1,2
ASAL.NS,2024-01-24,2024-03-12,486.6,485,500,491.8,601.75,23.66,0.4798,74.1,6.8,1.398,2410.43,294,2410.43,120.55,True,1,1,1,1,1,3
INFY.NS,2024-01-24,2024-03-12,1543.95,1545,1590,1565.21,1486.4,-3.73,0.3467,76.5,20.21,1.309,2429.48,98,-1980.52,-100.0,False,1,1,1,0,1,2
ALBERTDAVD.NS,2024-01-24,2024-03-12,1335.78,1335,1375,1352.81,1100.9,-17.58,0.5515,89.6,17.81,1.333,2485.77,112,-1994.23,-100.0,False,1,1,0,1,1,2
ANANDRATHI.NS,2024-01-24,2024-03-12,728.77,730,750,738.97,968.91,32.95,0.3657,75.1,8.97,1.231,2448.89,222,2448.89,122.99,True,1,1,1,0,1,2
ANANDRATHI.NS,2024-01-25,2024-03-13,751.53,750,775,761.27,944.38,25.66,0.3719,75.9,11.27,1.5,2429.8,177,2429.8,121.78,True,1,1,1,0,1,2
APTUS.NS,2024-01-25,2024-03-13,353.71,355,365,359.41,298.98,-15.47,0.3549,75.0,4.41,1.247,2531.13,453,-1998.87,-100.0,False,1,1,1,0,1,2
ALBERTDAVD.NS,2024-01-25,2024-03-13,1510.0,1510,1555,1529.73,1033.08,-31.58,0.6678,92.4,19.73,1.307,2552.13,101,-1992.87,-100.0,False,1,1,0,1,1,2
TITAN.NS,2024-01-29,2024-03-14,3829.91,3830,3945,3880.88,3605.56,-5.86,0.1884,63.9,50.88,1.328,2500.81,39,-1984.19,-100.0,False,1,1,1,0,1,2
ARVINDFASN.NS,2024-01-29,2024-03-14,489.96,490,505,496.73,444.37,-9.3,0.3648,69.8,6.73,1.373,2456.56,297,-1998.44,-100.0,False,1,1,1,0,1,2
APTUS.NS,2024-01-29,2024-03-14,354.62,355,365,359.49,306.15,-13.67,0.343,74.8,4.49,1.267,2450.23,445,-1999.77,-100.0,False,1,1,1,0,1,2
ASHOKA.NS,2024-01-29,2024-03-14,172.4,170,180,174.45,160.05,-7.16,0.5246,78.9,4.45,2.583,2490.81,449,-1999.19,-100.0,False,1,1,1,0,1,2
RELIANCE.NS,2024-01-29,2024-03-14,1430.8,1430,1475,1450.22,1414.42,-1.14,0.3146,72.9,20.22,1.413,2428.47,98,-1981.53,-100.0,False,1,1,1,1,1,3
APARINDS.NS,2024-01-30,2024-03-15,5996.18,5995,6175,6075.73,6018.01,0.36,0.4433,52.9,80.73,1.346,2382.58,24,-1385.1,-71.49,False,1,1,0,1,1,2
ARVINDFASN.NS,2024-01-30,2024-03-15,495.73,495,510,501.81,449.74,-9.28,0.3625,69.7,6.81,1.373,2400.35,293,-1994.65,-100.0,False,1,1,1,0,1,2
ASHOKA.NS,2024-01-30,2024-03-15,177.75,180,185,182.1,163.2,-8.19,0.5287,82.0,2.1,1.183,2751.52,950,-1998.48,-100.0,False,1,1,0,1,1,2
APARINDS.NS,2024-01-31,2024-03-18,6245.71,6245,6435,6329.94,6034.22,-3.39,0.4662,61.9,84.94,1.36,2416.39,23,-1953.61,-100.0,False,1,1,1,1,1,3
ARVINDFASN.NS,2024-01-31,2024-03-18,518.95,520,535,526.68,452.42,-12.82,0.3832,73.7,6.68,1.287,2488.27,299,-1996.73,-100.0,False,1,1,1,0,1,2
APTUS.NS,2024-01-31,2024-03-18,358.74,360,370,364.42,306.01,-14.7,0.3883,74.1,4.42,1.233,2520.2,452,-1999.8,-100.0,False,1,1,1,0,1,2
ANANDRATHI.NS,2024-01-31,2024-03-18,755.5,755,780,766.18,892.76,18.17,0.3433,70.7,11.18,1.48,2460.28,178,2460.28,123.65,True,1,1,1,0,1,2
ASHOKA.NS,2024-01-31,2024-03-18,182.15,180,190,184.44,157.05,-13.78,0.5187,75.8,4.44,2.439,2500.88,450,-1999.12,-100.0,False,1,1,1,0,1,2
APOLLOTYRE.NS,2024-01-31,2024-03-18,522.06,520,540,528.98,442.47,-15.25,0.2842,88.4,8.98,1.719,2447.19,222,-1992.81,-100.0,False,1,1,0,1,1,2
APTUS.NS,2024-02-01,2024-03-19,359.46,360,370,364.48,299.41,-16.7,0.3872,74.7,4.48,1.247,2461.04,446,-1998.96,-100.0,False,1,1,1,0,1,2
ANANDRATHI.NS,2024-02-01,2024-03-19,793.93,795,820,806.09,900.02,13.36,0.372,76.4,11.09,1.397,2504.21,180,2504.21,125.47,True,1,1,1,0,1,2
TCS.NS,2024-02-02,2024-03-20,3649.87,3650,3760,3699.1,3654.1,0.12,0.2289,70.5,49.1,1.345,2436.12,40,-1799.91,-91.65,False,1,1,1,0,1,2
RELIANCE.NS,2024-02-02,2024-03-20,1440.33,1440,1485,1460.19,1426.55,-0.96,0.3354,65.2,20.19,1.402,2456.1,99,-1998.9,-100.0,False,1,1,1,0,1,2
APARINDS.NS,2024-02-02,2024-03-20,6247.88,6250,6435,6332.76,6076.11,-2.75,0.4529,71.5,82.76,1.325,2453.73,24,-1986.27,-100.0,False,1,1,1,0,1,2
ANANDRATHI.NS,2024-02-02,2024-03-20,811.68,810,835,821.36,890.03,9.65,0.3738,77.7,11.36,1.4,2386.26,175,2386.26,119.99,True,1,1,1,0,1,2
AJMERA.NS,2024-02-02,2024-03-20,118.85,120,125,122.06,136.72,15.03,0.6826,69.4,2.06,1.736,2845.15,969,2845.15,142.27,True,1,1,1,0,1,2
ASHOKA.NS,2024-02-05,2024-03-21,182.6,185,190,187.1,160.45,-12.13,0.5319,71.3,2.1,1.151,2755.47,951,-1999.53,-100.0,False,1,1,1,0,1,2
TCS.NS,2024-02-05,2024-03-21,3656.31,3655,3765,3704.29,3655.99,-0.01,0.2256,62.1,49.29,1.348,2428.28,40,-1932.28,-98.0,False,1,1,1,0,1,2
MARUTI.NS,2024-02-06,2024-03-22,10628.34,10630,10945,10771.51,12091.39,13.77,0.2743,65.9,141.51,1.331,2428.86,14,2428.86,122.6,True,1,1,1,0,1,2
AJMERA.NS,2024-02-06,2024-03-22,140.63,140,145,142.14,142.0,0.98,0.905,77.2,2.14,1.518,2681.29,936,-125.13,-6.26,False,1,1,1,1,1,3
TCS.NS,2024-02-06,2024-03-22,3806.03,3805,3920,3856.64,3598.89,-5.44,0.2543,70.6,51.64,1.357,2407.57,38,-1962.43,-100.0,False,1,1,1,1,1,3
ARVINDFASN.NS,2024-02-06,2024-03-22,519.49,520,535,526.72,439.6,-15.38,0.3903,71.5,6.72,1.294,2458.44,297,-1996.56,-100.0,False,1,1,1,0,1,2
INFY.NS,2024-02-06,2024-03-22,1593.76,1595,1640,1615.26,1390.47,-12.76,0.3273,67.5,20.26,1.271,2424.27,98,-1985.73,-100.0,False,1,1,1,0,1,2
APARINDS.NS,2024-02-07,2024-03-26,6365.16,6365,6555,6449.79,6966.04,9.44,0.4998,71.8,84.79,1.332,2419.79,23,2419.79,124.08,True,1,1,1,0,1,2
ABFRL.NS,2024-02-07,2024-03-26,262.8,265,270,267.2,207.0,-21.23,0.3339,75.2,2.2,0.838,2540.97,908,-1999.03,-100.0,False,1,1,1,1,1,3
ASAL.NS,2024-02-07,2024-03-26,554.9,555,570,561.46,570.5,2.81,0.8356,75.1,6.46,1.164,2638.36,309,2638.36,132.14,True,1,1,1,1,1,3
MARUTI.NS,2024-02-07,2024-03-26,10717.38,10715,11040,10861.02,12005.98,12.02,0.2716,65.9,146.02,1.362,2326.69,13,2326.69,122.57,True,1,1,1,0,1,2
ASAL.NS,2024-02-08,2024-03-27,622.65,625,640,631.36,568.6,-8.68,0.9085,82.7,6.36,1.021,2713.87,314,-1996.13,-100.0,False,1,1,0,1,1,2
ARVINDFASN.NS,2024-02-08,2024-03-27,520.24,520,535,526.78,443.97,-14.66,0.3983,67.5,6.78,1.303,2416.47,294,-1993.53,-100.0,False,1,1,1,0,1,2
ANANTRAJ.NS,2024-02-08,2024-03-27,342.44,340,355,346.76,310.33,-9.38,0.3017,70.5,6.76,1.975,2429.8,295,-1995.2,-100.0,False,1,1,1,1,1,3
ASAL.NS,2024-02-09,2024-03-28,648.4,650,670,658.46,573.95,-11.48,0.8755,83.8,8.46,1.305,2722.66,236,-1997.34,-100.0,False,1,1,0,1,1,2
ANANTRAJ.NS,2024-02-09,2024-03-28,345.28,345,355,349.55,310.53,-10.07,0.302,70.7,4.55,1.317,2394.21,439,-1995.79,-100.0,False,1,1,1,0,1,2
RELIANCE.NS,2024-02-09,2024-03-28,1443.34,1445,1485,1463.0,1468.15,1.72,0.3323,64.9,18.0,1.247,2442.42,111,571.53,28.61,True,1,1,1,0,1,2
RELIANCE.NS,2024-02-13,2024-04-02,1447.64,1450,1490,1467.94,1469.23,1.49,0.3248,73.2,17.94,1.239,2449.09,111,143.86,7.23,True,1,1,1,0,1,2
TCS.NS,2024-02-13,2024-04-02,3818.45,3820,3935,3871.06,3573.95,-6.4,0.2223,77.0,51.06,1.337,2493.49,39,-1991.51,-100.0,False,1,1,1,0,1,2
MARUTI.NS,2024-02-14,2024-04-03,10807.79,10810,11130,10953.82,12179.74,12.69,0.2873,73.2,143.82,1.331,2290.29,13,2290.29,122.49,True,1,1,1,0,1,2
RELIANCE.NS,2024-02-14,2024-04-03,1463.72,1465,1510,1485.06,1454.07,-0.66,0.3222,73.3,20.06,1.37,2469.37,99,-1985.63,-100.0,False,1,1,1,0,1,2
MARUTI.NS,2024-02-15,2024-04-04,10868.84,10870,11195,11016.01,12316.35,13.32,0.2867,77.6,146.01,1.343,2326.89,13,2326.89,122.59,True,1,1,1,0,1,2
ANANDRATHI.NS,2024-02-15,2024-04-04,883.93,885,910,896.2,872.33,-1.31,0.3976,73.8,11.2,1.268,2455.53,178,-1994.47,-100.0,False,1,1,1,0,1,2
AJMERA.NS,2024-02-15,2024-04-04,142.73,145,150,147.0,158.8,11.25,0.9984,72.0,2.0,1.4,3001.65,1000,3001.65,150.21,True,1,1,1,0,1,2
AJMERA.NS,2024-02-16,2024-04-05,143.25,145,150,147.02,158.47,10.63,0.9967,71.7,2.02,1.409,2951.72,990,2951.72,147.71,True,1,1,1,0,1,2
ANANDRATHI.NS,2024-02-16,2024-04-05,900.73,900,930,913.41,896.95,-0.42,0.3968,76.1,13.41,1.489,2472.3,149,-1997.7,-100.0,False,1,1,1,0,1,2
ANANTRAJ.NS,2024-02-16,2024-04-05,353.31,355,365,359.36,328.88,-6.92,0.3036,77.0,4.36,1.233,2590.73,459,-1999.27,-100.0,False,1,1,1,1,1,3
MARUTI.NS,2024-02-16,2024-04-05,11153.2,11155,11490,11305.36,12173.61,9.15,0.2888,79.3,150.36,1.348,2400.29,13,2400.29,122.8,True,1,1,1,0,1,2
ICICIBANK.NS,2024-02-19,2024-04-08,1026.92,1025,1060,1040.67,1069.62,4.16,0.2529,58.9,15.67,1.526,2455.2,127,2455.2,123.39,True,1,1,1,0,1,2
ANANDRATHI.NS,2024-02-19,2024-04-08,910.45,910,940,923.4,923.26,1.41,0.3952,77.4,13.4,1.471,2473.92,149,-20.75,-1.04,False,1,1,1,0,1,2
ASAL.NS,2024-02-19,2024-04-08,649.55,650,670,658.39,759.5,16.93,0.9793,75.4,8.39,1.291,2763.78,238,2763.78,138.45,True,1,1,1,0,1,2
ANANDRATHI.NS,2024-02-20,2024-04-09,910.92,910,940,923.44,1005.95,10.43,0.3976,76.7,13.44,1.475,2451.04,148,2451.04,123.23,True,1,1,1,0,1,2
ASAL.NS,2024-02-20,2024-04-09,664.7,665,685,673.42,769.15,15.71,0.9671,75.7,8.42,1.266,2745.61,237,2745.61,137.67,True,1,1,1,0,1,2
ICICIBANK.NS,2024-02-20,2024-04-09,1031.84,1030,1065,1045.66,1089.2,5.56,0.2502,57.1,15.66,1.518,2455.96,127,2455.96,123.47,True,1,1,1,0,1,2
ABB.NS,2024-02-21,2024-04-10,4900.67,4900,5050,4967.12,6529.59,33.24,0.4479,65.5,67.12,1.37,2403.53,29,2403.53,123.48,True,1,1,1,1,1,3
AJMERA.NS,2024-02-21,2024-04-10,144.65,145,150,147.12,165.56,14.46,0.8214,70.2,2.12,1.465,2720.08,944,2720.08,136.01,True,1,1,1,0,1,2
ICICIBANK.NS,2024-02-21,2024-04-10,1034.99,1035,1065,1048.48,1091.51,5.46,0.229,59.2,13.48,1.302,2445.67,148,2445.67,122.63,True,1,1,1,0,1,2
RELIANCE.NS,2024-02-22,2024-04-12,1464.09,1465,1510,1485.07,1449.67,-0.99,0.2946,57.8,20.07,1.371,2468.17,99,-1986.83,-100.0,False,1,1,1,1,1,3
ABB.NS,2024-02-22,2024-04-12,5333.54,5335,5495,5406.07,6639.11,24.48,0.5326,76.4,71.07,1.332,2490.12,28,2490.12,125.14,True,1,1,1,1,1,3
MARUTI.NS,2024-02-22,2024-04-12,11425.06,11425,11770,11579.77,12021.66,5.22,0.2691,75.3,154.77,1.355,2282.81,12,2282.81,122.92,True,1,1,1,0,1,2
ICICIBANK.NS,2024-02-22,2024-04-12,1045.56,1045,1075,1058.52,1086.59,3.92,0.2003,62.5,13.52,1.293,2422.81,147,2422.81,121.92,True,1,1,1,0,1,2
AJMERA.NS,2024-02-22,2024-04-12,146.34,145,150,147.2,162.12,10.79,0.8074,68.9,2.2,1.504,2540.93,908,2540.93,127.11,True,1,1,1,0,1,2
RELIANCE.NS,2024-02-23,2024-04-15,1475.83,1475,1520,1495.29,1447.37,-1.93,0.2947,68.4,20.29,1.375,2421.85,98,-1988.15,-100.0,False,1,1,1,0,1,2
AJMERA.NS,2024-02-23,2024-04-15,148.54,150,155,152.08,158.21,6.51,0.7993,71.4,2.08,1.398,2812.02,962,2812.02,140.74,True,1,1,1,0,1,2
ANANDRATHI.NS,2024-02-23,2024-04-15,911.44,910,940,923.5,1034.16,13.47,0.3743,63.1,13.5,1.481,2441.98,148,2441.98,122.22,True,1,1,1,0,1,2
ANANTRAJ.NS,2024-02-26,2024-04-16,353.36,355,365,359.37,332.22,-5.98,0.3238,65.6,4.37,1.237,2572.47,457,-1997.53,-100.0,False,1,1,1,0,1,2
ABB.NS,2024-02-27,2024-04-18,5358.61,5360,5520,5431.03,6262.12,16.86,0.5427,74.9,71.03,1.325,2491.25,28,2491.25,125.27,True,1,1,1,0,1,2
ANANTRAJ.NS,2024-03-01,2024-04-23,353.71,355,365,359.41,359.1,1.52,0.3492,57.0,4.41,1.247,2531.71,453,-142.68,-7.14,False,1,1,1,0,1,2
RELIANCE.NS,2024-03-04,2024-04-24,1489.44,1490,1535,1509.44,1432.9,-3.8,0.151,62.3,19.44,1.305,2606.92,102,-1983.08,-100.0,False,1,1,1,0,1,2
ICICIBANK.NS,2024-03-04,2024-04-24,1074.73,1075,1105,1088.52,1079.06,0.4,0.2327,78.0,13.52,1.258,2421.95,147,-1390.82,-69.96,False,1,1,1,0,1,2
ASAL.NS,2024-03-04,2024-04-24,671.7,670,690,678.41,815.2,21.36,1.0265,63.3,8.41,1.252,2746.72,237,2746.72,137.8,True,1,1,1,0,1,2
ANANTRAJ.NS,2024-03-04,2024-04-24,357.2,355,370,361.76,363.14,1.66,0.3489,64.1,6.76,1.892,2430.95,295,405.93,20.36,True,1,1,1,0,1,2
ANANDRATHI.NS,2024-03-05,2024-04-25,976.48,975,1005,988.61,975.72,-0.08,0.344,89.3,13.61,1.394,2393.1,146,-1882.5,-94.75,False,1,1,0,1,1,2
MARUTI.NS,2024-03-05,2024-04-25,11437.6,11440,11780,11591.72,12664.51,10.73,0.2258,67.4,151.72,1.327,2447.62,13,2447.62,124.1,True,1,1,1,0,1,2
ICICIBANK.NS,2024-03-06,2024-04-26,1079.41,1080,1110,1093.49,1090.03,0.98,0.2333,80.0,13.49,1.25,2443.34,148,-511.78,-25.63,False,1,1,0,1,1,2
TCS.NS,2024-03-12,2024-05-02,3857.79,3860,3975,3910.78,3555.08,-7.85,0.2007,62.9,50.78,1.316,2504.5,39,-1980.5,-100.0,False,1,1,1,1,1,3
TCS.NS,2024-03-14,2024-05-06,3871.92,3870,3990,3923.35,3608.23,-6.81,0.2038,60.2,53.35,1.378,2466.11,37,-1973.89,-100.0,False,1,1,1,0,1,2
TCS.NS,2024-03-15,2024-05-07,3882.64,3885,4000,3935.86,3661.51,-5.7,0.2038,64.7,50.86,1.31,2501.34,39,-1983.66,-100.0,False,1,1,1,0,1,2
MARUTI.NS,2024-03-20,2024-05-10,11702.75,11705,12055,11861.06,12422.44,6.15,0.2256,73.1,156.06,1.333,2327.34,12,2327.34,124.28,True,1,1,1,1,1,3
ABB.NS,2024-03-21,2024-05-13,5766.03,5765,5940,5843.65,7877.71,36.62,0.3859,67.5,78.65,1.364,2408.71,25,2408.71,122.5,True,1,1,1,0,1,2
MARUTI.NS,2024-03-22,2024-05-14,12091.39,12090,12455,12253.63,12558.37,3.86,0.251,71.0,163.63,1.353,2416.44,12,2416.44,123.06,True,1,1,1,1,1,3
ABB.NS,2024-03-22,2024-05-14,5866.8,5865,6045,5945.75,7973.02,35.9,0.2635,69.0,80.75,1.376,2381.88,24,2381.88,122.9,True,1,1,1,0,1,2
APARINDS.NS,2024-03-26,2024-05-15,6966.04,6965,7175,7058.74,8016.97,15.09,0.4963,69.9,93.74,1.346,2441.56,21,2441.56,124.04,True,1,1,1,1,1,3
ABB.NS,2024-03-27,2024-05-16,6173.49,6175,6360,6258.07,8194.33,32.73,0.309,70.6,83.07,1.346,2446.29,24,2446.29,122.7,True,1,1,1,1,1,3
MARUTI.NS,2024-03-27,2024-05-16,12260.59,12260,12630,12425.83,12248.14,-0.1,0.2543,71.6,165.83,1.353,2450.03,12,-1989.97,-100.0,False,1,1,1,1,1,3
MARUTI.NS,2024-03-28,2024-05-17,12348.79,12350,12720,12515.77,12389.12,0.33,0.2544,76.7,165.77,1.342,2450.75,12,-1519.78,-76.4,False,1,1,1,0,1,2
ABB.NS,2024-03-28,2024-05-17,6253.62,6255,6440,6338.19,8259.64,32.08,0.3003,71.8,83.19,1.33,2443.42,24,2443.42,122.38,True,1,1,1,0,1,2
ABREL.NS,2024-03-28,2024-05-17,1621.89,1620,1670,1642.16,2154.61,32.85,0.5958,64.4,22.16,1.367,2505.24,90,2505.24,125.59,True,1,1,1,1,1,3
ABREL.NS,2024-04-01,2024-05-21,1702.84,1705,1755,1726.98,2158.39,26.75,0.6074,63.8,21.98,1.291,2521.75,90,2521.75,127.47,True,1,1,1,1,1,3
ICICIBANK.NS,2024-04-01,2024-05-21,1081.92,1080,1115,1095.31,1102.87,1.94,0.1406,59.8,15.31,1.415,2559.75,130,983.17,49.4,True,1,1,1,0,1,2
ABB.NS,2024-04-01,2024-05-21,6394.99,6395,6585,6480.55,8435.22,31.9,0.3012,73.1,85.55,1.338,2402.33,23,2402.33,122.09,True,1,1,1,0,1,2
ABCAPITAL.NS,2024-04-02,2024-05-22,201.05,200,205,202.3,223.35,11.09,0.5418,68.1,2.3,1.145,2345.38,869,2345.38,117.29,True,1,1,1,1,1,3
ABCAPITAL.NS,2024-04-03,2024-05-23,204.2,205,210,207.21,226.05,10.7,0.5409,67.7,2.21,1.082,2525.05,905,2525.05,126.26,True,1,1,1,1,1,3
AJMERA.NS,2024-04-03,2024-05-23,149.0,150,155,152.11,140.7,-5.57,0.7533,67.1,2.11,1.414,2745.14,949,-1999.86,-100.0,False,1,1,1,0,1,2
AJMERA.NS,2024-04-04,2024-05-24,158.8,160,165,162.1,139.18,-12.35,0.7845,89.8,2.1,1.324,2755.77,951,-1999.23,-100.0,False,1,1,0,1,1,2
ASAL.NS,2024-04-05,2024-05-27,717.4,715,740,725.76,896.55,24.97,0.8338,81.1,10.76,1.5,2634.32,185,2634.32,132.33,True,1,1,0,1,1,2
ASAL.NS,2024-04-08,2024-05-28,759.5,760,780,768.59,884.15,16.41,0.8529,85.1,8.59,1.131,2646.81,232,2646.81,132.79,True,1,1,0,1,1,2
MARUTI.NS,2024-04-08,2024-05-28,12608.26,12610,12985,12777.78,12562.69,-0.36,0.238,79.6,167.78,1.331,2279.43,11,-1845.57,-100.0,False,1,1,1,0,1,2
ABREL.NS,2024-04-08,2024-05-28,1733.84,1735,1785,1757.09,2148.74,23.93,0.5955,84.3,22.09,1.274,2512.21,90,2512.21,126.38,True,1,1,0,1,1,2
ASAL.NS,2024-04-09,2024-05-29,769.15,770,790,778.6,868.95,12.98,0.8382,86.8,8.6,1.118,2644.44,232,2644.44,132.52,True,1,1,0,1,1,2
ABREL.NS,2024-04-09,2024-05-29,1822.8,1825,1875,1847.13,2158.39,18.41,0.582,87.3,22.13,1.214,2508.01,90,2508.01,125.9,True,1,1,0,1,1,2
ANANDRATHI.NS,2024-04-09,2024-05-29,1005.95,1005,1035,1018.48,1029.36,2.33,0.476,70.2,13.48,1.34,2444.98,148,1610.08,80.7,True,1,1,1,1,1,3
AJMERA.NS,2024-04-09,2024-05-29,162.82,165,170,167.06,131.02,-19.53,0.7995,81.0,2.06,1.267,2846.17,969,-1998.83,-100.0,False,1,1,0,1,1,2
MARUTI.NS,2024-04-09,2024-05-29,12630.7,12630,13010,12799.99,12533.33,-0.77,0.2353,78.4,169.99,1.346,2310.08,11,-1869.92,-100.0,False,1,1,1,0,1,2
ICICIBANK.NS,2024-04-09,2024-05-29,1089.2,1090,1120,1102.82,1084.23,-0.46,0.115,64.5,12.82,1.177,2680.21,156,-1999.79,-100.0,False,1,1,1,0,1,2
ICICIBANK.NS,2024-04-10,2024-05-30,1091.51,1090,1125,1104.84,1095.74,0.39,0.1095,64.3,14.84,1.36,2701.29,134,-1219.63,-61.33,False,1,1,1,0,1,2
AJMERA.NS,2024-04-10,2024-05-30,165.56,165,170,167.2,134.07,-19.02,0.7386,90.0,2.2,1.327,2550.42,910,-1999.58,-100.0,False,1,1,0,1,1,2
ANANDRATHI.NS,2024-04-15,2024-06-03,1034.16,1035,1065,1048.34,1013.25,-2.02,0.5184,68.7,13.34,1.29,2482.44,149,-1987.56,-100.0,False,1,1,1,1,1,3
ABREL.NS,2024-04-19,2024-06-06,1840.41,1840,1895,1864.67,2095.35,13.85,0.4479,77.9,24.67,1.34,2456.68,81,2456.68,122.94,True,1,1,1,0,1,2
ASAL.NS,2024-04-22,2024-06-07,875.65,875,900,885.84,875.6,-0.01,0.7915,82.3,10.84,1.238,2605.34,184,-1884.26,-94.47,False,1,1,0,1,1,2
ABREL.NS,2024-04-22,2024-06-07,1865.78,1865,1920,1889.74,2110.43,13.11,0.4389,73.7,24.74,1.326,2420.67,80,2420.67,122.3,True,1,1,1,0,1,2
ANANTRAJ.NS,2024-04-23,2024-06-10,359.1,360,370,364.45,398.94,11.1,0.3351,74.8,4.45,1.24,2491.08,449,2491.08,124.62,True,1,1,1,1,1,3
APARINDS.NS,2024-04-23,2024-06-10,7570.92,7570,7800,7672.87,8125.21,7.32,0.4613,70.6,102.87,1.359,2415.38,19,2415.38,123.57,True,1,1,1,0,1,2
ABCAPITAL.NS,2024-04-23,2024-06-10,216.85,215,225,219.49,232.93,7.42,0.4406,84.8,4.49,2.073,2444.23,444,2444.23,122.47,True,1,1,0,1,1,2
ABREL.NS,2024-04-23,2024-06-10,1909.32,1910,1965,1934.68,2080.03,8.94,0.4398,71.7,24.68,1.293,2456.02,81,2456.02,122.86,True,1,1,1,0,1,2
ABFRL.NS,2024-04-23,2024-06-10,263.5,265,270,267.22,323.95,22.94,0.5272,82.5,2.22,0.843,2496.97,899,2496.97,124.97,True,1,1,0,1,1,2
MARUTI.NS,2024-04-23,2024-06-10,12736.79,12735,13120,12907.94,12463.65,-2.14,0.272,58.7,172.94,1.358,2332.71,11,-1902.29,-100.0,False,1,1,1,0,1,2
ANANTRAJ.NS,2024-04-24,2024-06-11,363.14,365,375,369.34,422.43,16.33,0.2806,73.9,4.34,1.195,2603.34,460,2603.34,130.38,True,1,1,1,1,1,3
APARINDS.NS,2024-04-24,2024-06-11,7730.68,7730,7965,7835.08,8026.06,3.82,0.4625,78.2,105.08,1.359,2468.53,19,2468.53,123.64,True,1,1,1,0,1,2
APARINDS.NS,2024-04-25,2024-06-12,7755.04,7755,7990,7860.06,8049.67,3.8,0.4618,77.3,105.06,1.355,2468.8,19,2468.8,123.68,True,1,1,1,0,1,2
ABFRL.NS,2024-04-25,2024-06-12,265.0,265,275,269.37,328.25,23.87,0.5318,72.5,4.37,1.649,2573.52,457,2573.52,128.9,True,1,1,1,0,1,2
ABCAPITAL.NS,2024-04-25,2024-06-12,229.8,230,235,232.27,234.22,1.92,0.4743,80.5,2.27,0.989,2400.25,880,1713.85,85.7,True,1,1,0,1,1,2
ABREL.NS,2024-04-25,2024-06-12,1914.79,1915,1970,1939.67,2071.07,8.16,0.4673,72.4,24.67,1.288,2457.06,81,2457.06,122.98,True,1,1,1,1,1,3
ICICIBANK.NS,2024-04-25,2024-06-12,1095.79,1095,1130,1110.38,1101.5,0.52,0.1762,62.7,15.38,1.403,2551.24,130,-1154.4,-57.76,False,1,1,1,0,1,2
ANANTRAJ.NS,2024-04-26,2024-06-13,363.19,365,375,369.34,413.45,13.84,0.2735,76.3,4.34,1.195,2603.57,460,2603.57,130.41,True,1,1,1,1,1,3
ABFRL.NS,2024-04-26,2024-06-13,268.55,270,275,272.23,326.9,21.73,0.5315,73.7,2.23,0.829,2490.61,898,2490.61,124.57,True,1,1,1,0,1,2
ABREL.NS,2024-04-26,2024-06-13,1987.48,1985,2045,2012.0,2170.48,9.21,0.4653,75.7,27.0,1.359,2441.82,74,2441.82,122.2,True,1,1,1,0,1,2
ICICIBANK.NS,2024-04-29,2024-06-14,1141.44,1140,1175,1155.81,1087.82,-4.7,0.2373,69.5,15.81,1.385,2417.82,126,-1992.18,-100.0,False,1,1,1,1,1,3
ANANTRAJ.NS,2024-04-29,2024-06-14,366.68,365,380,371.68,423.38,15.46,0.2598,75.9,6.68,1.821,2488.24,299,2488.24,124.61,True,1,1,1,0,1,2
ABREL.NS,2024-04-29,2024-06-14,1989.67,1990,2050,2016.82,2234.41,12.3,0.4581,76.4,26.82,1.348,2455.48,74,2455.48,123.73,True,1,1,1,0,1,2
ABFRL.NS,2024-04-29,2024-06-14,268.85,270,275,272.24,328.6,22.22,0.5266,73.6,2.24,0.833,2465.22,893,2465.22,123.27,True,1,1,1,0,1,2
AJMERA.NS,2024-04-29,2024-06-14,166.05,165,170,167.34,139.67,-15.89,0.3693,59.5,2.34,1.411,2267.01,853,-1997.99,-100.0,False,1,1,1,0,1,2
APARINDS.NS,2024-04-30,2024-06-18,7785.87,7785,8020,7890.75,8389.02,7.75,0.3345,66.0,105.75,1.358,2326.42,18,2326.42,122.21,True,1,1,1,0,1,2
ASAL.NS,2024-05-02,2024-06-19,886.5,885,915,897.85,1023.8,15.49,0.8437,63.4,12.85,1.45,2658.24,155,2658.24,133.46,True,1,1,1,0,1,2
APARINDS.NS,2024-05-02,2024-06-19,7914.02,7915,8150,8020.76,8280.78,4.63,0.3341,72.9,105.76,1.336,2326.33,18,2326.33,122.2,True,1,1,1,0,1,2
ABREL.NS,2024-05-02,2024-06-19,1999.77,2000,2060,2026.96,2278.25,13.93,0.3635,68.6,26.96,1.348,2444.63,74,2444.63,122.51,True,1,1,1,0,1,2
ABB.NS,2024-05-06,2024-06-21,6847.74,6850,7055,6942.03,8287.32,21.02,0.3508,56.0,92.03,1.344,2372.31,21,2372.31,122.75,True,1,1,1,1,1,3
ABB.NS,2024-05-08,2024-06-25,7090.85,7090,7305,7186.65,8287.56,16.88,0.3716,65.3,96.65,1.363,2366.98,20,2366.98,122.45,True,1,1,1,0,1,2
ANANTRAJ.NS,2024-05-10,2024-06-27,367.82,370,380,374.29,436.29,18.61,0.2551,69.1,4.29,1.166,2660.8,466,2660.8,133.09,True,1,1,1,0,1,2
ABB.NS,2024-05-13,2024-06-28,7877.71,7880,8115,7984.47,8377.6,6.35,0.526,80.1,104.47,1.326,2479.99,19,2479.99,124.94,True,1,1,0,1,1,2
ANANTRAJ.NS,2024-05-13,2024-06-28,371.81,370,385,376.71,428.56,15.26,0.2563,65.9,6.71,1.805,2461.44,297,2461.44,123.47,True,1,1,1,1,1,3
APARINDS.NS,2024-05-14,2024-07-01,8204.9,8205,8450,8315.03,8379.28,2.13,0.4082,64.0,110.03,1.341,2429.41,18,1156.53,58.39,True,1,1,1,1,1,3
ANANTRAJ.NS,2024-05-14,2024-07-01,373.01,375,385,379.3,442.47,18.62,0.2394,61.6,4.3,1.154,2642.99,464,2642.99,132.35,True,1,1,1,0,1,2
ABREL.NS,2024-05-15,2024-07-02,2037.88,2040,2100,2066.8,2375.76,16.58,0.4218,65.4,26.8,1.315,2456.94,74,2456.94,123.9,True,1,1,1,1,1,3
ANANTRAJ.NS,2024-05-15,2024-07-02,380.84,380,390,384.66,480.32,26.12,0.2301,63.9,4.66,1.224,2284.09,428,2284.09,114.44,True,1,1,1,0,1,2
ABB.NS,2024-05-16,2024-07-03,8194.33,8195,8440,8304.16,8502.85,3.77,0.5106,88.8,109.16,1.332,2445.08,18,2445.08,124.44,True,1,1,0,1,1,2
ABREL.NS,2024-05-16,2024-07-03,2073.66,2075,2135,2101.9,2339.49,12.82,0.4224,64.0,26.9,1.297,2449.57,74,2449.57,123.07,True,1,1,1,0,1,2
ANANTRAJ.NS,2024-05-17,2024-07-04,384.53,385,395,389.51,489.3,27.25,0.2512,65.4,4.51,1.174,2424.39,442,2424.39,121.49,True,1,1,1,0,1,2
ABREL.NS,2024-05-17,2024-07-04,2154.61,2155,2220,2184.09,2311.23,7.27,0.4344,64.5,29.09,1.35,2441.6,68,2441.6,123.41,True,1,1,1,0,1,2
ABFRL.NS,2024-05-21,2024-07-05,281.4,280,290,284.52,327.65,16.44,0.4757,59.2,4.52,1.607,2421.63,442,2421.63,121.18,True,1,1,1,1,1,3
ANANTRAJ.NS,2024-05-21,2024-07-05,386.87,385,400,391.75,513.19,32.65,0.2477,64.8,6.75,1.746,2440.68,296,2440.68,122.08,True,1,1,1,0,1,2
ABREL.NS,2024-05-21,2024-07-05,2158.39,2160,2225,2189.01,2269.39,5.14,0.4317,64.6,29.01,1.344,2447.34,68,2447.34,124.06,True,1,1,1,0,1,2
ANANTRAJ.NS,2024-05-22,2024-07-08,386.97,385,400,391.76,542.86,40.28,0.2299,69.7,6.76,1.747,2431.06,295,2431.06,121.92,True,1,1,1,0,1,2
ABFRL.NS,2024-05-22,2024-07-08,282.5,280,290,284.62,322.25,14.07,0.4632,65.5,4.62,1.636,2323.65,432,2323.65,116.39,True,1,1,1,0,1,2
ABREL.NS,2024-05-24,2024-07-10,2214.71,2215,2280,2244.17,2176.1,-1.74,0.4316,70.3,29.17,1.317,2436.12,68,-1983.88,-100.0,False,1,1,1,0,1,2
MARUTI.NS,2024-05-24,2024-07-10,12740.91,12740,13125,12911.44,12517.8,-1.75,0.2129,64.0,171.44,1.346,2349.17,11,-1885.83,-100.0,False,1,1,1,0,1,2
ABFRL.NS,2024-05-24,2024-07-10,290.05,290,300,294.44,325.55,12.24,0.3604,77.7,4.44,1.529,2503.94,450,2503.94,125.44,True,1,1,1,1,1,3
ASAL.NS,2024-05-27,2024-07-11,896.55,895,925,908.34,1016.55,13.38,0.5341,62.7,13.34,1.488,2482.21,149,2482.21,124.87,True,1,1,1,1,1,3
ABFRL.NS,2024-05-29,2024-07-15,299.3,300,310,304.38,328.05,9.61,0.3924,80.4,4.38,1.464,2562.5,456,2562.5,128.28,True,1,1,0,1,1,2
ANANDRATHI.NS,2024-05-31,2024-07-18,1036.41,1035,1070,1050.24,956.76,-7.69,0.1649,88.1,15.24,1.47,2588.6,131,-1996.4,-100.0,False,1,1,0,1,1,2
ABB.NS,2024-06-03,2024-07-19,8611.53,8610,8870,8726.27,7518.81,-12.69,0.4743,75.4,116.27,1.35,2443.44,17,-1976.56,-100.0,False,1,1,1,0,1,2
ASHOKA.NS,2024-06-03,2024-07-19,195.05,195,200,197.27,220.81,13.21,0.451,73.7,2.27,1.163,2406.45,881,2406.45,120.41,True,1,1,1,1,1,3
RELIANCE.NS,2024-06-03,2024-07-19,1492.33,1490,1535,1510.47,1536.62,2.97,0.2544,72.6,20.47,1.371,2379.88,97,2379.88,119.89,True,1,1,1,1,1,3
ANANTRAJ.NS,2024-06-03,2024-07-19,397.84,400,410,404.37,480.12,20.68,0.277,67.1,4.37,1.099,2571.52,457,2571.52,128.67,True,1,1,1,0,1,2
ABFRL.NS,2024-06-05,2024-07-23,305.0,305,315,309.34,314.4,3.08,0.7131,65.7,4.34,1.422,2610.19,461,2333.59,116.69,True,1,1,1,1,1,3
ABFRL.NS,2024-06-06,2024-07-24,322.2,320,330,324.45,322.2,0.0,0.7299,69.6,4.45,1.38,2493.98,449,-1008.21,-50.51,False,1,1,1,1,1,3
ABFRL.NS,2024-06-07,2024-07-25,324.2,325,335,329.31,325.65,0.45,0.7189,69.7,4.31,1.33,2633.48,463,-1695.57,-84.93,False,1,1,1,0,1,2
ASHOKA.NS,2024-06-07,2024-07-25,207.6,210,215,212.11,259.93,25.21,0.7273,63.1,2.11,1.017,2735.71,947,2735.71,136.83,True,1,1,1,1,1,3
ASHOKA.NS,2024-06-10,2024-07-26,219.21,220,225,222.17,263.77,20.33,0.7425,66.7,2.17,0.991,2605.16,921,2605.16,130.27,True,1,1,1,1,1,3
ASAL.NS,2024-06-11,2024-07-29,959.8,960,990,972.88,1007.65,4.99,0.8118,61.8,12.88,1.342,2653.65,155,2653.65,132.92,True,1,1,1,1,1,3
ANANTRAJ.NS,2024-06-11,2024-07-29,422.43,420,435,426.54,557.13,31.89,0.7856,58.8,6.54,1.549,2579.64,305,2579.64,129.28,True,1,1,1,0,1,2
ABFRL.NS,2024-06-12,2024-07-30,328.25,330,340,334.27,340.55,3.75,0.711,67.6,4.27,1.302,2673.61,467,2673.61,133.92,True,1,1,1,0,1,2
ASHOKA.NS,2024-06-12,2024-07-30,221.37,220,230,224.33,256.93,16.06,0.7378,64.7,4.33,1.954,2621.3,462,2621.3,131.15,True,1,1,1,0,1,2
ASAL.NS,2024-06-12,2024-07-30,976.45,975,1005,987.96,1000.5,2.46,0.811,64.6,12.96,1.327,2624.12,154,1931.12,96.76,True,1,1,1,1,1,3
ASAL.NS,2024-06-13,2024-07-31,982.05,980,1010,992.99,1000.55,1.88,0.8111,66.6,12.99,1.323,2602.81,153,1156.96,58.22,True,1,1,1,0,1,2
APARINDS.NS,2024-06-13,2024-07-31,8410.16,8410,8660,8522.55,9119.03,8.43,0.3648,61.8,112.55,1.338,2336.61,17,2336.61,122.12,True,1,1,1,1,1,3
ASHOKA.NS,2024-06-13,2024-07-31,222.56,225,230,227.12,255.4,14.76,0.7377,69.7,2.12,0.952,2716.25,943,2716.25,135.9,True,1,1,1,0,1,2
ABB.NS,2024-06-14,2024-08-01,8899.64,8900,9165,9017.2,7666.12,-13.86,0.5903,59.8,117.2,1.317,2512.52,17,-1992.48,-100.0,False,1,1,1,1,1,3
ASHOKA.NS,2024-06-14,2024-08-01,223.75,225,230,227.16,253.7,13.39,0.7345,72.7,2.16,0.966,2626.55,925,2626.55,131.43,True,1,1,1,0,1,2
ANANTRAJ.NS,2024-06-14,2024-08-01,423.38,425,435,429.31,532.56,25.79,0.7876,60.0,4.31,1.018,2640.69,464,2640.69,132.08,True,1,1,1,0,1,2
ABFRL.NS,2024-06-14,2024-08-01,328.6,330,340,334.29,337.35,2.66,0.7122,66.9,4.29,1.306,2660.38,466,1425.48,71.29,True,1,1,1,0,1,2
ASAL.NS,2024-06-18,2024-08-02,1036.0,1035,1065,1047.93,1004.05,-3.08,0.8338,66.2,12.93,1.248,2628.18,154,-1991.82,-100.0,False,1,1,1,0,1,2
ASHOKA.NS,2024-06-18,2024-08-02,228.07,230,235,232.14,252.6,10.76,0.7293,73.6,2.14,0.939,2666.63,933,2666.63,133.44,True,1,1,1,0,1,2
ABFRL.NS,2024-06-18,2024-08-02,330.5,330,340,334.38,335.5,1.51,0.7123,67.6,4.38,1.326,2562.25,456,510.25,25.54,True,1,1,1,0,1,2
ANANTRAJ.NS,2024-06-18,2024-08-02,441.68,440,455,446.51,520.87,17.93,0.7955,65.0,6.51,1.474,2606.92,307,2606.92,130.47,True,1,1,1,0,1,2
ABREL.NS,2024-06-18,2024-08-02,2347.31,2345,2420,2377.5,2245.57,-4.33,0.7597,58.7,32.5,1.385,2592.22,61,-1982.78,-100.0,False,1,1,1,1,1,3
ASHOKA.NS,2024-06-20,2024-08-06,243.82,245,250,247.16,230.2,-5.59,0.7967,75.9,2.16,0.884,2636.72,927,-1998.28,-100.0,False,1,1,1,1,1,3
ABCAPITAL.NS,2024-06-20,2024-08-06,243.02,245,250,247.19,204.17,-15.99,0.511,64.2,2.19,0.902,2561.96,912,-1998.04,-100.0,False,1,1,1,1,1,3
ASAL.NS,2024-06-20,2024-08-06,1037.8,1040,1070,1052.83,937.9,-9.63,0.8243,67.8,12.83,1.236,2661.5,155,-1988.5,-100.0,False,1,1,1,0,1,2
ANANTRAJ.NS,2024-06-24,2024-08-08,448.01,450,460,454.31,519.18,15.88,0.7934,62.4,4.31,0.961,2641.92,464,2641.92,132.22,True,1,1,1,0,1,2
HDFCBANK.NS,2024-06-25,2024-08-09,830.53,830,855,841.3,800.85,-3.57,0.3206,94.0,11.3,1.36,2425.19,177,-1999.81,-100.0,False,1,1,0,1,1,2
ARVINDFASN.NS,2024-06-26,2024-08-12,540.67,540,555,546.79,475.03,-12.14,0.4633,94.7,6.79,1.257,2412.29,294,-1997.71,-100.0,False,1,1,0,1,1,2
RELIANCE.NS,2024-06-26,2024-08-12,1495.98,1495,1540,1515.28,1443.22,-3.53,0.4107,70.1,20.28,1.355,2423.03,98,-1986.97,-100.0,False,1,1,1,0,1,2
RELIANCE.NS,2024-06-27,2024-08-13,1512.31,1510,1560,1532.45,1446.19,-4.37,0.409,70.8,22.45,1.484,2452.06,89,-1997.94,-100.0,False,1,1,1,1,1,3
RELIANCE.NS,2024-06-28,2024-08-14,1546.75,1545,1595,1567.44,1444.43,-6.61,0.411,70.4,22.44,1.451,2452.69,89,-1997.31,-100.0,False,1,1,1,1,1,3
ANANTRAJ.NS,2024-07-02,2024-08-19,480.32,480,495,486.44,606.52,26.27,0.8328,74.0,6.44,1.341,2653.63,310,2653.63,132.92,True,1,1,1,1,1,3
ABREL.NS,2024-07-02,2024-08-19,2375.76,2375,2445,2405.46,2127.38,-10.45,0.743,68.8,30.46,1.282,2570.01,65,-1979.99,-100.0,False,1,1,1,0,1,2
APARINDS.NS,2024-07-03,2024-08-20,8565.92,8565,8825,8681.77,8307.32,-3.02,0.2831,67.5,116.77,1.363,2434.83,17,-1985.17,-100.0,False,1,1,1,0,1,2
ANANTRAJ.NS,2024-07-03,2024-08-20,486.11,485,500,491.77,592.84,21.96,0.4714,76.8,6.77,1.393,2427.4,295,2427.4,121.52,True,1,1,1,0,1,2
HDFCBANK.NS,2024-07-03,2024-08-20,858.33,860,885,870.94,794.78,-7.4,0.2108,87.9,10.94,1.274,2559.55,182,-1990.45,-100.0,False,1,1,0,1,1,2
ASAL.NS,2024-07-03,2024-08-20,1043.8,1045,1075,1058.34,835.15,-19.99,0.5028,67.8,13.34,1.278,2481.8,149,-1988.2,-100.0,False,1,1,1,0,1,2
ABFRL.NS,2024-07-04,2024-08-21,334.2,335,345,339.41,317.3,-5.06,0.2971,56.0,4.41,1.32,2532.3,453,-1997.7,-100.0,False,1,1,1,0,1,2
ICICIBANK.NS,2024-07-04,2024-08-21,1213.12,1215,1250,1230.31,1165.85,-3.9,0.1923,79.6,15.31,1.262,2559.2,130,-1990.8,-100.0,False,1,1,1,0,1,2
RELIANCE.NS,2024-07-05,2024-08-22,1569.7,1570,1615,1590.2,1485.3,-5.38,0.2261,71.7,20.2,1.287,2455.28,99,-1999.72,-100.0,False,1,1,1,0,1,2
APARINDS.NS,2024-07-05,2024-08-22,8755.58,8755,9020,8874.12,8468.36,-3.28,0.3009,68.2,119.12,1.36,2334.11,16,-1905.89,-100.0,False,1,1,1,0,1,2
ANANTRAJ.NS,2024-07-05,2024-08-22,513.19,515,530,521.61,584.55,13.91,0.4312,83.3,6.61,1.287,2535.24,302,2535.24,127.1,True,1,1,0,1,1,2
RELIANCE.NS,2024-07-08,2024-08-23,1581.82,1580,1630,1602.36,1487.13,-5.99,0.2121,72.6,22.36,1.414,2459.71,89,-1990.29,-100.0,False,1,1,1,0,1,2
ANANTRAJ.NS,2024-07-08,2024-08-23,542.86,545,560,551.62,585.45,7.84,0.4512,84.6,6.62,1.219,2532.17,302,2532.17,126.75,True,1,1,0,1,1,2
ICICIBANK.NS,2024-07-08,2024-08-23,1215.13,1215,1250,1230.65,1194.28,-1.72,0.1922,78.7,15.65,1.288,2457.59,127,-1987.41,-100.0,False,1,1,1,0,1,2
ICICIBANK.NS,2024-07-09,2024-08-26,1228.12,1230,1265,1245.36,1204.01,-1.96,0.193,77.8,15.36,1.25,2553.66,130,-1996.34,-100.0,False,1,1,1,0,1,2
INFY.NS,2024-07-12,2024-08-29,1609.01,1610,1655,1629.86,1817.31,12.95,0.1652,89.5,19.86,1.234,2514.41,100,2514.41,126.63,True,1,1,0,1,1,2
APOLLOTYRE.NS,2024-07-16,2024-09-02,537.78,540,555,546.58,487.86,-9.28,0.3089,67.0,6.58,1.224,2550.27,303,-1994.73,-100.0,False,1,1,1,0,1,2
APARINDS.NS,2024-07-16,2024-09-02,8920.34,8920,9190,9040.33,8781.36,-1.56,0.22,72.7,120.33,1.349,2394.78,16,-1925.22,-100.0,False,1,1,1,0,1,2
TCS.NS,2024-07-18,2024-09-03,4000.12,4000,4120,4053.95,4192.25,4.8,0.2864,73.9,53.95,1.349,2443.84,37,2443.84,122.43,True,1,1,1,1,1,3
ICICIBANK.NS,2024-07-18,2024-09-03,1230.14,1230,1265,1245.63,1238.15,0.65,0.1787,60.1,15.63,1.27,2460.36,127,-950.05,-47.87,False,1,1,1,0,1,2
INFY.NS,2024-07-19,2024-09-04,1685.34,1685,1735,1707.13,1807.07,7.22,0.1743,92.1,22.13,1.313,2507.94,90,2507.94,125.9,True,1,1,0,1,1,2
TCS.NS,2024-07-24,2024-09-09,4000.77,4000,4120,4054.03,4133.9,3.33,0.2876,77.4,54.03,1.35,2440.92,37,2440.92,122.1,True,1,1,1,0,1,2
ASHOKA.NS,2024-07-24,2024-09-09,259.79,260,270,264.35,255.57,-1.62,0.4879,64.4,4.35,1.675,2592.19,459,-1997.81,-100.0,False,1,1,1,1,1,3
TCS.NS,2024-07-25,2024-09-10,4015.86,4015,4135,4069.07,4188.07,4.29,0.2877,75.9,54.07,1.346,2373.63,36,2373.63,121.95,True,1,1,1,0,1,2
ASHOKA.NS,2024-07-25,2024-09-10,259.93,260,270,264.36,257.39,-0.98,0.4867,66.8,4.36,1.679,2580.83,458,-1999.17,-100.0,False,1,1,1,0,1,2
TCS.NS,2024-07-26,2024-09-11,4076.58,4075,4200,4131.21,4161.59,2.09,0.2849,79.4,56.21,1.379,2407.71,35,1063.29,54.05,True,1,1,1,0,1,2
ASHOKA.NS,2024-07-26,2024-09-11,263.77,265,270,267.25,247.8,-6.05,0.4587,69.1,2.25,0.852,2446.99,889,-1998.01,-100.0,False,1,1,1,0,1,2
ABFRL.NS,2024-07-29,2024-09-12,340.05,340,350,344.51,326.4,-4.01,0.2739,65.6,4.51,1.326,2432.52,443,-1997.48,-100.0,False,1,1,1,0,1,2
APOLLOTYRE.NS,2024-07-29,2024-09-12,539.05,540,555,546.71,506.12,-6.11,0.3286,61.0,6.71,1.246,2460.72,297,-1994.28,-100.0,False,1,1,1,0,1,2
ANANTRAJ.NS,2024-07-29,2024-09-12,557.13,555,575,563.94,636.63,14.27,0.5207,54.7,8.94,1.605,2465.82,223,2465.82,123.65,True,1,1,0,1,1,2
APARINDS.NS,2024-07-30,2024-09-13,9001.01,9000,9270,9120.77,10338.54,14.86,0.473,54.4,120.77,1.342,2387.64,16,2387.64,123.56,True,1,1,0,1,1,2
APOLLOTYRE.NS,2024-07-30,2024-09-13,546.77,545,565,554.0,514.58,-5.89,0.3312,58.9,9.0,1.646,2442.52,222,-1997.48,-100.0,False,1,1,1,0,1,2
ABFRL.NS,2024-07-30,2024-09-13,340.55,340,350,344.57,328.55,-3.52,0.2527,66.1,4.57,1.341,2374.29,437,-1995.71,-100.0,False,1,1,1,0,1,2
ANANTRAJ.NS,2024-07-30,2024-09-13,558.43,560,575,566.64,645.07,15.52,0.5171,62.3,6.64,1.189,2516.23,301,2516.23,125.89,True,1,1,1,0,1,2
APARINDS.NS,2024-07-31,2024-09-16,9119.03,9120,9395,9242.81,10522.15,15.39,0.4738,58.7,122.81,1.347,2435.03,16,2435.03,123.92,True,1,1,1,1,1,3
MARUTI.NS,2024-07-31,2024-09-16,12853.95,12855,13240,13027.62,12157.42,-5.42,0.26,63.0,172.62,1.343,2336.13,11,-1898.87,-100.0,False,1,1,1,0,1,2
ABFRL.NS,2024-07-31,2024-09-16,343.7,345,355,349.33,331.15,-3.65,0.2441,65.9,4.33,1.26,2620.02,462,-1999.98,-100.0,False,1,1,1,0,1,2
MARUTI.NS,2024-08-01,2024-09-17,13092.35,13090,13485,13267.44,12114.63,-7.47,0.2647,71.4,177.44,1.355,2393.21,11,-1951.79,-100.0,False,1,1,1,1,1,3
ANANTRAJ.NS,2024-08-16,2024-10-01,585.45,585,605,593.81,726.73,24.13,0.5773,62.7,8.81,1.504,2541.14,227,2541.14,127.13,True,1,1,1,1,1,3
ANANTRAJ.NS,2024-08-19,2024-10-03,606.52,605,625,613.89,700.81,15.55,0.5835,62.8,8.89,1.465,2500.15,225,2500.15,125.02,True,1,1,1,1,1,3
TCS.NS,2024-08-19,2024-10-03,4171.48,4170,4295,4226.03,3932.48,-5.73,0.2233,57.3,56.03,1.343,2414.01,35,-1960.99,-100.0,False,1,1,1,0,1,2
TCS.NS,2024-08-20,2024-10-04,4202.42,4200,4330,4258.1,3950.6,-5.99,0.223,60.3,58.1,1.383,2444.54,34,-1975.46,-100.0,False,1,1,1,0,1,2
TCS.NS,2024-08-21,2024-10-07,4228.62,4230,4355,4285.73,3969.74,-6.12,0.2233,60.8,55.73,1.318,2424.34,35,-1950.66,-100.0,False,1,1,1,0,1,2
ALBERTDAVD.NS,2024-08-26,2024-10-10,1528.78,1530,1575,1549.73,1415.6,-7.4,0.6473,75.2,19.73,1.291,2552.11,101,-1992.89,-100.0,False,1,1,1,1,1,3
ANANTRAJ.NS,2024-08-26,2024-10-10,611.06,610,630,618.88,754.39,23.46,0.5715,80.4,8.88,1.452,2503.03,225,2503.03,125.34,True,1,1,0,1,1,2
ABREL.NS,2024-08-27,2024-10-11,2505.18,2505,2580,2538.69,2695.03,7.58,0.4121,82.5,33.69,1.345,2437.54,59,2437.54,122.65,True,1,1,0,1,1,2
INFY.NS,2024-08-27,2024-10-11,1786.06,1785,1840,1809.69,1818.96,1.84,0.2462,76.4,24.69,1.382,2455.42,81,751.0,37.56,True,1,1,1,0,1,2
ALBERTDAVD.NS,2024-08-27,2024-10-11,1549.91,1550,1595,1569.8,1419.38,-8.42,0.6475,76.8,19.8,1.278,2519.7,100,-1980.3,-100.0,False,1,1,1,0,1,2
INFY.NS,2024-08-28,2024-10-14,1822.72,1825,1875,1847.43,1841.33,1.02,0.2557,76.3,22.43,1.23,2454.14,89,-542.52,-27.18,False,1,1,1,0,1,2
ALBERTDAVD.NS,2024-08-29,2024-10-15,1620.47,1620,1670,1641.95,1383.68,-14.61,0.6492,77.3,21.95,1.355,2552.36,91,-1997.64,-100.0,False,1,1,1,1,1,3
INFY.NS,2024-08-30,2024-10-16,1827.04,1825,1880,1849.91,1804.86,-1.21,0.2526,89.2,24.91,1.363,2407.15,80,-1992.85,-100.0,False,1,1,0,1,1,2
TCS.NS,2024-08-30,2024-10-16,4230.71,4230,4360,4287.96,3804.46,-10.08,0.2284,78.2,57.96,1.37,2449.22,34,-1970.78,-100.0,False,1,1,1,1,1,3
ICICIBANK.NS,2024-09-03,2024-10-18,1238.15,1240,1275,1254.87,1254.82,1.35,0.133,79.7,14.87,1.201,2696.94,134,-7.48,-0.38,False,1,1,1,1,1,3
ARVINDFASN.NS,2024-09-03,2024-10-18,556.83,555,575,564.0,598.7,7.52,0.2591,92.7,9.0,1.617,2441.46,222,2441.46,122.16,True,1,1,0,1,1,2
ARVINDFASN.NS,2024-09-04,2024-10-21,578.46,580,595,586.7,592.92,2.5,0.2705,93.6,6.7,1.158,2474.55,298,1854.23,92.92,True,1,1,0,1,1,2
ASHOKA.NS,2024-09-05,2024-10-22,267.43,265,275,269.59,229.73,-14.1,0.4908,80.8,4.59,1.715,2360.49,436,-1999.51,-100.0,False,1,1,0,1,1,2
ANANTRAJ.NS,2024-09-05,2024-10-22,623.75,625,640,631.72,688.22,10.34,0.5012,65.3,6.72,1.078,2458.79,297,2458.79,123.17,True,1,1,1,0,1,2
ASHOKA.NS,2024-09-06,2024-10-23,271.12,270,280,274.48,232.35,-14.3,0.4909,81.4,4.48,1.652,2461.88,446,-1998.12,-100.0,False,1,1,0,1,1,2
APARINDS.NS,2024-09-10,2024-10-25,9235.47,9235,9515,9360.82,9394.13,1.72,0.3011,74.8,125.82,1.362,2312.69,15,499.67,26.48,True,1,1,1,0,1,2
ARVINDFASN.NS,2024-09-11,2024-10-28,582.15,580,600,589.11,555.43,-4.59,0.2855,76.4,9.11,1.565,2385.37,219,-1994.63,-100.0,False,1,1,1,1,1,3
ABREL.NS,2024-09-11,2024-10-28,2606.46,2605,2685,2640.77,2739.06,5.09,0.4845,66.9,35.77,1.372,2432.65,55,2432.65,123.65,True,1,1,1,1,1,3
APARINDS.NS,2024-09-11,2024-10-28,9897.8,9900,10195,10032.52,9239.75,-6.65,0.3768,79.7,132.52,1.339,2437.24,15,-1987.76,-100.0,False,1,1,1,1,1,3
ANANTRAJ.NS,2024-09-12,2024-10-29,636.63,635,655,644.0,682.53,7.21,0.504,70.6,9.0,1.414,2442.15,222,2442.15,122.24,True,1,1,1,0,1,2
ARVINDFASN.NS,2024-09-12,2024-10-29,582.4,580,600,589.14,554.09,-4.86,0.2883,76.2,9.14,1.57,2367.22,218,-1992.78,-100.0,False,1,1,1,0,1,2
APARINDS.NS,2024-09-12,2024-10-29,10034.94,10035,10335,10170.0,9496.72,-5.36,0.3552,76.9,135.0,1.345,2310.07,14,-1889.93,-100.0,False,1,1,1,0,1,2
ABREL.NS,2024-09-12,2024-10-29,2775.77,2775,2860,2812.97,2728.39,-1.71,0.4791,72.1,37.97,1.368,2445.36,52,-1974.64,-100.0,False,1,1,1,1,1,3
ICICIBANK.NS,2024-09-12,2024-10-29,1242.56,1245,1280,1260.18,1321.65,6.37,0.1741,67.6,15.18,1.222,2596.35,131,2596.35,130.56,True,1,1,1,0,1,2
ARVINDFASN.NS,2024-09-13,2024-10-30,583.4,585,600,591.71,554.54,-4.95,0.2888,74.9,6.71,1.15,2471.23,298,-1998.77,-100.0,False,1,1,1,0,1,2
APARINDS.NS,2024-09-13,2024-10-30,10338.54,10340,10650,10479.3,9374.75,-9.32,0.3618,79.4,139.3,1.347,2389.73,14,-1950.27,-100.0,False,1,1,1,0,1,2
ABREL.NS,2024-09-13,2024-10-30,2888.47,2890,2975,2927.91,2688.15,-6.94,0.4877,74.4,37.91,1.312,2448.87,52,-1971.13,-100.0,False,1,1,1,1,1,3
ANANTRAJ.NS,2024-09-13,2024-10-30,645.07,645,665,653.96,691.92,7.26,0.2884,65.9,8.96,1.389,2461.65,223,2461.65,123.18,True,1,1,1,0,1,2
ICICIBANK.NS,2024-09-16,2024-10-31,1253.18,1255,1290,1270.18,1282.36,2.33,0.1564,64.0,15.18,1.212,2596.11,131,1594.64,80.18,True,1,1,1,0,1,2
ANANTRAJ.NS,2024-09-16,2024-10-31,646.97,645,665,654.19,739.91,14.37,0.2649,69.5,9.19,1.421,2345.32,217,2345.32,117.58,True,1,1,1,0,1,2
ARVINDFASN.NS,2024-09-16,2024-10-31,588.28,590,605,596.7,564.36,-4.07,0.2859,74.8,6.7,1.139,2472.78,298,-1997.22,-100.0,False,1,1,1,0,1,2
ICICIBANK.NS,2024-09-17,2024-11-01,1258.39,1260,1295,1275.24,1281.91,1.87,0.1564,66.7,15.24,1.211,2588.81,131,873.84,43.78,True,1,1,1,0,1,2
ANANTRAJ.NS,2024-09-17,2024-11-01,648.82,650,670,658.76,756.29,16.56,0.2465,69.4,8.76,1.35,2562.37,228,2562.37,128.27,True,1,1,1,0,1,2
ARVINDFASN.NS,2024-09-17,2024-11-01,597.3,595,615,604.15,577.86,-3.25,0.281,74.8,9.15,1.533,2364.4,218,-1995.6,-100.0,False,1,1,1,0,1,2
ICICIBANK.NS,2024-09-18,2024-11-04,1278.49,1280,1315,1295.34,1267.42,-0.87,0.1595,72.0,15.34,1.2,2556.16,130,-1993.84,-100.0,False,1,1,1,0,1,2
ANANTRAJ.NS,2024-09-18,2024-11-04,663.0,665,685,673.7,726.18,9.53,0.2534,79.1,8.7,1.312,2587.85,229,2587.85,129.9,True,1,1,1,1,1,3
ICICIBANK.NS,2024-09-19,2024-11-05,1282.11,1280,1320,1297.76,1286.77,0.36,0.1559,71.3,17.76,1.385,2490.76,112,-1230.88,-61.88,False,1,1,1,0,1,2
ANANTRAJ.NS,2024-09-20,2024-11-06,721.98,720,745,731.29,765.28,6.0,0.314,90.1,11.29,1.563,2427.19,177,2427.19,121.49,True,1,1,0,1,1,2
ICICIBANK.NS,2024-09-20,2024-11-06,1328.2,1330,1370,1347.39,1292.38,-2.7,0.1906,78.1,17.39,1.31,2577.11,114,-1982.89,-100.0,False,1,1,1,1,1,3
ANANTRAJ.NS,2024-09-23,2024-11-07,740.51,740,765,751.13,747.2,0.9,0.2957,90.6,11.13,1.503,2482.24,179,-703.86,-35.32,False,1,1,0,1,1,2
APTUS.NS,2024-09-23,2024-11-07,360.19,360,370,364.56,333.75,-7.34,0.3094,80.2,4.56,1.265,2384.07,438,-1995.93,-100.0,False,1,1,0,1,1,2
ARVINDFASN.NS,2024-09-23,2024-11-07,606.18,605,625,614.03,584.64,-3.55,0.3127,68.4,9.03,1.49,2424.37,221,-1995.63,-100.0,False,1,1,1,0,1,2
ABFRL.NS,2024-09-23,2024-11-07,344.5,345,355,349.46,296.75,-13.86,0.3041,69.0,4.46,1.295,2480.65,448,-1999.35,-100.0,False,1,1,1,1,1,3
ABFRL.NS,2024-09-24,2024-11-08,348.1,350,360,354.32,297.15,-14.64,0.3046,75.6,4.32,1.242,2622.09,462,-1997.91,-100.0,False,1,1,1,0,1,2
APOLLOTYRE.NS,2024-09-26,2024-11-12,551.26,550,570,558.83,460.5,-16.46,0.213,76.9,8.83,1.601,2525.02,226,-1994.98,-100.0,False,1,1,1,1,1,3
MARUTI.NS,2024-09-26,2024-11-12,13240.49,13240,13640,13417.43,11023.79,-16.74,0.1987,84.9,177.43,1.34,2448.23,11,-1951.77,-100.0,False,1,1,0,1,1,2
ABFRL.NS,2024-09-27,2024-11-13,352.1,350,365,356.73,290.1,-17.61,0.3058,76.0,6.73,1.912,2455.23,297,-1999.77,-100.0,False,1,1,1,1,1,3
MARUTI.NS,2024-09-27,2024-11-13,13351.1,13350,13750,13527.73,10931.29,-18.12,0.1972,87.8,177.73,1.331,2444.94,11,-1955.06,-100.0,False,1,1,0,1,1,2
ABFRL.NS,2024-10-01,2024-11-18,352.35,350,365,356.77,291.55,-17.26,0.2942,72.8,6.77,1.922,2427.73,295,-1997.27,-100.0,False,1,1,1,0,1,2
APTUS.NS,2024-10-08,2024-11-25,367.42,365,380,371.8,304.33,-17.17,0.3809,67.8,6.8,1.85,2411.91,294,-1998.09,-100.0,False,1,1,1,1,1,3
APARINDS.NS,2024-10-10,2024-11-27,10587.02,10585,10905,10728.45,9800.38,-7.43,0.4411,67.8,143.45,1.355,2295.17,13,-1864.83,-100.0,False,1,1,1,1,1,3
ANANTRAJ.NS,2024-10-10,2024-11-27,754.39,755,775,763.89,670.64,-11.1,0.5769,61.4,8.89,1.179,2488.46,224,-1991.54,-100.0,False,1,1,1,0,1,2
ARVINDFASN.NS,2024-10-11,2024-11-28,608.92,610,625,616.79,570.29,-6.34,0.2766,58.8,6.79,1.115,2413.5,294,-1996.5,-100.0,False,1,1,1,0,1,2
ARVINDFASN.NS,2024-10-14,2024-11-29,624.52,625,645,633.86,567.25,-9.17,0.2884,57.3,8.86,1.418,2507.43,225,-1992.57,-100.0,False,1,1,1,0,1,2
APTUS.NS,2024-10-14,2024-11-29,378.09,380,390,384.39,312.48,-17.35,0.4738,56.8,4.39,1.162,2550.64,455,-1999.36,-100.0,False,1,1,1,1,1,3
ARVINDFASN.NS,2024-10-15,2024-12-02,632.05,630,650,639.18,565.1,-10.59,0.2895,64.4,9.18,1.452,2348.92,217,-1991.08,-100.0,False,1,1,1,0,1,2
APARINDS.NS,2024-10-15,2024-12-02,10891.67,10890,11220,11037.71,10086.63,-7.39,0.4569,68.0,147.71,1.356,2369.81,13,-1920.19,-100.0,False,1,1,1,0,1,2
ANANTRAJ.NS,2024-10-15,2024-12-02,776.27,775,800,786.09,709.65,-8.58,0.5771,60.1,11.09,1.429,2502.94,180,-1997.06,-100.0,False,1,1,1,0,1,2
ANANTRAJ.NS,2024-10-16,2024-12-03,778.31,780,800,788.85,714.79,-8.16,0.5771,60.0,8.85,1.138,2507.83,225,-1992.17,-100.0,False,1,1,1,0,1,2
ABREL.NS,2024-10-16,2024-12-03,2917.24,2915,3005,2955.56,2846.18,-2.44,0.3736,61.1,40.56,1.39,2422.64,49,-1987.36,-100.0,False,1,1,1,1,1,3
INFY.NS,2024-10-17,2024-12-04,1849.98,1850,1905,1874.3,1796.08,-2.91,0.1778,61.4,24.3,1.313,2517.81,82,-1992.19,-100.0,False,1,1,1,0,1,2
AJMERA.NS,2024-10-18,2024-12-05,172.92,175,180,177.09,225.13,30.19,0.7105,74.0,2.09,1.21,2776.73,955,2776.73,138.96,True,1,1,1,1,1,3
ANANDRATHI.NS,2024-10-18,2024-12-05,1062.97,1065,1095,1078.36,1086.99,2.26,0.2838,74.9,13.36,1.257,2478.98,149,1284.91,64.54,True,1,1,1,1,1,3
ABREL.NS,2024-10-18,2024-12-05,3044.76,3045,3135,3085.39,2845.73,-6.54,0.4279,65.2,40.39,1.327,2430.73,49,-1979.27,-100.0,False,1,1,1,1,1,3
AJMERA.NS,2024-10-21,2024-12-06,178.14,180,185,182.11,226.16,26.95,0.712,75.9,2.11,1.183,2742.01,948,2742.01,137.24,True,1,1,1,1,1,3
AJMERA.NS,2024-10-23,2024-12-10,179.91,180,185,182.17,233.0,29.51,0.78,73.6,2.17,1.204,2616.51,923,2616.51,130.92,True,1,1,1,0,1,2
AJMERA.NS,2024-10-29,2024-12-16,181.57,180,185,182.2,231.13,27.3,0.8693,71.6,2.2,1.211,2546.99,909,2546.99,127.48,True,1,1,1,0,1,2
AJMERA.NS,2024-10-30,2024-12-17,181.86,180,185,182.21,227.61,25.16,0.8699,71.0,2.21,1.214,2526.75,905,2526.75,126.45,True,1,1,1,0,1,2
AJMERA.NS,2024-11-01,2024-12-19,184.53,185,190,187.14,222.87,20.78,0.8417,71.8,2.14,1.158,2680.2,936,2680.2,134.02,True,1,1,1,0,1,2
AJMERA.NS,2024-11-05,2024-12-23,191.71,190,195,192.22,211.6,10.38,0.8406,63.1,2.22,1.155,2511.97,902,2511.97,125.72,True,1,1,1,0,1,2
AJMERA.NS,2024-11-06,2024-12-24,192.26,190,200,194.3,211.76,10.14,0.8375,66.7,4.3,2.237,2644.24,464,2644.24,132.49,True,1,1,1,0,1,2
AJMERA.NS,2024-11-07,2024-12-26,192.51,195,200,197.07,210.32,9.25,0.8398,61.7,2.07,1.077,2821.03,964,2821.03,141.12,True,1,1,1,0,1,2
HDFCBANK.NS,2024-11-25,2025-01-09,866.56,865,895,878.29,809.39,-6.6,0.2138,58.3,13.29,1.534,2505.9,150,-1994.1,-100.0,False,1,1,1,1,1,3
AJMERA.NS,2024-11-26,2025-01-10,200.21,200,205,202.26,215.97,7.87,0.5313,65.4,2.26,1.129,2421.37,884,2421.37,121.15,True,1,1,1,1,1,3
HDFCBANK.NS,2024-11-27,2025-01-13,879.52,880,905,891.18,791.46,-10.01,0.217,60.9,11.18,1.271,2460.76,178,-1989.24,-100.0,False,1,1,1,0,1,2
AJMERA.NS,2024-11-27,2025-01-13,207.92,210,215,212.15,200.77,-3.44,0.5014,63.2,2.15,1.036,2641.76,928,-1998.24,-100.0,False,1,1,1,1,1,3
AJMERA.NS,2024-11-28,2025-01-14,209.8,210,215,212.26,204.64,-2.46,0.4911,64.0,2.26,1.075,2431.31,886,-1998.69,-100.0,False,1,1,1,1,1,3
AJMERA.NS,2024-11-29,2025-01-15,216.54,215,225,219.44,198.17,-8.48,0.498,67.4,4.44,2.051,2501.24,450,-1998.76,-100.0,False,1,1,1,0,1,2
HDFCBANK.NS,2024-12-03,2025-01-17,886.31,885,915,898.32,794.32,-10.38,0.2185,61.1,13.32,1.503,2502.39,150,-1997.61,-100.0,False,1,1,1,0,1,2
HDFCBANK.NS,2024-12-04,2025-01-20,902.72,905,930,915.97,801.36,-11.23,0.2169,77.7,10.97,1.215,2553.32,182,-1996.68,-100.0,False,1,1,1,0,1,2
ANANDRATHI.NS,2024-12-05,2025-01-21,1086.99,1085,1120,1100.83,950.43,-12.56,0.2773,83.8,15.83,1.456,2415.94,126,-1994.06,-100.0,False,1,1,0,1,1,2
ASHOKA.NS,2024-12-06,2025-01-22,277.33,275,285,279.65,270.6,-2.43,0.3831,85.4,4.65,1.677,2300.24,430,-1999.76,-100.0,False,1,1,0,1,1,2
ANANDRATHI.NS,2024-12-09,2025-01-23,1121.44,1120,1155,1135.83,943.73,-15.85,0.3189,78.0,15.83,1.412,2415.36,126,-1994.64,-100.0,False,1,1,1,1,1,3
ASHOKA.NS,2024-12-09,2025-01-23,284.61,285,295,289.38,270.9,-4.82,0.385,87.8,4.38,1.54,2561.34,456,-1998.66,-100.0,False,1,1,0,1,1,2
ASHOKA.NS,2024-12-10,2025-01-24,292.58,295,300,297.22,257.6,-11.96,0.3798,88.2,2.22,0.759,2501.4,900,-1998.6,-100.0,False,1,1,0,1,1,2
INFY.NS,2024-12-10,2025-01-24,1852.46,1850,1910,1876.95,1782.96,-3.75,0.2565,69.6,26.95,1.455,2446.05,74,-1993.95,-100.0,False,1,1,1,0,1,2
INFY.NS,2024-12-11,2025-01-27,1876.79,1875,1935,1901.9,1732.15,-7.71,0.2545,71.1,26.9,1.433,2449.55,74,-1990.45,-100.0,False,1,1,1,0,1,2
INFY.NS,2024-12-12,2025-01-28,1889.01,1890,1945,1914.64,1739.51,-7.91,0.2548,65.3,24.64,1.304,2459.12,81,-1995.88,-100.0,False,1,1,1,0,1,2
HDFCBANK.NS,2024-12-13,2025-01-29,908.37,910,935,920.71,814.0,-10.39,0.1409,76.0,10.71,1.179,2658.46,186,-1991.54,-100.0,False,1,1,1,0,1,2
INFY.NS,2024-12-13,2025-01-29,1901.08,1900,1960,1926.85,1788.47,-5.92,0.2547,69.9,26.85,1.412,2453.03,74,-1986.97,-100.0,False,1,1,1,0,1,2
ICICIBANK.NS,2024-12-13,2025-01-29,1334.6,1335,1375,1352.13,1242.07,-6.93,0.1342,69.0,17.13,1.284,2652.54,116,-1987.46,-100.0,False,1,1,1,0,1,2
ANANTRAJ.NS,2024-12-16,2025-01-30,786.25,785,810,796.31,560.73,-28.68,0.318,89.4,11.31,1.438,2409.63,176,-1990.37,-100.0,False,1,1,0,1,1,2
ICICIBANK.NS,2024-12-16,2025-01-30,1335.79,1335,1375,1352.43,1245.99,-6.72,0.1345,68.3,17.43,1.305,2573.24,114,-1986.76,-100.0,False,1,1,1,0,1,2
ANANTRAJ.NS,2024-12-17,2025-01-31,805.13,805,830,816.2,597.58,-25.78,0.2795,90.0,11.2,1.391,2456.87,178,-1993.13,-100.0,False,1,1,0,1,1,2
ANANTRAJ.NS,2024-12-19,2025-02-03,836.64,835,860,846.43,589.49,-29.54,0.3061,90.6,11.43,1.366,2375.22,175,-1999.78,-100.0,False,1,1,0,1,1,2
ANANTRAJ.NS,2025-01-07,2025-02-19,883.59,885,910,896.18,539.6,-38.93,0.316,70.3,11.18,1.266,2459.62,178,-1990.38,-100.0,False,1,1,1,0,1,2
APARINDS.NS,2025-01-07,2025-02-19,11597.34,11595,11945,11752.62,6325.4,-45.46,0.3273,83.3,157.62,1.359,2308.62,12,-1891.38,-100.0,False,1,1,0,1,1,2
KOTAKBANK.NS,2025-03-24,2025-05-14,433.98,435,445,439.52,417.28,-3.85,0.232,90.2,4.52,1.042,2421.16,442,-1998.84,-100.0,False,1,1,0,1,1,2
BAJFINANCE.NS,2025-03-24,2025-05-14,897.91,900,925,911.07,898.24,0.04,0.2497,65.5,11.07,1.232,2508.29,180,-1991.71,-100.0,False,1,1,1,0,1,2
HDFCBANK.NS,2025-04-16,2025-06-03,911.4,910,940,923.47,934.02,2.48,0.2582,60.8,13.47,1.478,2446.62,148,1561.28,78.32,True,1,1,1,0,1,2
ICICIBANK.NS,2025-04-17,2025-06-04,1395.93,1395,1440,1415.13,1420.04,1.73,0.2719,63.3,20.13,1.442,2462.31,99,486.55,24.42,True,1,1,1,0,1,2
HDFCBANK.NS,2025-04-17,2025-06-04,925.33,925,955,938.35,942.07,1.81,0.2606,61.6,13.35,1.443,2480.33,149,554.35,27.86,True,1,1,1,0,1,2
HDFCBANK.NS,2025-04-21,2025-06-05,935.23,935,965,948.36,946.15,1.17,0.2603,66.2,13.36,1.429,2479.27,149,-329.3,-16.54,False,1,1,1,0,1,2
KOTAKBANK.NS,2025-04-21,2025-06-05,446.99,445,460,451.89,406.81,-8.99,0.3121,61.5,6.89,1.542,2351.63,290,-1998.37,-100.0,False,1,1,1,0,1,2
ICICIBANK.NS,2025-04-21,2025-06-05,1399.01,1400,1440,1417.96,1443.66,3.19,0.2715,65.9,17.96,1.284,2446.46,111,2446.46,122.72,True,1,1,1,0,1,2
BAJFINANCE.NS,2025-04-21,2025-06-05,916.03,915,945,928.45,887.94,-3.07,0.274,60.9,13.45,1.468,2449.98,148,-1990.02,-100.0,False,1,1,1,0,1,2
HDFCBANK.NS,2025-04-22,2025-06-06,952.02,950,980,963.63,960.27,0.87,0.2592,67.5,13.63,1.432,2389.61,146,-490.55,-24.65,False,1,1,1,1,1,3
KOTAKBANK.NS,2025-04-22,2025-06-06,452.46,450,465,456.95,413.49,-8.61,0.3114,66.3,6.95,1.537,2309.32,287,-1995.68,-100.0,False,1,1,1,0,1,2
ICICIBANK.NS,2025-04-22,2025-06-06,1405.65,1405,1450,1425.06,1448.52,3.05,0.2491,66.7,20.06,1.427,2469.07,99,2322.85,116.97,True,1,1,1,0,1,2
BAJFINANCE.NS,2025-04-23,2025-06-09,920.92,920,950,933.43,954.88,3.69,0.2679,60.8,13.43,1.459,2451.7,148,2451.7,123.31,True,1,1,1,0,1,2
ICICIBANK.NS,2025-04-23,2025-06-09,1413.49,1415,1455,1432.88,1423.81,0.73,0.249,66.2,17.88,1.265,2454.84,111,-1006.82,-50.72,False,1,1,1,0,1,2
ICICIBANK.NS,2025-04-28,2025-06-12,1417.86,1420,1460,1437.82,1414.29,-0.25,0.2522,70.8,17.82,1.257,2483.99,112,-1996.01,-100.0,False,1,1,1,0,1,2
ICICIBANK.NS,2025-04-29,2025-06-13,1418.85,1420,1460,1437.94,1405.26,-0.96,0.2502,70.2,17.94,1.264,2448.52,111,-1991.48,-100.0,False,1,1,1,0,1,2
APLAPOLLO.NS,2025-05-12,2025-06-25,1706.84,1705,1760,1729.58,1789.65,4.85,0.2315,72.2,24.58,1.44,2463.87,81,2463.87,123.74,True,1,1,1,0,1,2
ICICIBANK.NS,2025-05-12,2025-06-25,1437.41,1435,1480,1455.38,1414.88,-1.57,0.2607,60.6,20.38,1.418,2412.3,98,-1997.7,-100.0,False,1,1,1,0,1,2
APLAPOLLO.NS,2025-05-13,2025-06-26,1719.1,1720,1770,1742.33,1789.65,4.1,0.2309,71.0,22.33,1.299,2462.43,89,2462.43,123.89,True,1,1,1,0,1,2
AIIL.NS,2025-05-14,2025-06-27,427.02,425,440,431.69,524.1,22.73,0.5927,64.7,6.69,1.567,2475.91,298,2475.91,124.16,True,1,1,1,1,1,3
APLAPOLLO.NS,2025-05-14,2025-06-27,1739.03,1740,1790,1762.31,1749.79,0.62,0.2181,73.0,22.31,1.283,2464.19,89,-1114.25,-56.11,False,1,1,1,0,1,2
AIIL.NS,2025-05-15,2025-06-30,429.46,430,440,434.46,526.14,22.51,0.5888,71.1,4.46,1.039,2481.45,448,2481.45,124.16,True,1,1,1,0,1,2
ICICIBANK.NS,2025-05-15,2025-06-30,1439.69,1440,1485,1460.02,1434.73,-0.34,0.2576,62.5,20.02,1.391,2472.71,99,-1982.29,-100.0,False,1,1,1,0,1,2
APLAPOLLO.NS,2025-05-15,2025-06-30,1769.72,1770,1825,1794.24,1733.05,-2.07,0.2034,75.3,24.24,1.37,2521.96,82,-1988.04,-100.0,False,1,1,1,0,1,2
ICICIBANK.NS,2025-05-16,2025-07-01,1442.87,1445,1485,1462.88,1421.04,-1.51,0.2576,62.7,17.88,1.239,2455.27,111,-1984.73,-100.0,False,1,1,1,0,1,2
APLAPOLLO.NS,2025-05-16,2025-07-01,1779.19,1780,1835,1804.18,1753.38,-1.45,0.2029,79.6,24.18,1.359,2527.56,82,-1982.44,-100.0,False,1,1,1,0,1,2
AIIL.NS,2025-05-16,2025-07-01,430.04,430,445,436.57,498.48,15.91,0.5844,76.8,6.57,1.528,2562.44,304,2562.44,128.28,True,1,1,1,0,1,2
AIIL.NS,2025-05-19,2025-07-02,434.26,435,445,439.46,500.0,15.14,0.5812,75.5,4.46,1.027,2482.36,448,2482.36,124.26,True,1,1,1,0,1,2
AIIL.NS,2025-05-20,2025-07-03,444.3,445,460,451.54,536.72,20.8,0.5787,76.7,6.54,1.473,2579.5,305,2579.5,129.27,True,1,1,1,1,1,3
AIIL.NS,2025-05-23,2025-07-08,444.68,445,460,451.58,533.92,20.07,0.5488,79.3,6.58,1.481,2550.2,303,2550.2,127.84,True,1,1,1,0,1,2
ICICIBANK.NS,2025-05-26,2025-07-09,1449.42,1450,1495,1469.88,1420.94,-1.96,0.2221,57.1,19.88,1.372,2511.99,100,-1988.01,-100.0,False,1,1,1,0,1,2
APOLLO.NS,2025-05-27,2025-07-10,155.68,155,160,157.17,186.28,19.65,0.8219,72.5,2.17,1.395,2602.14,920,2602.14,130.25,True,1,1,1,1,1,3
APOLLO.NS,2025-05-28,2025-07-11,177.16,175,180,177.2,179.66,1.41,0.9091,79.0,2.2,1.244,2536.52,907,2230.39,111.6,True,1,1,1,1,1,3
APOLLO.NS,2025-05-29,2025-07-14,188.62,190,195,192.09,184.09,-2.4,0.906,78.6,2.09,1.109,2780.85,956,-1999.15,-100.0,False,1,1,1,1,1,3
AIIL.NS,2025-05-30,2025-07-15,475.84,475,490,481.73,550.96,15.79,0.4871,93.5,6.73,1.415,2455.52,297,2455.52,122.81,True,1,1,0,1,1,2
APLAPOLLO.NS,2025-06-04,2025-07-18,1887.81,1890,1945,1914.24,1660.6,-12.04,0.2048,78.1,24.24,1.284,2522.28,82,-1987.72,-100.0,False,1,1,1,1,1,3
APLAPOLLO.NS,2025-06-05,2025-07-21,1908.24,1910,1965,1934.35,1686.61,-11.61,0.2039,79.2,24.35,1.276,2513.35,82,-1996.65,-100.0,False,1,1,1,0,1,2
BAJFINANCE.NS,2025-06-06,2025-07-22,931.42,930,960,943.52,946.73,1.64,0.2656,55.5,13.52,1.451,2422.62,147,471.96,23.75,True,1,1,1,1,1,3
APLAPOLLO.NS,2025-06-06,2025-07-22,1914.22,1915,1970,1939.49,1654.62,-13.56,0.1998,77.8,24.49,1.279,2471.3,81,-1983.7,-100.0,False,1,1,1,0,1,2
HDFCBANK.NS,2025-06-06,2025-07-22,960.27,960,990,973.17,984.77,2.55,0.1787,61.4,13.17,1.372,2540.58,151,1751.04,88.02,True,1,1,1,0,1,2
HDFCBANK.NS,2025-06-09,2025-07-23,960.37,960,990,972.82,993.21,3.42,0.1301,71.1,12.82,1.335,2662.5,155,2662.5,133.96,True,1,1,1,0,1,2
BAJFINANCE.NS,2025-06-09,2025-07-23,954.88,955,985,968.31,962.38,0.79,0.2373,68.8,13.31,1.394,2503.75,150,-888.64,-44.52,False,1,1,1,1,1,3
ABCAPITAL.NS,2025-06-11,2025-07-25,246.25,245,255,249.46,260.35,5.73,0.2308,85.8,4.46,1.812,2480.75,448,2480.75,124.08,True,1,1,0,1,1,2
ABCAPITAL.NS,2025-06-16,2025-07-30,248.75,250,255,252.24,248.8,0.02,0.2472,79.6,2.24,0.899,2467.13,893,-1997.87,-100.0,False,1,1,1,0,1,2
ABCAPITAL.NS,2025-06-17,2025-07-31,255.11,255,265,259.3,256.65,0.6,0.2496,85.3,4.3,1.686,2643.72,464,-1230.69,-61.65,False,1,1,0,1,1,2
ABCAPITAL.NS,2025-06-18,2025-08-01,256.23,255,265,259.49,251.45,-1.87,0.2299,85.0,4.49,1.751,2453.82,445,-1996.18,-100.0,False,1,1,0,1,1,2
AIIL.NS,2025-06-18,2025-08-01,508.22,510,525,516.57,551.26,8.47,0.3059,67.7,6.57,1.293,2562.17,304,2562.17,128.25,True,1,1,1,1,1,3
AIIL.NS,2025-06-19,2025-08-04,509.96,510,525,516.76,558.64,9.55,0.302,65.4,6.76,1.325,2431.41,295,2431.41,121.96,True,1,1,1,0,1,2
ABCAPITAL.NS,2025-06-20,2025-08-05,260.28,260,270,264.33,282.0,8.34,0.2335,84.6,4.33,1.663,2620.29,462,2620.29,131.03,True,1,1,0,1,1,2
AIIL.NS,2025-06-20,2025-08-05,517.58,520,535,526.52,575.24,11.14,0.3031,67.1,6.52,1.26,2594.7,306,2594.7,130.04,True,1,1,1,0,1,2
APOLLO.NS,2025-06-23,2025-08-06,213.82,215,220,217.15,180.69,-15.5,0.7803,59.8,2.15,1.003,2660.28,932,-1999.72,-100.0,False,1,1,1,0,1,2
AIIL.NS,2025-06-23,2025-08-06,519.96,520,535,526.77,580.02,11.55,0.2976,62.4,6.77,1.303,2427.04,295,2427.04,121.48,True,1,1,1,0,1,2
AIIL.NS,2025-06-24,2025-08-07,532.98,535,550,541.59,573.68,7.64,0.3033,63.3,6.59,1.237,2547.94,303,2547.94,127.58,True,1,1,1,1,1,3
HDFCBANK.NS,2025-06-25,2025-08-08,961.0,960,990,972.97,970.89,1.03,0.1284,57.8,12.97,1.35,2622.5,154,-320.13,-16.03,False,1,1,1,0,1,2
AIIL.NS,2025-06-25,2025-08-08,543.94,545,560,551.7,568.72,4.56,0.2799,73.5,6.7,1.231,2474.73,298,2474.73,124.03,True,1,1,1,0,1,2
HDFCBANK.NS,2025-06-26,2025-08-11,981.19,980,1010,993.23,981.57,0.04,0.1457,60.3,13.23,1.348,2532.2,151,-1761.42,-88.17,False,1,1,1,1,1,3
HDFCBANK.NS,2025-06-27,2025-08-12,988.6,990,1020,1002.66,968.92,-1.99,0.1449,62.9,12.66,1.281,2722.07,157,-1987.93,-100.0,False,1,1,1,0,1,2
ICICIBANK.NS,2025-06-27,2025-08-12,1451.0,1450,1495,1469.52,1422.0,-2.0,0.1392,60.9,19.52,1.345,2599.17,102,-1990.83,-100.0,False,1,1,1,1,1,3
ABCAPITAL.NS,2025-07-01,2025-08-14,280.8,280,290,284.49,273.0,-2.78,0.2613,77.7,4.49,1.599,2451.96,445,-1998.04,-100.0,False,1,1,1,0,1,2
ABDL.NS,2025-07-08,2025-08-22,438.9,440,450,444.54,517.62,17.94,0.3012,63.1,4.54,1.034,2403.91,440,2403.91,120.43,True,1,1,1,0,1,2
ABDL.NS,2025-07-10,2025-08-26,439.59,440,455,446.5,505.47,14.99,0.231,70.4,6.5,1.478,2610.93,307,2610.93,130.93,True,1,1,1,0,1,2
ABDL.NS,2025-07-11,2025-08-28,443.41,445,455,449.47,497.05,12.1,0.2248,68.2,4.47,1.008,2471.9,447,2471.9,123.71,True,1,1,1,0,1,2
ANANDRATHI.NS,2025-07-14,2025-08-29,1265.16,1265,1305,1282.72,1391.52,9.99,0.543,85.1,17.72,1.4,2495.7,112,2495.7,125.77,True,1,1,0,1,1,2
ABDL.NS,2025-07-14,2025-08-29,482.27,480,495,486.94,501.06,3.9,0.3587,83.1,6.94,1.439,2321.37,288,2321.37,116.15,True,1,1,0,1,1,2
AIIL.NS,2025-07-15,2025-09-01,550.96,550,565,556.8,643.96,16.88,0.4869,51.9,6.8,1.235,2401.39,293,2401.39,120.45,True,1,1,0,1,1,2
ABDL.NS,2025-07-15,2025-09-01,487.23,485,500,491.94,512.51,5.19,0.3584,83.4,6.94,1.425,2321.02,288,2321.02,116.11,True,1,1,0,1,1,2
AIIL.NS,2025-07-17,2025-09-03,558.7,560,575,566.67,633.46,13.38,0.4932,58.9,6.67,1.194,2490.95,299,2490.95,124.92,True,1,1,1,0,1,2
ANANDRATHI.NS,2025-07-17,2025-09-03,1288.22,1290,1325,1305.53,1457.76,13.16,0.5585,80.1,15.53,1.205,2492.42,128,2492.42,125.4,True,1,1,0,1,1,2
AIIL.NS,2025-07-18,2025-09-04,560.96,560,580,568.88,619.34,10.41,0.4917,58.9,8.88,1.583,2502.32,225,2502.32,125.26,True,1,1,1,0,1,2
ANANDRATHI.NS,2025-07-18,2025-09-04,1305.5,1305,1345,1322.75,1472.35,12.78,0.5584,78.9,17.75,1.36,2492.01,112,2492.01,125.35,True,1,1,1,1,1,3
AIIL.NS,2025-07-21,2025-09-05,577.0,575,595,583.97,617.84,7.08,0.4991,71.4,8.97,1.555,2448.07,222,2448.07,122.9,True,1,1,1,0,1,2
ICICIBANK.NS,2025-07-21,2025-09-05,1454.58,1455,1500,1474.32,1402.8,-3.56,0.148,63.6,19.32,1.328,2645.41,103,-1989.59,-100.0,False,1,1,1,0,1,2
AIIL.NS,2025-07-22,2025-09-08,577.6,580,595,586.62,610.46,5.69,0.4939,71.3,6.62,1.147,2530.08,302,2530.08,126.51,True,1,1,1,0,1,2
ICICIBANK.NS,2025-07-22,2025-09-08,1462.32,1460,1505,1479.97,1402.7,-4.08,0.1486,67.9,19.97,1.365,2503.48,100,-1996.52,-100.0,False,1,1,1,0,1,2
ICICIBANK.NS,2025-07-23,2025-09-09,1477.2,1475,1520,1495.01,1403.7,-4.98,0.1515,72.2,20.01,1.355,2473.95,99,-1981.05,-100.0,False,1,1,1,0,1,2
HDFCBANK.NS,2025-07-23,2025-09-09,993.21,995,1025,1007.66,949.45,-4.41,0.1515,60.6,12.66,1.275,2722.1,157,-1987.9,-100.0,False,1,1,1,0,1,2
AIIL.NS,2025-07-23,2025-09-09,577.8,580,595,586.64,622.26,7.69,0.4902,64.1,6.64,1.148,2517.68,301,2517.68,126.05,True,1,1,1,0,1,2
BAJFINANCE.NS,2025-07-23,2025-09-09,962.38,960,990,973.63,942.61,-2.06,0.1995,72.3,13.63,1.417,2389.41,146,-1990.59,-100.0,False,1,1,1,0,1,2
HDFCBANK.NS,2025-07-30,2025-09-16,996.42,995,1025,1008.14,951.12,-4.55,0.1213,56.9,13.14,1.319,2562.85,152,-1997.15,-100.0,False,1,1,1,0,1,2
ABDL.NS,2025-07-31,2025-09-17,510.63,510,525,516.79,539.58,5.67,0.4168,70.7,6.79,1.33,2413.05,294,2413.05,120.84,True,1,1,1,1,1,3
ABDL.NS,2025-08-04,2025-09-19,524.36,525,540,531.71,544.93,3.92,0.4295,63.2,6.71,1.279,2471.66,298,2471.66,123.69,True,1,1,1,0,1,2
ABCAPITAL.NS,2025-08-05,2025-09-22,282.0,280,290,284.58,288.15,2.18,0.4597,57.1,4.58,1.624,2362.98,436,1556.38,77.93,True,1,1,1,1,1,3
AIIL.NS,2025-08-06,2025-09-23,580.02,580,595,586.83,602.98,3.96,0.3952,57.8,6.83,1.177,2386.79,292,2386.79,119.75,True,1,1,1,0,1,2
ANANDRATHI.NS,2025-08-12,2025-09-29,1372.44,1370,1415,1390.28,1400.43,2.04,0.2708,56.3,20.28,1.478,2422.57,98,995.14,50.07,True,1,1,1,0,1,2
ANANDRATHI.NS,2025-08-13,2025-09-30,1378.57,1380,1420,1397.86,1407.91,2.13,0.266,63.6,17.86,1.296,2457.16,111,1114.63,56.21,True,1,1,1,0,1,2
AIIL.NS,2025-08-13,2025-09-30,597.52,600,615,606.67,616.44,3.17,0.3545,62.7,6.67,1.116,2491.4,299,2491.4,124.97,True,1,1,1,0,1,2
ANANDRATHI.NS,2025-08-18,2025-10-03,1389.13,1390,1430,1407.96,1430.62,2.99,0.2746,63.0,17.96,1.293,2446.31,111,2446.31,122.7,True,1,1,1,0,1,2
MARUTI.NS,2025-08-18,2025-10-03,14068.0,14070,14490,14258.86,15806.0,12.35,0.3188,89.7,188.86,1.343,2311.35,10,2311.35,122.38,True,1,1,0,1,1,2
ABCAPITAL.NS,2025-08-18,2025-10-03,283.15,285,290,287.23,303.95,7.35,0.4816,68.5,2.23,0.787,2485.55,897,2485.55,124.31,True,1,1,1,0,1,2
MARUTI.NS,2025-08-19,2025-10-06,14250.0,14250,14680,14443.33,15998.0,12.27,0.3181,89.9,193.33,1.357,2366.65,10,2366.65,122.41,True,1,1,0,1,1,2
ANANDRATHI.NS,2025-08-19,2025-10-06,1405.91,1405,1450,1425.15,1455.32,3.51,0.2763,62.3,20.15,1.433,2459.86,99,2459.86,123.29,True,1,1,1,0,1,2
ABCAPITAL.NS,2025-08-19,2025-10-06,287.35,285,295,289.6,304.05,5.81,0.4769,71.2,4.6,1.602,2342.09,434,2342.09,117.23,True,1,1,1,0,1,2
ABCAPITAL.NS,2025-08-21,2025-10-08,291.3,290,300,294.52,295.25,1.36,0.4863,70.9,4.52,1.551,2422.98,442,323.48,16.2,True,1,1,1,0,1,2
APOLLO.NS,2025-08-22,2025-10-09,234.97,235,240,237.25,332.0,41.3,0.5775,93.7,2.25,0.959,2435.91,887,2435.91,121.85,True,1,1,0,1,1,2
AIIL.NS,2025-08-25,2025-10-10,608.42,610,625,616.75,659.9,8.46,0.3532,66.5,6.75,1.109,2441.89,296,2441.89,122.21,True,1,1,1,0,1,2
APOLLO.NS,2025-08-25,2025-10-10,250.53,250,260,254.37,317.5,26.73,0.5994,94.6,4.37,1.743,2580.19,458,2580.19,129.02,True,1,1,0,1,1,2
MARUTI.NS,2025-08-26,2025-10-13,14714.0,14715,15155,14912.88,16323.0,10.94,0.3058,96.2,197.88,1.345,2421.17,10,2421.17,122.35,True,1,1,0,1,1,2
AIIL.NS,2025-08-26,2025-10-13,625.14,625,645,633.95,636.18,1.77,0.3472,66.5,8.95,1.432,2464.2,223,497.34,24.92,True,1,1,1,1,1,3
AIIL.NS,2025-08-28,2025-10-14,639.28,640,660,648.87,626.86,-1.94,0.3122,68.5,8.87,1.388,2503.44,225,-1996.56,-100.0,False,1,1,1,0,1,2
APOLLO.NS,2025-08-29,2025-10-15,262.57,265,270,267.17,291.15,10.88,0.6091,89.4,2.17,0.827,2601.64,920,2601.64,130.19,True,1,1,0,1,1,2
AIIL.NS,2025-08-29,2025-10-15,646.58,645,665,654.14,649.94,0.52,0.3127,72.6,9.14,1.413,2368.08,218,-915.0,-45.94,False,1,1,1,0,1,2
APOLLO.NS,2025-09-01,2025-10-16,266.38,265,275,269.44,293.45,10.16,0.6086,91.3,4.44,1.666,2502.46,450,2502.46,125.28,True,1,1,0,1,1,2
ANANDRATHI.NS,2025-09-01,2025-10-16,1454.47,1455,1500,1475.08,1545.57,6.26,0.2864,78.3,20.08,1.381,2466.71,99,2466.71,124.06,True,1,1,1,1,1,3
ANANDRATHI.NS,2025-09-02,2025-10-17,1462.64,1465,1505,1482.92,1559.49,6.62,0.2745,74.4,17.92,1.225,2451.11,111,2451.11,123.24,True,1,1,1,0,1,2
APOLLO.NS,2025-09-02,2025-10-17,292.46,290,300,294.51,293.65,0.41,0.6369,92.5,4.51,1.542,2432.7,443,-380.36,-19.04,False,1,1,0,1,1,2
APOLLO.NS,2025-09-03,2025-10-20,303.35,305,310,307.21,288.85,-4.78,0.6365,93.0,2.21,0.729,2521.63,904,-1998.37,-100.0,False,1,1,0,1,1,2
ANANDRATHI.NS,2025-09-04,2025-10-21,1472.35,1470,1515,1490.45,1592.43,8.16,0.2706,70.4,20.45,1.389,2381.59,97,2381.59,120.08,True,1,1,1,0,1,2
BAJFINANCE.NS,2025-09-11,2025-10-29,964.32,965,995,978.31,1056.46,9.55,0.2662,79.6,13.31,1.38,2503.29,150,2503.29,125.37,True,1,1,1,0,1,2
ABDL.NS,2025-09-11,2025-10-29,524.61,525,540,531.75,643.18,22.6,0.33,52.0,6.75,1.286,2442.97,296,2442.97,122.33,True,1,1,0,1,1,2
ABCAPITAL.NS,2025-09-12,2025-10-30,291.5,290,300,294.61,326.8,12.11,0.252,56.3,4.61,1.583,2332.01,433,2332.01,116.72,True,1,1,1,0,1,2
ABDL.NS,2025-09-12,2025-10-30,541.02,540,555,546.89,633.91,17.17,0.3436,59.8,6.89,1.274,2350.86,290,2350.86,117.59,True,1,1,1,1,1,3
ANANDRATHI.NS,2025-09-12,2025-10-30,1482.76,1485,1525,1502.86,1566.63,5.66,0.2259,74.4,17.86,1.205,2457.37,111,2457.37,123.95,True,1,1,1,0,1,2
APOLLO.NS,2025-09-12,2025-10-30,322.35,320,330,324.4,281.35,-12.72,0.8086,73.9,4.4,1.365,2543.04,454,-1996.96,-100.0,False,1,1,1,0,1,2
BAJFINANCE.NS,2025-09-12,2025-10-30,997.12,995,1025,1008.72,1045.87,4.89,0.283,84.4,13.72,1.376,2359.88,145,2359.88,118.58,True,1,1,0,1,1,2
APOLLO.NS,2025-09-15,2025-10-31,329.65,330,340,334.29,276.8,-16.03,0.808,72.6,4.29,1.301,2660.88,466,-1999.12,-100.0,False,1,1,1,0,1,2
ABDL.NS,2025-09-15,2025-10-31,559.51,560,575,566.78,656.37,17.31,0.3559,70.3,6.78,1.212,2416.71,294,2416.71,121.24,True,1,1,1,1,1,3
AIIL.NS,2025-09-15,2025-10-31,655.38,655,675,664.02,581.62,-11.25,0.2938,68.8,9.02,1.376,2427.29,221,-1992.71,-100.0,False,1,1,1,0,1,2
ANANDRATHI.NS,2025-09-15,2025-10-31,1513.94,1515,1560,1534.92,1541.18,1.8,0.2139,78.8,19.92,1.316,2507.87,100,625.52,31.4,True,1,1,1,0,1,2
APOLLO.NS,2025-09-16,2025-11-03,343.8,345,355,349.26,278.25,-19.07,0.8096,77.7,4.26,1.24,2684.11,468,-1995.89,-100.0,False,1,1,1,0,1,2
MARUTI.NS,2025-09-16,2025-11-03,15573.0,15575,16040,15779.62,15651.0,0.5,0.1743,70.1,204.62,1.314,2343.46,9,-1157.54,-62.86,False,1,1,1,0,1,2
AIIL.NS,2025-09-16,2025-11-03,656.92,655,675,664.2,568.04,-13.53,0.2866,64.5,9.2,1.4,2344.17,217,-1995.83,-100.0,False,1,1,1,0,1,2
MARUTI.NS,2025-09-17,2025-11-04,15801.0,15800,16275,16009.38,15374.0,-2.7,0.1754,72.5,209.38,1.325,2390.58,9,-1884.42,-100.0,False,1,1,1,0,1,2
MARUTI.NS,2025-09-18,2025-11-06,15817.0,15815,16290,16024.5,15452.0,-2.31,0.1741,72.2,209.5,1.325,2389.48,9,-1885.52,-100.0,False,1,1,1,0,1,2
MARUTI.NS,2025-09-19,2025-11-07,15864.0,15865,16340,16074.08,15479.0,-2.43,0.1742,71.6,209.08,1.318,2393.26,9,-1881.74,-100.0,False,1,1,1,0,1,2
APOLLO.NS,2025-09-19,2025-11-07,343.9,345,355,349.26,268.45,-21.94,0.8256,73.6,4.26,1.239,2691.93,469,-1998.07,-100.0,False,1,1,1,0,1,2
MARUTI.NS,2025-09-23,2025-11-11,16097.0,16095,16580,16309.41,15645.0,-2.81,0.1823,73.8,214.41,1.332,2435.33,9,-1929.67,-100.0,False,1,1,1,1,1,3
ABCAPITAL.NS,2025-09-24,2025-11-12,291.95,290,300,294.69,329.6,12.9,0.2019,68.4,4.69,1.607,2261.03,426,2261.03,113.11,True,1,1,1,1,1,3
MARUTI.NS,2025-09-26,2025-11-14,16286.0,16285,16775,16501.13,15684.0,-3.7,0.1776,78.8,216.13,1.327,2464.86,9,-1945.14,-100.0,False,1,1,1,0,1,2
ABCAPITAL.NS,2025-10-01,2025-11-19,299.85,300,310,304.4,330.65,10.27,0.2661,58.7,4.4,1.467,2542.4,454,2542.4,127.27,True,1,1,1,0,1,2
ABCAPITAL.NS,2025-10-03,2025-11-20,303.95,305,315,309.29,327.85,7.86,0.2658,60.5,4.29,1.411,2661.82,466,2661.82,133.21,True,1,1,1,0,1,2
ABCAPITAL.NS,2025-10-06,2025-11-21,304.05,305,315,309.3,325.65,7.1,0.2644,61.4,4.3,1.414,2650.46,465,2650.46,132.55,True,1,1,1,0,1,2
AIIL.NS,2025-10-10,2025-11-27,659.9,660,680,668.98,548.76,-16.84,0.3118,61.2,8.98,1.36,2447.33,222,-1992.67,-100.0,False,1,1,1,0,1,2
MARUTI.NS,2025-10-13,2025-11-28,16323.0,16325,16815,16538.69,15900.0,-2.59,0.1573,64.1,213.69,1.309,2486.77,9,-1923.23,-100.0,False,1,1,1,0,1,2
BAJFINANCE.NS,2025-10-13,2025-11-28,1030.42,1030,1060,1043.42,1031.16,0.07,0.1874,60.6,13.42,1.303,2470.23,149,-1826.75,-91.35,False,1,1,1,0,1,2
ANANDRATHI.NS,2025-10-14,2025-12-01,1575.45,1575,1625,1597.4,1459.59,-7.35,0.3477,64.0,22.4,1.422,2456.01,89,-1993.99,-100.0,False,1,1,1,1,1,3
BAJFINANCE.NS,2025-10-15,2025-12-02,1053.42,1055,1085,1068.32,1019.23,-3.25,0.2387,58.5,13.32,1.265,2501.59,150,-1998.41,-100.0,False,1,1,1,0,1,2
BAJFINANCE.NS,2025-10-16,2025-12-03,1059.24,1060,1090,1073.44,1015.16,-4.16,0.2389,65.9,13.44,1.269,2450.78,148,-1989.22,-100.0,False,1,1,1,0,1,2
BAJFINANCE.NS,2025-10-17,2025-12-04,1063.56,1065,1095,1078.35,1022.81,-3.83,0.2332,79.7,13.35,1.255,2481.05,149,-1988.95,-100.0,False,1,1,1,0,1,2
ANANDRATHI.NS,2025-10-20,2025-12-05,1598.02,1600,1645,1620.2,1446.11,-9.51,0.3602,79.1,20.2,1.264,2455.66,99,-1999.34,-100.0,False,1,1,1,0,1,2
ABDL.NS,2025-10-20,2025-12-05,575.91,575,595,583.95,623.06,8.19,0.363,75.0,8.95,1.554,2464.23,223,2464.23,123.47,True,1,1,1,1,1,3
MARUTI.NS,2025-10-20,2025-12-05,16424.0,16425,16915,16636.88,16282.0,-0.86,0.1393,66.2,211.88,1.29,2503.08,9,-1906.92,-100.0,False,1,1,1,0,1,2
ABCAPITAL.NS,2025-10-20,2025-12-05,305.35,305,315,309.48,358.75,17.49,0.2774,64.7,4.48,1.468,2460.15,446,2460.15,123.02,True,1,1,1,0,1,2
ABDL.NS,2025-10-23,2025-12-09,620.08,620,640,628.93,608.33,-1.89,0.3811,80.0,8.93,1.441,2467.88,223,-1992.12,-100.0,False,1,1,1,1,1,3
ABCAPITAL.NS,2025-10-23,2025-12-09,308.0,310,315,312.25,364.05,18.2,0.2765,58.8,2.25,0.731,2436.88,887,2436.88,121.96,True,1,1,1,0,1,2
ANANDRATHI.NS,2025-10-27,2025-12-11,1609.84,1610,1660,1632.39,1439.43,-10.59,0.361,70.6,22.39,1.391,2456.89,89,-1993.11,-100.0,False,1,1,1,0,1,2
ABCAPITAL.NS,2025-10-27,2025-12-11,310.75,310,320,314.54,354.45,14.06,0.2698,56.9,4.54,1.462,2400.46,440,2400.46,120.05,True,1,1,1,0,1,2
ABCAPITAL.NS,2025-10-28,2025-12-12,312.6,315,320,317.22,362.95,16.11,0.2438,59.1,2.22,0.711,2497.07,899,2497.07,124.98,True,1,1,1,1,1,3
ABDL.NS,2025-10-29,2025-12-15,643.18,645,660,651.76,620.73,-3.49,0.4024,78.9,6.76,1.05,2440.14,296,-1999.86,-100.0,False,1,1,1,1,1,3
ABCAPITAL.NS,2025-10-30,2025-12-16,326.8,325,335,329.7,348.05,6.5,0.2703,75.4,4.7,1.439,2251.22,425,2251.22,112.63,True,1,1,1,1,1,3
ABDL.NS,2025-10-31,2025-12-17,656.37,655,675,664.08,605.8,-7.7,0.4009,79.8,9.08,1.384,2401.47,220,-1998.53,-100.0,False,1,1,1,1,1,3
ABDL.NS,2025-11-03,2025-12-18,677.93,680,700,688.83,608.04,-10.31,0.392,88.4,8.83,1.302,2524.65,226,-1995.35,-100.0,False,1,1,0,1,1,2
ABCAPITAL.NS,2025-11-03,2025-12-18,334.25,335,345,339.41,344.25,2.99,0.2784,79.7,4.41,1.318,2534.1,453,2194.35,109.94,True,1,1,1,0,1,2
TITAN.NS,2025-11-04,2025-12-19,3801.03,3800,3915,3851.31,3917.25,3.06,0.2126,77.3,51.31,1.35,2420.14,38,2420.14,124.12,True,1,1,1,1,1,3
ABCAPITAL.NS,2025-11-07,2025-12-23,338.1,340,350,344.28,346.8,2.57,0.2814,78.3,4.28,1.267,2663.89,466,1172.68,58.75,True,1,1,1,1,1,3
TITAN.NS,2025-11-12,2025-12-29,3838.5,3840,3955,3890.19,3970.67,3.44,0.1659,64.4,50.19,1.307,2527.69,39,2527.69,129.14,True,1,1,1,0,1,2
ASIANPAINT.NS,2025-11-13,2025-12-30,2850.18,2850,2935,2888.25,2734.57,-4.06,0.2813,87.4,38.25,1.342,2431.25,52,-1988.75,-100.0,False,1,1,0,1,1,2
ASIANPAINT.NS,2025-11-14,2025-12-31,2876.91,2875,2965,2915.44,2745.68,-4.56,0.2768,88.1,40.44,1.406,2428.42,49,-1981.58,-100.0,False,1,1,0,1,1,2
TITAN.NS,2025-11-17,2026-01-01,3855.95,3855,3970,3905.36,4036.06,4.67,0.1512,67.9,50.36,1.306,2520.88,39,2520.88,128.35,True,1,1,1,0,1,2
TITAN.NS,2025-11-18,2026-01-02,3866.51,3865,3985,3917.11,4038.45,4.45,0.1493,73.4,52.11,1.348,2579.94,38,2579.94,130.3,True,1,1,1,0,1,2
TITAN.NS,2025-11-19,2026-01-05,3920.24,3920,4040,3971.89,4066.36,3.73,0.1459,75.0,51.89,1.324,2588.37,38,2588.37,131.28,True,1,1,1,1,1,3
RELIANCE.NS,2025-11-20,2026-01-06,1541.97,1540,1590,1561.85,1500.66,-2.68,0.1545,73.1,21.85,1.417,2561.73,91,-1988.27,-100.0,False,1,1,1,1,1,3
ABCAPITAL.NS,2025-11-25,2026-01-09,345.45,345,355,349.56,353.85,2.43,0.3055,61.8,4.56,1.321,2381.05,438,1877.36,93.92,True,1,1,1,1,1,3
ABCAPITAL.NS,2025-11-26,2026-01-12,349.8,350,360,354.5,355.25,1.56,0.3066,69.2,4.5,1.287,2440.78,444,331.78,16.6,True,1,1,1,0,1,2
RELIANCE.NS,2025-11-26,2026-01-12,1562.67,1565,1610,1584.24,1476.37,-5.52,0.1462,76.4,19.24,1.231,2653.15,103,-1981.85,-100.0,False,1,1,1,0,1,2
ABCAPITAL.NS,2025-11-27,2026-01-13,351.75,350,360,354.71,350.85,-0.26,0.3037,63.6,4.71,1.338,2244.1,424,-1635.5,-81.94,False,1,1,1,0,1,2
ABCAPITAL.NS,2025-11-28,2026-01-14,358.05,360,370,364.3,358.6,0.15,0.26,73.6,4.3,1.201,2650.34,465,-1999.66,-100.0,False,1,1,1,1,1,3
ASIANPAINT.NS,2025-12-02,2026-01-16,2928.99,2930,3015,2968.22,2733.19,-6.68,0.272,76.9,38.22,1.305,2432.62,52,-1987.38,-100.0,False,1,1,1,0,1,2
ASIANPAINT.NS,2025-12-04,2026-01-20,2931.76,2930,3020,2970.32,2652.59,-9.52,0.2273,62.6,40.32,1.375,2434.51,49,-1975.49,-100.0,False,1,1,1,0,1,2
ASIANPAINT.NS,2025-12-05,2026-01-21,2942.97,2945,3030,2982.91,2638.21,-10.36,0.2274,70.0,37.91,1.288,2448.45,52,-1971.55,-100.0,False,1,1,1,0,1,2
ABCAPITAL.NS,2025-12-05,2026-01-21,358.75,360,370,364.35,346.25,-3.48,0.2299,70.1,4.35,1.213,2591.82,459,-1998.18,-100.0,False,1,1,1,0,1,2
ABCAPITAL.NS,2025-12-09,2026-01-23,364.05,365,375,369.4,347.45,-4.56,0.2218,76.1,4.4,1.207,2544.38,454,-1995.62,-100.0,False,1,1,1,1,1,3
MARUTI.NS,2025-12-12,2026-01-29,16522.0,16520,17020,16739.49,14502.0,-12.23,0.1669,62.6,219.49,1.328,2524.61,9,-1975.39,-100.0,False,1,1,1,0,1,2
MARUTI.NS,2025-12-22,2026-02-06,16649.0,16650,17150,16869.11,14997.0,-9.92,0.1653,60.8,219.11,1.316,2528.0,9,-1972.0,-100.0,False,1,1,1,0,1,2
TITAN.NS,2025-12-22,2026-02-06,3920.93,3920,4040,3971.91,4127.46,5.27,0.142,56.1,51.91,1.324,2587.34,38,2587.34,131.16,True,1,1,1,0,1,2
RELIANCE.NS,2025-12-22,2026-02-06,1568.15,1570,1615,1588.9,1444.12,-7.91,0.1189,63.7,18.9,1.205,2740.91,105,-1984.09,-100.0,False,1,1,1,0,1,2
MARUTI.NS,2025-12-24,2026-02-10,16703.0,16705,17205,16923.19,15146.0,-9.32,0.1572,69.3,218.19,1.306,2536.29,9,-1963.71,-100.0,False,1,1,1,0,1,2
TITAN.NS,2025-12-26,2026-02-11,3978.94,3980,4100,4032.1,4235.2,6.44,0.1553,72.3,52.1,1.309,2580.3,38,2580.3,130.34,True,1,1,1,1,1,3
TITAN.NS,2025-12-31,2026-02-16,4038.25,4040,4160,4092.47,4167.43,3.2,0.1677,78.3,52.47,1.299,2565.96,38,2565.96,128.68,True,1,1,1,1,1,3
MARUTI.NS,2026-01-01,2026-02-17,16708.0,16710,17210,16925.12,15179.0,-9.15,0.1351,66.6,215.12,1.288,2563.92,9,-1936.08,-100.0,False,1,1,1,0,1,2
APLAPOLLO.NS,2026-01-01,2026-02-17,1970.0,1970,2030,1996.49,2224.5,12.92,0.1901,92.8,26.49,1.345,2512.95,75,2512.95,126.47,True,1,1,0,1,1,2
RELIANCE.NS,2026-01-01,2026-02-17,1568.35,1570,1615,1588.92,1416.45,-9.69,0.1174,61.6,18.92,1.206,2738.85,105,-1986.15,-100.0,False,1,1,1,0,1,2
TITAN.NS,2026-01-02,2026-02-18,4038.45,4040,4160,4091.98,4234.7,4.86,0.1489,75.8,51.98,1.287,2584.71,38,2584.71,130.85,True,1,1,1,0,1,2
RELIANCE.NS,2026-01-02,2026-02-18,1584.97,1585,1635,1605.95,1434.67,-9.48,0.1212,63.0,20.95,1.322,2759.7,95,-1990.3,-100.0,False,1,1,1,0,1,2
MARUTI.NS,2026-01-02,2026-02-18,16960.0,16960,17470,17180.36,15164.0,-10.59,0.1396,66.1,220.36,1.299,2606.73,9,-1983.27,-100.0,False,1,1,1,0,1,2
MARUTI.NS,2026-01-05,2026-02-19,17155.0,17155,17670,17376.38,14903.0,-13.13,0.1322,75.5,221.38,1.29,2642.55,9,-1992.45,-100.0,False,1,1,1,0,1,2
TITAN.NS,2026-01-06,2026-02-20,4098.35,4100,4220,4151.78,4222.54,3.03,0.1382,79.0,51.78,1.264,2592.2,38,2592.2,131.73,True,1,1,1,0,1,2
TITAN.NS,2026-01-07,2026-02-23,4259.22,4260,4385,4315.16,4258.73,-0.01,0.1745,90.2,55.16,1.295,2514.11,36,-1985.89,-100.0,False,1,1,0,1,1,2
AIIL.NS,2026-01-13,2026-02-27,667.9,670,690,678.79,481.85,-27.86,0.4912,73.1,8.79,1.316,2545.05,227,-1994.95,-100.0,False,1,1,1,1,1,3
APLAPOLLO.NS,2026-01-22,2026-03-11,1976.0,1975,2035,2002.03,2016.3,2.04,0.2739,56.8,27.03,1.368,2440.05,74,1056.26,52.81,True,1,1,1,1,1,3
APLAPOLLO.NS,2026-01-27,2026-03-13,2060.6,2060,2120,2087.14,1933.2,-6.18,0.2886,65.8,27.14,1.317,2398.94,73,-1981.06,-100.0,False,1,1,1,1,1,3
APLAPOLLO.NS,2026-01-28,2026-03-16,2091.0,2090,2155,2119.21,1893.7,-9.44,0.2895,68.3,29.21,1.397,2434.01,68,-1985.99,-100.0,False,1,1,1,0,1,2
APARINDS.NS,2026-02-03,2026-03-20,9759.0,9760,10050,9886.0,9673.0,-0.88,0.7406,77.4,126.0,1.291,2459.98,15,-1890.02,-100.0,False,1,1,1,1,1,3
APLAPOLLO.NS,2026-02-03,2026-03-20,2137.5,2140,2200,2166.92,1973.1,-7.69,0.2845,76.0,26.92,1.259,2448.23,74,-1991.77,-100.0,False,1,1,1,1,1,3
APLAPOLLO.NS,2026-02-04,2026-03-23,2174.2,2175,2240,2204.13,1893.9,-12.89,0.2833,76.4,29.13,1.34,2439.09,68,-1980.91,-100.0,False,1,1,1,0,1,2
APLAPOLLO.NS,2026-02-05,2026-03-24,2182.1,2180,2250,2211.44,1974.4,-9.52,0.2828,76.8,31.44,1.441,2429.33,63,-1980.67,-100.0,False,1,1,1,0,1,2
APLAPOLLO.NS,2026-02-06,2026-03-25,2198.0,2200,2265,2228.99,1998.6,-9.07,0.268,77.3,28.99,1.319,2448.36,68,-1971.64,-100.0,False,1,1,1,1,1,3
TITAN.NS,2026-02-12,2026-04-02,4261.82,4260,4390,4317.95,4083.8,-4.18,0.2064,71.3,57.95,1.36,2449.72,34,-1970.28,-100.0,False,1,1,1,0,1,2
APARINDS.NS,2026-02-18,2026-04-09,10182.0,10180,10485,10313.26,10767.0,5.75,0.701,85.7,133.26,1.309,2576.12,15,2576.12,128.88,True,1,1,0,1,1,2
APARINDS.NS,2026-02-20,2026-04-13,10519.0,10520,10835,10657.41,11115.0,5.67,0.7056,82.8,137.41,1.306,2486.29,14,2486.29,129.24,True,1,1,0,1,1,2
APARINDS.NS,2026-02-23,2026-04-15,10690.0,10690,11010,10829.97,11207.0,4.84,0.6862,71.5,139.97,1.309,2520.42,14,2520.42,128.62,True,1,1,1,0,1,2
TITAN.NS,2026-02-24,2026-04-16,4280.45,4280,4410,4337.79,4446.81,3.89,0.2077,63.0,57.79,1.35,2455.07,34,2455.07,124.94,True,1,1,1,0,1,2
TITAN.NS,2026-02-25,2026-04-17,4310.85,4310,4440,4367.89,4511.1,4.65,0.2052,70.3,57.89,1.343,2451.6,34,2451.6,124.55,True,1,1,1,0,1,2
TITAN.NS,2026-02-26,2026-04-20,4328.4,4330,4460,4387.45,4498.24,3.92,0.1992,68.8,57.45,1.327,2466.85,34,2466.85,126.3,True,1,1,1,0,1,2
