Ticker,Entry_Date,Exit_Date,Year,S_entry,K1_Long,K2_Short,Breakeven,S_expiry,Move_%,HV20,RSI14,VolPotential,Debit/unit,Debit_%S,Units,PnL_Total,Return_%,Win,CumPnL
MARUTI.NS,2016-09-30,2016-11-03,2016,5035.7,5035,5340,5140.97,5337.49,5.99,0.2301,54.9,0.911,105.97,2.104,18,3537.24,185.43,True,103537.24
ASIANPAINT.NS,2016-10-03,2016-11-04,2016,1096.25,1095,1160,1118.14,960.84,-12.35,0.2304,62.1,0.887,23.14,2.111,86,-1990.22,-100.0,False,101547.02
BAJFINANCE.NS,2016-10-07,2016-11-10,2016,104.51,105,110,106.98,89.71,-14.16,0.3916,51.4,0.95,1.98,1.897,1008,-1998.6,-100.0,False,99548.42
SBIN.NS,2016-10-18,2016-11-18,2016,230.76,230,245,235.41,247.74,7.36,0.248,55.3,0.93,5.41,2.345,369,3538.31,177.21,True,103086.73
SBIN.NS,2016-12-09,2017-01-09,2016,239.52,240,255,245.58,221.91,-7.35,0.3439,60.8,0.897,5.58,2.331,358,-1998.42,-100.0,False,101088.31
ICICIBANK.NS,2016-12-09,2017-01-09,2016,232.59,235,245,238.71,224.14,-3.63,0.3217,58.0,0.789,3.71,1.594,539,-1997.98,-100.0,False,99090.33
RELIANCE.NS,2016-12-13,2017-01-11,2016,226.8,225,235,229.16,236.88,4.45,0.1564,62.1,0.763,4.16,1.834,480,2802.95,140.35,True,101893.28
MARUTI.NS,2016-12-16,2017-01-16,2016,4770.32,4770,5055,4878.59,5219.21,9.41,0.3262,63.5,0.95,108.59,2.276,18,3175.35,162.45,True,105068.63
ICICIBANK.NS,2017-01-11,2017-02-10,2017,229.34,230,245,234.6,243.98,6.38,0.2082,64.9,0.717,4.6,2.007,434,4069.79,203.73,True,109138.42
HDFCBANK.NS,2017-01-11,2017-02-10,2017,281.36,280,290,284.12,297.23,5.64,0.1248,74.4,0.791,4.12,1.463,485,2853.45,142.92,True,111991.87
SBIN.NS,2017-01-11,2017-02-10,2017,226.5,225,240,230.41,248.23,9.6,0.2134,53.6,0.588,5.41,2.388,369,3539.31,177.35,True,115531.18
RELIANCE.NS,2017-01-12,2017-02-13,2017,236.28,235,245,239.03,224.63,-4.93,0.1575,59.4,0.905,4.03,1.706,496,-1999.32,-100.0,False,113531.86
MARUTI.NS,2017-01-20,2017-02-21,2017,5211.9,5210,5455,5295.86,5574.32,6.95,0.1642,67.8,0.611,85.86,1.647,23,3660.11,185.33,True,117191.97
BAJFINANCE.NS,2017-01-23,2017-02-22,2017,89.76,90,95,91.79,103.91,15.77,0.2592,62.5,0.608,1.79,1.99,1119,3596.35,179.94,True,120788.31999999999
NIFTY50,2017-01-24,2017-02-23,2017,8475.8,8475,8730,8565.15,8939.5,5.47,0.0868,74.8,0.851,90.15,1.064,22,3626.62,182.85,True,124414.94
RELIANCE.NS,2017-02-14,2017-03-17,2017,228.98,230,240,233.44,283.7,23.9,0.1892,59.9,0.899,3.44,1.504,580,3803.21,190.47,True,128218.15
HDFCBANK.NS,2017-02-15,2017-03-20,2017,301.47,300,310,304.22,327.44,8.61,0.1198,67.1,0.942,4.22,1.399,474,2741.37,137.16,True,130959.51999999999
INFY.NS,2017-02-16,2017-03-21,2017,386.61,385,410,393.71,394.53,2.05,0.2086,71.8,0.931,8.71,2.252,229,188.96,9.48,True,131148.47999999998
LT.NS,2017-02-22,2017-03-27,2017,844.3,845,885,858.48,882.58,4.53,0.1597,50.2,0.89,13.48,1.597,148,3565.86,178.69,True,134714.34
NIFTY50,2017-02-27,2017-03-29,2017,8896.7,8895,9165,8991.86,9143.8,2.78,0.0912,61.7,0.949,96.86,1.089,20,3038.79,156.86,True,137753.13
TCS.NS,2017-03-07,2017-04-07,2017,988.24,990,1050,1011.03,960.27,-2.83,0.2594,60.2,0.894,21.03,2.128,95,-1997.96,-100.0,False,135755.16999999998
TITAN.NS,2017-03-08,2017-04-10,2017,425.25,425,450,435.01,468.46,10.16,0.4237,64.8,0.937,10.01,2.353,199,2983.65,149.83,True,138738.82
SBIN.NS,2017-03-08,2017-04-10,2017,242.44,240,250,244.41,259.91,7.21,0.1381,51.6,0.863,4.41,1.819,453,2531.91,126.72,True,141270.72999999998
MARUTI.NS,2017-03-08,2017-04-10,2017,5391.36,5390,5645,5479.0,5763.44,6.9,0.1648,50.1,0.913,89.0,1.651,22,3652.0,186.52,True,144922.72999999998
AXISBANK.NS,2017-03-14,2017-04-13,2017,502.81,505,535,515.7,499.52,-0.66,0.3007,63.0,0.919,10.7,2.127,186,-1989.48,-100.0,False,142933.25
ICICIBANK.NS,2017-03-14,2017-04-13,2017,248.88,250,265,255.09,245.02,-1.55,0.261,55.7,0.9,5.09,2.046,392,-1995.73,-100.0,False,140937.52
BHARTIARTL.NS,2017-03-15,2017-04-17,2017,311.28,310,330,317.42,292.51,-6.03,0.2606,50.3,0.746,7.42,2.383,269,-1995.52,-100.0,False,138942.0
BAJFINANCE.NS,2017-03-17,2017-04-19,2017,111.93,110,120,113.91,120.01,7.22,0.314,68.4,0.929,3.91,3.49,512,3120.07,156.01,True,142062.07
HDFCBANK.NS,2017-03-22,2017-04-24,2017,326.26,325,335,329.0,349.55,7.14,0.0833,72.1,0.746,4.0,1.226,500,3000.24,150.03,True,145062.31
INFY.NS,2017-03-22,2017-04-24,2017,392.57,395,415,401.44,353.93,-9.84,0.2031,50.8,0.886,6.44,1.64,310,-1996.27,-100.0,False,143066.03999999998
LT.NS,2017-03-28,2017-04-28,2017,882.78,885,930,900.24,1000.28,13.31,0.1948,63.4,0.906,15.24,1.726,131,3899.16,195.36,True,146965.2
ASIANPAINT.NS,2017-03-30,2017-05-03,2017,985.76,985,1045,1005.62,1030.72,4.56,0.2172,62.3,0.933,20.62,2.092,96,2409.21,121.71,True,149374.41
NIFTY50,2017-03-30,2017-05-03,2017,9173.75,9175,9450,9274.32,9311.95,1.51,0.095,69.4,0.886,99.32,1.083,20,752.6,37.89,True,150127.01
TITAN.NS,2017-04-11,2017-05-12,2017,469.42,470,500,481.06,477.38,1.69,0.3275,63.3,0.882,11.06,2.356,180,-662.66,-33.28,False,149464.34999999998
BHARTIARTL.NS,2017-04-25,2017-05-25,2017,303.35,305,320,309.99,317.7,4.73,0.207,63.9,0.911,4.99,1.646,400,3084.68,154.46,True,152549.03
BAJFINANCE.NS,2017-05-11,2017-06-09,2017,129.35,130,135,131.98,132.93,2.77,0.2974,65.0,0.948,1.98,1.529,1011,966.85,48.37,True,153515.88
NIFTY50,2017-05-12,2017-06-12,2017,9400.9,9400,9685,9498.01,9616.4,2.29,0.0809,74.6,0.949,98.01,1.043,20,2367.78,120.79,True,155883.65999999997
HDFCBANK.NS,2017-05-15,2017-06-13,2017,354.19,355,370,359.98,382.3,7.94,0.1454,59.1,0.866,4.98,1.405,401,4019.05,201.36,True,159902.71
AXISBANK.NS,2017-05-26,2017-06-27,2017,503.35,505,535,515.4,485.05,-3.64,0.261,50.2,0.812,10.4,2.066,192,-1996.69,-100.0,False,157906.02
RELIANCE.NS,2017-05-26,2017-06-27,2017,291.69,290,310,296.82,313.46,7.47,0.1964,54.6,0.847,6.82,2.336,293,3863.17,193.47,True,161769.19
ASIANPAINT.NS,2017-06-09,2017-07-11,2017,1064.66,1065,1125,1085.1,1049.54,-1.42,0.1919,63.4,0.946,20.1,1.888,99,-1989.55,-100.0,False,159779.63999999998
ICICIBANK.NS,2017-06-13,2017-07-13,2017,272.79,275,290,279.91,286.14,4.9,0.2462,56.4,0.908,4.91,1.798,407,2538.99,127.15,True,162318.62999999998
SBIN.NS,2017-06-13,2017-07-13,2017,257.28,255,275,262.16,261.72,1.73,0.246,55.6,0.69,7.16,2.783,279,-123.88,-6.2,False,162194.75
NIFTY50,2017-06-13,2017-07-13,2017,9606.9,9605,9895,9707.41,9891.7,2.96,0.0859,74.9,0.811,102.41,1.066,19,3501.46,179.94,True,165696.21
LT.NS,2017-06-13,2017-07-13,2017,994.11,995,1055,1016.75,1019.94,2.6,0.2785,59.2,0.887,21.75,2.187,91,290.57,14.68,True,165986.78
MARUTI.NS,2017-06-14,2017-07-14,2017,6758.38,6760,7145,6890.26,6947.96,2.81,0.1995,72.4,0.905,130.26,1.927,15,865.51,44.3,True,166852.28999999998
BAJFINANCE.NS,2017-06-14,2017-07-14,2017,131.4,130,140,133.85,145.14,10.45,0.2928,73.2,0.784,3.85,2.927,520,3200.02,160.0,True,170052.31
HDFCBANK.NS,2017-06-15,2017-07-17,2017,379.48,380,395,385.03,386.14,1.75,0.1281,72.8,0.893,5.03,1.325,397,440.61,22.08,True,170492.91999999998
TITAN.NS,2017-06-19,2017-07-19,2017,496.86,495,525,507.51,514.07,3.46,0.6168,64.4,0.943,12.51,2.517,159,1044.16,52.5,True,171537.08000000002
BHARTIARTL.NS,2017-06-21,2017-07-21,2017,314.79,315,325,318.74,353.39,12.26,0.1246,50.6,0.666,3.74,1.187,535,3350.2,167.53,True,174887.28
RELIANCE.NS,2017-06-29,2017-07-28,2017,303.77,305,320,310.14,350.54,15.4,0.2092,65.8,0.934,5.14,1.69,389,3837.44,192.11,True,178724.72
TCS.NS,2017-07-10,2017-08-08,2017,973.37,975,1030,993.86,1003.41,3.09,0.2202,50.5,0.852,18.86,1.938,106,1012.39,50.64,True,179737.11
AXISBANK.NS,2017-07-12,2017-08-10,2017,503.63,505,535,514.99,482.51,-4.19,0.2262,52.7,0.9,9.99,1.983,200,-1997.27,-100.0,False,177739.84
SBIN.NS,2017-07-14,2017-08-14,2017,264.3,265,280,270.0,252.15,-4.6,0.2133,52.9,0.825,5.0,1.891,400,-1998.64,-100.0,False,175741.2
LT.NS,2017-07-14,2017-08-14,2017,1016.55,1015,1060,1031.2,1007.65,-0.88,0.1506,68.1,0.824,16.2,1.593,123,-1992.12,-100.0,False,173749.08000000002
ICICIBANK.NS,2017-07-14,2017-08-14,2017,286.48,285,300,290.35,280.29,-2.16,0.1471,59.6,0.767,5.35,1.867,373,-1994.97,-100.0,False,171754.11
ASIANPAINT.NS,2017-07-18,2017-08-17,2017,1063.31,1065,1120,1083.29,1052.5,-1.02,0.1801,63.4,0.922,18.29,1.72,109,-1993.66,-100.0,False,169760.45
TITAN.NS,2017-07-20,2017-08-21,2017,510.94,510,535,519.03,596.44,16.73,0.1747,55.2,0.643,9.03,1.768,221,3528.78,176.77,True,173289.22999999998
MARUTI.NS,2017-07-24,2017-08-23,2017,6945.48,6945,7160,7024.61,6962.49,0.24,0.1066,67.9,0.645,79.61,1.146,25,-1552.98,-78.03,False,171736.25
TCS.NS,2017-08-09,2017-09-11,2017,1007.0,1005,1065,1025.65,983.93,-2.29,0.1991,60.6,0.926,20.65,2.051,96,-1982.61,-100.0,False,169753.64
BHARTIARTL.NS,2017-08-21,2017-09-20,2017,360.13,360,380,366.91,340.97,-5.32,0.1985,50.2,0.924,6.91,1.919,289,-1996.78,-100.0,False,167756.86
AXISBANK.NS,2017-08-24,2017-09-25,2017,503.73,505,530,513.39,498.61,-1.02,0.1841,50.7,0.936,8.39,1.665,238,-1996.58,-100.0,False,165760.28
ICICIBANK.NS,2017-08-28,2017-09-26,2017,289.03,290,305,295.21,271.59,-6.03,0.2245,56.4,0.946,5.21,1.804,383,-1997.22,-100.0,False,163763.06
ASIANPAINT.NS,2017-08-30,2017-09-28,2017,1069.57,1070,1105,1082.99,1047.91,-2.02,0.1236,52.8,0.943,12.99,1.214,154,-1999.79,-100.0,False,161763.27
HDFCBANK.NS,2017-08-31,2017-09-29,2017,407.73,410,420,413.56,414.45,1.65,0.1209,53.5,0.904,3.56,0.873,562,500.57,25.04,True,162263.84
RELIANCE.NS,2017-09-01,2017-10-03,2017,353.98,355,375,361.59,351.03,-0.83,0.2084,55.2,0.942,6.59,1.862,303,-1997.14,-100.0,False,160266.7
MARUTI.NS,2017-09-05,2017-10-05,2017,7258.84,7260,7650,7392.99,7271.7,0.18,0.1879,65.5,0.902,132.99,1.832,15,-1819.33,-91.2,False,158447.37
NIFTY50,2017-09-13,2017-10-13,2017,10079.3,10080,10380,10190.75,10167.45,0.87,0.1004,66.6,0.919,110.75,1.099,18,-419.4,-21.04,False,158027.97
TCS.NS,2017-09-15,2017-10-17,2017,1004.61,1005,1045,1018.85,1040.09,3.53,0.1318,54.1,0.725,13.85,1.379,144,3058.07,153.29,True,161086.03999999998
TITAN.NS,2017-09-19,2017-10-19,2017,621.69,620,660,633.87,588.16,-5.39,0.2195,68.2,0.926,13.87,2.231,144,-1996.92,-100.0,False,159089.12
BAJFINANCE.NS,2017-09-20,2017-10-23,2017,184.39,185,195,188.9,177.5,-3.74,0.387,67.0,0.907,3.9,2.115,512,-1996.92,-100.0,False,157092.2
NIFTY50,2017-10-16,2017-11-15,2017,10230.85,10230,10565,10353.26,10118.05,-1.1,0.1142,73.9,0.948,123.26,1.205,16,-1972.19,-100.0,False,155120.01
ASIANPAINT.NS,2017-10-17,2017-11-16,2017,1110.19,1110,1170,1130.46,1096.32,-1.25,0.186,59.1,0.861,20.46,1.843,97,-1984.27,-100.0,False,153135.74
LT.NS,2017-10-18,2017-11-17,2017,1002.82,1005,1055,1021.64,1074.33,7.13,0.1777,52.5,0.725,16.64,1.659,120,4003.77,200.57,True,157139.51
MARUTI.NS,2017-10-18,2017-11-17,2017,7228.06,7230,7535,7337.01,7752.05,7.25,0.1475,53.0,0.744,107.01,1.48,18,3563.87,185.03,True,160703.38
TITAN.NS,2017-10-23,2017-11-21,2017,585.35,585,620,597.6,790.2,35.0,0.2496,61.1,0.922,12.6,2.153,158,3538.6,177.69,True,164241.97999999998
RELIANCE.NS,2017-11-06,2017-12-05,2017,410.02,410,435,419.02,401.75,-2.02,0.2657,67.5,0.945,9.02,2.2,221,-1993.88,-100.0,False,162248.1
BAJFINANCE.NS,2017-11-14,2017-12-13,2017,169.87,170,180,173.69,161.83,-4.74,0.2866,55.1,0.8,3.69,2.171,542,-1998.98,-100.0,False,160249.12
HDFCBANK.NS,2017-11-14,2017-12-13,2017,413.68,415,435,421.47,418.04,1.05,0.1681,53.9,0.766,6.47,1.563,309,-1059.01,-52.99,False,159190.11
MARUTI.NS,2017-11-21,2017-12-20,2017,7823.04,7825,8140,7936.21,9038.64,15.54,0.1405,64.3,0.915,111.21,1.422,17,3464.38,183.24,True,162654.49
ICICIBANK.NS,2017-11-23,2017-12-22,2017,306.84,305,325,312.44,304.11,-0.89,0.2435,53.6,0.91,7.44,2.426,268,-1995.14,-100.0,False,160659.34999999998
AXISBANK.NS,2017-11-24,2017-12-26,2017,542.14,540,575,553.6,551.58,1.74,0.3333,57.9,0.912,13.6,2.509,147,-296.84,-14.85,False,160362.51
SBIN.NS,2017-11-24,2017-12-26,2017,301.28,300,320,307.91,287.46,-4.59,0.3852,52.2,0.917,7.91,2.624,252,-1992.52,-100.0,False,158369.99
NIFTY50,2017-11-27,2017-12-27,2017,10399.55,10400,10710,10509.01,10490.75,0.88,0.0854,54.5,0.883,109.01,1.048,18,-328.64,-16.75,False,158041.35
LT.NS,2017-11-27,2017-12-27,2017,1076.05,1075,1140,1097.49,1105.13,2.7,0.2174,54.4,0.821,22.49,2.09,88,671.92,33.95,True,158713.27
ASIANPAINT.NS,2017-11-27,2017-12-27,2017,1074.9,1075,1135,1095.49,1067.97,-0.64,0.198,54.3,0.926,20.49,1.907,97,-1987.88,-100.0,False,156725.39
BHARTIARTL.NS,2017-12-05,2018-01-04,2017,421.57,420,445,429.23,449.36,6.59,0.229,53.5,0.692,9.23,2.19,216,3406.24,170.85,True,160131.63
TITAN.NS,2017-12-05,2018-01-04,2017,768.06,770,815,786.43,865.26,12.65,0.2972,58.1,0.905,16.43,2.139,121,3457.03,173.9,True,163588.66
RELIANCE.NS,2017-12-06,2018-01-05,2017,407.45,405,430,414.2,405.95,-0.37,0.2087,58.7,0.898,9.2,2.258,217,-1790.37,-89.66,False,161798.28999999998
INFY.NS,2017-12-19,2018-01-18,2017,394.81,395,415,402.07,453.31,14.82,0.1972,58.7,0.949,7.07,1.79,282,3646.58,182.93,True,165444.87
ICICIBANK.NS,2017-12-26,2018-01-24,2017,305.6,305,325,311.55,338.83,10.88,0.198,64.5,0.908,6.55,2.143,305,4102.88,205.44,True,169547.75
AXISBANK.NS,2017-12-27,2018-01-25,2017,551.18,550,580,560.35,612.3,11.09,0.1736,72.0,0.771,10.35,1.877,193,3792.84,189.91,True,173340.59
SBIN.NS,2017-12-27,2018-01-25,2017,285.37,285,300,290.53,283.83,-0.54,0.2174,53.1,0.67,5.53,1.938,361,-1996.3,-100.0,False,171344.28999999998
ASIANPAINT.NS,2017-12-28,2018-01-29,2017,1063.65,1065,1115,1082.35,1070.76,0.67,0.1765,50.0,0.747,17.35,1.631,115,-1332.82,-66.79,False,170011.46999999997
LT.NS,2018-01-01,2018-01-31,2018,1107.63,1110,1160,1127.06,1244.51,12.36,0.168,64.0,0.945,17.06,1.54,117,3854.03,193.09,True,173865.5
BAJFINANCE.NS,2018-01-01,2018-01-31,2018,167.04,165,175,169.14,162.41,-2.77,0.2266,53.4,0.931,4.14,2.479,482,-1996.11,-100.0,False,171869.38999999998
HDFCBANK.NS,2018-01-02,2018-02-01,2018,429.75,430,450,436.59,457.01,6.34,0.1449,65.2,0.892,6.59,1.534,303,4062.39,203.36,True,175931.77999999997
NIFTY50,2018-01-03,2018-02-02,2018,10443.2,10445,10755,10557.72,10760.6,3.04,0.096,66.2,0.799,112.72,1.079,17,3353.8,175.02,True,179285.58
MARUTI.NS,2018-01-08,2018-02-07,2018,8774.04,8775,9300,8955.38,8284.54,-5.58,0.2213,55.3,0.937,180.38,2.056,11,-1984.22,-100.0,False,177301.36
RELIANCE.NS,2018-01-08,2018-02-07,2018,408.28,410,420,413.43,393.27,-3.68,0.0959,55.1,0.755,3.43,0.84,583,-1999.33,-100.0,False,175302.02999999997
TITAN.NS,2018-01-09,2018-02-08,2018,904.07,905,960,923.52,775.96,-14.17,0.2226,75.0,0.824,18.52,2.049,107,-1981.82,-100.0,False,173320.20999999996
SUNPHARMA.NS,2018-01-18,2018-02-20,2018,532.73,535,565,545.65,516.84,-2.98,0.2755,53.9,0.929,10.65,1.999,187,-1991.28,-100.0,False,171328.93
RELIANCE.NS,2018-02-23,2018-03-27,2018,410.79,410,435,418.93,395.64,-3.69,0.2328,62.6,0.923,8.93,2.174,223,-1991.85,-100.0,False,169337.07999999996
TITAN.NS,2018-02-26,2018-03-28,2018,794.32,795,840,811.77,913.13,14.96,0.2854,57.0,0.871,16.77,2.111,119,3359.44,168.35,True,172696.51999999996
HDFCBANK.NS,2018-02-27,2018-04-02,2018,436.68,435,460,443.59,443.25,1.51,0.1672,51.5,0.833,8.59,1.967,232,-77.52,-3.89,False,172618.99999999997
TCS.NS,2018-02-27,2018-04-02,2018,1225.82,1225,1300,1251.02,1172.35,-4.36,0.2264,56.2,0.948,26.02,2.123,76,-1977.59,-100.0,False,170641.40999999997
INFY.NS,2018-03-07,2018-04-09,2018,449.92,450,475,458.71,437.0,-2.87,0.2095,65.7,0.924,8.71,1.935,229,-1993.69,-100.0,False,168647.71999999997
LT.NS,2018-03-12,2018-04-12,2018,1150.99,1150,1220,1174.48,1192.63,3.62,0.2282,53.6,0.889,24.48,2.127,81,1470.31,74.14,True,170118.02999999997
BAJFINANCE.NS,2018-03-12,2018-04-12,2018,161.19,160,170,163.79,186.76,15.86,0.2188,54.2,0.79,3.79,2.348,528,3281.47,164.19,True,173399.49999999997
ASIANPAINT.NS,2018-03-13,2018-04-13,2018,1059.84,1060,1105,1075.76,1080.2,1.92,0.1466,57.0,0.782,15.76,1.487,126,559.54,28.19,True,173959.03999999998
MARUTI.NS,2018-03-13,2018-04-13,2018,8130.63,8130,8620,8299.83,8472.25,4.2,0.2275,51.2,0.895,169.83,2.089,11,1896.66,101.53,True,175855.69999999995
NIFTY50,2018-03-27,2018-04-27,2018,10184.15,10185,10590,10328.9,10692.3,4.99,0.139,51.4,0.948,143.9,1.413,13,3394.26,181.44,True,179249.95999999996
TCS.NS,2018-04-04,2018-05-04,2018,1172.86,1175,1245,1199.33,1402.46,19.58,0.2476,55.0,0.636,24.33,2.075,82,3744.76,187.69,True,182994.71999999997
RELIANCE.NS,2018-04-09,2018-05-09,2018,402.76,405,425,411.19,429.45,6.63,0.1755,57.2,0.824,6.19,1.536,323,4461.62,223.26,True,187456.33999999997
AXISBANK.NS,2018-04-10,2018-05-10,2018,542.79,545,575,556.31,544.28,0.27,0.3418,60.2,0.943,11.31,2.084,176,-1990.54,-100.0,False,185465.79999999996
LT.NS,2018-04-13,2018-05-15,2018,1190.35,1190,1260,1214.7,1207.35,1.43,0.2306,63.0,0.845,24.7,2.075,80,-587.87,-29.75,False,184877.92999999996
HDFCBANK.NS,2018-04-16,2018-05-16,2018,445.76,445,470,453.69,464.4,4.18,0.1905,69.4,0.905,8.69,1.949,230,2465.21,123.4,True,187343.13999999996
MARUTI.NS,2018-04-17,2018-05-17,2018,8506.05,8505,8905,8644.13,8076.26,-5.05,0.1631,70.6,0.77,139.13,1.636,14,-1947.76,-100.0,False,185395.37999999998
BAJFINANCE.NS,2018-04-20,2018-05-22,2018,182.02,180,195,185.29,208.05,14.3,0.2319,62.0,0.892,5.29,2.907,377,3659.86,183.44,True,189055.24
TITAN.NS,2018-04-26,2018-05-28,2018,939.48,940,995,959.4,900.14,-4.19,0.2388,60.1,0.937,19.4,2.065,103,-1998.42,-100.0,False,187056.81999999998
NIFTY50,2018-05-03,2018-06-01,2018,10679.65,10680,11000,10788.64,10696.2,0.15,0.0777,73.2,0.744,108.64,1.017,18,-1663.9,-85.09,False,185392.91999999998
INFY.NS,2018-05-09,2018-06-07,2018,460.38,460,490,470.77,492.53,6.98,0.2751,61.3,0.861,10.77,2.338,185,3558.36,178.66,True,188951.27999999997
TCS.NS,2018-05-14,2018-06-12,2018,1383.44,1385,1465,1414.98,1447.14,4.6,0.3052,52.1,0.902,29.98,2.167,66,2122.82,107.29,True,191074.09999999998
AXISBANK.NS,2018-05-14,2018-06-12,2018,548.5,550,580,561.88,533.84,-2.67,0.4228,65.7,0.935,11.88,2.166,168,-1996.2,-100.0,False,189077.9
RELIANCE.NS,2018-05-15,2018-06-13,2018,430.44,430,455,438.99,440.8,2.41,0.2333,53.2,0.944,8.99,2.089,222,400.77,20.08,True,189478.66999999998
HDFCBANK.NS,2018-05-18,2018-06-18,2018,461.83,460,475,466.21,466.4,0.99,0.1171,72.8,0.92,6.21,1.345,322,61.18,3.06,True,189539.84999999998
INFY.NS,2018-06-08,2018-07-09,2018,495.52,495,520,503.82,523.3,5.61,0.1777,70.6,0.927,8.82,1.779,226,3657.26,183.53,True,193197.11
MARUTI.NS,2018-06-12,2018-07-11,2018,8372.71,8375,8855,8537.23,8714.38,4.08,0.2009,72.0,0.931,162.23,1.938,12,2125.81,109.2,True,195322.91999999998
LT.NS,2018-06-12,2018-07-11,2018,1200.5,1200,1270,1223.55,1119.98,-6.71,0.1959,61.6,0.92,23.55,1.962,84,-1978.01,-100.0,False,193344.90999999997
ASIANPAINT.NS,2018-06-12,2018-07-11,2018,1196.84,1195,1255,1216.21,1269.83,6.1,0.1719,52.6,0.871,21.21,1.772,94,3646.37,182.9,True,196991.27999999997
TCS.NS,2018-06-13,2018-07-12,2018,1482.16,1480,1570,1510.59,1601.81,8.07,0.2025,58.7,0.852,30.59,2.064,65,3861.51,194.19,True,200852.78999999998
AXISBANK.NS,2018-06-13,2018-07-12,2018,537.32,535,570,546.95,535.03,-0.43,0.1968,54.8,0.838,11.95,2.225,167,-1990.76,-99.72,False,198862.02999999997
SBIN.NS,2018-06-14,2018-07-13,2018,256.14,255,270,260.94,233.62,-8.79,0.3025,64.1,0.931,5.94,2.319,336,-1995.83,-100.0,False,196866.19999999998
NIFTY50,2018-06-18,2018-07-17,2018,10799.85,10800,11125,10917.83,11008.05,1.93,0.0954,63.3,0.902,117.83,1.091,16,1443.46,76.56,True,198309.65999999997
ICICIBANK.NS,2018-06-21,2018-07-20,2018,286.19,285,305,292.11,255.31,-10.79,0.2519,59.5,0.84,7.11,2.483,281,-1997.02,-100.0,False,196312.63999999998
HDFCBANK.NS,2018-06-22,2018-07-23,2018,481.23,480,510,490.87,498.11,3.51,0.2453,62.3,0.774,10.87,2.258,184,1333.84,66.72,True,197646.47999999998
TITAN.NS,2018-06-25,2018-07-24,2018,837.25,835,885,853.42,838.63,0.16,0.2437,50.0,0.819,18.42,2.201,108,-1597.87,-80.3,False,196048.61
BAJFINANCE.NS,2018-07-06,2018-08-06,2018,227.45,225,240,230.93,261.44,14.94,0.245,64.6,0.923,5.93,2.607,337,3056.97,153.0,True,199105.58
SUNPHARMA.NS,2018-07-09,2018-08-07,2018,525.43,525,555,536.18,526.27,0.16,0.2646,54.1,0.84,11.18,2.129,178,-1765.54,-88.69,False,197340.03999999998
LT.NS,2018-07-13,2018-08-13,2018,1140.75,1140,1210,1164.36,1114.97,-2.26,0.2297,57.9,0.93,24.36,2.136,82,-1997.63,-100.0,False,195342.40999999997
NIFTY50,2018-07-19,2018-08-20,2018,10957.1,10955,11285,11076.49,11551.75,5.43,0.0983,68.1,0.939,121.49,1.109,16,3336.19,171.63,True,198678.59999999998
HDFCBANK.NS,2018-07-24,2018-08-24,2018,498.88,500,520,506.65,478.11,-4.16,0.136,67.2,0.9,6.65,1.333,300,-1994.7,-100.0,False,196683.9
TCS.NS,2018-07-25,2018-08-27,2018,1613.3,1615,1710,1647.81,1669.81,3.5,0.2301,68.3,0.784,32.81,2.033,60,1320.0,67.06,True,198003.9
SBIN.NS,2018-07-25,2018-08-27,2018,246.4,245,260,250.61,279.16,13.3,0.224,66.4,0.927,5.61,2.276,356,3343.42,167.46,True,201347.32
INFY.NS,2018-08-01,2018-09-03,2018,545.54,545,580,557.34,577.85,5.92,0.2513,66.6,0.936,12.34,2.263,162,3322.29,166.14,True,204669.61
BAJFINANCE.NS,2018-08-08,2018-09-10,2018,272.78,275,290,280.35,253.63,-7.02,0.3204,74.6,0.94,5.35,1.96,374,-1999.82,-100.0,False,202669.78999999998
SUNPHARMA.NS,2018-08-08,2018-09-10,2018,530.24,530,560,541.09,589.36,11.15,0.2568,69.1,0.831,11.09,2.091,180,3404.69,170.63,True,206074.47999999998
RELIANCE.NS,2018-08-14,2018-09-17,2018,535.86,535,570,546.99,542.63,1.26,0.2279,70.8,0.94,11.99,2.237,166,-723.31,-36.35,False,205351.16999999998
TITAN.NS,2018-08-20,2018-09-21,2018,897.07,895,950,915.1,779.21,-13.14,0.2507,58.5,0.948,20.1,2.241,99,-1989.9,-100.0,False,203361.27
NIFTY50,2018-08-21,2018-09-24,2018,11570.9,11570,11920,11691.31,10967.4,-5.22,0.0826,64.0,0.892,121.31,1.048,16,-1940.88,-100.0,False,201420.38999999998
MARUTI.NS,2018-08-24,2018-09-26,2018,8584.89,8585,9100,8763.88,7347.11,-14.42,0.2286,54.5,0.865,178.88,2.084,11,-1967.68,-100.0,False,199452.71
ASIANPAINT.NS,2018-08-28,2018-09-28,2018,1314.37,1315,1365,1332.76,1207.73,-8.11,0.1344,54.8,0.809,17.76,1.351,112,-1989.44,-100.0,False,197463.27
ICICIBANK.NS,2018-08-28,2018-09-28,2018,326.98,325,345,333.01,294.8,-9.84,0.3176,69.5,0.936,8.01,2.449,249,-1993.75,-100.0,False,195469.52
AXISBANK.NS,2018-08-31,2018-10-04,2018,645.25,645,685,659.69,582.64,-9.7,0.286,64.7,0.916,14.69,2.276,136,-1997.2,-100.0,False,193472.32
TCS.NS,2018-09-03,2018-10-05,2018,1671.43,1670,1720,1688.59,1711.94,2.42,0.0924,74.0,0.805,18.59,1.112,107,2498.81,125.65,True,195971.13
SBIN.NS,2018-09-03,2018-10-05,2018,277.67,280,295,285.38,234.16,-15.67,0.3255,51.7,0.89,5.38,1.939,371,-1997.05,-100.0,False,193974.08
LT.NS,2018-09-05,2018-10-09,2018,1199.45,1200,1270,1225.82,1086.49,-9.42,0.279,71.5,0.864,25.82,2.152,77,-1987.94,-100.0,False,191986.13999999998
INFY.NS,2018-09-19,2018-10-23,2018,579.97,580,610,590.55,529.89,-8.63,0.1948,57.9,0.942,10.55,1.819,189,-1993.66,-100.0,False,189992.47999999998
TITAN.NS,2018-10-31,2018-12-03,2018,822.03,820,870,840.25,911.24,10.85,0.4448,69.0,0.839,20.25,2.464,98,2915.27,146.88,True,192907.75
BAJFINANCE.NS,2018-11-01,2018-12-04,2018,234.47,235,250,241.05,246.63,5.19,0.7318,66.9,0.95,6.05,2.582,330,1841.25,92.15,True,194749.0
AXISBANK.NS,2018-11-02,2018-12-05,2018,606.89,605,645,620.96,611.16,0.7,0.4387,58.2,0.929,15.96,2.63,125,-1225.18,-61.4,False,193523.82
ASIANPAINT.NS,2018-11-09,2018-12-11,2018,1212.78,1215,1285,1242.01,1238.99,2.16,0.3662,59.9,0.93,27.01,2.227,74,-223.31,-11.17,False,193300.51
ICICIBANK.NS,2018-11-12,2018-12-12,2018,339.96,340,360,347.99,337.64,-0.68,0.4381,66.4,0.942,7.99,2.351,250,-1998.03,-100.0,False,191302.47999999998
RELIANCE.NS,2018-11-12,2018-12-12,2018,478.05,480,505,489.6,491.55,2.82,0.3505,54.1,0.683,9.6,2.009,208,404.77,20.27,True,191707.25
TCS.NS,2018-11-13,2018-12-13,2018,1578.72,1580,1675,1614.5,1617.6,2.46,0.2783,62.7,0.866,34.5,2.185,57,176.57,8.98,True,191883.82
INFY.NS,2018-11-14,2018-12-14,2018,532.07,530,565,543.38,575.12,8.09,0.3153,53.6,0.948,13.38,2.514,149,3221.71,161.63,True,195105.53000000003
SBIN.NS,2018-11-15,2018-12-17,2018,258.68,260,275,265.72,262.4,1.44,0.4037,74.2,0.885,5.72,2.21,349,-1158.42,-58.07,False,193947.11000000002
HDFCBANK.NS,2018-11-15,2018-12-17,2018,456.24,455,475,462.52,492.05,7.85,0.1587,51.5,0.857,7.52,1.649,265,3306.22,165.83,True,197253.33000000002
LT.NS,2018-11-28,2018-12-28,2018,1248.75,1250,1310,1270.66,1280.78,2.57,0.1746,64.0,0.719,20.66,1.654,96,971.88,49.01,True,198225.21000000002
NIFTY50,2018-11-28,2018-12-28,2018,10728.85,10730,11115,10868.96,10859.9,1.22,0.1257,60.8,0.636,138.96,1.295,14,-126.77,-6.52,False,198098.44
TITAN.NS,2018-12-04,2019-01-03,2018,899.12,900,955,919.44,906.32,0.8,0.26,62.2,0.655,19.44,2.162,102,-1338.46,-67.49,False,196759.98
BAJFINANCE.NS,2018-12-05,2019-01-04,2018,241.84,240,255,246.03,249.79,3.29,0.3019,67.2,0.599,6.03,2.494,331,1242.29,62.21,True,198002.27000000002
ASIANPAINT.NS,2018-12-12,2019-01-11,2018,1245.82,1245,1320,1272.82,1313.92,5.47,0.2822,51.2,0.941,27.82,2.233,71,2918.44,147.78,True,200920.71000000002
RELIANCE.NS,2018-12-13,2019-01-14,2018,490.02,490,520,500.85,485.48,-0.93,0.2692,51.1,0.848,10.85,2.214,184,-1996.07,-100.0,False,198924.64
AXISBANK.NS,2018-12-13,2019-01-14,2018,615.29,615,650,627.93,655.14,6.48,0.2582,52.1,0.777,12.93,2.101,154,3399.0,170.72,True,202323.64
TCS.NS,2018-12-14,2019-01-15,2018,1623.43,1625,1720,1659.67,1523.93,-6.13,0.2752,71.5,0.703,34.67,2.136,57,-1976.11,-100.0,False,200347.53
INFY.NS,2018-12-17,2019-01-16,2018,565.63,565,600,578.17,600.17,6.11,0.3059,68.5,0.882,13.17,2.328,151,3296.84,165.82,True,203644.37
ICICIBANK.NS,2018-12-17,2019-01-16,2018,345.84,345,365,352.1,362.1,4.7,0.2049,53.3,0.735,7.1,2.053,281,2810.6,140.9,True,206454.97
SBIN.NS,2018-12-18,2019-01-17,2018,265.34,265,280,270.25,269.56,1.59,0.2017,61.1,0.77,5.25,1.979,380,-263.31,-13.2,False,206191.66
NIFTY50,2018-12-31,2019-01-30,2018,10862.55,10865,11340,11031.44,10651.8,-1.94,0.1541,69.1,0.89,166.44,1.532,12,-1997.29,-100.0,False,204194.37
BAJFINANCE.NS,2019-01-07,2019-02-05,2019,247.61,250,260,253.52,252.46,1.96,0.2434,61.3,0.807,3.52,1.423,567,-604.45,-30.26,False,203589.92
TITAN.NS,2019-01-08,2019-02-06,2019,920.87,920,975,939.83,1030.75,11.93,0.2462,54.8,0.947,19.83,2.154,100,3516.58,177.3,True,207106.5
HDFCBANK.NS,2019-01-11,2019-02-11,2019,487.82,490,510,496.47,494.23,1.31,0.1497,50.2,0.755,6.47,1.326,309,-690.28,-34.54,False,206416.22000000003
ASIANPAINT.NS,2019-01-14,2019-02-12,2019,1299.83,1300,1375,1325.57,1359.27,4.57,0.2062,66.8,0.627,25.57,1.967,78,2628.93,131.82,True,209045.15000000002
RELIANCE.NS,2019-01-15,2019-02-14,2019,500.03,500,525,508.86,541.88,8.37,0.1892,62.5,0.838,8.86,1.771,225,3632.22,182.27,True,212677.37
ICICIBANK.NS,2019-01-18,2019-02-19,2019,358.92,360,375,365.31,331.18,-7.73,0.1799,64.8,0.907,5.31,1.479,376,-1996.47,-100.0,False,210680.90000000002
TCS.NS,2019-01-18,2019-02-19,2019,1554.06,1555,1645,1586.49,1557.45,0.22,0.2298,52.1,0.903,31.49,2.026,63,-1829.55,-92.22,False,208851.35
AXISBANK.NS,2019-01-21,2019-02-20,2019,656.23,655,695,669.37,696.04,6.07,0.2386,62.4,0.92,14.37,2.19,139,3562.09,178.29,True,212413.44
INFY.NS,2019-01-30,2019-03-01,2019,594.54,595,630,606.6,607.65,2.2,0.2017,74.7,0.866,11.6,1.951,172,180.6,9.05,True,212594.04
HDFCBANK.NS,2019-02-15,2019-03-19,2019,485.23,485,505,492.06,523.82,7.95,0.1376,51.1,0.932,7.06,1.455,283,3661.54,183.22,True,216255.58000000002
BAJFINANCE.NS,2019-02-21,2019-03-26,2019,257.41,255,275,262.74,284.53,10.53,0.3408,58.1,0.931,7.74,3.006,258,3163.81,158.49,True,219419.39
ICICIBANK.NS,2019-02-25,2019-03-28,2019,343.09,345,365,352.1,386.46,12.64,0.3032,51.1,0.867,7.1,2.07,281,3624.39,181.62,True,223043.78
RELIANCE.NS,2019-03-06,2019-04-08,2019,559.85,560,595,571.6,588.38,5.1,0.213,52.2,0.936,11.6,2.072,172,2885.73,144.66,True,225929.51
LT.NS,2019-03-06,2019-04-08,2019,1171.87,1170,1230,1191.34,1222.28,4.3,0.1803,73.3,0.87,21.34,1.821,93,2877.56,145.02,True,228807.07
NIFTY50,2019-03-07,2019-04-09,2019,11058.2,11060,11410,11188.8,11671.95,5.55,0.111,70.2,0.911,128.8,1.165,15,3317.93,171.73,True,232125.0
SBIN.NS,2019-03-07,2019-04-09,2019,255.37,255,270,260.33,285.28,11.71,0.2223,69.2,0.769,5.33,2.088,375,3625.84,181.37,True,235750.84
ASIANPAINT.NS,2019-03-11,2019-04-11,2019,1329.04,1330,1405,1355.38,1332.17,0.24,0.2019,66.9,0.893,25.38,1.91,78,-1809.99,-91.44,False,233940.85
TCS.NS,2019-03-13,2019-04-15,2019,1635.7,1635,1735,1671.34,1727.93,5.64,0.2687,64.5,0.891,36.34,2.222,55,3112.6,155.74,True,237053.45
AXISBANK.NS,2019-03-19,2019-04-23,2019,756.21,755,800,770.66,748.61,-1.01,0.2099,70.1,0.944,15.66,2.071,127,-1989.16,-100.0,False,235064.29
INFY.NS,2019-03-20,2019-04-24,2019,605.23,605,640,617.21,603.18,-0.34,0.2161,52.0,0.937,12.21,2.017,163,-1989.8,-100.0,False,233074.49000000002
TITAN.NS,2019-04-02,2019-05-07,2019,1082.19,1080,1130,1098.2,1057.47,-2.28,0.1615,67.5,0.927,18.2,1.682,109,-1983.66,-100.0,False,231090.83000000002
BAJFINANCE.NS,2019-04-04,2019-05-09,2019,294.72,295,310,300.52,288.12,-2.24,0.2349,72.5,0.921,5.52,1.872,362,-1997.49,-100.0,False,229093.34000000003
LT.NS,2019-04-10,2019-05-15,2019,1220.41,1220,1295,1245.09,1179.7,-3.34,0.2079,54.1,0.921,25.09,2.056,79,-1982.5,-100.0,False,227110.84000000003
RELIANCE.NS,2019-04-12,2019-05-17,2019,594.51,595,630,607.36,561.0,-5.64,0.2447,50.3,0.921,12.36,2.079,161,-1990.05,-100.0,False,225120.79
NIFTY50,2019-04-15,2019-05-20,2019,11690.35,11690,12040,11819.0,11828.25,1.18,0.0997,67.9,0.864,129.0,1.104,15,138.68,7.17,True,225259.47
ICICIBANK.NS,2019-04-15,2019-05-20,2019,378.94,380,400,386.88,393.36,3.81,0.2157,57.8,0.875,6.88,1.815,290,1879.87,94.23,True,227139.34
SBIN.NS,2019-04-18,2019-05-22,2019,281.7,280,300,287.32,309.17,9.75,0.2639,51.8,0.906,7.32,2.6,273,3460.41,173.06,True,230599.75
AXISBANK.NS,2019-05-17,2019-06-18,2019,744.34,745,790,759.8,770.97,3.58,0.2058,53.5,0.93,14.8,1.989,135,1507.88,75.46,True,232107.63
BHARTIARTL.NS,2019-05-28,2019-06-27,2019,330.36,330,350,337.89,333.28,0.88,0.3856,59.9,0.903,7.89,2.387,253,-1165.4,-58.41,False,230942.23
INFY.NS,2019-06-07,2019-07-08,2019,605.35,605,635,615.7,596.05,-1.54,0.1847,59.1,0.939,10.7,1.767,186,-1989.6,-100.0,False,228952.63
RELIANCE.NS,2019-06-07,2019-07-08,2019,582.02,580,615,593.04,554.2,-4.78,0.2463,60.6,0.926,13.04,2.24,153,-1994.4,-100.0,False,226958.23
BAJFINANCE.NS,2019-06-07,2019-07-08,2019,340.29,340,360,347.83,330.97,-2.74,0.3541,65.9,0.926,7.83,2.3,255,-1996.0,-100.0,False,224962.23
ICICIBANK.NS,2019-06-10,2019-07-09,2019,401.47,400,425,409.71,413.43,2.98,0.3169,55.4,0.93,9.71,2.418,206,766.63,38.33,True,225728.86000000002
TITAN.NS,2019-06-11,2019-07-10,2019,1250.62,1250,1320,1274.18,1071.78,-14.3,0.1993,63.0,0.927,24.18,1.933,82,-1982.65,-100.0,False,223746.21000000002
NIFTY50,2019-06-11,2019-07-10,2019,11965.6,11965,12580,12176.47,11498.9,-3.9,0.1792,61.8,0.929,211.47,1.767,9,-1903.22,-100.0,False,221842.99000000002
SBIN.NS,2019-06-11,2019-07-10,2019,314.6,315,335,322.69,321.04,2.05,0.4011,56.4,0.92,7.69,2.443,260,-427.88,-21.41,False,221415.11000000002
ASIANPAINT.NS,2019-06-17,2019-07-16,2019,1319.41,1320,1400,1348.48,1291.51,-2.11,0.2569,60.1,0.942,28.48,2.159,70,-1993.69,-100.0,False,219421.42
HDFCBANK.NS,2019-06-17,2019-07-16,2019,559.45,560,590,570.41,555.77,-0.66,0.2059,53.2,0.831,10.41,1.86,192,-1997.96,-100.0,False,217423.46000000002
TCS.NS,2019-06-21,2019-07-22,2019,1854.47,1855,1950,1887.65,1743.17,-6.0,0.1816,63.2,0.848,32.65,1.761,61,-1991.9,-100.0,False,215431.56
LT.NS,2019-07-01,2019-07-30,2019,1385.11,1385,1470,1413.49,1240.52,-10.44,0.2111,59.8,0.899,28.49,2.057,70,-1994.49,-100.0,False,213437.07
AXISBANK.NS,2019-07-04,2019-08-02,2019,804.87,805,850,820.36,670.53,-16.69,0.1988,54.2,0.882,15.36,1.908,130,-1996.63,-100.0,False,211440.44
BHARTIARTL.NS,2019-07-04,2019-08-02,2019,346.76,345,370,353.7,328.4,-5.29,0.2358,58.4,0.747,8.7,2.508,229,-1991.8,-100.0,False,209448.64
RELIANCE.NS,2019-07-09,2019-08-07,2019,566.62,565,600,577.37,494.01,-12.81,0.2185,50.6,0.777,12.37,2.184,161,-1992.15,-100.0,False,207456.49
SBIN.NS,2019-07-11,2019-08-09,2019,329.2,330,350,336.71,264.07,-19.78,0.2334,62.1,0.865,6.71,2.037,298,-1998.27,-100.0,False,205458.22
TCS.NS,2019-07-29,2019-08-29,2019,1759.78,1760,1865,1796.25,1845.25,4.86,0.2239,50.3,0.896,36.25,2.06,55,2695.04,135.18,True,208153.26
ASIANPAINT.NS,2019-08-20,2019-09-20,2019,1501.23,1500,1590,1531.66,1572.62,4.76,0.2285,69.5,0.934,31.66,2.109,63,2580.2,129.35,True,210733.46
TITAN.NS,2019-08-23,2019-09-25,2019,1049.56,1050,1115,1072.49,1240.6,18.2,0.24,54.2,0.947,22.49,2.143,88,3741.12,189.05,True,214474.58
RELIANCE.NS,2019-08-28,2019-09-30,2019,562.54,565,595,576.84,593.24,5.46,0.4346,70.7,0.891,11.84,2.104,168,2756.27,138.6,True,217230.84999999998
BAJFINANCE.NS,2019-08-29,2019-10-01,2019,320.48,320,340,327.9,387.8,21.01,0.4035,51.7,0.946,7.9,2.466,253,3060.71,153.09,True,220291.56
TCS.NS,2019-08-30,2019-10-03,2019,1866.85,1865,1975,1902.77,1702.15,-8.82,0.2049,50.3,0.911,37.77,2.023,52,-1964.27,-100.0,False,218327.28999999998
INFY.NS,2019-09-12,2019-10-15,2019,678.11,680,720,693.14,638.16,-5.89,0.2162,57.8,0.905,13.14,1.937,152,-1996.58,-100.0,False,216330.71
RELIANCE.NS,2019-10-09,2019-11-08,2019,589.9,590,625,603.2,643.67,9.11,0.3104,73.4,0.949,13.2,2.237,151,3292.18,165.2,True,219622.88999999998
MARUTI.NS,2019-10-09,2019-11-08,2019,6382.86,6385,6765,6539.36,6839.75,7.16,0.5439,63.2,0.926,154.36,2.418,12,2707.67,146.18,True,222330.56
BAJFINANCE.NS,2019-10-10,2019-11-11,2019,383.57,385,405,393.08,404.96,5.57,0.4993,70.8,0.897,8.08,2.107,247,2933.88,146.99,True,225264.44
NIFTY50,2019-10-14,2019-11-15,2019,11341.15,11340,12020,11585.14,11895.45,4.89,0.2578,52.3,0.928,245.14,2.162,8,2482.47,126.58,True,227746.90999999997
ICICIBANK.NS,2019-10-17,2019-11-19,2019,426.14,425,450,435.32,477.31,12.01,0.5073,52.8,0.942,10.32,2.422,193,2832.96,142.21,True,230579.87
TITAN.NS,2019-10-17,2019-11-19,2019,1248.57,1250,1325,1279.33,1137.26,-8.92,0.4088,52.2,0.943,29.33,2.349,68,-1994.62,-100.0,False,228585.25
AXISBANK.NS,2019-10-18,2019-11-20,2019,706.06,705,750,722.73,745.06,5.52,0.4101,53.8,0.882,17.73,2.511,112,2501.2,125.96,True,231086.45
HDFCBANK.NS,2019-10-23,2019-11-22,2019,578.44,580,615,592.46,589.22,1.86,0.2833,53.5,0.917,12.46,2.153,160,-517.05,-25.94,False,230569.40000000002
LT.NS,2019-10-27,2019-11-27,2019,1292.84,1295,1365,1318.19,1203.7,-6.89,0.1895,53.5,0.692,23.19,1.794,86,-1994.66,-100.0,False,228574.74
TCS.NS,2019-10-27,2019-11-27,2019,1787.27,1785,1890,1820.79,1735.4,-2.9,0.1967,64.0,0.915,35.79,2.002,55,-1968.2,-100.0,False,226606.54
ASIANPAINT.NS,2019-11-06,2019-12-06,2019,1694.9,1695,1795,1729.24,1618.57,-4.5,0.2145,57.0,0.841,34.24,2.02,58,-1986.11,-100.0,False,224620.43
RELIANCE.NS,2019-11-11,2019-12-11,2019,635.79,635,670,647.34,695.73,9.43,0.1992,53.1,0.867,12.34,1.941,162,3671.23,183.67,True,228291.66
BHARTIARTL.NS,2019-11-13,2019-12-12,2019,352.35,350,375,359.58,419.31,19.0,0.3137,55.3,0.728,9.58,2.718,208,3207.92,161.03,True,231499.58000000002
BAJFINANCE.NS,2019-11-13,2019-12-12,2019,402.58,405,425,411.92,394.09,-2.11,0.2385,58.9,0.755,6.92,1.719,288,-1993.44,-100.0,False,229506.14
SBIN.NS,2019-11-13,2019-12-12,2019,278.08,280,295,285.84,291.72,4.91,0.4613,67.4,0.901,5.84,2.101,342,2009.25,100.55,True,231515.39
NIFTY50,2019-11-18,2019-12-17,2019,11884.5,11885,12240,12012.95,12165.0,2.36,0.0927,70.7,0.704,127.95,1.077,15,2280.71,118.83,True,233796.1
AXISBANK.NS,2019-11-21,2019-12-20,2019,733.77,735,780,750.92,736.21,0.33,0.2701,50.4,0.802,15.92,2.17,125,-1839.79,-92.43,False,231956.31
ICICIBANK.NS,2019-11-21,2019-12-20,2019,481.9,480,510,491.05,528.18,9.6,0.2423,71.9,0.899,11.05,2.293,181,3430.38,171.55,True,235386.69
HDFCBANK.NS,2019-11-25,2019-12-24,2019,592.18,590,615,599.38,600.59,1.42,0.134,62.8,0.662,9.38,1.584,213,257.83,12.9,True,235644.52
TITAN.NS,2019-11-27,2019-12-27,2019,1141.12,1140,1210,1167.66,1164.88,2.08,0.4031,55.0,0.559,27.66,2.424,72,-199.87,-10.04,False,235444.65
MARUTI.NS,2019-11-29,2019-12-31,2019,6882.78,6885,7295,7024.5,6999.38,1.69,0.2159,51.9,0.726,139.5,2.027,14,-351.57,-18.0,False,235093.08
ASIANPAINT.NS,2019-12-09,2020-01-08,2019,1627.72,1630,1695,1652.75,1630.03,0.14,0.1473,51.7,0.892,22.75,1.398,87,-1977.1,-99.89,False,233115.97999999998
RELIANCE.NS,2019-12-16,2020-01-15,2019,697.6,700,740,713.01,678.56,-2.73,0.2099,51.7,0.911,13.01,1.864,153,-1989.96,-100.0,False,231126.02
BAJFINANCE.NS,2019-12-17,2020-01-16,2019,401.72,400,425,408.58,409.93,2.04,0.1858,51.7,0.784,8.58,2.136,233,315.3,15.77,True,231441.31999999998
INFY.NS,2019-12-17,2020-01-16,2019,613.73,615,650,626.46,645.1,5.11,0.1996,67.8,0.659,11.46,1.867,174,3243.39,162.68,True,234684.71
BHARTIARTL.NS,2019-12-17,2020-01-16,2019,420.55,420,445,430.01,453.01,7.72,0.4152,53.7,0.714,10.01,2.381,199,2982.17,149.65,True,237666.88
NIFTY50,2019-12-18,2020-01-17,2019,12221.65,12220,12590,12355.05,12352.35,1.07,0.0969,54.1,0.898,135.05,1.105,14,-37.76,-2.0,False,237629.12
AXISBANK.NS,2019-12-23,2020-01-22,2019,739.49,740,785,755.26,709.09,-4.11,0.2238,54.3,0.842,15.26,2.064,131,-1999.47,-100.0,False,235629.65
ICICIBANK.NS,2019-12-24,2020-01-23,2019,523.35,525,550,533.51,510.38,-2.48,0.1894,67.9,0.685,8.51,1.626,234,-1991.84,-100.0,False,233637.81
SBIN.NS,2019-12-27,2020-01-27,2019,305.68,305,325,312.54,286.6,-6.24,0.3181,64.2,0.787,7.54,2.466,265,-1997.34,-100.0,False,231640.47
TCS.NS,2019-12-30,2020-01-28,2019,1844.29,1845,1955,1884.68,1848.94,0.25,0.2628,66.6,0.946,39.68,2.152,50,-1787.12,-90.07,False,229853.35
TITAN.NS,2019-12-30,2020-01-28,2019,1167.13,1165,1225,1186.16,1168.35,0.1,0.1739,57.0,0.842,21.16,1.813,94,-1673.52,-84.15,False,228179.83000000002
MARUTI.NS,2020-01-01,2020-01-30,2020,6945.34,6945,7315,7071.81,6668.68,-3.98,0.1864,67.4,0.713,126.81,1.826,15,-1902.14,-100.0,False,226277.69
HDFCBANK.NS,2020-01-01,2020-01-30,2020,595.68,595,615,602.63,571.2,-4.11,0.1221,61.1,0.917,7.63,1.281,262,-1998.94,-100.0,False,224278.75
SUNPHARMA.NS,2020-01-01,2020-01-30,2020,405.01,405,430,413.25,412.29,1.8,0.2041,53.6,0.675,8.25,2.036,242,-232.29,-11.64,False,224046.46000000002
BHARTIARTL.NS,2020-01-17,2020-02-17,2020,478.01,480,505,489.06,539.95,12.96,0.2707,73.7,0.942,9.06,1.895,220,3507.59,176.05,True,227554.05
BAJFINANCE.NS,2020-01-24,2020-02-25,2020,407.43,405,430,414.33,468.77,15.05,0.2216,73.7,0.89,9.33,2.291,214,3352.74,167.87,True,230906.79
INFY.NS,2020-01-27,2020-02-26,2020,654.43,655,695,668.55,658.35,0.6,0.2259,72.6,0.934,13.55,2.07,147,-1499.77,-75.31,False,229407.02000000002
AXISBANK.NS,2020-02-10,2020-03-12,2020,737.45,735,780,750.86,540.57,-26.7,0.2069,60.7,0.944,15.86,2.15,126,-1998.03,-100.0,False,227408.99
TCS.NS,2020-02-17,2020-03-19,2020,1865.45,1865,1960,1897.77,1395.59,-25.19,0.1766,53.3,0.877,32.77,1.757,61,-1998.93,-100.0,False,225410.06
ASIANPAINT.NS,2020-02-18,2020-03-20,2020,1757.17,1755,1850,1788.19,1649.97,-6.1,0.1887,64.6,0.945,33.19,1.889,60,-1991.58,-100.0,False,223418.48
HDFCBANK.NS,2020-02-19,2020-03-23,2020,571.73,570,605,582.3,359.45,-37.13,0.2094,50.4,0.908,12.3,2.151,162,-1992.68,-100.0,False,221425.80000000002
ICICIBANK.NS,2020-02-20,2020-03-24,2020,529.05,530,560,539.97,286.77,-45.8,0.2037,62.9,0.934,9.97,1.885,200,-1994.73,-100.0,False,219431.07
BAJFINANCE.NS,2020-02-26,2020-03-27,2020,467.22,465,495,476.19,247.51,-47.02,0.2571,74.9,0.91,11.19,2.395,178,-1991.53,-100.0,False,217439.54000000004
BHARTIARTL.NS,2020-04-23,2020-05-26,2020,474.13,475,505,487.16,534.6,12.75,0.8367,68.1,0.867,12.16,2.566,164,2925.06,146.62,True,220364.60000000003
ASIANPAINT.NS,2020-04-23,2020-05-26,2020,1724.47,1725,1830,1768.03,1542.9,-10.53,0.7308,68.6,0.907,43.03,2.495,46,-1979.39,-100.0,False,218385.21000000002
SUNPHARMA.NS,2020-04-29,2020-06-01,2020,448.65,450,475,460.16,437.15,-2.56,0.5878,72.8,0.832,10.16,2.265,196,-1991.38,-100.0,False,216393.83000000002
INFY.NS,2020-04-30,2020-06-02,2020,601.78,600,640,616.31,603.67,0.31,0.5826,70.5,0.814,16.31,2.711,122,-1542.66,-77.52,False,214851.17
TCS.NS,2020-04-30,2020-06-02,2020,1718.06,1720,1820,1760.86,1745.95,1.62,0.6103,72.4,0.847,40.86,2.378,48,-715.88,-36.5,False,214135.29
RELIANCE.NS,2020-05-12,2020-06-11,2020,658.7,660,700,676.0,691.22,4.94,0.5302,74.0,0.773,16.0,2.429,124,1887.05,95.11,True,216022.34000000003
BHARTIARTL.NS,2020-05-27,2020-06-25,2020,538.28,540,570,552.15,534.36,-0.73,0.5667,54.2,0.811,12.15,2.257,164,-1992.56,-100.0,False,214029.78000000003
ASIANPAINT.NS,2020-05-29,2020-06-29,2020,1593.31,1595,1690,1631.98,1601.69,0.53,0.3897,62.2,0.594,36.98,2.321,54,-1635.54,-81.91,False,212394.24000000002
SUNPHARMA.NS,2020-06-02,2020-07-01,2020,444.38,445,470,454.49,439.73,-1.05,0.3161,53.9,0.805,9.49,2.135,210,-1992.41,-100.0,False,210401.83000000002
INFY.NS,2020-06-03,2020-07-02,2020,598.08,600,635,612.7,645.01,7.85,0.2987,55.6,0.643,12.7,2.123,157,3501.08,175.59,True,213902.91000000003
TCS.NS,2020-06-03,2020-07-02,2020,1750.23,1750,1855,1789.23,1845.17,5.42,0.2979,61.7,0.69,39.23,2.242,50,2796.94,142.58,True,216699.85000000003
RELIANCE.NS,2020-06-12,2020-07-13,2020,714.19,715,755,729.9,873.35,22.29,0.2842,72.7,0.821,14.9,2.086,134,3363.89,168.52,True,220063.74000000002
HDFCBANK.NS,2020-06-29,2020-07-28,2020,501.31,500,530,511.9,506.25,0.99,0.3593,67.1,0.894,11.9,2.374,168,-949.26,-47.48,False,219114.48000000004
ASIANPAINT.NS,2020-06-30,2020-07-29,2020,1597.43,1595,1695,1632.55,1648.78,3.21,0.3023,58.0,0.91,37.55,2.35,53,860.21,43.23,True,219974.69000000003
BHARTIARTL.NS,2020-07-01,2020-07-30,2020,535.46,535,570,548.0,528.33,-1.33,0.3174,53.9,0.786,13.0,2.428,153,-1989.04,-100.0,False,217985.65000000002
NIFTY50,2020-07-02,2020-07-31,2020,10551.7,10550,11125,10746.41,11073.45,4.94,0.1892,69.4,0.765,196.41,1.861,10,3270.37,166.5,True,221256.02000000002
TCS.NS,2020-07-03,2020-08-03,2020,1881.53,1880,1995,1921.64,1932.47,2.71,0.2601,74.4,0.856,41.64,2.213,48,519.7,26.0,True,221775.72000000003
MARUTI.NS,2020-07-07,2020-08-05,2020,5914.75,5915,6270,6050.6,6199.24,4.81,0.3346,73.2,0.75,135.6,2.293,14,2080.92,109.61,True,223856.64
SUNPHARMA.NS,2020-07-10,2020-08-10,2020,463.92,465,490,473.48,510.84,10.11,0.2077,50.4,0.64,8.48,1.828,235,3882.04,194.79,True,227738.68000000002
INFY.NS,2020-07-10,2020-08-10,2020,666.54,665,705,680.76,811.04,21.68,0.3518,69.7,0.942,15.76,2.365,126,3053.88,153.76,True,230792.56000000003
TITAN.NS,2020-07-22,2020-08-20,2020,1034.11,1035,1095,1057.56,1104.83,6.84,0.3075,67.3,0.878,22.56,2.182,88,3294.39,165.91,True,234086.95000000004
BAJFINANCE.NS,2020-07-28,2020-08-26,2020,315.4,315,335,323.09,354.92,12.53,0.5269,51.5,0.922,8.09,2.565,247,2941.46,147.18,True,237028.41000000003
NIFTY50,2020-08-03,2020-09-01,2020,10891.6,10890,11390,11064.96,11470.25,5.31,0.1603,60.7,0.869,174.96,1.606,11,3575.42,185.78,True,240603.83000000005
INFY.NS,2020-08-11,2020-09-09,2020,808.57,810,855,827.98,790.92,-2.18,0.4408,59.8,0.92,17.98,2.224,111,-1995.98,-100.0,False,238607.85000000003
TCS.NS,2020-08-13,2020-09-11,2020,1932.73,1935,2050,1974.87,2035.3,5.31,0.2376,64.5,0.949,39.87,2.063,50,3021.33,151.54,True,241629.18000000002
ASIANPAINT.NS,2020-08-14,2020-09-14,2020,1707.9,1710,1810,1746.18,1924.55,12.68,0.2699,55.4,0.926,36.18,2.118,55,3510.04,176.39,True,245139.22000000003
RELIANCE.NS,2020-08-18,2020-09-16,2020,956.2,955,1015,978.37,1049.17,9.72,0.375,52.7,0.83,23.37,2.445,85,3113.18,156.69,True,248252.40000000002
HDFCBANK.NS,2020-08-21,2020-09-21,2020,505.79,505,535,516.5,488.85,-3.35,0.3067,71.5,0.757,11.5,2.273,173,-1988.96,-100.0,False,246263.44000000003
SUNPHARMA.NS,2020-08-24,2020-09-22,2020,502.02,500,530,511.72,478.87,-4.61,0.2978,53.4,0.882,11.72,2.334,170,-1992.35,-100.0,False,244271.09000000003
TITAN.NS,2020-08-25,2020-09-23,2020,1115.43,1115,1180,1139.84,1096.49,-1.7,0.3132,56.0,0.862,24.84,2.227,80,-1986.85,-100.0,False,242284.24000000002
MARUTI.NS,2020-08-26,2020-09-24,2020,6717.35,6715,7120,6856.93,6035.95,-10.14,0.2327,71.8,0.864,141.93,2.113,14,-1987.09,-100.0,False,240297.15000000002
BAJFINANCE.NS,2020-08-27,2020-09-25,2020,353.65,355,375,362.21,305.6,-13.59,0.2866,65.2,0.687,7.21,2.038,277,-1996.21,-100.0,False,238300.94000000003
INFY.NS,2020-09-14,2020-10-14,2020,834.1,835,885,851.61,969.31,16.21,0.2107,61.9,0.928,16.61,1.991,120,4007.1,201.07,True,242308.04000000004
NIFTY50,2020-09-16,2020-10-16,2020,11604.55,11605,12075,11771.58,11762.45,1.36,0.1411,51.9,0.898,166.58,1.435,12,-109.56,-5.48,False,242198.48000000004
RELIANCE.NS,2020-09-24,2020-10-26,2020,984.47,985,1045,1007.62,915.82,-6.97,0.3282,60.9,0.944,22.62,2.297,88,-1990.2,-100.0,False,240208.28000000003
HDFCBANK.NS,2020-10-05,2020-11-03,2020,519.16,520,550,530.35,581.4,11.99,0.2298,63.6,0.9,10.35,1.993,193,3793.23,189.97,True,244001.51000000004
ASIANPAINT.NS,2020-10-07,2020-11-05,2020,1994.47,1995,2115,2037.96,2124.01,6.49,0.2571,62.8,0.937,42.96,2.154,46,3543.79,179.32,True,247545.30000000005
SUNPHARMA.NS,2020-10-08,2020-11-06,2020,493.22,495,525,506.08,479.15,-2.85,0.3438,54.3,0.904,11.08,2.247,180,-1994.95,-100.0,False,245550.35000000003
MARUTI.NS,2020-10-09,2020-11-09,2020,6768.87,6770,7175,6923.01,6586.53,-2.69,0.3171,53.1,0.869,153.01,2.26,13,-1989.07,-100.0,False,243561.28000000003
ICICIBANK.NS,2020-10-13,2020-11-11,2020,383.25,385,405,392.86,470.59,22.79,0.4128,68.8,0.944,7.86,2.05,254,3084.07,154.52,True,246645.35000000003
TITAN.NS,2020-10-21,2020-11-19,2020,1221.63,1220,1295,1247.08,1268.49,3.84,0.2522,65.1,0.927,27.08,2.217,73,1563.31,79.09,True,248208.66000000003
TCS.NS,2020-10-22,2020-11-20,2020,2299.72,2300,2440,2355.09,2290.34,-0.41,0.4121,63.7,0.937,55.09,2.396,36,-1983.39,-100.0,False,246225.27000000002
SUNPHARMA.NS,2020-11-09,2020-12-09,2020,480.09,480,510,490.84,536.0,11.64,0.2742,62.1,0.94,10.84,2.258,184,3525.27,176.73,True,249750.54
ASIANPAINT.NS,2020-11-17,2020-12-17,2020,2075.94,2075,2200,2121.69,2443.56,17.71,0.2943,54.2,0.907,46.69,2.249,42,3288.86,167.7,True,253039.4
BHARTIARTL.NS,2020-11-17,2020-12-17,2020,464.85,465,495,476.39,494.16,6.3,0.3671,64.7,0.736,11.39,2.451,175,3108.93,155.91,True,256148.33
MARUTI.NS,2020-11-20,2020-12-22,2020,6676.33,6675,7065,6807.3,7088.03,6.17,0.2033,55.0,0.83,132.3,1.982,15,3865.51,194.79,True,260013.84
INFY.NS,2020-11-20,2020-12-22,2020,950.73,950,1010,971.64,1051.67,10.62,0.2689,56.9,0.938,21.64,2.277,92,3528.78,177.22,True,263542.62
TCS.NS,2020-11-23,2020-12-23,2020,2345.44,2345,2485,2393.19,2504.29,6.77,0.2187,61.5,0.761,48.19,2.055,41,3764.22,190.52,True,267306.83999999997
ICICIBANK.NS,2020-11-27,2020-12-30,2020,457.82,460,485,469.78,511.4,11.7,0.433,54.9,0.921,9.78,2.137,204,3104.06,155.52,True,270410.9
NIFTY50,2020-12-07,2021-01-06,2020,13355.75,13355,13860,13536.54,14146.25,5.92,0.1323,72.7,0.947,181.54,1.359,11,3558.06,178.18,True,273968.95999999996
BAJFINANCE.NS,2020-12-07,2021-01-06,2020,470.18,470,500,481.66,489.74,4.16,0.3973,69.0,0.916,11.66,2.479,171,1382.04,69.33,True,275351.0
AXISBANK.NS,2020-12-07,2021-01-06,2020,616.2,615,655,630.58,651.03,5.65,0.3822,51.9,0.946,15.58,2.529,128,2616.97,131.21,True,277967.97
RELIANCE.NS,2020-12-08,2021-01-07,2020,899.87,900,955,919.78,862.59,-4.14,0.2657,50.1,0.648,19.78,2.198,101,-1998.01,-100.0,False,275969.95999999996
TITAN.NS,2020-12-10,2021-01-11,2020,1397.8,1400,1480,1429.72,1534.91,9.81,0.2963,70.6,0.941,29.72,2.127,67,3368.44,169.14,True,279338.4
HDFCBANK.NS,2020-12-16,2021-01-15,2020,657.22,655,695,670.03,683.29,3.97,0.2624,51.7,0.858,15.03,2.287,133,1763.31,88.22,True,281101.70999999996
SBIN.NS,2020-12-17,2021-01-18,2020,242.64,245,255,248.71,266.88,9.99,0.2995,75.0,0.851,3.71,1.527,539,3392.74,169.87,True,284494.44999999995
BHARTIARTL.NS,2020-12-21,2021-01-20,2020,470.94,470,500,481.16,571.92,21.44,0.2905,56.5,0.921,11.16,2.37,179,3372.41,168.82,True,287866.86
ICICIBANK.NS,2020-12-31,2021-02-01,2020,517.49,515,550,528.04,583.99,12.85,0.279,63.5,0.833,13.04,2.521,153,3359.12,168.3,True,291225.98
MARUTI.NS,2021-01-04,2021-02-03,2021,7382.17,7380,7720,7499.15,7273.78,-1.47,0.1602,50.3,0.887,119.15,1.614,16,-1906.32,-100.0,False,289319.66
LT.NS,2021-01-05,2021-02-04,2021,1227.61,1230,1300,1254.74,1437.65,17.11,0.248,65.5,0.776,24.74,2.015,80,3621.17,183.0,True,292940.82999999996
SUNPHARMA.NS,2021-01-06,2021-02-05,2021,569.64,570,605,582.06,597.35,4.87,0.2371,63.5,0.887,12.06,2.118,165,2523.15,126.77,True,295463.98
NIFTY50,2021-01-07,2021-02-08,2021,14137.35,14135,14725,14344.1,15115.8,6.92,0.1451,64.3,0.815,209.1,1.479,9,3428.07,182.16,True,298892.05
INFY.NS,2021-01-07,2021-02-08,2021,1087.56,1090,1155,1111.85,1123.24,3.28,0.2286,72.2,0.835,21.85,2.009,91,1036.01,52.1,True,299928.06
AXISBANK.NS,2021-01-07,2021-02-08,2021,667.79,670,710,684.94,732.52,9.69,0.35,70.6,0.927,14.94,2.238,133,3332.65,167.69,True,303260.70999999996
BAJFINANCE.NS,2021-01-12,2021-02-11,2021,490.9,490,520,501.44,542.0,10.41,0.3085,51.8,0.876,11.44,2.33,174,3229.8,162.29,True,306490.51
TITAN.NS,2021-01-12,2021-02-11,2021,1498.79,1500,1590,1531.47,1496.44,-0.16,0.2428,56.5,0.889,31.47,2.1,63,-1982.7,-100.0,False,304507.80999999994
RELIANCE.NS,2021-01-12,2021-02-11,2021,883.3,885,935,902.25,927.83,5.04,0.2272,53.4,0.742,17.25,1.952,115,2941.98,148.34,True,307449.79
HDFCBANK.NS,2021-01-18,2021-02-17,2021,690.95,690,725,702.26,739.12,6.97,0.1715,69.1,0.884,12.26,1.775,163,3706.17,185.42,True,311155.95999999996
ASIANPAINT.NS,2021-02-16,2021-03-18,2021,2325.14,2325,2465,2378.03,2281.77,-1.87,0.3206,51.8,0.943,53.03,2.281,37,-1962.19,-100.0,False,309193.77
INFY.NS,2021-02-17,2021-03-19,2021,1104.06,1105,1170,1127.14,1158.48,4.93,0.2188,51.4,0.858,22.14,2.006,90,2820.1,141.51,True,312013.87
MARUTI.NS,2021-02-18,2021-03-22,2021,7185.93,7185,7615,7347.87,6806.11,-5.29,0.3164,61.0,0.801,162.87,2.267,12,-1954.47,-100.0,False,310059.4
BAJFINANCE.NS,2021-02-19,2021-03-23,2021,535.27,535,565,547.02,523.67,-2.17,0.3933,67.2,0.897,12.02,2.245,166,-1994.89,-100.0,False,308064.51
BHARTIARTL.NS,2021-02-19,2021-03-23,2021,557.72,560,590,571.28,507.74,-8.96,0.3266,50.9,0.913,11.28,2.023,177,-1997.0,-100.0,False,306067.51
NIFTY50,2021-02-19,2021-03-23,2021,14981.75,14980,15880,15297.57,14814.75,-1.11,0.2396,74.9,0.865,317.57,2.12,6,-1905.4,-100.0,False,304162.11
LT.NS,2021-02-19,2021-03-23,2021,1417.92,1420,1505,1452.66,1319.76,-6.92,0.3711,61.6,0.856,32.66,2.303,61,-1992.06,-100.0,False,302170.05
TCS.NS,2021-03-10,2021-04-13,2021,2648.96,2650,2810,2707.3,2677.51,1.08,0.2603,51.1,0.934,57.3,2.163,34,-1012.56,-51.98,False,301157.49
SUNPHARMA.NS,2021-03-10,2021-04-13,2021,594.27,595,630,607.43,595.55,0.22,0.2545,54.2,0.889,12.43,2.092,160,-1900.91,-95.57,False,299256.57999999996
TITAN.NS,2021-03-10,2021-04-13,2021,1443.98,1445,1530,1474.65,1502.23,4.03,0.2336,58.4,0.796,29.65,2.053,67,1847.79,93.01,True,301104.37
AXISBANK.NS,2021-03-15,2021-04-16,2021,740.73,740,785,758.1,665.9,-10.1,0.4598,56.2,0.899,18.1,2.444,110,-1991.15,-100.0,False,299113.22
ASIANPAINT.NS,2021-03-19,2021-04-23,2021,2288.13,2290,2425,2340.88,2389.38,4.43,0.3175,63.8,0.891,50.88,2.224,39,1891.55,95.33,True,301004.77
HDFCBANK.NS,2021-03-30,2021-05-03,2021,723.84,725,765,739.73,658.97,-8.96,0.273,55.6,0.938,14.73,2.036,135,-1989.14,-100.0,False,299015.63
BHARTIARTL.NS,2021-04-05,2021-05-06,2021,506.78,505,535,515.73,536.04,5.77,0.2055,52.6,0.769,10.73,2.118,186,3583.8,179.53,True,302599.42999999993
INFY.NS,2021-04-07,2021-05-10,2021,1232.37,1230,1305,1257.19,1154.26,-6.34,0.2452,59.0,0.93,27.19,2.206,73,-1984.54,-100.0,False,300614.88999999996
NIFTY50,2021-04-09,2021-05-12,2021,14834.85,14835,15610,15100.5,14696.5,-0.93,0.1818,56.5,0.916,265.5,1.79,7,-1858.52,-100.0,False,298756.37
RELIANCE.NS,2021-04-28,2021-05-28,2021,901.47,900,955,919.33,945.48,4.88,0.2241,52.2,0.692,19.33,2.144,103,2693.33,135.29,True,301449.69999999995
SBIN.NS,2021-04-28,2021-05-28,2021,329.38,330,350,337.78,382.54,16.14,0.4157,56.5,0.924,7.78,2.361,257,3141.69,157.22,True,304591.38999999996
AXISBANK.NS,2021-04-29,2021-05-31,2021,715.86,715,760,732.54,747.0,4.35,0.3781,58.6,0.919,17.54,2.45,114,1649.07,82.49,True,306240.45999999996
SUNPHARMA.NS,2021-04-29,2021-05-31,2021,611.83,610,650,623.96,634.43,3.69,0.2264,61.3,0.924,13.96,2.281,143,1497.06,75.01,True,307737.51999999996
ICICIBANK.NS,2021-05-06,2021-06-07,2021,588.24,590,625,603.44,626.93,6.58,0.3948,61.5,0.945,13.44,2.285,148,3190.92,160.42,True,310928.43999999994
LT.NS,2021-05-10,2021-06-09,2021,1310.97,1310,1390,1340.18,1427.78,8.91,0.3098,70.9,0.832,30.18,2.302,66,3287.83,165.04,True,314216.26999999996
HDFCBANK.NS,2021-05-10,2021-06-09,2021,661.48,660,700,675.35,689.65,4.26,0.307,51.4,0.863,15.35,2.321,130,1857.8,93.07,True,316074.06999999995
ASIANPAINT.NS,2021-05-11,2021-06-10,2021,2425.72,2425,2570,2476.76,2813.8,16.0,0.2454,50.4,0.908,51.76,2.134,38,3543.23,180.15,True,319617.29999999993
NIFTY50,2021-05-14,2021-06-14,2021,14677.8,14680,15305,14899.66,15811.85,7.73,0.149,60.1,0.75,219.66,1.497,9,3648.08,184.53,True,323265.37999999995
BAJFINANCE.NS,2021-05-14,2021-06-14,2021,518.95,520,550,531.71,603.05,16.21,0.3983,74.8,0.928,11.71,2.256,170,3109.57,156.23,True,326374.94999999995
TITAN.NS,2021-05-18,2021-06-16,2021,1510.72,1510,1600,1544.17,1683.16,11.41,0.3121,57.5,0.862,34.17,2.262,58,3238.29,163.41,True,329613.24
TCS.NS,2021-05-21,2021-06-21,2021,2657.2,2655,2770,2695.82,2837.15,6.77,0.1465,57.7,0.679,40.82,1.536,48,3560.74,181.74,True,333173.98
INFY.NS,2021-05-21,2021-06-21,2021,1167.14,1165,1215,1182.88,1306.72,11.96,0.1366,50.1,0.617,17.88,1.532,111,3564.79,179.57,True,336738.76999999996
MARUTI.NS,2021-05-27,2021-06-25,2021,6679.26,6680,7020,6796.61,7331.09,9.76,0.1771,68.1,0.767,116.61,1.746,17,3797.56,191.56,True,340536.32999999996
AXISBANK.NS,2021-06-01,2021-06-30,2021,741.48,740,785,756.61,744.61,0.42,0.2612,62.1,0.871,16.61,2.24,120,-1439.49,-72.22,False,339096.83999999997
BHARTIARTL.NS,2021-06-07,2021-07-06,2021,514.64,515,545,524.77,504.71,-1.93,0.1896,50.1,0.595,9.77,1.898,204,-1992.87,-100.0,False,337103.97
ICICIBANK.NS,2021-06-08,2021-07-07,2021,621.32,620,660,634.81,632.54,1.81,0.2878,58.1,0.759,14.81,2.384,135,-306.7,-15.34,False,336797.26999999996
SBIN.NS,2021-06-09,2021-07-08,2021,385.52,385,410,394.36,388.26,0.71,0.3181,74.3,0.878,9.36,2.429,213,-1299.09,-65.14,False,335498.17999999993
LT.NS,2021-06-10,2021-07-09,2021,1428.16,1430,1515,1458.28,1409.27,-1.32,0.2118,73.5,0.911,28.28,1.98,70,-1979.52,-100.0,False,333518.66
ASIANPAINT.NS,2021-06-11,2021-07-12,2021,2819.19,2820,2955,2866.78,2860.34,1.46,0.1698,71.6,0.756,46.78,1.659,42,-270.74,-13.78,False,333247.92
HDFCBANK.NS,2021-06-14,2021-07-13,2021,689.25,690,730,704.03,702.71,1.95,0.2377,50.2,0.636,14.03,2.036,142,-186.98,-9.39,False,333060.93999999994
NIFTY50,2021-06-16,2021-07-15,2021,15767.55,15770,16240,15940.49,15924.2,0.99,0.0957,73.3,0.677,170.49,1.081,11,-179.22,-9.56,False,332881.72
SUNPHARMA.NS,2021-06-18,2021-07-19,2021,634.62,635,670,646.59,654.31,3.1,0.1835,50.2,0.778,11.59,1.826,172,1328.89,66.68,True,334210.61
BAJFINANCE.NS,2021-06-24,2021-07-26,2021,588.39,590,625,603.16,600.93,2.13,0.3483,52.0,0.893,13.16,2.236,151,-336.17,-16.92,False,333874.43999999994
TITAN.NS,2021-06-25,2021-07-27,2021,1721.34,1720,1825,1758.1,1701.07,-1.18,0.2618,67.8,0.859,38.1,2.213,52,-1981.21,-100.0,False,331893.23
AXISBANK.NS,2021-07-01,2021-08-02,2021,742.77,745,780,756.92,717.6,-3.39,0.1849,54.6,0.882,11.92,1.605,167,-1990.92,-100.0,False,329902.30999999994
BHARTIARTL.NS,2021-07-07,2021-08-06,2021,508.07,510,530,516.53,583.19,14.78,0.1406,50.9,0.707,6.53,1.285,306,4122.26,206.35,True,334024.56999999995
ICICIBANK.NS,2021-07-08,2021-08-09,2021,620.84,620,655,631.94,681.78,9.82,0.1854,56.6,0.793,11.94,1.924,167,3850.29,193.03,True,337874.86
SBIN.NS,2021-07-09,2021-08-10,2021,387.62,390,410,396.25,390.09,0.64,0.1914,53.8,0.746,6.25,1.612,320,-1969.8,-98.5,False,335905.06
LT.NS,2021-07-12,2021-08-11,2021,1410.35,1410,1475,1432.7,1504.77,6.69,0.1592,50.5,0.817,22.7,1.61,88,3722.35,186.34,True,339627.41000000003
ASIANPAINT.NS,2021-07-13,2021-08-12,2021,2855.04,2855,2980,2898.66,2837.54,-0.61,0.1504,51.1,0.724,43.66,1.529,45,-1964.9,-100.0,False,337662.51
HDFCBANK.NS,2021-07-15,2021-08-16,2021,711.53,710,745,722.31,716.17,0.65,0.1576,53.4,0.91,12.31,1.73,162,-995.47,-49.92,False,336667.04000000004
RELIANCE.NS,2021-07-16,2021-08-17,2021,956.74,955,1005,972.58,980.23,2.45,0.1768,55.4,0.647,17.58,1.838,113,863.95,43.49,True,337530.99
NIFTY50,2021-07-16,2021-08-17,2021,15923.4,15925,16400,16081.84,16614.6,4.34,0.0721,56.9,0.822,156.84,0.985,12,3817.96,202.86,True,341348.95
BAJFINANCE.NS,2021-07-27,2021-08-26,2021,607.66,610,645,621.2,675.97,11.24,0.2062,52.9,0.896,11.2,1.842,178,4237.12,212.61,True,345586.07
TITAN.NS,2021-07-28,2021-08-27,2021,1695.66,1695,1760,1718.62,1793.06,5.74,0.1362,50.2,0.88,23.62,1.393,84,3475.94,175.19,True,349062.01
INFY.NS,2021-07-30,2021-08-31,2021,1402.7,1405,1465,1425.65,1486.27,5.96,0.156,63.4,0.869,20.65,1.472,96,3777.29,190.51,True,352839.30000000005
TCS.NS,2021-08-02,2021-09-01,2021,2796.69,2795,2895,2831.62,3227.17,15.39,0.1228,57.6,0.901,36.62,1.309,54,3422.62,173.09,True,356261.92000000004
AXISBANK.NS,2021-08-17,2021-09-17,2021,753.02,755,800,769.87,803.37,6.69,0.2219,65.9,0.91,14.87,1.975,134,4036.78,202.53,True,360298.7
ASIANPAINT.NS,2021-08-17,2021-09-17,2021,2875.5,2875,3050,2937.67,3149.91,9.54,0.2561,51.9,0.833,62.67,2.18,31,3482.11,179.22,True,363780.81
ICICIBANK.NS,2021-08-18,2021-09-20,2021,667.66,670,710,683.07,688.71,3.15,0.224,50.4,0.937,13.07,1.957,153,863.63,43.19,True,364644.44
NIFTY50,2021-08-26,2021-09-27,2021,16636.9,16635,17135,16808.35,17855.1,7.32,0.0814,71.8,0.949,173.35,1.042,11,3593.19,188.44,True,368237.63
SBIN.NS,2021-09-01,2021-10-01,2021,393.25,395,415,402.16,413.15,5.06,0.2539,51.4,0.937,7.16,1.82,279,3066.06,153.57,True,371303.69
HDFCBANK.NS,2021-09-03,2021-10-05,2021,737.43,735,765,746.28,746.51,1.23,0.1306,68.3,0.94,11.28,1.53,177,40.66,2.04,True,371344.35
SUNPHARMA.NS,2021-09-06,2021-10-06,2021,746.46,745,785,758.92,762.02,2.08,0.1763,52.9,0.944,13.92,1.865,143,443.27,22.26,True,371787.62
ASIANPAINT.NS,2021-09-20,2021-10-20,2021,3119.87,3120,3300,3180.8,3022.64,-3.12,0.1999,70.2,0.911,60.8,1.949,32,-1945.68,-100.0,False,369841.94
AXISBANK.NS,2021-09-20,2021-10-20,2021,791.93,790,840,806.99,800.84,1.12,0.2038,56.6,0.891,16.99,2.146,117,-720.32,-36.23,False,369121.62
LT.NS,2021-09-20,2021-10-20,2021,1619.82,1620,1690,1644.54,1717.09,6.01,0.1507,66.5,0.792,24.54,1.515,81,3681.97,185.21,True,372803.58999999997
HDFCBANK.NS,2021-10-13,2021-11-15,2021,767.07,765,805,779.47,728.64,-5.01,0.1832,68.3,0.922,14.47,1.886,138,-1996.8,-100.0,False,370806.79
BAJFINANCE.NS,2021-10-14,2021-11-16,2021,766.75,765,815,783.08,736.8,-3.91,0.2646,53.2,0.933,18.08,2.358,110,-1988.84,-100.0,False,368817.94999999995
BHARTIARTL.NS,2021-10-20,2021-11-22,2021,692.41,690,735,706.33,725.3,4.75,0.251,56.9,0.893,16.33,2.358,122,2314.7,116.21,True,371132.64999999997
ASIANPAINT.NS,2021-11-11,2021-12-13,2021,2924.91,2925,3100,2990.55,3131.48,7.06,0.3026,56.1,0.815,65.55,2.241,30,3283.37,166.95,True,374416.01999999996
INFY.NS,2021-11-12,2021-12-14,2021,1564.25,1565,1660,1599.42,1539.6,-1.58,0.2751,65.4,0.861,34.42,2.201,58,-1996.55,-100.0,False,372419.47
TITAN.NS,2021-11-12,2021-12-14,2021,2498.41,2500,2650,2556.89,2316.75,-7.27,0.3326,61.8,0.918,56.89,2.277,35,-1990.99,-100.0,False,370428.48
ICICIBANK.NS,2021-11-12,2021-12-14,2021,753.32,755,800,772.65,735.91,-2.31,0.4397,54.5,0.915,17.65,2.343,113,-1994.88,-100.0,False,368433.6
TCS.NS,2021-11-12,2021-12-14,2021,3068.95,3070,3210,3118.54,3154.03,2.77,0.1596,54.6,0.733,48.54,1.582,41,1455.05,73.11,True,369888.64999999997
BAJFINANCE.NS,2021-11-17,2021-12-17,2021,741.86,740,785,756.51,672.96,-9.29,0.2476,57.5,0.746,16.51,2.225,121,-1997.21,-100.0,False,367891.43999999994
LT.NS,2021-11-18,2021-12-20,2021,1802.91,1805,1910,1842.03,1710.1,-5.15,0.244,61.6,0.936,37.03,2.054,54,-1999.73,-100.0,False,365891.70999999996
SBIN.NS,2021-11-18,2021-12-20,2021,460.85,460,490,470.59,410.9,-10.84,0.2472,51.4,0.912,10.59,2.298,188,-1991.03,-100.0,False,363900.67999999993
RELIANCE.NS,2021-12-13,2022-01-11,2021,1091.37,1090,1155,1115.72,1112.16,1.9,0.3808,51.8,0.949,25.72,2.357,77,-274.12,-13.84,False,363626.55999999994
ASIANPAINT.NS,2021-12-14,2022-01-12,2021,3148.33,3150,3335,3216.2,3383.49,7.47,0.2518,64.4,0.939,66.2,2.103,30,3564.14,179.48,True,367190.69999999995
ICICIBANK.NS,2021-12-15,2022-01-13,2021,729.7,730,775,745.75,799.98,9.63,0.2479,50.5,0.877,15.75,2.159,126,3684.97,185.64,True,370875.6699999999
TITAN.NS,2021-12-16,2022-01-14,2021,2319.11,2320,2460,2371.24,2550.8,9.99,0.2825,57.8,0.752,51.24,2.21,39,3461.48,173.2,True,374337.1499999999
MARUTI.NS,2021-12-16,2022-01-14,2021,7186.66,7185,7620,7351.13,7797.6,8.5,0.3338,60.3,0.831,166.13,2.312,12,3226.48,161.85,True,377563.6299999999
SUNPHARMA.NS,2021-12-17,2022-01-17,2021,731.9,730,775,746.56,812.09,10.96,0.2552,57.0,0.887,16.56,2.263,120,3412.46,171.69,True,380976.0899999999
LT.NS,2021-12-21,2022-01-19,2021,1736.9,1735,1840,1772.69,1920.66,10.58,0.2444,57.5,0.945,37.69,2.17,53,3567.5,178.6,True,384543.5899999999
INFY.NS,2021-12-22,2022-01-20,2021,1603.35,1605,1700,1637.36,1602.47,-0.05,0.2224,62.8,0.938,32.36,2.018,61,-1974.09,-100.0,False,382569.4999999999
TCS.NS,2021-12-27,2022-01-25,2021,3216.96,3215,3385,3273.51,3286.96,2.18,0.1808,64.8,0.944,58.51,1.819,34,457.06,22.97,True,383026.5599999999
NIFTY50,2022-01-03,2022-02-02,2022,17625.7,17625,18445,17910.33,17780.0,0.88,0.1617,57.6,0.826,285.33,1.619,7,-912.31,-45.68,False,382114.2499999999
HDFCBANK.NS,2022-01-03,2022-02-02,2022,711.04,710,755,725.34,716.45,0.76,0.2162,54.4,0.815,15.34,2.157,130,-1155.51,-57.96,False,380958.7399999999
BAJFINANCE.NS,2022-01-03,2022-02-02,2022,704.02,705,745,720.51,706.74,0.39,0.3598,54.5,0.832,15.51,2.203,128,-1762.82,-88.8,False,379195.91999999987
BHARTIARTL.NS,2022-01-04,2022-02-03,2022,681.66,680,720,693.97,705.31,3.47,0.1989,56.6,0.633,13.97,2.05,143,1621.35,81.14,True,380817.26999999984
AXISBANK.NS,2022-01-05,2022-02-04,2022,723.32,725,765,739.2,794.62,9.86,0.2471,56.1,0.837,14.2,1.964,140,3611.36,181.6,True,384428.62999999983
SBIN.NS,2022-01-05,2022-02-04,2022,450.42,450,475,459.55,485.09,7.7,0.2812,55.1,0.75,9.55,2.119,209,3229.86,161.89,True,387658.4899999998
RELIANCE.NS,2022-01-12,2022-02-11,2022,1141.85,1140,1210,1165.35,1076.31,-5.74,0.2508,72.0,0.833,25.35,2.22,78,-1977.01,-100.0,False,385681.4799999998
SUNPHARMA.NS,2022-01-18,2022-02-17,2022,805.9,805,855,822.35,827.47,2.68,0.2259,54.0,0.916,17.35,2.152,115,588.61,29.51,True,386270.0899999998
TITAN.NS,2022-01-21,2022-02-22,2022,2487.24,2485,2635,2537.74,2410.45,-3.09,0.229,50.6,0.913,52.74,2.12,37,-1951.35,-100.0,False,384318.7399999998
ICICIBANK.NS,2022-01-21,2022-02-22,2022,780.38,780,820,793.97,728.78,-6.61,0.1825,70.5,0.901,13.97,1.791,143,-1998.22,-100.0,False,382320.51999999984
BHARTIARTL.NS,2022-02-11,2022-03-15,2022,698.96,700,740,714.15,687.18,-1.68,0.2446,59.3,0.927,14.15,2.024,141,-1994.75,-100.0,False,380325.76999999984
RELIANCE.NS,2022-02-15,2022-03-17,2022,1095.13,1095,1160,1118.38,1124.01,2.64,0.252,56.2,0.904,23.38,2.135,85,477.96,24.05,True,380803.72999999986
TCS.NS,2022-02-15,2022-03-17,2022,3328.72,3330,3530,3399.61,3202.25,-3.8,0.2347,53.6,0.944,69.61,2.091,28,-1949.13,-100.0,False,378854.59999999986
SUNPHARMA.NS,2022-02-18,2022-03-23,2022,827.8,830,875,846.69,864.16,4.39,0.2898,61.4,0.802,16.69,2.016,119,2078.89,104.67,True,380933.4899999999
SBIN.NS,2022-03-22,2022-04-22,2022,451.61,450,480,461.78,457.92,1.4,0.3836,54.4,0.94,11.78,2.609,169,-652.39,-32.76,False,380281.09999999986
TITAN.NS,2022-03-22,2022-04-22,2022,2668.85,2670,2830,2731.96,2472.04,-7.37,0.3683,63.6,0.948,61.96,2.322,32,-1982.88,-100.0,False,378298.21999999986
BHARTIARTL.NS,2022-03-22,2022-04-22,2022,702.97,705,745,719.77,722.02,2.71,0.3054,62.3,0.834,14.77,2.102,135,303.91,15.24,True,378602.12999999983
TCS.NS,2022-03-22,2022-04-22,2022,3226.84,3225,3420,3299.16,3149.76,-2.39,0.3202,63.5,0.922,74.16,2.298,26,-1928.28,-100.0,False,376673.8499999998
ICICIBANK.NS,2022-03-23,2022-04-25,2022,696.77,695,740,712.61,729.65,4.72,0.3773,51.2,0.892,17.61,2.527,113,1925.58,96.78,True,378599.4299999998
BAJFINANCE.NS,2022-03-24,2022-04-26,2022,682.37,680,725,698.15,706.06,3.47,0.4734,57.1,0.849,18.15,2.66,110,870.7,43.62,True,379470.12999999983
NIFTY50,2022-03-24,2022-04-26,2022,17222.75,17225,18255,17604.9,17200.8,-0.13,0.2841,62.3,0.944,379.9,2.206,5,-1899.51,-100.0,False,377570.6199999998
LT.NS,2022-03-24,2022-04-26,2022,1683.68,1685,1785,1722.45,1615.63,-4.04,0.3105,52.8,0.817,37.45,2.224,53,-1984.69,-100.0,False,375585.9299999998
AXISBANK.NS,2022-03-28,2022-04-28,2022,732.37,730,775,748.13,775.96,5.95,0.4085,73.2,0.908,18.13,2.475,110,2956.15,148.26,True,378542.07999999984
MARUTI.NS,2022-03-30,2022-05-02,2022,7329.22,7330,7770,7506.28,7364.09,0.48,0.4652,68.2,0.68,176.28,2.405,11,-1564.15,-80.66,False,376977.9299999998
ASIANPAINT.NS,2022-03-30,2022-05-02,2022,2942.15,2940,3120,3011.41,3055.24,3.84,0.4199,70.8,0.829,71.41,2.427,28,1227.34,61.39,True,378205.26999999984
SUNPHARMA.NS,2022-03-30,2022-05-02,2022,883.15,885,935,902.86,885.84,0.3,0.2567,72.3,0.93,17.86,2.022,112,-1905.9,-95.3,False,376299.3699999998
INFY.NS,2022-03-31,2022-05-04,2022,1675.53,1675,1775,1710.44,1349.27,-19.47,0.2387,62.7,0.909,35.44,2.115,56,-1984.86,-100.0,False,374314.50999999983
HDFCBANK.NS,2022-04-01,2022-05-05,2022,704.66,705,745,719.83,633.04,-10.16,0.2747,69.1,0.846,14.83,2.104,134,-1986.95,-100.0,False,372327.5599999998
RELIANCE.NS,2022-04-07,2022-05-11,2022,1165.29,1165,1235,1189.48,1109.33,-4.8,0.2312,62.1,0.778,24.48,2.101,81,-1983.03,-100.0,False,370344.5299999998
TITAN.NS,2022-04-26,2022-05-26,2022,2506.97,2505,2655,2559.29,2107.29,-15.94,0.2523,53.0,0.916,54.29,2.166,36,-1954.6,-100.0,False,368389.9299999998
ICICIBANK.NS,2022-04-26,2022-05-26,2022,731.15,730,765,742.32,706.66,-3.35,0.1576,54.5,0.789,12.32,1.685,162,-1995.49,-100.0,False,366394.4399999998
ASIANPAINT.NS,2022-05-10,2022-06-08,2022,2946.73,2945,3125,3011.64,2582.82,-12.35,0.2871,57.2,0.896,66.64,2.262,30,-1999.25,-100.0,False,364395.1899999998
SUNPHARMA.NS,2022-05-27,2022-06-27,2022,867.13,865,920,885.3,801.66,-7.55,0.2726,55.6,0.928,20.3,2.341,98,-1989.25,-100.0,False,362405.9399999998
SBIN.NS,2022-05-30,2022-06-28,2022,440.91,440,465,449.85,431.3,-2.18,0.3232,53.0,0.937,9.85,2.234,203,-1999.78,-100.0,False,360406.1599999998
ICICIBANK.NS,2022-05-31,2022-06-29,2022,730.28,730,775,746.55,681.68,-6.65,0.2859,62.3,0.931,16.55,2.267,120,-1986.36,-100.0,False,358419.7999999998
MARUTI.NS,2022-05-31,2022-06-29,2022,7683.93,7685,8145,7859.8,8207.25,6.81,0.3262,65.8,0.898,174.8,2.275,11,3137.16,163.15,True,361556.95999999985
BHARTIARTL.NS,2022-06-02,2022-07-01,2022,680.19,680,720,694.36,658.2,-3.23,0.245,52.5,0.901,14.36,2.111,139,-1996.19,-100.0,False,359560.76999999984
SBIN.NS,2022-06-30,2022-07-29,2022,432.83,435,460,443.44,490.85,13.4,0.2501,52.4,0.836,8.44,1.95,236,3907.75,196.15,True,363468.51999999984
SUNPHARMA.NS,2022-07-04,2022-08-02,2022,795.66,795,840,810.68,879.94,10.59,0.2042,51.9,0.739,15.68,1.971,127,3723.01,186.9,True,367191.52999999985
ICICIBANK.NS,2022-07-04,2022-08-02,2022,698.51,700,740,714.2,793.23,13.56,0.2557,65.9,0.885,14.2,2.033,140,3611.65,181.64,True,370803.1799999999
BHARTIARTL.NS,2022-07-05,2022-08-03,2022,668.95,670,710,684.6,680.47,1.72,0.2917,50.8,0.831,14.6,2.183,136,-561.97,-28.3,False,370241.2099999999
MARUTI.NS,2022-07-12,2022-08-11,2022,8121.21,8120,8610,8300.52,8557.36,5.37,0.2824,70.9,0.843,180.52,2.223,11,2825.26,142.28,True,373066.4699999999
ASIANPAINT.NS,2022-07-15,2022-08-17,2022,2859.81,2860,3030,2922.79,3383.68,18.32,0.2824,64.0,0.747,62.79,2.196,31,3323.59,170.75,True,376390.05999999994
RELIANCE.NS,2022-07-21,2022-08-23,2022,1126.09,1125,1195,1151.64,1202.69,6.8,0.3284,63.2,0.696,26.64,2.366,75,3252.16,162.78,True,379642.2199999999
NIFTY50,2022-07-27,2022-08-29,2022,16641.8,16640,17170,16835.88,17312.9,4.03,0.1106,66.5,0.799,195.88,1.177,10,3341.19,170.57,True,382983.4099999999
HDFCBANK.NS,2022-07-28,2022-08-30,2022,670.65,670,705,681.99,703.43,4.89,0.1714,55.7,0.846,11.99,1.787,166,3559.51,178.89,True,386542.9199999999
LT.NS,2022-07-28,2022-08-30,2022,1733.83,1735,1840,1772.91,1850.54,6.73,0.2728,74.2,0.928,37.91,2.186,52,3488.72,176.98,True,390031.6399999999
BHARTIARTL.NS,2022-08-04,2022-09-07,2022,681.6,680,720,695.32,739.32,8.47,0.2878,72.6,0.886,15.32,2.248,130,3207.8,161.02,True,393239.4399999999
AXISBANK.NS,2022-08-10,2022-09-12,2022,736.48,735,780,751.31,798.27,8.39,0.2454,64.4,0.924,16.31,2.214,122,3500.51,175.95,True,396739.9499999999
INFY.NS,2022-08-10,2022-09-12,2022,1422.97,1425,1510,1455.74,1364.14,-4.13,0.279,64.6,0.889,30.74,2.16,65,-1997.81,-100.0,False,394742.1399999999
SUNPHARMA.NS,2022-08-17,2022-09-16,2022,883.35,885,935,903.3,835.48,-5.42,0.2782,65.0,0.845,18.3,2.071,109,-1994.53,-100.0,False,392747.60999999987
TITAN.NS,2022-08-19,2022-09-20,2022,2409.6,2410,2510,2445.0,2649.91,9.97,0.1419,72.1,0.86,35.0,1.452,57,3705.11,185.73,True,396452.71999999986
ASIANPAINT.NS,2022-08-19,2022-09-20,2022,3344.17,3345,3530,3407.58,3258.37,-2.57,0.1919,72.3,0.838,62.58,1.871,31,-1940.08,-100.0,False,394512.63999999984
RELIANCE.NS,2022-08-24,2022-09-23,2022,1199.49,1200,1265,1221.8,1108.5,-7.59,0.1839,59.6,0.688,21.8,1.817,91,-1983.65,-100.0,False,392528.9899999998
LT.NS,2022-09-13,2022-10-13,2022,1916.82,1915,2030,1954.57,1805.93,-5.79,0.2119,70.3,0.935,39.57,2.065,50,-1978.66,-100.0,False,390550.32999999984
BAJFINANCE.NS,2022-09-13,2022-10-13,2022,724.58,725,770,741.51,699.93,-3.4,0.2993,57.7,0.935,16.51,2.278,121,-1997.48,-100.0,False,388552.84999999986
NIFTY50,2022-09-14,2022-10-14,2022,18003.75,18005,18780,18277.26,17185.7,-4.54,0.1502,61.7,0.945,272.26,1.512,7,-1905.84,-100.0,False,386647.00999999983
MARUTI.NS,2022-09-14,2022-10-14,2022,8706.25,8705,9160,8861.18,8366.53,-3.9,0.1814,63.3,0.896,156.18,1.794,12,-1874.19,-100.0,False,384772.81999999983
HDFCBANK.NS,2022-09-15,2022-10-17,2022,719.81,720,755,732.29,684.71,-4.88,0.1802,65.0,0.944,12.29,1.707,162,-1990.66,-100.0,False,382782.15999999986
BHARTIARTL.NS,2022-09-21,2022-10-21,2022,765.93,765,810,780.15,782.86,2.21,0.1905,71.2,0.817,15.15,1.978,132,357.51,17.88,True,383139.66999999987
MARUTI.NS,2022-10-18,2022-11-18,2022,8551.05,8550,9065,8740.77,8590.56,0.46,0.2886,51.2,0.824,190.77,2.231,10,-1502.09,-78.74,False,381637.57999999984
BAJFINANCE.NS,2022-10-18,2022-11-18,2022,723.3,725,765,739.95,664.69,-8.1,0.302,55.0,0.893,14.95,2.067,133,-1988.51,-100.0,False,379649.06999999983
TITAN.NS,2022-10-18,2022-11-18,2022,2607.56,2610,2765,2668.1,2533.21,-2.85,0.3146,54.0,0.949,58.1,2.228,34,-1975.31,-100.0,False,377673.75999999983
NIFTY50,2022-10-19,2022-11-21,2022,17512.25,17510,18390,17813.67,18159.95,3.7,0.1747,65.8,0.923,303.67,1.734,6,2077.7,114.03,True,379751.45999999985
ICICIBANK.NS,2022-10-20,2022-11-22,2022,867.18,865,920,884.69,901.38,3.94,0.2419,64.7,0.943,19.69,2.271,101,1685.9,84.77,True,381437.35999999987
SUNPHARMA.NS,2022-10-21,2022-11-23,2022,941.01,940,985,956.02,979.46,4.09,0.1689,70.9,0.867,16.02,1.702,124,2906.86,146.34,True,384344.21999999986
INFY.NS,2022-10-27,2022-11-28,2022,1368.05,1370,1450,1397.23,1457.33,6.53,0.2224,68.9,0.838,27.23,1.991,73,3851.93,193.75,True,388196.14999999985
BHARTIARTL.NS,2022-10-27,2022-11-28,2022,802.15,800,850,817.78,822.08,2.48,0.228,67.2,0.763,17.78,2.216,112,481.66,24.19,True,388677.8099999998
HDFCBANK.NS,2022-10-31,2022-11-30,2022,708.45,710,750,723.83,761.34,7.47,0.2312,69.6,0.907,13.83,1.952,144,3768.21,189.19,True,392446.01999999984
SBIN.NS,2022-11-02,2022-12-02,2022,533.12,535,565,545.37,564.43,5.87,0.2445,68.8,0.914,10.37,1.946,192,3658.74,183.73,True,396104.75999999983
ASIANPAINT.NS,2022-11-04,2022-12-06,2022,3059.34,3060,3235,3118.99,3040.45,-0.62,0.1982,50.0,0.757,58.99,1.928,33,-1946.8,-100.0,False,394157.95999999985
AXISBANK.NS,2022-11-07,2022-12-07,2022,869.97,870,920,889.74,911.53,4.78,0.3814,65.5,0.933,19.74,2.269,101,2200.48,110.35,True,396358.4399999998
LT.NS,2022-11-10,2022-12-09,2022,1903.63,1905,2020,1943.24,2073.43,8.92,0.21,65.1,0.901,38.24,2.009,52,3991.28,200.7,True,400349.71999999986
RELIANCE.NS,2022-11-10,2022-12-09,2022,1168.93,1170,1230,1190.34,1185.56,1.42,0.1813,62.2,0.931,20.34,1.74,98,-468.32,-23.49,False,399881.39999999985
NIFTY50,2022-11-22,2022-12-21,2022,18244.2,18245,18790,18447.67,18199.1,-0.25,0.1034,54.2,0.779,202.67,1.111,9,-1824.02,-100.0,False,398057.37999999983
ICICIBANK.NS,2022-11-23,2022-12-22,2022,905.04,905,940,917.3,869.13,-3.97,0.1274,65.2,0.717,12.3,1.359,162,-1992.34,-100.0,False,396065.0399999998
TCS.NS,2022-11-25,2022-12-26,2022,2990.9,2990,3150,3044.98,2870.24,-4.03,0.1862,72.0,0.903,54.98,1.838,36,-1979.16,-100.0,False,394085.87999999983
SUNPHARMA.NS,2022-11-28,2022-12-27,2022,995.92,995,1045,1012.31,962.62,-3.34,0.1678,54.2,0.785,17.31,1.738,115,-1990.47,-100.0,False,392095.40999999986
INFY.NS,2022-11-29,2022-12-28,2022,1462.4,1460,1550,1492.25,1355.66,-7.3,0.2424,74.0,0.877,32.25,2.205,62,-1999.33,-100.0,False,390096.07999999984
BHARTIARTL.NS,2022-11-29,2022-12-28,2022,820.56,820,860,834.09,789.09,-3.83,0.1724,59.8,0.937,14.09,1.717,141,-1986.91,-100.0,False,388109.16999999987
TITAN.NS,2022-11-30,2022-12-29,2022,2619.3,2620,2755,2666.41,2520.82,-3.76,0.183,52.1,0.723,46.41,1.772,43,-1995.54,-100.0,False,386113.6299999999
HDFCBANK.NS,2022-12-01,2022-12-30,2022,766.57,765,815,782.2,770.67,0.53,0.2256,53.0,0.735,17.2,2.243,116,-1337.34,-67.04,False,384776.28999999986
SBIN.NS,2022-12-05,2023-01-03,2022,573.49,575,605,584.79,568.93,-0.79,0.1835,67.7,0.627,9.79,1.707,204,-1997.52,-100.0,False,382778.76999999984
ASIANPAINT.NS,2022-12-08,2023-01-06,2022,3097.91,3100,3200,3136.19,2864.18,-7.54,0.114,74.1,0.773,36.19,1.168,55,-1990.46,-100.0,False,380788.3099999998
RELIANCE.NS,2022-12-12,2023-01-10,2022,1187.38,1185,1250,1207.8,1162.53,-2.09,0.186,57.4,0.848,22.8,1.92,87,-1983.39,-100.0,False,378804.9199999998
TCS.NS,2023-01-04,2023-02-03,2023,2924.72,2925,3065,2973.69,3142.49,7.45,0.1694,51.5,0.872,48.69,1.665,41,3743.91,187.56,True,382548.8299999998
SUNPHARMA.NS,2023-01-09,2023-02-08,2023,978.69,980,1010,991.03,982.31,0.37,0.1192,65.2,0.94,11.03,1.128,181,-1579.87,-79.1,False,380968.9599999998
SBIN.NS,2023-01-09,2023-02-08,2023,564.57,565,600,577.16,510.73,-9.54,0.2477,51.8,0.921,12.16,2.155,164,-1994.86,-100.0,False,378974.0999999998
MARUTI.NS,2023-01-18,2023-02-17,2023,8246.87,8245,8595,8368.97,8551.44,3.69,0.1478,54.3,0.88,123.97,1.503,16,2919.53,147.19,True,381893.62999999983
INFY.NS,2023-01-23,2023-02-22,2023,1389.64,1390,1465,1415.44,1402.03,0.89,0.1873,55.2,0.949,25.44,1.831,78,-1046.32,-52.72,False,380847.3099999998
NIFTY50,2023-01-24,2023-02-23,2023,18118.3,18120,18660,18318.51,17511.25,-3.35,0.0994,52.8,0.88,198.51,1.096,10,-1985.08,-100.0,False,378862.2299999998
BHARTIARTL.NS,2023-02-01,2023-03-02,2023,755.03,755,800,770.77,726.56,-3.77,0.2328,52.5,0.885,15.77,2.089,126,-1987.45,-100.0,False,376874.7799999998
TCS.NS,2023-02-14,2023-03-16,2023,3158.56,3160,3305,3210.23,2874.2,-9.0,0.1617,57.5,0.912,50.23,1.59,39,-1958.78,-100.0,False,374915.99999999977
ICICIBANK.NS,2023-02-15,2023-03-17,2023,849.76,850,900,867.33,816.05,-3.97,0.224,55.8,0.871,17.33,2.039,115,-1992.42,-100.0,False,372923.5799999998
HDFCBANK.NS,2023-02-15,2023-03-17,2023,790.62,790,840,806.88,744.4,-5.85,0.2171,55.7,0.926,16.88,2.135,118,-1992.04,-100.0,False,370931.5399999998
LT.NS,2023-02-15,2023-03-17,2023,2093.64,2095,2205,2132.57,2113.57,0.95,0.1882,50.1,0.84,37.57,1.795,53,-1007.3,-50.59,False,369924.2399999998
TITAN.NS,2023-02-16,2023-03-20,2023,2490.36,2490,2640,2545.22,2428.71,-2.48,0.2808,74.0,0.937,55.22,2.217,36,-1987.77,-100.0,False,367936.4699999998
SBIN.NS,2023-03-03,2023-04-06,2023,521.37,520,555,532.49,490.2,-5.98,0.259,63.0,0.815,12.49,2.396,160,-1998.56,-100.0,False,365937.9099999998
AXISBANK.NS,2023-03-09,2023-04-12,2023,864.84,865,910,880.35,848.15,-1.93,0.1803,51.2,0.785,15.35,1.775,130,-1995.1,-100.0,False,363942.8099999998
SUNPHARMA.NS,2023-03-22,2023-04-26,2023,942.6,945,975,955.42,941.82,-0.08,0.117,57.5,0.809,10.42,1.105,191,-1989.72,-100.0,False,361953.08999999985
BHARTIARTL.NS,2023-03-23,2023-04-27,2023,749.58,750,790,763.84,772.11,3.01,0.1986,62.0,0.874,13.84,1.846,144,1191.08,59.77,True,363144.1699999998
TITAN.NS,2023-03-28,2023-05-03,2023,2468.54,2470,2595,2512.77,2620.34,6.15,0.1795,66.6,0.909,42.77,1.733,46,3782.67,192.27,True,366926.8399999998
LT.NS,2023-03-31,2023-05-05,2023,2083.2,2085,2185,2119.01,2288.51,9.86,0.167,51.2,0.907,34.01,1.632,58,3827.68,194.07,True,370754.5199999998
HDFCBANK.NS,2023-03-31,2023-05-05,2023,761.86,760,800,774.18,769.48,1.0,0.1758,56.0,0.856,14.18,1.861,141,-662.45,-33.13,False,370092.0699999998
ICICIBANK.NS,2023-03-31,2023-05-05,2023,856.06,855,905,872.09,904.56,5.67,0.1972,66.2,0.882,17.09,1.997,117,3798.18,189.93,True,373890.24999999977
NIFTY50,2023-04-05,2023-05-09,2023,17557.05,17555,18180,17782.0,18265.95,4.04,0.1242,68.9,0.822,227.0,1.293,8,3183.99,175.33,True,377074.23999999976
AXISBANK.NS,2023-04-13,2023-05-16,2023,861.4,860,900,874.27,914.67,6.18,0.1564,54.7,0.785,14.27,1.656,140,3602.72,180.38,True,380676.95999999973
SBIN.NS,2023-04-17,2023-05-17,2023,505.39,505,535,515.0,544.69,7.78,0.1925,64.6,0.698,10.0,1.98,199,3979.06,199.86,True,384656.0199999997
MARUTI.NS,2023-04-20,2023-05-22,2023,8461.05,8460,8820,8587.32,8890.18,5.07,0.1488,74.9,0.876,127.32,1.505,15,3490.26,182.76,True,388146.27999999974
RELIANCE.NS,2023-05-04,2023-06-02,2023,1112.36,1110,1150,1124.95,1115.63,0.29,0.1142,71.4,0.757,14.95,1.344,133,-1238.93,-62.32,False,386907.34999999974
ICICIBANK.NS,2023-05-08,2023-06-06,2023,915.24,915,950,927.63,919.34,0.45,0.1339,73.9,0.862,12.63,1.38,158,-1309.4,-65.63,False,385597.9499999997
TCS.NS,2023-05-09,2023-06-07,2023,2962.87,2965,3105,3013.25,2955.33,-0.25,0.1685,72.8,0.643,48.25,1.629,41,-1978.39,-100.0,False,383619.5599999997
BHARTIARTL.NS,2023-05-12,2023-06-12,2023,777.46,775,810,788.07,821.05,5.61,0.1555,64.0,0.928,13.07,1.681,153,3355.11,167.76,True,386974.6699999997
NIFTY50,2023-05-16,2023-06-14,2023,18286.5,18285,18835,18476.6,18755.9,2.57,0.083,70.4,0.905,191.6,1.048,10,2793.01,145.77,True,389767.6799999997
AXISBANK.NS,2023-05-17,2023-06-15,2023,911.68,910,955,926.2,973.82,6.82,0.1749,62.2,0.82,16.2,1.777,123,3542.27,177.76,True,393309.9499999997
TITAN.NS,2023-05-19,2023-06-19,2023,2667.34,2665,2785,2707.43,2930.9,9.88,0.1529,61.1,0.917,42.43,1.591,47,3645.67,182.8,True,396955.6199999997
MARUTI.NS,2023-05-23,2023-06-21,2023,8932.95,8935,9270,9054.98,9166.11,2.61,0.1323,70.5,0.901,119.98,1.343,16,1778.07,92.62,True,398733.6899999997
BAJFINANCE.NS,2023-05-24,2023-06-22,2023,664.14,665,705,678.62,688.03,3.6,0.2294,74.5,0.794,13.62,2.05,146,1374.0,69.11,True,400107.6899999997
HDFCBANK.NS,2023-05-25,2023-06-23,2023,770.62,770,815,786.39,786.85,2.11,0.2493,51.0,0.812,16.39,2.127,121,55.66,2.81,True,400163.3499999997
ASIANPAINT.NS,2023-05-26,2023-06-26,2023,3008.43,3010,3145,3056.61,3202.47,6.45,0.156,67.9,0.867,46.61,1.549,42,3712.17,189.61,True,403875.51999999967
SBIN.NS,2023-05-31,2023-06-30,2023,549.16,550,575,558.28,542.53,-1.21,0.1508,66.8,0.945,8.28,1.507,241,-1994.52,-100.0,False,401880.99999999965
LT.NS,2023-06-05,2023-07-05,2023,2183.4,2185,2315,2230.04,2378.32,8.93,0.2324,59.3,0.665,45.04,2.063,44,3738.24,188.63,True,405619.23999999964
RELIANCE.NS,2023-06-05,2023-07-05,2023,1125.65,1125,1175,1142.53,1174.39,4.33,0.1493,55.2,0.949,17.53,1.558,114,3631.19,181.67,True,409250.42999999964
ICICIBANK.NS,2023-06-13,2023-07-13,2023,920.75,920,950,931.2,932.61,1.29,0.1103,52.4,0.899,11.2,1.217,178,250.57,12.57,True,409500.99999999965
SUNPHARMA.NS,2023-06-14,2023-07-14,2023,956.8,955,1010,974.1,1040.44,8.74,0.1951,66.5,0.912,19.1,1.996,104,3733.8,187.99,True,413234.79999999964
BHARTIARTL.NS,2023-06-15,2023-07-17,2023,814.52,815,865,831.72,862.03,5.83,0.2164,55.2,0.877,16.72,2.053,119,3607.37,181.3,True,416842.16999999963
NIFTY50,2023-06-15,2023-07-17,2023,18688.1,18690,19250,18870.2,19711.45,5.48,0.068,60.0,0.82,180.2,0.964,11,4177.82,210.77,True,421019.98999999964
AXISBANK.NS,2023-06-23,2023-07-25,2023,955.13,955,1010,973.57,960.2,0.53,0.1973,53.1,0.933,18.57,1.944,107,-1430.78,-72.02,False,419589.2099999996
HDFCBANK.NS,2023-06-26,2023-07-26,2023,783.05,785,810,793.68,809.45,3.37,0.117,65.8,0.946,8.68,1.109,230,3626.61,181.58,True,423215.8199999996
TITAN.NS,2023-06-27,2023-07-27,2023,2937.91,2940,3050,2978.9,2973.57,1.21,0.132,63.3,0.939,38.9,1.324,51,-271.82,-13.7,False,422943.9999999996
SBIN.NS,2023-07-03,2023-08-01,2023,554.47,555,580,563.53,579.47,4.51,0.1563,55.3,0.881,8.53,1.539,234,3728.65,186.71,True,426672.6499999996
BHARTIARTL.NS,2023-07-24,2023-08-23,2023,871.9,870,905,882.95,856.18,-1.8,0.1334,66.9,0.891,12.95,1.485,154,-1993.61,-100.0,False,424679.03999999963
SUNPHARMA.NS,2023-07-25,2023-08-24,2023,1061.87,1060,1120,1080.84,1088.25,2.48,0.1918,72.4,0.881,20.84,1.963,95,703.87,35.55,True,425382.9099999996
HDFCBANK.NS,2023-07-27,2023-08-28,2023,801.05,800,840,814.25,755.37,-5.7,0.1778,54.4,0.949,14.25,1.779,140,-1994.64,-100.0,False,423388.2699999996
LT.NS,2023-08-14,2023-09-13,2023,2589.48,2590,2740,2640.88,2829.79,9.28,0.2051,72.1,0.932,50.88,1.965,39,3865.53,194.79,True,427253.79999999964
INFY.NS,2023-08-14,2023-09-13,2023,1267.81,1270,1345,1298.72,1363.15,7.52,0.3623,69.4,0.76,28.72,2.266,69,3193.04,161.11,True,430446.8399999996
TCS.NS,2023-08-14,2023-09-13,2023,3144.52,3145,3295,3196.63,3252.08,3.42,0.1642,57.4,0.946,51.63,1.642,38,2106.81,107.38,True,432553.6499999996
AXISBANK.NS,2023-08-23,2023-09-22,2023,976.91,975,1025,992.73,1015.81,3.98,0.1745,65.7,0.785,17.73,1.815,112,2585.33,130.2,True,435138.97999999963
MARUTI.NS,2023-08-23,2023-09-22,2023,9409.27,9410,9735,9527.85,10324.82,9.73,0.12,52.4,0.822,117.85,1.252,16,3314.46,175.78,True,438453.43999999965
NIFTY50,2023-08-24,2023-09-25,2023,19386.7,19385,19970,19580.74,19674.55,1.48,0.0744,50.3,0.927,195.74,1.01,10,938.09,47.92,True,439391.5299999997
BHARTIARTL.NS,2023-08-24,2023-09-25,2023,857.46,855,895,869.29,897.85,4.71,0.1443,51.0,0.928,14.29,1.667,139,3573.39,179.87,True,442964.9199999997
ICICIBANK.NS,2023-08-24,2023-09-25,2023,953.32,955,990,967.13,940.93,-1.3,0.1313,57.8,0.931,12.13,1.272,164,-1989.02,-100.0,False,440975.8999999997
BAJFINANCE.NS,2023-08-24,2023-09-25,2023,701.51,700,735,712.52,768.58,9.56,0.1701,52.0,0.794,12.52,1.784,159,3575.11,179.66,True,444551.00999999966
SBIN.NS,2023-08-28,2023-09-27,2023,542.53,545,575,554.43,558.54,2.95,0.1952,54.5,0.927,9.43,1.739,211,865.83,43.49,True,445416.8399999997
TITAN.NS,2023-08-30,2023-09-29,2023,3052.91,3055,3185,3100.5,3118.88,2.16,0.1527,74.9,0.877,45.5,1.49,43,790.38,40.4,True,446207.2199999997
ASIANPAINT.NS,2023-08-31,2023-10-03,2023,3152.08,3150,3295,3201.01,3065.68,-2.74,0.1579,53.0,0.762,51.01,1.618,39,-1989.33,-100.0,False,444217.88999999966
HDFCBANK.NS,2023-09-07,2023-10-10,2023,771.22,770,795,779.67,730.05,-5.34,0.1152,57.0,0.885,9.67,1.254,206,-1992.44,-100.0,False,442225.44999999966
SUNPHARMA.NS,2023-09-12,2023-10-13,2023,1114.48,1115,1155,1129.38,1114.53,0.0,0.1281,60.5,0.783,14.38,1.29,139,-1998.74,-100.0,False,440226.7099999997
RELIANCE.NS,2023-09-15,2023-10-18,2023,1214.28,1215,1255,1229.47,1148.15,-5.45,0.1164,54.3,0.625,14.47,1.192,138,-1996.98,-100.0,False,438229.7299999997
INFY.NS,2023-09-20,2023-10-20,2023,1355.78,1355,1400,1371.82,1298.47,-4.23,0.1173,71.4,0.711,16.82,1.24,118,-1984.38,-100.0,False,436245.3499999997
MARUTI.NS,2023-09-26,2023-10-27,2023,10345.89,10345,10935,10545.53,10349.86,0.04,0.1991,63.1,0.931,200.53,1.938,9,-1761.02,-97.57,False,434484.32999999967
NIFTY50,2023-09-27,2023-10-30,2023,19716.45,19715,20310,19922.09,19140.9,-2.92,0.0834,54.5,0.94,207.09,1.05,9,-1863.79,-100.0,False,432620.5399999997
BHARTIARTL.NS,2023-10-04,2023-11-03,2023,911.51,910,955,925.99,917.92,0.7,0.1696,66.2,0.937,15.99,1.755,125,-1009.33,-50.49,False,431611.2099999997
ICICIBANK.NS,2023-10-13,2023-11-15,2023,935.96,935,975,949.54,925.92,-1.07,0.1534,50.5,0.917,14.54,1.554,137,-1992.32,-100.0,False,429618.88999999966
SUNPHARMA.NS,2023-10-16,2023-11-16,2023,1104.79,1105,1155,1122.33,1157.59,4.78,0.1561,54.2,0.949,17.33,1.569,115,3756.96,188.5,True,433375.8499999997
LT.NS,2023-10-18,2023-11-20,2023,2964.96,2965,3100,3012.21,3007.02,1.42,0.1598,61.8,0.882,47.21,1.592,42,-218.05,-11.0,False,433157.7999999997
TITAN.NS,2023-10-20,2023-11-22,2023,3235.16,3235,3400,3291.68,3397.26,5.01,0.1767,66.7,0.866,56.68,1.752,35,3695.38,186.29,True,436853.1799999997
SBIN.NS,2023-11-08,2023-12-11,2023,549.59,550,575,558.84,581.74,5.85,0.1734,55.2,0.936,8.84,1.609,226,3652.03,182.79,True,440505.20999999973
AXISBANK.NS,2023-11-10,2023-12-13,2023,1026.74,1025,1090,1047.51,1112.18,8.32,0.2246,65.2,0.88,22.51,2.192,88,3739.48,188.81,True,444244.6899999997
NIFTY50,2023-11-13,2023-12-14,2023,19443.55,19445,20040,19665.7,21182.7,8.94,0.1071,55.7,0.798,220.7,1.135,9,3368.66,169.59,True,447613.3499999997
BHARTIARTL.NS,2023-11-15,2023-12-15,2023,936.9,935,980,950.96,978.87,4.48,0.1573,63.4,0.772,15.96,1.704,125,3488.14,174.83,True,451101.4899999997
RELIANCE.NS,2023-11-15,2023-12-15,2023,1164.19,1165,1220,1184.13,1232.93,5.91,0.1728,66.8,0.852,19.13,1.643,104,3730.59,187.52,True,454832.0799999997
TCS.NS,2023-11-15,2023-12-15,2023,3111.03,3110,3260,3161.97,3528.39,13.42,0.1648,52.0,0.853,51.97,1.67,38,3725.19,188.64,True,458557.2699999997
INFY.NS,2023-11-15,2023-12-15,2023,1299.84,1300,1365,1322.39,1454.56,11.9,0.1752,60.9,0.905,22.39,1.722,89,3792.48,190.34,True,462349.7499999997
MARUTI.NS,2023-11-16,2023-12-18,2023,10275.18,10275,10675,10418.01,10113.58,-1.57,0.1362,53.5,0.646,143.01,1.392,13,-1859.15,-100.0,False,460490.5999999997
ICICIBANK.NS,2023-11-16,2023-12-18,2023,920.91,920,960,934.04,1004.98,9.13,0.1405,64.8,0.925,14.04,1.524,142,3686.59,184.94,True,464177.1899999997
LT.NS,2023-11-21,2023-12-21,2023,2993.44,2995,3150,3047.81,3333.49,11.36,0.1819,70.8,0.679,52.81,1.764,37,3781.19,193.53,True,467958.3799999997
ASIANPAINT.NS,2023-11-21,2023-12-21,2023,3038.45,3040,3210,3097.75,3203.01,5.42,0.1998,69.1,0.915,57.75,1.901,34,3579.01,182.28,True,471537.3899999997
TITAN.NS,2023-11-24,2023-12-27,2023,3364.67,3365,3510,3415.88,3654.19,8.6,0.1502,69.5,0.859,50.88,1.512,39,3670.87,185.01,True,475208.2599999997
SUNPHARMA.NS,2023-11-28,2023-12-28,2023,1159.34,1160,1215,1178.68,1228.24,5.94,0.1608,74.6,0.773,18.68,1.611,107,3886.51,194.47,True,479094.7699999997
BAJFINANCE.NS,2023-12-06,2024-01-05,2023,729.98,730,775,744.92,757.9,3.82,0.2073,58.9,0.695,14.92,2.044,134,1738.59,86.93,True,480833.35999999975
TITAN.NS,2024-01-04,2024-02-06,2024,3684.35,3685,3830,3736.63,3525.33,-4.32,0.1387,68.4,0.937,51.63,1.401,38,-1961.77,-100.0,False,478871.58999999973
ASIANPAINT.NS,2024-01-04,2024-02-06,2024,3277.68,3280,3390,3319.42,2842.27,-13.28,0.1174,74.0,0.901,39.42,1.203,50,-1971.17,-100.0,False,476900.41999999975
AXISBANK.NS,2024-01-05,2024-02-07,2024,1134.23,1135,1185,1152.6,1066.54,-5.97,0.1631,56.5,0.899,17.6,1.552,113,-1989.23,-100.0,False,474911.18999999977
NIFTY50,2024-01-05,2024-02-07,2024,21710.8,21710,22360,21951.31,21930.5,1.01,0.1022,58.6,0.919,241.31,1.111,8,-166.49,-8.62,False,474744.6999999998
SUNPHARMA.NS,2024-01-08,2024-02-08,2024,1270.23,1270,1330,1290.69,1459.31,14.89,0.1594,71.1,0.939,20.69,1.629,96,3773.54,189.96,True,478518.23999999976
BAJFINANCE.NS,2024-01-10,2024-02-12,2024,754.89,755,800,770.93,645.66,-14.47,0.2428,58.4,0.949,15.93,2.11,125,-1991.37,-100.0,False,476526.86999999976
INFY.NS,2024-02-01,2024-03-01,2024,1527.04,1525,1620,1561.5,1524.88,-0.14,0.3393,71.5,0.948,36.5,2.39,54,-1970.94,-100.0,False,474555.92999999976
RELIANCE.NS,2024-02-16,2024-03-19,2024,1443.17,1445,1530,1476.89,1408.27,-2.42,0.317,53.0,0.942,31.89,2.21,62,-1977.09,-100.0,False,472578.83999999973
NIFTY50,2024-02-20,2024-03-21,2024,22196.95,22195,23040,22498.19,22011.95,-0.83,0.1325,66.3,0.934,303.19,1.366,6,-1819.12,-100.0,False,470759.71999999974
TITAN.NS,2024-02-21,2024-03-22,2024,3621.61,3620,3840,3694.46,3671.48,1.38,0.2104,53.9,0.921,74.46,2.056,26,-597.65,-30.87,False,470162.0699999997
LT.NS,2024-02-23,2024-03-27,2024,3298.25,3300,3495,3372.54,3608.27,9.4,0.2957,54.2,0.818,72.54,2.199,27,3306.55,168.83,True,473468.6199999997
BHARTIARTL.NS,2024-02-23,2024-03-27,2024,1110.23,1110,1170,1130.6,1207.91,8.8,0.1895,55.9,0.892,20.6,1.856,97,3821.52,191.22,True,477290.1399999997
AXISBANK.NS,2024-02-27,2024-04-01,2024,1076.47,1075,1140,1098.73,1050.58,-2.4,0.2566,52.4,0.914,23.73,2.205,84,-1993.62,-100.0,False,475296.5199999997
ICICIBANK.NS,2024-02-27,2024-04-01,2024,1043.1,1045,1105,1064.71,1081.92,3.72,0.2012,61.7,0.902,19.71,1.89,101,1737.49,87.27,True,477034.0099999997
SUNPHARMA.NS,2024-02-28,2024-04-02,2024,1540.29,1540,1620,1567.71,1587.66,3.08,0.1843,73.7,0.807,27.71,1.799,72,1436.48,72.0,True,478470.4899999997
SBIN.NS,2024-02-29,2024-04-03,2024,708.51,710,750,724.9,730.24,3.07,0.3022,58.8,0.945,14.9,2.103,134,715.68,35.84,True,479186.1699999997
MARUTI.NS,2024-03-18,2024-04-22,2024,11403.99,11405,12070,11629.78,12530.25,9.88,0.2036,55.0,0.936,224.78,1.971,8,3521.8,195.85,True,482707.9699999997
TITAN.NS,2024-03-27,2024-04-30,2024,3723.68,3725,3945,3803.07,3555.14,-4.53,0.2444,50.8,0.926,78.07,2.097,25,-1951.87,-100.0,False,480756.0999999997
BHARTIARTL.NS,2024-03-28,2024-05-02,2024,1211.66,1210,1285,1235.98,1286.07,6.14,0.2214,59.7,0.85,25.98,2.144,76,3725.28,188.65,True,484481.3799999997
RELIANCE.NS,2024-04-01,2024-05-03,2024,1467.08,1465,1555,1496.42,1416.91,-3.42,0.2233,51.4,0.808,31.42,2.141,63,-1979.26,-100.0,False,482502.1199999997
LT.NS,2024-04-01,2024-05-03,2024,3736.38,3735,3960,3815.84,3407.14,-8.81,0.2529,61.5,0.928,80.84,2.164,24,-1940.19,-100.0,False,480561.9299999997
NIFTY50,2024-04-02,2024-05-06,2024,22453.3,22455,23195,22726.0,22442.7,-0.05,0.1153,53.5,0.902,271.0,1.207,7,-1897.03,-100.0,False,478664.8999999997
ICICIBANK.NS,2024-04-02,2024-05-06,2024,1063.76,1065,1110,1080.73,1127.81,6.02,0.1559,51.8,0.765,15.73,1.479,127,3717.19,186.06,True,482382.0899999997
SBIN.NS,2024-04-04,2024-05-08,2024,719.11,720,760,733.6,767.89,6.78,0.2061,55.5,0.794,13.6,1.891,147,3880.56,194.08,True,486262.6499999997
AXISBANK.NS,2024-04-05,2024-05-09,2024,1056.56,1055,1110,1074.41,1112.98,5.34,0.1816,50.4,0.714,19.41,1.837,103,3665.57,183.33,True,489928.2199999997
SUNPHARMA.NS,2024-04-05,2024-05-09,2024,1574.69,1575,1655,1602.66,1462.78,-7.11,0.1817,60.2,0.941,27.66,1.756,72,-1991.26,-100.0,False,487936.9599999997
TCS.NS,2024-04-10,2024-05-14,2024,3666.75,3665,3885,3742.05,3589.96,-2.09,0.2293,50.8,0.875,77.05,2.101,25,-1926.24,-100.0,False,486010.7199999997
BAJFINANCE.NS,2024-04-15,2024-05-16,2024,695.5,695,735,708.75,663.15,-4.65,0.2016,67.6,0.818,13.75,1.977,145,-1993.95,-100.0,False,484016.76999999967
BHARTIARTL.NS,2024-05-08,2024-06-07,2024,1270.83,1270,1345,1296.79,1405.6,10.6,0.2373,66.4,0.905,26.79,2.108,74,3567.6,179.96,True,487584.36999999965
SUNPHARMA.NS,2024-05-15,2024-06-14,2024,1494.83,1495,1585,1525.96,1483.67,-0.75,0.2241,58.6,0.948,30.96,2.071,64,-1981.7,-100.0,False,485602.66999999963
ICICIBANK.NS,2024-05-15,2024-06-14,2024,1106.22,1105,1175,1128.83,1087.82,-1.66,0.2192,58.8,0.917,23.83,2.154,83,-1977.76,-100.0,False,483624.9099999996
TCS.NS,2024-05-15,2024-06-14,2024,3570.82,3570,3755,3633.83,3551.96,-0.53,0.1811,54.4,0.934,63.83,1.788,31,-1978.73,-100.0,False,481646.17999999964
SBIN.NS,2024-05-24,2024-06-25,2024,797.91,800,845,816.16,811.05,1.65,0.2671,54.8,0.93,16.16,2.025,123,-628.28,-31.61,False,481017.8999999996
LT.NS,2024-05-24,2024-06-25,2024,3529.9,3530,3740,3610.03,3520.26,-0.27,0.3261,58.5,0.95,80.03,2.267,24,-1920.73,-100.0,False,479097.16999999963
TITAN.NS,2024-05-27,2024-06-26,2024,3371.06,3370,3575,3446.98,3340.7,-0.9,0.308,65.3,0.786,76.98,2.284,25,-1924.5,-100.0,False,477172.66999999963
NIFTY50,2024-05-28,2024-06-27,2024,22888.15,22890,23585,23148.25,24044.5,5.05,0.1065,69.9,0.903,258.25,1.128,7,3057.24,169.12,True,480229.9099999996
AXISBANK.NS,2024-05-28,2024-06-27,2024,1180.57,1180,1245,1202.55,1285.86,8.92,0.1975,70.2,0.95,22.55,1.91,88,3735.74,188.27,True,483965.6499999996
RELIANCE.NS,2024-05-29,2024-06-28,2024,1423.61,1425,1495,1449.06,1546.75,8.65,0.1788,56.2,0.942,24.06,1.69,83,3813.32,190.98,True,487778.9699999996
SUNPHARMA.NS,2024-06-19,2024-07-19,2024,1471.93,1470,1560,1501.77,1540.07,4.63,0.2318,55.8,0.787,31.77,2.158,62,2374.85,120.58,True,490153.8199999996
HDFCBANK.NS,2024-06-20,2024-07-22,2024,810.14,810,860,828.83,797.14,-1.61,0.321,71.7,0.912,18.83,2.324,106,-1995.61,-100.0,False,488158.2099999996
ICICIBANK.NS,2024-06-20,2024-07-22,2024,1138.14,1140,1205,1165.29,1221.13,7.29,0.3756,58.3,0.941,25.29,2.222,79,3136.87,156.99,True,491295.0799999996
TCS.NS,2024-06-20,2024-07-22,2024,3510.43,3510,3690,3572.25,3983.21,13.47,0.1809,55.2,0.845,62.25,1.773,32,3768.01,189.16,True,495063.0899999996
BHARTIARTL.NS,2024-06-24,2024-07-24,2024,1400.23,1400,1485,1432.76,1435.14,2.49,0.3537,54.3,0.873,32.76,2.34,61,145.02,7.26,True,495208.10999999964
BAJFINANCE.NS,2024-06-24,2024-07-24,2024,699.54,700,740,715.68,652.65,-6.7,0.3739,56.1,0.814,15.68,2.242,127,-1991.7,-100.0,False,493216.4099999996
INFY.NS,2024-06-24,2024-07-24,2024,1435.49,1435,1520,1465.31,1723.88,20.09,0.2409,73.0,0.863,30.31,2.112,65,3554.61,180.4,True,496771.0199999996
LT.NS,2024-06-26,2024-07-26,2024,3535.13,3535,3745,3620.82,3610.63,2.14,0.5747,69.2,0.688,85.82,2.428,23,-234.26,-11.87,False,496536.7599999996
SBIN.NS,2024-06-27,2024-07-29,2024,812.74,815,860,833.43,839.31,3.27,0.6722,67.1,0.601,18.43,2.268,108,635.49,31.93,True,497172.2499999996
AXISBANK.NS,2024-06-28,2024-07-30,2024,1262.22,1260,1340,1291.84,1168.1,-7.46,0.4323,69.7,0.933,31.84,2.523,62,-1974.21,-100.0,False,495198.0399999996
TITAN.NS,2024-07-01,2024-07-31,2024,3409.96,3410,3615,3483.38,3437.29,0.8,0.2536,51.8,0.845,73.38,2.152,27,-1244.45,-62.81,False,493953.58999999956
MARUTI.NS,2024-07-09,2024-08-08,2024,12571.6,12570,13325,12848.15,12088.02,-3.85,0.2808,68.0,0.894,278.15,2.213,7,-1947.04,-100.0,False,492006.5499999996
ASIANPAINT.NS,2024-07-10,2024-08-09,2024,2933.9,2935,3060,2978.9,2977.13,1.47,0.1511,64.2,0.843,43.9,1.496,45,-79.41,-4.02,False,491927.1399999996
RELIANCE.NS,2024-07-16,2024-08-16,2024,1557.47,1555,1650,1588.25,1460.59,-6.22,0.2216,67.2,0.95,33.25,2.135,60,-1995.0,-100.0,False,489932.1399999996
NIFTY50,2024-07-19,2024-08-20,2024,24530.9,24530,25265,24779.96,24698.85,0.68,0.0774,69.5,0.76,249.96,1.019,8,-648.9,-32.45,False,489283.2399999996
SUNPHARMA.NS,2024-07-22,2024-08-21,2024,1558.43,1560,1625,1582.53,1732.5,11.17,0.1475,68.5,0.898,22.53,1.446,88,3737.25,188.49,True,493020.4899999996
ICICIBANK.NS,2024-07-23,2024-08-22,2024,1206.97,1205,1270,1227.87,1181.98,-2.07,0.1874,65.1,0.799,22.87,1.895,87,-1989.53,-100.0,False,491030.95999999956
BHARTIARTL.NS,2024-07-25,2024-08-26,2024,1429.17,1430,1500,1453.9,1501.0,5.03,0.1706,60.3,0.759,23.9,1.672,83,3826.22,192.88,True,494857.1799999995
SBIN.NS,2024-07-30,2024-08-29,2024,840.47,840,890,857.14,784.33,-6.68,0.2112,54.5,0.907,17.14,2.04,116,-1988.42,-100.0,False,492868.75999999954
LT.NS,2024-08-12,2024-09-11,2024,3504.71,3505,3715,3583.3,3470.37,-0.98,0.2977,52.0,0.876,78.3,2.234,25,-1957.44,-100.0,False,490911.31999999954
HDFCBANK.NS,2024-08-20,2024-09-18,2024,794.78,795,840,810.63,822.49,3.49,0.2141,54.4,0.902,15.63,1.966,127,1507.35,75.96,True,492418.6699999995
TITAN.NS,2024-08-20,2024-09-18,2024,3453.14,3455,3660,3532.05,3702.02,7.21,0.3117,50.9,0.91,77.05,2.231,25,3198.8,166.07,True,495617.4699999995
AXISBANK.NS,2024-08-21,2024-09-19,2024,1172.49,1170,1245,1196.78,1240.68,5.82,0.2474,52.8,0.783,26.78,2.284,74,3248.58,163.91,True,498866.0499999995
INFY.NS,2024-08-22,2024-09-20,2024,1767.4,1765,1875,1804.88,1791.37,1.36,0.2609,54.2,0.891,39.88,2.256,50,-675.28,-33.87,False,498190.7699999995
SUNPHARMA.NS,2024-08-22,2024-09-20,2024,1718.75,1720,1805,1748.94,1831.76,6.57,0.1728,64.6,0.677,28.94,1.684,69,3868.16,193.71,True,502058.92999999947
NIFTY50,2024-08-23,2024-09-23,2024,24823.15,24825,25950,25217.68,25939.05,4.5,0.1585,52.2,0.831,392.68,1.582,5,3606.88,183.71,True,505665.8099999995
ICICIBANK.NS,2024-08-23,2024-09-23,2024,1194.28,1195,1245,1212.74,1311.78,9.84,0.1548,55.9,0.848,17.74,1.485,112,3613.1,181.85,True,509278.90999999945
RELIANCE.NS,2024-08-23,2024-09-23,2024,1487.13,1485,1565,1512.73,1480.59,-0.44,0.1806,51.7,0.688,27.73,1.864,72,-1996.27,-100.0,False,507282.63999999943
ASIANPAINT.NS,2024-08-26,2024-09-24,2024,3105.15,3105,3275,3162.85,3180.59,2.43,0.1894,59.9,0.93,57.85,1.863,34,603.45,30.68,True,507886.08999999944
MARUTI.NS,2024-08-26,2024-09-24,2024,12112.7,12115,12840,12374.44,12602.2,4.04,0.254,52.3,0.59,259.44,2.142,7,1594.35,87.79,True,509480.4399999994
SBIN.NS,2024-09-02,2024-10-01,2024,791.7,790,840,807.46,767.43,-3.07,0.2248,56.6,0.57,17.46,2.205,114,-1990.13,-100.0,False,507490.3099999994
BHARTIARTL.NS,2024-09-03,2024-10-03,2024,1547.66,1550,1620,1574.03,1659.58,7.23,0.1649,72.3,0.914,24.03,1.552,83,3815.77,191.34,True,511306.07999999943
TCS.NS,2024-09-04,2024-10-04,2024,4161.5,4160,4365,4231.32,3950.6,-5.07,0.1717,67.7,0.894,71.32,1.714,28,-1996.93,-100.0,False,509309.14999999944
LT.NS,2024-09-12,2024-10-14,2024,3553.82,3555,3715,3610.43,3488.13,-1.85,0.1562,52.6,0.944,55.43,1.56,36,-1995.62,-100.0,False,507313.52999999945
TITAN.NS,2024-09-19,2024-10-21,2024,3757.28,3755,3965,3827.18,3342.19,-11.05,0.1948,72.1,0.872,72.18,1.921,27,-1948.87,-100.0,False,505364.65999999945
AXISBANK.NS,2024-09-20,2024-10-22,2024,1242.98,1245,1290,1260.99,1173.84,-5.56,0.1375,71.6,0.946,15.99,1.286,125,-1998.45,-100.0,False,503366.20999999944
SUNPHARMA.NS,2024-09-23,2024-10-23,2024,1828.76,1830,1895,1853.14,1805.84,-1.25,0.1247,65.7,0.77,23.14,1.265,86,-1990.19,-100.0,False,501376.01999999944
ASIANPAINT.NS,2024-09-25,2024-10-25,2024,3177.02,3175,3315,3224.55,2896.26,-8.84,0.1512,50.9,0.931,49.55,1.559,40,-1981.82,-100.0,False,499394.19999999943
RELIANCE.NS,2024-09-25,2024-10-25,2024,1481.16,1480,1540,1501.83,1316.48,-11.12,0.1442,50.4,0.819,21.83,1.474,91,-1986.24,-100.0,False,497407.95999999944
NIFTY50,2024-09-25,2024-10-25,2024,26004.15,26005,26785,26293.2,24180.8,-7.01,0.1016,73.4,0.932,288.2,1.108,6,-1729.18,-100.0,False,495678.77999999945
MARUTI.NS,2024-09-25,2024-10-25,2024,12648.4,12650,13095,12811.03,11379.68,-10.03,0.1232,69.8,0.816,161.03,1.273,12,-1932.36,-100.0,False,493746.41999999946
SBIN.NS,2024-10-03,2024-11-01,2024,764.69,765,810,781.05,790.78,3.41,0.2479,53.3,0.943,16.05,2.099,124,1206.97,60.65,True,494953.38999999943
LT.NS,2024-11-14,2024-12-17,2024,3459.87,3460,3665,3536.89,3735.53,7.97,0.3002,67.5,0.802,76.89,2.222,26,3330.83,166.61,True,498284.21999999945
INFY.NS,2024-11-14,2024-12-17,2024,1772.6,1775,1880,1812.92,1879.12,6.01,0.2737,54.4,0.875,37.92,2.139,52,3442.56,174.59,True,501726.77999999945
ICICIBANK.NS,2024-11-26,2024-12-26,2024,1294.96,1295,1375,1322.67,1287.42,-0.58,0.2349,58.4,0.936,27.67,2.137,72,-1992.21,-100.0,False,499734.5699999994
AXISBANK.NS,2024-12-04,2025-01-03,2024,1157.57,1160,1215,1178.81,1083.14,-6.43,0.1799,50.5,0.801,18.81,1.625,106,-1993.94,-100.0,False,497740.6299999994
TITAN.NS,2024-12-05,2025-01-06,2024,3419.51,3420,3625,3493.28,3448.67,0.85,0.253,70.9,0.941,73.28,2.143,27,-1204.47,-60.88,False,496536.15999999945
SBIN.NS,2024-12-06,2025-01-07,2024,831.66,830,880,849.0,749.9,-9.83,0.2931,69.1,0.858,19.0,2.285,105,-1995.14,-100.0,False,494541.01999999944
NIFTY50,2024-12-09,2025-01-08,2024,24619.0,24620,25650,24983.41,23688.95,-3.78,0.1459,73.7,0.907,363.41,1.476,5,-1817.05,-100.0,False,492723.96999999945
SUNPHARMA.NS,2024-12-10,2025-01-09,2024,1776.97,1775,1865,1806.7,1793.08,0.91,0.1773,58.3,0.893,31.7,1.784,63,-858.45,-42.98,False,491865.51999999944
BAJFINANCE.NS,2024-12-12,2025-01-13,2024,703.88,705,745,718.85,706.37,0.35,0.2276,72.8,0.821,13.85,1.968,144,-1798.01,-90.13,False,490067.5099999994
TCS.NS,2024-12-12,2025-01-13,2024,4149.02,4150,4400,4237.9,3996.42,-3.68,0.2418,70.5,0.92,87.9,2.119,22,-1933.91,-100.0,False,488133.59999999945
HDFCBANK.NS,2024-12-16,2025-01-15,2024,905.19,905,945,918.78,797.38,-11.91,0.1443,73.1,0.843,13.78,1.523,145,-1998.46,-100.0,False,486135.13999999943
INFY.NS,2024-12-19,2025-01-20,2024,1850.22,1850,1960,1889.09,1723.88,-6.83,0.2419,69.1,0.831,39.09,2.113,51,-1993.55,-100.0,False,484141.58999999944
BHARTIARTL.NS,2024-12-31,2025-01-29,2024,1574.59,1575,1670,1608.94,1587.18,0.8,0.2561,51.8,0.905,33.94,2.155,58,-1261.96,-64.11,False,482879.6299999994
MARUTI.NS,2025-01-20,2025-02-17,2025,11891.34,11890,12605,12152.06,12626.24,6.18,0.2757,73.5,0.928,262.06,2.204,7,3170.61,172.84,True,486050.2399999994
TCS.NS,2025-01-24,2025-02-21,2025,3938.36,3940,4175,4026.66,3590.89,-8.82,0.287,58.1,0.882,86.66,2.2,23,-1993.15,-100.0,False,484057.0899999994
BHARTIARTL.NS,2025-01-30,2025-02-28,2025,1627.15,1625,1705,1653.41,1557.18,-4.3,0.1719,55.7,0.914,28.41,1.746,70,-1988.8,-100.0,False,482068.2899999994
INFY.NS,2025-02-07,2025-03-11,2025,1809.77,1810,1920,1851.35,1579.66,-12.72,0.3162,65.3,0.945,41.35,2.285,48,-1984.78,-100.0,False,480083.50999999937
ICICIBANK.NS,2025-02-11,2025-03-13,2025,1243.16,1245,1305,1265.49,1240.48,-0.22,0.1763,72.5,0.89,20.49,1.648,97,-1987.13,-100.0,False,478096.37999999936
MARUTI.NS,2025-02-18,2025-03-21,2025,12649.29,12650,13410,12912.01,11607.17,-8.24,0.2243,72.4,0.688,262.01,2.071,7,-1834.07,-100.0,False,476262.30999999936
HDFCBANK.NS,2025-02-18,2025-03-21,2025,836.2,835,875,849.34,859.16,2.75,0.1688,58.7,0.945,14.34,1.715,139,1365.03,68.49,True,477627.3399999994
BAJFINANCE.NS,2025-02-27,2025-04-01,2025,859.92,860,910,878.02,859.2,-0.08,0.2491,59.1,0.865,18.02,2.095,111,-1999.69,-100.0,False,475627.6499999994
SUNPHARMA.NS,2025-03-17,2025-04-21,2025,1683.33,1685,1785,1720.44,1723.43,2.38,0.2525,60.4,0.828,35.44,2.105,56,167.59,8.44,True,475795.2399999994
ICICIBANK.NS,2025-03-17,2025-04-21,2025,1259.28,1260,1320,1280.36,1399.01,11.1,0.1614,65.6,0.803,20.36,1.617,98,3884.6,194.68,True,479679.8399999994
MARUTI.NS,2025-03-24,2025-04-28,2025,11794.59,11795,12405,12004.18,11719.16,-0.64,0.1801,58.2,0.771,209.18,1.774,9,-1882.62,-100.0,False,477797.2199999994
BHARTIARTL.NS,2025-03-27,2025-05-02,2025,1710.4,1710,1815,1748.57,1832.88,7.16,0.2846,73.9,0.855,38.57,2.255,51,3388.16,172.26,True,481185.37999999936
SBIN.NS,2025-03-27,2025-05-02,2025,743.69,745,790,760.44,767.19,3.16,0.241,69.2,0.88,15.44,2.076,129,871.04,43.74,True,482056.41999999934
TITAN.NS,2025-04-28,2025-05-28,2025,3348.01,3350,3550,3420.6,3552.32,6.1,0.2463,74.7,0.884,70.6,2.109,28,3623.31,183.3,True,485679.72999999934
SUNPHARMA.NS,2025-04-29,2025-05-29,2025,1783.29,1785,1890,1824.78,1678.89,-5.85,0.3269,62.1,0.948,39.78,2.23,50,-1988.77,-100.0,False,483690.9599999993
HDFCBANK.NS,2025-05-06,2025-06-04,2025,937.46,935,995,956.06,942.07,0.49,0.2278,73.6,0.936,21.06,2.247,94,-1314.88,-66.41,False,482376.0799999993
NIFTY50,2025-05-08,2025-06-06,2025,24273.8,24275,25630,24735.79,25003.05,3.0,0.1951,72.4,0.889,460.79,1.898,4,1069.03,58.0,True,483445.10999999935
BHARTIARTL.NS,2025-05-08,2025-06-06,2025,1859.36,1860,1970,1900.64,1854.69,-0.25,0.2847,57.7,0.95,40.64,2.185,49,-1991.13,-100.0,False,481453.97999999934
BAJFINANCE.NS,2025-05-16,2025-06-16,2025,906.74,905,960,926.15,932.27,2.82,0.3174,51.7,0.91,21.15,2.333,94,574.84,28.91,True,482028.81999999937
AXISBANK.NS,2025-05-16,2025-06-16,2025,1206.84,1205,1280,1232.68,1213.43,0.55,0.2773,62.7,0.911,27.68,2.294,72,-1386.34,-69.56,False,480642.47999999934
SBIN.NS,2025-05-21,2025-06-19,2025,773.16,775,820,790.16,771.2,-0.25,0.2239,57.5,0.911,15.16,1.96,131,-1985.63,-100.0,False,478656.84999999934
RELIANCE.NS,2025-05-26,2025-06-24,2025,1422.52,1425,1510,1456.05,1438.38,1.12,0.2946,52.8,0.88,31.05,2.182,64,-1130.68,-56.91,False,477526.16999999934
ICICIBANK.NS,2025-05-26,2025-06-24,2025,1449.42,1450,1535,1479.36,1413.2,-2.5,0.2221,57.1,0.795,29.36,2.026,68,-1996.52,-100.0,False,475529.6499999993
TITAN.NS,2025-05-29,2025-06-27,2025,3565.83,3565,3765,3633.3,3643.25,2.17,0.1959,61.4,0.767,68.3,1.916,29,288.29,14.55,True,475817.9399999993
MARUTI.NS,2025-05-29,2025-06-27,2025,12259.31,12260,12995,12510.12,12506.64,2.02,0.2151,54.0,0.705,250.12,2.04,7,-24.36,-1.39,False,475793.5799999993
LT.NS,2025-05-29,2025-06-27,2025,3586.49,3585,3800,3658.24,3643.61,1.59,0.2109,73.7,0.704,73.24,2.042,27,-395.04,-19.98,False,475398.53999999934
HDFCBANK.NS,2025-06-05,2025-07-04,2025,946.15,945,1000,963.58,976.04,3.16,0.1893,55.0,0.768,18.58,1.963,107,1333.32,67.08,True,476731.85999999935
NIFTY50,2025-06-09,2025-07-08,2025,25103.2,25105,25970,25419.54,25522.5,1.67,0.1207,61.0,0.738,314.54,1.253,6,617.74,32.73,True,477349.59999999934
BHARTIARTL.NS,2025-06-09,2025-07-08,2025,1849.64,1850,1950,1883.91,2013.17,8.84,0.1868,70.8,0.657,33.91,1.833,58,3833.26,194.9,True,481182.85999999935
AXISBANK.NS,2025-06-17,2025-07-16,2025,1213.13,1215,1280,1236.9,1167.5,-3.76,0.1946,56.2,0.876,21.9,1.805,91,-1993.13,-100.0,False,479189.72999999934
RELIANCE.NS,2025-06-25,2025-07-24,2025,1454.74,1455,1510,1474.72,1390.89,-4.39,0.1338,59.3,0.921,19.72,1.356,101,-1991.62,-100.0,False,477198.10999999935
ICICIBANK.NS,2025-06-27,2025-07-28,2025,1451.0,1450,1510,1471.35,1477.0,1.79,0.1392,60.9,0.794,21.35,1.471,93,525.87,26.49,True,477723.97999999934
SBIN.NS,2025-06-30,2025-07-29,2025,805.82,805,840,817.29,785.05,-2.58,0.1403,51.9,0.777,12.29,1.525,162,-1991.43,-100.0,False,475732.54999999935
MARUTI.NS,2025-07-02,2025-07-31,2025,12486.85,12485,13100,12697.83,12473.0,-0.11,0.1711,58.6,0.804,212.83,1.704,9,-1915.51,-100.0,False,473817.03999999934
LT.NS,2025-07-08,2025-08-06,2025,3571.52,3570,3735,3627.98,3593.3,0.61,0.1608,50.6,0.815,57.98,1.623,34,-1178.91,-59.81,False,472638.12999999936
BAJFINANCE.NS,2025-07-08,2025-08-06,2025,921.98,920,970,937.64,871.29,-5.5,0.1852,53.3,0.919,17.64,1.913,113,-1993.12,-100.0,False,470645.00999999937
HDFCBANK.NS,2025-07-08,2025-08-06,2025,981.97,980,1020,994.88,976.5,-0.56,0.1422,71.7,0.941,14.88,1.516,134,-1994.36,-100.0,False,468650.6499999994
NIFTY50,2025-07-09,2025-08-07,2025,25476.1,25475,26240,25754.98,24596.15,-3.45,0.0975,71.7,0.644,279.98,1.099,7,-1959.85,-100.0,False,466690.7999999994
SUNPHARMA.NS,2025-07-15,2025-08-13,2025,1711.86,1710,1770,1732.33,1624.96,-5.08,0.12,71.8,0.766,22.33,1.304,89,-1987.35,-100.0,False,464703.44999999943
ICICIBANK.NS,2025-08-04,2025-09-04,2025,1452.0,1450,1505,1470.28,1405.5,-3.2,0.1286,62.5,0.912,20.28,1.397,98,-1987.17,-100.0,False,462716.27999999945
TITAN.NS,2025-08-05,2025-09-05,2025,3407.02,3405,3565,3460.86,3653.31,7.23,0.1596,50.1,0.888,55.86,1.639,35,3644.98,186.44,True,466361.2599999994
HDFCBANK.NS,2025-08-07,2025-09-09,2025,981.47,980,1020,994.32,949.45,-3.26,0.1298,62.7,0.887,14.32,1.459,139,-1990.29,-100.0,False,464370.96999999945
LT.NS,2025-08-13,2025-09-15,2025,3657.97,3660,3875,3734.67,3551.51,-2.91,0.2283,68.1,0.939,74.67,2.041,26,-1941.44,-100.0,False,462429.52999999945
BHARTIARTL.NS,2025-08-21,2025-09-22,2025,1929.9,1930,2045,1968.49,1956.2,1.36,0.2035,53.3,0.921,38.49,1.995,51,-627.0,-31.94,False,461802.52999999945
ASIANPAINT.NS,2025-08-22,2025-09-23,2025,2479.09,2480,2615,2525.81,2422.07,-2.3,0.1907,60.5,0.892,45.81,1.848,43,-1969.66,-100.0,False,459832.8699999995
RELIANCE.NS,2025-08-22,2025-09-23,2025,1402.71,1405,1475,1428.85,1383.4,-1.38,0.1843,56.1,0.946,23.85,1.7,83,-1979.43,-100.0,False,457853.4399999995
SBIN.NS,2025-08-22,2025-09-23,2025,801.8,800,830,811.29,855.19,6.66,0.1246,69.2,0.914,11.29,1.408,177,3312.25,165.8,True,461165.6899999995
BAJFINANCE.NS,2025-09-02,2025-10-01,2025,884.66,885,940,904.51,981.67,10.97,0.2615,54.2,0.85,19.51,2.205,102,3620.27,181.95,True,464785.9599999995
NIFTY50,2025-09-12,2025-10-14,2025,25114.0,25115,25865,25377.44,25145.5,0.13,0.0844,58.6,0.942,262.44,1.045,7,-1623.58,-88.38,False,463162.3799999995
LT.NS,2025-09-16,2025-10-16,2025,3632.32,3630,3780,3683.79,3824.45,5.29,0.1431,68.0,0.936,53.79,1.481,37,3559.74,178.86,True,466722.1199999995
ICICIBANK.NS,2025-09-16,2025-10-16,2025,1421.6,1420,1465,1437.1,1417.3,-0.3,0.1082,52.9,0.891,17.1,1.203,116,-1984.01,-100.0,False,464738.10999999946
HDFCBANK.NS,2025-09-17,2025-10-17,2025,950.77,950,980,961.06,986.24,3.73,0.0993,61.0,0.852,11.06,1.163,180,3409.59,171.3,True,468147.6999999995
MARUTI.NS,2025-09-22,2025-10-23,2025,15816.0,15815,16615,16090.92,16393.0,3.65,0.1767,71.5,0.926,275.92,1.745,7,2114.56,109.48,True,470262.2599999995
BHARTIARTL.NS,2025-09-23,2025-10-24,2025,1938.7,1940,2010,1964.98,2029.3,4.67,0.1284,68.2,0.936,24.98,1.288,80,3601.88,180.26,True,473864.1399999995
RELIANCE.NS,2025-09-24,2025-10-27,2025,1376.64,1375,1425,1393.48,1477.27,7.31,0.123,62.8,0.668,18.48,1.342,108,3404.65,170.63,True,477268.7899999995
BAJFINANCE.NS,2025-10-13,2025-11-13,2025,1030.42,1030,1085,1049.0,999.26,-3.02,0.1874,60.6,0.946,19.0,1.843,105,-1994.5,-100.0,False,475274.2899999995
LT.NS,2025-10-20,2025-11-20,2025,3835.24,3835,4010,3896.2,3998.35,4.25,0.1595,74.1,0.939,61.2,1.596,32,3268.78,166.92,True,478543.06999999954
SUNPHARMA.NS,2025-10-23,2025-11-24,2025,1674.6,1675,1755,1702.92,1764.68,5.38,0.1723,68.6,0.844,27.92,1.667,71,3697.94,186.57,True,482241.00999999954
MARUTI.NS,2025-10-24,2025-11-25,2025,16274.0,16275,16855,16484.75,15889.0,-2.37,0.1247,68.9,0.81,209.75,1.289,9,-1887.78,-100.0,False,480353.2299999995
AXISBANK.NS,2025-11-04,2025-12-04,2025,1225.65,1225,1295,1248.63,1279.01,4.35,0.1911,65.6,0.913,23.63,1.928,84,2552.52,128.62,True,482905.74999999953
INFY.NS,2025-11-12,2025-12-11,2025,1518.83,1520,1610,1550.31,1564.15,2.98,0.2127,74.2,0.879,30.31,1.996,65,899.71,45.67,True,483805.45999999956
TITAN.NS,2025-11-20,2025-12-19,2025,3889.64,3890,4055,3948.25,3917.25,0.71,0.1496,69.1,0.947,58.25,1.497,34,-1054.01,-53.22,False,482751.44999999955
HDFCBANK.NS,2025-11-20,2025-12-19,2025,992.44,990,1025,1003.26,969.47,-2.31,0.1117,57.5,0.928,13.26,1.336,150,-1989.12,-100.0,False,480762.32999999955
ICICIBANK.NS,2025-11-21,2025-12-22,2025,1369.5,1370,1430,1390.67,1368.5,-0.07,0.1483,58.6,0.906,20.67,1.509,96,-1984.53,-100.0,False,478777.7999999995
SBIN.NS,2025-11-21,2025-12-22,2025,955.38,955,990,967.76,957.05,0.17,0.1282,71.4,0.84,12.76,1.336,156,-1670.78,-83.94,False,477107.0199999995
BHARTIARTL.NS,2025-11-21,2025-12-22,2025,2162.7,2165,2290,2209.0,2147.6,-0.7,0.239,66.1,0.914,44.0,2.035,45,-1980.2,-100.0,False,475126.8199999995
LT.NS,2025-11-24,2025-12-23,2025,3974.48,3975,4120,4027.39,4019.54,1.13,0.1296,54.9,0.822,52.39,1.318,38,-298.47,-14.99,False,474828.3499999995
SUNPHARMA.NS,2025-12-02,2026-01-01,2025,1783.21,1785,1845,1806.65,1705.52,-4.36,0.1239,70.6,0.947,21.65,1.214,92,-1992.21,-100.0,False,472836.1399999995
ASIANPAINT.NS,2025-12-03,2026-01-02,2025,2928.1,2930,3105,2993.03,2748.75,-6.12,0.2653,66.2,0.935,63.03,2.153,31,-1954.01,-100.0,False,470882.1299999995
BAJFINANCE.NS,2025-12-04,2026-01-05,2025,1022.81,1025,1085,1047.96,972.77,-4.89,0.3639,53.0,0.942,22.96,2.245,87,-1997.66,-100.0,False,468884.4699999995
AXISBANK.NS,2025-12-05,2026-01-06,2025,1281.51,1280,1330,1298.2,1292.8,0.88,0.1315,62.2,0.918,18.2,1.42,109,-588.38,-29.66,False,468296.0899999995
MARUTI.NS,2025-12-15,2026-01-14,2025,16415.0,16415,17195,16685.72,16152.0,-1.6,0.1657,61.6,0.949,270.72,1.649,7,-1895.04,-100.0,False,466401.0499999995
INFY.NS,2025-12-18,2026-01-19,2025,1592.34,1590,1655,1613.47,1645.59,3.34,0.1341,70.4,0.946,23.47,1.474,85,2730.63,136.9,True,469131.6799999995
RELIANCE.NS,2025-12-22,2026-01-21,2025,1568.15,1570,1620,1588.16,1398.14,-10.84,0.1189,63.7,0.843,18.16,1.158,110,-1997.21,-100.0,False,467134.4699999995
NIFTY50,2025-12-22,2026-01-22,2025,26172.4,26170,26960,26446.42,25289.9,-3.37,0.0846,54.5,0.943,276.42,1.056,7,-1934.96,-100.0,False,465199.5099999995
SBIN.NS,2025-12-23,2026-01-22,2025,954.69,955,995,969.19,1029.79,7.87,0.1517,62.1,0.708,14.19,1.486,140,3613.87,181.96,True,468813.3799999995
TITAN.NS,2025-12-23,2026-01-22,2025,3912.96,3915,4070,3969.8,4005.46,2.36,0.1408,66.3,0.847,54.8,1.401,36,1283.52,65.06,True,470096.8999999995
HDFCBANK.NS,2025-12-24,2026-01-23,2025,980.98,980,1010,991.5,901.19,-8.13,0.1069,50.0,0.76,11.5,1.173,173,-1989.91,-100.0,False,468106.9899999995
LT.NS,2025-12-24,2026-01-23,2025,4014.39,4015,4155,4065.62,3707.59,-7.64,0.1215,60.7,0.809,50.62,1.261,39,-1974.25,-100.0,False,466132.7399999995
TCS.NS,2025-12-24,2026-01-23,2025,3198.6,3200,3315,3241.39,3103.18,-2.98,0.1286,66.8,0.946,41.39,1.294,48,-1986.68,-100.0,False,464146.05999999953
BHARTIARTL.NS,2025-12-30,2026-01-29,2025,2099.8,2100,2200,2134.45,1967.9,-6.28,0.1636,51.8,0.942,34.45,1.641,58,-1998.0,-100.0,False,462148.05999999953
ICICIBANK.NS,2026-01-05,2026-02-04,2026,1371.5,1370,1415,1386.71,1408.4,2.69,0.1058,53.1,0.879,16.71,1.218,119,2581.38,129.83,True,464729.43999999954
ASIANPAINT.NS,2026-01-05,2026-02-04,2026,2791.38,2790,2960,2847.74,2431.6,-12.89,0.2128,56.1,0.919,57.74,2.069,34,-1963.33,-100.0,False,462766.1099999995
SUNPHARMA.NS,2026-01-08,2026-02-09,2026,1744.76,1745,1830,1774.29,1700.14,-2.56,0.1694,54.4,0.911,29.29,1.679,68,-1991.93,-100.0,False,460774.1799999995
SUNPHARMA.NS,2026-02-16,2026-03-18,2026,1696.05,1695,1800,1732.28,1773.65,4.58,0.2489,66.4,0.931,37.28,2.198,53,2192.71,110.98,True,462966.88999999955
AXISBANK.NS,2026-02-17,2026-03-19,2026,1356.15,1355,1440,1387.19,1206.07,-11.07,0.3266,57.3,0.857,32.19,2.374,62,-1995.85,-100.0,False,460971.0399999996
NIFTY50,2026-02-17,2026-03-19,2026,25725.4,25725,26765,26094.1,23002.15,-10.59,0.1407,58.4,0.89,369.1,1.435,5,-1845.49,-100.0,False,459125.5499999996
ICICIBANK.NS,2026-02-17,2026-03-19,2026,1407.5,1410,1485,1434.97,1250.1,-11.18,0.1892,60.4,0.91,24.97,1.774,80,-1997.47,-100.0,False,457128.0799999996
MARUTI.NS,2026-02-17,2026-03-19,2026,15179.0,15180,16090,15498.23,12599.0,-17.0,0.234,56.3,0.902,318.23,2.096,6,-1909.36,-100.0,False,455218.7199999996
RELIANCE.NS,2026-02-18,2026-03-20,2026,1434.67,1435,1515,1462.08,1407.89,-1.87,0.1942,61.4,0.851,27.08,1.888,73,-1977.2,-100.0,False,453241.5199999996
BHARTIARTL.NS,2026-02-18,2026-03-20,2026,2021.8,2020,2110,2052.19,1846.1,-8.69,0.156,62.3,0.947,32.19,1.592,62,-1995.58,-100.0,False,451245.9399999996
TITAN.NS,2026-02-25,2026-03-30,2026,4310.85,4310,4565,4396.27,3938.48,-8.64,0.2052,70.3,0.892,86.27,2.001,23,-1984.23,-100.0,False,449261.7099999996
SBIN.NS,2026-03-02,2026-04-06,2026,1168.83,1170,1240,1196.19,1014.46,-13.21,0.316,63.7,0.93,26.19,2.24,76,-1990.14,-100.0,False,447271.5699999996
SBIN.NS,2026-04-21,2026-05-20,2026,1092.16,1090,1160,1117.02,950.9,-12.93,0.3534,69.8,0.928,27.02,2.474,74,-1999.71,-100.0,False,445271.8599999996
LT.NS,2026-04-23,2026-05-22,2026,4014.89,4015,4255,4110.4,3926.6,-2.2,0.4287,74.0,0.788,95.4,2.376,20,-1907.96,-100.0,False,443363.89999999956
TITAN.NS,2026-04-23,2026-05-22,2026,4441.92,4440,4710,4546.6,4066.46,-8.45,0.4077,71.2,0.904,106.6,2.4,18,-1918.88,-100.0,False,441445.01999999955
AXISBANK.NS,2026-04-27,2026-05-26,2026,1323.18,1325,1405,1355.62,1298.3,-1.88,0.3661,66.5,0.932,30.62,2.314,65,-1990.29,-100.0,False,439454.7299999996
RELIANCE.NS,2026-04-29,2026-05-28,2026,1418.84,1420,1505,1451.41,1344.28,-5.25,0.297,64.0,0.895,31.41,2.214,63,-1978.96,-100.0,False,437475.76999999955
BAJFINANCE.NS,2026-04-30,2026-05-29,2026,931.28,930,985,951.21,902.7,-3.07,0.318,62.0,0.762,21.21,2.277,94,-1993.57,-100.0,False,435482.19999999955
ASIANPAINT.NS,2026-05-06,2026-06-04,2026,2497.33,2495,2645,2550.89,2638.71,5.66,0.2829,61.2,0.829,55.89,2.238,35,3073.57,157.12,True,438555.76999999955
SUNPHARMA.NS,2026-05-12,2026-06-10,2026,1840.88,1840,1950,1881.88,1781.73,-3.21,0.3181,72.8,0.847,41.88,2.275,47,-1968.38,-100.0,False,436587.38999999955
LT.NS,2026-05-25,2026-06-23,2026,4033.4,4035,4270,4114.45,4179.4,3.62,0.2066,51.7,0.708,79.45,1.97,25,1623.83,81.76,True,438211.21999999956
AXISBANK.NS,2026-05-27,2026-06-25,2026,1303.09,1305,1380,1329.98,1376.14,5.61,0.2054,53.7,0.763,24.98,1.917,80,3692.33,184.73,True,441903.5499999996
TITAN.NS,2026-06-04,2026-07-03,2026,4217.16,4215,4470,4315.04,4446.51,5.44,0.3846,55.3,0.785,100.04,2.372,19,2497.97,131.42,True,444401.51999999955
SBIN.NS,2026-06-04,2026-07-03,2026,979.25,980,1040,1002.54,1040.0,6.2,0.3291,58.2,0.672,22.54,2.302,88,3296.38,166.18,True,447697.89999999956
ASIANPAINT.NS,2026-06-05,2026-07-06,2026,2663.59,2665,2825,2719.02,2754.9,3.43,0.2155,67.7,0.917,54.02,2.028,37,1327.69,66.43,True,449025.58999999956
SUNPHARMA.NS,2026-06-18,2026-07-17,2026,1820.03,1820,1895,1846.38,1932.6,6.19,0.1407,63.1,0.636,26.38,1.449,75,3646.55,184.31,True,452672.13999999955
