Ticker,Entry_Date,Exit_Date,S_entry,K1_Long,K2_Short,Breakeven,S_expiry,Move_%,HV20,VolPotential,VectorScore,Debit/unit,Debit_%S,Units,PnL_Total,Return_%,Win,CumPnL,SqueezeBucket
APOLLO.NS,2021-10-04,2021-11-03,12.48,10,15,12.49,11.67,-6.47,0.4486,0.865,4,2.49,19.94,803,-656.24,-32.84,False,99343.76,0.80-0.88
APARINDS.NS,2021-10-05,2021-11-04,641.79,640,695,658.46,670.02,4.4,0.2989,0.595,5,18.46,2.876,108,1248.64,62.63,True,100592.4,<0.70
APARINDS.NS,2021-10-06,2021-11-08,635.32,635,685,652.02,653.61,2.88,0.3016,0.62,5,17.02,2.679,117,186.34,9.36,True,100778.74,<0.70
APARINDS.NS,2021-10-11,2021-11-11,686.24,685,740,704.64,704.09,2.6,0.3484,0.744,5,19.64,2.862,101,-55.29,-2.79,False,100723.45,0.70-0.80
ABREL.NS,2021-10-11,2021-11-11,929.62,930,1005,956.03,854.13,-8.12,0.3433,0.862,5,26.03,2.8,76,-1978.38,-100.0,False,98745.07,0.80-0.88
AJMERA.NS,2021-10-11,2021-11-11,71.82,70,80,73.77,67.94,-5.4,0.5424,0.821,4,3.77,5.249,530,-1997.71,-100.0,False,96747.36,0.80-0.88
ABCAPITAL.NS,2021-10-11,2021-11-11,109.1,110,120,112.77,108.25,-0.78,0.2862,0.7,4,2.77,2.542,721,-1999.26,-100.0,False,94748.1,<0.70
APOLLO.NS,2021-10-12,2021-11-12,12.38,10,15,12.42,11.84,-4.35,0.3233,0.842,4,2.42,19.588,824,-481.52,-24.1,False,94266.58,0.80-0.88
APOLLO.NS,2021-10-22,2021-11-24,11.72,10,15,11.78,11.3,-3.53,0.285,0.773,4,1.78,15.159,1126,-533.53,-26.68,False,93733.05,0.70-0.80
APOLLO.NS,2021-10-27,2021-11-29,11.82,10,15,11.88,10.84,-8.31,0.298,0.792,4,1.88,15.905,1063,-1106.94,-55.39,False,92626.11,0.70-0.80
APOLLO.NS,2021-11-02,2021-12-03,11.64,10,15,11.7,11.01,-5.44,0.2443,0.834,4,1.7,14.582,1178,-812.05,-40.61,False,91814.06,0.80-0.88
TCS.NS,2021-11-12,2021-12-14,3068.95,3070,3210,3118.54,3154.03,2.77,0.1596,0.733,4,48.54,1.582,41,1455.07,73.11,True,93269.13,0.70-0.80
TCS.NS,2021-11-15,2021-12-15,3092.67,3095,3235,3143.28,3107.51,0.48,0.1596,0.703,4,48.28,1.561,41,-1466.74,-74.09,False,91802.39,0.70-0.80
TCS.NS,2021-11-16,2021-12-16,3095.37,3095,3235,3143.74,3117.3,0.71,0.1548,0.647,4,48.74,1.575,41,-1084.01,-54.25,False,90718.38,<0.70
BAJFINANCE.NS,2021-11-17,2021-12-17,741.86,740,795,758.49,672.96,-9.29,0.2476,0.746,4,18.49,2.492,108,-1996.53,-100.0,False,88721.85,0.70-0.80
TITAN.NS,2021-11-17,2021-12-17,2458.91,2460,2655,2525.06,2243.5,-8.76,0.2966,0.839,4,65.06,2.646,30,-1951.83,-100.0,False,86770.02,0.80-0.88
BAJFINANCE.NS,2021-11-18,2021-12-20,729.9,730,785,747.81,646.93,-11.37,0.253,0.821,4,17.81,2.439,112,-1994.17,-100.0,False,84775.85,0.80-0.88
ANGELONE.NS,2021-11-24,2021-12-23,107.93,110,115,111.87,106.98,-0.88,0.5206,0.783,4,1.87,1.734,1068,-1999.12,-100.0,False,82776.73,0.70-0.80
TCS.NS,2021-11-25,2021-12-24,2999.19,3000,3120,3042.72,3195.02,6.53,0.1432,0.798,4,42.72,1.424,46,3554.73,180.88,True,86331.45999999999,0.70-0.80
TCS.NS,2021-11-26,2021-12-27,3000.02,3000,3125,3043.95,3216.96,7.23,0.1429,0.802,4,43.95,1.465,45,3647.45,184.44,True,89978.91,0.80-0.88
ANGELONE.NS,2021-12-13,2022-01-11,103.13,105,110,106.94,115.02,11.54,0.6891,0.71,4,1.94,1.878,1032,3161.21,158.16,True,93140.12,0.70-0.80
AJMERA.NS,2021-12-13,2022-01-11,57.88,60,65,61.33,69.8,20.59,0.4369,0.802,4,1.33,2.3,1502,5510.3,275.56,True,98650.42,0.80-0.88
ANGELONE.NS,2021-12-14,2022-01-12,106.71,105,115,109.1,114.29,7.1,0.702,0.693,5,4.1,3.844,487,2526.12,126.46,True,101176.54,<0.70
APARINDS.NS,2021-12-14,2022-01-12,698.83,700,755,720.12,736.0,5.32,0.429,0.869,5,20.12,2.879,99,1571.57,78.89,True,102748.11,0.80-0.88
TITAN.NS,2021-12-14,2022-01-12,2316.74,2315,2500,2375.78,2570.67,10.96,0.2746,0.839,4,60.78,2.623,32,3975.05,204.38,True,106723.16,0.80-0.88
ANGELONE.NS,2021-12-15,2022-01-13,106.54,105,115,109.07,117.76,10.53,0.7012,0.703,4,4.07,3.821,491,2910.96,145.62,True,109634.12,0.70-0.80
APARINDS.NS,2021-12-16,2022-01-14,710.27,710,765,730.48,769.01,8.27,0.4214,0.878,4,20.48,2.883,97,3348.9,168.62,True,112983.02,0.80-0.88
ABREL.NS,2021-12-16,2022-01-14,861.37,860,930,886.88,976.84,13.41,0.5235,0.83,5,26.88,3.12,74,3191.03,160.44,True,116174.05,0.80-0.88
TITAN.NS,2021-12-16,2022-01-14,2319.11,2320,2505,2380.56,2550.8,9.99,0.2825,0.752,4,60.56,2.611,33,4106.63,205.5,True,120280.68,0.70-0.80
TITAN.NS,2021-12-17,2022-01-17,2243.5,2245,2425,2304.96,2555.52,13.91,0.3019,0.813,5,59.96,2.672,33,3961.47,200.22,True,124242.15,0.80-0.88
ANGELONE.NS,2021-12-21,2022-01-19,107.79,110,115,111.92,129.81,20.43,0.6668,0.767,5,1.92,1.78,1042,3210.94,160.62,True,127453.09,0.70-0.80
ANGELONE.NS,2021-12-22,2022-01-20,108.05,110,115,111.92,135.95,25.82,0.5891,0.75,5,1.92,1.775,1042,3211.26,160.66,True,130664.35,0.70-0.80
AJMERA.NS,2021-12-22,2022-01-20,51.99,50,55,52.3,84.2,61.97,0.4231,0.75,4,2.3,4.431,868,2340.43,117.05,True,133004.78,0.70-0.80
TITAN.NS,2021-12-22,2022-01-20,2262.54,2265,2445,2324.58,2522.81,11.5,0.2976,0.872,4,59.58,2.633,33,3973.86,202.11,True,136978.64,0.80-0.88
TITAN.NS,2021-12-23,2022-01-21,2292.2,2290,2475,2352.49,2487.24,8.51,0.2997,0.832,4,62.49,2.726,32,3920.17,196.03,True,140898.81,0.80-0.88
ANGELONE.NS,2021-12-24,2022-01-24,106.1,105,115,108.91,123.59,16.49,0.5388,0.841,4,3.91,3.689,510,3103.84,155.49,True,144002.65,0.80-0.88
RELIANCE.NS,2021-12-27,2022-01-25,1073.53,1075,1160,1102.27,1074.89,0.13,0.2744,0.853,4,27.27,2.54,73,-1990.38,-100.0,False,142012.27,0.80-0.88
ANGELONE.NS,2021-12-27,2022-01-25,104.44,105,115,108.41,130.16,24.62,0.4666,0.848,4,3.41,3.267,586,3860.79,193.12,True,145873.06,0.80-0.88
TITAN.NS,2021-12-27,2022-01-25,2293.58,2295,2455,2347.97,2338.04,1.94,0.2482,0.811,4,52.97,2.31,37,-367.41,-18.74,False,145505.65,0.80-0.88
RELIANCE.NS,2021-12-28,2022-01-27,1086.28,1085,1170,1113.31,1058.97,-2.51,0.2734,0.849,4,28.31,2.606,70,-1981.37,-100.0,False,143524.28,0.80-0.88
ANGELONE.NS,2021-12-30,2022-01-31,108.95,110,120,113.05,128.15,17.62,0.3598,0.88,4,3.05,2.798,656,4560.02,228.0,True,148084.3,0.80-0.88
TCS.NS,2021-12-31,2022-02-01,3253.73,3255,3410,3308.57,3313.77,1.85,0.1682,0.83,4,53.57,1.646,37,192.47,9.71,True,148276.77,0.80-0.88
TITAN.NS,2021-12-31,2022-02-01,2481.58,2480,2675,2544.39,2392.45,-3.59,0.2739,0.878,5,64.39,2.595,31,-1996.24,-100.0,False,146280.53,0.80-0.88
ANGELONE.NS,2021-12-31,2022-02-01,108.09,110,115,111.74,127.41,17.87,0.3595,0.833,4,1.74,1.613,1147,3735.7,186.85,True,150016.22999999998,0.80-0.88
RELIANCE.NS,2022-01-03,2022-02-02,1088.75,1090,1165,1114.34,1079.55,-0.84,0.2365,0.712,4,24.34,2.236,82,-1996.11,-100.0,False,148020.12,0.70-0.80
TCS.NS,2022-01-03,2022-02-02,3322.84,3325,3455,3370.99,3362.2,1.18,0.1399,0.825,5,45.99,1.384,43,-378.01,-19.11,False,147642.11,0.80-0.88
TITAN.NS,2022-01-03,2022-02-02,2483.01,2485,2670,2545.43,2424.13,-2.37,0.2617,0.831,4,60.43,2.434,33,-1994.34,-100.0,False,145647.77,0.80-0.88
ANGELONE.NS,2022-01-03,2022-02-02,111.25,110,120,113.76,129.56,16.46,0.355,0.796,4,3.76,3.376,532,3321.78,166.24,True,148969.55,0.70-0.80
BAJFINANCE.NS,2022-01-03,2022-02-02,704.02,705,760,724.38,706.74,0.39,0.3598,0.832,4,19.38,2.753,103,-1817.67,-91.04,False,147151.88,0.80-0.88
ANGELONE.NS,2022-01-04,2022-02-03,111.5,110,120,113.84,128.88,15.59,0.3548,0.743,5,3.84,3.442,521,3210.72,160.59,True,150362.59999999998,0.70-0.80
TCS.NS,2022-01-04,2022-02-03,3381.15,3380,3520,3429.9,3334.65,-1.38,0.1441,0.814,5,49.9,1.476,40,-1995.9,-100.0,False,148366.69999999998,0.80-0.88
RELIANCE.NS,2022-01-04,2022-02-03,1113.32,1115,1190,1139.88,1065.6,-4.29,0.2474,0.693,4,24.88,2.235,80,-1990.5,-100.0,False,146376.19999999998,<0.70
BAJFINANCE.NS,2022-01-04,2022-02-03,716.05,715,775,736.14,693.4,-3.16,0.3569,0.815,4,21.14,2.952,94,-1987.06,-100.0,False,144389.13999999998,0.80-0.88
ABREL.NS,2022-01-05,2022-02-04,898.84,900,970,926.49,868.11,-3.42,0.501,0.837,4,26.49,2.948,75,-1987.03,-100.0,False,142402.11,0.80-0.88
BHARTIARTL.NS,2022-01-06,2022-02-07,694.32,695,730,707.11,690.5,-0.55,0.1885,0.64,5,12.11,1.744,165,-1997.88,-100.0,False,140404.22999999998,<0.70
ANGELONE.NS,2022-01-07,2022-02-08,112.62,115,120,116.73,123.69,9.83,0.3798,0.811,4,1.73,1.535,1156,3781.49,189.21,True,144185.72,0.80-0.88
ABB.NS,2022-01-10,2022-02-09,2230.41,2230,2410,2289.66,2191.4,-1.75,0.2911,0.672,5,59.66,2.675,33,-1968.75,-100.0,False,142216.97,<0.70
ABREL.NS,2022-01-11,2022-02-10,981.03,980,1060,1010.56,854.33,-12.92,0.5199,0.879,5,30.56,3.115,65,-1986.27,-100.0,False,140230.7,0.80-0.88
ABB.NS,2022-01-11,2022-02-10,2287.67,2290,2470,2350.05,2188.46,-4.34,0.2995,0.695,4,60.05,2.625,33,-1981.68,-100.0,False,138249.02,<0.70
RELIANCE.NS,2022-01-12,2022-02-11,1141.85,1140,1225,1168.28,1076.31,-5.74,0.2508,0.833,4,28.28,2.477,70,-1979.87,-100.0,False,136269.15,0.80-0.88
BHARTIARTL.NS,2022-01-12,2022-02-11,713.67,715,755,728.59,698.96,-2.06,0.214,0.832,5,13.59,1.904,147,-1997.67,-100.0,False,134271.47999999998,0.80-0.88
ANANTRAJ.NS,2022-01-12,2022-02-11,78.47,80,85,81.75,71.03,-9.48,0.4962,0.834,4,1.75,2.227,1144,-1998.87,-100.0,False,132272.61,0.80-0.88
RELIANCE.NS,2022-01-13,2022-02-14,1148.28,1150,1230,1176.18,1059.17,-7.76,0.2483,0.793,4,26.18,2.28,76,-1989.47,-100.0,False,130283.14,0.70-0.80
BHARTIARTL.NS,2022-01-13,2022-02-14,715.23,715,760,729.97,674.09,-5.75,0.2114,0.824,4,14.97,2.094,133,-1991.47,-100.0,False,128291.67,0.80-0.88
RELIANCE.NS,2022-01-14,2022-02-15,1149.96,1150,1225,1174.86,1095.13,-4.77,0.2229,0.827,5,24.86,2.162,80,-1988.82,-100.0,False,126302.84999999999,0.80-0.88
ABB.NS,2022-01-14,2022-02-15,2289.72,2290,2475,2351.03,2000.57,-12.63,0.2908,0.727,4,61.03,2.666,32,-1953.07,-100.0,False,124349.78,0.70-0.80
BAJFINANCE.NS,2022-01-17,2022-02-16,765.75,765,820,783.14,689.3,-9.98,0.2392,0.855,4,18.14,2.369,110,-1995.25,-100.0,False,122354.53,0.80-0.88
ABB.NS,2022-01-20,2022-02-21,2336.36,2335,2475,2382.66,2054.59,-12.06,0.2086,0.776,4,47.66,2.04,41,-1954.02,-100.0,False,120400.51,0.70-0.80
ABREL.NS,2022-02-10,2022-03-14,854.33,855,925,879.66,752.0,-11.98,0.3749,0.77,4,24.66,2.887,81,-1997.78,-100.0,False,118402.73,0.70-0.80
ABREL.NS,2022-02-15,2022-03-17,799.76,800,865,823.76,809.02,1.16,0.425,0.857,4,23.76,2.971,84,-1238.11,-62.03,False,117164.62,0.80-0.88
APOLLO.NS,2022-02-21,2022-03-24,13.03,15,20,15.11,12.16,-6.65,0.4157,0.819,4,0.11,0.814,18862,-1999.92,-100.0,False,115164.7,0.80-0.88
APARINDS.NS,2022-02-28,2022-03-31,607.18,605,655,624.03,626.68,3.21,0.4601,0.82,4,19.03,3.134,105,278.63,13.95,True,115443.32999999999,0.80-0.88
APARINDS.NS,2022-03-02,2022-04-01,602.74,605,650,621.68,653.03,8.34,0.4601,0.755,4,16.68,2.767,119,3370.34,169.82,True,118813.67,0.70-0.80
ABB.NS,2022-03-02,2022-04-01,2130.96,2130,2300,2188.86,2067.5,-2.98,0.3253,0.855,4,58.86,2.762,33,-1942.43,-100.0,False,116871.23999999999,0.80-0.88
APARINDS.NS,2022-03-03,2022-04-04,617.27,615,665,634.19,661.29,7.13,0.4698,0.81,4,19.19,3.109,104,2818.11,141.21,True,119689.34999999999,0.80-0.88
ANANDRATHI.NS,2022-03-08,2022-04-07,140.31,140,150,143.69,146.59,4.48,0.328,0.736,4,3.69,2.626,542,1576.17,78.91,True,121265.51999999999,0.70-0.80
APARINDS.NS,2022-03-09,2022-04-08,622.1,620,670,639.34,644.73,3.64,0.4967,0.807,4,19.34,3.109,103,555.58,27.89,True,121821.1,0.80-0.88
APOLLO.NS,2022-03-09,2022-04-08,11.98,10,15,12.06,14.53,21.25,0.4985,0.818,4,2.06,17.16,972,2405.49,120.33,True,124226.59,0.80-0.88
APARINDS.NS,2022-03-10,2022-04-11,623.64,625,675,643.65,646.32,3.64,0.4965,0.787,4,18.65,2.99,107,286.62,14.37,True,124513.20999999999,0.70-0.80
ABB.NS,2022-03-10,2022-04-11,2110.18,2110,2280,2167.36,2165.78,2.63,0.3073,0.879,4,57.36,2.718,34,-53.93,-2.77,False,124459.28,0.80-0.88
ABB.NS,2022-03-11,2022-04-12,2073.03,2075,2240,2130.6,2157.66,4.08,0.3124,0.837,4,55.6,2.682,35,947.02,48.66,True,125406.29999999999,0.80-0.88
APOLLO.NS,2022-03-11,2022-04-12,12.14,10,15,12.19,14.62,20.44,0.4845,0.848,4,2.19,18.023,914,2223.97,111.21,True,127630.26999999999,0.80-0.88
APARINDS.NS,2022-03-14,2022-04-13,624.12,625,675,643.8,658.29,5.47,0.5054,0.747,4,18.8,3.013,106,1536.15,77.08,True,129166.42,0.70-0.80
ANGELONE.NS,2022-03-15,2022-04-18,123.97,125,135,128.57,152.62,23.1,0.4934,0.852,5,3.57,2.877,560,3602.69,180.38,True,132769.11,0.80-0.88
AJMERA.NS,2022-03-15,2022-04-18,64.63,65,70,66.83,74.57,15.38,0.4824,0.792,4,1.83,2.827,1094,3471.23,173.67,True,136240.34,0.70-0.80
ABCAPITAL.NS,2022-03-15,2022-04-18,104.7,105,115,108.47,114.65,9.5,0.4612,0.738,4,3.47,3.312,576,3560.83,178.26,True,139801.17,0.70-0.80
ABB.NS,2022-03-16,2022-04-19,2142.45,2140,2315,2199.19,2104.56,-1.77,0.3037,0.805,4,59.19,2.763,33,-1953.33,-100.0,False,137847.84,0.80-0.88
AJMERA.NS,2022-03-17,2022-04-20,68.8,70,75,71.73,71.55,4.0,0.5058,0.762,4,1.73,2.512,1157,-202.86,-10.15,False,137644.98,0.70-0.80
APARINDS.NS,2022-03-17,2022-04-20,643.28,645,695,663.69,649.75,1.01,0.4894,0.81,4,18.69,2.905,107,-1491.06,-74.57,False,136153.92,0.80-0.88
APOLLO.NS,2022-03-23,2022-04-25,12.29,10,15,12.33,13.94,13.46,0.4268,0.837,4,2.33,18.923,860,1391.4,69.57,True,137545.32,0.80-0.88
APARINDS.NS,2022-03-23,2022-04-25,632.67,635,685,653.26,654.38,3.43,0.4603,0.764,4,18.26,2.886,109,122.92,6.18,True,137668.24,0.70-0.80
ABCAPITAL.NS,2022-03-23,2022-04-25,109.4,110,120,113.42,115.75,5.8,0.4461,0.667,4,3.42,3.125,584,1361.28,68.18,True,139029.52000000002,<0.70
ANANDRATHI.NS,2022-03-23,2022-04-25,141.44,140,150,143.72,154.3,9.09,0.2207,0.722,4,3.72,2.63,537,3372.59,168.85,True,142402.11,0.70-0.80
TCS.NS,2022-03-24,2022-04-26,3269.47,3270,3530,3355.56,3092.0,-5.43,0.2834,0.817,4,85.56,2.617,23,-1967.94,-100.0,False,140434.16999999998,0.80-0.88
BHARTIARTL.NS,2022-03-28,2022-04-28,716.45,715,770,733.59,730.43,1.95,0.2695,0.801,4,18.59,2.595,107,-338.36,-17.01,False,140095.81,0.80-0.88
APOLLO.NS,2022-03-28,2022-04-28,12.06,10,15,12.12,13.54,12.27,0.3675,0.782,4,2.12,17.585,942,1340.54,67.07,True,141436.35,0.70-0.80
BHARTIARTL.NS,2022-03-29,2022-04-29,737.86,740,795,757.75,722.27,-2.11,0.2733,0.851,5,17.75,2.406,112,-1988.41,-100.0,False,139447.94,0.80-0.88
BAJFINANCE.NS,2022-03-29,2022-04-29,686.44,685,740,705.07,650.6,-5.22,0.3764,0.712,4,20.07,2.924,99,-1986.99,-100.0,False,137460.95,0.70-0.80
APARINDS.NS,2022-03-29,2022-04-29,621.33,620,670,638.07,646.47,4.05,0.3632,0.775,4,18.07,2.909,110,923.75,46.47,True,138384.7,0.70-0.80
ANANDRATHI.NS,2022-03-30,2022-05-02,145.8,145,155,148.46,155.63,6.74,0.2091,0.669,5,3.46,2.373,578,3780.55,189.08,True,142165.25,<0.70
APARINDS.NS,2022-03-30,2022-05-02,640.15,640,690,658.0,636.33,-0.6,0.3681,0.786,4,18.0,2.812,111,-1997.83,-100.0,False,140167.41999999998,0.70-0.80
BAJFINANCE.NS,2022-03-30,2022-05-02,707.17,705,765,726.83,646.15,-8.63,0.3904,0.743,4,21.83,3.087,91,-1986.41,-100.0,False,138181.01,0.70-0.80
ANANTRAJ.NS,2022-03-30,2022-05-02,63.59,65,70,66.41,59.57,-6.32,0.355,0.611,4,1.41,2.224,1414,-1999.49,-100.0,False,136181.52,<0.70
ANANTRAJ.NS,2022-03-31,2022-05-04,65.37,65,70,66.88,58.38,-10.7,0.3402,0.666,4,1.88,2.871,1065,-1999.07,-100.0,False,134182.45,<0.70
ABB.NS,2022-03-31,2022-05-04,2110.18,2110,2280,2168.79,1974.78,-6.42,0.3326,0.856,4,58.79,2.786,34,-1999.01,-100.0,False,132183.44,0.80-0.88
BAJFINANCE.NS,2022-03-31,2022-05-04,707.96,710,765,729.4,618.22,-12.68,0.3777,0.725,4,19.4,2.74,103,-1998.26,-100.0,False,130185.18,0.70-0.80
ANANDRATHI.NS,2022-03-31,2022-05-04,145.75,145,155,148.43,154.51,6.01,0.2065,0.661,4,3.43,2.351,583,3549.38,177.7,True,133734.56,<0.70
APARINDS.NS,2022-03-31,2022-05-04,626.68,625,675,643.37,624.8,-0.3,0.3763,0.782,4,18.37,2.931,108,-1983.57,-100.0,False,131750.99,0.70-0.80
APOLLO.NS,2022-04-01,2022-05-05,12.41,10,15,12.44,12.56,1.2,0.3964,0.685,5,2.44,19.664,819,96.59,4.83,True,131847.58,<0.70
TCS.NS,2022-04-01,2022-05-05,3277.23,3275,3455,3336.87,3063.31,-6.53,0.1894,0.738,4,61.87,1.888,32,-1979.97,-100.0,False,129867.61,0.70-0.80
APARINDS.NS,2022-04-01,2022-05-05,653.03,655,705,672.9,630.54,-3.44,0.3943,0.788,4,17.9,2.74,111,-1986.44,-100.0,False,127881.17,0.70-0.80
TITAN.NS,2022-04-01,2022-05-05,2480.06,2480,2680,2549.86,2225.4,-10.27,0.3455,0.839,4,69.86,2.817,28,-1956.09,-100.0,False,125925.08,0.80-0.88
ABCAPITAL.NS,2022-04-01,2022-05-05,111.9,110,120,113.87,110.9,-0.89,0.3002,0.681,4,3.87,3.455,517,-1533.27,-76.72,False,124391.81,<0.70
BAJFINANCE.NS,2022-04-01,2022-05-05,722.4,720,780,741.88,615.27,-14.83,0.3779,0.73,4,21.88,3.029,91,-1991.24,-100.0,False,122400.56999999999,0.70-0.80
ANANTRAJ.NS,2022-04-01,2022-05-05,65.32,65,70,66.86,57.54,-11.92,0.3397,0.682,4,1.86,2.851,1074,-1999.98,-100.0,False,120400.59,<0.70
AJMERA.NS,2022-04-04,2022-05-06,69.72,70,75,71.86,60.84,-12.73,0.4534,0.684,4,1.86,2.674,1072,-1998.31,-100.0,False,118402.28,<0.70
TCS.NS,2022-04-04,2022-05-06,3287.35,3285,3465,3346.7,2992.87,-8.96,0.1866,0.677,4,61.7,1.877,32,-1974.31,-100.0,False,116427.97,<0.70
BAJFINANCE.NS,2022-04-04,2022-05-06,730.45,730,790,751.06,585.12,-19.9,0.353,0.761,4,21.06,2.883,94,-1979.68,-100.0,False,114448.29,0.70-0.80
APARINDS.NS,2022-04-04,2022-05-06,661.29,660,715,679.63,622.97,-5.79,0.3649,0.766,4,19.63,2.969,101,-1982.8,-100.0,False,112465.48999999999,0.70-0.80
APOLLO.NS,2022-04-04,2022-05-06,13.03,15,20,15.09,12.44,-4.48,0.391,0.714,5,0.09,0.657,23357,-1999.97,-100.0,False,110465.51999999999,0.70-0.80
ABCAPITAL.NS,2022-04-04,2022-05-06,113.9,115,125,117.87,106.7,-6.32,0.3036,0.675,4,2.87,2.522,696,-1999.03,-100.0,False,108466.48999999999,<0.70
APOLLO.NS,2022-04-05,2022-05-09,13.48,15,20,15.13,12.26,-9.06,0.3621,0.759,5,0.13,0.948,15651,-1999.91,-100.0,False,106466.57999999999,0.70-0.80
ANANDRATHI.NS,2022-04-05,2022-05-09,147.19,145,155,149.0,150.39,2.17,0.2014,0.648,4,4.0,2.721,499,691.86,34.62,True,107158.43999999999,<0.70
TCS.NS,2022-04-05,2022-05-09,3326.1,3325,3500,3384.99,3003.76,-9.69,0.1805,0.658,4,59.99,1.804,33,-1979.78,-100.0,False,105178.65999999999,<0.70
AJMERA.NS,2022-04-05,2022-05-09,73.21,75,80,76.59,57.78,-21.08,0.4384,0.716,5,1.59,2.175,1255,-1998.52,-100.0,False,103180.14,0.70-0.80
RELIANCE.NS,2022-04-08,2022-05-12,1184.67,1185,1265,1211.35,1086.73,-8.27,0.2315,0.827,4,26.35,2.224,75,-1976.2,-100.0,False,101203.93999999999,0.80-0.88
RELIANCE.NS,2022-04-11,2022-05-13,1182.21,1180,1260,1207.24,1099.05,-7.03,0.2326,0.851,4,27.24,2.304,73,-1988.56,-100.0,False,99215.37999999999,0.80-0.88
ABCAPITAL.NS,2022-04-12,2022-05-16,117.85,120,125,121.53,95.05,-19.35,0.2441,0.839,5,1.53,1.297,1308,-1999.02,-100.0,False,97216.36,0.80-0.88
APARINDS.NS,2022-04-12,2022-05-16,655.06,655,705,671.99,580.16,-11.43,0.2925,0.792,5,16.99,2.594,117,-1987.81,-100.0,False,95228.54999999999,0.70-0.80
ABCAPITAL.NS,2022-04-13,2022-05-17,117.4,115,125,118.99,102.1,-13.03,0.2467,0.866,5,3.99,3.397,501,-1997.75,-100.0,False,93230.79999999999,0.80-0.88
APARINDS.NS,2022-04-13,2022-05-17,658.29,660,710,676.14,590.58,-10.29,0.2765,0.813,5,16.14,2.452,123,-1985.25,-100.0,False,91245.54999999999,0.80-0.88
BAJFINANCE.NS,2022-04-13,2022-05-17,714.64,715,760,729.72,569.23,-20.35,0.2099,0.703,4,14.72,2.06,135,-1987.17,-100.0,False,89258.37999999999,0.70-0.80
APARINDS.NS,2022-04-18,2022-05-18,667.17,665,715,681.9,579.72,-13.11,0.2476,0.824,4,16.9,2.533,118,-1993.78,-100.0,False,87264.59999999999,0.80-0.88
BAJFINANCE.NS,2022-04-18,2022-05-18,708.1,710,750,723.02,567.07,-19.92,0.1999,0.68,4,13.02,1.838,153,-1991.8,-100.0,False,85272.79999999999,<0.70
ABB.NS,2022-04-21,2022-05-23,2096.05,2095,2265,2150.68,2251.81,7.43,0.2803,0.866,4,55.68,2.656,35,3539.76,181.65,True,88812.56,0.80-0.88
ABB.NS,2022-04-22,2022-05-24,2113.26,2115,2280,2168.77,2238.14,5.91,0.2759,0.876,4,53.77,2.544,37,2566.62,129.01,True,91379.18,0.80-0.88
ANANTRAJ.NS,2022-04-27,2022-05-27,60.96,60,65,62.02,51.93,-14.81,0.3502,0.792,4,2.02,3.316,989,-1999.28,-100.0,False,89379.9,0.70-0.80
ANANTRAJ.NS,2022-04-28,2022-05-30,63.04,65,70,66.29,52.58,-16.6,0.3621,0.865,4,1.29,2.053,1545,-1999.65,-100.0,False,87380.25,0.80-0.88
ABREL.NS,2022-05-26,2022-06-24,714.28,715,770,734.71,767.07,7.39,0.3715,0.864,4,19.71,2.76,101,3267.78,164.13,True,90648.03,0.80-0.88
ABREL.NS,2022-05-27,2022-06-27,720.58,720,780,741.32,795.43,10.39,0.3745,0.848,4,21.32,2.959,93,3596.94,181.38,True,94244.97,0.80-0.88
BAJFINANCE.NS,2022-05-27,2022-06-27,584.46,585,630,600.94,550.1,-5.88,0.3534,0.876,4,15.94,2.727,125,-1991.93,-100.0,False,92253.04,0.80-0.88
BAJFINANCE.NS,2022-05-30,2022-06-28,595.93,595,645,612.72,543.77,-8.75,0.3643,0.832,4,17.72,2.973,112,-1984.64,-100.0,False,90268.4,0.80-0.88
ANANTRAJ.NS,2022-06-02,2022-07-01,54.11,55,60,56.76,53.2,-1.69,0.6796,0.807,4,1.76,3.246,1138,-1999.03,-100.0,False,88269.37,0.80-0.88
ABCAPITAL.NS,2022-06-08,2022-07-07,102.75,105,110,106.77,93.25,-9.25,0.4494,0.764,4,1.77,1.72,1131,-1998.64,-100.0,False,86270.73,0.70-0.80
BAJFINANCE.NS,2022-06-09,2022-07-08,575.2,575,615,588.42,574.81,-0.07,0.2466,0.853,4,13.42,2.332,149,-1999.05,-100.0,False,84271.68,0.80-0.88
TITAN.NS,2022-06-15,2022-07-14,2070.99,2070,2235,2125.65,2100.43,1.42,0.2984,0.805,4,55.65,2.687,35,-882.9,-45.33,False,83388.78,0.80-0.88
ANANDRATHI.NS,2022-06-15,2022-07-14,154.92,155,165,158.56,156.12,0.78,0.279,0.725,4,3.56,2.296,562,-1366.54,-68.37,False,82022.23999999999,0.70-0.80
AJMERA.NS,2022-06-16,2022-07-15,46.62,45,50,47.15,49.15,5.43,0.3399,0.628,4,2.15,4.603,931,1867.93,93.49,True,83890.17,<0.70
ABCAPITAL.NS,2022-06-20,2022-07-19,87.35,85,95,88.97,95.55,9.39,0.4011,0.802,4,3.97,4.541,504,3040.99,152.12,True,86931.15999999999,0.80-0.88
ANANDRATHI.NS,2022-06-21,2022-07-20,155.66,155,170,159.78,151.32,-2.79,0.2892,0.772,4,4.78,3.068,418,-1995.99,-100.0,False,84935.17,0.70-0.80
AJMERA.NS,2022-06-27,2022-07-26,45.67,45,50,46.85,49.23,7.8,0.4249,0.764,4,1.85,4.053,1080,2569.9,128.57,True,87505.06999999999,0.70-0.80
BAJFINANCE.NS,2022-06-27,2022-07-26,550.1,550,595,565.75,613.1,11.45,0.3527,0.864,4,15.75,2.863,126,3685.64,185.73,True,91190.70999999999,0.80-0.88
ANANDRATHI.NS,2022-06-27,2022-07-26,156.33,155,170,160.09,152.6,-2.38,0.2975,0.868,5,5.09,3.254,393,-1999.38,-100.0,False,89191.32999999999,0.80-0.88
ANANDRATHI.NS,2022-06-30,2022-07-29,157.87,160,170,163.1,154.11,-2.38,0.2942,0.812,5,3.1,1.965,644,-1998.03,-100.0,False,87193.29999999999,0.80-0.88
BAJFINANCE.NS,2022-07-04,2022-08-02,551.04,550,595,566.39,718.55,30.4,0.3873,0.75,4,16.39,2.974,122,3490.48,174.57,True,90683.78,0.70-0.80
BHARTIARTL.NS,2022-07-05,2022-08-03,668.95,670,720,686.79,680.47,1.72,0.2917,0.831,4,16.79,2.509,119,-751.83,-37.64,False,89931.95,0.80-0.88
ABB.NS,2022-07-05,2022-08-03,2318.18,2320,2505,2379.96,2618.99,12.98,0.279,0.78,4,59.96,2.587,33,4126.31,208.54,True,94058.26,0.70-0.80
BAJFINANCE.NS,2022-07-05,2022-08-03,554.05,555,600,570.83,714.1,28.89,0.3804,0.762,4,15.83,2.858,126,3675.07,184.22,True,97733.32999999999,0.70-0.80
TITAN.NS,2022-07-05,2022-08-03,1922.63,1925,2075,1978.37,2385.71,24.09,0.3704,0.853,4,53.37,2.776,37,3575.27,181.05,True,101308.59999999999,0.80-0.88
ANANDRATHI.NS,2022-07-05,2022-08-03,158.47,160,170,163.35,159.52,0.67,0.3176,0.821,5,3.35,2.115,596,-1997.1,-100.0,False,99311.5,0.80-0.88
AJMERA.NS,2022-07-05,2022-08-03,46.68,45,50,47.19,55.31,18.5,0.4938,0.73,4,2.19,4.694,912,2561.53,128.17,True,101873.03,0.70-0.80
ABREL.NS,2022-07-06,2022-08-04,799.9,800,865,823.16,838.95,4.88,0.3781,0.757,4,23.16,2.895,86,1358.03,68.18,True,103231.06,0.70-0.80
TITAN.NS,2022-07-06,2022-08-04,1980.97,1980,2140,2037.69,2392.87,20.79,0.3848,0.875,4,57.69,2.912,34,3478.52,177.34,True,106709.57999999999,0.80-0.88
BHARTIARTL.NS,2022-07-06,2022-08-04,678.24,680,730,696.18,681.6,0.5,0.2685,0.828,4,16.18,2.385,123,-1793.23,-90.13,False,104916.34999999999,0.80-0.88
ABCAPITAL.NS,2022-07-06,2022-08-04,92.45,90,100,94.02,105.15,13.74,0.3745,0.689,4,4.02,4.345,497,2973.53,148.94,True,107889.87999999999,<0.70
APOLLO.NS,2022-07-06,2022-08-04,12.89,15,20,15.1,13.7,6.26,0.4309,0.838,4,0.1,0.771,20127,-1999.95,-100.0,False,105889.93,0.80-0.88
BAJFINANCE.NS,2022-07-06,2022-08-04,579.07,580,625,596.38,716.08,23.66,0.4113,0.834,5,16.38,2.829,122,3491.12,174.65,True,109381.04999999999,0.80-0.88
ABB.NS,2022-07-07,2022-08-05,2511.99,2510,2715,2581.74,2635.26,4.91,0.3439,0.852,5,71.74,2.856,27,1445.14,74.61,True,110826.19,0.80-0.88
ABCAPITAL.NS,2022-07-07,2022-08-05,93.25,95,100,96.69,105.15,12.76,0.3777,0.692,4,1.69,1.815,1181,3906.09,195.41,True,114732.28,<0.70
TCS.NS,2022-07-07,2022-08-05,2885.97,2885,3115,2960.68,2961.53,2.62,0.2792,0.854,4,75.68,2.622,26,22.08,1.12,True,114754.36,0.80-0.88
ABREL.NS,2022-07-07,2022-08-05,800.59,800,865,823.32,835.78,4.4,0.3761,0.758,5,23.32,2.913,85,1059.54,53.46,True,115813.9,0.70-0.80
BAJFINANCE.NS,2022-07-07,2022-08-05,573.59,575,620,591.22,714.91,24.64,0.4114,0.877,4,16.22,2.828,123,3539.72,177.41,True,119353.62,0.80-0.88
BHARTIARTL.NS,2022-07-08,2022-08-08,679.41,680,730,696.51,691.46,1.77,0.2662,0.74,4,16.51,2.431,121,-611.14,-30.58,False,118742.48,0.70-0.80
ABREL.NS,2022-07-12,2022-08-11,803.42,805,870,826.34,839.25,4.46,0.3058,0.668,4,21.34,2.656,93,1200.18,60.47,True,119942.66,<0.70
ABCAPITAL.NS,2022-07-12,2022-08-11,93.2,95,100,96.62,108.8,16.74,0.3372,0.711,4,1.62,1.735,1236,4180.87,209.13,True,124123.53,0.70-0.80
ANGELONE.NS,2022-07-13,2022-08-12,121.08,120,130,124.01,119.16,-1.59,0.5376,0.62,4,4.01,3.314,498,-1998.23,-100.0,False,122125.29999999999,<0.70
RELIANCE.NS,2022-07-15,2022-08-17,1087.82,1090,1175,1119.34,1207.09,10.96,0.3416,0.702,4,29.34,2.697,68,3785.06,189.73,True,125910.36,0.70-0.80
BAJFINANCE.NS,2022-07-15,2022-08-17,578.92,580,625,594.34,736.68,27.25,0.2684,0.811,4,14.34,2.478,139,4261.31,213.74,True,130171.67,0.80-0.88
BAJFINANCE.NS,2022-07-18,2022-08-18,593.07,595,640,609.42,732.88,23.57,0.277,0.851,4,14.42,2.431,138,4220.21,212.09,True,134391.88,0.80-0.88
ABCAPITAL.NS,2022-07-18,2022-08-18,95.2,95,105,97.88,112.5,18.17,0.2737,0.791,4,2.88,3.024,694,4942.34,247.41,True,139334.22,0.70-0.80
ABCAPITAL.NS,2022-07-19,2022-08-19,95.55,95,100,97.02,111.45,16.64,0.2497,0.78,4,2.02,2.115,989,2945.99,147.37,True,142280.21,0.70-0.80
BAJFINANCE.NS,2022-07-19,2022-08-19,593.68,595,640,609.58,714.62,20.37,0.2752,0.843,4,14.58,2.456,137,4167.12,208.58,True,146447.33000000002,0.80-0.88
ANGELONE.NS,2022-07-20,2022-08-22,124.02,125,135,128.3,120.16,-3.11,0.3689,0.692,5,3.3,2.658,606,-1997.62,-100.0,False,144449.71,<0.70
ABCAPITAL.NS,2022-07-20,2022-08-22,96.0,95,105,98.07,109.65,14.22,0.2407,0.71,4,3.07,3.2,650,4502.99,225.49,True,148952.7,0.70-0.80
RELIANCE.NS,2022-07-20,2022-08-22,1133.65,1135,1225,1165.9,1184.43,4.48,0.333,0.718,4,30.9,2.726,64,1185.76,59.96,True,150138.46,0.70-0.80
ABB.NS,2022-07-20,2022-08-22,2547.38,2545,2750,2614.3,2813.04,10.43,0.2995,0.774,4,69.3,2.721,28,3799.52,195.8,True,153937.97999999998,0.70-0.80
TITAN.NS,2022-07-20,2022-08-22,2242.35,2240,2420,2301.38,2386.89,6.45,0.3054,0.845,4,61.38,2.737,32,2736.49,139.32,True,156674.47,0.80-0.88
ABCAPITAL.NS,2022-07-21,2022-08-23,100.0,100,110,102.89,110.7,10.7,0.2744,0.802,5,2.89,2.885,693,4930.35,246.56,True,161604.82,0.80-0.88
RELIANCE.NS,2022-07-21,2022-08-23,1126.09,1125,1215,1156.4,1202.69,6.8,0.3284,0.696,4,31.4,2.788,63,2916.67,147.45,True,164521.49,<0.70
BAJFINANCE.NS,2022-07-21,2022-08-23,613.34,615,660,629.69,705.42,15.01,0.2746,0.799,5,14.69,2.396,136,4121.65,206.25,True,168643.13999999998,0.70-0.80
ABREL.NS,2022-07-21,2022-08-23,775.9,775,825,792.19,840.58,8.34,0.2311,0.634,4,17.19,2.216,116,3805.82,190.85,True,172448.96,<0.70
APOLLO.NS,2022-07-21,2022-08-23,13.92,15,20,15.16,13.29,-4.58,0.3119,0.858,5,0.16,1.165,12325,-2000.0,-100.0,False,170448.96,0.80-0.88
ANGELONE.NS,2022-07-21,2022-08-23,129.01,130,140,133.39,118.84,-7.88,0.3818,0.728,4,3.39,2.626,590,-1998.63,-100.0,False,168450.33,0.70-0.80
BAJFINANCE.NS,2022-07-22,2022-08-24,612.5,610,660,626.82,702.4,14.68,0.2675,0.801,4,16.82,2.746,118,3915.53,197.31,True,172365.86,0.80-0.88
ABREL.NS,2022-07-22,2022-08-24,805.44,805,860,823.2,840.93,4.41,0.2298,0.71,5,18.2,2.26,109,1932.49,97.41,True,174298.34999999998,0.70-0.80
APOLLO.NS,2022-07-22,2022-08-24,13.55,15,20,15.1,13.53,-0.18,0.3173,0.874,4,0.1,0.715,20636,-1999.95,-100.0,False,172298.4,0.80-0.88
ANGELONE.NS,2022-07-22,2022-08-24,134.69,135,145,138.63,117.52,-12.74,0.3935,0.801,5,3.63,2.698,550,-1998.56,-100.0,False,170299.84,0.80-0.88
ABREL.NS,2022-07-25,2022-08-25,793.22,795,840,809.73,844.0,6.4,0.2,0.78,4,14.73,1.858,135,4085.78,205.4,True,174385.62,0.70-0.80
ABREL.NS,2022-07-28,2022-08-30,802.77,805,850,819.77,854.19,6.41,0.2032,0.848,4,14.77,1.84,135,4081.25,204.7,True,178466.87,0.80-0.88
RELIANCE.NS,2022-07-29,2022-09-01,1136.57,1135,1205,1159.06,1163.43,2.36,0.2144,0.774,4,24.06,2.117,83,362.95,18.17,True,178829.82,0.70-0.80
BHARTIARTL.NS,2022-08-01,2022-09-02,681.74,680,735,698.73,721.55,5.84,0.2898,0.814,5,18.73,2.748,106,2418.71,121.8,True,181248.53,0.80-0.88
TITAN.NS,2022-08-01,2022-09-02,2346.07,2345,2520,2402.82,2579.42,9.95,0.258,0.69,4,57.82,2.465,34,3984.07,202.66,True,185232.6,<0.70
ANANDRATHI.NS,2022-08-01,2022-09-02,157.19,155,165,158.89,157.63,0.28,0.1538,0.717,4,3.89,2.477,513,-647.99,-32.43,False,184584.61,0.70-0.80
RELIANCE.NS,2022-08-01,2022-09-02,1166.2,1165,1245,1191.63,1149.85,-1.4,0.2303,0.84,4,26.63,2.283,75,-1997.17,-100.0,False,182587.44,0.80-0.88
TITAN.NS,2022-08-02,2022-09-05,2354.66,2355,2525,2411.23,2593.98,10.16,0.2538,0.698,4,56.23,2.388,35,3981.99,202.34,True,186569.43,<0.70
RELIANCE.NS,2022-08-02,2022-09-05,1170.63,1170,1250,1196.45,1167.71,-0.25,0.2296,0.838,4,26.45,2.26,75,-1983.84,-100.0,False,184585.59000000003,0.80-0.88
BHARTIARTL.NS,2022-08-02,2022-09-05,674.23,675,730,692.89,726.85,7.8,0.2928,0.841,4,17.89,2.653,111,3770.3,189.9,True,188355.89,0.80-0.88
AJMERA.NS,2022-08-02,2022-09-05,56.16,55,60,57.12,55.43,-1.3,0.6251,0.871,4,2.12,3.769,944,-1592.12,-79.68,False,186763.77000000002,0.80-0.88
TITAN.NS,2022-08-03,2022-09-06,2385.71,2385,2550,2440.18,2598.23,8.91,0.2433,0.721,4,55.18,2.313,36,3953.44,199.01,True,190717.21000000002,0.70-0.80
ANANDRATHI.NS,2022-08-05,2022-09-08,161.51,160,170,163.5,159.2,-1.43,0.1388,0.823,4,3.5,2.164,572,-1999.21,-100.0,False,188718.0,0.80-0.88
TCS.NS,2022-08-11,2022-09-13,3012.09,3010,3180,3068.43,2842.1,-5.64,0.1965,0.785,4,58.43,1.94,34,-1986.72,-100.0,False,186731.28000000003,0.70-0.80
RELIANCE.NS,2022-08-12,2022-09-14,1192.53,1195,1270,1219.68,1176.13,-1.38,0.2276,0.838,4,24.68,2.069,81,-1998.97,-100.0,False,184732.31,0.80-0.88
BAJFINANCE.NS,2022-08-12,2022-09-14,715.37,715,775,736.5,732.41,2.38,0.3952,0.874,4,21.5,3.006,93,-380.7,-19.04,False,184351.61000000002,0.80-0.88
TITAN.NS,2022-08-16,2022-09-15,2462.18,2460,2555,2494.51,2622.41,6.51,0.1316,0.858,4,34.51,1.402,57,3448.03,175.3,True,187799.64,0.80-0.88
RELIANCE.NS,2022-08-16,2022-09-15,1200.82,1200,1280,1226.75,1164.48,-3.03,0.2275,0.807,4,26.75,2.227,74,-1979.35,-100.0,False,185820.29,0.80-0.88
ANGELONE.NS,2022-08-18,2022-09-19,123.7,125,135,128.4,146.09,18.1,0.4397,0.839,4,3.4,2.752,587,3872.0,193.79,True,189692.29,0.80-0.88
BHARTIARTL.NS,2022-08-18,2022-09-19,719.79,720,760,733.56,768.43,6.76,0.1948,0.879,5,13.56,1.884,147,3886.41,194.95,True,193578.7,0.80-0.88
RELIANCE.NS,2022-08-24,2022-09-23,1199.49,1200,1265,1221.8,1108.5,-7.59,0.1839,0.688,4,21.8,1.817,91,-1983.65,-100.0,False,191595.05000000002,<0.70
ANANDRATHI.NS,2022-08-24,2022-09-23,158.07,160,165,161.52,160.59,1.6,0.1561,0.813,5,1.52,0.96,1318,-1220.19,-61.02,False,190374.86000000002,0.80-0.88
AJMERA.NS,2022-08-25,2022-09-26,52.09,50,55,52.34,50.7,-2.68,0.3908,0.73,4,2.34,4.497,853,-1404.31,-70.28,False,188970.55000000002,0.70-0.80
ANGELONE.NS,2022-08-26,2022-09-27,123.87,125,135,128.2,126.5,2.13,0.3513,0.782,5,3.2,2.582,625,-1060.41,-53.05,False,187910.14,0.70-0.80
ANANDRATHI.NS,2022-08-26,2022-09-27,157.7,160,165,161.41,160.57,1.82,0.1525,0.693,4,1.41,0.894,1417,-1195.08,-59.8,False,186715.06,<0.70
RELIANCE.NS,2022-08-26,2022-09-27,1189.61,1190,1255,1211.91,1088.85,-8.47,0.1876,0.731,4,21.91,1.842,91,-1993.6,-100.0,False,184721.46000000002,0.70-0.80
ANGELONE.NS,2022-08-29,2022-09-28,120.03,120,130,123.5,121.57,1.28,0.3624,0.842,4,3.5,2.919,570,-1104.03,-55.28,False,183617.43,0.80-0.88
RELIANCE.NS,2022-08-29,2022-09-28,1180.36,1180,1245,1202.07,1059.86,-10.21,0.187,0.769,5,22.07,1.869,90,-1985.86,-100.0,False,181631.57,0.70-0.80
ANANDRATHI.NS,2022-08-29,2022-09-28,157.89,160,165,161.45,160.22,1.48,0.1524,0.718,4,1.45,0.921,1375,-1702.63,-85.19,False,179928.94,0.70-0.80
ANANDRATHI.NS,2022-08-30,2022-09-29,159.28,160,165,161.82,160.15,0.55,0.1547,0.718,4,1.82,1.14,1101,-1828.44,-91.48,False,178100.5,0.70-0.80
ANGELONE.NS,2022-09-01,2022-09-30,122.32,120,130,124.18,126.57,3.47,0.3671,0.874,4,4.18,3.42,478,1139.23,56.98,True,179239.72999999998,0.80-0.88
ANANDRATHI.NS,2022-09-05,2022-10-04,159.61,160,165,161.86,161.29,1.06,0.142,0.781,4,1.86,1.165,1075,-607.16,-30.37,False,178632.57,0.70-0.80
ANANDRATHI.NS,2022-09-09,2022-10-11,157.28,155,165,158.84,160.13,1.81,0.1337,0.783,4,3.84,2.438,521,674.76,33.77,True,179307.33,0.70-0.80
ANANDRATHI.NS,2022-09-13,2022-10-13,160.92,160,170,163.23,165.24,2.68,0.1433,0.857,5,3.23,2.006,619,1244.06,62.27,True,180551.38999999998,0.80-0.88
ANANDRATHI.NS,2022-09-14,2022-10-14,160.94,160,170,163.23,168.54,4.72,0.1426,0.825,4,3.23,2.009,618,3277.31,163.98,True,183828.69999999998,0.80-0.88
ANANDRATHI.NS,2022-09-23,2022-10-25,160.59,160,165,162.07,171.05,6.51,0.1113,0.798,5,2.07,1.292,964,2820.45,141.05,True,186649.14999999997,0.70-0.80
ANANDRATHI.NS,2022-09-27,2022-10-28,160.57,160,165,162.08,174.87,8.91,0.1157,0.728,4,2.08,1.294,962,2811.31,140.66,True,189460.45999999996,0.70-0.80
ANANDRATHI.NS,2022-09-28,2022-10-31,160.22,160,165,161.94,176.58,10.22,0.1122,0.781,5,1.94,1.212,1030,3150.28,157.54,True,192610.74,0.70-0.80
ABREL.NS,2022-10-20,2022-11-22,841.18,840,910,864.3,763.18,-9.27,0.336,0.81,4,24.3,2.889,82,-1992.64,-100.0,False,190618.09999999998,0.80-0.88
ABREL.NS,2022-10-21,2022-11-23,828.16,830,895,852.31,775.2,-6.39,0.3395,0.862,4,22.31,2.693,89,-1985.2,-100.0,False,188632.89999999997,0.80-0.88
TITAN.NS,2022-10-24,2022-11-24,2649.81,2650,2860,2718.77,2577.05,-2.75,0.2775,0.741,4,68.77,2.595,29,-1994.29,-100.0,False,186638.61,0.70-0.80
ABCAPITAL.NS,2022-10-25,2022-11-25,115.9,115,125,118.41,135.3,16.74,0.263,0.863,5,3.41,2.946,585,3852.67,192.89,True,190491.27999999997,0.80-0.88
ANGELONE.NS,2022-10-25,2022-11-25,150.4,150,160,154.04,143.6,-4.52,0.5248,0.785,4,4.04,2.687,494,-1996.72,-100.0,False,188494.56,0.70-0.80
APARINDS.NS,2022-10-27,2022-11-28,1504.93,1505,1625,1551.15,1467.16,-2.51,0.553,0.872,4,46.15,3.067,43,-1984.45,-100.0,False,186510.11,0.80-0.88
ANGELONE.NS,2022-10-27,2022-11-28,151.5,150,165,155.74,147.41,-2.7,0.5174,0.796,4,5.74,3.791,348,-1998.83,-100.0,False,184511.27999999997,0.70-0.80
BHARTIARTL.NS,2022-10-28,2022-11-29,801.9,800,855,818.64,820.56,2.33,0.2283,0.775,4,18.64,2.324,107,205.67,10.31,True,184716.94999999998,0.70-0.80
TITAN.NS,2022-10-28,2022-11-29,2701.64,2700,2910,2769.07,2580.55,-4.48,0.2673,0.769,4,69.07,2.557,28,-1934.02,-100.0,False,182782.93,0.70-0.80
BHARTIARTL.NS,2022-10-31,2022-11-30,816.78,815,870,833.9,833.22,2.01,0.2343,0.78,4,18.9,2.314,105,-71.66,-3.61,False,182711.26999999996,0.70-0.80
TITAN.NS,2022-10-31,2022-11-30,2726.43,2725,2925,2791.52,2619.3,-3.93,0.2564,0.75,4,66.52,2.44,30,-1995.49,-100.0,False,180715.77999999997,0.70-0.80
ABB.NS,2022-10-31,2022-11-30,2989.69,2990,3230,3074.89,2941.61,-1.61,0.3612,0.86,4,84.89,2.839,23,-1952.51,-100.0,False,178763.26999999996,0.80-0.88
TCS.NS,2022-10-31,2022-11-30,2817.52,2820,2960,2867.93,2991.91,6.19,0.1783,0.706,4,47.93,1.701,41,3774.93,192.1,True,182538.19999999995,0.70-0.80
BHARTIARTL.NS,2022-11-01,2022-12-01,820.26,820,860,834.13,833.07,1.56,0.178,0.828,5,14.13,1.723,141,-148.81,-7.47,False,182389.38999999996,0.80-0.88
BAJFINANCE.NS,2022-11-01,2022-12-01,705.6,705,760,723.18,660.4,-6.4,0.2698,0.852,4,18.18,2.577,109,-1982.0,-100.0,False,180407.38999999996,0.80-0.88
TCS.NS,2022-11-01,2022-12-01,2876.24,2875,3030,2928.42,3066.78,6.62,0.1885,0.719,5,53.42,1.857,37,3758.31,190.13,True,184165.69999999995,0.70-0.80
TCS.NS,2022-11-02,2022-12-02,2860.35,2860,3015,2912.91,3034.58,6.09,0.1878,0.727,4,52.91,1.85,37,3777.16,192.93,True,187942.86,0.70-0.80
BAJFINANCE.NS,2022-11-04,2022-12-06,705.84,705,750,719.95,655.59,-7.12,0.2059,0.842,4,14.95,2.119,133,-1988.82,-100.0,False,185954.03999999998,0.80-0.88
ABB.NS,2022-11-04,2022-12-06,3156.49,3155,3410,3241.88,2886.12,-8.57,0.3135,0.872,4,86.88,2.752,23,-1998.14,-100.0,False,183955.89999999997,0.80-0.88
ANANTRAJ.NS,2022-11-07,2022-12-07,113.8,115,125,118.45,100.53,-11.66,0.508,0.865,4,3.45,3.035,579,-1999.81,-100.0,False,181956.08999999997,0.80-0.88
AJMERA.NS,2022-11-07,2022-12-07,47.13,45,50,47.37,62.95,33.57,0.2416,0.692,4,2.37,5.031,843,2216.0,110.86,True,184172.08999999997,<0.70
AJMERA.NS,2022-11-09,2022-12-08,48.49,50,55,50.87,62.06,27.99,0.2698,0.741,5,0.87,1.796,2296,9480.2,474.06,True,193652.28999999998,0.70-0.80
ANGELONE.NS,2022-11-15,2022-12-14,143.23,145,155,147.98,142.63,-0.42,0.2841,0.841,4,2.98,2.081,670,-1997.4,-100.0,False,191654.88999999996,0.80-0.88
APOLLO.NS,2022-11-15,2022-12-14,24.31,25,30,25.87,27.83,14.45,0.4203,0.845,4,0.87,3.56,2311,4531.38,226.58,True,196186.26999999996,0.80-0.88
BHARTIARTL.NS,2022-11-17,2022-12-16,830.67,830,870,844.2,807.7,-2.77,0.172,0.833,4,14.2,1.709,140,-1987.51,-100.0,False,194198.75999999998,0.80-0.88
RELIANCE.NS,2022-11-17,2022-12-16,1181.0,1180,1245,1202.3,1165.8,-1.29,0.1871,0.821,4,22.3,1.888,89,-1984.47,-100.0,False,192214.28999999998,0.80-0.88
ANANDRATHI.NS,2022-11-22,2022-12-21,172.67,175,180,176.4,166.1,-3.81,0.1351,0.742,4,1.4,0.81,1430,-1999.58,-100.0,False,190214.70999999996,0.70-0.80
ANANDRATHI.NS,2022-11-23,2022-12-22,172.67,175,180,176.39,163.63,-5.24,0.1334,0.697,4,1.39,0.803,1441,-1999.04,-100.0,False,188215.66999999998,<0.70
ABREL.NS,2022-11-25,2022-12-26,782.03,780,810,791.21,692.25,-11.48,0.1223,0.77,4,11.21,1.433,178,-1994.96,-100.0,False,186220.70999999996,0.70-0.80
ANANDRATHI.NS,2022-11-28,2022-12-27,173.05,175,180,176.33,169.9,-1.82,0.1112,0.744,4,1.33,0.767,1507,-1998.96,-100.0,False,184221.74999999997,0.70-0.80
ABB.NS,2022-11-28,2022-12-27,3042.24,3040,3285,3125.32,2688.64,-11.62,0.3326,0.714,4,85.32,2.805,23,-1962.36,-100.0,False,182259.38999999996,0.70-0.80
TITAN.NS,2022-11-30,2022-12-29,2619.3,2620,2755,2666.41,2520.82,-3.76,0.183,0.723,4,46.41,1.772,43,-1995.53,-100.0,False,180263.86,0.70-0.80
APARINDS.NS,2022-12-01,2022-12-30,1523.26,1525,1645,1570.13,1752.27,15.03,0.4872,0.878,5,45.13,2.963,44,3294.42,165.92,True,183558.27999999997,0.80-0.88
APARINDS.NS,2022-12-02,2023-01-02,1540.55,1540,1665,1587.12,1782.66,15.72,0.4869,0.843,4,47.12,3.059,42,3270.88,165.27,True,186829.15999999997,0.80-0.88
APARINDS.NS,2022-12-07,2023-01-05,1599.77,1600,1730,1648.53,1800.25,12.53,0.4705,0.846,5,48.53,3.034,41,3340.24,167.87,True,190169.39999999997,0.80-0.88
RELIANCE.NS,2022-12-12,2023-01-10,1187.38,1185,1250,1207.8,1162.53,-2.09,0.186,0.848,4,22.8,1.92,87,-1983.39,-100.0,False,188186.00999999998,0.80-0.88
ANGELONE.NS,2022-12-12,2023-01-10,138.57,140,150,143.18,119.92,-13.46,0.3196,0.826,4,3.18,2.292,629,-1997.95,-100.0,False,186188.06,0.80-0.88
ANANTRAJ.NS,2022-12-13,2023-01-11,106.69,105,115,108.91,111.72,4.71,0.3884,0.717,4,3.91,3.665,511,1433.66,71.74,True,187621.71999999997,0.70-0.80
RELIANCE.NS,2022-12-13,2023-01-11,1192.79,1195,1255,1215.34,1147.87,-3.77,0.1859,0.835,4,20.34,1.706,98,-1993.65,-100.0,False,185628.07,0.80-0.88
ANGELONE.NS,2022-12-14,2023-01-12,142.63,145,155,148.06,119.87,-15.95,0.3372,0.879,4,3.06,2.145,653,-1998.04,-100.0,False,183630.03,0.80-0.88
ANANDRATHI.NS,2022-12-14,2023-01-12,168.51,170,175,171.08,184.38,9.42,0.076,0.832,4,1.08,0.641,1851,7255.59,362.89,True,190885.62,0.80-0.88
RELIANCE.NS,2022-12-14,2023-01-12,1188.47,1190,1250,1210.5,1123.08,-5.5,0.1851,0.816,4,20.5,1.725,97,-1988.61,-100.0,False,188897.01,0.80-0.88
BHARTIARTL.NS,2022-12-14,2023-01-12,814.03,815,845,825.62,743.05,-8.72,0.1346,0.869,4,10.62,1.305,188,-1996.54,-100.0,False,186900.47,0.80-0.88
ANANTRAJ.NS,2022-12-14,2023-01-12,109.08,110,120,113.13,110.82,1.6,0.3719,0.802,5,3.13,2.87,638,-1473.31,-73.76,False,185427.16,0.80-0.88
TCS.NS,2023-01-04,2023-02-03,2924.72,2925,3065,2973.69,3142.49,7.45,0.1694,0.872,4,48.69,1.665,41,3743.9,187.56,True,189171.06,0.80-0.88
ABB.NS,2023-01-05,2023-02-06,2750.74,2750,2970,2824.45,2874.26,4.49,0.3051,0.807,4,74.45,2.706,26,1295.17,66.91,True,190466.22999999998,0.80-0.88
ABB.NS,2023-01-06,2023-02-07,2787.6,2790,3010,2864.34,2963.96,6.33,0.3106,0.71,5,74.34,2.667,26,2590.19,134.02,True,193056.41999999998,0.70-0.80
RELIANCE.NS,2023-01-09,2023-02-08,1179.97,1180,1245,1202.14,1068.72,-9.43,0.1923,0.78,4,22.14,1.876,90,-1992.71,-100.0,False,191063.71,0.70-0.80
APARINDS.NS,2023-01-11,2023-02-10,1782.12,1780,1925,1830.05,2123.57,19.16,0.3219,0.779,4,50.05,2.808,39,3703.08,189.71,True,194766.78999999998,0.70-0.80
AJMERA.NS,2023-01-13,2023-02-14,61.96,60,65,62.21,48.35,-21.97,0.884,0.711,4,2.21,3.572,903,-1998.68,-100.0,False,192768.11,0.70-0.80
ANANTRAJ.NS,2023-01-16,2023-02-15,114.3,115,125,118.72,105.75,-7.48,0.6483,0.776,4,3.72,3.253,537,-1996.83,-100.0,False,190771.28,0.70-0.80
ANGELONE.NS,2023-01-16,2023-02-15,122.98,125,135,128.2,106.05,-13.77,0.4235,0.666,4,3.2,2.598,625,-1997.16,-100.0,False,188774.12,<0.70
ANANTRAJ.NS,2023-01-17,2023-02-16,118.93,120,130,123.7,109.08,-8.28,0.6569,0.836,4,3.7,3.112,540,-1998.3,-100.0,False,186775.82,0.80-0.88
ANANTRAJ.NS,2023-01-18,2023-02-17,119.32,120,130,123.77,111.82,-6.29,0.6554,0.839,4,3.77,3.156,531,-1999.71,-100.0,False,184776.11,0.80-0.88
AJMERA.NS,2023-01-18,2023-02-17,63.04,65,70,66.75,52.8,-16.25,0.82,0.569,4,1.75,2.768,1146,-1999.83,-100.0,False,182776.27999999997,<0.70
ABB.NS,2023-01-18,2023-02-17,2862.84,2865,3080,2935.0,3074.39,7.39,0.2615,0.824,4,70.0,2.445,28,3902.92,199.13,True,186679.19999999998,0.80-0.88
ABB.NS,2023-01-20,2023-02-21,2875.97,2875,3030,2928.23,3106.98,8.03,0.1875,0.79,4,53.23,1.851,37,3765.38,191.17,True,190444.58,0.70-0.80
ABB.NS,2023-01-23,2023-02-22,2889.65,2890,3040,2941.48,3110.32,7.64,0.1823,0.803,5,51.48,1.781,38,3743.9,191.4,True,194188.47999999998,0.80-0.88
ABREL.NS,2023-01-23,2023-02-22,695.82,695,740,710.05,605.79,-12.94,0.2138,0.744,4,15.05,2.162,132,-1986.14,-100.0,False,192202.33999999997,0.70-0.80
ABB.NS,2023-01-24,2023-02-23,2887.05,2885,3040,2938.25,3076.55,6.56,0.1828,0.771,4,53.25,1.844,37,3764.79,191.09,True,195967.12999999998,0.70-0.80
TCS.NS,2023-01-30,2023-02-28,3098.59,3100,3280,3160.39,2989.58,-3.52,0.202,0.862,4,60.39,1.949,33,-1992.8,-100.0,False,193974.32999999996,0.80-0.88
TITAN.NS,2023-01-30,2023-02-28,2305.89,2305,2400,2339.06,2342.66,1.59,0.1454,0.876,4,34.06,1.477,58,208.94,10.58,True,194183.26999999996,0.80-0.88
AJMERA.NS,2023-01-31,2023-03-01,54.61,55,60,56.51,54.12,-0.88,0.3291,0.738,4,1.51,2.758,1328,-1999.7,-100.0,False,192183.56999999998,0.70-0.80
ANGELONE.NS,2023-01-31,2023-03-01,115.57,115,125,118.43,94.41,-18.31,0.2998,0.877,4,3.43,2.968,582,-1996.67,-100.0,False,190186.89999999997,0.80-0.88
ABCAPITAL.NS,2023-02-16,2023-03-20,146.45,145,160,150.05,149.85,2.32,0.3078,0.859,4,5.05,3.45,395,-79.89,-4.0,False,190107.00999999998,0.80-0.88
AJMERA.NS,2023-02-16,2023-03-20,51.93,50,55,52.29,54.66,5.26,0.3862,0.717,4,2.29,4.412,872,2069.06,103.56,True,192176.06999999998,0.70-0.80
ANANTRAJ.NS,2023-02-16,2023-03-20,109.08,110,120,113.43,112.91,3.51,0.4931,0.722,4,3.43,3.148,582,-305.35,-15.28,False,191870.71999999997,0.70-0.80
ABCAPITAL.NS,2023-02-17,2023-03-21,143.95,145,155,148.31,152.65,6.04,0.3134,0.838,4,3.31,2.301,603,2615.81,130.98,True,194486.52999999997,0.80-0.88
ANANTRAJ.NS,2023-02-17,2023-03-21,111.82,110,120,114.09,121.71,8.85,0.4991,0.672,4,4.09,3.657,489,2890.61,144.57,True,197377.13999999996,<0.70
ANANTRAJ.NS,2023-02-20,2023-03-22,114.9,115,125,118.7,120.86,5.19,0.5106,0.654,5,3.7,3.219,540,1169.78,58.58,True,198546.91999999998,<0.70
ABCAPITAL.NS,2023-02-20,2023-03-22,144.3,145,155,148.4,156.15,8.21,0.3098,0.782,4,3.4,2.353,589,3890.19,194.53,True,202437.11,0.70-0.80
ABCAPITAL.NS,2023-02-21,2023-03-23,143.05,145,155,148.06,154.15,7.76,0.3111,0.767,4,3.06,2.138,653,3977.45,199.12,True,206414.55999999997,0.70-0.80
ANANTRAJ.NS,2023-02-21,2023-03-23,115.3,115,125,118.78,118.93,3.15,0.5065,0.675,5,3.78,3.28,528,76.02,3.81,True,206490.57999999996,<0.70
ABCAPITAL.NS,2023-02-24,2023-03-28,142.15,140,155,145.19,146.8,3.27,0.2909,0.779,5,5.19,3.65,385,620.29,31.05,True,207110.86999999997,0.70-0.80
BAJFINANCE.NS,2023-02-24,2023-03-28,610.34,610,660,627.22,541.66,-11.25,0.3298,0.836,4,17.22,2.821,116,-1997.44,-100.0,False,205113.42999999996,0.80-0.88
BAJFINANCE.NS,2023-02-27,2023-03-29,606.26,605,655,621.86,550.54,-9.19,0.2948,0.791,4,16.86,2.781,118,-1989.42,-100.0,False,203124.00999999995,0.70-0.80
ABREL.NS,2023-02-27,2023-03-29,605.89,605,655,622.17,638.95,5.46,0.3195,0.862,4,17.17,2.834,116,1946.53,97.73,True,205070.53999999998,0.80-0.88
ABCAPITAL.NS,2023-02-28,2023-03-31,145.85,145,160,149.64,153.55,5.28,0.2796,0.786,5,4.64,3.179,431,1686.74,84.41,True,206757.27999999997,0.70-0.80
TITAN.NS,2023-02-28,2023-03-31,2342.66,2345,2530,2405.34,2482.96,5.99,0.2821,0.845,4,60.34,2.576,33,2561.43,128.64,True,209318.70999999996,0.80-0.88
ABCAPITAL.NS,2023-03-01,2023-04-03,152.0,150,165,155.2,153.8,1.18,0.2797,0.878,5,5.2,3.421,384,-537.81,-26.93,False,208780.89999999997,0.80-0.88
ANANTRAJ.NS,2023-03-01,2023-04-03,107.04,105,115,109.03,124.94,16.72,0.4004,0.839,4,4.03,3.768,495,2953.31,147.91,True,211734.20999999996,0.80-0.88
AJMERA.NS,2023-03-01,2023-04-03,54.12,55,60,56.33,54.79,1.23,0.3186,0.635,4,1.33,2.451,1507,-1999.0,-100.0,False,209735.20999999996,<0.70
AJMERA.NS,2023-03-06,2023-04-10,56.0,55,60,56.95,61.53,9.87,0.2953,0.624,4,1.95,3.476,1027,3135.98,156.88,True,212871.18999999994,<0.70
AJMERA.NS,2023-03-08,2023-04-11,55.38,55,60,56.72,60.3,8.88,0.2992,0.627,4,1.72,3.102,1164,3820.38,191.06,True,216691.56999999995,<0.70
BAJFINANCE.NS,2023-03-08,2023-04-11,586.91,585,625,598.62,571.34,-2.65,0.2204,0.862,4,13.62,2.321,146,-1988.91,-100.0,False,214702.65999999997,0.80-0.88
AJMERA.NS,2023-03-16,2023-04-20,54.2,55,60,56.16,59.8,10.33,0.2536,0.801,4,1.16,2.142,1722,6267.34,313.52,True,220969.99999999994,0.80-0.88
BAJFINANCE.NS,2023-03-17,2023-04-21,561.03,560,585,569.15,581.14,3.59,0.1578,0.829,4,9.15,1.631,218,2614.5,131.06,True,223584.49999999994,0.80-0.88
APOLLO.NS,2023-03-21,2023-04-25,28.34,30,35,30.71,31.31,10.48,0.4228,0.77,4,0.71,2.504,2818,1678.11,83.92,True,225262.60999999996,0.70-0.80
AJMERA.NS,2023-03-22,2023-04-26,54.36,55,60,56.06,58.21,7.08,0.2114,0.795,4,1.06,1.949,1887,4056.61,202.88,True,229319.21999999997,0.70-0.80
BHARTIARTL.NS,2023-03-23,2023-04-27,749.58,750,790,763.84,772.11,3.01,0.1986,0.874,4,13.84,1.846,144,1191.08,59.77,True,230510.29999999996,0.80-0.88
ANANDRATHI.NS,2023-03-28,2023-05-03,199.52,200,210,203.44,214.53,7.53,0.1985,0.874,4,3.44,1.723,581,3812.46,190.86,True,234322.75999999995,0.80-0.88
TITAN.NS,2023-03-31,2023-05-05,2482.96,2485,2605,2526.18,2698.19,8.67,0.1725,0.755,4,41.18,1.659,48,3783.26,191.39,True,238106.01999999996,0.70-0.80
APARINDS.NS,2023-03-31,2023-05-05,2447.86,2450,2645,2522.24,2869.54,17.23,0.4507,0.837,4,72.24,2.951,27,3314.58,169.94,True,241420.59999999995,0.80-0.88
TITAN.NS,2023-04-03,2023-05-08,2505.17,2505,2625,2546.67,2716.31,8.43,0.1671,0.762,4,41.67,1.663,47,3681.61,187.99,True,245102.20999999993,0.70-0.80
AJMERA.NS,2023-04-03,2023-05-08,54.79,55,60,56.19,59.91,9.34,0.1981,0.556,4,1.19,2.17,1681,6252.06,312.75,True,251354.26999999993,<0.70
APARINDS.NS,2023-04-03,2023-05-08,2540.31,2540,2745,2616.49,2986.17,17.55,0.4593,0.836,4,76.49,3.011,26,3341.2,168.0,True,254695.46999999994,0.80-0.88
TITAN.NS,2023-04-05,2023-05-09,2540.02,2540,2660,2581.75,2713.49,6.83,0.1655,0.789,5,41.75,1.644,47,3677.76,187.43,True,258373.22999999995,0.70-0.80
AJMERA.NS,2023-04-05,2023-05-09,55.48,55,60,56.49,59.41,7.08,0.1893,0.568,4,1.49,2.685,1342,3916.21,195.93,True,262289.43999999994,<0.70
APOLLO.NS,2023-04-05,2023-05-09,29.34,30,35,31.21,35.99,22.66,0.5144,0.835,5,1.21,4.137,1647,6235.97,311.95,True,268525.4099999999,0.80-0.88
AJMERA.NS,2023-04-06,2023-05-10,58.0,60,65,60.82,59.34,2.3,0.2428,0.693,5,0.82,1.416,2434,-1999.26,-100.0,False,266526.1499999999,<0.70
ABB.NS,2023-04-06,2023-05-10,3330.2,3330,3555,3405.17,3746.37,12.5,0.2375,0.871,5,75.17,2.257,26,3895.64,199.33,True,270421.7899999999,0.80-0.88
AJMERA.NS,2023-04-10,2023-05-11,61.53,60,65,62.19,58.54,-4.85,0.3114,0.86,5,2.19,3.553,914,-1997.93,-100.0,False,268423.86,0.80-0.88
BHARTIARTL.NS,2023-04-10,2023-05-11,755.67,755,790,767.34,774.17,2.45,0.1581,0.833,4,12.34,1.633,162,1107.11,55.39,True,269530.97,0.80-0.88
ANANDRATHI.NS,2023-04-11,2023-05-12,198.71,200,210,203.09,212.96,7.17,0.1844,0.653,4,3.09,1.553,648,4480.74,224.12,True,274011.70999999996,<0.70
TITAN.NS,2023-04-11,2023-05-12,2547.28,2545,2670,2588.53,2737.98,7.49,0.1656,0.772,4,43.53,1.709,45,3665.94,187.13,True,277677.6499999999,0.70-0.80
ANGELONE.NS,2023-04-12,2023-05-15,118.75,120,130,123.29,124.12,4.52,0.4112,0.698,4,3.29,2.77,607,504.14,25.25,True,278181.7899999999,<0.70
ANANDRATHI.NS,2023-04-12,2023-05-15,202.88,205,215,207.97,205.97,1.52,0.1959,0.71,4,2.97,1.462,674,-1346.68,-67.38,False,276835.11,0.70-0.80
ANANDRATHI.NS,2023-04-13,2023-05-16,208.15,210,220,212.97,205.41,-1.32,0.1808,0.852,5,2.97,1.428,672,-1997.45,-100.0,False,274837.6599999999,0.80-0.88
ANGELONE.NS,2023-04-13,2023-05-16,119.96,120,130,123.47,122.62,2.21,0.3581,0.7,4,3.47,2.895,575,-493.02,-24.69,False,274344.63999999996,<0.70
RELIANCE.NS,2023-04-13,2023-05-16,1070.33,1070,1140,1093.71,1115.0,4.17,0.2341,0.861,4,23.71,2.215,84,1788.37,89.81,True,276133.00999999995,0.80-0.88
TITAN.NS,2023-04-17,2023-05-17,2572.51,2575,2680,2611.41,2727.31,6.02,0.1431,0.756,4,36.41,1.416,54,3703.62,188.35,True,279836.62999999995,0.70-0.80
BHARTIARTL.NS,2023-04-20,2023-05-22,758.17,760,785,768.65,787.18,3.83,0.1198,0.865,4,8.65,1.141,231,3776.61,188.98,True,283613.23999999993,0.80-0.88
BHARTIARTL.NS,2023-04-21,2023-05-23,751.2,750,780,760.74,785.31,4.54,0.1244,0.865,5,10.74,1.43,186,3582.08,179.29,True,287195.31999999995,0.80-0.88
RELIANCE.NS,2023-04-25,2023-05-25,1079.67,1080,1140,1100.47,1108.7,2.69,0.1985,0.807,4,20.47,1.896,97,798.33,40.2,True,287993.6499999999,0.80-0.88
BAJFINANCE.NS,2023-04-25,2023-05-25,594.59,595,635,607.97,669.54,12.61,0.2251,0.766,5,12.97,2.182,154,4162.22,208.34,True,292155.8699999999,0.70-0.80
RELIANCE.NS,2023-04-26,2023-05-26,1073.33,1075,1135,1094.76,1138.94,6.11,0.1931,0.851,4,19.76,1.841,101,4064.07,203.62,True,296219.93999999994,0.80-0.88
ANGELONE.NS,2023-04-26,2023-05-26,116.77,115,125,118.81,121.3,3.88,0.2775,0.86,4,3.81,3.261,525,1308.86,65.48,True,297528.79999999993,0.80-0.88
BAJFINANCE.NS,2023-04-26,2023-05-26,592.7,595,630,606.47,675.75,14.01,0.2257,0.808,4,11.47,1.935,174,4094.0,205.11,True,301622.79999999993,0.80-0.88
ANGELONE.NS,2023-04-27,2023-05-29,117.01,115,125,118.72,124.72,6.6,0.2192,0.855,4,3.72,3.182,537,3222.02,161.17,True,304844.8199999999,0.80-0.88
ANGELONE.NS,2023-04-28,2023-05-30,116.77,115,125,118.6,123.5,5.76,0.2172,0.863,4,3.6,3.084,555,2717.66,135.96,True,307562.47999999986,0.80-0.88
RELIANCE.NS,2023-04-28,2023-05-30,1099.86,1100,1155,1119.0,1145.05,4.11,0.1767,0.869,4,19.0,1.728,105,2735.58,137.11,True,310298.0599999999,0.80-0.88
ANANDRATHI.NS,2023-04-28,2023-05-30,211.01,210,220,213.58,211.49,0.23,0.1273,0.659,4,3.58,1.698,558,-1165.15,-58.28,False,309132.9099999999,<0.70
APOLLO.NS,2023-05-02,2023-05-31,32.9,35,40,35.73,33.84,2.85,0.4159,0.866,4,0.73,2.216,2742,-1999.34,-100.0,False,307133.5699999999,0.80-0.88
RELIANCE.NS,2023-05-02,2023-05-31,1109.2,1110,1165,1128.88,1122.31,1.18,0.1775,0.754,4,18.88,1.702,105,-689.4,-34.78,False,306444.1699999999,0.70-0.80
ANANDRATHI.NS,2023-05-02,2023-05-31,213.08,215,220,216.67,211.93,-0.54,0.1291,0.748,5,1.67,0.786,1194,-1999.12,-100.0,False,304445.04999999993,0.70-0.80
ANANDRATHI.NS,2023-05-03,2023-06-01,214.53,215,220,217.01,209.77,-2.22,0.129,0.767,4,2.01,0.938,993,-1998.98,-100.0,False,302446.0699999999,0.70-0.80
ANGELONE.NS,2023-05-04,2023-06-02,116.05,115,125,118.22,124.64,7.4,0.2093,0.633,4,3.22,2.775,621,3987.87,199.4,True,306433.9399999999,<0.70
TCS.NS,2023-05-05,2023-06-05,2915.44,2915,3060,2964.94,2967.97,1.8,0.171,0.707,4,49.94,1.713,40,121.1,6.06,True,306555.0399999999,0.70-0.80
RELIANCE.NS,2023-05-05,2023-06-05,1109.52,1110,1145,1122.93,1125.65,1.45,0.1153,0.758,4,12.93,1.166,154,418.85,21.03,True,306973.8899999999,0.70-0.80
TCS.NS,2023-05-08,2023-06-06,2933.4,2935,3075,2983.03,2916.89,-0.56,0.1666,0.649,4,48.03,1.637,41,-1969.03,-100.0,False,305004.85999999987,<0.70
ANGELONE.NS,2023-05-08,2023-06-06,120.42,120,130,123.2,137.23,13.97,0.2439,0.625,4,3.2,2.655,625,4251.58,212.75,True,309256.4399999999,<0.70
ANGELONE.NS,2023-05-09,2023-06-07,123.42,125,130,126.7,138.41,12.14,0.2521,0.667,4,1.7,1.379,1174,3871.31,193.69,True,313127.7499999999,<0.70
TCS.NS,2023-05-10,2023-06-08,2966.07,2965,3105,3013.77,2920.63,-1.53,0.1622,0.643,4,48.77,1.644,41,-1999.5,-100.0,False,311128.2499999999,<0.70
RELIANCE.NS,2023-05-10,2023-06-08,1134.44,1135,1170,1147.96,1135.83,0.12,0.1129,0.763,4,12.96,1.142,154,-1867.97,-93.59,False,309260.2799999999,0.70-0.80
BHARTIARTL.NS,2023-05-18,2023-06-16,784.73,785,820,797.24,822.47,4.81,0.159,0.835,5,12.24,1.56,163,3709.09,185.83,True,312969.3699999999,0.80-0.88
BHARTIARTL.NS,2023-05-19,2023-06-19,791.01,790,825,802.7,813.0,2.78,0.1579,0.868,4,12.7,1.606,157,1616.58,81.07,True,314585.94999999984,0.80-0.88
TCS.NS,2023-05-19,2023-06-19,2908.36,2910,3015,2947.48,2918.67,0.35,0.1274,0.769,4,37.48,1.289,53,-1527.06,-76.86,False,313058.8899999999,0.70-0.80
RELIANCE.NS,2023-05-19,2023-06-19,1109.61,1110,1150,1124.32,1159.53,4.5,0.1258,0.815,4,14.32,1.29,139,3570.03,179.4,True,316628.91999999987,0.80-0.88
RELIANCE.NS,2023-05-22,2023-06-20,1115.54,1115,1155,1129.7,1161.94,4.16,0.1263,0.808,4,14.7,1.317,136,3441.4,172.19,True,320070.31999999983,0.80-0.88
TCS.NS,2023-05-22,2023-06-20,2976.81,2975,3095,3017.95,2934.4,-1.42,0.1374,0.877,4,42.95,1.443,46,-1975.81,-100.0,False,318094.5099999999,0.80-0.88
RELIANCE.NS,2023-05-23,2023-06-21,1115.34,1115,1155,1129.63,1165.21,4.47,0.1264,0.799,4,14.63,1.311,136,3450.8,173.48,True,321545.3099999998,0.70-0.80
APARINDS.NS,2023-05-23,2023-06-21,2755.79,2755,2975,2841.54,3093.52,12.26,0.6947,0.877,4,86.54,3.14,23,3069.47,154.2,True,324614.77999999985,0.80-0.88
TCS.NS,2023-05-23,2023-06-21,2975.32,2975,3095,3017.41,2962.13,-0.44,0.1374,0.859,4,42.41,1.425,47,-1993.37,-100.0,False,322621.40999999986,0.80-0.88
BHARTIARTL.NS,2023-05-24,2023-06-22,786.74,785,820,797.58,827.38,5.17,0.1433,0.879,5,12.58,1.599,158,3542.26,178.21,True,326163.66999999987,0.80-0.88
RELIANCE.NS,2023-05-24,2023-06-22,1108.84,1110,1150,1124.1,1152.12,3.9,0.1275,0.827,4,14.1,1.272,141,3651.37,183.61,True,329815.03999999986,0.80-0.88
BAJFINANCE.NS,2023-05-24,2023-06-22,664.14,665,710,679.52,688.03,3.6,0.2294,0.794,4,14.52,2.186,137,1166.2,58.64,True,330981.2399999999,0.70-0.80
BAJFINANCE.NS,2023-05-25,2023-06-23,669.54,670,715,684.66,684.08,2.17,0.2272,0.834,4,14.66,2.189,136,-78.79,-3.95,False,330902.44999999984,0.80-0.88
BAJFINANCE.NS,2023-05-26,2023-06-26,675.75,675,720,689.92,684.96,1.36,0.2181,0.802,4,14.92,2.208,134,-664.18,-33.22,False,330238.2699999999,0.80-0.88
APARINDS.NS,2023-05-26,2023-06-26,2688.85,2690,2905,2774.22,3274.55,21.78,0.6888,0.697,4,84.22,3.132,23,3007.87,155.27,True,333246.1399999999,<0.70
ANANDRATHI.NS,2023-05-29,2023-06-27,211.79,210,225,215.1,213.59,0.85,0.1782,0.797,4,5.1,2.409,391,-591.83,-29.66,False,332654.3099999999,0.70-0.80
BAJFINANCE.NS,2023-05-29,2023-06-27,678.44,680,720,693.25,686.98,1.26,0.2164,0.814,4,13.25,1.953,150,-940.85,-47.35,False,331713.45999999985,0.80-0.88
BAJFINANCE.NS,2023-05-30,2023-06-28,685.66,685,730,699.89,693.92,1.2,0.214,0.774,4,14.89,2.172,134,-799.95,-40.09,False,330913.5099999999,0.70-0.80
ABCAPITAL.NS,2023-05-30,2023-06-28,171.1,170,185,174.97,193.5,13.09,0.2606,0.837,5,4.97,2.907,402,4030.3,201.54,True,334943.8099999998,0.80-0.88
ANANDRATHI.NS,2023-05-30,2023-06-28,211.49,210,220,214.04,213.98,1.18,0.1746,0.756,4,4.04,1.912,494,-29.97,-1.5,False,334913.83999999985,0.70-0.80
APARINDS.NS,2023-05-31,2023-06-30,2716.06,2715,2935,2801.17,3391.04,24.85,0.6732,0.672,4,86.17,3.173,23,3078.01,155.3,True,337991.84999999986,<0.70
ABCAPITAL.NS,2023-05-31,2023-06-30,170.3,170,185,174.65,196.3,15.27,0.2599,0.835,5,4.65,2.731,430,4450.3,222.55,True,342442.14999999985,0.80-0.88
ANANDRATHI.NS,2023-05-31,2023-06-30,211.93,210,220,214.19,213.35,0.67,0.1728,0.74,4,4.19,1.977,477,-398.64,-19.94,False,342043.50999999983,0.70-0.80
APARINDS.NS,2023-06-01,2023-07-03,2657.09,2655,2870,2739.42,3464.23,30.38,0.6764,0.641,4,84.42,3.177,23,3003.33,154.68,True,345046.83999999985,<0.70
ABREL.NS,2023-06-02,2023-07-04,782.83,785,845,804.33,869.39,11.06,0.2798,0.797,4,19.33,2.469,103,4189.0,210.4,True,349235.83999999985,0.70-0.80
APARINDS.NS,2023-06-06,2023-07-06,2703.46,2705,2920,2778.43,3412.97,26.24,0.3211,0.618,4,73.43,2.716,27,3822.4,192.8,True,353058.2399999998,<0.70
APOLLO.NS,2023-06-07,2023-07-07,35.04,35,40,36.2,48.22,37.61,0.2959,0.859,5,1.2,3.437,1660,6300.84,315.17,True,359359.07999999984,0.80-0.88
ANANDRATHI.NS,2023-06-07,2023-07-07,211.98,210,225,215.22,224.92,6.11,0.1812,0.689,5,5.22,2.461,383,3717.23,186.04,True,363076.3099999998,<0.70
ABCAPITAL.NS,2023-06-07,2023-07-07,173.45,175,185,178.17,189.25,9.11,0.2456,0.859,4,3.17,1.827,631,4310.61,215.6,True,367386.9199999998,0.80-0.88
ABREL.NS,2023-06-07,2023-07-07,799.85,800,855,818.09,908.24,13.55,0.2352,0.727,5,18.09,2.262,110,4060.09,204.03,True,371447.00999999983,0.70-0.80
APARINDS.NS,2023-06-07,2023-07-07,2740.1,2740,2960,2815.28,3403.1,24.2,0.3203,0.619,5,75.28,2.747,26,3762.61,192.23,True,375209.6199999998,<0.70
ABREL.NS,2023-06-08,2023-07-10,796.49,795,850,813.63,892.55,12.06,0.2356,0.752,4,18.63,2.339,107,3891.6,195.22,True,379101.2199999998,0.70-0.80
ANANDRATHI.NS,2023-06-08,2023-07-10,213.13,215,225,217.97,229.42,7.64,0.1765,0.708,4,2.97,1.396,672,4720.89,236.15,True,383822.1099999998,0.70-0.80
APARINDS.NS,2023-06-09,2023-07-11,2965.79,2965,3205,3048.55,3321.41,11.99,0.34,0.788,5,83.55,2.817,23,3598.43,187.27,True,387420.5399999998,0.70-0.80
ANANDRATHI.NS,2023-06-09,2023-07-11,214.61,215,225,218.43,231.21,7.73,0.1734,0.747,4,3.43,1.596,583,3832.98,191.93,True,391253.5199999998,0.70-0.80
APARINDS.NS,2023-06-12,2023-07-12,2974.0,2975,3210,3056.68,3404.67,14.48,0.3348,0.815,5,81.68,2.747,24,3679.61,187.7,True,394933.1299999998,0.80-0.88
BAJFINANCE.NS,2023-06-12,2023-07-12,694.65,695,715,702.58,730.46,5.15,0.1104,0.763,4,7.58,1.091,263,3266.8,163.9,True,398199.92999999976,0.70-0.80
ABREL.NS,2023-06-12,2023-07-12,797.43,795,840,810.61,879.39,10.28,0.1769,0.712,5,15.61,1.957,128,3762.03,188.29,True,401961.9599999998,0.70-0.80
APOLLO.NS,2023-06-13,2023-07-13,36.49,35,40,36.99,53.06,45.42,0.3269,0.797,5,1.99,5.452,1005,3025.78,151.35,True,404987.7399999998,0.70-0.80
ABREL.NS,2023-06-13,2023-07-13,794.7,795,835,808.66,887.85,11.72,0.1748,0.745,4,13.66,1.719,146,3845.93,192.87,True,408833.6699999998,0.70-0.80
BAJFINANCE.NS,2023-06-13,2023-07-13,701.41,700,725,709.25,734.65,4.74,0.1095,0.774,4,9.25,1.319,216,3401.96,170.26,True,412235.62999999983,0.70-0.80
APOLLO.NS,2023-06-14,2023-07-14,38.28,40,45,40.85,55.7,45.5,0.3608,0.875,4,0.85,2.21,2363,9815.42,490.87,True,422051.0499999998,0.80-0.88
RELIANCE.NS,2023-06-14,2023-07-14,1159.55,1160,1210,1177.43,1245.36,7.4,0.1504,0.865,5,17.43,1.503,114,3713.05,186.87,True,425764.0999999998,0.80-0.88
BAJFINANCE.NS,2023-06-15,2023-07-17,697.48,695,720,704.46,738.22,5.84,0.1,0.762,4,9.46,1.356,211,3278.75,164.25,True,429042.8499999998,0.70-0.80
BAJFINANCE.NS,2023-06-16,2023-07-18,704.98,705,725,712.61,729.28,3.45,0.1034,0.763,5,7.61,1.08,262,3245.69,162.75,True,432288.5399999998,0.70-0.80
BAJFINANCE.NS,2023-06-19,2023-07-19,722.89,725,750,733.58,745.47,3.12,0.1294,0.867,5,8.58,1.187,233,2770.4,138.57,True,435058.9399999998,0.80-0.88
BHARTIARTL.NS,2023-06-22,2023-07-24,827.38,825,875,842.49,871.9,5.38,0.2039,0.795,4,17.49,2.114,114,3352.51,168.12,True,438411.44999999984,0.70-0.80
APARINDS.NS,2023-07-12,2023-08-10,3404.67,3405,3675,3502.61,3927.37,15.35,0.3876,0.872,4,97.61,2.867,20,3447.8,176.61,True,441859.2499999998,0.80-0.88
ABCAPITAL.NS,2023-07-31,2023-08-30,195.8,195,210,199.84,181.2,-7.46,0.2169,0.784,4,4.84,2.471,413,-1998.37,-100.0,False,439860.87999999983,0.70-0.80
BAJFINANCE.NS,2023-08-21,2023-09-20,692.74,695,730,706.42,740.98,6.96,0.1813,0.824,4,11.42,1.648,175,4127.26,206.6,True,443988.13999999984,0.80-0.88
BAJFINANCE.NS,2023-08-22,2023-09-21,694.88,695,730,707.17,735.59,5.86,0.1825,0.817,4,12.17,1.751,164,3744.4,187.63,True,447732.53999999986,0.80-0.88
BAJFINANCE.NS,2023-08-25,2023-09-26,708.79,710,740,720.47,773.58,9.14,0.1611,0.848,5,10.47,1.478,190,3710.14,186.45,True,451442.6799999999,0.80-0.88
ANGELONE.NS,2023-08-29,2023-09-28,169.96,170,185,175.51,179.44,5.58,0.4896,0.857,4,5.51,3.24,363,1429.01,71.48,True,452871.6899999999,0.80-0.88
ABREL.NS,2023-08-29,2023-09-28,1024.84,1025,1105,1051.78,1075.29,4.92,0.2905,0.867,4,26.78,2.613,74,1739.69,87.79,True,454611.3799999999,0.80-0.88
ABB.NS,2023-08-29,2023-09-28,4246.04,4245,4525,4338.69,4032.55,-5.03,0.2293,0.762,4,93.69,2.206,21,-1967.4,-100.0,False,452643.97999999986,0.70-0.80
ABB.NS,2023-08-30,2023-09-29,4272.69,4275,4555,4368.02,4029.16,-5.7,0.2306,0.679,4,93.02,2.177,21,-1953.44,-100.0,False,450690.53999999986,<0.70
TITAN.NS,2023-08-30,2023-09-29,3052.91,3055,3185,3100.5,3118.88,2.16,0.1527,0.877,4,45.5,1.49,43,790.39,40.4,True,451480.9299999999,0.80-0.88
ABCAPITAL.NS,2023-08-31,2023-10-03,181.15,180,190,183.76,180.7,-0.25,0.1815,0.816,4,3.76,2.075,532,-1626.96,-81.37,False,449853.96999999986,0.80-0.88
TITAN.NS,2023-08-31,2023-10-03,3074.95,3075,3205,3121.05,3165.88,2.96,0.1497,0.814,5,46.05,1.498,43,1927.6,97.34,True,451781.56999999983,0.80-0.88
ABB.NS,2023-08-31,2023-10-03,4307.69,4310,4575,4398.56,4022.97,-6.61,0.2161,0.662,5,88.56,2.056,22,-1948.39,-100.0,False,449833.1799999998,<0.70
ABCAPITAL.NS,2023-09-01,2023-10-04,184.1,185,195,188.05,175.5,-4.67,0.1811,0.833,4,3.05,1.654,656,-1997.89,-100.0,False,447835.2899999998,0.80-0.88
TCS.NS,2023-09-04,2023-10-05,3115.94,3115,3225,3155.12,3271.67,5.0,0.1222,0.783,4,40.12,1.288,49,3424.14,174.18,True,451259.4299999998,0.70-0.80
BAJFINANCE.NS,2023-09-04,2023-10-05,714.56,715,750,726.91,771.63,7.99,0.1692,0.8,4,11.91,1.666,167,3856.34,193.92,True,455115.76999999984,0.70-0.80
ABB.NS,2023-09-05,2023-10-06,4365.94,4365,4660,4463.52,4063.42,-6.93,0.2358,0.791,4,98.52,2.257,20,-1970.41,-100.0,False,453145.35999999987,0.70-0.80
TCS.NS,2023-09-05,2023-10-06,3125.83,3125,3230,3163.43,3300.89,5.6,0.1145,0.774,4,38.43,1.229,52,3461.88,173.26,True,456607.2399999999,0.70-0.80
TITAN.NS,2023-09-06,2023-10-09,3145.87,3145,3255,3185.02,3236.45,2.88,0.1196,0.85,5,40.02,1.272,49,2520.21,128.52,True,459127.4499999999,0.80-0.88
APARINDS.NS,2023-09-06,2023-10-09,4821.64,4820,5205,4960.23,5193.79,7.72,0.3978,0.754,4,140.23,2.908,14,3269.76,166.55,True,462397.2099999999,0.70-0.80
BAJFINANCE.NS,2023-09-06,2023-10-09,726.12,725,760,737.57,789.01,8.66,0.1709,0.762,4,12.57,1.732,159,3565.71,178.35,True,465962.9199999999,0.70-0.80
ABB.NS,2023-09-06,2023-10-09,4424.43,4425,4725,4524.81,4030.59,-8.9,0.2378,0.831,5,99.81,2.256,20,-1996.29,-100.0,False,463966.62999999995,0.80-0.88
APOLLO.NS,2023-09-07,2023-10-10,58.55,60,65,61.53,66.61,13.78,0.4709,0.699,4,1.53,2.613,1307,4535.16,226.78,True,468501.7899999999,<0.70
TITAN.NS,2023-09-07,2023-10-10,3142.65,3145,3250,3182.67,3238.14,3.04,0.1174,0.83,4,37.67,1.199,53,2939.79,147.26,True,471441.5799999999,0.80-0.88
BAJFINANCE.NS,2023-09-07,2023-10-10,723.7,725,760,736.68,794.51,9.78,0.1691,0.771,4,11.68,1.615,171,3986.92,199.54,True,475428.4999999999,0.70-0.80
TCS.NS,2023-09-08,2023-10-11,3137.27,3135,3240,3174.15,3290.4,4.88,0.116,0.801,4,39.15,1.248,51,3358.45,168.21,True,478786.9499999999,0.80-0.88
APARINDS.NS,2023-09-08,2023-10-11,4812.5,4815,5200,4954.26,5260.14,9.3,0.3995,0.589,4,139.26,2.894,14,3440.42,176.47,True,482227.3699999999,<0.70
APOLLO.NS,2023-09-08,2023-10-11,57.1,55,60,57.34,65.72,15.09,0.4723,0.803,4,2.34,4.09,856,2280.71,114.08,True,484508.0799999999,0.80-0.88
APARINDS.NS,2023-09-11,2023-10-12,4970.79,4970,5370,5115.72,5416.64,8.97,0.4053,0.631,4,145.72,2.931,13,3305.69,174.51,True,487813.7699999999,<0.70
TITAN.NS,2023-09-11,2023-10-12,3182.77,3185,3285,3221.54,3253.79,2.23,0.1133,0.825,4,36.54,1.148,54,1741.43,88.26,True,489555.1999999999,0.80-0.88
BHARTIARTL.NS,2023-09-12,2023-10-13,878.12,880,915,891.94,941.04,7.17,0.1435,0.822,4,11.94,1.36,167,3851.19,193.16,True,493406.3899999999,0.80-0.88
RELIANCE.NS,2023-09-14,2023-10-17,1212.03,1210,1255,1226.58,1163.59,-4.0,0.1203,0.625,4,16.58,1.368,120,-1989.47,-100.0,False,491416.9199999999,<0.70
BAJFINANCE.NS,2023-09-14,2023-10-17,736.59,735,770,747.38,795.43,7.99,0.1517,0.804,4,12.38,1.68,161,3642.58,182.82,True,495059.49999999994,0.80-0.88
BAJFINANCE.NS,2023-09-20,2023-10-20,740.98,740,765,749.54,763.6,3.05,0.1207,0.811,4,9.54,1.287,209,2939.94,147.48,True,497999.43999999994,0.80-0.88
RELIANCE.NS,2023-09-26,2023-10-27,1157.29,1155,1200,1171.48,1119.4,-3.27,0.124,0.799,4,16.48,1.424,121,-1994.66,-100.0,False,496004.77999999997,0.70-0.80
RELIANCE.NS,2023-09-27,2023-10-30,1170.34,1170,1215,1186.03,1142.47,-2.38,0.1293,0.783,4,16.03,1.37,124,-1987.98,-100.0,False,494016.8,0.70-0.80
ABB.NS,2023-09-27,2023-10-30,4161.98,4160,4495,4271.68,4001.58,-3.85,0.2921,0.876,4,111.68,2.683,17,-1898.61,-100.0,False,492118.19,0.80-0.88
RELIANCE.NS,2023-09-28,2023-10-31,1153.14,1155,1200,1170.49,1130.32,-1.98,0.1381,0.83,4,15.49,1.343,129,-1998.51,-100.0,False,490119.68,0.80-0.88
AJMERA.NS,2023-09-29,2023-11-01,75.19,75,80,76.96,73.83,-1.82,0.3959,0.821,4,1.96,2.601,1022,-1998.72,-100.0,False,488120.96,0.80-0.88
BHARTIARTL.NS,2023-10-16,2023-11-16,933.5,935,975,948.91,936.46,0.32,0.1608,0.843,4,13.91,1.49,143,-1780.73,-89.51,False,486340.23000000004,0.80-0.88
RELIANCE.NS,2023-10-17,2023-11-17,1163.59,1165,1210,1180.79,1163.74,0.01,0.1401,0.663,4,15.79,1.357,126,-1989.45,-100.0,False,484350.78,<0.70
APARINDS.NS,2023-11-09,2023-12-12,5123.39,5125,5535,5264.81,5202.53,1.54,0.3192,0.863,4,139.81,2.729,14,-871.86,-44.54,False,483478.92000000004,0.80-0.88
ABREL.NS,2023-11-13,2023-12-14,1198.28,1200,1295,1233.28,1237.44,3.27,0.3595,0.701,4,33.28,2.778,60,249.27,12.48,True,483728.19000000006,0.70-0.80
APARINDS.NS,2023-11-13,2023-12-14,5363.48,5365,5795,5518.44,5311.66,-0.97,0.3755,0.778,5,153.44,2.861,13,-1994.68,-100.0,False,481733.51000000007,0.70-0.80
ABCAPITAL.NS,2023-11-13,2023-12-14,177.9,180,190,183.13,166.3,-6.52,0.2569,0.835,4,3.13,1.758,639,-1998.94,-100.0,False,479734.57000000007,0.80-0.88
BHARTIARTL.NS,2023-11-15,2023-12-15,936.9,935,980,950.96,978.87,4.48,0.1573,0.772,4,15.96,1.704,125,3488.14,174.83,True,483222.7100000001,0.70-0.80
ABCAPITAL.NS,2023-11-15,2023-12-15,181.7,180,195,185.37,165.6,-8.86,0.2684,0.859,5,5.37,2.958,372,-1999.33,-100.0,False,481223.38000000006,0.80-0.88
APARINDS.NS,2023-11-15,2023-12-15,5554.23,5555,6000,5715.69,5339.23,-3.87,0.392,0.785,5,160.69,2.893,12,-1928.33,-100.0,False,479295.05000000005,0.70-0.80
RELIANCE.NS,2023-11-15,2023-12-15,1164.19,1165,1220,1184.13,1232.93,5.91,0.1728,0.852,4,19.13,1.643,104,3730.59,187.52,True,483025.6400000001,0.80-0.88
TCS.NS,2023-11-15,2023-12-15,3111.03,3110,3260,3161.97,3528.39,13.42,0.1648,0.853,4,51.97,1.67,38,3725.2,188.64,True,486750.8400000001,0.80-0.88
RELIANCE.NS,2023-11-16,2023-12-18,1166.29,1165,1225,1185.78,1245.48,6.79,0.1721,0.801,5,20.78,1.781,96,3765.45,188.79,True,490516.2900000001,0.80-0.88
BHARTIARTL.NS,2023-11-16,2023-12-18,936.46,935,980,950.72,976.6,4.29,0.1549,0.715,4,15.72,1.678,127,3286.88,164.67,True,493803.1700000001,0.70-0.80
ANANTRAJ.NS,2023-11-17,2023-12-19,257.87,260,280,266.63,302.4,17.27,0.3637,0.807,5,6.63,2.572,301,4024.0,201.6,True,497827.1700000001,0.80-0.88
ANANTRAJ.NS,2023-11-20,2023-12-20,253.33,255,275,261.7,289.78,14.39,0.3641,0.771,4,6.7,2.645,298,3963.27,198.49,True,501790.4400000001,0.70-0.80
RELIANCE.NS,2023-11-21,2023-12-21,1175.28,1175,1230,1194.36,1266.01,7.72,0.1667,0.84,4,19.36,1.647,103,3671.34,184.15,True,505461.78000000014,0.80-0.88
BHARTIARTL.NS,2023-11-21,2023-12-21,957.47,955,1000,971.45,964.42,0.73,0.162,0.783,4,16.45,1.718,121,-851.16,-42.76,False,504610.62000000017,0.70-0.80
RELIANCE.NS,2023-11-24,2023-12-27,1182.69,1185,1230,1200.59,1278.01,8.06,0.1395,0.781,4,15.59,1.318,128,3764.79,188.69,True,508375.41000000015,0.70-0.80
TITAN.NS,2023-11-28,2023-12-28,3409.69,3410,3560,3462.48,3679.8,7.92,0.1533,0.837,4,52.48,1.539,38,3705.66,185.81,True,512081.0700000001,0.80-0.88
ABREL.NS,2023-11-28,2023-12-28,1227.54,1230,1325,1261.68,1216.04,-0.94,0.3031,0.838,5,31.68,2.581,63,-1995.72,-100.0,False,510085.35000000015,0.80-0.88
RELIANCE.NS,2023-11-28,2023-12-28,1182.93,1185,1225,1199.32,1287.25,8.82,0.1298,0.814,5,14.32,1.211,139,3569.09,179.27,True,513654.4400000002,0.80-0.88
ABREL.NS,2023-11-29,2023-12-29,1242.96,1245,1340,1276.93,1216.54,-2.13,0.3017,0.829,5,31.93,2.569,62,-1979.79,-100.0,False,511674.6500000002,0.80-0.88
TITAN.NS,2023-12-01,2024-01-02,3456.34,3455,3600,3506.41,3663.11,5.98,0.144,0.827,4,51.41,1.487,38,3556.39,182.04,True,515231.0400000002,0.80-0.88
ABREL.NS,2023-12-01,2024-01-02,1271.27,1270,1375,1304.84,1259.58,-0.92,0.2927,0.854,4,34.84,2.741,57,-1985.99,-100.0,False,513245.0500000002,0.80-0.88
BAJFINANCE.NS,2023-12-04,2024-01-03,728.07,730,775,744.48,725.82,-0.31,0.2158,0.723,4,14.48,1.989,138,-1998.61,-100.0,False,511246.44000000024,0.70-0.80
TCS.NS,2023-12-04,2024-01-03,3209.86,3210,3355,3260.83,3373.72,5.1,0.1595,0.842,4,50.83,1.583,39,3672.71,185.28,True,514919.15000000026,0.80-0.88
ABCAPITAL.NS,2023-12-04,2024-01-03,172.55,175,185,178.04,170.4,-1.25,0.2667,0.74,4,3.04,1.762,657,-1997.14,-100.0,False,512922.01000000024,0.70-0.80
RELIANCE.NS,2023-12-04,2024-01-03,1195.68,1195,1235,1209.73,1276.26,6.74,0.1126,0.85,5,14.73,1.232,135,3411.6,171.57,True,516333.6100000002,0.80-0.88
TCS.NS,2023-12-05,2024-01-04,3227.36,3225,3375,3277.7,3350.92,3.83,0.1588,0.831,4,52.7,1.633,37,2709.19,138.95,True,519042.8000000002,0.80-0.88
ABCAPITAL.NS,2023-12-05,2024-01-04,172.5,170,185,175.58,174.1,0.93,0.2666,0.777,5,5.58,3.233,358,-528.47,-26.47,False,518514.33000000025,0.70-0.80
BAJFINANCE.NS,2023-12-07,2024-01-08,726.45,725,770,740.37,760.34,4.66,0.2057,0.697,4,15.37,2.116,130,2596.04,129.91,True,521110.3700000002,<0.70
APARINDS.NS,2023-12-14,2024-01-15,5311.66,5310,5735,5451.96,5285.18,-0.5,0.2931,0.705,4,141.96,2.673,14,-1987.42,-100.0,False,519122.95000000024,0.70-0.80
AJMERA.NS,2023-12-14,2024-01-15,83.9,85,90,86.71,101.27,20.7,0.3585,0.824,4,1.71,2.039,1169,3845.15,192.27,True,522968.10000000027,0.80-0.88
BAJFINANCE.NS,2023-12-14,2024-01-15,734.61,735,780,750.09,734.98,0.05,0.2169,0.836,4,15.09,2.054,132,-1991.87,-100.0,False,520976.2300000003,0.80-0.88
AJMERA.NS,2023-12-15,2024-01-16,84.37,85,90,86.79,100.37,18.97,0.3442,0.755,4,1.79,2.122,1117,3585.13,179.27,True,524561.3600000003,0.70-0.80
BAJFINANCE.NS,2023-12-15,2024-01-16,738.62,740,785,754.56,732.89,-0.78,0.2078,0.803,4,14.56,1.971,137,-1994.11,-100.0,False,522567.2500000003,0.80-0.88
BAJFINANCE.NS,2023-12-18,2024-01-17,745.76,745,785,759.12,723.27,-3.01,0.1951,0.773,4,14.12,1.893,141,-1990.31,-100.0,False,520576.9400000003,0.70-0.80
AJMERA.NS,2023-12-19,2024-01-18,84.97,85,90,86.92,113.59,33.68,0.3424,0.744,5,1.92,2.263,1040,3200.38,160.05,True,523777.3200000003,0.70-0.80
ABCAPITAL.NS,2023-12-22,2024-01-24,159.7,160,170,163.5,165.8,3.82,0.269,0.878,4,3.5,2.19,571,1314.46,65.81,True,525091.7800000003,0.80-0.88
APARINDS.NS,2023-12-22,2024-01-24,5589.99,5590,6010,5728.28,5561.59,-0.51,0.2623,0.716,5,138.28,2.474,14,-1935.92,-100.0,False,523155.86000000034,0.70-0.80
ABCAPITAL.NS,2023-12-26,2024-01-25,159.9,160,170,163.55,165.75,3.66,0.2668,0.856,4,3.55,2.219,563,1239.75,62.07,True,524395.6100000003,0.80-0.88
APARINDS.NS,2023-12-26,2024-01-25,5554.87,5555,5965,5690.42,5400.68,-2.78,0.2589,0.755,4,135.42,2.438,14,-1895.81,-100.0,False,522499.80000000034,0.70-0.80
APARINDS.NS,2023-12-27,2024-01-29,5727.04,5725,6150,5865.33,5683.76,-0.76,0.2568,0.841,4,140.33,2.45,14,-1964.67,-100.0,False,520535.13000000035,0.80-0.88
ABCAPITAL.NS,2023-12-27,2024-01-29,161.75,160,175,165.16,168.3,4.05,0.2688,0.862,4,5.16,3.192,387,1213.89,60.75,True,521749.02000000037,0.80-0.88
ABCAPITAL.NS,2023-12-28,2024-01-30,161.65,160,175,165.12,168.45,4.21,0.2686,0.876,4,5.12,3.168,390,1298.49,65.02,True,523047.51000000036,0.80-0.88
APOLLO.NS,2024-01-02,2024-02-02,125.39,125,135,128.84,123.54,-1.47,0.4708,0.768,4,3.84,3.062,520,-1996.42,-100.0,False,521051.0900000004,0.70-0.80
APOLLO.NS,2024-01-03,2024-02-05,131.63,130,140,134.15,129.68,-1.48,0.4802,0.828,4,4.15,3.151,482,-1999.38,-100.0,False,519051.71000000037,0.80-0.88
ABB.NS,2024-01-04,2024-02-06,4743.41,4745,5065,4851.4,4328.77,-8.74,0.2378,0.877,4,106.4,2.243,18,-1915.19,-100.0,False,517136.52000000037,0.80-0.88
ANANDRATHI.NS,2024-01-18,2024-02-20,671.17,670,725,689.22,910.92,35.72,0.3327,0.861,4,19.22,2.864,104,3720.67,186.1,True,520857.19000000035,0.80-0.88
ANANDRATHI.NS,2024-01-19,2024-02-21,686.38,685,740,704.34,902.26,31.45,0.3263,0.84,4,19.34,2.818,103,3672.72,184.35,True,524529.9100000004,0.80-0.88
ANANDRATHI.NS,2024-01-23,2024-02-22,692.28,690,750,710.69,904.38,30.64,0.3252,0.869,4,20.69,2.989,96,3773.65,189.98,True,528303.5600000003,0.80-0.88
APOLLO.NS,2024-02-01,2024-03-01,123.79,125,135,128.26,133.48,7.83,0.3766,0.835,4,3.26,2.633,613,3198.29,160.05,True,531501.8500000003,0.80-0.88
APOLLO.NS,2024-02-06,2024-03-06,132.33,130,145,135.45,119.2,-9.92,0.3687,0.834,4,5.45,4.116,367,-1998.83,-100.0,False,529503.0200000003,0.80-0.88
BAJFINANCE.NS,2024-02-20,2024-03-21,664.77,665,720,683.28,660.06,-0.71,0.3087,0.798,4,18.28,2.75,109,-1992.76,-100.0,False,527510.2600000002,0.70-0.80
RELIANCE.NS,2024-02-20,2024-03-21,1453.5,1455,1570,1494.04,1433.69,-1.36,0.3179,0.853,4,39.04,2.686,51,-1990.79,-100.0,False,525519.4700000003,0.80-0.88
RELIANCE.NS,2024-02-23,2024-03-27,1475.83,1475,1595,1514.99,1475.06,-0.05,0.2947,0.828,4,39.99,2.71,50,-1996.33,-99.85,False,523523.1400000003,0.80-0.88
ABREL.NS,2024-02-26,2024-03-28,1484.27,1485,1605,1529.53,1621.89,9.27,0.4583,0.874,4,44.53,3.0,44,3320.48,169.45,True,526843.6200000003,0.80-0.88
ANANDRATHI.NS,2024-02-28,2024-04-02,905.64,905,980,931.7,851.99,-5.92,0.3754,0.788,4,26.7,2.948,74,-1975.67,-100.0,False,524867.9500000003,0.70-0.80
BAJFINANCE.NS,2024-02-29,2024-04-03,638.4,640,675,651.74,718.4,12.53,0.2071,0.816,4,11.74,1.839,170,3954.22,198.13,True,528822.1700000003,0.80-0.88
ANANDRATHI.NS,2024-02-29,2024-04-03,903.36,905,975,929.35,866.51,-4.08,0.345,0.752,5,24.35,2.696,82,-1996.91,-100.0,False,526825.2600000002,0.70-0.80
ANGELONE.NS,2024-03-04,2024-04-05,278.26,280,300,287.14,287.84,3.45,0.4035,0.818,4,7.14,2.564,280,198.49,9.93,True,527023.7500000002,0.80-0.88
TITAN.NS,2024-03-21,2024-04-25,3593.08,3595,3840,3675.96,3537.17,-1.56,0.239,0.841,4,80.96,2.253,24,-1943.13,-100.0,False,525080.6200000003,0.80-0.88
BHARTIARTL.NS,2024-03-28,2024-05-02,1211.66,1210,1290,1236.89,1286.07,6.14,0.2214,0.85,5,26.89,2.22,74,3639.2,182.86,True,528719.8200000003,0.80-0.88
RELIANCE.NS,2024-03-28,2024-05-02,1468.15,1470,1565,1501.66,1449.08,-1.3,0.2359,0.838,4,31.66,2.156,63,-1994.5,-100.0,False,526725.3200000003,0.80-0.88
BHARTIARTL.NS,2024-04-01,2024-05-03,1200.57,1200,1280,1226.61,1259.79,4.93,0.2263,0.811,4,26.61,2.216,75,2488.77,124.73,True,529214.0900000003,0.80-0.88
APOLLO.NS,2024-04-03,2024-05-07,110.06,110,120,113.83,101.72,-7.58,0.6737,0.835,4,3.83,3.48,522,-1999.25,-100.0,False,527214.8400000003,0.80-0.88
ANANTRAJ.NS,2024-04-03,2024-05-07,327.98,330,355,339.41,357.8,9.09,0.5708,0.876,4,9.41,2.868,212,3305.76,165.76,True,530520.6000000003,0.80-0.88
AJMERA.NS,2024-04-04,2024-05-08,158.8,160,170,163.96,161.94,1.98,0.7845,0.823,5,3.96,2.495,504,-1017.8,-50.97,False,529502.8000000003,0.80-0.88
APOLLO.NS,2024-04-04,2024-05-08,112.95,115,120,116.93,103.47,-8.4,0.6071,0.811,5,1.93,1.713,1033,-1998.54,-100.0,False,527504.2600000004,0.80-0.88
AJMERA.NS,2024-04-05,2024-05-09,158.47,160,170,163.93,155.16,-2.09,0.7833,0.819,4,3.93,2.478,509,-1998.8,-100.0,False,525505.4600000004,0.80-0.88
ANANTRAJ.NS,2024-04-10,2024-05-14,344.53,345,370,354.77,373.01,8.26,0.5704,0.767,5,9.77,2.836,204,3106.71,155.86,True,528612.1700000004,0.70-0.80
ANANTRAJ.NS,2024-04-12,2024-05-15,337.45,335,365,346.71,380.84,12.86,0.5398,0.76,5,11.71,3.469,170,3109.85,156.26,True,531722.0200000004,0.70-0.80
RELIANCE.NS,2024-04-12,2024-05-15,1449.67,1450,1540,1480.36,1399.4,-3.47,0.2213,0.864,4,30.36,2.094,65,-1973.32,-100.0,False,529748.7000000004,0.80-0.88
ANANTRAJ.NS,2024-04-22,2024-05-23,350.37,350,380,360.22,383.58,9.48,0.3325,0.836,4,10.22,2.918,195,3856.34,193.43,True,533605.0400000004,0.80-0.88
APOLLO.NS,2024-04-23,2024-05-24,108.06,110,115,111.87,110.76,2.5,0.4946,0.757,4,1.87,1.732,1068,-1190.33,-59.56,False,532414.7100000004,0.70-0.80
APOLLO.NS,2024-04-24,2024-05-27,109.01,110,120,113.42,111.16,1.97,0.4934,0.781,4,3.42,3.135,585,-1323.06,-66.17,False,531091.6500000004,0.70-0.80
ANANDRATHI.NS,2024-04-30,2024-05-31,987.71,990,1065,1018.34,1036.41,4.93,0.4976,0.827,4,28.34,2.869,70,1265.16,63.78,True,532356.8100000003,0.80-0.88
ANANDRATHI.NS,2024-05-02,2024-06-03,986.84,985,1065,1015.5,1013.25,2.68,0.4899,0.758,4,30.5,3.091,65,-146.45,-7.39,False,532210.3600000003,0.70-0.80
TITAN.NS,2024-05-03,2024-06-04,3500.32,3500,3715,3572.15,3208.17,-8.35,0.2119,0.82,4,72.15,2.061,27,-1948.03,-100.0,False,530262.3300000003,0.80-0.88
AJMERA.NS,2024-05-06,2024-06-05,164.55,165,180,170.06,128.41,-21.96,0.3922,0.825,4,5.06,3.073,395,-1997.36,-100.0,False,528264.9700000003,0.80-0.88
ANANDRATHI.NS,2024-05-07,2024-06-06,988.64,990,1070,1019.41,989.39,0.08,0.4522,0.619,4,29.41,2.975,68,-1999.98,-100.0,False,526264.9900000003,<0.70
ANGELONE.NS,2024-05-13,2024-06-12,239.42,240,260,246.84,254.75,6.4,0.3657,0.827,4,6.84,2.858,292,2308.16,115.51,True,528573.1500000004,0.80-0.88
ANGELONE.NS,2024-05-14,2024-06-13,252.48,250,275,259.26,254.08,0.63,0.425,0.835,4,9.26,3.669,215,-1114.33,-55.95,False,527458.8200000003,0.80-0.88
BAJFINANCE.NS,2024-05-17,2024-06-19,661.21,660,715,679.61,711.0,7.53,0.3652,0.777,4,19.61,2.966,101,3169.68,160.0,True,530628.5000000002,0.70-0.80
ANANDRATHI.NS,2024-05-22,2024-06-21,998.6,1000,1050,1016.7,974.58,-2.41,0.1731,0.605,4,16.7,1.672,119,-1987.47,-100.0,False,528641.0300000003,<0.70
BAJFINANCE.NS,2024-05-23,2024-06-24,670.96,670,725,689.18,699.54,4.26,0.334,0.699,4,19.18,2.859,104,1077.49,54.01,True,529718.5200000003,<0.70
BAJFINANCE.NS,2024-05-28,2024-06-27,675.53,675,710,686.85,707.93,4.8,0.1662,0.636,4,11.85,1.755,168,3540.43,177.78,True,533258.9500000003,<0.70
ANANDRATHI.NS,2024-05-28,2024-06-27,1018.38,1020,1065,1035.56,957.04,-6.02,0.1644,0.538,4,15.56,1.528,128,-1992.03,-100.0,False,531266.9200000003,<0.70
ABCAPITAL.NS,2024-05-29,2024-06-28,225.85,225,245,231.74,238.71,5.69,0.3066,0.803,4,6.74,2.985,296,2062.35,103.33,True,533329.2700000003,0.80-0.88
ABB.NS,2024-05-31,2024-07-02,8206.95,8205,8865,8451.44,8400.59,2.36,0.4564,0.855,4,246.44,3.003,8,-406.83,-20.64,False,532922.4400000002,0.80-0.88
ANANTRAJ.NS,2024-05-31,2024-07-02,384.48,385,415,394.46,480.32,24.93,0.2579,0.829,4,9.46,2.459,211,4334.82,217.26,True,537257.2600000002,0.80-0.88
ANANDRATHI.NS,2024-05-31,2024-07-02,1036.41,1035,1085,1052.7,961.98,-7.18,0.1649,0.754,5,17.7,1.708,112,-1982.42,-100.0,False,535274.8400000003,0.70-0.80
BAJFINANCE.NS,2024-06-03,2024-07-03,679.7,680,725,694.67,717.02,5.49,0.2213,0.873,5,14.67,2.159,136,3039.07,152.28,True,538313.9100000003,0.80-0.88
TITAN.NS,2024-06-03,2024-07-03,3230.21,3230,3490,3319.39,3339.21,3.37,0.326,0.876,4,89.39,2.767,22,436.05,22.17,True,538749.9600000002,0.80-0.88
ANGELONE.NS,2024-06-03,2024-07-03,249.17,250,270,257.15,226.53,-9.08,0.4219,0.676,4,7.15,2.869,279,-1994.68,-100.0,False,536755.2800000003,<0.70
RELIANCE.NS,2024-06-20,2024-07-22,1456.14,1455,1575,1498.14,1482.79,1.83,0.3868,0.852,4,43.14,2.962,46,-705.73,-35.57,False,536049.5500000003,0.80-0.88
AJMERA.NS,2024-06-21,2024-07-23,140.36,140,150,143.93,139.45,-0.65,0.4661,0.666,4,3.93,2.8,508,-1996.8,-100.0,False,534052.7500000002,<0.70
ANGELONE.NS,2024-06-21,2024-07-23,252.57,255,275,262.44,214.88,-14.92,0.6376,0.671,5,7.44,2.945,268,-1993.63,-100.0,False,532059.1200000003,<0.70
TCS.NS,2024-06-24,2024-07-24,3537.82,3540,3710,3598.22,4000.77,13.09,0.168,0.797,4,58.22,1.646,34,3800.58,192.0,True,535859.7000000003,0.70-0.80
AJMERA.NS,2024-06-24,2024-07-24,142.19,140,155,145.75,144.21,1.42,0.4665,0.637,4,5.75,4.046,347,-535.83,-26.84,False,535323.8700000003,<0.70
BHARTIARTL.NS,2024-06-24,2024-07-24,1400.23,1400,1510,1439.1,1435.14,2.49,0.3537,0.873,4,39.1,2.792,51,-201.89,-10.13,False,535121.9800000002,0.80-0.88
ANGELONE.NS,2024-06-24,2024-07-24,249.18,250,270,257.67,210.84,-15.38,0.639,0.638,4,7.67,3.078,260,-1993.9,-100.0,False,533128.0800000003,<0.70
TCS.NS,2024-06-25,2024-07-25,3557.89,3560,3730,3618.56,4015.86,12.87,0.1694,0.792,4,58.56,1.646,34,3788.92,190.29,True,536917.0000000002,0.70-0.80
ABCAPITAL.NS,2024-06-26,2024-07-26,237.6,240,255,245.63,223.43,-5.96,0.5124,0.824,4,5.63,2.371,354,-1994.49,-100.0,False,534922.5100000002,0.80-0.88
BAJFINANCE.NS,2024-06-26,2024-07-26,707.08,705,765,726.6,670.69,-5.15,0.3745,0.804,4,21.6,3.054,92,-1986.78,-100.0,False,532935.7300000002,0.80-0.88
TCS.NS,2024-06-26,2024-07-26,3574.02,3575,3750,3635.07,4076.58,14.06,0.1701,0.786,4,60.07,1.681,33,3792.54,191.3,True,536728.2700000003,0.70-0.80
BAJFINANCE.NS,2024-06-27,2024-07-29,707.93,710,765,729.31,672.93,-4.94,0.3718,0.797,4,19.31,2.728,103,-1989.11,-100.0,False,534739.1600000001,0.70-0.80
TCS.NS,2024-06-27,2024-07-29,3646.59,3645,3835,3710.49,4070.31,11.62,0.1798,0.856,5,65.49,1.796,30,3735.22,190.11,True,538474.3800000001,0.80-0.88
APARINDS.NS,2024-06-28,2024-07-30,8372.12,8370,9040,8607.88,9001.01,7.51,0.3601,0.848,4,237.88,2.841,8,3145.07,165.27,True,541619.4500000002,0.80-0.88
ANANDRATHI.NS,2024-06-28,2024-07-30,967.45,965,1045,993.05,931.69,-3.7,0.331,0.743,5,28.05,2.9,71,-1991.67,-100.0,False,539627.7800000003,0.70-0.80
ANANDRATHI.NS,2024-07-01,2024-07-31,970.63,970,1050,997.45,935.39,-3.63,0.3274,0.783,4,27.45,2.828,72,-1976.33,-100.0,False,537651.4500000002,0.70-0.80
ABCAPITAL.NS,2024-07-01,2024-07-31,240.2,240,260,247.56,226.88,-5.55,0.5072,0.875,4,7.56,3.148,264,-1996.06,-100.0,False,535655.3900000001,0.80-0.88
ABCAPITAL.NS,2024-07-02,2024-08-01,236.56,235,255,242.81,220.09,-6.96,0.5046,0.775,4,7.81,3.303,255,-1992.25,-100.0,False,533663.1400000001,0.70-0.80
AJMERA.NS,2024-07-02,2024-08-01,137.97,140,150,143.45,146.73,6.35,0.463,0.731,4,3.45,2.499,580,1904.83,95.25,True,535567.9700000002,0.70-0.80
AJMERA.NS,2024-07-03,2024-08-02,141.03,140,150,143.93,142.92,1.34,0.3524,0.731,5,3.93,2.789,508,-514.05,-25.73,False,535053.9200000002,0.70-0.80
APARINDS.NS,2024-07-03,2024-08-02,8565.93,8565,9250,8790.51,8519.29,-0.54,0.2831,0.727,4,225.51,2.633,8,-1804.11,-100.0,False,533249.8100000003,0.70-0.80
AJMERA.NS,2024-07-04,2024-08-05,141.81,140,155,145.22,138.34,-2.45,0.3265,0.72,4,5.22,3.679,383,-1998.2,-100.0,False,531251.6100000002,0.70-0.80
APARINDS.NS,2024-07-04,2024-08-05,8493.45,8495,9175,8719.4,8115.03,-4.46,0.2883,0.793,4,224.4,2.642,8,-1795.22,-100.0,False,529456.3900000002,0.70-0.80
ABCAPITAL.NS,2024-07-04,2024-08-05,237.38,235,255,242.11,206.05,-13.2,0.262,0.652,4,7.11,2.995,281,-1997.78,-100.0,False,527458.6100000002,<0.70
ANANDRATHI.NS,2024-07-05,2024-08-06,992.8,995,1045,1011.98,884.93,-10.87,0.1908,0.805,5,16.98,1.711,117,-1987.19,-100.0,False,525471.4200000002,0.80-0.88
APARINDS.NS,2024-07-08,2024-08-07,8691.75,8690,9340,8904.35,8186.67,-5.81,0.26,0.792,4,214.35,2.466,9,-1929.17,-100.0,False,523542.25000000023,0.70-0.80
ANANDRATHI.NS,2024-07-08,2024-08-07,1013.64,1015,1065,1032.2,888.13,-12.38,0.1839,0.849,5,17.2,1.697,116,-1995.35,-100.0,False,521546.90000000026,0.80-0.88
AIIL.NS,2024-07-08,2024-08-07,229.24,230,250,237.15,215.56,-5.97,0.4715,0.702,4,7.15,3.12,279,-1995.59,-100.0,False,519551.31000000023,0.70-0.80
ANANDRATHI.NS,2024-07-09,2024-08-08,1020.02,1020,1070,1037.43,887.41,-13.0,0.1753,0.875,5,17.43,1.709,114,-1987.37,-100.0,False,517563.94000000024,0.80-0.88
AIIL.NS,2024-07-09,2024-08-08,228.65,230,245,235.66,246.4,7.76,0.4642,0.712,4,5.66,2.474,353,3298.09,165.16,True,520862.03000000026,0.70-0.80
AIIL.NS,2024-07-10,2024-08-09,229.92,230,250,237.29,282.15,22.72,0.4639,0.746,4,7.29,3.171,274,3482.63,174.36,True,524344.6600000003,0.70-0.80
APARINDS.NS,2024-07-15,2024-08-14,8725.25,8725,9255,8903.67,8206.03,-5.95,0.2121,0.836,5,178.67,2.048,11,-1965.34,-100.0,False,522379.32000000024,0.80-0.88
ANGELONE.NS,2024-07-16,2024-08-16,214.47,215,230,220.5,208.8,-2.64,0.3798,0.766,4,5.5,2.563,363,-1995.74,-100.0,False,520383.58000000025,0.70-0.80
ABREL.NS,2024-07-16,2024-08-16,2212.65,2215,2390,2277.82,2125.09,-3.96,0.3885,0.84,4,62.82,2.839,31,-1947.48,-100.0,False,518436.10000000027,0.80-0.88
BHARTIARTL.NS,2024-07-16,2024-08-16,1446.28,1445,1540,1477.28,1471.25,1.73,0.2317,0.614,4,32.28,2.232,61,-367.64,-18.67,False,518068.46000000025,<0.70
APARINDS.NS,2024-07-16,2024-08-16,8920.34,8920,9485,9109.22,8325.34,-6.67,0.22,0.867,4,189.22,2.121,10,-1892.23,-100.0,False,516176.2300000003,0.80-0.88
BHARTIARTL.NS,2024-07-18,2024-08-19,1463.2,1465,1550,1493.6,1457.47,-0.39,0.2113,0.622,4,28.6,1.954,69,-1973.12,-100.0,False,514203.1100000003,<0.70
ABREL.NS,2024-07-18,2024-08-19,2253.8,2255,2435,2319.44,2127.38,-5.61,0.3819,0.871,4,64.44,2.859,31,-1997.57,-100.0,False,512205.54000000027,0.80-0.88
BHARTIARTL.NS,2024-07-23,2024-08-22,1445.49,1445,1530,1473.71,1474.03,1.97,0.2011,0.708,4,28.71,1.986,69,22.16,1.12,True,512227.70000000024,0.70-0.80
AIIL.NS,2024-07-24,2024-08-23,204.42,205,220,209.78,343.76,68.16,0.2586,0.815,4,4.78,2.336,418,4273.95,214.12,True,516501.65000000026,0.80-0.88
ABCAPITAL.NS,2024-07-25,2024-08-26,217.65,220,230,222.94,221.82,1.92,0.1836,0.846,4,2.94,1.349,681,-760.48,-38.03,False,515741.1700000003,0.80-0.88
BHARTIARTL.NS,2024-07-26,2024-08-27,1493.52,1495,1590,1526.73,1510.13,1.11,0.2297,0.867,5,31.73,2.125,63,-1046.23,-52.33,False,514694.9400000003,0.80-0.88
ABCAPITAL.NS,2024-07-26,2024-08-27,223.43,225,235,228.39,222.77,-0.3,0.212,0.864,4,3.39,1.519,589,-1998.73,-100.0,False,512696.2100000003,0.80-0.88
AIIL.NS,2024-08-07,2024-09-06,215.56,215,235,222.17,328.55,52.42,0.4258,0.835,4,7.17,3.324,279,3580.62,179.09,True,516276.8300000003,0.80-0.88
ABB.NS,2024-08-07,2024-09-06,7765.38,7765,8385,7985.88,7426.17,-4.37,0.3665,0.855,4,220.88,2.844,9,-1987.93,-100.0,False,514288.9000000003,0.80-0.88
ABB.NS,2024-08-08,2024-09-09,7836.32,7835,8465,8059.62,7509.66,-4.17,0.3696,0.853,5,224.62,2.866,8,-1796.97,-100.0,False,512491.93000000034,0.80-0.88
ABREL.NS,2024-08-09,2024-09-10,2185.18,2185,2360,2247.34,2478.4,13.42,0.3676,0.776,4,62.34,2.853,32,3605.05,180.71,True,516096.98000000033,0.70-0.80
ABREL.NS,2024-08-12,2024-09-11,2200.99,2200,2375,2262.36,2606.46,18.42,0.3594,0.726,4,62.36,2.833,32,3604.57,180.64,True,519701.55000000034,0.70-0.80
RELIANCE.NS,2024-08-13,2024-09-12,1446.19,1445,1540,1476.92,1467.13,1.45,0.225,0.732,4,31.92,2.207,62,-606.8,-30.66,False,519094.75000000035,0.70-0.80
ABREL.NS,2024-08-13,2024-09-12,2195.15,2195,2370,2256.72,2775.77,26.45,0.3517,0.725,4,61.72,2.812,32,3624.99,183.54,True,522719.74000000034,0.70-0.80
APARINDS.NS,2024-08-19,2024-09-17,8249.01,8250,8910,8493.47,10071.62,22.09,0.4312,0.825,4,243.47,2.952,8,3332.2,171.08,True,526051.9400000004,0.80-0.88
ABREL.NS,2024-08-21,2024-09-19,2300.22,2300,2485,2367.06,2783.4,21.01,0.397,0.874,5,67.06,2.915,29,3420.36,175.89,True,529472.3000000003,0.80-0.88
ABREL.NS,2024-08-22,2024-09-20,2329.2,2330,2515,2395.88,2768.89,18.88,0.3686,0.872,5,65.88,2.829,30,3573.52,180.8,True,533045.8200000003,0.80-0.88
BHARTIARTL.NS,2024-08-23,2024-09-23,1494.26,1495,1600,1529.4,1735.94,16.17,0.2422,0.872,4,34.4,2.302,58,4095.01,205.26,True,537140.8300000003,0.80-0.88
APARINDS.NS,2024-08-23,2024-09-23,8897.57,8900,9610,9164.68,9749.13,9.57,0.4563,0.772,5,264.68,2.975,7,3117.23,168.25,True,540258.0600000003,0.70-0.80
APARINDS.NS,2024-08-26,2024-09-24,8939.23,8940,9655,9205.97,9853.21,10.22,0.4493,0.785,4,265.97,2.975,7,3143.21,168.83,True,543401.2700000004,0.70-0.80
BHARTIARTL.NS,2024-08-26,2024-09-24,1501.0,1500,1580,1527.7,1742.09,16.06,0.1857,0.834,4,27.7,1.845,72,3765.68,188.82,True,547166.9500000004,0.80-0.88
ABB.NS,2024-08-27,2024-09-25,7812.03,7810,8435,8025.41,8080.18,3.43,0.3237,0.724,4,215.41,2.757,9,492.93,25.43,True,547659.8800000004,0.70-0.80
BHARTIARTL.NS,2024-08-27,2024-09-25,1510.13,1510,1580,1534.66,1745.81,15.61,0.1667,0.814,4,24.66,1.633,81,3672.34,183.83,True,551332.2200000004,0.80-0.88
APOLLO.NS,2024-08-28,2024-09-26,105.78,105,115,108.33,103.79,-1.88,0.2867,0.658,4,3.33,3.151,600,-2000.0,-100.0,False,549332.2200000004,<0.70
AJMERA.NS,2024-08-28,2024-09-26,138.0,140,150,142.74,134.33,-2.65,0.2649,0.827,4,2.74,1.985,729,-1997.27,-100.0,False,547334.9500000004,0.80-0.88
BHARTIARTL.NS,2024-08-28,2024-09-26,1543.45,1545,1620,1570.84,1756.42,13.8,0.1776,0.844,4,25.84,1.674,77,3785.66,190.3,True,551120.6100000003,0.80-0.88
ABB.NS,2024-08-28,2024-09-26,7843.11,7845,8470,8058.46,7973.52,1.66,0.3183,0.698,4,213.46,2.722,9,-764.46,-39.79,False,550356.1500000004,<0.70
BAJFINANCE.NS,2024-08-29,2024-09-27,697.73,700,735,711.66,766.13,9.8,0.19,0.841,5,11.66,1.672,171,3990.46,200.07,True,554346.6100000003,0.80-0.88
RELIANCE.NS,2024-08-29,2024-09-27,1507.9,1510,1590,1536.68,1513.11,0.35,0.1854,0.751,5,26.68,1.769,74,-1744.33,-88.35,False,552602.2800000003,0.70-0.80
ABCAPITAL.NS,2024-08-30,2024-09-30,220.11,220,240,226.8,237.48,7.89,0.3635,0.789,4,6.8,3.088,294,3140.51,157.14,True,555742.7900000003,0.70-0.80
BAJFINANCE.NS,2024-08-30,2024-09-30,711.23,710,750,724.05,760.9,6.98,0.1975,0.825,5,14.05,1.975,142,3685.53,184.79,True,559428.3200000003,0.80-0.88
RELIANCE.NS,2024-08-30,2024-09-30,1496.7,1495,1575,1522.93,1463.93,-2.19,0.1862,0.8,5,27.93,1.866,71,-1982.88,-100.0,False,557445.4400000004,0.70-0.80
ABCAPITAL.NS,2024-09-02,2024-10-01,226.96,225,245,232.36,242.03,6.64,0.3475,0.828,5,7.36,3.241,271,2621.76,131.52,True,560067.2000000004,0.80-0.88
RELIANCE.NS,2024-09-04,2024-10-04,1501.58,1500,1555,1520.27,1374.65,-8.45,0.1252,0.8,4,20.27,1.35,98,-1986.28,-100.0,False,558080.9200000004,0.70-0.80
ANANTRAJ.NS,2024-09-12,2024-10-14,636.63,635,690,655.8,764.48,20.08,0.504,0.869,5,20.8,3.268,96,3282.77,164.37,True,561363.6900000004,0.80-0.88
ABB.NS,2024-09-12,2024-10-14,7627.53,7630,8095,7785.79,8467.62,11.01,0.213,0.702,5,155.79,2.043,12,3710.48,198.47,True,565074.1700000004,0.70-0.80
APOLLO.NS,2024-09-13,2024-10-15,106.99,105,115,108.65,99.8,-6.72,0.2297,0.656,4,3.65,3.409,548,-1998.57,-100.0,False,563075.6000000003,<0.70
ABB.NS,2024-09-13,2024-10-15,7592.16,7590,8025,7738.28,8544.48,12.54,0.2,0.74,5,148.28,1.953,13,3727.37,193.36,True,566802.9700000003,0.70-0.80
APOLLO.NS,2024-09-16,2024-10-16,111.39,110,120,113.57,99.93,-10.29,0.2691,0.686,4,3.57,3.209,559,-1998.26,-100.0,False,564804.7100000003,<0.70
ANANDRATHI.NS,2024-09-17,2024-10-17,977.74,980,1055,1004.46,1009.6,3.26,0.2847,0.782,4,24.46,2.502,81,416.5,21.02,True,565221.2100000003,0.70-0.80
AJMERA.NS,2024-09-19,2024-10-21,135.1,135,140,136.85,178.14,31.86,0.1336,0.789,4,1.85,1.371,1079,3396.69,169.98,True,568617.9000000004,0.70-0.80
TITAN.NS,2024-09-20,2024-10-22,3773.42,3775,3980,3844.43,3308.95,-12.31,0.1896,0.871,5,69.43,1.84,28,-1944.18,-100.0,False,566673.7200000003,0.80-0.88
AJMERA.NS,2024-09-20,2024-10-22,138.42,140,145,141.49,168.23,21.54,0.1595,0.815,5,1.49,1.075,1344,4720.03,236.01,True,571393.7500000003,0.80-0.88
TITAN.NS,2024-09-23,2024-10-23,3796.18,3795,3995,3863.83,3268.01,-13.91,0.1831,0.837,4,68.83,1.813,29,-1996.16,-100.0,False,569397.5900000003,0.80-0.88
RELIANCE.NS,2024-09-26,2024-10-28,1485.12,1485,1540,1505.01,1322.93,-10.92,0.1332,0.726,4,20.01,1.347,99,-1981.15,-100.0,False,567416.4400000004,0.70-0.80
RELIANCE.NS,2024-09-27,2024-10-29,1513.11,1515,1575,1536.14,1328.53,-12.2,0.1474,0.841,5,21.14,1.397,94,-1987.55,-100.0,False,565428.8900000004,0.80-0.88
AIIL.NS,2024-09-30,2024-10-30,357.54,360,385,368.34,331.38,-7.32,0.3173,0.843,5,8.34,2.331,239,-1992.25,-100.0,False,563436.6400000004,0.80-0.88
AIIL.NS,2024-10-01,2024-10-31,364.57,365,395,375.01,331.18,-9.16,0.3185,0.829,5,10.01,2.745,199,-1991.49,-100.0,False,561445.1500000004,0.80-0.88
APOLLO.NS,2024-10-03,2024-11-01,102.14,100,110,103.97,102.47,0.32,0.362,0.678,4,3.97,3.892,503,-758.98,-37.96,False,560686.1700000004,<0.70
AIIL.NS,2024-10-18,2024-11-19,365.18,365,395,375.97,320.11,-12.34,0.4207,0.818,4,10.97,3.005,182,-1997.37,-100.0,False,558688.8000000004,0.80-0.88
AIIL.NS,2024-10-21,2024-11-21,373.24,375,405,385.57,312.88,-16.17,0.4178,0.8,5,10.57,2.833,189,-1998.58,-100.0,False,556690.2200000004,0.70-0.80
ANGELONE.NS,2024-11-12,2024-12-13,264.83,265,285,272.43,327.57,23.69,0.4186,0.847,4,7.43,2.805,269,3381.57,169.21,True,560071.7900000004,0.80-0.88
ABREL.NS,2024-11-18,2024-12-18,2540.14,2540,2745,2618.45,2679.47,5.49,0.5413,0.839,4,78.45,3.088,25,1525.53,77.78,True,561597.3200000004,0.80-0.88
AIIL.NS,2024-11-18,2024-12-18,319.6,320,345,329.56,354.09,10.79,0.5396,0.861,4,9.56,2.99,209,3227.81,161.62,True,564825.1300000004,0.80-0.88
AIIL.NS,2024-11-19,2024-12-19,320.11,320,345,329.63,350.9,9.62,0.5301,0.844,4,9.63,3.009,207,3181.3,159.57,True,568006.4300000004,0.80-0.88
ANGELONE.NS,2024-11-19,2024-12-19,258.8,260,280,267.24,294.36,13.74,0.4442,0.829,4,7.24,2.798,276,3521.08,176.15,True,571527.5100000005,0.80-0.88
ANGELONE.NS,2024-11-21,2024-12-20,262.85,265,285,271.99,278.55,5.97,0.4225,0.847,4,6.99,2.658,286,1875.81,93.87,True,573403.3200000004,0.80-0.88
BAJFINANCE.NS,2024-11-21,2024-12-20,638.67,640,685,654.66,676.47,5.92,0.2541,0.798,4,14.66,2.295,136,2966.25,148.82,True,576369.5700000004,0.70-0.80
ABB.NS,2024-11-22,2024-12-23,6821.77,6820,7370,7002.23,6875.66,0.79,0.2897,0.856,4,182.23,2.671,10,-1265.65,-69.45,False,575103.9200000004,0.80-0.88
BAJFINANCE.NS,2024-11-22,2024-12-23,660.24,660,700,673.81,678.29,2.73,0.2232,0.864,4,13.81,2.091,144,645.25,32.45,True,575749.1700000004,0.80-0.88
ANANTRAJ.NS,2024-11-22,2024-12-23,675.84,675,730,696.05,829.85,22.79,0.5203,0.879,4,21.05,3.114,95,3225.55,161.32,True,578974.7200000004,0.80-0.88
ABREL.NS,2024-11-25,2024-12-24,2648.6,2650,2860,2726.97,2537.8,-4.18,0.419,0.826,4,76.97,2.906,25,-1924.36,-100.0,False,577050.3600000003,0.80-0.88
AIIL.NS,2024-11-25,2024-12-24,311.09,310,335,318.69,333.86,7.32,0.297,0.768,4,8.69,2.794,230,3489.47,174.53,True,580539.8300000003,0.70-0.80
ANGELONE.NS,2024-11-27,2024-12-27,281.38,280,305,289.25,278.84,-0.9,0.4243,0.876,4,9.25,3.289,216,-1998.75,-100.0,False,578541.0800000003,0.80-0.88
AIIL.NS,2024-11-28,2024-12-30,318.54,320,345,327.79,342.13,7.41,0.2806,0.71,4,7.79,2.446,256,3669.91,183.98,True,582210.9900000003,0.70-0.80
AIIL.NS,2024-11-29,2024-12-31,315.87,315,340,323.5,340.64,7.84,0.2785,0.657,4,8.5,2.691,235,3877.2,194.07,True,586088.1900000004,<0.70
ANANTRAJ.NS,2024-12-02,2025-01-01,709.65,710,765,730.69,855.12,20.5,0.4639,0.772,4,20.69,2.916,96,3293.34,165.77,True,589381.5300000004,0.70-0.80
ABCAPITAL.NS,2024-12-03,2025-01-02,199.47,200,215,204.95,183.89,-7.81,0.2901,0.718,4,4.95,2.48,404,-1998.58,-100.0,False,587382.9500000004,0.70-0.80
ANANTRAJ.NS,2024-12-03,2025-01-02,714.79,715,770,735.71,868.35,21.48,0.4567,0.754,5,20.71,2.897,96,3291.89,165.58,True,590674.8400000003,0.70-0.80
AIIL.NS,2024-12-03,2025-01-02,331.58,330,360,340.15,380.02,14.61,0.3085,0.673,4,10.15,3.06,197,3911.2,195.68,True,594586.0400000004,<0.70
ANANDRATHI.NS,2024-12-04,2025-01-03,1037.64,1040,1105,1061.36,981.92,-5.37,0.2277,0.869,4,21.36,2.058,93,-1986.22,-100.0,False,592599.8200000004,0.80-0.88
ABCAPITAL.NS,2024-12-04,2025-01-03,198.92,200,215,204.58,184.45,-7.27,0.2627,0.684,4,4.58,2.3,437,-1999.77,-100.0,False,590600.0500000004,<0.70
ANGELONE.NS,2024-12-05,2025-01-06,311.41,310,335,319.54,265.99,-14.58,0.4281,0.87,5,9.54,3.063,209,-1993.71,-100.0,False,588606.3400000003,0.80-0.88
ANANTRAJ.NS,2024-12-06,2025-01-07,739.21,740,800,761.72,883.59,19.53,0.4177,0.7,5,21.72,2.939,92,3521.5,176.21,True,592127.8400000003,<0.70
AIIL.NS,2024-12-06,2025-01-07,330.7,330,355,339.03,386.86,16.98,0.3309,0.809,5,9.03,2.731,221,3528.79,176.77,True,595656.6300000004,0.80-0.88
TITAN.NS,2024-12-06,2025-01-07,3448.37,3450,3690,3529.04,3483.15,1.01,0.2425,0.826,4,79.04,2.292,25,-1147.27,-58.06,False,594509.3600000003,0.80-0.88
AIIL.NS,2024-12-09,2025-01-08,341.15,340,370,350.39,378.94,11.08,0.336,0.852,4,10.39,3.045,192,3765.33,188.77,True,598274.6900000004,0.80-0.88
ABB.NS,2024-12-10,2025-01-09,7600.9,7600,8210,7810.1,6404.63,-15.74,0.326,0.654,4,210.1,2.764,9,-1890.87,-100.0,False,596383.8200000003,<0.70
BAJFINANCE.NS,2024-12-12,2025-01-13,703.88,705,750,719.81,706.37,0.35,0.2276,0.821,4,14.81,2.104,135,-1814.32,-90.77,False,594569.5000000003,0.80-0.88
ANANTRAJ.NS,2024-12-12,2025-01-13,751.89,750,810,772.57,824.01,9.59,0.4268,0.672,5,22.57,3.002,88,3293.97,165.86,True,597863.4700000003,<0.70
APOLLO.NS,2024-12-12,2025-01-13,97.92,100,105,101.52,121.08,23.65,0.2965,0.856,4,1.52,1.55,1317,4585.49,229.33,True,602448.9600000003,0.80-0.88
ANANTRAJ.NS,2024-12-13,2025-01-14,758.54,760,820,779.78,828.9,9.28,0.3006,0.707,4,19.78,2.608,101,4061.8,203.27,True,606510.7600000002,0.70-0.80
ABB.NS,2024-12-13,2025-01-14,7610.78,7610,8175,7796.11,6072.82,-20.21,0.2577,0.628,4,186.11,2.445,10,-1861.07,-100.0,False,604649.6900000003,<0.70
ABCAPITAL.NS,2024-12-16,2025-01-15,196.62,195,210,200.04,173.79,-11.61,0.1991,0.733,4,5.04,2.565,396,-1997.01,-100.0,False,602652.6800000003,0.70-0.80
BAJFINANCE.NS,2024-12-16,2025-01-15,712.04,710,755,725.78,708.98,-0.43,0.2199,0.87,4,15.78,2.216,126,-1988.0,-100.0,False,600664.6800000003,0.80-0.88
ANANTRAJ.NS,2024-12-16,2025-01-15,786.25,785,850,807.3,894.17,13.73,0.318,0.677,5,22.3,2.837,89,3799.93,191.43,True,604464.6100000003,<0.70
ABB.NS,2024-12-16,2025-01-15,7795.63,7795,8350,7978.86,6119.4,-21.5,0.2481,0.662,4,183.86,2.358,10,-1838.56,-100.0,False,602626.0500000003,<0.70
APOLLO.NS,2024-12-17,2025-01-16,96.53,95,105,98.47,127.81,32.4,0.2759,0.658,4,3.47,3.598,575,3752.66,187.88,True,606378.7100000002,<0.70
ANANTRAJ.NS,2024-12-17,2025-01-16,805.13,805,870,826.22,886.13,10.06,0.2795,0.778,5,21.22,2.636,94,4115.23,206.3,True,610493.9400000002,0.70-0.80
ANANTRAJ.NS,2024-12-18,2025-01-17,799.14,800,865,820.99,898.42,12.42,0.2856,0.834,4,20.99,2.626,95,4181.38,209.74,True,614675.3200000003,0.80-0.88
AJMERA.NS,2024-12-19,2025-01-20,222.87,225,240,230.44,198.97,-10.72,0.4484,0.856,4,5.44,2.439,367,-1995.12,-100.0,False,612680.2000000002,0.80-0.88
BAJFINANCE.NS,2024-12-26,2025-01-24,673.26,675,715,687.85,734.78,9.14,0.2047,0.847,4,12.85,1.909,155,4207.59,211.18,True,616887.7900000003,0.80-0.88
AIIL.NS,2024-12-27,2025-01-27,341.28,340,370,350.87,341.2,-0.02,0.3944,0.86,4,10.87,3.185,184,-1779.27,-88.98,False,615108.5200000003,0.80-0.88
APOLLO.NS,2024-12-27,2025-01-27,98.33,100,105,101.56,123.56,25.66,0.2781,0.823,4,1.56,1.587,1281,4405.71,220.36,True,619514.2300000002,0.80-0.88
AIIL.NS,2024-12-30,2025-01-28,342.13,340,370,351.1,325.96,-4.73,0.392,0.812,4,11.1,3.243,180,-1997.2,-100.0,False,617517.0300000003,0.80-0.88
BAJFINANCE.NS,2024-12-30,2025-01-28,680.42,680,715,692.04,751.38,10.43,0.1736,0.848,4,12.04,1.769,166,3811.89,190.77,True,621328.9200000003,0.80-0.88
BHARTIARTL.NS,2025-01-02,2025-01-31,1596.35,1595,1705,1632.03,1612.82,1.03,0.241,0.841,4,37.03,2.319,54,-1037.26,-51.88,False,620291.6600000003,0.80-0.88
RELIANCE.NS,2025-01-02,2025-01-31,1231.17,1230,1290,1251.28,1254.27,1.88,0.173,0.787,4,21.28,1.728,94,281.23,14.06,True,620572.8900000002,0.70-0.80
RELIANCE.NS,2025-01-03,2025-02-01,1240.44,1240,1300,1261.01,1253.77,1.08,0.1708,0.803,4,21.01,1.694,95,-687.77,-34.45,False,619885.1200000002,0.80-0.88
BHARTIARTL.NS,2025-01-08,2025-02-05,1585.94,1585,1690,1619.94,1646.68,3.83,0.2235,0.822,4,34.94,2.203,57,1524.62,76.56,True,621409.7400000002,0.80-0.88
BHARTIARTL.NS,2025-01-10,2025-02-07,1602.5,1605,1700,1636.83,1662.85,3.77,0.2176,0.844,4,31.83,1.987,62,1612.87,81.72,True,623022.6100000002,0.80-0.88
BHARTIARTL.NS,2025-01-13,2025-02-10,1583.96,1585,1650,1608.02,1679.01,6.0,0.1502,0.859,4,23.02,1.453,86,3610.4,182.38,True,626633.0100000002,0.80-0.88
BHARTIARTL.NS,2025-01-20,2025-02-17,1627.54,1630,1675,1646.56,1661.66,2.1,0.1045,0.869,4,16.56,1.017,120,1812.2,91.21,True,628445.2100000002,0.80-0.88
BHARTIARTL.NS,2025-01-29,2025-02-27,1587.18,1585,1655,1610.14,1636.72,3.12,0.1504,0.876,4,25.14,1.584,79,2099.85,105.74,True,630545.0600000002,0.80-0.88
AIIL.NS,2025-02-06,2025-03-10,362.33,360,390,371.93,293.48,-19.0,0.5764,0.848,4,11.93,3.292,167,-1991.66,-100.0,False,628553.4000000001,0.80-0.88
ANANDRATHI.NS,2025-02-14,2025-03-19,897.83,900,970,923.29,847.44,-5.61,0.3081,0.731,4,23.29,2.594,85,-1979.72,-100.0,False,626573.6800000002,0.70-0.80
ANANDRATHI.NS,2025-02-18,2025-03-21,922.46,920,995,946.09,880.25,-4.58,0.3125,0.838,4,26.09,2.828,76,-1982.49,-100.0,False,624591.1900000002,0.80-0.88
ANANDRATHI.NS,2025-02-19,2025-03-24,941.19,940,1015,966.11,899.74,-4.4,0.3213,0.818,4,26.11,2.774,76,-1984.59,-100.0,False,622606.6000000001,0.80-0.88
ANANTRAJ.NS,2025-02-20,2025-03-25,542.35,540,585,557.64,521.92,-3.77,1.3018,0.879,4,17.64,3.252,113,-1992.98,-100.0,False,620613.6200000001,0.80-0.88
ANANDRATHI.NS,2025-02-20,2025-03-25,957.68,960,1035,984.28,915.98,-4.35,0.2872,0.844,4,24.28,2.535,82,-1990.92,-100.0,False,618622.7000000002,0.80-0.88
TCS.NS,2025-02-27,2025-04-01,3426.37,3425,3580,3479.29,3367.81,-1.71,0.1547,0.792,4,54.29,1.584,36,-1954.35,-100.0,False,616668.3500000002,0.70-0.80
BAJFINANCE.NS,2025-02-27,2025-04-01,859.92,860,920,880.04,859.2,-0.08,0.2491,0.865,4,20.04,2.33,99,-1983.82,-100.0,False,614684.5300000003,0.80-0.88
BAJFINANCE.NS,2025-02-28,2025-04-02,842.62,845,905,864.52,856.34,1.63,0.2638,0.812,4,19.52,2.317,102,-834.2,-41.89,False,613850.3300000002,0.80-0.88
ANANTRAJ.NS,2025-03-04,2025-04-04,449.61,450,485,463.6,455.95,1.41,0.6041,0.781,4,13.6,3.025,147,-1124.5,-56.24,False,612725.8300000002,0.70-0.80
AJMERA.NS,2025-03-04,2025-04-04,156.32,155,170,160.76,169.03,8.13,0.5302,0.846,4,5.76,3.687,347,2868.47,143.43,True,615594.3000000002,0.80-0.88
APARINDS.NS,2025-03-05,2025-04-07,5765.22,5765,6225,5936.91,4945.07,-14.23,0.4567,0.801,5,171.91,2.982,11,-1891.0,-100.0,False,613703.3000000002,0.80-0.88
APARINDS.NS,2025-03-06,2025-04-08,5688.87,5690,6145,5858.34,4914.65,-13.61,0.4387,0.733,4,168.34,2.959,11,-1851.75,-100.0,False,611851.5500000002,0.70-0.80
TITAN.NS,2025-03-06,2025-04-08,3101.56,3100,3305,3168.55,3102.75,0.04,0.227,0.829,4,68.55,2.21,29,-1908.26,-95.99,False,609943.2900000002,0.80-0.88
APOLLO.NS,2025-03-07,2025-04-09,121.27,120,130,124.09,111.47,-8.08,0.6238,0.609,4,4.09,3.369,489,-1997.99,-100.0,False,607945.3000000002,<0.70
APARINDS.NS,2025-03-07,2025-04-09,6070.66,6070,6555,6254.92,4788.95,-21.11,0.5166,0.795,5,184.92,3.046,10,-1849.23,-100.0,False,606096.0700000002,0.70-0.80
ANANTRAJ.NS,2025-03-07,2025-04-09,500.6,500,540,515.77,414.9,-17.12,0.6761,0.702,4,15.77,3.151,126,-1987.46,-100.0,False,604108.6100000001,0.70-0.80
TITAN.NS,2025-03-07,2025-04-09,3060.07,3060,3255,3125.05,3154.28,3.08,0.2195,0.851,4,65.05,2.126,30,876.67,44.92,True,604985.2800000001,0.80-0.88
AJMERA.NS,2025-03-07,2025-04-09,165.19,165,180,170.48,159.75,-3.29,0.4738,0.788,4,5.48,3.316,365,-1999.65,-100.0,False,602985.6300000001,0.70-0.80
AJMERA.NS,2025-03-19,2025-04-23,175.46,175,190,180.8,172.63,-1.61,0.5846,0.728,4,5.8,3.307,344,-1995.96,-100.0,False,600989.6700000002,0.70-0.80
TITAN.NS,2025-03-19,2025-04-23,3057.04,3055,3250,3120.63,3336.28,9.13,0.2188,0.705,4,65.63,2.147,30,3881.09,197.12,True,604870.7600000001,0.70-0.80
APOLLO.NS,2025-03-19,2025-04-23,118.39,120,130,123.55,117.78,-0.51,0.5946,0.581,5,3.55,2.996,563,-1997.02,-100.0,False,602873.7400000001,<0.70
ANGELONE.NS,2025-03-19,2025-04-23,215.05,215,230,221.01,244.65,13.77,0.64,0.737,4,6.01,2.795,332,2984.18,149.52,True,605857.9200000002,0.70-0.80
AJMERA.NS,2025-03-20,2025-04-24,171.43,170,185,175.96,172.36,0.55,0.5855,0.756,4,5.96,3.476,335,-1204.4,-60.34,False,604653.52,0.70-0.80
ABCAPITAL.NS,2025-03-20,2025-04-24,176.78,175,190,180.58,203.1,14.89,0.3203,0.84,5,5.58,3.158,358,3371.25,168.67,True,608024.77,0.80-0.88
TITAN.NS,2025-03-20,2025-04-24,3173.11,3175,3410,3252.04,3361.42,5.93,0.2603,0.777,5,77.04,2.428,25,2734.62,141.99,True,610759.3900000001,0.70-0.80
APARINDS.NS,2025-03-20,2025-04-24,5683.35,5685,6140,5860.93,5471.6,-3.73,0.5909,0.809,4,175.93,3.096,11,-1935.25,-100.0,False,608824.1400000001,0.80-0.88
ANGELONE.NS,2025-03-20,2025-04-24,220.75,220,240,227.75,243.76,10.42,0.6467,0.717,4,7.75,3.509,258,3161.55,158.2,True,611985.6900000001,0.70-0.80
RELIANCE.NS,2025-03-21,2025-04-25,1265.42,1265,1345,1291.83,1289.27,1.88,0.2173,0.865,5,26.83,2.12,74,-189.52,-9.55,False,611796.17,0.80-0.88
TCS.NS,2025-03-21,2025-04-25,3393.7,3395,3600,3463.98,3270.3,-3.64,0.2136,0.836,5,68.98,2.033,28,-1931.39,-100.0,False,609864.78,0.80-0.88
TITAN.NS,2025-03-21,2025-04-25,3142.9,3145,3380,3221.82,3344.13,6.4,0.2621,0.719,4,76.82,2.444,26,3180.17,159.23,True,613044.95,0.70-0.80
RELIANCE.NS,2025-03-24,2025-04-28,1290.95,1290,1375,1318.55,1357.08,5.12,0.2265,0.793,5,28.55,2.212,70,2696.83,134.92,True,615741.78,0.70-0.80
ANANTRAJ.NS,2025-03-24,2025-04-28,539.0,540,580,555.54,451.96,-16.15,0.5776,0.605,4,15.54,2.883,128,-1988.92,-100.0,False,613752.8600000001,<0.70
APOLLO.NS,2025-03-27,2025-05-02,123.85,125,135,128.48,116.94,-5.57,0.4617,0.692,5,3.48,2.813,574,-1999.46,-100.0,False,611753.4,<0.70
AIIL.NS,2025-03-28,2025-05-05,346.01,345,375,356.75,370.89,7.19,0.6842,0.854,4,11.75,3.396,170,2404.22,120.35,True,614157.62,0.80-0.88
APOLLO.NS,2025-04-02,2025-05-07,124.62,125,135,128.67,117.81,-5.46,0.4714,0.852,4,3.67,2.945,544,-1996.48,-100.0,False,612161.14,0.80-0.88
APOLLO.NS,2025-04-03,2025-05-08,123.06,125,135,128.34,116.5,-5.33,0.475,0.823,4,3.34,2.713,599,-1999.93,-100.0,False,610161.21,0.80-0.88
ANGELONE.NS,2025-04-03,2025-05-08,240.15,240,260,247.56,227.33,-5.34,0.5099,0.84,5,7.56,3.147,264,-1995.02,-100.0,False,608166.19,0.80-0.88
APARINDS.NS,2025-04-11,2025-05-15,4998.8,5000,5400,5152.07,7894.26,57.92,0.5157,0.809,4,152.07,3.042,13,3223.03,163.03,True,611389.22,0.80-0.88
ABB.NS,2025-04-15,2025-05-16,5183.52,5185,5600,5330.1,5785.23,11.61,0.3472,0.869,4,145.1,2.799,13,3508.66,186.0,True,614897.88,0.80-0.88
APOLLO.NS,2025-04-16,2025-05-19,118.61,120,130,123.55,140.15,18.16,0.5659,0.87,4,3.55,2.995,563,3630.05,181.51,True,618527.9299999999,0.80-0.88
TCS.NS,2025-04-29,2025-05-29,3293.54,3295,3525,3371.03,3317.82,0.74,0.2457,0.861,4,76.03,2.308,26,-1383.4,-69.98,False,617144.53,0.80-0.88
APOLLO.NS,2025-04-29,2025-05-29,120.61,120,130,123.91,188.62,56.38,0.5338,0.801,5,3.91,3.245,511,3110.21,155.53,True,620254.74,0.80-0.88
TITAN.NS,2025-04-29,2025-05-29,3357.45,3355,3595,3434.85,3565.83,6.21,0.2461,0.868,4,79.85,2.378,25,3274.49,164.02,True,623529.23,0.80-0.88
APOLLO.NS,2025-04-30,2025-05-30,117.67,120,125,121.9,188.76,60.41,0.5391,0.808,5,1.9,1.612,1054,3270.07,163.51,True,626799.2999999999,0.80-0.88
AJMERA.NS,2025-04-30,2025-05-30,161.66,160,175,165.7,168.65,4.33,0.4235,0.728,4,5.7,3.528,350,1032.13,51.71,True,627831.4299999999,0.70-0.80
ANANDRATHI.NS,2025-05-02,2025-06-02,853.09,855,920,876.25,980.37,14.92,0.2834,0.721,4,21.25,2.49,94,4112.96,205.95,True,631944.3899999999,0.70-0.80
AJMERA.NS,2025-05-02,2025-06-02,164.97,165,180,170.31,169.84,2.95,0.4315,0.718,4,5.31,3.219,376,-178.56,-8.94,False,631765.8299999998,0.70-0.80
AJMERA.NS,2025-05-05,2025-06-03,164.22,165,175,168.82,166.25,1.24,0.4277,0.727,4,3.82,2.324,523,-1340.54,-67.15,False,630425.2899999998,0.70-0.80
ABB.NS,2025-05-05,2025-06-03,5454.72,5455,5890,5604.35,5959.18,9.25,0.3219,0.778,4,149.35,2.738,13,3713.43,191.26,True,634138.7199999999,0.70-0.80
ANANDRATHI.NS,2025-05-05,2025-06-03,865.79,865,930,886.47,976.49,12.79,0.2555,0.712,4,21.47,2.48,93,4048.19,202.73,True,638186.9099999998,0.70-0.80
ABB.NS,2025-05-06,2025-06-04,5302.13,5300,5725,5447.86,6005.41,13.26,0.3334,0.791,4,147.86,2.789,13,3602.85,187.44,True,641789.7599999998,0.70-0.80
ANGELONE.NS,2025-05-06,2025-06-04,224.31,225,240,230.92,307.88,37.26,0.5885,0.87,4,5.92,2.637,338,3070.68,153.59,True,644860.4399999998,0.80-0.88
AJMERA.NS,2025-05-12,2025-06-10,161.54,160,175,165.85,189.07,17.04,0.5287,0.82,4,5.85,3.623,341,3119.4,156.31,True,647979.8399999999,0.80-0.88
ANANDRATHI.NS,2025-05-13,2025-06-11,876.63,875,935,895.16,1009.36,15.14,0.2274,0.779,4,20.16,2.3,99,3943.93,197.58,True,651923.7699999999,0.70-0.80
ANANDRATHI.NS,2025-05-14,2025-06-12,890.37,890,950,909.8,1017.48,14.28,0.2253,0.753,4,19.8,2.224,101,4060.41,203.06,True,655984.1799999999,0.70-0.80
AJMERA.NS,2025-05-14,2025-06-12,161.96,160,175,165.92,190.65,17.72,0.5077,0.853,4,5.92,3.658,337,3058.53,153.2,True,659042.71,0.80-0.88
ABREL.NS,2025-05-14,2025-06-12,2021.86,2020,2185,2079.33,2447.43,21.05,0.3801,0.65,4,59.33,2.935,33,3486.98,178.09,True,662529.69,<0.70
AJMERA.NS,2025-05-16,2025-06-16,164.37,165,180,170.35,191.9,16.75,0.5011,0.846,4,5.35,3.253,374,3610.29,180.54,True,666139.98,0.80-0.88
ABREL.NS,2025-05-16,2025-06-16,2139.65,2140,2310,2201.27,2495.51,16.63,0.3846,0.769,4,61.27,2.864,32,3479.36,177.46,True,669619.34,0.70-0.80
ANANTRAJ.NS,2025-05-16,2025-06-16,513.48,515,555,530.18,551.89,7.48,0.5494,0.872,4,15.18,2.957,131,2842.88,142.92,True,672462.22,0.80-0.88
ANANDRATHI.NS,2025-05-23,2025-06-23,937.99,940,995,958.05,1042.33,11.12,0.2083,0.673,5,18.05,1.924,110,4064.84,204.76,True,676527.0599999999,<0.70
TCS.NS,2025-05-26,2025-06-24,3355.0,3355,3590,3432.75,3244.25,-3.3,0.2429,0.849,4,77.75,2.318,25,-1943.85,-100.0,False,674583.21,0.80-0.88
BHARTIARTL.NS,2025-05-26,2025-06-24,1832.08,1830,1945,1869.3,1917.57,4.67,0.219,0.831,4,39.3,2.145,50,2413.27,122.8,True,676996.48,0.80-0.88
ANANDRATHI.NS,2025-05-26,2025-06-24,955.02,955,1015,974.95,1036.75,8.56,0.2134,0.694,4,19.95,2.089,100,4005.17,200.78,True,681001.65,<0.70
TITAN.NS,2025-05-26,2025-06-24,3587.7,3590,3785,3656.01,3503.92,-2.33,0.1917,0.831,4,66.01,1.84,30,-1980.22,-100.0,False,679021.43,0.80-0.88
BAJFINANCE.NS,2025-05-26,2025-06-24,916.88,915,990,940.99,910.9,-0.65,0.3183,0.687,4,25.99,2.834,76,-1974.99,-100.0,False,677046.4400000001,<0.70
BAJFINANCE.NS,2025-05-27,2025-06-25,907.14,905,980,931.02,922.33,1.67,0.3209,0.686,4,26.02,2.868,76,-660.27,-33.39,False,676386.17,<0.70
TITAN.NS,2025-05-27,2025-06-25,3566.93,3565,3765,3633.51,3629.33,1.75,0.1944,0.865,4,68.51,1.921,29,-121.15,-6.1,False,676265.02,0.80-0.88
ABB.NS,2025-05-27,2025-06-25,5978.57,5980,6400,6118.67,5930.85,-0.8,0.2448,0.804,4,138.67,2.319,14,-1941.33,-100.0,False,674323.6900000001,0.80-0.88
ANANTRAJ.NS,2025-05-27,2025-06-25,520.42,520,560,535.24,565.57,8.67,0.4663,0.77,4,15.24,2.928,131,3243.73,162.49,True,677567.42,0.70-0.80
RELIANCE.NS,2025-05-27,2025-06-25,1409.92,1410,1510,1442.81,1454.74,3.18,0.2417,0.836,4,32.81,2.327,60,715.9,36.37,True,678283.3200000001,0.80-0.88
TCS.NS,2025-05-27,2025-06-25,3318.39,3320,3555,3397.24,3296.31,-0.67,0.2467,0.771,4,77.24,2.328,25,-1931.1,-100.0,False,676352.2200000001,0.70-0.80
ANANDRATHI.NS,2025-05-27,2025-06-25,964.64,965,1020,983.67,1030.78,6.86,0.203,0.719,4,18.67,1.936,107,3887.17,194.57,True,680239.3900000001,0.70-0.80
AIIL.NS,2025-05-28,2025-06-26,464.4,465,500,478.46,529.28,13.97,0.5316,0.856,5,13.46,2.899,148,3187.44,159.97,True,683426.8300000001,0.80-0.88
ANANTRAJ.NS,2025-05-30,2025-06-30,560.53,560,605,577.01,565.77,0.94,0.4741,0.79,5,17.01,3.034,117,-1314.72,-66.08,False,682112.1100000001,0.70-0.80
AJMERA.NS,2025-05-30,2025-06-30,168.65,170,180,173.84,183.9,9.04,0.4992,0.659,4,3.84,2.277,520,3203.03,160.39,True,685315.1400000001,<0.70
RELIANCE.NS,2025-05-30,2025-06-30,1408.73,1410,1500,1439.96,1487.75,5.61,0.2279,0.728,5,29.96,2.127,66,3154.46,159.54,True,688469.6000000001,0.70-0.80
ANANTRAJ.NS,2025-06-02,2025-07-01,579.2,580,625,596.91,564.27,-2.58,0.4786,0.876,5,16.91,2.919,118,-1994.87,-100.0,False,686474.7300000001,0.80-0.88
AJMERA.NS,2025-06-02,2025-07-01,169.84,170,185,175.5,180.82,6.47,0.4992,0.645,4,5.5,3.238,363,1931.84,96.78,True,688406.5700000001,<0.70
ABB.NS,2025-06-04,2025-07-03,6005.41,6005,6360,6125.23,5836.42,-2.81,0.2069,0.652,4,120.23,2.002,16,-1923.67,-100.0,False,686482.9,<0.70
BHARTIARTL.NS,2025-06-04,2025-07-03,1859.85,1860,1970,1896.83,2002.56,7.67,0.202,0.629,4,36.83,1.98,54,3951.02,198.65,True,690433.92,<0.70
RELIANCE.NS,2025-06-04,2025-07-03,1411.31,1410,1505,1441.72,1504.8,6.62,0.2274,0.745,4,31.72,2.248,63,3974.18,198.86,True,694408.1000000001,0.70-0.80
BHARTIARTL.NS,2025-06-05,2025-07-04,1863.22,1865,1970,1900.15,2000.48,7.37,0.1978,0.645,4,35.15,1.887,56,3911.56,198.71,True,698319.6600000001,<0.70
RELIANCE.NS,2025-06-05,2025-07-04,1430.05,1430,1525,1461.7,1514.22,5.89,0.2318,0.738,5,31.7,2.217,63,3309.13,165.71,True,701628.7900000002,0.70-0.80
ABB.NS,2025-06-05,2025-07-04,5995.47,5995,6315,6104.33,5826.98,-2.81,0.1848,0.62,4,109.33,1.824,18,-1967.96,-100.0,False,699660.8300000002,<0.70
ABCAPITAL.NS,2025-06-05,2025-07-04,225.2,225,245,231.8,275.05,22.14,0.3493,0.711,4,6.8,3.022,293,3866.14,193.9,True,703526.9700000002,0.70-0.80
AJMERA.NS,2025-06-05,2025-07-04,169.46,170,185,175.2,179.65,6.01,0.4215,0.738,4,5.2,3.068,384,1708.0,85.56,True,705234.9700000002,0.70-0.80
BAJFINANCE.NS,2025-06-06,2025-07-07,931.42,930,1000,953.62,919.0,-1.33,0.2656,0.73,5,23.62,2.536,84,-1984.25,-100.0,False,703250.7200000002,0.70-0.80
ABB.NS,2025-06-06,2025-07-07,6015.35,6015,6300,6114.19,5809.09,-3.43,0.1658,0.641,4,99.19,1.649,20,-1983.85,-100.0,False,701266.8700000002,<0.70
ABCAPITAL.NS,2025-06-06,2025-07-07,233.41,235,250,240.34,276.25,18.35,0.3587,0.817,5,5.34,2.288,374,3612.57,180.86,True,704879.4400000002,0.80-0.88
APARINDS.NS,2025-06-09,2025-07-08,8137.82,8140,8790,8392.83,8569.26,5.3,0.623,0.717,4,252.83,3.107,7,1235.07,69.79,True,706114.5100000001,0.70-0.80
BAJFINANCE.NS,2025-06-09,2025-07-08,954.88,955,1020,976.57,921.98,-3.45,0.2373,0.858,5,21.57,2.259,92,-1984.69,-100.0,False,704129.8200000002,0.80-0.88
ABB.NS,2025-06-09,2025-07-08,6177.87,6180,6470,6280.54,5805.11,-6.03,0.166,0.7,4,100.54,1.627,19,-1910.29,-100.0,False,702219.5300000001,<0.70
APARINDS.NS,2025-06-10,2025-07-09,8109.49,8110,8760,8362.84,8756.16,7.97,0.621,0.757,4,252.84,3.118,7,2753.19,155.56,True,704972.7200000001,0.70-0.80
BHARTIARTL.NS,2025-06-10,2025-07-09,1841.7,1840,1925,1870.06,2002.96,8.76,0.1584,0.663,4,30.06,1.632,66,3626.22,182.79,True,708598.9400000001,<0.70
ABB.NS,2025-06-10,2025-07-09,6131.15,6130,6435,6235.23,5862.76,-4.38,0.1715,0.714,4,105.23,1.716,19,-1999.3,-100.0,False,706599.64,0.70-0.80
TCS.NS,2025-06-10,2025-07-09,3313.63,3315,3445,3361.22,3237.94,-2.28,0.1401,0.668,4,46.22,1.395,43,-1987.33,-100.0,False,704612.31,<0.70
ANANDRATHI.NS,2025-06-11,2025-07-10,1009.36,1010,1075,1031.5,1055.83,4.6,0.2238,0.855,5,21.5,2.13,93,2262.37,113.13,True,706874.68,0.80-0.88
AIIL.NS,2025-06-12,2025-07-11,499.56,500,535,511.58,525.72,5.24,0.2514,0.816,4,11.58,2.317,172,2432.55,122.16,True,709307.2300000001,0.80-0.88
TCS.NS,2025-06-16,2025-07-15,3345.59,3345,3480,3393.13,3112.11,-6.98,0.1407,0.748,4,48.13,1.439,41,-1973.51,-100.0,False,707333.7200000001,0.70-0.80
APARINDS.NS,2025-06-17,2025-07-16,7934.52,7935,8480,8116.13,8959.95,12.92,0.2404,0.79,4,181.13,2.283,11,4002.59,200.89,True,711336.31,0.70-0.80
TITAN.NS,2025-06-17,2025-07-16,3384.38,3385,3525,3434.57,3406.12,0.64,0.1466,0.825,4,49.57,1.465,40,-1137.69,-57.38,False,710198.6200000001,0.80-0.88
RELIANCE.NS,2025-06-17,2025-07-16,1418.95,1420,1470,1437.95,1472.88,3.8,0.1273,0.768,4,17.95,1.265,111,3557.03,178.48,True,713755.6500000001,0.70-0.80
ABB.NS,2025-06-18,2025-07-17,6007.89,6010,6245,6093.53,5603.82,-6.73,0.1387,0.776,4,83.53,1.39,23,-1921.19,-100.0,False,711834.4600000002,0.70-0.80
TCS.NS,2025-06-20,2025-07-21,3287.6,3290,3420,3335.89,3032.32,-7.77,0.1419,0.867,4,45.89,1.396,43,-1973.08,-100.0,False,709861.3800000002,0.80-0.88
TITAN.NS,2025-06-20,2025-07-21,3496.97,3495,3660,3552.57,3421.77,-2.15,0.1607,0.879,4,57.57,1.646,34,-1957.28,-100.0,False,707904.1000000002,0.80-0.88
RELIANCE.NS,2025-06-20,2025-07-21,1453.65,1455,1510,1474.34,1416.37,-2.56,0.1338,0.852,5,19.34,1.33,103,-1991.61,-100.0,False,705912.4900000002,0.80-0.88
ABB.NS,2025-06-23,2025-07-22,5888.11,5890,6200,5995.72,5720.62,-2.84,0.1845,0.84,4,105.72,1.796,18,-1902.99,-100.0,False,704009.5000000002,0.80-0.88
ABB.NS,2025-06-26,2025-07-25,5976.58,5975,6310,6089.0,5609.29,-6.15,0.1934,0.816,4,114.0,1.907,17,-1937.96,-100.0,False,702071.5400000003,0.80-0.88
ABB.NS,2025-06-27,2025-07-28,6033.24,6035,6365,6146.96,5512.37,-8.63,0.191,0.84,5,111.96,1.856,17,-1903.31,-100.0,False,700168.2300000002,0.80-0.88
ABB.NS,2025-07-08,2025-08-06,5805.11,5805,6100,5906.32,5066.55,-12.72,0.1761,0.81,4,101.32,1.745,19,-1925.17,-100.0,False,698243.0600000002,0.80-0.88
TCS.NS,2025-07-10,2025-08-08,3236.22,3235,3360,3279.84,2915.37,-9.91,0.1321,0.777,4,44.84,1.385,44,-1972.74,-100.0,False,696270.3200000002,0.70-0.80
APARINDS.NS,2025-07-10,2025-08-08,8847.62,8850,9555,9104.97,8696.5,-1.71,0.3934,0.871,4,254.97,2.882,7,-1784.81,-100.0,False,694485.5100000001,0.80-0.88
ANANTRAJ.NS,2025-07-11,2025-08-11,560.63,560,605,575.69,538.75,-3.9,0.3279,0.705,5,15.69,2.799,127,-1992.55,-100.0,False,692492.9600000001,0.70-0.80
APARINDS.NS,2025-07-14,2025-08-12,8684.58,8685,9380,8936.53,8813.5,1.48,0.3937,0.742,4,251.53,2.896,7,-861.18,-48.91,False,691631.78,0.70-0.80
APARINDS.NS,2025-07-15,2025-08-13,8987.29,8985,9705,9246.58,8748.5,-2.66,0.3965,0.79,4,261.58,2.911,7,-1831.05,-100.0,False,689800.73,0.70-0.80
ANANTRAJ.NS,2025-07-15,2025-08-13,606.47,605,655,622.97,536.95,-11.46,0.3639,0.831,5,17.97,2.964,111,-1994.99,-100.0,False,687805.74,0.80-0.88
ANANTRAJ.NS,2025-07-16,2025-08-14,606.1,605,655,622.79,535.75,-11.61,0.3579,0.851,4,17.79,2.935,112,-1992.58,-100.0,False,685813.16,0.80-0.88
AJMERA.NS,2025-07-16,2025-08-14,184.04,185,195,188.26,176.11,-4.31,0.2141,0.782,4,3.26,1.77,614,-1999.97,-100.0,False,683813.1900000001,0.70-0.80
AJMERA.NS,2025-07-17,2025-08-18,187.78,190,200,192.89,179.86,-4.22,0.2091,0.813,4,2.89,1.539,692,-1999.34,-100.0,False,681813.8500000001,0.80-0.88
BAJFINANCE.NS,2025-07-18,2025-08-19,936.24,935,990,953.82,896.79,-4.21,0.1983,0.771,4,18.82,2.01,106,-1994.7,-100.0,False,679819.1500000001,0.70-0.80
APARINDS.NS,2025-07-18,2025-08-19,8849.61,8850,9560,9105.37,8428.5,-4.76,0.3848,0.789,4,255.37,2.886,7,-1787.56,-100.0,False,678031.5900000001,0.70-0.80
BAJFINANCE.NS,2025-07-21,2025-08-20,942.66,945,995,961.68,882.38,-6.39,0.196,0.805,4,16.68,1.77,119,-1985.01,-100.0,False,676046.5800000001,0.80-0.88
APARINDS.NS,2025-07-21,2025-08-20,9203.51,9205,9940,9471.58,8353.5,-9.24,0.398,0.844,5,266.58,2.897,7,-1866.09,-100.0,False,674180.4900000001,0.80-0.88
ANGELONE.NS,2025-07-22,2025-08-21,276.08,275,300,283.77,249.74,-9.54,0.3607,0.771,4,8.77,3.177,228,-2000.0,-100.0,False,672180.4900000001,0.70-0.80
ANGELONE.NS,2025-07-23,2025-08-22,278.09,280,300,286.78,247.85,-10.87,0.3437,0.795,4,6.78,2.438,295,-1999.67,-100.0,False,670180.8200000001,0.70-0.80
ABREL.NS,2025-07-25,2025-08-26,2007.9,2010,2160,2059.06,1785.19,-11.09,0.2658,0.865,4,49.06,2.443,40,-1962.31,-100.0,False,668218.51,0.80-0.88
APOLLO.NS,2025-07-28,2025-08-28,181.28,180,195,185.68,242.27,33.64,0.3841,0.775,5,5.68,3.133,352,3280.83,164.11,True,671499.34,0.70-0.80
ANGELONE.NS,2025-08-04,2025-09-04,258.58,260,280,266.53,222.12,-14.1,0.3194,0.856,4,6.53,2.525,306,-1998.17,-100.0,False,669501.1699999999,0.80-0.88
ANGELONE.NS,2025-08-05,2025-09-05,255.99,255,275,262.05,226.03,-11.71,0.2946,0.819,4,7.05,2.755,283,-1995.83,-100.0,False,667505.34,0.80-0.88
ANGELONE.NS,2025-08-08,2025-09-10,251.2,250,270,257.17,229.94,-8.46,0.31,0.872,4,7.17,2.853,279,-1999.49,-100.0,False,665505.85,0.80-0.88
ABREL.NS,2025-08-18,2025-09-17,1835.4,1835,1980,1884.38,1927.74,5.03,0.3068,0.83,4,49.38,2.691,40,1734.25,87.8,True,667240.1,0.80-0.88
ABB.NS,2025-08-19,2025-09-18,5047.36,5045,5380,5157.47,5413.86,7.26,0.2312,0.761,4,112.47,2.228,17,3783.05,197.86,True,671023.15,0.70-0.80
ABB.NS,2025-08-20,2025-09-19,5100.64,5100,5450,5216.21,5414.75,6.16,0.2376,0.759,4,116.21,2.278,17,3375.26,170.85,True,674398.41,0.70-0.80
ANGELONE.NS,2025-08-20,2025-09-19,267.75,270,290,276.47,223.06,-16.69,0.3274,0.868,4,6.47,2.416,309,-1998.71,-100.0,False,672399.7000000001,0.80-0.88
ABB.NS,2025-09-01,2025-09-30,5106.51,5105,5495,5233.4,5162.19,1.09,0.265,0.799,4,128.4,2.514,15,-1068.15,-55.46,False,671331.55,0.70-0.80
AJMERA.NS,2025-09-01,2025-09-30,178.97,180,195,185.41,198.17,10.73,0.5037,0.853,4,5.41,3.023,369,3538.29,177.21,True,674869.8400000001,0.80-0.88
ABB.NS,2025-09-02,2025-10-01,5127.23,5125,5505,5250.61,5177.82,0.99,0.2564,0.8,4,125.61,2.45,15,-1091.86,-57.95,False,673777.9800000001,0.70-0.80
ANANDRATHI.NS,2025-09-02,2025-10-01,1462.64,1465,1580,1501.9,1437.94,-1.69,0.2745,0.874,4,36.9,2.523,54,-1992.58,-100.0,False,671785.4000000001,0.80-0.88
BAJFINANCE.NS,2025-09-03,2025-10-03,890.82,890,955,911.89,983.7,10.43,0.2597,0.854,4,21.89,2.457,91,3923.12,196.96,True,675708.5200000001,0.80-0.88
BHARTIARTL.NS,2025-09-04,2025-10-06,1880.4,1880,1965,1910.07,1903.1,1.21,0.1616,0.84,4,30.07,1.599,66,-460.1,-23.18,False,675248.4200000002,0.80-0.88
APARINDS.NS,2025-09-10,2025-10-10,8493.0,8495,9170,8724.66,8385.0,-1.27,0.3133,0.717,4,229.66,2.704,8,-1837.27,-100.0,False,673411.1500000001,0.70-0.80
ABB.NS,2025-09-11,2025-10-13,5196.85,5195,5430,5277.27,5126.53,-1.35,0.1549,0.805,4,82.27,1.583,24,-1974.39,-100.0,False,671436.7600000001,0.80-0.88
ABB.NS,2025-09-12,2025-10-14,5227.22,5225,5460,5307.74,5098.65,-2.46,0.1556,0.766,4,82.74,1.583,24,-1985.72,-100.0,False,669451.0400000002,0.70-0.80
RELIANCE.NS,2025-09-12,2025-10-14,1388.58,1390,1460,1413.52,1369.57,-1.37,0.1736,0.787,4,23.52,1.693,85,-1998.81,-100.0,False,667452.2300000001,0.70-0.80
AIIL.NS,2025-09-15,2025-10-15,655.38,655,710,673.05,649.94,-0.83,0.2938,0.83,5,18.05,2.754,110,-1985.54,-100.0,False,665466.6900000001,0.80-0.88
ABREL.NS,2025-09-15,2025-10-15,1862.95,1865,2010,1913.71,1641.34,-11.9,0.3024,0.822,5,48.71,2.615,41,-1997.1,-100.0,False,663469.5900000001,0.80-0.88
ABB.NS,2025-09-15,2025-10-15,5317.05,5315,5555,5399.52,5152.43,-3.1,0.157,0.757,5,84.52,1.59,23,-1944.03,-100.0,False,661525.56,0.70-0.80
ANANDRATHI.NS,2025-09-15,2025-10-15,1513.94,1515,1605,1545.36,1559.36,3.0,0.2139,0.857,5,30.36,2.006,65,910.06,46.11,True,662435.6200000001,0.80-0.88
ABREL.NS,2025-09-16,2025-10-16,1918.85,1920,2070,1970.17,1629.26,-15.09,0.2949,0.799,5,50.17,2.615,39,-1956.71,-100.0,False,660478.9100000001,0.70-0.80
AIIL.NS,2025-09-16,2025-10-16,656.92,655,710,673.43,647.58,-1.42,0.2866,0.793,4,18.43,2.806,108,-1990.67,-100.0,False,658488.2400000001,0.70-0.80
BHARTIARTL.NS,2025-09-16,2025-10-16,1939.5,1940,2010,1965.08,1967.4,1.44,0.1254,0.822,4,25.08,1.293,79,183.12,9.24,True,658671.3600000001,0.80-0.88
ANANDRATHI.NS,2025-09-16,2025-10-16,1525.94,1525,1610,1554.35,1545.57,1.29,0.1964,0.845,4,29.35,1.923,68,-597.13,-29.92,False,658074.2300000001,0.80-0.88
ANGELONE.NS,2025-09-17,2025-10-17,221.27,220,240,227.36,245.68,11.03,0.4108,0.774,4,7.36,3.327,271,3425.04,171.69,True,661499.2700000001,0.70-0.80
BHARTIARTL.NS,2025-09-17,2025-10-17,1941.3,1940,2010,1965.52,2012.0,3.64,0.1219,0.811,4,25.52,1.315,78,3469.18,174.26,True,664968.4500000002,0.80-0.88
RELIANCE.NS,2025-09-17,2025-10-17,1407.29,1405,1465,1426.73,1410.28,0.21,0.1436,0.634,4,21.73,1.544,92,-1513.06,-75.7,False,663455.3900000001,<0.70
ANGELONE.NS,2025-09-18,2025-10-20,222.96,225,240,230.33,245.98,10.33,0.4052,0.732,4,5.33,2.389,375,3627.99,181.67,True,667083.3800000001,0.70-0.80
AJMERA.NS,2025-09-18,2025-10-20,200.18,200,215,205.29,204.72,2.27,0.3125,0.853,4,5.29,2.642,378,-214.62,-10.74,False,666868.7600000001,0.80-0.88
ANGELONE.NS,2025-09-19,2025-10-21,223.06,225,240,230.07,245.81,10.2,0.3371,0.724,4,5.07,2.274,394,3911.8,195.77,True,670780.5600000002,0.70-0.80
ABCAPITAL.NS,2025-09-23,2025-10-24,291.45,290,310,296.87,306.15,5.04,0.2104,0.829,4,6.87,2.358,291,2699.74,134.99,True,673480.3000000002,0.80-0.88
ABCAPITAL.NS,2025-09-24,2025-10-27,291.95,290,310,296.98,310.75,6.44,0.2019,0.864,5,6.98,2.392,286,3722.32,186.33,True,677202.6200000001,0.80-0.88
RELIANCE.NS,2025-09-26,2025-10-29,1371.26,1370,1410,1385.41,1497.28,9.19,0.1007,0.696,4,15.41,1.124,129,3172.47,159.62,True,680375.0900000001,<0.70
ABB.NS,2025-09-29,2025-10-30,5186.59,5185,5390,5258.26,5257.5,1.37,0.136,0.828,4,73.26,1.413,27,-20.66,-1.04,False,680354.43,0.80-0.88
RELIANCE.NS,2025-09-29,2025-10-30,1366.48,1365,1405,1380.48,1481.65,8.43,0.1012,0.735,5,15.48,1.133,129,3162.58,158.33,True,683517.01,0.70-0.80
RELIANCE.NS,2025-09-30,2025-10-31,1357.72,1360,1400,1373.98,1479.56,8.97,0.0989,0.757,5,13.98,1.029,143,3721.51,186.22,True,687238.52,0.70-0.80
ABB.NS,2025-09-30,2025-10-31,5162.19,5160,5365,5233.44,5198.74,0.71,0.1367,0.832,4,73.44,1.423,27,-937.04,-47.25,False,686301.48,0.80-0.88
ABB.NS,2025-10-01,2025-11-03,5177.82,5180,5375,5249.68,5234.59,1.1,0.1343,0.837,4,69.68,1.346,28,-422.61,-21.66,False,685878.87,0.80-0.88
RELIANCE.NS,2025-10-03,2025-11-04,1357.13,1355,1400,1371.27,1466.32,8.05,0.0928,0.831,4,16.27,1.199,122,3504.8,176.55,True,689383.67,0.80-0.88
ANGELONE.NS,2025-10-03,2025-11-04,216.63,215,235,221.61,247.83,14.41,0.2686,0.756,4,6.61,3.053,302,4042.94,202.44,True,693426.61,0.70-0.80
RELIANCE.NS,2025-10-06,2025-11-06,1368.67,1370,1410,1383.86,1489.21,8.81,0.0884,0.851,4,13.86,1.013,144,3763.8,188.55,True,697190.41,0.80-0.88
ANGELONE.NS,2025-10-06,2025-11-06,222.92,225,240,229.7,244.7,9.77,0.2815,0.828,5,4.7,2.111,425,4375.38,218.81,True,701565.79,0.80-0.88
AIIL.NS,2025-10-06,2025-11-06,640.88,640,690,657.53,560.14,-12.6,0.3181,0.812,4,17.53,2.735,114,-1997.97,-100.0,False,699567.8200000001,0.80-0.88
AIIL.NS,2025-10-16,2025-11-18,647.58,650,700,666.87,558.98,-13.68,0.3316,0.848,4,16.87,2.605,118,-1990.45,-100.0,False,697577.3700000001,0.80-0.88
APOLLO.NS,2025-10-17,2025-11-19,293.65,295,315,302.3,279.4,-4.85,0.3923,0.864,4,7.3,2.487,273,-1993.71,-100.0,False,695583.6600000001,0.80-0.88
AIIL.NS,2025-10-21,2025-11-21,638.18,640,690,656.21,534.32,-16.27,0.2928,0.823,4,16.21,2.541,123,-1994.38,-100.0,False,693589.2800000001,0.80-0.88
ABREL.NS,2025-10-27,2025-11-26,1752.15,1750,1890,1799.1,1770.21,1.03,0.3313,0.821,4,49.1,2.802,40,-1155.36,-58.83,False,692433.9200000002,0.80-0.88
AJMERA.NS,2025-10-30,2025-12-01,208.93,210,225,214.41,202.1,-3.27,0.228,0.803,4,4.41,2.109,453,-1995.96,-100.0,False,690437.9600000002,0.80-0.88
AJMERA.NS,2025-10-31,2025-12-02,214.42,215,230,219.75,197.2,-8.03,0.2404,0.844,5,4.75,2.216,420,-1995.29,-100.0,False,688442.6700000002,0.80-0.88
AJMERA.NS,2025-11-03,2025-12-03,213.48,215,230,219.44,197.56,-7.46,0.2411,0.869,5,4.44,2.078,450,-1996.3,-100.0,False,686446.3700000001,0.80-0.88
ANANTRAJ.NS,2025-11-14,2025-12-15,616.1,615,665,632.06,550.55,-10.64,0.3025,0.714,4,17.06,2.77,117,-1996.43,-100.0,False,684449.9400000001,0.70-0.80
BAJFINANCE.NS,2025-11-26,2025-12-26,1004.52,1005,1085,1033.18,993.89,-1.06,0.3567,0.872,4,28.18,2.806,70,-1972.89,-100.0,False,682477.05,0.80-0.88
ANANTRAJ.NS,2025-11-26,2025-12-26,605.1,605,655,622.66,554.65,-8.34,0.3702,0.79,4,17.66,2.919,113,-1995.71,-100.0,False,680481.3400000001,0.70-0.80
APOLLO.NS,2025-12-02,2026-01-01,280.35,280,305,289.1,276.0,-1.55,0.4508,0.863,4,9.1,3.245,219,-1992.15,-100.0,False,678489.1900000001,0.80-0.88
TCS.NS,2025-12-03,2026-01-02,3064.64,3065,3200,3112.41,3132.77,2.22,0.1556,0.865,4,47.41,1.547,42,855.43,42.96,True,679344.6200000001,0.80-0.88
ABREL.NS,2025-12-04,2026-01-05,1773.91,1775,1900,1816.42,1699.84,-4.18,0.2518,0.859,4,41.42,2.335,48,-1988.02,-100.0,False,677356.6000000001,0.80-0.88
ANANDRATHI.NS,2025-12-10,2026-01-09,1431.99,1430,1510,1457.47,1569.62,9.61,0.1859,0.668,4,27.47,1.918,72,3782.46,191.27,True,681139.06,<0.70
ANANDRATHI.NS,2025-12-11,2026-01-12,1439.43,1440,1515,1465.82,1562.78,8.57,0.1879,0.692,5,25.82,1.794,77,3786.75,190.46,True,684925.81,<0.70
ANANDRATHI.NS,2025-12-12,2026-01-13,1466.62,1465,1550,1494.03,1573.01,7.25,0.1958,0.727,5,29.03,1.979,68,3806.1,192.82,True,688731.91,0.70-0.80
ANANDRATHI.NS,2025-12-15,2026-01-14,1487.73,1490,1575,1518.24,1539.08,3.45,0.2028,0.757,4,28.24,1.898,70,1458.6,73.78,True,690190.51,0.70-0.80
ANANDRATHI.NS,2025-12-16,2026-01-15,1493.27,1495,1565,1519.16,1539.08,3.07,0.1718,0.765,4,24.16,1.618,82,1633.85,82.49,True,691824.36,0.70-0.80
RELIANCE.NS,2025-12-19,2026-01-20,1557.9,1560,1610,1578.09,1387.58,-10.93,0.1206,0.86,4,18.09,1.161,110,-1990.28,-100.0,False,689834.08,0.80-0.88
RELIANCE.NS,2025-12-22,2026-01-21,1568.15,1570,1620,1588.16,1398.14,-10.84,0.1189,0.843,4,18.16,1.158,110,-1997.21,-100.0,False,687836.87,0.80-0.88
RELIANCE.NS,2025-12-23,2026-01-22,1563.47,1565,1615,1583.28,1396.05,-10.71,0.1198,0.796,4,18.28,1.169,109,-1992.08,-100.0,False,685844.79,0.70-0.80
APARINDS.NS,2025-12-23,2026-01-22,8891.5,8890,9535,9103.45,7214.5,-18.86,0.2527,0.839,4,213.45,2.401,9,-1921.06,-100.0,False,683923.73,0.80-0.88
BAJFINANCE.NS,2025-12-24,2026-01-23,1005.52,1005,1055,1022.34,922.18,-8.29,0.1706,0.759,4,17.34,1.724,115,-1993.97,-100.0,False,681929.76,0.70-0.80
ANANDRATHI.NS,2025-12-24,2026-01-23,1528.25,1530,1590,1551.24,1476.8,-3.37,0.1462,0.69,4,21.24,1.39,94,-1996.33,-100.0,False,679933.43,<0.70
TITAN.NS,2025-12-26,2026-01-27,3978.94,3980,4155,4041.26,3983.93,0.13,0.1553,0.879,5,61.26,1.54,32,-1834.54,-93.59,False,678098.89,0.80-0.88
ANANDRATHI.NS,2025-12-26,2026-01-27,1513.78,1515,1580,1537.55,1447.51,-4.38,0.1518,0.788,4,22.55,1.49,88,-1984.71,-100.0,False,676114.18,0.70-0.80
ABB.NS,2025-12-26,2026-01-27,5161.89,5160,5425,5251.28,4688.33,-9.17,0.1765,0.879,4,91.28,1.768,21,-1916.97,-100.0,False,674197.2100000001,0.80-0.88
TITAN.NS,2025-12-29,2026-01-28,3970.67,3970,4150,4032.79,3962.2,-0.21,0.1557,0.864,4,62.79,1.581,31,-1946.48,-100.0,False,672250.7300000001,0.80-0.88
ANANDRATHI.NS,2025-12-30,2026-01-29,1542.92,1545,1610,1567.62,1461.33,-5.29,0.1548,0.844,5,22.62,1.466,88,-1990.53,-100.0,False,670260.2000000001,0.80-0.88
TITAN.NS,2025-12-31,2026-01-30,4038.25,4040,4230,4105.91,3964.39,-1.83,0.1677,0.862,4,65.91,1.632,30,-1977.27,-100.0,False,668282.93,0.80-0.88
RELIANCE.NS,2025-12-31,2026-01-30,1563.17,1565,1615,1583.14,1388.98,-11.14,0.119,0.835,4,18.14,1.161,110,-1995.49,-100.0,False,666287.4400000001,0.80-0.88
ABREL.NS,2025-12-31,2026-01-30,1671.89,1670,1805,1716.26,1264.2,-24.39,0.3118,0.76,4,46.26,2.767,43,-1989.18,-100.0,False,664298.26,0.70-0.80
ABCAPITAL.NS,2025-12-31,2026-01-30,357.7,360,380,366.59,339.8,-5.0,0.2388,0.874,4,6.59,1.841,303,-1995.77,-100.0,False,662302.49,0.80-0.88
ABCAPITAL.NS,2026-01-01,2026-02-02,361.95,360,385,368.9,333.05,-7.98,0.2337,0.875,4,8.9,2.458,224,-1992.64,-100.0,False,660309.85,0.80-0.88
ABREL.NS,2026-01-01,2026-02-02,1677.68,1680,1810,1723.89,1193.32,-28.87,0.3084,0.706,4,43.89,2.616,45,-1975.26,-100.0,False,658334.59,0.70-0.80
ABB.NS,2026-01-01,2026-02-02,5155.41,5155,5400,5239.95,5445.73,5.63,0.1644,0.82,4,84.95,1.648,23,3681.12,188.4,True,662015.71,0.80-0.88
ANGELONE.NS,2026-01-02,2026-02-03,234.99,235,255,241.58,256.91,9.33,0.3074,0.871,4,6.58,2.8,303,4066.57,204.0,True,666082.2799999999,0.80-0.88
ABB.NS,2026-01-02,2026-02-03,5184.3,5185,5420,5267.05,5645.41,8.89,0.1593,0.765,4,82.05,1.583,24,3670.85,186.42,True,669753.1299999999,0.70-0.80
TCS.NS,2026-01-02,2026-02-03,3132.77,3135,3250,3176.11,3164.8,1.02,0.1327,0.869,4,41.11,1.312,48,-542.72,-27.51,False,669210.4099999999,0.80-0.88
ABB.NS,2026-01-05,2026-02-04,5147.45,5145,5385,5229.18,5731.56,11.35,0.1615,0.792,4,84.18,1.635,23,3583.89,185.11,True,672794.2999999999,0.70-0.80
ANGELONE.NS,2026-01-05,2026-02-04,236.38,235,255,242.05,266.72,12.84,0.3071,0.849,4,7.05,2.982,283,3665.12,183.73,True,676459.4199999999,0.80-0.88
ABB.NS,2026-01-06,2026-02-05,5203.22,5205,5415,5279.12,5746.5,10.44,0.1418,0.82,4,74.12,1.424,26,3532.9,183.33,True,679992.32,0.80-0.88
ABB.NS,2026-01-07,2026-02-06,5277.42,5275,5495,5353.43,5792.31,9.76,0.1444,0.878,4,78.43,1.486,25,3539.34,180.52,True,683531.6599999999,0.80-0.88
APARINDS.NS,2026-01-07,2026-02-06,8184.0,8185,8650,8342.52,9490.0,15.96,0.1983,0.615,4,157.52,1.925,12,3689.75,195.2,True,687221.4099999999,<0.70
BAJFINANCE.NS,2026-01-16,2026-02-17,944.44,945,980,957.25,1007.95,6.72,0.1248,0.83,4,12.25,1.298,163,3707.53,185.61,True,690928.94,0.80-0.88
APARINDS.NS,2026-02-17,2026-03-19,9556.0,9555,10320,9855.7,9598.0,0.44,0.7009,0.808,4,300.7,3.147,6,-1546.21,-85.7,False,689382.73,0.80-0.88
ANANDRATHI.NS,2026-02-17,2026-03-19,1498.06,1500,1580,1527.1,1508.49,0.7,0.1941,0.778,4,27.1,1.809,73,-1358.18,-68.66,False,688024.5499999999,0.70-0.80
ANANTRAJ.NS,2026-02-18,2026-03-20,556.15,555,600,572.39,465.85,-16.24,0.5338,0.846,5,17.39,3.127,114,-1982.74,-100.0,False,686041.8099999999,0.80-0.88
ANANDRATHI.NS,2026-02-20,2026-03-24,1505.75,1505,1585,1532.61,1482.39,-1.55,0.1849,0.734,4,27.61,1.834,72,-1988.04,-100.0,False,684053.7699999999,0.70-0.80
ANANDRATHI.NS,2026-02-23,2026-03-25,1530.8,1530,1610,1557.73,1493.42,-2.44,0.1827,0.743,4,27.73,1.811,72,-1996.42,-100.0,False,682057.3499999999,0.70-0.80
TITAN.NS,2026-02-26,2026-04-01,4328.4,4330,4575,4412.91,4052.2,-6.38,0.1992,0.831,4,82.91,1.915,24,-1989.83,-100.0,False,680067.5199999999,0.80-0.88
ABREL.NS,2026-02-27,2026-04-02,1287.95,1290,1390,1327.81,1142.61,-11.29,0.5018,0.799,4,37.81,2.936,52,-1966.19,-100.0,False,678101.33,0.70-0.80
TITAN.NS,2026-02-27,2026-04-02,4313.35,4315,4560,4397.95,4083.8,-5.32,0.2005,0.741,5,82.95,1.923,24,-1990.76,-100.0,False,676110.57,0.70-0.80
ANANDRATHI.NS,2026-02-27,2026-04-02,1534.94,1535,1595,1556.53,1600.96,4.3,0.1394,0.678,5,21.53,1.403,92,3539.07,178.66,True,679649.6399999999,<0.70
ANANDRATHI.NS,2026-03-02,2026-04-06,1571.17,1570,1640,1594.79,1638.24,4.27,0.153,0.807,5,24.79,1.578,80,3475.33,175.21,True,683124.9699999999,0.80-0.88
ANANDRATHI.NS,2026-03-04,2026-04-07,1566.28,1565,1625,1586.67,1643.08,4.9,0.1285,0.859,4,21.67,1.384,92,3525.91,176.82,True,686650.8799999999,0.80-0.88
AJMERA.NS,2026-03-11,2026-04-15,125.49,125,135,128.8,122.84,-2.11,0.4227,0.743,4,3.8,3.026,526,-1997.49,-100.0,False,684653.3899999999,0.70-0.80
AJMERA.NS,2026-03-20,2026-04-24,108.52,110,115,111.79,124.83,15.03,0.3404,0.741,4,1.79,1.649,1117,3586.58,179.47,True,688239.9699999999,0.70-0.80
AJMERA.NS,2026-03-25,2026-04-29,109.39,110,120,113.47,123.77,13.15,0.4741,0.788,4,3.47,3.175,575,3753.22,187.96,True,691993.1899999998,0.70-0.80
AJMERA.NS,2026-03-27,2026-04-30,104.04,105,110,106.97,124.3,19.47,0.4951,0.796,4,1.97,1.896,1013,3066.64,153.46,True,695059.8299999998,0.70-0.80
TCS.NS,2026-03-27,2026-04-30,2344.97,2345,2475,2389.08,2427.5,3.52,0.1913,0.861,4,44.08,1.88,45,1728.84,87.16,True,696788.6699999998,0.80-0.88
TCS.NS,2026-03-30,2026-05-01,2314.65,2315,2440,2357.55,2427.5,4.88,0.1881,0.873,4,42.55,1.838,47,3287.52,164.4,True,700076.1899999998,0.80-0.88
AIIL.NS,2026-04-20,2026-05-19,466.5,465,505,480.77,496.7,6.47,0.7188,0.743,4,15.77,3.381,126,2007.06,101.0,True,702083.2499999999,0.70-0.80
TCS.NS,2026-04-20,2026-05-19,2531.21,2530,2735,2596.99,2283.45,-9.79,0.2783,0.791,4,66.99,2.647,29,-1942.7,-100.0,False,700140.5499999999,0.70-0.80
AIIL.NS,2026-04-21,2026-05-20,470.7,470,510,485.67,507.85,7.89,0.7171,0.772,4,15.67,3.33,127,2816.58,141.51,True,702957.1299999999,0.70-0.80
TCS.NS,2026-04-21,2026-05-20,2561.53,2560,2760,2626.15,2283.74,-10.84,0.2732,0.847,4,66.15,2.582,30,-1984.5,-100.0,False,700972.6299999999,0.80-0.88
RELIANCE.NS,2026-04-21,2026-05-20,1347.07,1345,1455,1382.88,1353.44,0.47,0.3171,0.874,4,37.88,2.812,52,-1530.88,-77.71,False,699441.7499999999,0.80-0.88
ABCAPITAL.NS,2026-04-23,2026-05-22,349.75,350,380,361.22,357.3,2.16,0.5291,0.821,4,11.22,3.207,178,-697.24,-34.92,False,698744.5099999999,0.80-0.88
BHARTIARTL.NS,2026-04-23,2026-05-22,1841.2,1840,1955,1878.78,1871.4,1.64,0.2141,0.786,4,38.78,2.106,51,-376.54,-19.04,False,698367.9699999999,0.70-0.80
AJMERA.NS,2026-04-27,2026-05-26,126.03,125,135,128.96,119.4,-5.26,0.4493,0.856,4,3.96,3.143,504,-1996.3,-100.0,False,696371.6699999998,0.80-0.88
RELIANCE.NS,2026-04-28,2026-05-27,1382.51,1385,1495,1422.47,1344.28,-2.76,0.3325,0.87,4,37.47,2.711,53,-1986.08,-100.0,False,694385.5899999999,0.80-0.88
AJMERA.NS,2026-04-28,2026-05-27,126.39,125,135,129.02,121.4,-3.95,0.4277,0.805,4,4.02,3.184,496,-1996.12,-100.0,False,692389.4699999999,0.80-0.88
BHARTIARTL.NS,2026-04-28,2026-05-27,1843.8,1845,1945,1878.83,1852.2,0.46,0.1909,0.807,4,33.83,1.835,59,-1571.2,-78.72,False,690818.2699999999,0.80-0.88
BHARTIARTL.NS,2026-04-29,2026-05-28,1888.1,1890,2000,1926.89,1852.2,-1.9,0.208,0.841,4,36.89,1.954,54,-1992.04,-100.0,False,688826.2299999999,0.80-0.88
BHARTIARTL.NS,2026-04-30,2026-05-29,1886.8,1885,1975,1916.58,1829.0,-3.06,0.1619,0.84,5,31.58,1.674,63,-1989.28,-100.0,False,686836.9499999998,0.80-0.88
BAJFINANCE.NS,2026-04-30,2026-05-29,931.28,930,1005,955.95,902.7,-3.07,0.318,0.762,5,25.95,2.787,77,-1998.22,-100.0,False,684838.7299999999,0.70-0.80
ABCAPITAL.NS,2026-04-30,2026-05-29,345.5,345,375,355.94,363.3,5.15,0.4347,0.8,4,10.94,3.167,182,1339.18,67.25,True,686177.9099999999,0.70-0.80
BAJFINANCE.NS,2026-05-01,2026-06-01,931.28,930,1005,955.9,883.62,-5.12,0.316,0.731,4,25.9,2.781,77,-1994.53,-100.0,False,684183.3799999999,0.70-0.80
ABCAPITAL.NS,2026-05-01,2026-06-01,345.5,345,375,355.88,350.55,1.46,0.4232,0.757,4,10.88,3.149,183,-975.12,-48.98,False,683208.2599999999,0.70-0.80
ABCAPITAL.NS,2026-05-04,2026-06-02,345.85,345,375,355.93,351.3,1.58,0.4158,0.836,5,10.93,3.16,183,-847.1,-42.36,False,682361.1599999999,0.80-0.88
AIIL.NS,2026-05-04,2026-06-02,464.05,465,500,477.92,453.65,-2.24,0.4285,0.832,4,12.92,2.784,154,-1989.91,-100.0,False,680371.2499999999,0.80-0.88
AJMERA.NS,2026-05-04,2026-06-02,126.19,125,135,128.75,115.44,-8.52,0.2986,0.727,4,3.75,2.968,533,-1996.51,-100.0,False,678374.7399999999,0.70-0.80
BAJFINANCE.NS,2026-05-06,2026-06-04,974.76,975,1055,1001.81,869.06,-10.84,0.312,0.77,4,26.81,2.751,74,-1984.15,-100.0,False,676390.5899999999,0.70-0.80
AJMERA.NS,2026-05-06,2026-06-04,128.87,130,140,133.36,118.66,-7.92,0.3845,0.804,5,3.36,2.608,595,-1999.66,-100.0,False,674390.9299999998,0.80-0.88
AIIL.NS,2026-05-06,2026-06-04,474.35,475,510,488.18,451.3,-4.86,0.4481,0.771,4,13.18,2.778,151,-1989.84,-100.0,False,672401.0899999999,0.70-0.80
AIIL.NS,2026-05-07,2026-06-05,490.05,490,530,504.44,462.7,-5.58,0.3984,0.747,4,14.44,2.947,138,-1992.86,-100.0,False,670408.2299999999,0.70-0.80
AJMERA.NS,2026-05-07,2026-06-05,133.94,135,145,138.41,121.67,-9.16,0.3758,0.873,5,3.41,2.544,587,-1999.88,-100.0,False,668408.3499999999,0.80-0.88
ANGELONE.NS,2026-05-07,2026-06-05,322.6,325,350,334.01,332.6,3.1,0.4799,0.799,4,9.01,2.793,221,-311.6,-15.65,False,668096.7499999999,0.70-0.80
AIIL.NS,2026-05-08,2026-06-08,494.9,495,535,509.3,456.6,-7.74,0.3816,0.707,5,14.3,2.89,139,-1987.88,-100.0,False,666108.8699999999,0.70-0.80
APARINDS.NS,2026-05-08,2026-06-08,12810.0,12810,13835,13185.88,13276.0,3.64,0.417,0.863,4,375.88,2.934,5,450.62,23.98,True,666559.4899999999,0.80-0.88
APARINDS.NS,2026-05-14,2026-06-12,12735.0,12735,13755,13106.03,15221.0,19.52,0.4024,0.73,4,371.03,2.913,5,3244.86,174.91,True,669804.3499999999,0.70-0.80
ANANDRATHI.NS,2026-05-14,2026-06-12,1784.1,1785,1840,1805.21,1765.3,-1.05,0.1099,0.768,4,20.21,1.133,98,-1980.8,-100.0,False,667823.5499999998,0.70-0.80
AIIL.NS,2026-05-15,2026-06-15,505.5,505,545,519.9,558.7,10.52,0.4259,0.808,4,14.9,2.947,134,3363.75,168.5,True,671187.2999999998,0.80-0.88
BAJFINANCE.NS,2026-05-15,2026-06-15,904.89,905,965,925.18,936.54,3.5,0.2381,0.825,4,20.18,2.23,99,1124.81,56.3,True,672312.1099999999,0.80-0.88
ANANDRATHI.NS,2026-05-15,2026-06-15,1791.55,1790,1845,1810.26,1781.6,-0.56,0.0937,0.844,4,20.26,1.131,98,-1985.59,-100.0,False,670326.5199999999,0.80-0.88
BAJFINANCE.NS,2026-05-18,2026-06-16,915.47,915,980,936.4,953.79,4.19,0.2389,0.84,4,21.4,2.337,93,1617.08,81.26,True,671943.5999999999,0.80-0.88
BAJFINANCE.NS,2026-05-19,2026-06-17,917.91,920,975,938.32,952.54,3.77,0.2239,0.793,4,18.32,1.996,109,1550.42,77.64,True,673494.0199999999,0.70-0.80
ANANDRATHI.NS,2026-05-19,2026-06-17,1783.35,1785,1835,1802.87,1787.1,0.21,0.0905,0.819,4,17.87,1.002,111,-1750.03,-88.25,False,671743.9899999999,0.80-0.88
AIIL.NS,2026-05-20,2026-06-18,507.85,510,550,524.3,551.55,8.6,0.4249,0.876,4,14.3,2.816,139,3571.84,179.66,True,675315.8299999998,0.80-0.88
TITAN.NS,2026-05-25,2026-06-23,4145.6,4145,4475,4261.62,4291.22,3.51,0.3527,0.761,4,116.62,2.813,17,503.12,25.38,True,675818.9499999998,0.70-0.80
ABCAPITAL.NS,2026-05-26,2026-06-24,363.05,365,390,373.48,394.8,8.75,0.3126,0.874,4,8.48,2.337,235,3881.51,194.71,True,679700.4599999998,0.80-0.88
TITAN.NS,2026-05-27,2026-06-25,4124.37,4125,4455,4241.3,4277.26,3.71,0.3553,0.649,4,116.3,2.82,17,611.48,30.93,True,680311.9399999998,<0.70
ANANTRAJ.NS,2026-06-01,2026-06-30,538.65,540,580,555.06,521.25,-3.23,0.4753,0.757,4,15.06,2.797,132,-1988.51,-100.0,False,678323.4299999998,0.70-0.80
ANANTRAJ.NS,2026-06-02,2026-07-01,552.2,550,595,567.32,516.9,-6.39,0.4782,0.809,5,17.32,3.137,115,-1992.09,-100.0,False,676331.3399999999,0.80-0.88
RELIANCE.NS,2026-06-03,2026-07-02,1307.16,1305,1380,1331.11,1303.5,-0.28,0.1986,0.697,4,26.11,1.997,76,-1984.18,-100.0,False,674347.1599999998,<0.70
TITAN.NS,2026-06-03,2026-07-02,4075.43,4075,4400,4190.61,4466.44,9.59,0.363,0.665,4,115.61,2.837,17,3559.66,181.12,True,677906.8199999998,<0.70
ABCAPITAL.NS,2026-06-04,2026-07-03,353.65,355,380,363.21,401.25,13.46,0.2777,0.737,4,8.21,2.322,243,4079.94,204.5,True,681986.7599999998,0.70-0.80
TITAN.NS,2026-06-04,2026-07-03,4217.16,4215,4555,4337.67,4446.51,5.44,0.3846,0.785,5,122.67,2.909,16,1741.41,88.72,True,683728.1699999998,0.70-0.80
ABCAPITAL.NS,2026-06-05,2026-07-06,357.5,360,385,367.89,409.75,14.62,0.2758,0.77,4,7.89,2.207,253,4328.42,216.79,True,688056.5899999999,0.70-0.80
TITAN.NS,2026-06-05,2026-07-06,4246.27,4245,4585,4364.34,4469.73,5.26,0.3448,0.821,4,119.34,2.81,16,1686.34,88.32,True,689742.9299999998,0.80-0.88
BAJFINANCE.NS,2026-06-05,2026-07-06,883.97,885,945,904.96,1029.1,16.42,0.2484,0.869,4,19.96,2.258,100,4003.72,200.56,True,693746.6499999998,0.80-0.88
ABCAPITAL.NS,2026-06-08,2026-07-07,344.0,345,370,353.35,405.4,17.85,0.2917,0.835,4,8.35,2.429,239,3978.18,199.23,True,697724.8299999998,0.80-0.88
RELIANCE.NS,2026-06-10,2026-07-09,1258.8,1260,1320,1280.8,1279.8,1.67,0.1759,0.869,4,20.8,1.653,96,-96.36,-4.82,False,697628.4699999999,0.80-0.88
ABREL.NS,2026-06-12,2026-07-13,1196.31,1195,1290,1226.18,1434.1,19.88,0.2684,0.737,4,31.18,2.606,64,4084.64,204.71,True,701713.1099999999,0.70-0.80
ABREL.NS,2026-06-15,2026-07-14,1237.84,1240,1330,1269.46,1422.5,14.92,0.2644,0.772,4,29.46,2.38,67,4055.92,205.46,True,705769.0299999999,0.70-0.80
ABB.NS,2026-06-15,2026-07-14,6922.5,6920,7475,7114.59,6892.0,-0.44,0.3432,0.843,4,194.59,2.811,10,-1945.89,-100.0,False,703823.1399999999,0.80-0.88
ABREL.NS,2026-06-16,2026-07-15,1313.41,1315,1420,1350.8,1426.6,8.62,0.3287,0.853,4,35.8,2.726,55,3805.97,193.29,True,707629.1099999999,0.80-0.88
ABB.NS,2026-06-16,2026-07-15,7021.0,7020,7585,7216.67,7204.5,2.61,0.3389,0.817,4,196.67,2.801,10,-121.68,-6.19,False,707507.4299999998,0.80-0.88
