Ticker,Entry_Date,Exit_Date,S_entry,K1_Long,K2_Short,Breakeven,S_expiry,Move_%,HV20,VolPotential,VectorScore,Debit/unit,Debit_%S,Units,PnL_Total,Return_%,Win,CumPnL
INFY.NS,2021-08-18,2021-09-20,1509.79,1510,1570,1531.26,1470.07,-2.63,0.1382,,4,21.26,1.408,94,-1998.41,-100.0,False,98001.59
TITAN.NS,2021-08-18,2021-09-20,1849.87,1850,1975,1891.44,2043.74,10.48,0.2338,,3,41.44,2.24,48,4010.83,201.63,True,102012.42
AJMERA.NS,2021-08-18,2021-09-20,63.92,65,70,66.65,62.82,-1.72,0.4584,,3,1.65,2.588,1208,-1998.49,-100.0,False,100013.93
HDFCBANK.NS,2021-08-20,2021-09-21,708.75,710,740,719.99,726.16,2.46,0.1416,,3,9.99,1.409,200,1233.29,61.73,True,101247.22
BAJFINANCE.NS,2021-08-23,2021-09-22,658.44,660,700,673.42,760.0,15.42,0.233,,4,13.42,2.038,149,3960.79,198.12,True,105208.01
HDFCBANK.NS,2021-08-24,2021-09-23,729.38,730,760,740.62,734.6,0.72,0.1525,,4,10.62,1.456,188,-1131.09,-56.67,False,104076.92
BAJFINANCE.NS,2021-08-24,2021-09-23,680.67,680,730,696.63,770.28,13.17,0.2523,,3,16.63,2.443,120,4004.5,200.68,True,108081.42
HDFCBANK.NS,2021-08-25,2021-09-24,728.71,730,760,740.41,749.36,2.83,0.1535,,3,10.41,1.429,192,1718.2,85.93,True,109799.62
ABB.NS,2021-08-25,2021-09-24,1692.78,1695,1815,1733.96,1837.12,8.53,0.2467,,3,38.96,2.301,51,4133.15,208.02,True,113932.77
RELIANCE.NS,2021-08-25,2021-09-24,997.6,1000,1045,1015.31,1124.46,12.72,0.169,,3,15.31,1.534,130,3860.22,194.0,True,117792.99
ABB.NS,2021-08-26,2021-09-27,1697.92,1700,1815,1737.76,1813.94,6.83,0.2395,,3,37.76,2.224,52,3961.31,201.74,True,121754.3
RELIANCE.NS,2021-08-26,2021-09-27,1010.21,1010,1060,1027.09,1143.37,13.18,0.1656,,4,17.09,1.692,117,3850.05,192.51,True,125604.35
RELIANCE.NS,2021-08-27,2021-09-28,1008.83,1010,1055,1025.7,1154.06,14.4,0.1664,,3,15.7,1.557,127,3720.52,186.54,True,129324.87
TCS.NS,2021-08-27,2021-09-28,3231.69,3230,3390,3285.54,3282.94,1.59,0.17,,4,55.54,1.719,36,-93.48,-4.68,False,129231.39
ABB.NS,2021-08-27,2021-09-28,1809.1,1810,1955,1859.52,1760.79,-2.67,0.3235,,4,49.52,2.737,40,-1980.73,-100.0,False,127250.66
AJMERA.NS,2021-08-30,2021-09-29,68.46,70,75,71.64,68.79,0.48,0.4814,,3,1.64,2.397,1218,-1998.78,-100.0,False,125251.88
RELIANCE.NS,2021-08-30,2021-09-29,1028.24,1030,1080,1046.61,1144.91,11.35,0.1672,,3,16.61,1.615,120,4006.99,201.05,True,129258.87
ABB.NS,2021-08-30,2021-09-29,1879.16,1880,2030,1932.31,1780.25,-5.26,0.3445,,4,52.31,2.784,38,-1987.65,-100.0,False,127271.22
ICICIBANK.NS,2021-08-30,2021-09-29,692.25,690,735,705.38,688.23,-0.58,0.2077,,3,15.38,2.222,130,-1999.61,-100.0,False,125271.61
TITAN.NS,2021-08-30,2021-09-29,1848.05,1850,1985,1894.32,2112.75,14.32,0.2613,,3,44.32,2.398,45,4080.45,204.58,True,129352.06
BAJFINANCE.NS,2021-08-30,2021-09-29,698.74,700,745,714.83,732.87,4.88,0.2324,,4,14.83,2.122,134,2417.32,121.68,True,131769.38
AJMERA.NS,2021-08-31,2021-09-30,68.26,70,75,71.59,69.52,1.84,0.4709,,3,1.59,2.332,1256,-1999.58,-100.0,False,129769.8
ICICIBANK.NS,2021-08-31,2021-09-30,697.49,695,740,710.53,679.84,-2.53,0.208,,3,15.53,2.226,128,-1987.62,-100.0,False,127782.18000000001
TCS.NS,2021-08-31,2021-09-30,3289.28,3290,3450,3345.31,3279.81,-0.29,0.1715,,3,55.31,1.682,36,-1991.23,-100.0,False,125790.95000000001
TITAN.NS,2021-08-31,2021-09-30,1890.51,1890,2025,1934.84,2126.87,12.5,0.2491,,4,44.84,2.372,44,3967.0,201.06,True,129757.95000000001
INFY.NS,2021-08-31,2021-09-30,1486.27,1485,1545,1506.54,1459.05,-1.83,0.1361,,4,21.54,1.449,92,-1981.23,-100.0,False,127776.72
BAJFINANCE.NS,2021-08-31,2021-09-30,733.75,735,790,752.94,747.76,1.91,0.2714,,4,17.94,2.446,111,-575.9,-28.91,False,127200.82
BAJFINANCE.NS,2021-09-01,2021-10-01,733.28,735,790,752.76,733.58,0.04,0.2703,,4,17.76,2.422,112,-1988.84,-100.0,False,125211.98000000001
ABREL.NS,2021-09-01,2021-10-01,814.59,815,880,839.01,902.44,10.78,0.4386,,3,24.01,2.947,83,3402.44,170.76,True,128614.42
TITAN.NS,2021-09-01,2021-10-01,1908.02,1910,2025,1948.46,2128.74,11.57,0.2158,,3,38.46,2.016,52,3980.03,199.0,True,132594.45
HDFCBANK.NS,2021-09-02,2021-10-04,743.49,745,770,753.88,741.97,-0.2,0.1285,,3,8.88,1.194,225,-1997.09,-100.0,False,130597.36
ABREL.NS,2021-09-02,2021-10-04,808.92,810,875,833.54,906.92,12.11,0.4166,,4,23.54,2.911,84,3482.33,176.08,True,134079.69
HDFCBANK.NS,2021-09-03,2021-10-05,737.43,735,765,746.28,746.51,1.23,0.1306,,3,11.28,1.53,177,40.66,2.04,True,134120.35
RELIANCE.NS,2021-09-03,2021-10-05,1081.79,1080,1145,1102.44,1181.75,9.24,0.2069,,4,22.44,2.074,89,3787.68,189.64,True,137908.03
ABREL.NS,2021-09-03,2021-10-05,836.5,835,905,860.72,918.24,9.77,0.4199,,3,25.72,3.074,77,3409.83,172.2,True,141317.86000000002
TCS.NS,2021-09-03,2021-10-05,3337.58,3340,3535,3405.7,3329.98,-0.23,0.2086,,3,65.7,1.968,30,-1970.89,-100.0,False,139346.97
TITAN.NS,2021-09-03,2021-10-05,1986.62,1985,2105,2026.05,2157.17,8.58,0.2115,,3,41.05,2.066,48,3789.55,192.32,True,143136.52000000002
RELIANCE.NS,2021-09-06,2021-10-06,1098.6,1100,1155,1118.79,1159.4,5.53,0.183,,4,18.79,1.71,106,3838.11,192.69,True,146974.63
AJMERA.NS,2021-09-06,2021-10-06,73.01,75,80,76.56,67.43,-7.63,0.441,,4,1.56,2.134,1283,-1998.63,-100.0,False,144976.0
ABREL.NS,2021-09-06,2021-10-06,854.82,855,925,880.32,910.22,6.48,0.408,,3,25.32,2.962,78,2332.23,118.1,True,147308.23
AJMERA.NS,2021-09-07,2021-10-07,76.65,75,85,78.68,69.15,-9.79,0.4618,,3,3.68,4.803,543,-1999.32,-100.0,False,145308.91000000003
ABCAPITAL.NS,2021-09-07,2021-10-07,112.6,115,120,116.84,110.1,-2.22,0.4978,,4,1.84,1.636,1085,-1999.01,-100.0,False,143309.90000000002
APOLLO.NS,2021-09-07,2021-10-07,11.27,10,15,11.44,12.02,6.66,0.451,,3,1.44,12.768,1389,812.92,40.66,True,144122.82
ANANTRAJ.NS,2021-09-07,2021-10-07,66.12,65,70,67.14,77.43,17.11,0.4694,,4,2.14,3.231,936,2680.44,134.05,True,146803.26
ANANTRAJ.NS,2021-09-08,2021-10-08,69.34,70,75,71.8,76.58,10.45,0.4684,,4,1.8,2.593,1112,3560.52,178.07,True,150363.78000000003
APOLLO.NS,2021-09-08,2021-10-08,11.35,10,15,11.5,11.99,5.6,0.4473,,3,1.5,13.246,1329,645.75,32.31,True,151009.53000000003
ABB.NS,2021-09-08,2021-10-08,1835.21,1835,1980,1885.92,1799.03,-1.97,0.3415,,4,50.92,2.775,39,-1985.95,-100.0,False,149023.58000000002
AJMERA.NS,2021-09-08,2021-10-08,80.25,80,85,82.02,68.58,-14.53,0.4378,,4,2.02,2.517,990,-1999.96,-100.0,False,147023.62000000002
ABCAPITAL.NS,2021-09-08,2021-10-08,114.7,115,125,118.62,111.45,-2.83,0.487,,4,3.62,3.156,552,-1998.46,-100.0,False,145025.16000000003
APARINDS.NS,2021-09-08,2021-10-08,643.67,645,695,663.77,647.1,0.53,0.4899,,3,18.77,2.916,106,-1767.29,-88.83,False,143257.87000000002
BHARTIARTL.NS,2021-09-09,2021-10-11,658.26,660,710,677.79,675.21,2.58,0.3764,,3,17.79,2.703,112,-289.29,-14.52,False,142968.58000000002
ANANTRAJ.NS,2021-09-09,2021-10-11,70.43,70,75,72.02,78.02,10.79,0.4694,,4,2.02,2.863,991,2956.65,147.96,True,145925.23
ABB.NS,2021-09-09,2021-10-11,1828.07,1830,1975,1880.27,1790.08,-2.08,0.3421,,4,50.27,2.75,39,-1960.58,-100.0,False,143964.65000000002
APARINDS.NS,2021-09-09,2021-10-11,638.12,640,690,658.5,686.24,7.54,0.4732,,3,18.5,2.899,108,2995.83,149.95,True,146960.48
ANGELONE.NS,2021-09-13,2021-10-12,117.95,120,125,121.96,131.5,11.49,0.6295,,4,1.96,1.66,1021,3105.33,155.29,True,150065.81000000003
APOLLO.NS,2021-09-13,2021-10-12,12.46,10,15,12.44,12.38,-0.68,0.5433,,4,2.44,19.603,818,-52.78,-2.64,False,150013.03000000003
BHARTIARTL.NS,2021-09-13,2021-10-12,665.12,665,720,684.51,670.81,0.86,0.3769,,3,19.51,2.934,102,-1397.65,-70.22,False,148615.38
ABB.NS,2021-09-14,2021-10-13,1865.08,1865,2015,1917.22,1766.86,-5.27,0.34,,3,52.22,2.8,38,-1984.37,-100.0,False,146631.01
BHARTIARTL.NS,2021-09-14,2021-10-13,665.98,665,720,684.69,674.28,1.25,0.3718,,3,19.69,2.956,101,-1051.16,-52.86,False,145579.85
APOLLO.NS,2021-09-14,2021-10-13,12.57,15,20,15.13,12.2,-2.97,0.5245,,4,0.13,1.033,15396,-1999.95,-100.0,False,143579.90000000002
TCS.NS,2021-09-14,2021-10-13,3375.68,3375,3575,3442.79,3175.27,-5.94,0.2067,,3,67.79,2.008,29,-1965.8,-100.0,False,141614.1
TCS.NS,2021-09-15,2021-10-14,3435.31,3435,3645,3505.45,3143.28,-8.5,0.2104,,3,70.45,2.051,28,-1972.73,-100.0,False,139641.37
ICICIBANK.NS,2021-09-15,2021-10-14,692.93,695,725,705.04,705.5,1.81,0.1593,,3,10.04,1.449,199,90.19,4.51,True,139731.56
BHARTIARTL.NS,2021-09-15,2021-10-14,696.01,695,750,715.27,670.27,-3.7,0.3957,,3,20.27,2.912,98,-1986.2,-100.0,False,137745.36000000002
ABB.NS,2021-09-15,2021-10-14,1863.71,1865,2015,1916.83,1778.74,-4.56,0.3404,,3,51.83,2.781,38,-1969.68,-100.0,False,135775.68000000002
TITAN.NS,2021-09-15,2021-10-14,2085.55,2085,2220,2130.35,2522.56,20.95,0.226,,4,45.35,2.174,44,3944.64,197.69,True,139720.32
ICICIBANK.NS,2021-09-16,2021-10-18,705.4,705,740,717.14,723.1,2.51,0.1698,,4,12.14,1.721,164,977.29,49.08,True,140697.61000000002
BHARTIARTL.NS,2021-09-16,2021-10-18,689.39,690,745,709.79,665.19,-3.51,0.3941,,3,19.79,2.87,101,-1998.37,-100.0,False,138699.24000000002
TCS.NS,2021-09-16,2021-10-18,3390.79,3390,3595,3459.48,3174.35,-6.38,0.2121,,4,69.48,2.049,28,-1945.57,-100.0,False,136753.67
TITAN.NS,2021-09-16,2021-10-18,2074.58,2075,2210,2119.81,2546.91,22.77,0.2247,,3,44.81,2.16,44,3968.19,201.25,True,140721.86000000002
RELIANCE.NS,2021-09-16,2021-10-18,1099.78,1100,1165,1121.97,1226.32,11.51,0.2084,,3,21.97,1.998,91,3915.74,195.86,True,144637.6
APARINDS.NS,2021-09-17,2021-10-19,650.72,650,705,670.32,684.36,5.17,0.4504,,3,20.32,3.123,98,1375.47,69.07,True,146013.07
ICICIBANK.NS,2021-09-17,2021-10-19,698.56,700,730,710.26,725.04,3.79,0.1582,,3,10.26,1.469,194,2866.93,143.99,True,148880.0
RELIANCE.NS,2021-09-17,2021-10-19,1082.72,1085,1150,1106.62,1237.3,14.28,0.2218,,4,21.62,1.997,92,3990.91,200.64,True,152870.91000000003
ICICIBANK.NS,2021-09-21,2021-10-21,690.51,690,725,701.87,732.85,6.13,0.162,,3,11.87,1.719,168,3886.15,194.91,True,156757.06000000003
RELIANCE.NS,2021-09-21,2021-10-21,1089.13,1090,1155,1111.86,1187.78,9.06,0.214,,3,21.86,2.007,91,3925.81,197.36,True,160682.87000000002
APARINDS.NS,2021-09-22,2021-10-22,624.94,625,675,643.73,658.25,5.33,0.4667,,3,18.73,2.997,106,1539.02,77.53,True,162221.89
RELIANCE.NS,2021-09-22,2021-10-22,1100.82,1100,1170,1123.45,1190.0,8.1,0.2143,,3,23.45,2.13,85,3956.85,198.52,True,166178.74000000002
ANANTRAJ.NS,2021-09-22,2021-10-22,68.2,70,75,71.63,67.61,-0.87,0.5128,,4,1.63,2.386,1228,-1998.71,-100.0,False,164180.03000000003
APOLLO.NS,2021-09-22,2021-10-22,11.6,10,15,11.73,11.72,0.99,0.4922,,3,1.73,14.936,1154,-19.48,-0.97,False,164160.55000000002
ABCAPITAL.NS,2021-09-22,2021-10-22,109.95,110,120,113.3,100.65,-8.46,0.3426,,4,3.3,3.003,605,-1997.63,-100.0,False,162162.92
ANANTRAJ.NS,2021-09-23,2021-10-25,71.43,70,75,72.22,64.43,-9.79,0.5289,,4,2.22,3.103,902,-1999.33,-100.0,False,160163.59000000003
ABCAPITAL.NS,2021-09-23,2021-10-25,113.1,115,120,116.71,97.45,-13.84,0.3176,,4,1.71,1.513,1169,-1999.95,-100.0,False,158163.64
APOLLO.NS,2021-09-23,2021-10-25,11.73,10,15,11.84,11.52,-1.78,0.4903,,3,1.84,15.662,1089,-348.53,-17.43,False,157815.11000000002
ANGELONE.NS,2021-09-23,2021-10-25,113.23,115,120,116.94,113.67,0.39,0.5382,,4,1.94,1.71,1032,-1998.73,-100.0,False,155816.38
APARINDS.NS,2021-09-23,2021-10-25,629.96,630,680,648.73,645.65,2.49,0.4614,,3,18.73,2.974,106,-326.98,-16.47,False,155489.40000000002
ABB.NS,2021-09-23,2021-10-25,1856.09,1855,2005,1907.14,1809.25,-2.52,0.3338,,3,52.14,2.809,38,-1981.23,-100.0,False,153508.17
ABCAPITAL.NS,2021-09-24,2021-10-26,115.45,115,125,118.46,100.3,-13.12,0.323,,4,3.46,3.001,577,-1999.27,-100.0,False,151508.90000000002
TITAN.NS,2021-09-24,2021-10-26,2059.03,2060,2180,2100.25,2415.03,17.29,0.2029,,3,40.25,1.955,49,3907.65,198.12,True,155416.55000000002
BHARTIARTL.NS,2021-09-24,2021-10-26,709.34,710,765,729.0,680.44,-4.07,0.3264,,4,19.0,2.678,105,-1994.53,-100.0,False,153422.02000000002
ANANTRAJ.NS,2021-09-24,2021-10-26,70.48,70,75,72.04,64.93,-7.88,0.5168,,3,2.04,2.9,978,-1998.88,-100.0,False,151423.14
APOLLO.NS,2021-09-24,2021-10-26,11.68,10,15,11.79,11.65,-0.21,0.4885,,3,1.79,15.365,1114,-159.34,-7.97,False,151263.80000000002
RELIANCE.NS,2021-09-24,2021-10-26,1124.46,1125,1195,1148.63,1205.24,7.18,0.2251,,3,23.63,2.101,84,3895.24,196.26,True,155159.04000000004
TCS.NS,2021-09-24,2021-10-26,3362.99,3365,3570,3433.64,3031.13,-9.87,0.2153,,3,68.64,2.041,29,-1990.7,-100.0,False,153168.34000000003
TCS.NS,2021-09-27,2021-10-27,3333.15,3335,3540,3403.41,3037.36,-8.87,0.2153,,3,68.41,2.052,29,-1983.95,-100.0,False,151184.39
ABCAPITAL.NS,2021-09-27,2021-10-27,117.0,115,125,118.99,98.6,-15.73,0.3221,,4,3.99,3.409,501,-1998.09,-100.0,False,149186.30000000005
BHARTIARTL.NS,2021-09-27,2021-10-27,706.19,705,765,725.63,686.45,-2.8,0.3311,,3,20.63,2.921,96,-1980.02,-100.0,False,147206.28000000003
ANANTRAJ.NS,2021-09-27,2021-10-27,73.06,75,80,76.65,64.58,-11.61,0.5131,,3,1.65,2.262,1209,-1998.41,-100.0,False,145207.87000000002
APARINDS.NS,2021-09-27,2021-10-27,624.61,625,675,643.61,665.34,6.52,0.4607,,3,18.61,2.979,107,2325.45,116.8,True,147533.32000000004
RELIANCE.NS,2021-09-27,2021-10-27,1143.37,1145,1220,1169.42,1190.0,4.08,0.2271,,3,24.42,2.136,81,1666.55,84.25,True,149199.87000000002
ANGELONE.NS,2021-09-27,2021-10-27,114.58,115,125,118.65,114.85,0.24,0.5246,,3,3.65,3.183,548,-1998.79,-100.0,False,147201.08000000002
ICICIBANK.NS,2021-09-27,2021-10-27,708.11,710,745,721.41,809.97,14.38,0.1713,,3,11.41,1.612,175,4127.9,206.69,True,151328.98000000004
ICICIBANK.NS,2021-09-28,2021-10-28,695.65,695,730,707.2,774.75,11.37,0.1719,,3,12.2,1.754,163,3715.92,186.82,True,155044.90000000002
RELIANCE.NS,2021-09-28,2021-10-28,1154.06,1155,1230,1179.57,1176.95,1.98,0.2224,,3,24.57,2.129,81,-212.23,-10.66,False,154832.67000000004
ANGELONE.NS,2021-09-28,2021-10-28,116.73,115,125,119.03,116.25,-0.41,0.4122,,4,4.03,3.451,496,-1377.66,-68.96,False,153455.01
ANANTRAJ.NS,2021-09-28,2021-10-28,76.68,75,85,78.76,61.8,-19.4,0.5133,,4,3.76,4.9,532,-1999.17,-100.0,False,151455.84000000003
APARINDS.NS,2021-09-28,2021-10-28,625.43,625,675,641.96,647.39,3.51,0.3026,,3,16.96,2.712,117,635.04,32.0,True,152090.88000000003
ANGELONE.NS,2021-09-30,2021-11-01,120.42,120,130,123.72,112.47,-6.6,0.4148,0.884,4,3.72,3.093,536,-1996.46,-100.0,False,150094.42000000004
ANGELONE.NS,2021-10-01,2021-11-02,131.03,130,140,134.03,112.57,-14.09,0.4901,1.033,4,4.03,3.075,496,-1998.15,-100.0,False,148096.27000000002
ANANTRAJ.NS,2021-10-04,2021-11-03,77.13,75,85,78.89,65.18,-15.5,0.4939,1.077,3,3.89,5.038,514,-1997.39,-100.0,False,146098.88000000003
ANGELONE.NS,2021-10-04,2021-11-03,126.06,125,135,129.0,112.03,-11.13,0.4802,1.056,4,4.0,3.171,500,-1998.69,-100.0,False,144100.19000000003
RELIANCE.NS,2021-10-04,2021-11-03,1157.73,1160,1220,1180.02,1124.87,-2.84,0.1858,1.028,3,20.02,1.73,99,-1982.41,-100.0,False,142117.78000000003
RELIANCE.NS,2021-10-05,2021-11-04,1181.75,1180,1245,1202.72,1131.77,-4.23,0.191,1.083,3,22.72,1.923,88,-1999.48,-100.0,False,140118.30000000002
BAJFINANCE.NS,2021-10-05,2021-11-04,753.23,755,810,772.77,733.81,-2.58,0.2622,1.139,3,17.77,2.359,112,-1989.69,-100.0,False,138128.61000000002
BHARTIARTL.NS,2021-10-05,2021-11-04,683.42,685,740,702.57,685.23,0.26,0.2858,1.025,3,17.57,2.572,113,-1960.31,-98.71,False,136168.30000000002
APARINDS.NS,2021-10-05,2021-11-04,641.79,640,695,658.46,670.02,4.4,0.2989,0.595,5,18.46,2.876,108,1248.64,62.63,True,137416.94
ABCAPITAL.NS,2021-10-05,2021-11-04,110.9,110,120,113.57,105.4,-4.96,0.3273,0.883,4,3.57,3.222,559,-1997.17,-100.0,False,135419.77000000002
BAJFINANCE.NS,2021-10-06,2021-11-08,754.29,755,810,773.08,748.3,-0.8,0.2605,1.162,4,18.08,2.397,110,-1988.95,-100.0,False,133430.82
APARINDS.NS,2021-10-06,2021-11-08,635.32,635,685,652.02,653.61,2.88,0.3016,0.62,5,17.02,2.679,117,186.35,9.36,True,133617.17
HDFCBANK.NS,2021-10-06,2021-11-08,755.61,755,795,768.7,748.75,-0.91,0.1766,1.173,4,13.7,1.813,145,-1986.31,-100.0,False,131630.86000000002
HDFCBANK.NS,2021-10-07,2021-11-09,753.55,755,790,767.06,735.65,-2.38,0.1768,1.105,3,12.06,1.6,165,-1989.64,-100.0,False,129641.22000000002
APARINDS.NS,2021-10-07,2021-11-09,649.7,650,700,666.73,666.74,2.62,0.288,0.621,3,16.73,2.575,119,1.16,0.06,True,129642.38000000002
ANANTRAJ.NS,2021-10-07,2021-11-09,77.43,75,85,79.0,70.98,-8.33,0.5081,1.081,4,4.0,5.163,500,-1998.62,-100.0,False,127643.76000000002
TITAN.NS,2021-10-07,2021-11-09,2336.91,2335,2525,2404.03,2471.45,5.76,0.3965,1.452,4,69.03,2.954,28,1887.79,97.67,True,129531.55000000002
INFY.NS,2021-10-08,2021-11-10,1501.43,1500,1585,1529.24,1529.05,1.84,0.1952,1.233,3,29.24,1.948,68,-12.77,-0.64,False,129518.78000000003
TCS.NS,2021-10-08,2021-11-10,3418.89,3420,3605,3482.77,3032.61,-11.3,0.1886,1.156,4,62.77,1.836,31,-1945.75,-100.0,False,127573.03000000003
TITAN.NS,2021-10-08,2021-11-10,2320.04,2320,2505,2387.11,2444.4,5.36,0.3947,1.509,4,67.11,2.893,29,1661.32,85.36,True,129234.35000000002
ANANTRAJ.NS,2021-10-08,2021-11-10,76.58,75,85,78.72,74.4,-2.85,0.5098,1.107,3,3.72,4.859,537,-1998.45,-100.0,False,127235.90000000002
RELIANCE.NS,2021-10-08,2021-11-10,1209.86,1210,1295,1237.86,1154.9,-4.54,0.2389,1.204,4,27.86,2.303,71,-1978.07,-100.0,False,125257.83000000002
ABREL.NS,2021-10-08,2021-11-10,922.48,920,995,946.83,869.79,-5.71,0.3461,0.834,3,26.83,2.908,74,-1985.41,-100.0,False,123272.42000000001
ABREL.NS,2021-10-11,2021-11-11,929.62,930,1005,956.03,854.13,-8.12,0.3433,0.862,5,26.03,2.8,76,-1978.38,-100.0,False,121294.04000000002
BHARTIARTL.NS,2021-10-11,2021-11-11,675.21,675,725,691.68,712.1,5.46,0.2642,0.978,3,16.68,2.471,119,2429.94,122.39,True,123723.98000000001
RELIANCE.NS,2021-10-11,2021-11-11,1201.43,1200,1280,1226.69,1157.0,-3.7,0.2209,1.227,3,26.69,2.221,74,-1974.95,-100.0,False,121749.03000000001
BAJFINANCE.NS,2021-10-11,2021-11-11,762.29,760,820,780.1,726.75,-4.66,0.2617,1.104,3,20.1,2.637,99,-1990.23,-100.0,False,119758.80000000002
APARINDS.NS,2021-10-11,2021-11-11,686.24,685,740,704.64,704.09,2.6,0.3484,0.744,5,19.64,2.862,101,-55.28,-2.79,False,119703.52000000002
APARINDS.NS,2021-10-12,2021-11-12,683.97,685,740,703.83,697.29,1.95,0.339,0.792,4,18.83,2.753,106,-693.34,-34.74,False,119010.18000000002
TITAN.NS,2021-10-12,2021-11-12,2452.27,2450,2650,2523.79,2498.41,1.88,0.4264,1.675,3,73.79,3.009,27,-685.38,-34.4,False,118324.80000000002
HDFCBANK.NS,2021-10-12,2021-11-12,762.49,760,805,775.5,726.65,-4.7,0.1834,0.963,3,15.5,2.033,129,-1999.9,-100.0,False,116324.90000000002
ANGELONE.NS,2021-10-12,2021-11-12,131.5,130,140,134.12,111.53,-15.18,0.4759,1.151,4,4.12,3.131,485,-1996.85,-100.0,False,114328.05000000002
APOLLO.NS,2021-10-12,2021-11-12,12.38,10,15,12.42,11.84,-4.35,0.3233,0.842,4,2.42,19.588,824,-481.52,-24.1,False,113846.53000000001
ANGELONE.NS,2021-10-13,2021-11-15,145.04,145,155,148.99,110.79,-23.62,0.5737,1.391,4,3.99,2.749,501,-1997.39,-100.0,False,111849.14000000001
BAJFINANCE.NS,2021-10-13,2021-11-15,773.23,775,830,792.98,734.7,-4.98,0.2615,0.964,3,17.98,2.325,111,-1995.28,-100.0,False,109853.86000000002
INFY.NS,2021-10-13,2021-11-15,1488.67,1490,1575,1518.79,1570.35,5.49,0.2074,1.133,4,28.79,1.934,69,3557.7,179.08,True,113411.56000000001
TITAN.NS,2021-10-13,2021-11-15,2496.14,2495,2695,2568.7,2498.31,0.09,0.4203,1.754,4,73.7,2.953,27,-1900.67,-95.51,False,111510.89000000001
ANGELONE.NS,2021-10-14,2021-11-16,149.03,150,160,153.86,111.58,-25.13,0.5761,1.456,4,3.86,2.588,518,-1997.89,-100.0,False,109513.00000000001
HDFCBANK.NS,2021-10-14,2021-11-16,789.53,790,835,805.26,724.31,-8.26,0.2045,1.01,3,15.26,1.933,131,-1999.12,-100.0,False,107513.88000000002
INFY.NS,2021-10-14,2021-11-16,1494.37,1495,1585,1524.96,1574.88,5.39,0.2068,1.255,4,29.96,2.005,66,3294.87,166.65,True,110808.75000000001
ICICIBANK.NS,2021-10-14,2021-11-16,705.5,705,745,718.89,741.14,5.05,0.204,0.986,3,13.89,1.969,143,3182.12,160.2,True,113990.87000000002
ABREL.NS,2021-10-14,2021-11-16,948.09,950,1025,975.96,833.5,-12.09,0.3504,0.959,4,25.96,2.738,77,-1998.72,-100.0,False,111992.15000000002
RELIANCE.NS,2021-10-14,2021-11-16,1223.06,1225,1300,1249.55,1140.4,-6.76,0.2134,1.193,3,24.55,2.007,81,-1988.77,-100.0,False,110003.38000000002
ICICIBANK.NS,2021-10-18,2021-11-17,723.1,725,770,739.51,738.48,2.13,0.2182,1.059,4,14.51,2.006,137,-141.15,-7.1,False,109862.23000000001
HDFCBANK.NS,2021-10-18,2021-11-17,781.53,780,830,796.82,716.26,-8.35,0.2066,1.096,4,16.82,2.153,118,-1985.26,-100.0,False,107876.97000000002
INFY.NS,2021-10-18,2021-11-17,1560.91,1560,1675,1598.15,1570.62,0.62,0.2554,1.42,4,38.15,2.444,52,-1431.56,-72.17,False,106445.41000000002
INFY.NS,2021-10-19,2021-11-18,1587.04,1585,1705,1624.91,1563.54,-1.48,0.2591,1.479,4,39.91,2.515,50,-1995.46,-100.0,False,104449.95000000001
INFY.NS,2021-10-20,2021-11-22,1569.8,1570,1685,1608.04,1545.97,-1.52,0.2585,1.488,3,38.04,2.423,52,-1978.06,-100.0,False,102471.89000000001
ICICIBANK.NS,2021-10-21,2021-11-23,732.85,735,775,748.33,729.31,-0.48,0.2066,1.17,3,13.33,1.819,150,-1999.75,-100.0,False,100472.14000000001
APARINDS.NS,2021-10-21,2021-11-23,684.07,685,735,701.59,647.68,-5.32,0.2723,1.092,3,16.59,2.425,120,-1990.93,-100.0,False,98481.21000000002
APOLLO.NS,2021-10-22,2021-11-24,11.72,10,15,11.78,11.3,-3.53,0.285,0.773,4,1.78,15.159,1126,-533.53,-26.68,False,97947.68000000002
ICICIBANK.NS,2021-10-25,2021-11-25,816.47,815,880,839.11,728.53,-10.77,0.4075,1.631,4,24.11,2.953,82,-1977.12,-100.0,False,95970.56000000001
TITAN.NS,2021-10-26,2021-11-26,2415.03,2415,2610,2488.25,2255.21,-6.62,0.4797,1.752,3,73.25,3.033,27,-1977.71,-100.0,False,93992.85000000002
ICICIBANK.NS,2021-10-26,2021-11-26,804.53,805,870,828.63,700.55,-12.92,0.415,1.613,3,23.63,2.937,84,-1984.74,-100.0,False,92008.11000000002
BAJFINANCE.NS,2021-10-26,2021-11-26,766.05,765,815,781.97,663.79,-13.35,0.2241,1.183,4,16.97,2.215,117,-1985.62,-100.0,False,90022.49000000002
RELIANCE.NS,2021-10-26,2021-11-26,1205.24,1205,1290,1232.93,1092.71,-9.34,0.2386,1.22,3,27.93,2.317,71,-1983.01,-100.0,False,88039.48000000003
RELIANCE.NS,2021-10-27,2021-11-29,1190.0,1190,1275,1217.87,1105.8,-7.08,0.2432,1.24,3,27.87,2.342,71,-1979.12,-100.0,False,86060.36000000002
TITAN.NS,2021-10-27,2021-11-29,2420.29,2420,2615,2493.32,2286.59,-5.52,0.4785,1.522,3,73.32,3.029,27,-1979.51,-100.0,False,84080.85000000002
INFY.NS,2021-10-27,2021-11-29,1519.21,1520,1635,1557.44,1490.57,-1.89,0.2618,1.466,3,37.44,2.464,53,-1984.24,-100.0,False,82096.61000000002
APOLLO.NS,2021-10-27,2021-11-29,11.82,10,15,11.88,10.84,-8.31,0.298,0.792,4,1.88,15.905,1063,-1106.94,-55.39,False,80989.67000000001
ANGELONE.NS,2021-10-28,2021-11-30,116.25,115,125,119.08,92.75,-20.22,0.7354,1.443,3,4.08,3.507,490,-1997.81,-100.0,False,78991.86000000002
TITAN.NS,2021-10-28,2021-11-30,2336.72,2335,2525,2407.1,2337.06,0.01,0.5014,1.468,3,72.1,3.086,27,-1891.04,-97.14,False,77100.82000000002
INFY.NS,2021-10-28,2021-11-30,1497.2,1495,1610,1533.51,1504.89,0.51,0.268,1.47,3,38.51,2.572,51,-1459.5,-74.32,False,75641.32000000002
RELIANCE.NS,2021-10-28,2021-11-30,1176.95,1175,1260,1203.48,1089.45,-7.43,0.245,1.245,3,28.48,2.42,70,-1993.69,-100.0,False,73647.63000000002
ABB.NS,2021-10-29,2021-12-01,2072.98,2075,2240,2132.84,1973.23,-4.81,0.3563,1.332,4,57.84,2.79,34,-1966.48,-100.0,False,71681.15000000002
TITAN.NS,2021-11-01,2021-12-02,2367.36,2365,2555,2437.47,2347.88,-0.82,0.5015,1.371,3,72.47,3.061,27,-1956.61,-100.0,False,69724.54000000002
APOLLO.NS,2021-11-01,2021-12-02,11.59,10,15,11.65,11.02,-4.9,0.2597,0.904,3,1.65,14.237,1211,-759.46,-38.0,False,68965.08000000002
APARINDS.NS,2021-11-01,2021-12-02,657.38,655,710,674.67,664.04,1.01,0.348,1.115,3,19.67,2.992,101,-1073.65,-54.05,False,67891.43000000002
ABB.NS,2021-11-01,2021-12-02,2033.67,2035,2195,2091.86,2066.08,1.59,0.3651,1.452,4,56.86,2.796,35,-902.23,-45.34,False,66989.20000000001
BAJFINANCE.NS,2021-11-01,2021-12-02,722.97,725,775,740.95,700.21,-3.15,0.2421,1.36,3,15.95,2.205,125,-1993.13,-100.0,False,64996.07000000002
TITAN.NS,2021-11-02,2021-12-03,2414.24,2415,2605,2487.22,2330.91,-3.45,0.5027,1.183,3,72.22,2.992,27,-1950.05,-100.0,False,63046.02000000002
APOLLO.NS,2021-11-02,2021-12-03,11.64,10,15,11.7,11.01,-5.44,0.2443,0.834,4,1.7,14.582,1178,-812.05,-40.61,False,62233.970000000016
APARINDS.NS,2021-11-02,2021-12-03,672.68,675,725,692.51,650.86,-3.24,0.3549,1.006,3,17.51,2.603,114,-1995.91,-100.0,False,60238.06000000001
BAJFINANCE.NS,2021-11-03,2021-12-06,732.95,735,780,749.84,677.9,-7.51,0.2292,1.26,3,14.84,2.024,134,-1988.09,-100.0,False,58249.970000000016
APARINDS.NS,2021-11-04,2021-12-07,670.02,670,725,689.09,669.35,-0.1,0.3459,0.965,3,19.09,2.849,104,-1985.24,-100.0,False,56264.73000000002
APOLLO.NS,2021-11-04,2021-12-07,11.98,10,15,12.04,11.0,-8.23,0.2381,0.881,4,2.04,17.011,980,-1019.72,-51.04,False,55245.01000000002
TITAN.NS,2021-11-04,2021-12-07,2392.4,2390,2585,2463.99,2342.03,-2.11,0.4973,1.074,3,73.99,3.093,27,-1997.71,-100.0,False,53247.30000000002
ICICIBANK.NS,2021-11-04,2021-12-07,758.65,760,820,781.99,712.62,-6.07,0.4377,1.73,3,21.99,2.899,90,-1979.39,-100.0,False,51267.91000000002
BAJFINANCE.NS,2021-11-04,2021-12-07,733.81,735,780,750.12,692.66,-5.61,0.2292,1.248,3,15.12,2.06,132,-1995.56,-100.0,False,49272.35000000002
TITAN.NS,2021-11-08,2021-12-08,2495.7,2495,2695,2566.91,2366.62,-5.17,0.3791,1.079,4,71.91,2.881,27,-1941.61,-100.0,False,47330.74000000002
APARINDS.NS,2021-11-08,2021-12-08,653.61,655,705,672.5,661.72,1.24,0.3507,0.922,3,17.5,2.678,114,-1229.24,-61.6,False,46101.50000000002
BHARTIARTL.NS,2021-11-08,2021-12-08,692.95,695,740,709.9,698.96,0.87,0.2491,1.089,3,14.9,2.15,134,-1465.49,-73.42,False,44636.010000000024
INFY.NS,2021-11-08,2021-12-08,1526.73,1525,1650,1566.15,1540.65,0.91,0.2816,0.909,3,41.15,2.696,48,-1224.03,-61.96,False,43411.980000000025
ICICIBANK.NS,2021-11-08,2021-12-08,756.76,755,815,777.67,730.81,-3.43,0.4364,1.76,3,22.67,2.995,88,-1994.7,-100.0,False,41417.28000000003
APOLLO.NS,2021-11-08,2021-12-08,12.47,10,15,12.52,11.15,-10.59,0.2745,0.897,5,2.52,20.195,794,-1087.97,-54.42,False,40329.31000000003
INFY.NS,2021-11-09,2021-12-09,1531.12,1530,1650,1569.73,1549.53,1.2,0.2741,0.86,4,39.73,2.595,50,-1010.33,-50.85,False,39318.980000000025
APOLLO.NS,2021-11-09,2021-12-09,12.37,10,15,12.42,11.14,-9.95,0.2763,0.892,4,2.42,19.561,826,-1058.71,-52.98,False,38260.270000000026
ABB.NS,2021-11-10,2021-12-10,2122.65,2125,2290,2184.6,2214.28,4.32,0.3899,1.611,3,59.6,2.808,33,979.54,49.81,True,39239.81000000003
APARINDS.NS,2021-11-10,2021-12-10,677.6,680,730,696.5,655.49,-3.26,0.2927,0.895,5,16.5,2.434,121,-1995.91,-100.0,False,37243.90000000002
ANANTRAJ.NS,2021-11-10,2021-12-10,74.4,75,80,76.87,76.98,3.47,0.5021,0.949,3,1.87,2.517,1067,115.29,5.77,True,37359.190000000024
BHARTIARTL.NS,2021-11-11,2021-12-13,712.1,710,765,728.77,687.18,-3.5,0.2698,1.045,3,18.77,2.636,106,-1989.61,-100.0,False,35369.58000000002
APARINDS.NS,2021-11-11,2021-12-13,704.09,705,760,723.81,696.37,-1.1,0.3234,1.0,4,18.81,2.672,106,-1994.26,-100.0,False,33375.32000000002
RELIANCE.NS,2021-11-11,2021-12-13,1157.0,1155,1225,1178.91,1091.37,-5.67,0.2015,0.945,3,23.91,2.066,83,-1984.3,-100.0,False,31391.02000000002
INFY.NS,2021-11-12,2021-12-14,1564.25,1565,1690,1605.43,1539.6,-1.58,0.2751,0.861,4,40.43,2.585,49,-1981.05,-100.0,False,29409.970000000016
TITAN.NS,2021-11-12,2021-12-14,2498.41,2500,2700,2568.82,2316.75,-7.27,0.3326,0.918,3,68.82,2.754,29,-1995.68,-100.0,False,27414.290000000023
TCS.NS,2021-11-12,2021-12-14,3068.95,3070,3210,3118.54,3154.03,2.77,0.1596,0.733,4,48.54,1.582,41,1455.05,73.11,True,28869.340000000026
APARINDS.NS,2021-11-12,2021-12-14,697.29,695,755,715.64,698.83,0.22,0.3193,1.035,4,20.64,2.96,96,-1613.44,-81.42,False,27255.900000000023
BHARTIARTL.NS,2021-11-12,2021-12-14,726.67,725,785,744.84,675.94,-6.98,0.2766,1.065,3,19.84,2.73,100,-1984.07,-100.0,False,25271.830000000016
TCS.NS,2021-11-15,2021-12-15,3092.67,3095,3235,3143.28,3107.51,0.48,0.1596,0.703,4,48.28,1.561,41,-1466.74,-74.09,False,23805.09000000001
RELIANCE.NS,2021-11-15,2021-12-15,1167.53,1170,1235,1191.76,1074.86,-7.94,0.206,0.825,3,21.76,1.864,91,-1979.98,-100.0,False,21825.110000000015
INFY.NS,2021-11-15,2021-12-15,1570.35,1570,1695,1610.88,1523.83,-2.96,0.2751,0.793,4,40.88,2.603,48,-1962.14,-100.0,False,19862.970000000016
TCS.NS,2021-11-16,2021-12-16,3095.37,3095,3235,3143.74,3117.3,0.71,0.1548,0.647,4,48.74,1.575,41,-1084.02,-54.25,False,18778.95000000001
TITAN.NS,2021-11-17,2021-12-17,2458.91,2460,2655,2525.06,2243.5,-8.76,0.2966,0.839,4,65.06,2.646,30,-1951.83,-100.0,False,16827.12000000001
APOLLO.NS,2021-11-17,2021-12-17,11.58,10,15,11.65,11.35,-1.98,0.2857,0.957,3,1.65,14.205,1215,-356.08,-17.81,False,16471.040000000008
BAJFINANCE.NS,2021-11-17,2021-12-17,741.86,740,795,758.49,672.96,-9.29,0.2476,0.746,4,18.49,2.492,108,-1996.53,-100.0,False,14474.51000000001
BAJFINANCE.NS,2021-11-18,2021-12-20,729.9,730,785,747.81,646.93,-11.37,0.253,0.821,4,17.81,2.439,112,-1994.17,-100.0,False,12480.340000000011
BHARTIARTL.NS,2021-11-22,2021-12-21,725.3,725,785,744.35,651.9,-10.12,0.2766,0.956,4,19.35,2.667,103,-1992.68,-100.0,False,10487.660000000018
ABREL.NS,2021-11-23,2021-12-22,797.4,795,860,819.52,870.08,9.12,0.4398,0.908,3,24.52,3.075,81,3279.05,165.11,True,13766.710000000021
APARINDS.NS,2021-11-23,2021-12-22,647.68,650,700,667.14,780.69,20.54,0.3468,1.041,3,17.14,2.646,116,3812.12,191.77,True,17578.830000000016
APOLLO.NS,2021-11-23,2021-12-22,11.2,10,15,11.3,11.44,2.14,0.3154,0.929,3,1.3,11.583,1541,222.06,11.1,True,17800.890000000014
BHARTIARTL.NS,2021-11-23,2021-12-22,741.72,740,800,760.22,669.25,-9.77,0.2838,1.008,4,20.22,2.726,98,-1981.16,-100.0,False,15819.73000000001
ANANTRAJ.NS,2021-11-23,2021-12-22,64.43,65,70,66.79,73.41,13.93,0.4826,0.945,3,1.79,2.772,1119,3596.51,179.96,True,19416.240000000005
ANANTRAJ.NS,2021-11-24,2021-12-23,67.61,70,75,71.48,73.86,9.24,0.4826,0.932,3,1.48,2.196,1347,3194.6,159.77,True,22610.84000000001
BHARTIARTL.NS,2021-11-24,2021-12-23,741.72,740,800,760.18,663.38,-10.56,0.2822,1.074,4,20.18,2.72,99,-1997.59,-100.0,False,20613.250000000015
ABB.NS,2021-11-24,2021-12-23,2039.63,2040,2205,2099.79,2213.69,8.53,0.4039,1.238,3,59.79,2.931,33,3471.96,175.97,True,24085.21000000002
HDFCBANK.NS,2021-11-24,2021-12-23,710.29,710,745,722.04,675.69,-4.87,0.1656,0.774,5,12.04,1.695,166,-1998.99,-100.0,False,22086.220000000016
BAJFINANCE.NS,2021-11-24,2021-12-23,699.9,700,755,719.11,674.59,-3.62,0.3295,1.024,3,19.11,2.73,104,-1987.1,-100.0,False,20099.12000000001
APARINDS.NS,2021-11-24,2021-12-23,651.2,650,705,669.14,755.49,16.02,0.3404,1.036,3,19.14,2.939,104,3729.8,187.41,True,23828.920000000013
RELIANCE.NS,2021-11-24,2021-12-23,1064.99,1065,1145,1091.16,1071.26,0.59,0.2576,1.069,4,26.16,2.457,76,-1512.44,-76.06,False,22316.48000000001
APOLLO.NS,2021-11-24,2021-12-23,11.3,10,15,11.39,11.95,5.69,0.3126,0.913,3,1.39,12.281,1440,802.06,40.13,True,23118.540000000008
ABREL.NS,2021-11-24,2021-12-23,812.86,815,880,837.43,876.44,7.82,0.3587,0.977,4,22.43,2.759,89,3471.85,173.94,True,26590.390000000014
ANANTRAJ.NS,2021-11-25,2021-12-24,70.73,70,75,72.09,70.68,-0.07,0.5058,0.89,4,2.09,2.951,958,-1346.57,-67.34,False,25243.820000000007
APOLLO.NS,2021-11-25,2021-12-24,11.33,10,15,11.41,12.63,11.48,0.3093,0.877,3,1.41,12.447,1418,1726.92,86.38,True,26970.740000000005
ABREL.NS,2021-11-25,2021-12-24,860.04,860,930,885.28,899.83,4.63,0.3981,1.007,4,25.28,2.939,79,1149.31,57.55,True,28120.050000000003
TCS.NS,2021-11-25,2021-12-24,2999.19,3000,3120,3042.72,3195.02,6.53,0.1432,0.798,4,42.72,1.424,46,3554.73,180.88,True,31674.78
HDFCBANK.NS,2021-11-25,2021-12-24,713.99,715,750,726.7,673.26,-5.7,0.169,0.79,4,11.7,1.639,170,-1989.06,-100.0,False,29685.72
RELIANCE.NS,2021-11-25,2021-12-24,1129.1,1130,1220,1160.9,1074.68,-4.82,0.3301,1.199,4,30.9,2.736,64,-1977.37,-100.0,False,27708.350000000006
APARINDS.NS,2021-11-25,2021-12-24,677.7,680,730,697.57,740.29,9.24,0.3554,1.105,4,17.57,2.592,113,3664.8,184.61,True,31373.15000000001
TCS.NS,2021-11-26,2021-12-27,3000.02,3000,3125,3043.95,3216.96,7.23,0.1429,0.802,4,43.95,1.465,45,3647.45,184.44,True,35020.600000000006
ABREL.NS,2021-11-26,2021-12-27,794.1,795,860,819.27,907.9,14.33,0.4954,1.104,3,24.27,3.056,82,3339.84,167.82,True,38360.44
RELIANCE.NS,2021-11-26,2021-12-27,1092.71,1095,1180,1124.45,1073.53,-1.76,0.345,1.266,3,29.45,2.695,67,-1972.87,-100.0,False,36387.57
RELIANCE.NS,2021-11-29,2021-12-28,1105.8,1105,1195,1136.63,1086.28,-1.77,0.3486,1.326,3,31.63,2.86,63,-1992.38,-100.0,False,34395.19
BAJFINANCE.NS,2021-11-29,2021-12-28,673.42,675,725,692.04,673.5,0.01,0.3115,1.134,4,17.04,2.531,117,-1993.9,-100.0,False,32401.290000000008
TCS.NS,2021-11-29,2021-12-28,3048.02,3050,3165,3090.93,3226.05,5.84,0.1355,0.904,4,40.93,1.343,48,3555.29,180.96,True,35956.58000000001
RELIANCE.NS,2021-11-30,2021-12-29,1089.45,1090,1175,1119.83,1088.14,-0.12,0.3426,1.406,3,29.83,2.738,67,-1998.59,-100.0,False,33957.990000000005
BAJFINANCE.NS,2021-11-30,2021-12-29,682.34,680,735,699.42,673.99,-1.22,0.316,1.204,4,19.42,2.846,102,-1980.89,-100.0,False,31977.100000000006
APARINDS.NS,2021-11-30,2021-12-29,653.95,655,705,673.17,739.76,13.12,0.399,1.159,3,18.17,2.779,110,3501.08,175.15,True,35478.18000000001
TCS.NS,2021-11-30,2021-12-29,3071.65,3070,3190,3113.16,3215.74,4.69,0.1338,0.948,4,43.16,1.405,46,3534.7,178.04,True,39012.880000000005
BAJFINANCE.NS,2021-12-01,2021-12-30,686.38,685,740,704.19,670.04,-2.38,0.3171,1.225,3,19.19,2.796,104,-1995.63,-100.0,False,37017.25000000001
HDFCBANK.NS,2021-12-01,2021-12-30,704.02,705,735,715.34,683.83,-2.87,0.1531,1.015,3,10.34,1.468,193,-1995.07,-100.0,False,35022.18000000001
TCS.NS,2021-12-02,2021-12-31,3170.65,3170,3290,3213.21,3253.73,2.62,0.1316,1.03,4,43.21,1.363,46,1863.79,93.76,True,36885.97000000001
HDFCBANK.NS,2021-12-03,2022-01-03,708.19,710,740,720.21,711.04,0.4,0.1582,1.083,3,10.21,1.442,195,-1787.65,-89.79,False,35098.32000000001
ABREL.NS,2021-12-03,2022-01-03,819.46,820,885,844.76,904.16,10.34,0.5244,1.251,3,24.76,3.021,80,3219.29,162.53,True,38317.61000000001
BAJFINANCE.NS,2021-12-03,2022-01-03,689.36,690,745,708.8,704.02,2.13,0.3272,1.235,3,18.8,2.727,106,-506.33,-25.41,False,37811.280000000006
INFY.NS,2021-12-03,2022-01-03,1525.01,1525,1610,1554.2,1668.15,9.39,0.1999,1.03,3,29.2,1.915,68,3794.58,191.12,True,41605.86000000001
ABCAPITAL.NS,2021-12-03,2022-01-03,116.5,115,125,118.95,129.55,11.2,0.3978,1.235,4,3.95,3.389,506,3062.43,153.31,True,44668.29000000001
ABCAPITAL.NS,2021-12-06,2022-01-04,117.2,115,125,119.15,130.9,11.69,0.3976,1.254,4,4.15,3.537,482,2821.67,141.2,True,47489.96000000001
BAJFINANCE.NS,2021-12-08,2022-01-06,717.86,720,775,739.2,755.57,5.25,0.3587,1.053,4,19.2,2.675,104,1702.47,85.25,True,49192.43000000001
HDFCBANK.NS,2021-12-08,2022-01-06,727.02,725,760,737.87,720.45,-0.9,0.1696,1.005,4,12.87,1.77,155,-1994.79,-100.0,False,47197.64000000001
ANANTRAJ.NS,2021-12-08,2022-01-06,75.94,75,80,77.15,73.76,-2.87,0.5569,1.026,3,2.15,2.829,931,-1999.79,-100.0,False,45197.850000000006
ABREL.NS,2021-12-08,2022-01-06,813.31,815,880,839.58,897.91,10.4,0.5371,1.268,3,24.58,3.022,81,3274.0,164.44,True,48471.850000000006
ANGELONE.NS,2021-12-08,2022-01-06,102.65,105,110,106.89,115.84,12.85,0.6889,0.851,3,1.89,1.843,1057,3285.18,164.27,True,51757.030000000006
TCS.NS,2021-12-08,2022-01-06,3156.73,3155,3320,3212.07,3313.87,4.98,0.1813,1.033,3,57.07,1.808,35,3563.24,178.4,True,55320.270000000004
RELIANCE.NS,2021-12-08,2022-01-06,1095.2,1095,1185,1127.04,1094.48,-0.07,0.3786,1.231,3,32.04,2.926,62,-1986.64,-100.0,False,53333.630000000005
BAJFINANCE.NS,2021-12-09,2022-01-07,725.54,725,785,746.16,746.9,2.94,0.3612,1.057,3,21.16,2.917,94,69.42,3.49,True,53403.05
ABCAPITAL.NS,2021-12-09,2022-01-07,124.45,125,135,128.44,132.8,6.71,0.3797,1.279,4,3.44,2.767,580,2526.94,126.53,True,55929.990000000005
INFY.NS,2021-12-09,2022-01-07,1549.53,1550,1650,1583.53,1594.21,2.88,0.2296,0.989,3,33.53,2.164,59,630.17,31.86,True,56560.16
RELIANCE.NS,2021-12-10,2022-01-10,1113.7,1115,1205,1146.89,1104.21,-0.85,0.381,1.003,3,31.89,2.863,62,-1977.2,-100.0,False,54582.96000000001
AJMERA.NS,2021-12-10,2022-01-10,57.38,55,60,57.42,63.46,10.6,0.4414,0.826,3,2.42,4.214,827,2135.29,106.78,True,56718.25000000001
APOLLO.NS,2021-12-13,2022-01-11,12.42,10,15,12.44,15.85,27.61,0.4409,1.079,4,2.44,19.632,820,2100.87,105.09,True,58819.12000000001
RELIANCE.NS,2021-12-13,2022-01-11,1091.37,1090,1180,1122.36,1112.16,1.9,0.3808,0.949,3,32.36,2.965,61,-622.09,-31.51,False,58197.03000000001
TCS.NS,2021-12-13,2022-01-11,3141.71,3140,3305,3197.21,3408.26,8.48,0.184,1.011,3,57.21,1.821,34,3664.79,188.4,True,61861.820000000014
APARINDS.NS,2021-12-13,2022-01-11,696.37,695,750,715.74,740.39,6.32,0.4359,0.929,4,20.74,2.978,96,2366.1,118.83,True,64227.92000000001
BAJFINANCE.NS,2021-12-13,2022-01-11,703.94,705,760,724.47,747.93,6.25,0.3674,0.952,3,19.47,2.766,102,2392.73,120.49,True,66620.65000000002
ABREL.NS,2021-12-13,2022-01-11,822.81,825,890,849.54,981.03,19.23,0.534,0.99,3,24.54,2.982,81,3277.38,164.89,True,69898.03000000001
AJMERA.NS,2021-12-13,2022-01-11,57.88,60,65,61.33,69.8,20.59,0.4369,0.802,4,1.33,2.3,1502,5510.3,275.56,True,75408.33000000002
ANGELONE.NS,2021-12-13,2022-01-11,103.13,105,110,106.94,115.02,11.54,0.6891,0.71,4,1.94,1.878,1032,3161.21,158.16,True,78569.54000000001
HDFCBANK.NS,2021-12-13,2022-01-11,707.07,705,745,718.83,732.68,3.62,0.177,0.925,3,13.83,1.956,144,1994.94,100.18,True,80564.48000000001
INFY.NS,2021-12-13,2022-01-11,1533.01,1535,1625,1565.01,1630.5,6.36,0.2095,0.929,3,30.01,1.958,66,3959.35,199.9,True,84523.83000000002
ANANTRAJ.NS,2021-12-13,2022-01-11,78.87,80,85,81.84,74.75,-5.22,0.5421,1.046,4,1.84,2.337,1084,-1998.22,-100.0,False,82525.61000000002
ANGELONE.NS,2021-12-14,2022-01-12,106.71,105,115,109.1,114.29,7.1,0.702,0.693,5,4.1,3.844,487,2526.12,126.46,True,85051.73000000001
TCS.NS,2021-12-14,2022-01-12,3154.03,3155,3320,3211.26,3359.52,6.52,0.1827,0.989,3,56.26,1.784,35,3806.01,193.3,True,88857.74000000002
INFY.NS,2021-12-14,2022-01-12,1539.6,1540,1630,1570.61,1649.7,7.15,0.2097,0.969,3,30.61,1.988,65,3860.58,194.06,True,92718.32
APOLLO.NS,2021-12-14,2022-01-12,12.44,10,15,12.46,15.99,28.57,0.4307,1.156,4,2.46,19.765,813,2066.27,103.38,True,94784.59000000001
APARINDS.NS,2021-12-14,2022-01-12,698.83,700,755,720.12,736.0,5.32,0.429,0.869,5,20.12,2.879,99,1571.56,78.89,True,96356.15000000001
ABREL.NS,2021-12-14,2022-01-12,830.39,830,895,855.07,974.92,17.4,0.5332,0.914,3,25.07,3.019,79,3154.55,159.28,True,99510.70000000001
TITAN.NS,2021-12-14,2022-01-12,2316.75,2315,2500,2375.78,2570.67,10.96,0.2746,0.839,4,60.78,2.623,32,3975.05,204.38,True,103485.75000000001
ANGELONE.NS,2021-12-15,2022-01-13,106.54,105,115,109.07,117.76,10.53,0.7012,0.703,4,4.07,3.821,491,2910.96,145.62,True,106396.71000000002
ABREL.NS,2021-12-15,2022-01-13,850.78,850,920,876.79,977.93,14.94,0.5385,0.937,3,26.79,3.148,74,3197.8,161.33,True,109594.51000000001
APARINDS.NS,2021-12-15,2022-01-13,714.33,715,770,735.3,751.78,5.24,0.4222,0.869,4,20.3,2.842,98,1614.68,81.16,True,111209.19000000002
ABREL.NS,2021-12-16,2022-01-14,861.37,860,930,886.88,976.84,13.41,0.5235,0.83,5,26.88,3.12,74,3191.03,160.44,True,114400.22000000002
TITAN.NS,2021-12-16,2022-01-14,2319.11,2320,2505,2380.56,2550.8,9.99,0.2825,0.752,4,60.56,2.611,33,4106.63,205.5,True,118506.85000000002
TITAN.NS,2021-12-17,2022-01-17,2243.5,2245,2425,2304.96,2555.52,13.91,0.3019,0.813,5,59.96,2.672,33,3961.47,200.22,True,122468.32000000002
TCS.NS,2021-12-17,2022-01-17,3119.69,3120,3280,3175.02,3498.13,12.13,0.1802,1.029,4,55.02,1.764,36,3779.12,190.78,True,126247.44000000002
INFY.NS,2021-12-17,2022-01-17,1599.97,1600,1715,1637.78,1704.22,6.52,0.2466,0.993,4,37.78,2.361,52,3454.83,175.85,True,129702.27000000002
INFY.NS,2021-12-20,2022-01-18,1580.68,1580,1695,1617.84,1687.75,6.77,0.2472,0.987,3,37.84,2.394,52,3635.07,184.73,True,133337.34000000003
RELIANCE.NS,2021-12-21,2022-01-19,1046.81,1045,1130,1075.51,1142.08,9.1,0.3633,0.892,4,30.51,2.915,65,3541.87,178.6,True,136879.21000000002
TCS.NS,2021-12-21,2022-01-19,3140.54,3140,3310,3198.09,3413.16,8.68,0.1875,0.977,3,58.09,1.85,34,3805.09,192.67,True,140684.30000000002
APARINDS.NS,2021-12-21,2022-01-19,792.99,795,855,817.81,779.67,-1.68,0.5197,1.116,4,22.81,2.876,87,-1984.34,-100.0,False,138699.96000000002
ANGELONE.NS,2021-12-21,2022-01-19,107.79,110,115,111.92,129.81,20.43,0.6668,0.767,5,1.92,1.78,1042,3210.94,160.62,True,141910.90000000002
ABREL.NS,2021-12-22,2022-01-20,870.08,870,940,897.42,956.16,9.89,0.6747,1.053,4,27.42,3.151,72,3065.81,155.29,True,144976.71000000002
APARINDS.NS,2021-12-22,2022-01-20,780.69,780,845,804.72,785.27,0.59,0.5275,1.143,4,24.72,3.167,80,-1556.24,-78.68,False,143420.47000000003
ANGELONE.NS,2021-12-22,2022-01-20,108.05,110,115,111.92,135.95,25.82,0.5891,0.75,5,1.92,1.775,1042,3211.26,160.66,True,146631.73000000004
ABB.NS,2021-12-22,2022-01-20,2233.88,2235,2415,2303.23,2336.36,4.59,0.5173,1.324,4,68.23,3.054,29,960.84,48.56,True,147592.57
ANANTRAJ.NS,2021-12-22,2022-01-20,73.41,75,80,76.77,81.69,11.28,0.5972,1.15,3,1.77,2.415,1128,3640.21,182.03,True,151232.78000000003
TITAN.NS,2021-12-22,2022-01-20,2262.54,2265,2445,2324.58,2522.81,11.5,0.2976,0.872,4,59.58,2.633,33,3973.85,202.11,True,155206.63
RELIANCE.NS,2021-12-22,2022-01-20,1071.65,1070,1155,1100.85,1122.08,4.71,0.3703,0.923,3,30.85,2.879,64,1358.81,68.82,True,156565.44
APOLLO.NS,2021-12-22,2022-01-20,11.44,10,15,11.59,15.37,34.32,0.4636,1.432,3,1.59,13.867,1260,4300.9,215.14,True,160866.34000000003
TCS.NS,2021-12-22,2022-01-20,3160.08,3160,3330,3217.88,3336.35,5.58,0.1855,0.95,3,57.88,1.832,34,3812.03,193.7,True,164678.37000000002
ABCAPITAL.NS,2021-12-22,2022-01-20,116.8,115,125,119.03,127.75,9.37,0.3976,1.245,3,4.03,3.452,495,2953.95,147.99,True,167632.32
APOLLO.NS,2021-12-23,2022-01-21,11.95,10,15,12.02,15.19,27.2,0.4875,1.541,3,2.02,16.927,989,2945.31,147.29,True,170577.63
INFY.NS,2021-12-23,2022-01-21,1632.26,1630,1735,1665.9,1569.08,-3.87,0.2243,0.976,3,35.9,2.2,55,-1974.63,-100.0,False,168603.0
ANANTRAJ.NS,2021-12-23,2022-01-21,73.86,75,80,76.83,82.24,11.35,0.5774,1.127,3,1.83,2.475,1094,3470.02,173.5,True,172073.02000000002
TCS.NS,2021-12-23,2022-01-21,3187.89,3190,3360,3247.49,3342.41,4.85,0.1866,0.976,3,57.49,1.803,34,3227.36,165.12,True,175300.38
TITAN.NS,2021-12-23,2022-01-21,2292.2,2290,2475,2352.49,2487.24,8.51,0.2997,0.832,4,62.49,2.726,32,3920.17,196.02,True,179220.55000000002
ABREL.NS,2021-12-23,2022-01-21,876.44,875,945,902.58,935.77,6.77,0.6454,1.096,4,27.58,3.147,72,2390.2,120.38,True,181610.75
ABCAPITAL.NS,2021-12-23,2022-01-21,118.1,120,130,123.06,123.3,4.4,0.3893,1.095,3,3.06,2.588,654,159.21,7.96,True,181769.96000000002
ABREL.NS,2021-12-24,2022-01-24,899.83,900,970,927.17,867.18,-3.63,0.5756,1.128,3,27.17,3.02,73,-1983.48,-100.0,False,179786.48000000004
ANGELONE.NS,2021-12-24,2022-01-24,106.1,105,115,108.91,123.59,16.49,0.5388,0.841,4,3.91,3.689,510,3103.84,155.49,True,182890.32
APOLLO.NS,2021-12-24,2022-01-24,12.63,15,20,15.12,14.44,14.33,0.5058,1.66,4,0.12,0.972,16287,-1999.93,-100.0,False,180890.39
TITAN.NS,2021-12-24,2022-01-24,2281.92,2280,2445,2335.18,2364.17,3.6,0.2524,0.78,3,55.18,2.418,36,1043.39,52.52,True,181933.78000000003
ANGELONE.NS,2021-12-27,2022-01-25,104.44,105,115,108.41,130.16,24.62,0.4666,0.848,4,3.41,3.267,586,3860.79,193.12,True,185794.57
APOLLO.NS,2021-12-27,2022-01-25,14.27,15,20,15.74,14.2,-0.49,0.6438,1.567,4,0.74,5.155,2718,-1999.92,-100.0,False,183794.65000000002
ICICIBANK.NS,2021-12-27,2022-01-25,713.93,715,765,731.17,777.62,8.92,0.2424,0.86,4,16.17,2.265,123,4160.86,209.18,True,187955.51
TITAN.NS,2021-12-27,2022-01-25,2293.58,2295,2455,2347.97,2338.04,1.94,0.2482,0.811,4,52.97,2.31,37,-367.41,-18.74,False,187588.10000000003
ABREL.NS,2021-12-27,2022-01-25,907.9,910,980,936.81,843.44,-7.1,0.5603,1.153,4,26.81,2.953,74,-1983.7,-100.0,False,185604.40000000002
ABCAPITAL.NS,2021-12-27,2022-01-25,119.1,120,130,123.35,117.7,-1.18,0.3995,1.145,3,3.35,2.811,597,-1998.53,-100.0,False,183605.87000000002
RELIANCE.NS,2021-12-27,2022-01-25,1073.53,1075,1160,1102.27,1074.89,0.13,0.2744,0.853,4,27.27,2.54,73,-1990.38,-100.0,False,181615.49000000002
AJMERA.NS,2021-12-27,2022-01-25,54.54,55,60,56.7,80.22,47.09,0.4768,0.897,5,1.7,3.118,1176,3880.29,194.04,True,185495.78000000003
ANANTRAJ.NS,2021-12-27,2022-01-25,74.2,75,80,76.88,79.26,6.82,0.5773,1.194,3,1.88,2.535,1063,2531.5,126.6,True,188027.28000000003
APOLLO.NS,2021-12-28,2022-01-27,14.09,15,20,15.67,14.16,0.5,0.6502,1.566,3,0.67,4.785,2965,-1999.42,-100.0,False,186027.86000000002
INFY.NS,2021-12-28,2022-01-27,1658.97,1660,1760,1693.35,1474.97,-11.09,0.2101,0.952,3,33.35,2.01,59,-1967.65,-100.0,False,184060.21000000002
RELIANCE.NS,2021-12-28,2022-01-27,1086.28,1085,1170,1113.31,1058.97,-2.51,0.2734,0.849,4,28.31,2.606,70,-1981.37,-100.0,False,182078.84000000003
AJMERA.NS,2021-12-28,2022-01-27,55.47,55,60,56.93,77.01,38.84,0.4721,0.934,4,1.93,3.472,1038,3190.77,159.6,True,185269.61000000004
ABCAPITAL.NS,2021-12-28,2022-01-27,119.75,120,130,123.49,116.95,-2.34,0.387,1.103,3,3.49,2.913,573,-1998.89,-100.0,False,183270.72000000003
BAJFINANCE.NS,2021-12-28,2022-01-27,673.5,675,725,692.69,666.71,-1.01,0.3521,1.006,3,17.69,2.627,113,-1998.94,-100.0,False,181271.78000000003
TITAN.NS,2021-12-28,2022-01-27,2341.34,2340,2505,2395.2,2272.67,-2.93,0.2468,0.817,3,55.2,2.358,36,-1987.24,-100.0,False,179284.54000000004
ANANTRAJ.NS,2021-12-28,2022-01-27,75.2,75,80,77.03,82.93,10.29,0.575,1.218,3,2.03,2.704,983,2916.45,145.93,True,182200.99000000002
TITAN.NS,2021-12-29,2022-01-28,2363.28,2365,2530,2419.48,2278.13,-3.6,0.2476,0.827,3,54.48,2.305,36,-1961.24,-100.0,False,180239.75
ANGELONE.NS,2021-12-30,2022-01-31,108.95,110,120,113.05,128.15,17.62,0.3598,0.88,4,3.05,2.798,656,4560.02,228.0,True,184799.77000000002
APARINDS.NS,2021-12-30,2022-01-31,736.0,735,795,757.82,674.32,-8.38,0.497,1.253,3,22.82,3.1,87,-1984.96,-100.0,False,182814.81
APOLLO.NS,2021-12-30,2022-01-31,16.35,15,20,16.82,14.3,-12.5,0.8912,1.861,3,1.82,11.13,1099,-1999.37,-100.0,False,180815.44
TITAN.NS,2021-12-30,2022-01-31,2397.86,2400,2570,2455.78,2322.11,-3.16,0.2498,0.88,4,55.78,2.326,35,-1952.34,-100.0,False,178863.10000000003
APARINDS.NS,2021-12-31,2022-02-01,752.79,755,815,777.25,670.41,-10.94,0.4913,1.232,3,22.25,2.956,89,-1980.56,-100.0,False,176882.54000000004
ABCAPITAL.NS,2021-12-31,2022-02-01,123.9,125,135,128.32,122.3,-1.29,0.3878,1.042,4,3.32,2.681,602,-1999.66,-100.0,False,174882.88
TITAN.NS,2021-12-31,2022-02-01,2481.58,2480,2675,2544.4,2392.45,-3.59,0.2739,0.878,5,64.4,2.595,31,-1996.25,-100.0,False,172886.63
ANGELONE.NS,2021-12-31,2022-02-01,108.09,110,115,111.74,127.41,17.87,0.3595,0.833,4,1.74,1.613,1147,3735.7,186.85,True,176622.33000000002
TCS.NS,2021-12-31,2022-02-01,3253.73,3255,3410,3308.56,3313.77,1.85,0.1682,0.83,4,53.56,1.646,37,192.47,9.71,True,176814.80000000002
APOLLO.NS,2021-12-31,2022-02-01,16.4,15,20,16.84,14.18,-13.55,0.8898,1.973,4,1.84,11.234,1085,-1999.05,-100.0,False,174815.75
ANGELONE.NS,2022-01-03,2022-02-02,111.25,110,120,113.76,129.56,16.46,0.355,0.796,4,3.76,3.376,532,3321.78,166.24,True,178137.53000000003
ABREL.NS,2022-01-03,2022-02-02,904.16,905,975,931.6,870.08,-3.77,0.5014,1.05,3,26.6,2.942,75,-1994.9,-100.0,False,176142.63
TITAN.NS,2022-01-03,2022-02-02,2483.01,2485,2670,2545.43,2424.13,-2.37,0.2617,0.831,4,60.43,2.434,33,-1994.34,-100.0,False,174148.29000000004
RELIANCE.NS,2022-01-03,2022-02-02,1088.75,1090,1165,1114.34,1079.55,-0.84,0.2365,0.712,4,24.34,2.236,82,-1996.12,-100.0,False,172152.17000000004
TCS.NS,2022-01-03,2022-02-02,3322.84,3325,3455,3370.99,3362.2,1.18,0.1399,0.825,5,45.99,1.384,43,-378.01,-19.11,False,171774.16000000003
BAJFINANCE.NS,2022-01-03,2022-02-02,704.02,705,760,724.38,706.74,0.39,0.3598,0.832,4,19.38,2.753,103,-1817.68,-91.04,False,169956.48000000004
HDFCBANK.NS,2022-01-03,2022-02-02,711.04,710,755,725.34,716.45,0.76,0.2162,0.815,4,15.34,2.157,130,-1155.51,-57.96,False,168800.97000000003
ABCAPITAL.NS,2022-01-03,2022-02-02,129.55,130,140,133.6,126.25,-2.55,0.4149,0.971,4,3.6,2.779,555,-1997.89,-100.0,False,166803.08000000005
HDFCBANK.NS,2022-01-04,2022-02-03,715.21,715,760,729.95,709.03,-0.86,0.2109,0.822,3,14.95,2.091,133,-1988.68,-100.0,False,164814.40000000005
ABCAPITAL.NS,2022-01-04,2022-02-03,130.9,130,140,133.92,124.7,-4.74,0.4153,0.985,4,3.92,2.998,509,-1997.6,-100.0,False,162816.80000000005
RELIANCE.NS,2022-01-04,2022-02-03,1113.32,1115,1190,1139.88,1065.6,-4.29,0.2474,0.693,4,24.88,2.235,80,-1990.5,-100.0,False,160826.30000000005
TCS.NS,2022-01-04,2022-02-03,3381.15,3380,3520,3429.9,3334.65,-1.38,0.1441,0.814,5,49.9,1.476,40,-1995.9,-100.0,False,158830.40000000005
BAJFINANCE.NS,2022-01-04,2022-02-03,716.05,715,775,736.14,693.4,-3.16,0.3569,0.815,4,21.14,2.952,94,-1987.06,-100.0,False,156843.34000000005
ANGELONE.NS,2022-01-04,2022-02-03,111.5,110,120,113.84,128.88,15.59,0.3548,0.743,5,3.84,3.442,521,3210.72,160.59,True,160054.06000000006
ABREL.NS,2022-01-04,2022-02-03,901.55,900,975,928.46,855.36,-5.12,0.5001,1.016,3,28.46,3.157,70,-1992.52,-100.0,False,158061.54000000004
RELIANCE.NS,2022-01-05,2022-02-04,1118.53,1120,1195,1144.82,1055.89,-5.6,0.2426,0.68,3,24.82,2.219,80,-1985.96,-100.0,False,156075.58000000005
BHARTIARTL.NS,2022-01-05,2022-02-04,684.15,685,720,696.78,703.89,2.89,0.18,0.602,3,11.78,1.722,169,1202.53,60.41,True,157278.11000000004
BAJFINANCE.NS,2022-01-05,2022-02-04,748.02,750,810,770.83,698.05,-6.68,0.3679,0.889,5,20.83,2.784,96,-1999.35,-100.0,False,155278.76000000007
ABREL.NS,2022-01-05,2022-02-04,898.84,900,970,926.49,868.11,-3.42,0.501,0.837,4,26.49,2.948,75,-1987.03,-100.0,False,153291.73000000004
HDFCBANK.NS,2022-01-05,2022-02-04,732.19,730,780,746.87,713.08,-2.61,0.2176,0.923,3,16.87,2.303,118,-1990.08,-100.0,False,151301.65000000005
TCS.NS,2022-01-05,2022-02-04,3360.44,3360,3500,3409.64,3326.19,-1.02,0.1454,0.879,3,49.64,1.477,40,-1985.7,-100.0,False,149315.95000000007
BHARTIARTL.NS,2022-01-06,2022-02-07,694.32,695,730,707.11,690.5,-0.55,0.1885,0.64,5,12.11,1.744,165,-1997.88,-100.0,False,147318.07000000007
BAJFINANCE.NS,2022-01-06,2022-02-07,755.57,755,815,776.57,675.84,-10.55,0.3677,0.904,4,21.57,2.855,92,-1984.89,-100.0,False,145333.18000000005
ABCAPITAL.NS,2022-01-06,2022-02-07,133.1,135,145,138.28,120.35,-9.58,0.4012,1.057,3,3.28,2.462,610,-1998.65,-100.0,False,143334.53000000006
ANGELONE.NS,2022-01-06,2022-02-07,115.84,115,125,118.69,123.29,6.42,0.3613,0.774,4,3.69,3.186,541,2485.45,124.46,True,145819.98000000004
ANGELONE.NS,2022-01-07,2022-02-08,112.62,115,120,116.73,123.69,9.83,0.3798,0.811,5,1.73,1.535,1156,3781.49,189.21,True,149601.47000000006
ABREL.NS,2022-01-07,2022-02-08,932.67,935,1005,961.62,824.78,-11.57,0.5137,0.838,4,26.62,2.854,75,-1996.59,-100.0,False,147604.88000000006
RELIANCE.NS,2022-01-07,2022-02-08,1103.31,1105,1185,1130.78,1067.1,-3.28,0.2508,0.736,3,25.78,2.336,77,-1984.88,-100.0,False,145620.00000000006
ABCAPITAL.NS,2022-01-07,2022-02-08,132.8,135,145,138.21,118.65,-10.66,0.4013,1.067,4,3.21,2.415,623,-1998.34,-100.0,False,143621.66000000006
ABREL.NS,2022-01-10,2022-02-09,946.02,945,1020,973.77,845.31,-10.64,0.5093,0.821,4,28.77,3.041,69,-1985.23,-100.0,False,141636.43000000005
INFY.NS,2022-01-10,2022-02-09,1626.24,1625,1725,1658.92,1526.55,-6.13,0.2121,1.01,4,33.92,2.086,58,-1967.6,-100.0,False,139668.83000000007
ABB.NS,2022-01-10,2022-02-09,2230.41,2230,2410,2289.66,2191.4,-1.75,0.2911,0.672,5,59.66,2.675,33,-1968.75,-100.0,False,137700.08000000007
AJMERA.NS,2022-01-10,2022-02-09,63.46,65,70,66.71,76.99,21.31,0.6144,1.118,4,1.71,2.69,1171,3855.94,192.89,True,141556.02000000008
AJMERA.NS,2022-01-11,2022-02-10,69.8,70,75,71.97,80.83,15.8,0.6857,1.181,4,1.97,2.827,1013,3066.19,153.4,True,144622.21000000008
ABREL.NS,2022-01-11,2022-02-10,981.03,980,1060,1010.56,854.33,-12.92,0.5199,0.879,5,30.56,3.115,65,-1986.27,-100.0,False,142635.94000000006
TITAN.NS,2022-01-11,2022-02-10,2610.42,2610,2810,2675.97,2451.53,-6.09,0.2688,1.096,3,65.97,2.527,30,-1979.15,-100.0,False,140656.79000000007
INFY.NS,2022-01-11,2022-02-10,1630.5,1630,1730,1663.71,1554.93,-4.63,0.212,1.0,3,33.71,2.067,59,-1988.74,-100.0,False,138668.05000000008
ABB.NS,2022-01-11,2022-02-10,2287.67,2290,2470,2350.05,2188.46,-4.34,0.2995,0.695,4,60.05,2.625,33,-1981.68,-100.0,False,136686.37000000005
RELIANCE.NS,2022-01-12,2022-02-11,1141.85,1140,1225,1168.28,1076.31,-5.74,0.2508,0.833,5,28.28,2.477,70,-1979.87,-100.0,False,134706.50000000006
AJMERA.NS,2022-01-12,2022-02-11,75.53,75,80,77.09,83.25,10.22,0.7135,1.306,4,2.09,2.77,955,2776.78,138.96,True,137483.28000000006
INFY.NS,2022-01-12,2022-02-11,1649.7,1650,1750,1683.4,1512.54,-8.31,0.2082,1.05,3,33.4,2.025,59,-1970.75,-100.0,False,135512.53000000006
BHARTIARTL.NS,2022-01-12,2022-02-11,713.67,715,755,728.59,698.96,-2.06,0.214,0.832,5,13.59,1.904,147,-1997.67,-100.0,False,133514.86000000007
ABREL.NS,2022-01-12,2022-02-11,974.92,975,1055,1005.28,825.52,-15.32,0.5187,0.895,5,30.28,3.106,66,-1998.62,-100.0,False,131516.24000000008
APOLLO.NS,2022-01-12,2022-02-11,15.99,15,20,16.68,13.44,-15.99,0.95,2.074,3,1.68,10.533,1187,-1999.42,-100.0,False,129516.82000000007
ABB.NS,2022-01-12,2022-02-11,2265.18,2265,2445,2325.19,2131.01,-5.92,0.2939,0.715,3,60.19,2.657,33,-1986.2,-100.0,False,127530.62000000007
ABCAPITAL.NS,2022-01-12,2022-02-11,134.25,135,145,138.54,117.1,-12.77,0.3967,1.055,3,3.54,2.634,565,-1997.55,-100.0,False,125533.07000000007
AJMERA.NS,2022-01-13,2022-02-14,75.61,75,80,77.1,79.1,4.61,0.7153,1.358,4,2.1,2.78,951,1897.77,94.93,True,127430.84000000007
RELIANCE.NS,2022-01-13,2022-02-14,1148.28,1150,1230,1176.18,1059.17,-7.76,0.2483,0.793,4,26.18,2.28,76,-1989.46,-100.0,False,125441.38000000006
BHARTIARTL.NS,2022-01-13,2022-02-14,715.23,715,760,729.97,674.09,-5.75,0.2114,0.824,4,14.97,2.094,133,-1991.47,-100.0,False,123449.91000000006
ICICIBANK.NS,2022-01-13,2022-02-14,799.98,800,850,816.73,731.1,-8.61,0.2163,0.98,3,16.73,2.091,119,-1990.85,-100.0,False,121459.06000000007
INFY.NS,2022-01-13,2022-02-14,1666.7,1665,1760,1697.86,1478.13,-11.31,0.1995,1.064,4,32.86,1.971,60,-1971.33,-100.0,False,119487.73000000007
TCS.NS,2022-01-13,2022-02-14,3392.6,3395,3540,3445.65,3255.44,-4.04,0.1529,1.215,4,50.65,1.493,39,-1975.25,-100.0,False,117512.48000000007
BAJFINANCE.NS,2022-01-14,2022-02-15,763.76,765,825,784.74,696.46,-8.81,0.2933,0.939,3,19.74,2.585,101,-1993.72,-100.0,False,115518.76000000007
HDFCBANK.NS,2022-01-14,2022-02-15,722.97,725,770,739.46,710.18,-1.77,0.2181,1.137,3,14.46,2.0,138,-1995.18,-100.0,False,113523.58000000007
TCS.NS,2022-01-14,2022-02-15,3453.74,3455,3610,3509.12,3328.72,-3.62,0.1596,1.326,4,54.12,1.567,36,-1948.43,-100.0,False,111575.15000000007
AJMERA.NS,2022-01-14,2022-02-15,79.39,80,85,81.97,80.79,1.77,0.6896,1.437,3,1.97,2.479,1016,-1195.41,-59.78,False,110379.74000000006
INFY.NS,2022-01-14,2022-02-15,1695.3,1695,1785,1725.94,1527.39,-9.9,0.1859,1.116,4,30.94,1.825,64,-1980.33,-100.0,False,108399.41000000006
ABB.NS,2022-01-14,2022-02-15,2289.72,2290,2475,2351.03,2000.57,-12.63,0.2908,0.727,4,61.03,2.666,32,-1953.07,-100.0,False,106446.34000000007
ANANDRATHI.NS,2022-01-14,2022-02-15,148.53,150,160,153.38,140.91,-5.13,0.3514,,3,3.38,2.279,590,-1997.14,-100.0,False,104449.20000000007
RELIANCE.NS,2022-01-14,2022-02-15,1149.96,1150,1225,1174.86,1095.13,-4.77,0.2229,0.827,5,24.86,2.162,80,-1988.82,-100.0,False,102460.38000000006
ANGELONE.NS,2022-01-14,2022-02-15,120.89,120,130,123.67,117.06,-3.17,0.3242,0.942,4,3.67,3.033,545,-1998.4,-100.0,False,100461.98000000007
BHARTIARTL.NS,2022-01-17,2022-02-16,712.1,710,750,724.26,705.46,-0.93,0.1931,0.862,3,14.26,2.003,140,-1996.76,-100.0,False,98465.22000000007
TCS.NS,2022-01-17,2022-02-16,3498.13,3500,3655,3553.63,3324.62,-4.96,0.1543,1.286,3,53.63,1.533,37,-1984.39,-100.0,False,96480.83000000007
BAJFINANCE.NS,2022-01-17,2022-02-16,765.75,765,820,783.14,689.3,-9.98,0.2392,0.855,4,18.14,2.369,110,-1995.25,-100.0,False,94485.58000000007
ANGELONE.NS,2022-01-17,2022-02-16,124.23,125,135,128.23,120.45,-3.05,0.3305,0.934,4,3.23,2.599,619,-1998.73,-100.0,False,92486.85000000006
ANANDRATHI.NS,2022-01-17,2022-02-16,147.59,150,160,153.07,137.45,-6.87,0.3289,,3,3.07,2.083,650,-1998.54,-100.0,False,90488.31000000007
ANGELONE.NS,2022-01-18,2022-02-17,126.55,125,135,128.86,120.11,-5.09,0.2966,0.954,3,3.86,3.052,517,-1996.72,-100.0,False,88491.59000000007
TITAN.NS,2022-01-19,2022-02-18,2547.01,2545,2705,2599.11,2448.68,-3.86,0.2161,1.025,3,54.11,2.125,36,-1948.06,-100.0,False,86543.53000000007
ANGELONE.NS,2022-01-19,2022-02-18,129.81,130,140,133.36,119.34,-8.06,0.302,0.969,4,3.36,2.586,595,-1997.45,-100.0,False,84546.08000000007
ANANDRATHI.NS,2022-01-19,2022-02-18,146.85,145,160,150.19,136.11,-7.31,0.3037,,3,5.19,3.536,385,-1998.83,-100.0,False,82547.25000000007
ABB.NS,2022-01-20,2022-02-21,2336.36,2335,2475,2382.66,2054.59,-12.06,0.2086,0.776,4,47.66,2.04,41,-1954.02,-100.0,False,80593.23000000007
HDFCBANK.NS,2022-01-20,2022-02-21,706.06,705,745,718.8,712.19,0.87,0.1911,1.03,4,13.8,1.954,144,-951.37,-47.89,False,79641.86000000007
ANGELONE.NS,2022-01-20,2022-02-21,135.95,135,145,138.81,121.72,-10.47,0.3201,0.993,4,3.81,2.801,525,-1999.34,-100.0,False,77642.52000000008
ANGELONE.NS,2022-01-21,2022-02-22,138.4,140,150,143.1,118.02,-14.73,0.3115,1.003,3,3.1,2.237,645,-1997.09,-100.0,False,75645.43000000008
HDFCBANK.NS,2022-01-21,2022-02-22,711.95,710,750,724.16,706.85,-0.72,0.191,1.059,3,14.16,1.989,141,-1996.84,-100.0,False,73648.59000000007
BHARTIARTL.NS,2022-01-21,2022-02-22,679.51,680,725,694.86,683.42,0.58,0.2317,0.949,3,14.86,2.187,134,-1533.21,-76.99,False,72115.38000000008
ABB.NS,2022-01-24,2022-02-23,2355.09,2355,2490,2401.01,2050.78,-12.92,0.2026,0.869,4,46.01,1.954,43,-1978.55,-100.0,False,70136.83000000007
BHARTIARTL.NS,2022-01-25,2022-02-24,695.73,695,745,711.92,655.71,-5.75,0.2568,1.16,4,16.92,2.432,118,-1996.54,-100.0,False,68140.29000000007
ABB.NS,2022-01-25,2022-02-24,2347.02,2345,2485,2392.67,2000.27,-14.77,0.2046,0.901,4,47.67,2.031,41,-1954.38,-100.0,False,66185.91000000008
ANANTRAJ.NS,2022-01-25,2022-02-24,79.26,80,85,81.84,64.38,-18.77,0.4408,1.206,3,1.84,2.318,1088,-1999.12,-100.0,False,64186.79000000007
ANANTRAJ.NS,2022-01-27,2022-02-25,82.93,85,90,86.67,70.58,-14.89,0.4635,1.245,4,1.67,2.011,1199,-1999.31,-100.0,False,62187.480000000076
RELIANCE.NS,2022-01-28,2022-02-28,1057.95,1060,1130,1083.13,1068.68,1.01,0.2437,1.008,3,23.13,2.187,86,-1242.88,-62.47,False,60944.60000000008
AJMERA.NS,2022-01-28,2022-02-28,80.81,80,85,82.14,63.83,-21.01,0.7104,1.526,3,2.14,2.648,934,-1998.51,-100.0,False,58946.09000000008
TCS.NS,2022-01-28,2022-02-28,3217.34,3215,3440,3290.03,3098.89,-3.68,0.2405,1.317,3,75.03,2.332,26,-1950.72,-100.0,False,56995.370000000075
ABB.NS,2022-01-31,2022-03-02,2250.12,2250,2430,2313.77,2130.96,-5.3,0.3595,1.235,4,63.77,2.834,31,-1976.72,-100.0,False,55018.650000000074
BAJFINANCE.NS,2022-01-31,2022-03-02,682.63,685,735,702.64,666.18,-2.41,0.3587,1.253,3,17.64,2.585,113,-1993.81,-100.0,False,53024.84000000008
BHARTIARTL.NS,2022-01-31,2022-03-02,712.79,715,765,731.36,658.98,-7.55,0.2658,1.292,3,16.36,2.296,122,-1996.31,-100.0,False,51028.53000000008
INFY.NS,2022-01-31,2022-03-02,1525.58,1525,1650,1565.75,1496.24,-1.92,0.2816,1.217,4,40.75,2.671,49,-1996.69,-100.0,False,49031.84000000008
AJMERA.NS,2022-01-31,2022-03-02,84.85,85,90,87.04,66.12,-22.07,0.7174,1.476,4,2.04,2.409,978,-1999.14,-100.0,False,47032.70000000008
RELIANCE.NS,2022-01-31,2022-03-02,1080.93,1080,1160,1106.59,1086.35,0.5,0.2556,1.045,3,26.59,2.46,75,-1518.41,-76.13,False,45514.29000000007
TCS.NS,2022-01-31,2022-03-02,3257.62,3260,3485,3334.35,3091.87,-5.09,0.2448,1.252,3,74.35,2.282,26,-1933.13,-100.0,False,43581.160000000076
ANGELONE.NS,2022-02-01,2022-03-03,127.41,125,140,130.8,119.56,-6.15,0.5575,1.379,3,5.8,4.553,344,-1995.29,-100.0,False,41585.870000000075
ANANTRAJ.NS,2022-02-01,2022-03-03,79.46,80,85,81.88,68.7,-13.55,0.4476,1.117,3,1.88,2.365,1064,-1999.88,-100.0,False,39585.99000000008
INFY.NS,2022-02-01,2022-03-03,1557.09,1555,1680,1597.21,1512.1,-2.89,0.2931,1.262,3,42.21,2.711,47,-1983.65,-100.0,False,37602.34000000008
AJMERA.NS,2022-02-01,2022-03-03,89.09,90,95,91.98,67.36,-24.39,0.7075,1.449,4,1.98,2.221,1010,-1998.04,-100.0,False,35604.300000000076
BAJFINANCE.NS,2022-02-01,2022-03-03,684.03,685,740,703.79,658.07,-3.8,0.3357,1.341,3,18.79,2.747,106,-1991.97,-100.0,False,33612.330000000075
TCS.NS,2022-02-01,2022-03-03,3313.77,3315,3540,3389.88,3090.34,-6.74,0.2407,1.241,3,74.88,2.26,26,-1946.76,-100.0,False,31665.57000000008
BAJFINANCE.NS,2022-02-02,2022-03-04,706.74,705,765,726.15,637.54,-9.79,0.3514,1.356,3,21.15,2.992,94,-1987.88,-100.0,False,29677.690000000075
ANANDRATHI.NS,2022-02-02,2022-03-04,142.66,145,150,146.57,133.88,-6.16,0.2138,,3,1.57,1.1,1275,-1999.97,-100.0,False,27677.720000000074
ICICIBANK.NS,2022-02-02,2022-03-04,789.35,790,835,804.88,667.42,-15.45,0.193,1.136,3,14.88,1.885,134,-1994.2,-100.0,False,25683.520000000077
ANGELONE.NS,2022-02-02,2022-03-04,129.56,130,140,133.8,120.32,-7.13,0.5584,1.338,3,3.8,2.935,525,-1996.24,-100.0,False,23687.28000000007
TCS.NS,2022-02-02,2022-03-04,3362.2,3360,3590,3437.14,3072.86,-8.61,0.2382,1.247,3,77.14,2.294,25,-1928.61,-100.0,False,21758.67000000007
AJMERA.NS,2022-02-02,2022-03-04,93.53,95,100,96.94,67.95,-27.35,0.7141,1.426,3,1.94,2.077,1029,-1998.82,-100.0,False,19759.850000000064
ANANTRAJ.NS,2022-02-02,2022-03-04,79.66,80,85,81.91,67.26,-15.57,0.4413,1.04,3,1.91,2.4,1046,-1999.67,-100.0,False,17760.180000000066
TITAN.NS,2022-02-03,2022-03-07,2434.9,2435,2630,2500.26,2351.03,-3.44,0.2988,1.234,3,65.26,2.68,30,-1957.81,-100.0,False,15802.370000000068
AJMERA.NS,2022-02-03,2022-03-07,89.26,90,95,92.0,64.55,-27.68,0.7467,1.429,3,2.0,2.242,999,-1998.87,-100.0,False,13803.500000000073
ABB.NS,2022-02-03,2022-03-07,2254.76,2255,2435,2318.58,2062.27,-8.54,0.3566,1.324,3,63.58,2.82,31,-1970.92,-100.0,False,11832.580000000075
ABB.NS,2022-02-04,2022-03-08,2283.71,2285,2465,2348.68,2087.79,-8.58,0.3586,1.331,3,63.68,2.789,31,-1974.14,-100.0,False,9858.440000000075
TITAN.NS,2022-02-10,2022-03-14,2451.53,2450,2650,2516.35,2497.92,1.89,0.2915,1.089,3,66.35,2.706,30,-552.95,-27.78,False,9305.490000000078
INFY.NS,2022-02-10,2022-03-14,1554.93,1555,1680,1596.47,1661.34,6.84,0.2929,1.046,3,41.47,2.667,48,3113.64,156.4,True,12419.130000000077
ICICIBANK.NS,2022-02-10,2022-03-14,781.35,780,820,794.32,675.28,-13.58,0.1831,1.019,3,14.32,1.833,139,-1991.17,-100.0,False,10427.96000000008
ABREL.NS,2022-02-10,2022-03-14,854.33,855,925,879.66,752.0,-11.98,0.3749,0.77,4,24.66,2.887,81,-1997.78,-100.0,False,8430.18000000008
BHARTIARTL.NS,2022-02-10,2022-03-14,707.66,710,755,724.78,684.54,-3.27,0.2412,1.143,3,14.78,2.088,135,-1994.79,-100.0,False,6435.390000000087
HDFCBANK.NS,2022-02-10,2022-03-14,713.59,715,765,731.32,674.97,-5.41,0.2529,1.137,3,16.32,2.287,122,-1990.88,-100.0,False,4444.510000000082
HDFCBANK.NS,2022-02-11,2022-03-15,710.67,710,760,726.78,666.29,-6.24,0.2446,1.136,3,16.78,2.361,119,-1996.46,-100.0,False,2448.0500000000757
INFY.NS,2022-02-11,2022-03-15,1512.54,1515,1635,1554.67,1616.18,6.85,0.301,1.057,4,39.67,2.623,50,3075.2,155.03,True,5523.250000000073
ABREL.NS,2022-02-15,2022-03-17,799.76,800,865,823.76,809.02,1.16,0.425,0.857,4,23.76,2.971,84,-1238.11,-62.03,False,4285.140000000072
HDFCBANK.NS,2022-02-15,2022-03-17,710.18,710,765,728.35,692.51,-2.49,0.2805,1.191,3,18.35,2.583,109,-1999.73,-100.0,False,2285.4100000000763
TCS.NS,2022-02-15,2022-03-17,3328.72,3330,3555,3404.33,3202.25,-3.8,0.2347,0.944,4,74.33,2.233,26,-1932.58,-100.0,False,352.8300000000745
BAJFINANCE.NS,2022-02-15,2022-03-17,696.46,695,750,715.45,682.06,-2.07,0.4025,1.027,3,20.45,2.937,97,-1983.98,-100.0,False,-1631.1499999999214
INFY.NS,2022-02-15,2022-03-17,1527.39,1525,1650,1568.36,1629.62,6.69,0.3255,1.049,3,43.36,2.839,46,2818.18,141.31,True,1187.0300000000716
TITAN.NS,2022-02-15,2022-03-17,2455.51,2455,2650,2523.28,2659.26,8.3,0.3391,1.129,3,68.28,2.781,29,3674.98,185.6,True,4862.0100000000675
BHARTIARTL.NS,2022-02-15,2022-03-17,695.44,695,750,713.52,706.53,1.6,0.2922,1.038,3,18.52,2.663,108,-754.2,-37.71,False,4107.81000000007
TCS.NS,2022-02-16,2022-03-21,3324.62,3325,3550,3399.52,3162.1,-4.89,0.2341,0.93,3,74.52,2.241,26,-1937.54,-100.0,False,2170.270000000077
BHARTIARTL.NS,2022-02-16,2022-03-21,705.46,705,760,723.56,692.17,-1.88,0.2884,1.08,3,18.56,2.631,107,-1985.72,-100.0,False,184.55000000007567
TITAN.NS,2022-02-16,2022-03-21,2447.79,2450,2645,2517.41,2663.44,8.81,0.3389,1.15,3,67.41,2.754,29,3700.05,189.27,True,3884.6000000000786
INFY.NS,2022-02-16,2022-03-21,1523.04,1525,1645,1565.98,1628.26,6.91,0.3252,1.07,3,40.98,2.691,48,2989.44,151.98,True,6874.040000000081
ABREL.NS,2022-02-16,2022-03-21,808.43,810,875,833.6,799.52,-1.1,0.4309,0.88,5,23.6,2.919,84,-1982.39,-100.0,False,4891.6500000000815
BAJFINANCE.NS,2022-02-16,2022-03-21,689.3,690,745,709.85,669.97,-2.8,0.4016,0.99,3,19.85,2.88,100,-1984.99,-100.0,False,2906.6600000000763
TITAN.NS,2022-02-18,2022-03-23,2448.68,2450,2645,2517.61,2646.47,8.08,0.3379,1.02,3,67.61,2.761,29,3694.19,188.4,True,6600.850000000079
TCS.NS,2022-02-18,2022-03-23,3307.88,3310,3510,3377.07,3236.82,-2.15,0.2144,0.923,3,67.07,2.028,29,-1945.08,-100.0,False,4655.770000000077
BAJFINANCE.NS,2022-02-21,2022-03-24,683.23,685,740,704.4,682.37,-0.13,0.3912,0.916,3,19.4,2.839,103,-1998.06,-100.0,False,2657.710000000079
INFY.NS,2022-02-21,2022-03-24,1520.75,1520,1640,1560.91,1657.83,9.01,0.3042,0.951,3,40.91,2.69,48,3796.49,193.35,True,6454.200000000084
TITAN.NS,2022-02-21,2022-03-24,2414.64,2415,2610,2482.51,2576.13,6.69,0.3378,0.975,3,67.51,2.796,29,2714.82,138.66,True,9169.020000000091
HDFCBANK.NS,2022-02-21,2022-03-24,712.19,710,770,729.89,675.01,-5.22,0.2784,1.061,3,19.89,2.792,100,-1988.69,-100.0,False,7180.330000000089
INFY.NS,2022-02-22,2022-03-25,1523.96,1525,1645,1564.64,1648.91,8.2,0.2881,1.015,4,39.64,2.601,50,4017.78,202.69,True,11198.110000000088
ABCAPITAL.NS,2022-02-28,2022-03-31,105.55,105,115,108.75,107.65,1.99,0.5081,1.053,3,3.75,3.557,532,-587.42,-29.41,False,10610.69000000009
APARINDS.NS,2022-02-28,2022-03-31,607.18,605,655,624.03,626.68,3.21,0.4601,0.82,4,19.03,3.134,105,278.64,13.95,True,10889.330000000089
TITAN.NS,2022-02-28,2022-03-31,2505.34,2505,2705,2573.71,2495.11,-0.41,0.3209,1.132,4,68.71,2.743,29,-1992.64,-100.0,False,8896.69000000009
BAJFINANCE.NS,2022-02-28,2022-03-31,682.83,685,735,703.39,707.96,3.68,0.4215,1.066,4,18.39,2.693,108,493.56,24.86,True,9390.250000000087
INFY.NS,2022-02-28,2022-03-31,1507.48,1505,1630,1546.61,1675.53,11.15,0.2902,1.129,4,41.61,2.76,48,4002.73,200.41,True,13392.980000000083
ANGELONE.NS,2022-02-28,2022-03-31,122.67,125,130,126.91,141.18,15.09,0.5288,1.152,3,1.91,1.558,1046,3230.53,161.57,True,16623.510000000082
TITAN.NS,2022-03-02,2022-04-01,2550.7,2550,2755,2619.63,2480.06,-2.77,0.3107,1.1,4,69.63,2.73,28,-1949.76,-100.0,False,14673.750000000087
APARINDS.NS,2022-03-02,2022-04-01,602.74,605,650,621.68,653.03,8.34,0.4601,0.755,4,16.68,2.767,119,3370.34,169.82,True,18044.090000000084
ABCAPITAL.NS,2022-03-02,2022-04-01,104.85,105,115,108.54,111.9,6.72,0.4805,1.0,3,3.54,3.378,564,1894.08,94.82,True,19938.170000000086
ABB.NS,2022-03-02,2022-04-01,2130.96,2130,2300,2188.86,2067.5,-2.98,0.3253,0.855,4,58.86,2.762,33,-1942.43,-100.0,False,17995.740000000093
APARINDS.NS,2022-03-03,2022-04-04,617.27,615,665,634.19,661.29,7.13,0.4698,0.81,4,19.19,3.109,104,2818.12,141.21,True,20813.860000000088
INFY.NS,2022-03-04,2022-04-05,1514.25,1515,1630,1552.54,1635.33,8.0,0.2645,1.096,4,37.54,2.479,53,4105.59,206.37,True,24919.450000000084
INFY.NS,2022-03-07,2022-04-06,1528.79,1530,1645,1567.68,1606.99,5.12,0.2669,1.167,4,37.68,2.464,53,2083.86,104.36,True,27003.310000000085
INFY.NS,2022-03-08,2022-04-07,1562.49,1560,1685,1601.31,1591.31,1.84,0.2713,1.219,3,41.31,2.644,48,-479.76,-24.2,False,26523.55000000009
APARINDS.NS,2022-03-09,2022-04-08,622.1,620,670,639.34,644.73,3.64,0.4967,0.807,4,19.34,3.109,103,555.58,27.89,True,27079.130000000092
ANGELONE.NS,2022-03-09,2022-04-08,117.02,115,125,119.18,156.88,34.05,0.5415,1.128,3,4.18,3.574,478,2780.82,139.1,True,29859.9500000001
APOLLO.NS,2022-03-09,2022-04-08,11.98,10,15,12.06,14.53,21.25,0.4985,0.818,4,2.06,17.16,972,2405.49,120.33,True,32265.440000000104
INFY.NS,2022-03-09,2022-04-08,1593.38,1595,1720,1635.69,1594.47,0.07,0.2785,1.19,3,40.69,2.554,49,-1993.69,-100.0,False,30271.750000000102
ANGELONE.NS,2022-03-10,2022-04-11,118.04,120,125,121.94,158.56,34.33,0.5427,1.119,4,1.94,1.641,1032,3161.29,158.17,True,33433.040000000095
BAJFINANCE.NS,2022-03-10,2022-04-11,642.13,640,695,660.94,715.43,11.42,0.5012,1.366,4,20.94,3.261,95,3235.86,162.68,True,36668.900000000096
ABB.NS,2022-03-10,2022-04-11,2110.18,2110,2280,2167.36,2165.78,2.63,0.3073,0.879,4,57.36,2.718,34,-53.92,-2.76,False,36614.9800000001
INFY.NS,2022-03-10,2022-04-11,1604.4,1605,1730,1646.08,1552.25,-3.25,0.2771,1.21,3,41.08,2.56,48,-1971.71,-100.0,False,34643.2700000001
APARINDS.NS,2022-03-10,2022-04-11,623.64,625,675,643.65,646.32,3.64,0.4965,0.787,4,18.65,2.99,107,286.62,14.37,True,34929.8900000001
APOLLO.NS,2022-03-11,2022-04-12,12.14,10,15,12.19,14.62,20.44,0.4845,0.848,4,2.19,18.023,914,2223.97,111.21,True,37153.8600000001
ANGELONE.NS,2022-03-11,2022-04-12,119.06,120,130,123.6,156.93,31.8,0.5383,1.0,4,3.6,3.027,555,3550.05,177.51,True,40703.910000000105
APARINDS.NS,2022-03-11,2022-04-12,642.85,645,695,663.7,655.06,1.9,0.506,0.765,3,18.7,2.91,106,-916.24,-46.21,False,39787.67000000011
ABB.NS,2022-03-11,2022-04-12,2073.03,2075,2240,2130.6,2157.66,4.08,0.3124,0.837,4,55.6,2.682,35,947.02,48.66,True,40734.690000000104
ANGELONE.NS,2022-03-14,2022-04-13,118.3,120,130,123.42,155.32,31.3,0.5178,0.859,4,3.42,2.889,585,3851.04,192.65,True,44585.730000000105
APARINDS.NS,2022-03-14,2022-04-13,624.12,625,675,643.8,658.29,5.47,0.5054,0.747,4,18.8,3.013,106,1536.15,77.08,True,46121.88000000011
INFY.NS,2022-03-14,2022-04-13,1661.34,1660,1795,1704.1,1536.44,-7.52,0.276,1.119,4,44.1,2.654,45,-1984.38,-100.0,False,44137.50000000011
TITAN.NS,2022-03-14,2022-04-13,2497.92,2500,2700,2570.81,2421.52,-3.06,0.3707,1.215,3,70.81,2.835,28,-1982.57,-100.0,False,42154.93000000011
ABCAPITAL.NS,2022-03-14,2022-04-13,103.95,105,110,106.96,117.4,12.94,0.4903,0.789,3,1.96,1.884,1021,3105.1,155.26,True,45260.03000000011
BAJFINANCE.NS,2022-03-14,2022-04-13,649.98,650,700,669.14,714.64,9.95,0.5003,1.163,3,19.14,2.944,104,3209.8,161.28,True,48469.83000000011
ICICIBANK.NS,2022-03-14,2022-04-13,675.28,675,730,695.11,739.4,9.5,0.4158,1.28,4,20.11,2.978,99,3453.87,173.46,True,51923.70000000011
APOLLO.NS,2022-03-14,2022-04-13,12.48,10,15,12.47,14.58,16.85,0.4933,0.915,3,2.47,19.819,808,1703.35,85.24,True,53627.05000000011
ICICIBANK.NS,2022-03-15,2022-04-18,676.44,675,730,695.09,735.08,8.67,0.3861,1.226,4,20.09,2.97,99,3456.07,173.77,True,57083.12000000011
ABCAPITAL.NS,2022-03-15,2022-04-18,104.7,105,115,108.47,114.65,9.5,0.4612,0.738,4,3.47,3.312,576,3560.83,178.26,True,60643.95000000011
ANGELONE.NS,2022-03-15,2022-04-18,123.97,125,135,128.57,152.62,23.1,0.4934,0.852,5,3.57,2.877,560,3602.68,180.38,True,64246.630000000114
APOLLO.NS,2022-03-15,2022-04-18,12.21,10,15,12.25,15.23,24.78,0.4663,0.86,3,2.25,18.426,889,2445.1,122.26,True,66691.73000000011
ABB.NS,2022-03-16,2022-04-19,2142.45,2140,2315,2199.19,2104.56,-1.77,0.3037,0.805,4,59.19,2.763,33,-1953.33,-100.0,False,64738.40000000011
ABCAPITAL.NS,2022-03-16,2022-04-19,108.55,110,115,111.92,109.75,1.11,0.4681,0.799,4,1.92,1.765,1043,-1998.47,-100.0,False,62739.93000000011
ANGELONE.NS,2022-03-16,2022-04-19,130.21,130,140,133.88,156.85,20.46,0.5073,0.946,4,3.88,2.978,515,3152.93,157.88,True,65892.8600000001
TITAN.NS,2022-03-17,2022-04-20,2659.26,2660,2870,2734.99,2442.53,-8.15,0.3688,1.106,3,74.99,2.82,26,-1949.71,-100.0,False,63943.15000000011
APARINDS.NS,2022-03-17,2022-04-20,643.28,645,695,663.69,649.75,1.01,0.4894,0.81,4,18.69,2.905,107,-1491.06,-74.57,False,62452.09000000011
BHARTIARTL.NS,2022-03-17,2022-04-20,706.53,705,765,724.93,722.61,2.28,0.2927,0.988,4,19.93,2.821,100,-232.32,-11.65,False,62219.77000000011
AJMERA.NS,2022-03-17,2022-04-20,68.8,70,75,71.73,71.55,4.0,0.5058,0.762,4,1.73,2.512,1157,-202.86,-10.14,False,62016.91000000011
ABCAPITAL.NS,2022-03-17,2022-04-20,109.85,110,120,113.58,109.95,0.09,0.4699,0.764,3,3.58,3.257,558,-1996.5,-100.0,False,60020.41000000011
ANGELONE.NS,2022-03-17,2022-04-20,148.74,150,160,153.88,149.83,0.73,0.6776,1.129,4,3.88,2.607,515,-1996.92,-100.0,False,58023.490000000114
ANGELONE.NS,2022-03-21,2022-04-21,151.08,150,165,155.82,176.11,16.56,0.676,1.237,4,5.82,3.852,343,3148.85,157.75,True,61172.34000000011
TITAN.NS,2022-03-21,2022-04-21,2663.44,2665,2875,2739.82,2480.21,-6.88,0.3688,1.001,3,74.82,2.809,26,-1945.27,-100.0,False,59227.070000000116
RELIANCE.NS,2022-03-21,2022-04-21,1117.53,1120,1205,1150.53,1260.06,12.75,0.3854,1.194,3,30.53,2.732,65,3540.42,178.4,True,62767.490000000114
HDFCBANK.NS,2022-03-21,2022-04-21,695.53,695,750,714.75,643.06,-7.54,0.3637,1.13,3,19.75,2.84,101,-1995.15,-100.0,False,60772.34000000011
RELIANCE.NS,2022-03-22,2022-04-22,1146.4,1145,1240,1179.36,1249.51,8.99,0.3939,1.149,4,34.36,2.998,58,3516.86,176.45,True,64289.20000000011
APOLLO.NS,2022-03-23,2022-04-25,12.29,10,15,12.33,13.94,13.46,0.4268,0.837,4,2.33,18.923,860,1391.4,69.57,True,65680.60000000012
ABCAPITAL.NS,2022-03-23,2022-04-25,109.4,110,120,113.42,115.75,5.8,0.4461,0.667,4,3.42,3.125,584,1361.28,68.18,True,67041.88000000012
BAJFINANCE.NS,2022-03-23,2022-04-25,683.07,685,740,705.22,683.14,0.01,0.4734,0.959,3,20.22,2.96,98,-1981.47,-100.0,False,65060.41000000011
APARINDS.NS,2022-03-23,2022-04-25,632.67,635,685,653.26,654.38,3.43,0.4603,0.764,4,18.26,2.886,109,122.93,6.18,True,65183.34000000011
RELIANCE.NS,2022-03-23,2022-04-25,1150.05,1150,1240,1182.79,1220.61,6.14,0.3913,1.11,3,32.79,2.851,60,2269.54,115.36,True,67452.88000000012
INFY.NS,2022-03-23,2022-04-25,1645.26,1645,1775,1688.22,1371.72,-16.63,0.286,1.133,3,43.22,2.627,46,-1988.0,-100.0,False,65464.880000000114
ANANDRATHI.NS,2022-03-23,2022-04-25,141.44,140,150,143.72,154.3,9.09,0.2207,0.722,4,3.72,2.63,537,3372.59,168.85,True,68837.47000000012
TCS.NS,2022-03-24,2022-04-26,3269.47,3270,3530,3355.56,3092.0,-5.43,0.2834,0.817,4,85.56,2.617,23,-1967.94,-100.0,False,66869.53000000012
INFY.NS,2022-03-24,2022-04-26,1657.83,1660,1790,1702.59,1389.21,-16.2,0.2862,1.11,3,42.59,2.569,46,-1959.22,-100.0,False,64910.310000000114
RELIANCE.NS,2022-03-24,2022-04-26,1167.92,1170,1260,1202.46,1257.14,7.64,0.3927,1.001,3,32.46,2.779,61,3335.62,168.46,True,68245.93000000011
APOLLO.NS,2022-03-25,2022-04-27,12.23,10,15,12.27,13.67,11.82,0.4079,0.735,3,2.27,18.592,879,1231.21,61.61,True,69477.14000000012
ICICIBANK.NS,2022-03-28,2022-04-28,689.05,690,745,708.96,724.75,5.18,0.342,0.812,4,18.96,2.752,105,1657.94,83.28,True,71135.0800000001
APOLLO.NS,2022-03-28,2022-04-28,12.06,10,15,12.12,13.54,12.27,0.3675,0.782,4,2.12,17.585,942,1340.53,67.07,True,72475.6100000001
INFY.NS,2022-03-28,2022-04-28,1646.58,1645,1760,1683.71,1390.62,-15.55,0.2442,1.125,3,38.71,2.351,51,-1974.17,-100.0,False,70501.44000000012
BHARTIARTL.NS,2022-03-28,2022-04-28,716.45,715,770,733.59,730.43,1.95,0.2695,0.801,5,18.59,2.595,107,-338.37,-17.01,False,70163.07000000011
TITAN.NS,2022-03-29,2022-04-29,2497.72,2500,2700,2570.63,2418.42,-3.17,0.3683,0.93,3,70.63,2.828,28,-1977.59,-100.0,False,68185.48000000011
BHARTIARTL.NS,2022-03-29,2022-04-29,737.86,740,795,757.75,722.27,-2.11,0.2733,0.851,5,17.75,2.406,112,-1988.41,-100.0,False,66197.07000000011
ICICIBANK.NS,2022-03-29,2022-04-29,693.85,695,750,713.62,721.02,3.91,0.3228,0.764,4,18.62,2.683,107,791.38,39.72,True,66988.4500000001
ABREL.NS,2022-03-29,2022-04-29,846.45,845,915,871.2,823.15,-2.75,0.4557,1.062,3,26.2,3.096,76,-1991.48,-100.0,False,64996.9700000001
APARINDS.NS,2022-03-29,2022-04-29,621.33,620,670,638.07,646.47,4.05,0.3632,0.775,4,18.07,2.909,110,923.74,46.47,True,65920.71000000011
HDFCBANK.NS,2022-03-29,2022-04-29,679.3,680,735,698.25,647.85,-4.63,0.3059,0.895,4,18.25,2.687,109,-1989.41,-100.0,False,63931.3000000001
BAJFINANCE.NS,2022-03-29,2022-04-29,686.44,685,740,705.07,650.6,-5.22,0.3764,0.712,4,20.07,2.924,99,-1986.99,-100.0,False,61944.3100000001
HDFCBANK.NS,2022-03-30,2022-05-02,691.06,690,745,708.86,656.79,-4.96,0.3016,0.878,4,18.86,2.729,106,-1998.78,-100.0,False,59945.5300000001
ABREL.NS,2022-03-30,2022-05-02,848.56,850,915,874.25,820.05,-3.36,0.4558,1.043,3,24.25,2.857,82,-1988.21,-100.0,False,57957.3200000001
ANANDRATHI.NS,2022-03-30,2022-05-02,145.8,145,155,148.46,155.63,6.74,0.2091,0.669,5,3.46,2.373,578,3780.55,189.08,True,61737.870000000104
BHARTIARTL.NS,2022-03-30,2022-05-02,732.53,735,790,752.64,724.57,-1.09,0.2752,0.898,4,17.64,2.407,113,-1992.82,-100.0,False,59745.050000000105
BAJFINANCE.NS,2022-03-30,2022-05-02,707.17,705,765,726.83,646.15,-8.63,0.3904,0.743,4,21.83,3.087,91,-1986.41,-100.0,False,57758.6400000001
APARINDS.NS,2022-03-30,2022-05-02,640.15,640,690,658.0,636.33,-0.6,0.3681,0.786,4,18.0,2.812,111,-1997.83,-100.0,False,55760.8100000001
TITAN.NS,2022-03-30,2022-05-02,2482.32,2480,2680,2550.86,2347.93,-5.41,0.3518,0.949,3,70.86,2.855,28,-1984.12,-100.0,False,53776.6900000001
ICICIBANK.NS,2022-03-30,2022-05-02,708.99,710,765,728.89,718.78,1.38,0.3264,0.744,4,18.89,2.664,105,-1061.12,-53.5,False,52715.570000000094
ICICIBANK.NS,2022-03-31,2022-05-04,708.41,710,765,728.09,702.54,-0.83,0.295,0.737,4,18.09,2.554,110,-1989.89,-100.0,False,50725.680000000095
APARINDS.NS,2022-03-31,2022-05-04,626.68,625,675,643.37,624.8,-0.3,0.3763,0.782,4,18.37,2.931,108,-1983.58,-100.0,False,48742.10000000009
HDFCBANK.NS,2022-03-31,2022-05-04,687.97,690,740,706.14,634.47,-7.78,0.2659,0.855,4,16.14,2.347,123,-1985.74,-100.0,False,46756.360000000095
BAJFINANCE.NS,2022-03-31,2022-05-04,707.96,710,765,729.4,618.22,-12.68,0.3777,0.725,4,19.4,2.74,103,-1998.26,-100.0,False,44758.10000000009
INFY.NS,2022-03-31,2022-05-04,1675.53,1675,1790,1713.35,1349.27,-19.47,0.2387,0.909,3,38.35,2.289,52,-1994.33,-100.0,False,42763.77000000009
ANANDRATHI.NS,2022-03-31,2022-05-04,145.75,145,155,148.43,154.51,6.01,0.2065,0.661,4,3.43,2.351,583,3549.39,177.7,True,46313.16000000009
TITAN.NS,2022-03-31,2022-05-04,2495.11,2495,2695,2565.05,2252.9,-9.71,0.3458,0.942,3,70.05,2.807,28,-1961.33,-100.0,False,44351.83000000009
ANGELONE.NS,2022-03-31,2022-05-04,141.18,140,150,144.15,155.88,10.42,0.597,1.306,3,4.15,2.943,481,2811.86,140.72,True,47163.69000000009
HDFCBANK.NS,2022-04-01,2022-05-05,704.66,705,760,722.97,633.04,-10.16,0.2747,0.846,4,17.97,2.551,111,-1995.11,-100.0,False,45168.58000000009
APOLLO.NS,2022-04-01,2022-05-05,12.41,10,15,12.44,12.56,1.2,0.3964,0.685,5,2.44,19.664,819,96.59,4.83,True,45265.170000000086
ABCAPITAL.NS,2022-04-01,2022-05-05,111.9,110,120,113.87,110.9,-0.89,0.3002,0.681,4,3.87,3.455,517,-1533.27,-76.72,False,43731.90000000009
TITAN.NS,2022-04-01,2022-05-05,2480.06,2480,2680,2549.86,2225.4,-10.27,0.3455,0.839,4,69.86,2.817,28,-1956.09,-100.0,False,41775.81000000009
APARINDS.NS,2022-04-01,2022-05-05,653.03,655,705,672.9,630.54,-3.44,0.3943,0.788,4,17.9,2.74,111,-1986.43,-100.0,False,39789.38000000009
ANGELONE.NS,2022-04-01,2022-05-05,141.74,140,155,145.8,146.07,3.06,0.585,1.057,3,5.8,4.091,344,94.15,4.72,True,39883.53000000009
ICICIBANK.NS,2022-04-01,2022-05-05,714.18,715,770,733.09,706.95,-1.01,0.2812,0.73,4,18.09,2.533,110,-1989.61,-100.0,False,37893.92000000009
TCS.NS,2022-04-01,2022-05-05,3277.23,3275,3455,3336.87,3063.32,-6.53,0.1894,0.738,4,61.87,1.888,32,-1979.98,-100.0,False,35913.94000000009
BAJFINANCE.NS,2022-04-01,2022-05-05,722.4,720,780,741.88,615.27,-14.83,0.3779,0.73,4,21.88,3.029,91,-1991.24,-100.0,False,33922.700000000084
APOLLO.NS,2022-04-04,2022-05-06,13.03,15,20,15.09,12.44,-4.48,0.391,0.714,5,0.09,0.657,23357,-1999.96,-100.0,False,31922.740000000078
ANGELONE.NS,2022-04-04,2022-05-06,149.73,150,160,153.98,134.0,-10.51,0.6075,0.986,3,3.98,2.66,502,-1999.07,-100.0,False,29923.67000000007
ABCAPITAL.NS,2022-04-04,2022-05-06,113.9,115,125,117.87,106.7,-6.32,0.3036,0.675,4,2.87,2.522,696,-1999.03,-100.0,False,27924.640000000072
ABREL.NS,2022-04-04,2022-05-06,858.81,860,930,885.54,757.71,-11.77,0.4405,0.912,3,25.54,2.974,78,-1992.18,-100.0,False,25932.46000000008
BAJFINANCE.NS,2022-04-04,2022-05-06,730.45,730,790,751.06,585.12,-19.9,0.353,0.761,4,21.06,2.883,94,-1979.68,-100.0,False,23952.780000000086
APARINDS.NS,2022-04-04,2022-05-06,661.29,660,715,679.63,622.97,-5.79,0.3649,0.766,4,19.63,2.969,101,-1982.8,-100.0,False,21969.980000000083
AJMERA.NS,2022-04-04,2022-05-06,69.72,70,75,71.86,60.84,-12.73,0.4534,0.684,4,1.86,2.674,1072,-1998.31,-100.0,False,19971.670000000086
ICICIBANK.NS,2022-04-04,2022-05-06,724.22,725,780,743.1,697.69,-3.66,0.2761,0.762,3,18.1,2.499,110,-1990.52,-100.0,False,17981.15000000008
TCS.NS,2022-04-04,2022-05-06,3287.35,3285,3465,3346.7,2992.87,-8.96,0.1866,0.677,4,61.7,1.877,32,-1974.31,-100.0,False,16006.840000000084
ANANDRATHI.NS,2022-04-04,2022-05-06,147.72,150,155,151.56,151.34,2.45,0.1991,0.666,3,1.56,1.057,1281,-281.69,-14.09,False,15725.150000000081
TITAN.NS,2022-04-04,2022-05-06,2476.27,2475,2675,2541.09,2173.01,-12.25,0.2857,0.818,3,66.09,2.669,30,-1982.79,-100.0,False,13742.360000000088
HDFCBANK.NS,2022-04-04,2022-05-06,775.21,775,835,797.32,616.5,-20.47,0.4211,1.216,4,22.32,2.879,89,-1986.27,-100.0,False,11756.090000000084
ABCAPITAL.NS,2022-04-05,2022-05-09,113.25,115,120,116.57,106.2,-6.23,0.2424,0.649,3,1.57,1.387,1273,-1999.29,-100.0,False,9756.80000000009
TCS.NS,2022-04-05,2022-05-09,3326.1,3325,3500,3384.99,3003.76,-9.69,0.1805,0.658,4,59.99,1.804,33,-1979.79,-100.0,False,7777.010000000097
ANANDRATHI.NS,2022-04-05,2022-05-09,147.19,145,155,149.0,150.39,2.17,0.2014,0.648,4,4.0,2.721,499,691.86,34.62,True,8468.870000000097
ANGELONE.NS,2022-04-05,2022-05-09,152.5,150,165,156.04,133.48,-12.47,0.5743,0.953,3,6.04,3.963,330,-1994.46,-100.0,False,6474.410000000091
TITAN.NS,2022-04-05,2022-05-09,2507.95,2510,2705,2573.6,2147.87,-14.36,0.275,0.803,3,63.6,2.536,31,-1971.59,-100.0,False,4502.820000000094
HDFCBANK.NS,2022-04-05,2022-05-09,752.5,750,815,773.92,617.56,-17.93,0.4195,1.25,3,23.92,3.179,83,-1985.61,-100.0,False,2517.2100000000937
AJMERA.NS,2022-04-05,2022-05-09,73.21,75,80,76.59,57.78,-21.08,0.4384,0.716,5,1.59,2.175,1255,-1998.52,-100.0,False,518.6900000000896
APOLLO.NS,2022-04-05,2022-05-09,13.48,15,20,15.13,12.26,-9.06,0.3621,0.759,5,0.13,0.948,15651,-1999.91,-100.0,False,-1481.2199999999139
ABB.NS,2022-04-05,2022-05-09,2158.69,2160,2330,2219.9,2260.29,4.71,0.3534,0.895,4,59.9,2.775,33,1332.83,67.42,True,-148.3899999999121
APOLLO.NS,2022-04-06,2022-05-10,13.48,15,20,15.11,12.0,-10.98,0.3453,0.788,4,0.11,0.832,17835,-1999.97,-100.0,False,-2148.3599999999133
TITAN.NS,2022-04-06,2022-05-10,2498.95,2500,2695,2563.67,2102.76,-15.85,0.2732,0.776,3,63.67,2.548,31,-1973.64,-100.0,False,-4121.999999999913
AJMERA.NS,2022-04-06,2022-05-10,74.96,75,80,76.94,56.92,-24.06,0.4411,0.754,4,1.94,2.586,1031,-1998.29,-100.0,False,-6120.289999999906
APOLLO.NS,2022-04-07,2022-05-11,14.16,15,20,15.32,11.5,-18.82,0.3769,0.909,3,0.32,2.251,6273,-1999.78,-100.0,False,-8120.069999999905
ABREL.NS,2022-04-07,2022-05-11,910.07,910,985,937.86,712.01,-21.76,0.4642,0.96,4,27.86,3.062,71,-1978.4,-100.0,False,-10098.4699999999
RELIANCE.NS,2022-04-08,2022-05-12,1184.67,1185,1265,1211.35,1086.73,-8.27,0.2315,0.827,4,26.35,2.224,75,-1976.2,-100.0,False,-12074.669999999896
APOLLO.NS,2022-04-08,2022-05-12,14.53,15,20,15.46,11.1,-23.59,0.3799,0.958,4,0.46,3.185,4320,-1999.61,-100.0,False,-14074.279999999897
ABREL.NS,2022-04-08,2022-05-12,907.16,905,980,932.87,684.83,-24.51,0.4263,0.901,3,27.87,3.073,71,-1979.06,-100.0,False,-16053.339999999895
ICICIBANK.NS,2022-04-08,2022-05-12,731.69,730,770,744.09,674.94,-7.76,0.1847,0.775,4,14.09,1.925,141,-1986.07,-100.0,False,-18039.4099999999
ANGELONE.NS,2022-04-08,2022-05-12,156.88,155,170,160.94,123.33,-21.38,0.5754,1.157,3,5.94,3.787,336,-1996.02,-100.0,False,-20035.429999999906
ABB.NS,2022-04-11,2022-05-13,2165.78,2165,2340,2226.76,2245.49,3.68,0.3554,0.917,3,61.76,2.852,32,599.39,30.33,True,-19436.039999999906
RELIANCE.NS,2022-04-11,2022-05-13,1182.21,1180,1260,1207.24,1099.05,-7.03,0.2326,0.851,4,27.24,2.304,73,-1988.55,-100.0,False,-21424.58999999991
APARINDS.NS,2022-04-12,2022-05-16,655.06,655,705,671.99,580.16,-11.43,0.2925,0.792,5,16.99,2.594,117,-1987.81,-100.0,False,-23412.399999999907
ICICIBANK.NS,2022-04-12,2022-05-16,740.95,740,775,752.54,662.52,-10.58,0.167,0.805,3,12.54,1.692,159,-1993.54,-100.0,False,-25405.9399999999
ABCAPITAL.NS,2022-04-12,2022-05-16,117.85,120,125,121.53,95.05,-19.35,0.2441,0.839,5,1.53,1.297,1308,-1999.02,-100.0,False,-27404.959999999905
ANANDRATHI.NS,2022-04-13,2022-05-17,160.14,160,175,164.81,158.64,-0.94,0.3159,1.212,4,4.81,3.007,415,-1998.22,-100.0,False,-29403.179999999906
APARINDS.NS,2022-04-13,2022-05-17,658.29,660,710,676.14,590.58,-10.29,0.2765,0.813,5,16.14,2.452,123,-1985.24,-100.0,False,-31388.419999999896
ICICIBANK.NS,2022-04-13,2022-05-17,739.4,740,775,752.03,688.71,-6.85,0.1684,0.787,4,12.03,1.627,166,-1996.7,-100.0,False,-33385.11999999991
ABCAPITAL.NS,2022-04-13,2022-05-17,117.4,115,125,118.99,102.1,-13.03,0.2467,0.866,5,3.99,3.397,501,-1997.75,-100.0,False,-35382.86999999991
BAJFINANCE.NS,2022-04-13,2022-05-17,714.64,715,760,729.72,569.23,-20.35,0.2099,0.703,4,14.72,2.06,135,-1987.17,-100.0,False,-37370.03999999992
AJMERA.NS,2022-04-18,2022-05-18,74.57,75,80,76.9,55.78,-25.2,0.4989,1.064,4,1.9,2.549,1052,-1999.48,-100.0,False,-39369.51999999993
APARINDS.NS,2022-04-18,2022-05-18,667.17,665,715,681.9,579.72,-13.11,0.2476,0.824,4,16.9,2.533,118,-1993.78,-100.0,False,-41363.29999999993
BAJFINANCE.NS,2022-04-18,2022-05-18,708.1,710,750,723.02,567.07,-19.92,0.1999,0.68,4,13.02,1.838,153,-1991.8,-100.0,False,-43355.09999999992
ANANDRATHI.NS,2022-04-18,2022-05-18,168.08,170,180,173.44,153.42,-8.72,0.3457,1.407,4,3.44,2.049,580,-1997.19,-100.0,False,-45352.28999999992
AJMERA.NS,2022-04-19,2022-05-19,70.6,70,75,72.07,57.08,-19.15,0.5356,1.17,4,2.07,2.931,966,-1998.9,-100.0,False,-47351.189999999915
APARINDS.NS,2022-04-19,2022-05-19,664.62,665,710,680.02,588.94,-11.39,0.2441,0.86,4,15.02,2.261,133,-1998.19,-100.0,False,-49349.37999999992
TCS.NS,2022-04-20,2022-05-20,3101.16,3100,3300,3167.17,2871.15,-7.42,0.2237,1.108,3,67.17,2.166,29,-1947.97,-100.0,False,-51297.34999999992
TCS.NS,2022-04-21,2022-05-23,3163.8,3165,3365,3231.96,2896.22,-8.46,0.2234,1.127,3,66.96,2.117,29,-1941.94,-100.0,False,-53239.28999999992
ABB.NS,2022-04-21,2022-05-23,2096.05,2095,2265,2150.68,2251.81,7.43,0.2803,0.866,4,55.68,2.656,35,3539.78,181.65,True,-49699.50999999992
ANGELONE.NS,2022-04-21,2022-05-23,176.11,175,190,180.99,130.49,-25.9,0.6725,1.351,4,5.99,3.399,334,-1999.14,-100.0,False,-51698.649999999936
APOLLO.NS,2022-04-21,2022-05-23,14.54,15,20,15.61,11.85,-18.51,0.4734,1.335,3,0.61,4.207,3270,-1999.57,-100.0,False,-53698.21999999994
AJMERA.NS,2022-04-21,2022-05-23,73.62,75,80,76.74,57.14,-22.39,0.5083,1.187,3,1.74,2.366,1148,-1999.73,-100.0,False,-55697.94999999995
ABCAPITAL.NS,2022-04-22,2022-05-24,112.45,110,120,114.08,98.0,-12.85,0.3037,1.06,3,4.08,3.629,490,-1999.84,-100.0,False,-57697.78999999995
ABB.NS,2022-04-22,2022-05-24,2113.26,2115,2280,2168.77,2238.14,5.91,0.2759,0.876,4,53.77,2.544,37,2566.62,129.01,True,-55131.169999999955
APOLLO.NS,2022-04-22,2022-05-24,14.47,15,20,15.58,11.77,-18.64,0.4741,1.367,3,0.58,4.026,3434,-1999.87,-100.0,False,-57131.03999999995
AJMERA.NS,2022-04-22,2022-05-24,72.63,75,80,76.58,56.62,-22.05,0.5075,1.192,4,1.58,2.169,1269,-1999.45,-100.0,False,-59130.48999999996
ANGELONE.NS,2022-04-22,2022-05-24,174.82,175,190,180.77,131.37,-24.86,0.6748,1.368,4,5.77,3.301,346,-1996.85,-100.0,False,-61127.33999999997
TCS.NS,2022-04-22,2022-05-24,3149.76,3150,3350,3217.12,2866.79,-8.98,0.2232,1.098,3,67.12,2.131,29,-1946.61,-100.0,False,-63073.94999999995
ABCAPITAL.NS,2022-04-25,2022-05-25,115.75,115,125,118.55,95.65,-17.37,0.319,1.098,4,3.55,3.07,562,-1997.08,-100.0,False,-65071.02999999994
AJMERA.NS,2022-04-26,2022-05-26,71.99,70,80,73.79,52.01,-27.75,0.5079,1.172,3,3.79,5.27,527,-1999.38,-100.0,False,-67070.40999999995
ABCAPITAL.NS,2022-04-26,2022-05-26,116.8,115,125,118.91,98.0,-16.1,0.3178,1.132,4,3.91,3.348,511,-1998.49,-100.0,False,-69068.89999999994
APARINDS.NS,2022-04-26,2022-05-26,654.67,655,705,671.43,585.56,-10.56,0.2712,1.091,3,16.43,2.509,121,-1987.59,-100.0,False,-71056.48999999993
ICICIBANK.NS,2022-04-26,2022-05-26,731.15,730,765,742.32,706.66,-3.35,0.1576,0.789,4,12.32,1.685,162,-1995.49,-100.0,False,-73051.97999999992
APARINDS.NS,2022-04-27,2022-05-27,653.32,655,705,670.98,684.5,4.77,0.2717,1.042,3,15.98,2.446,125,1690.05,84.61,True,-71361.92999999993
ABCAPITAL.NS,2022-04-27,2022-05-27,120.6,120,130,123.57,99.9,-17.16,0.3227,1.187,4,3.57,2.959,560,-1998.47,-100.0,False,-73360.39999999994
ANGELONE.NS,2022-04-27,2022-05-27,169.63,170,185,175.69,122.8,-27.61,0.6645,1.321,3,5.69,3.357,351,-1998.49,-100.0,False,-75358.88999999993
APOLLO.NS,2022-04-27,2022-05-27,13.67,15,20,15.35,11.7,-14.47,0.5079,1.209,3,0.35,2.539,5761,-1999.84,-100.0,False,-77358.72999999992
ABCAPITAL.NS,2022-04-28,2022-05-30,122.45,120,130,124.18,104.4,-14.74,0.3238,1.13,3,4.18,3.412,478,-1997.04,-100.0,False,-79355.76999999993
ICICIBANK.NS,2022-04-29,2022-05-31,721.02,720,755,732.44,730.28,1.28,0.1679,0.868,4,12.44,1.725,160,-345.14,-17.35,False,-79700.90999999995
ICICIBANK.NS,2022-05-02,2022-06-01,718.78,720,755,731.66,730.09,1.57,0.1684,0.883,4,11.66,1.622,171,-268.48,-13.47,False,-79969.38999999996
HDFCBANK.NS,2022-05-11,2022-06-09,631.01,630,680,647.15,652.12,3.35,0.2995,0.755,4,17.15,2.718,116,576.62,28.99,True,-79392.76999999996
BHARTIARTL.NS,2022-05-11,2022-06-09,706.48,705,745,719.06,661.04,-6.43,0.1959,0.93,4,14.06,1.99,142,-1996.6,-100.0,False,-81389.36999999997
HDFCBANK.NS,2022-05-12,2022-06-10,616.78,615,665,632.33,639.53,3.69,0.3048,0.814,4,17.33,2.809,115,827.97,41.55,True,-80561.39999999997
HDFCBANK.NS,2022-05-16,2022-06-14,617.75,620,665,635.15,621.02,0.53,0.3065,0.844,4,15.15,2.452,132,-1864.74,-93.26,False,-82426.13999999996
ABB.NS,2022-05-17,2022-06-15,2249.17,2250,2430,2316.76,2259.31,0.45,0.4477,1.54,3,66.76,2.968,29,-1665.97,-86.05,False,-84092.10999999996
ABB.NS,2022-05-18,2022-06-16,2234.12,2235,2415,2301.53,2199.76,-1.54,0.4446,1.561,3,66.53,2.978,30,-1995.91,-100.0,False,-86088.01999999996
HDFCBANK.NS,2022-05-20,2022-06-20,625.26,625,670,639.85,625.83,0.09,0.2459,0.763,4,14.85,2.375,134,-1879.65,-94.44,False,-87967.66999999995
ABB.NS,2022-05-23,2022-06-21,2251.81,2250,2430,2317.25,2183.98,-3.01,0.4433,1.164,3,67.25,2.986,29,-1950.25,-100.0,False,-89917.91999999995
HDFCBANK.NS,2022-05-25,2022-06-23,628.97,630,675,644.52,631.98,0.48,0.2487,0.746,4,14.52,2.309,137,-1718.59,-86.38,False,-91636.50999999995
HDFCBANK.NS,2022-05-26,2022-06-24,646.91,645,695,662.05,640.81,-0.94,0.2694,0.749,5,17.05,2.636,117,-1994.9,-100.0,False,-93631.40999999995
BHARTIARTL.NS,2022-05-26,2022-06-24,677.95,680,725,694.58,656.0,-3.24,0.2423,1.159,3,14.58,2.151,137,-1997.87,-100.0,False,-95629.27999999994
ICICIBANK.NS,2022-05-26,2022-06-24,706.66,705,765,724.72,692.06,-2.07,0.282,1.093,3,19.72,2.791,101,-1991.81,-100.0,False,-97621.08999999994
ICICIBANK.NS,2022-05-27,2022-06-27,717.62,720,775,737.67,695.84,-3.03,0.2829,1.017,3,17.67,2.463,113,-1997.22,-100.0,False,-99618.30999999994
ABREL.NS,2022-05-27,2022-06-27,720.58,720,780,741.32,795.43,10.39,0.3745,0.848,4,21.32,2.959,93,3596.94,181.38,True,-96021.36999999994
HDFCBANK.NS,2022-05-27,2022-06-27,658.91,660,710,676.35,641.97,-2.57,0.2768,0.751,5,16.35,2.482,122,-1994.94,-100.0,False,-98016.30999999994
BHARTIARTL.NS,2022-05-27,2022-06-27,668.91,670,715,684.84,668.47,-0.07,0.2444,1.126,3,14.84,2.219,134,-1989.1,-100.0,False,-100005.40999999995
BAJFINANCE.NS,2022-05-27,2022-06-27,584.46,585,630,600.94,550.1,-5.88,0.3534,0.876,4,15.94,2.727,125,-1991.93,-100.0,False,-101997.33999999994
ABREL.NS,2022-05-30,2022-06-28,731.27,730,790,751.64,790.41,8.09,0.3762,0.85,3,21.64,2.959,92,3529.05,177.25,True,-98468.28999999995
ANANDRATHI.NS,2022-05-30,2022-06-28,156.73,155,170,160.52,154.96,-1.13,0.3667,1.219,4,5.52,3.522,362,-1998.31,-100.0,False,-100466.59999999995
TITAN.NS,2022-05-30,2022-06-28,2219.4,2220,2395,2282.09,1936.2,-12.76,0.3587,0.986,4,62.09,2.797,32,-1986.74,-100.0,False,-102453.33999999994
BAJFINANCE.NS,2022-05-30,2022-06-28,595.93,595,645,612.72,543.77,-8.75,0.3643,0.832,4,17.72,2.973,112,-1984.64,-100.0,False,-104437.97999999995
HDFCBANK.NS,2022-05-30,2022-06-28,663.41,665,715,681.22,637.07,-3.97,0.2759,0.759,3,16.22,2.445,123,-1995.47,-100.0,False,-106433.44999999995
TITAN.NS,2022-05-31,2022-06-29,2180.14,2180,2355,2241.48,1904.82,-12.63,0.3501,1.031,3,61.48,2.82,32,-1967.45,-100.0,False,-108400.89999999997
BHARTIARTL.NS,2022-05-31,2022-06-29,684.35,685,735,701.38,672.23,-1.77,0.2586,1.101,4,16.38,2.393,122,-1997.83,-100.0,False,-110398.72999999995
ABB.NS,2022-05-31,2022-06-29,2379.45,2380,2570,2451.42,2264.7,-4.82,0.478,1.017,3,71.42,3.001,28,-1999.72,-100.0,False,-112398.44999999995
APARINDS.NS,2022-05-31,2022-06-29,698.4,700,755,721.37,907.18,29.89,0.6713,1.382,3,21.37,3.06,93,3127.36,157.34,True,-109271.08999999997
ICICIBANK.NS,2022-05-31,2022-06-29,730.28,730,790,749.64,681.68,-6.65,0.2859,0.931,3,19.64,2.69,101,-1983.96,-100.0,False,-111255.04999999996
ANANDRATHI.NS,2022-05-31,2022-06-29,158.95,160,170,163.62,155.06,-2.45,0.3698,1.076,3,3.62,2.275,552,-1996.5,-100.0,False,-113251.54999999996
BAJFINANCE.NS,2022-05-31,2022-06-29,593.1,595,640,610.8,537.58,-9.36,0.3642,0.813,3,15.8,2.664,126,-1990.6,-100.0,False,-115242.14999999997
ABREL.NS,2022-05-31,2022-06-29,785.78,785,850,809.31,795.28,1.21,0.4669,0.958,4,24.31,3.094,82,-1150.07,-57.7,False,-116392.21999999997
APOLLO.NS,2022-05-31,2022-06-29,13.26,15,20,15.28,12.07,-8.94,0.5434,0.931,4,0.28,2.11,7146,-1999.91,-100.0,False,-118392.12999999998
ANANTRAJ.NS,2022-05-31,2022-06-29,53.22,55,60,56.6,52.92,-0.56,0.6789,1.001,3,1.6,3.011,1248,-1999.61,-100.0,False,-120391.73999999996
ABREL.NS,2022-06-01,2022-06-30,793.51,795,855,817.41,793.51,0.0,0.4533,1.008,3,22.41,2.824,89,-1994.16,-100.0,False,-122385.89999999997
ICICIBANK.NS,2022-06-01,2022-06-30,730.09,730,785,748.35,686.0,-6.04,0.272,0.94,3,18.35,2.513,109,-1999.98,-100.0,False,-124385.87999999998
APOLLO.NS,2022-06-01,2022-06-30,12.86,15,20,15.19,11.85,-7.87,0.5434,0.97,3,0.19,1.504,10345,-1999.99,-100.0,False,-126385.86999999997
ANGELONE.NS,2022-06-01,2022-06-30,138.06,140,150,143.76,111.45,-19.27,0.7267,0.888,4,3.76,2.721,532,-1998.25,-100.0,False,-128384.11999999997
ANANTRAJ.NS,2022-06-01,2022-06-30,53.27,55,60,56.61,50.64,-4.93,0.677,0.883,4,1.61,3.021,1242,-1998.96,-100.0,False,-130383.07999999996
ABCAPITAL.NS,2022-06-02,2022-07-01,103.45,105,110,106.88,90.1,-12.9,0.4757,0.83,3,1.88,1.821,1061,-1999.2,-100.0,False,-132382.27999999997
ANGELONE.NS,2022-06-02,2022-07-01,136.64,135,150,140.83,111.92,-18.1,0.693,0.851,3,5.83,4.263,343,-1998.1,-100.0,False,-134380.37999999998
RELIANCE.NS,2022-06-02,2022-07-01,1233.88,1235,1335,1270.36,1090.94,-11.58,0.3761,1.107,3,35.36,2.866,56,-1980.27,-100.0,False,-136360.64999999997
ANANDRATHI.NS,2022-06-02,2022-07-01,162.56,165,175,168.36,156.91,-3.48,0.3703,0.986,3,3.36,2.068,594,-1997.13,-100.0,False,-138357.77999999997
APOLLO.NS,2022-06-02,2022-07-01,12.83,15,20,15.19,11.83,-7.81,0.5418,0.975,3,0.19,1.459,10680,-1999.94,-100.0,False,-140357.71999999997
ANANTRAJ.NS,2022-06-02,2022-07-01,54.11,55,60,56.76,53.2,-1.69,0.6796,0.807,4,1.76,3.246,1138,-1999.03,-100.0,False,-142356.74999999997
ABREL.NS,2022-06-02,2022-07-01,862.45,860,930,887.2,794.5,-7.88,0.5394,1.128,4,27.2,3.153,73,-1985.36,-100.0,False,-144342.10999999996
RELIANCE.NS,2022-06-03,2022-07-04,1258.89,1260,1360,1295.71,1093.21,-13.16,0.3799,1.002,4,35.71,2.836,56,-1999.5,-100.0,False,-146341.60999999996
ABREL.NS,2022-06-03,2022-07-04,875.65,875,945,901.8,796.42,-9.05,0.5174,1.192,4,26.8,3.061,74,-1983.19,-100.0,False,-148324.79999999996
APARINDS.NS,2022-06-07,2022-07-06,776.15,775,840,800.48,906.99,16.86,0.6923,1.56,4,25.48,3.283,78,3082.52,155.1,True,-145242.27999999997
BAJFINANCE.NS,2022-06-08,2022-07-07,580.63,580,625,595.2,573.59,-1.21,0.2823,0.91,3,15.2,2.618,131,-1991.08,-100.0,False,-147233.35999999996
INFY.NS,2022-06-08,2022-07-07,1332.0,1330,1440,1368.53,1330.84,-0.09,0.3419,0.952,3,38.53,2.892,51,-1921.99,-97.82,False,-149155.34999999995
ABCAPITAL.NS,2022-06-08,2022-07-07,102.75,105,110,106.77,93.25,-9.25,0.4494,0.764,4,1.77,1.72,1131,-1998.64,-100.0,False,-151153.98999999996
ABB.NS,2022-06-09,2022-07-08,2306.07,2305,2490,2370.73,2538.11,10.06,0.3596,1.126,3,65.73,2.85,30,3577.99,181.44,True,-147575.99999999997
HDFCBANK.NS,2022-06-09,2022-07-08,652.12,650,690,663.94,661.3,1.41,0.2021,0.673,4,13.94,2.138,143,-377.66,-18.94,False,-147953.65999999997
ICICIBANK.NS,2022-06-09,2022-07-08,710.78,710,760,727.02,733.04,3.13,0.2537,0.794,4,17.02,2.395,117,704.33,35.36,True,-147249.33
BAJFINANCE.NS,2022-06-09,2022-07-08,575.2,575,615,588.42,574.81,-0.07,0.2466,0.853,4,13.42,2.332,149,-1999.05,-100.0,False,-149248.37999999998
TCS.NS,2022-06-09,2022-07-08,3008.2,3010,3250,3091.53,2866.31,-4.72,0.3174,0.973,3,81.53,2.71,24,-1956.81,-100.0,False,-151205.18999999997
TITAN.NS,2022-06-09,2022-07-08,2105.08,2105,2275,2163.11,2117.11,0.57,0.3216,1.098,3,58.11,2.761,34,-1563.89,-79.15,False,-152769.08
INFY.NS,2022-06-09,2022-07-08,1345.32,1345,1455,1383.15,1344.83,-0.04,0.3409,0.979,3,38.15,2.836,52,-1984.03,-100.0,False,-154753.11
TITAN.NS,2022-06-10,2022-07-11,2107.59,2110,2275,2165.95,2136.12,1.35,0.314,1.122,3,55.95,2.655,35,-1044.19,-53.32,False,-155797.3
ABREL.NS,2022-06-14,2022-07-13,749.68,750,810,772.96,793.81,5.89,0.5451,1.077,3,22.96,3.063,87,1814.2,90.82,True,-153983.09999999998
ABREL.NS,2022-06-15,2022-07-14,766.08,765,825,788.34,790.55,3.19,0.5477,1.067,3,23.34,3.047,85,187.21,9.43,True,-153795.88999999998
TITAN.NS,2022-06-15,2022-07-14,2070.99,2070,2235,2125.65,2100.43,1.42,0.2984,0.805,4,55.65,2.687,35,-882.9,-45.33,False,-154678.78999999998
BHARTIARTL.NS,2022-06-15,2022-07-14,666.66,665,715,681.6,627.12,-5.93,0.2433,0.923,3,16.6,2.491,120,-1992.53,-100.0,False,-156671.31999999998
ANANDRATHI.NS,2022-06-15,2022-07-14,154.92,155,165,158.56,156.12,0.78,0.279,0.725,4,3.56,2.296,562,-1366.54,-68.37,False,-158037.86
INFY.NS,2022-06-15,2022-07-14,1262.91,1265,1365,1300.27,1268.81,0.47,0.3708,0.94,3,35.27,2.793,56,-1761.57,-89.18,False,-159799.43
APARINDS.NS,2022-06-20,2022-07-19,962.44,960,1040,991.79,957.28,-0.54,0.8634,1.8,4,31.79,3.303,62,-1970.94,-100.0,False,-161770.37
APARINDS.NS,2022-06-24,2022-07-25,939.28,940,1015,969.53,1036.43,10.34,0.7742,1.829,3,29.53,3.144,67,3046.66,154.0,True,-158723.71
TITAN.NS,2022-06-24,2022-07-25,2012.5,2010,2175,2070.97,2299.27,14.25,0.4276,1.074,3,60.97,3.029,32,3329.06,170.64,True,-155394.65
BAJFINANCE.NS,2022-06-24,2022-07-25,544.89,545,590,560.72,609.44,11.85,0.3594,0.966,3,15.72,2.884,127,3719.02,186.33,True,-151675.63
TITAN.NS,2022-06-27,2022-07-26,2007.29,2005,2170,2064.41,2264.07,12.79,0.3831,1.062,3,59.41,2.96,33,3484.37,177.72,True,-148191.26
BHARTIARTL.NS,2022-06-27,2022-07-26,668.47,670,720,686.49,668.61,0.02,0.2844,1.016,3,16.49,2.466,121,-1994.7,-100.0,False,-150185.96000000002
ANANDRATHI.NS,2022-06-27,2022-07-26,156.33,155,170,160.09,152.6,-2.38,0.2975,0.868,5,5.09,3.254,393,-1999.38,-100.0,False,-152185.34000000003
BAJFINANCE.NS,2022-06-27,2022-07-26,550.1,550,595,565.75,613.1,11.45,0.3527,0.864,4,15.75,2.863,126,3685.64,185.73,True,-148499.7
ANANTRAJ.NS,2022-06-27,2022-07-26,52.63,55,60,56.44,73.23,39.16,0.6157,1.109,4,1.44,2.744,1384,4921.35,246.23,True,-143578.35
ANANDRATHI.NS,2022-06-30,2022-07-29,157.87,160,170,163.1,154.11,-2.38,0.2942,0.812,5,3.1,1.965,644,-1998.03,-100.0,False,-145576.38
ANANTRAJ.NS,2022-07-04,2022-08-02,54.04,55,60,56.73,76.12,40.85,0.6578,0.987,3,1.73,3.206,1154,3770.31,188.55,True,-141806.07
ANANDRATHI.NS,2022-07-04,2022-08-02,161.92,160,175,165.42,159.58,-1.44,0.3078,0.855,4,5.42,3.35,368,-1996.2,-100.0,False,-143802.27000000002
BAJFINANCE.NS,2022-07-04,2022-08-02,551.04,550,595,566.39,718.55,30.4,0.3873,0.75,4,16.39,2.974,122,3490.48,174.57,True,-140311.79
INFY.NS,2022-07-04,2022-08-02,1321.34,1320,1420,1353.06,1370.71,3.74,0.2579,0.845,4,33.06,2.502,60,1058.98,53.38,True,-139252.81
TITAN.NS,2022-07-04,2022-08-02,1930.74,1930,2085,1986.42,2354.66,21.96,0.3991,0.966,3,56.42,2.922,35,3450.25,174.72,True,-135802.56
BHARTIARTL.NS,2022-07-05,2022-08-03,668.95,670,720,686.79,680.47,1.72,0.2917,0.831,4,16.79,2.509,119,-751.82,-37.64,False,-136554.38
ANANDRATHI.NS,2022-07-05,2022-08-03,158.47,160,170,163.35,159.52,0.67,0.3176,0.821,5,3.35,2.115,596,-1997.1,-100.0,False,-138551.48
BAJFINANCE.NS,2022-07-05,2022-08-03,554.05,555,600,570.83,714.1,28.89,0.3804,0.762,4,15.83,2.858,126,3675.06,184.22,True,-134876.42
TITAN.NS,2022-07-05,2022-08-03,1922.63,1925,2075,1978.37,2385.71,24.09,0.3704,0.853,4,53.37,2.776,37,3575.27,181.05,True,-131301.15000000002
ICICIBANK.NS,2022-07-05,2022-08-03,697.88,700,750,715.85,800.07,14.64,0.2505,0.841,4,15.85,2.271,126,4303.17,215.5,True,-126997.98000000001
AJMERA.NS,2022-07-05,2022-08-03,46.68,45,50,47.19,55.31,18.5,0.4938,0.73,4,2.19,4.694,912,2561.53,128.17,True,-124436.45000000001
ANANTRAJ.NS,2022-07-05,2022-08-03,56.68,55,60,57.21,75.47,33.16,0.6786,1.029,4,2.21,3.895,905,2526.89,126.46,True,-121909.56
HDFCBANK.NS,2022-07-05,2022-08-03,640.24,640,675,651.76,678.58,5.99,0.1794,0.808,5,11.76,1.837,170,3950.16,197.52,True,-117959.4
HDFCBANK.NS,2022-07-06,2022-08-04,649.07,650,685,661.58,677.77,4.42,0.1858,0.852,5,11.58,1.785,172,2784.84,139.78,True,-115174.56
ICICIBANK.NS,2022-07-06,2022-08-04,704.19,705,755,721.38,795.66,12.99,0.2516,0.838,4,16.38,2.326,122,4101.85,205.28,True,-111072.70999999999
AJMERA.NS,2022-07-06,2022-08-04,50.97,50,55,52.05,52.55,3.09,0.5845,0.907,4,2.05,4.018,976,489.77,24.5,True,-110582.94
BHARTIARTL.NS,2022-07-06,2022-08-04,678.24,680,730,696.18,681.6,0.5,0.2685,0.828,4,16.18,2.385,123,-1793.24,-90.13,False,-112376.18
BAJFINANCE.NS,2022-07-06,2022-08-04,579.07,580,625,596.38,716.08,23.66,0.4113,0.834,5,16.38,2.829,122,3491.12,174.65,True,-108885.06
ANANTRAJ.NS,2022-07-06,2022-08-04,55.88,55,60,57.07,73.38,31.32,0.68,0.96,3,2.07,3.699,967,2836.0,141.87,True,-106049.06
ABCAPITAL.NS,2022-07-06,2022-08-04,92.45,90,100,94.02,105.15,13.74,0.3745,0.689,4,4.02,4.345,497,2973.53,148.94,True,-103075.53
TITAN.NS,2022-07-06,2022-08-04,1980.97,1980,2140,2037.69,2392.87,20.79,0.3848,0.875,4,57.69,2.912,34,3478.52,177.34,True,-99597.01000000001
TCS.NS,2022-07-06,2022-08-04,2862.18,2860,3090,2935.73,2952.64,3.16,0.2785,0.899,4,75.73,2.646,26,439.71,22.33,True,-99157.30000000002
INFY.NS,2022-07-06,2022-08-04,1324.58,1325,1420,1356.58,1420.71,7.26,0.2568,0.846,4,31.58,2.384,63,3995.73,200.86,True,-95161.57
ABREL.NS,2022-07-06,2022-08-04,799.9,800,865,823.16,838.95,4.88,0.3781,0.757,4,23.16,2.895,86,1358.03,68.18,True,-93803.54000000001
ABB.NS,2022-07-06,2022-08-04,2467.43,2465,2665,2535.38,2615.8,6.01,0.3452,0.881,5,70.38,2.852,28,2251.81,114.27,True,-91551.73000000001
TCS.NS,2022-07-07,2022-08-05,2885.97,2885,3115,2960.68,2961.53,2.62,0.2792,0.854,4,75.68,2.622,26,22.06,1.12,True,-91529.67000000001
AJMERA.NS,2022-07-07,2022-08-05,55.71,55,60,57.04,52.52,-5.73,0.6652,1.083,4,2.04,3.654,982,-1999.29,-100.0,False,-93528.96000000002
INFY.NS,2022-07-07,2022-08-05,1330.84,1330,1430,1362.85,1435.58,7.87,0.2547,0.842,4,32.85,2.469,60,4028.76,204.38,True,-89500.20000000001
ABCAPITAL.NS,2022-07-07,2022-08-05,93.25,95,100,96.69,105.15,12.76,0.3777,0.692,4,1.69,1.815,1181,3906.09,195.41,True,-85594.11000000002
ICICIBANK.NS,2022-07-07,2022-08-05,719.75,720,775,737.91,813.07,12.96,0.2633,0.833,4,17.91,2.488,111,4117.54,207.18,True,-81476.57
ANANTRAJ.NS,2022-07-07,2022-08-05,58.62,60,65,61.73,72.49,23.66,0.6974,0.952,4,1.73,2.955,1154,3771.37,188.7,True,-77705.20000000001
TITAN.NS,2022-07-07,2022-08-05,2093.07,2095,2260,2155.89,2401.9,14.75,0.4359,0.999,4,60.89,2.909,32,3331.59,170.99,True,-74373.61000000002
ABB.NS,2022-07-07,2022-08-05,2511.99,2510,2715,2581.74,2635.26,4.91,0.3439,0.852,5,71.74,2.856,27,1445.14,74.61,True,-72928.47
HDFCBANK.NS,2022-07-07,2022-08-05,660.69,660,700,673.33,675.48,2.24,0.1946,0.84,5,13.33,2.017,150,322.87,16.15,True,-72605.6
BAJFINANCE.NS,2022-07-07,2022-08-05,573.59,575,620,591.22,714.91,24.64,0.4114,0.877,4,16.22,2.828,123,3539.72,177.41,True,-69065.88
ABREL.NS,2022-07-07,2022-08-05,800.59,800,865,823.32,835.78,4.4,0.3761,0.758,5,23.32,2.913,85,1059.53,53.46,True,-68006.35
HDFCBANK.NS,2022-07-08,2022-08-08,661.3,660,695,672.33,692.05,4.65,0.1794,0.801,3,12.33,1.864,162,3194.55,159.98,True,-64811.80000000002
APOLLO.NS,2022-07-08,2022-08-08,12.9,15,20,15.1,14.08,9.15,0.4248,0.884,3,0.1,0.743,20853,-1999.92,-100.0,False,-66811.72000000003
ABB.NS,2022-07-08,2022-08-08,2538.11,2540,2740,2609.68,2667.51,5.1,0.3413,0.85,4,69.68,2.745,28,1619.22,82.99,True,-65192.50000000003
ANANTRAJ.NS,2022-07-08,2022-08-08,58.27,60,65,61.68,69.9,19.97,0.698,0.992,3,1.68,2.88,1191,3956.28,197.94,True,-61236.22000000003
RELIANCE.NS,2022-07-08,2022-08-08,1083.11,1085,1170,1114.33,1162.71,7.35,0.3402,0.993,3,29.33,2.708,68,3289.64,164.93,True,-57946.580000000016
ICICIBANK.NS,2022-07-08,2022-08-08,733.04,735,790,752.44,816.73,11.42,0.2612,0.831,4,17.44,2.379,114,4281.98,215.39,True,-53664.600000000006
INFY.NS,2022-07-08,2022-08-08,1344.83,1345,1435,1375.2,1438.02,6.93,0.2394,0.803,3,30.2,2.246,66,3946.79,198.01,True,-49717.81
ABREL.NS,2022-07-08,2022-08-08,799.6,800,865,822.86,842.51,5.37,0.3648,0.695,3,22.86,2.859,87,1709.7,85.96,True,-48008.109999999986
AJMERA.NS,2022-07-08,2022-08-08,53.19,55,60,56.6,52.47,-1.35,0.6886,1.14,3,1.6,3.015,1247,-2000.0,-100.0,False,-50008.109999999986
BHARTIARTL.NS,2022-07-08,2022-08-08,679.41,680,730,696.51,691.46,1.77,0.2662,0.74,4,16.51,2.431,121,-611.14,-30.58,False,-50619.25
ABCAPITAL.NS,2022-07-11,2022-08-10,94.7,95,100,96.91,105.6,11.51,0.3326,0.714,3,1.91,2.021,1044,3221.42,161.19,True,-47397.82999999999
HDFCBANK.NS,2022-07-11,2022-08-10,665.59,665,695,675.82,694.06,4.28,0.1637,0.784,3,10.82,1.626,184,3355.51,168.54,True,-44042.31999999998
RELIANCE.NS,2022-07-11,2022-08-10,1097.83,1100,1185,1129.5,1169.66,6.54,0.3436,0.992,3,29.5,2.687,67,2690.99,136.17,True,-41351.32999999999
ICICIBANK.NS,2022-07-11,2022-08-10,746.43,745,790,760.3,828.24,10.96,0.1959,0.841,3,15.3,2.05,130,3861.04,194.12,True,-37490.28999999998
ABREL.NS,2022-07-12,2022-08-11,803.42,805,870,826.34,839.25,4.46,0.3058,0.668,4,21.34,2.656,93,1200.18,60.47,True,-36290.109999999986
ABCAPITAL.NS,2022-07-12,2022-08-11,93.2,95,100,96.62,108.8,16.74,0.3372,0.711,4,1.62,1.735,1236,4180.87,209.13,True,-32109.23999999999
ANANDRATHI.NS,2022-07-13,2022-08-12,156.38,155,170,160.07,162.96,4.21,0.2901,0.948,4,5.07,3.24,394,1138.97,57.06,True,-30970.26999999999
ANGELONE.NS,2022-07-13,2022-08-12,121.08,120,130,124.01,119.16,-1.59,0.5376,0.62,4,4.01,3.314,498,-1998.23,-100.0,False,-32968.5
RELIANCE.NS,2022-07-14,2022-08-16,1085.71,1085,1175,1116.3,1200.82,10.6,0.3455,0.961,3,31.3,2.883,63,3697.95,187.52,True,-29270.550000000003
BAJFINANCE.NS,2022-07-15,2022-08-17,578.92,580,625,594.34,736.68,27.25,0.2684,0.811,4,14.34,2.478,139,4261.31,213.74,True,-25009.240000000005
RELIANCE.NS,2022-07-15,2022-08-17,1087.82,1090,1175,1119.34,1207.09,10.96,0.3416,0.702,4,29.34,2.697,68,3785.06,189.73,True,-21224.180000000008
BHARTIARTL.NS,2022-07-15,2022-08-17,637.04,635,690,653.55,709.72,11.41,0.3021,0.953,3,18.55,2.912,107,3899.93,196.46,True,-17324.250000000015
AJMERA.NS,2022-07-18,2022-08-18,50.48,50,55,51.96,50.38,-0.19,0.6474,1.214,3,1.96,3.875,1022,-1608.5,-80.47,False,-18932.750000000015
BAJFINANCE.NS,2022-07-18,2022-08-18,593.07,595,640,609.42,732.88,23.57,0.277,0.851,4,14.42,2.431,138,4220.21,212.09,True,-14712.540000000008
ABCAPITAL.NS,2022-07-18,2022-08-18,95.2,95,105,97.88,112.5,18.17,0.2737,0.791,4,2.88,3.024,694,4942.34,247.41,True,-9770.200000000012
BHARTIARTL.NS,2022-07-18,2022-08-18,648.04,650,700,666.57,719.79,11.07,0.307,0.956,4,16.57,2.557,120,4011.59,201.75,True,-5758.610000000015
INFY.NS,2022-07-18,2022-08-18,1323.03,1325,1420,1356.11,1405.66,6.25,0.2581,0.931,3,31.11,2.351,64,3171.06,159.28,True,-2587.5500000000175
TITAN.NS,2022-07-18,2022-08-18,2209.03,2210,2385,2272.48,2447.22,10.78,0.3722,0.9,4,62.48,2.828,32,3600.75,180.11,True,1013.1999999999825
APOLLO.NS,2022-07-18,2022-08-18,13.36,15,20,15.09,13.59,1.75,0.3372,1.062,4,0.09,0.639,23438,-1999.93,-100.0,False,-986.7300000000105
BAJFINANCE.NS,2022-07-19,2022-08-19,593.68,595,640,609.58,714.62,20.37,0.2752,0.843,4,14.58,2.456,137,4167.12,208.58,True,3180.389999999985
INFY.NS,2022-07-19,2022-08-19,1317.92,1320,1410,1349.53,1418.22,7.61,0.2449,0.885,4,29.53,2.241,67,4051.18,204.73,True,7231.569999999978
TITAN.NS,2022-07-19,2022-08-19,2212.73,2215,2390,2274.55,2409.6,8.9,0.3201,0.888,4,59.55,2.691,33,3809.96,193.89,True,11041.529999999984
ANANTRAJ.NS,2022-07-19,2022-08-19,62.59,65,70,66.41,65.18,4.13,0.4742,0.935,4,1.41,2.246,1422,-1743.02,-87.18,False,9298.50999999998
ABB.NS,2022-07-19,2022-08-19,2539.88,2540,2745,2608.67,2831.47,11.48,0.3028,0.903,3,68.67,2.704,29,3953.51,198.52,True,13252.019999999975
BHARTIARTL.NS,2022-07-19,2022-08-19,657.67,660,710,676.49,718.9,9.31,0.3028,0.987,4,16.49,2.507,121,4054.7,203.21,True,17306.719999999972
APOLLO.NS,2022-07-19,2022-08-19,13.33,15,20,15.06,13.51,1.35,0.3099,1.061,3,0.06,0.458,32777,-1999.97,-100.0,False,15306.74999999997
RELIANCE.NS,2022-07-19,2022-08-19,1103.81,1105,1190,1134.59,1187.72,7.6,0.3343,0.655,3,29.59,2.681,67,3559.59,179.52,True,18866.339999999967
AJMERA.NS,2022-07-19,2022-08-19,51.98,50,55,52.26,50.52,-2.8,0.6496,1.293,3,2.26,4.346,885,-1539.34,-77.0,False,17326.99999999997
ABCAPITAL.NS,2022-07-19,2022-08-19,95.55,95,100,97.02,111.45,16.64,0.2497,0.78,4,2.02,2.115,989,2945.99,147.37,True,20272.989999999976
ICICIBANK.NS,2022-07-19,2022-08-19,757.25,755,805,772.02,849.37,12.17,0.2131,0.948,4,17.02,2.248,117,3858.52,193.75,True,24131.50999999998
ANANTRAJ.NS,2022-07-20,2022-08-22,70.2,70,75,72.01,63.99,-8.85,0.5898,1.137,4,2.01,2.869,993,-1999.74,-100.0,False,22131.769999999975
ICICIBANK.NS,2022-07-20,2022-08-22,759.62,760,805,774.91,831.66,9.48,0.2007,0.932,3,14.91,1.963,134,4032.05,201.81,True,26163.819999999978
ABB.NS,2022-07-20,2022-08-22,2547.38,2545,2750,2614.3,2813.04,10.43,0.2995,0.774,4,69.3,2.721,28,3799.52,195.8,True,29963.339999999982
AJMERA.NS,2022-07-20,2022-08-22,51.76,50,55,52.22,49.58,-4.22,0.6494,1.105,3,2.22,4.281,902,-1998.61,-100.0,False,27964.72999999998
HDFCBANK.NS,2022-07-20,2022-08-22,646.13,645,675,655.77,695.97,7.71,0.1585,0.863,5,10.77,1.667,185,3557.21,178.5,True,31521.939999999988
TITAN.NS,2022-07-20,2022-08-22,2242.35,2240,2420,2301.38,2386.89,6.45,0.3054,0.845,4,61.38,2.737,32,2736.48,139.32,True,34258.419999999984
ABCAPITAL.NS,2022-07-20,2022-08-22,96.0,95,105,98.07,109.65,14.22,0.2407,0.71,4,3.07,3.2,650,4502.99,225.49,True,38761.40999999998
RELIANCE.NS,2022-07-20,2022-08-22,1133.65,1135,1225,1165.9,1184.43,4.48,0.333,0.718,4,30.9,2.726,64,1185.77,59.96,True,39947.17999999998
ANGELONE.NS,2022-07-20,2022-08-22,124.02,125,135,128.3,120.16,-3.11,0.3689,0.692,5,3.3,2.658,606,-1997.62,-100.0,False,37949.559999999976
APOLLO.NS,2022-07-20,2022-08-22,13.57,15,20,15.09,13.04,-3.96,0.3055,0.859,4,0.09,0.657,22441,-1999.97,-100.0,False,35949.589999999975
ABCAPITAL.NS,2022-07-21,2022-08-23,100.0,100,110,102.89,110.7,10.7,0.2744,0.802,5,2.89,2.885,693,4930.35,246.56,True,40879.93999999997
ICICIBANK.NS,2022-07-21,2022-08-23,762.44,760,805,775.82,843.03,10.57,0.1961,0.888,3,15.82,2.075,126,3677.03,184.5,True,44556.96999999997
ANGELONE.NS,2022-07-21,2022-08-23,129.01,130,140,133.39,118.84,-7.88,0.3818,0.728,4,3.39,2.626,590,-1998.64,-100.0,False,42558.32999999997
HDFCBANK.NS,2022-07-21,2022-08-23,644.1,645,675,655.05,693.82,7.72,0.159,0.822,4,10.05,1.56,199,3970.47,198.57,True,46528.799999999974
BAJFINANCE.NS,2022-07-21,2022-08-23,613.34,615,660,629.69,705.42,15.01,0.2746,0.799,5,14.69,2.396,136,4121.65,206.25,True,50650.449999999975
ABB.NS,2022-07-21,2022-08-23,2718.15,2720,2935,2795.48,2811.62,3.44,0.3515,0.939,4,75.48,2.777,26,419.71,21.39,True,51070.159999999974
AJMERA.NS,2022-07-21,2022-08-23,51.71,50,55,52.21,50.43,-2.48,0.6499,0.928,3,2.21,4.266,906,-1607.91,-80.46,False,49462.24999999997
TITAN.NS,2022-07-21,2022-08-23,2259.53,2260,2440,2320.7,2448.7,8.37,0.3054,0.673,3,60.7,2.686,32,3817.59,196.54,True,53279.83999999997
RELIANCE.NS,2022-07-21,2022-08-23,1126.09,1125,1215,1156.4,1202.69,6.8,0.3284,0.696,4,31.4,2.788,63,2916.67,147.45,True,56196.509999999966
APOLLO.NS,2022-07-21,2022-08-23,13.92,15,20,15.16,13.29,-4.58,0.3119,0.858,5,0.16,1.165,12324,-1999.85,-100.0,False,54196.65999999997
APARINDS.NS,2022-07-21,2022-08-23,950.23,950,1025,978.75,1305.97,37.44,0.5226,1.007,3,28.75,3.026,69,3191.14,160.86,True,57387.79999999997
ABREL.NS,2022-07-21,2022-08-23,775.9,775,825,792.19,840.58,8.34,0.2311,0.634,4,17.19,2.216,116,3805.82,190.85,True,61193.619999999966
ANANTRAJ.NS,2022-07-21,2022-08-23,70.8,70,75,72.11,71.84,1.47,0.5636,1.154,4,2.11,2.977,948,-251.7,-12.6,False,60941.91999999997
APOLLO.NS,2022-07-22,2022-08-24,13.55,15,20,15.1,13.53,-0.18,0.3173,0.874,5,0.1,0.715,20636,-1999.96,-100.0,False,58941.95999999997
ANGELONE.NS,2022-07-22,2022-08-24,134.69,135,145,138.63,117.52,-12.74,0.3935,0.801,5,3.63,2.698,550,-1998.56,-100.0,False,56943.39999999997
ANANTRAJ.NS,2022-07-22,2022-08-24,72.74,75,80,76.65,74.23,2.05,0.5646,1.234,3,1.65,2.267,1213,-1999.8,-100.0,False,54943.59999999997
ABCAPITAL.NS,2022-07-22,2022-08-24,103.7,105,110,106.72,111.0,7.04,0.2943,0.883,5,1.72,1.654,1166,3830.3,191.54,True,58773.89999999997
ICICIBANK.NS,2022-07-22,2022-08-24,776.06,775,820,790.39,852.2,9.81,0.1939,0.914,3,15.39,1.983,129,3820.12,192.46,True,62594.019999999975
ABREL.NS,2022-07-22,2022-08-24,805.44,805,860,823.2,840.93,4.41,0.2298,0.71,5,18.2,2.26,109,1932.48,97.41,True,64526.49999999998
ABB.NS,2022-07-22,2022-08-24,2643.3,2645,2855,2719.88,3000.18,13.5,0.3747,0.995,3,74.88,2.833,26,3512.99,180.43,True,68039.48999999998
INFY.NS,2022-07-22,2022-08-24,1337.59,1340,1435,1371.19,1365.3,2.07,0.2594,1.006,3,31.19,2.332,64,-377.13,-18.89,False,67662.35999999997
BAJFINANCE.NS,2022-07-22,2022-08-24,612.5,610,660,626.82,702.4,14.68,0.2675,0.801,4,16.82,2.746,118,3915.53,197.31,True,71577.88999999997
ANANTRAJ.NS,2022-07-25,2022-08-25,76.86,75,85,78.87,80.44,4.66,0.5765,1.309,3,3.87,5.035,516,811.87,40.65,True,72389.75999999998
ANGELONE.NS,2022-07-25,2022-08-25,131.4,130,140,133.99,122.53,-6.75,0.3723,0.818,3,3.99,3.04,500,-1997.37,-100.0,False,70392.38999999997
ABB.NS,2022-07-27,2022-08-29,2674.42,2675,2890,2751.97,3133.5,17.17,0.3809,1.082,3,76.97,2.878,25,3450.76,179.33,True,73843.14999999997
BAJFINANCE.NS,2022-07-27,2022-08-29,626.01,625,670,640.39,681.6,8.88,0.259,0.911,4,15.39,2.458,129,3820.24,192.48,True,77663.38999999997
APARINDS.NS,2022-07-27,2022-08-29,1011.96,1010,1095,1042.87,1294.73,27.94,0.5823,1.111,3,32.87,3.249,60,3127.59,158.57,True,80790.97999999997
ICICIBANK.NS,2022-07-28,2022-08-30,790.18,790,830,804.04,865.86,9.58,0.1849,0.954,3,14.04,1.777,142,3686.48,184.92,True,84477.45999999996
APARINDS.NS,2022-07-28,2022-08-30,1034.11,1035,1115,1066.0,1304.7,26.17,0.5798,1.199,3,31.0,2.997,64,3136.23,158.09,True,87613.68999999997
BAJFINANCE.NS,2022-07-28,2022-08-30,692.59,695,750,714.53,715.06,3.25,0.407,1.188,4,19.53,2.82,102,54.15,2.72,True,87667.83999999997
INFY.NS,2022-07-28,2022-08-30,1347.45,1345,1455,1382.4,1325.74,-1.61,0.3012,1.108,4,37.4,2.776,53,-1982.46,-100.0,False,85685.37999999998
APOLLO.NS,2022-07-28,2022-08-30,14.09,15,20,15.31,14.98,6.29,0.3866,1.051,4,0.31,2.2,6450,-1999.69,-100.0,False,83685.68999999997
HDFCBANK.NS,2022-07-28,2022-08-30,670.65,670,705,681.99,703.43,4.89,0.1714,0.846,4,11.99,1.787,166,3559.51,178.89,True,87245.19999999997
APOLLO.NS,2022-07-29,2022-09-01,14.36,15,20,15.4,14.93,3.92,0.3864,1.139,4,0.4,2.817,4942,-1999.71,-100.0,False,85245.48999999996
BAJFINANCE.NS,2022-07-29,2022-09-01,705.56,705,760,725.25,702.84,-0.39,0.3965,1.219,4,20.25,2.87,98,-1984.53,-100.0,False,83260.95999999996
ICICIBANK.NS,2022-07-29,2022-09-01,794.06,795,835,808.57,853.23,7.45,0.1798,0.966,3,13.57,1.709,147,3885.42,194.8,True,87146.37999999998
APARINDS.NS,2022-07-29,2022-09-01,1084.54,1085,1170,1117.92,1276.7,17.72,0.5799,1.175,4,32.92,3.036,60,3124.51,158.16,True,90270.88999999997
RELIANCE.NS,2022-07-29,2022-09-01,1136.57,1135,1205,1159.06,1163.43,2.36,0.2144,0.774,4,24.06,2.117,83,362.93,18.17,True,90633.81999999998
INFY.NS,2022-07-29,2022-09-01,1376.13,1375,1485,1412.54,1300.21,-5.52,0.307,1.116,4,37.54,2.728,53,-1989.64,-100.0,False,88644.17999999996
ABREL.NS,2022-07-29,2022-09-01,831.03,830,885,848.85,850.04,2.29,0.2365,0.889,4,18.85,2.268,106,126.09,6.31,True,88770.26999999997
HDFCBANK.NS,2022-07-29,2022-09-01,678.86,680,715,691.5,696.83,2.65,0.1747,0.877,5,11.5,1.695,173,920.61,46.25,True,89690.87999999998
INFY.NS,2022-08-01,2022-09-02,1377.33,1375,1490,1413.89,1290.26,-6.32,0.3067,1.024,3,38.89,2.824,51,-1983.36,-100.0,False,87707.51999999997
RELIANCE.NS,2022-08-01,2022-09-02,1166.2,1165,1245,1191.63,1149.85,-1.4,0.2303,0.84,4,26.63,2.283,75,-1997.17,-100.0,False,85710.34999999998
BHARTIARTL.NS,2022-08-01,2022-09-02,681.74,680,735,698.73,721.55,5.84,0.2898,0.814,5,18.73,2.748,106,2418.71,121.8,True,88129.05999999997
ABREL.NS,2022-08-01,2022-09-02,834.84,835,890,853.49,842.42,0.91,0.2366,0.929,4,18.49,2.215,108,-1196.5,-59.9,False,86932.55999999997
APOLLO.NS,2022-08-01,2022-09-02,14.17,15,20,15.35,14.77,4.18,0.3943,1.097,3,0.35,2.453,5752,-1999.8,-100.0,False,84932.75999999998
ABB.NS,2022-08-01,2022-09-02,2691.58,2690,2905,2766.56,3302.56,22.7,0.3589,1.17,3,76.56,2.844,26,3599.43,180.82,True,88532.18999999997
TITAN.NS,2022-08-01,2022-09-02,2346.07,2345,2520,2402.82,2579.42,9.95,0.258,0.69,4,57.82,2.465,34,3984.07,202.66,True,92516.25999999998
ABCAPITAL.NS,2022-08-01,2022-09-02,107.8,110,115,111.53,114.7,6.4,0.2754,0.932,4,1.53,1.416,1310,4157.47,207.92,True,96673.72999999997
APARINDS.NS,2022-08-01,2022-09-02,1184.74,1185,1280,1221.95,1263.66,6.66,0.6272,1.226,4,36.95,3.119,54,2251.87,112.85,True,98925.59999999998
ABCAPITAL.NS,2022-08-02,2022-09-05,107.45,105,115,108.99,115.4,7.4,0.275,0.942,3,3.99,3.711,501,3012.13,150.77,True,101937.72999999997
TITAN.NS,2022-08-02,2022-09-05,2354.66,2355,2525,2411.23,2593.98,10.16,0.2538,0.698,4,56.23,2.388,35,3982.0,202.34,True,105919.72999999997
ABREL.NS,2022-08-02,2022-09-05,844.59,845,900,863.22,875.13,3.62,0.2264,0.959,4,18.22,2.157,109,1298.29,65.38,True,107218.01999999997
APARINDS.NS,2022-08-02,2022-09-05,1183.96,1185,1280,1221.83,1192.61,0.73,0.6283,1.255,3,36.83,3.111,54,-1577.85,-79.34,False,105640.16999999997
ICICIBANK.NS,2022-08-02,2022-09-05,793.23,795,835,808.16,861.13,8.56,0.1754,0.858,4,13.16,1.659,151,4052.75,203.94,True,109692.91999999997
ANANTRAJ.NS,2022-08-02,2022-09-05,76.12,75,80,77.18,94.86,24.62,0.5759,1.552,3,2.18,2.859,919,2595.04,129.75,True,112287.95999999998
BHARTIARTL.NS,2022-08-02,2022-09-05,674.23,675,730,692.89,726.85,7.8,0.2928,0.841,4,17.89,2.653,111,3770.3,189.9,True,116058.25999999998
ABB.NS,2022-08-02,2022-09-05,2705.21,2705,2920,2781.29,3224.43,19.19,0.3583,1.179,3,76.29,2.82,26,3606.4,181.81,True,119664.65999999997
RELIANCE.NS,2022-08-02,2022-09-05,1170.63,1170,1250,1196.45,1167.71,-0.25,0.2296,0.838,4,26.45,2.26,75,-1983.84,-100.0,False,117680.81999999998
TCS.NS,2022-08-03,2022-09-06,2939.04,2940,3175,3016.44,2752.07,-6.36,0.278,0.79,3,76.44,2.601,26,-1987.37,-100.0,False,115693.44999999998
RELIANCE.NS,2022-08-03,2022-09-06,1180.46,1180,1255,1205.46,1180.0,-0.04,0.2259,0.748,3,25.46,2.157,78,-1985.68,-100.0,False,113707.76999999997
ANANTRAJ.NS,2022-08-03,2022-09-06,75.47,75,80,77.08,92.48,22.53,0.5725,1.423,3,2.08,2.75,963,2816.18,140.89,True,116523.94999999998
TITAN.NS,2022-08-03,2022-09-06,2385.71,2385,2550,2440.18,2598.23,8.91,0.2433,0.721,4,55.18,2.313,36,3953.44,199.01,True,120477.38999999997
ABREL.NS,2022-08-03,2022-09-06,837.27,835,890,853.89,872.36,4.19,0.2198,0.983,3,18.89,2.256,105,1939.67,97.82,True,122417.05999999997
ICICIBANK.NS,2022-08-03,2022-09-06,800.07,800,840,813.84,862.3,7.78,0.1754,0.903,3,13.84,1.73,144,3766.59,188.95,True,126183.64999999998
BHARTIARTL.NS,2022-08-03,2022-09-06,680.47,680,735,698.31,747.32,9.82,0.2904,0.832,3,18.31,2.691,109,3998.85,200.33,True,130182.49999999997
BHARTIARTL.NS,2022-08-04,2022-09-07,681.6,680,735,698.64,739.32,8.47,0.2878,0.886,4,18.64,2.735,107,3890.28,195.03,True,134072.77999999997
BHARTIARTL.NS,2022-08-05,2022-09-08,690.78,690,745,708.49,755.72,9.4,0.2885,0.951,3,18.49,2.677,108,3942.7,197.4,True,138015.47999999998
ANANDRATHI.NS,2022-08-05,2022-09-08,161.51,160,170,163.5,159.2,-1.43,0.1388,0.823,4,3.5,2.164,572,-1999.2,-100.0,False,136016.27999999997
ABB.NS,2022-08-05,2022-09-08,2635.26,2635,2845,2706.92,3252.9,23.44,0.3172,1.001,3,71.92,2.729,27,3728.25,192.0,True,139744.52999999997
HDFCBANK.NS,2022-08-08,2022-09-09,692.05,690,730,703.93,709.35,2.5,0.187,0.936,3,13.93,2.013,143,773.89,38.84,True,140518.41999999998
ABB.NS,2022-08-08,2022-09-09,2667.51,2670,2880,2741.55,3249.37,21.81,0.3185,1.049,3,71.55,2.682,27,3738.17,193.5,True,144256.58999999997
ICICIBANK.NS,2022-08-08,2022-09-09,816.73,815,855,829.34,879.48,7.68,0.1672,0.932,3,14.34,1.756,139,3566.47,178.9,True,147823.05999999997
ABB.NS,2022-08-10,2022-09-12,2715.84,2715,2935,2788.94,3264.03,20.18,0.3035,1.049,4,73.94,2.723,27,3943.52,197.52,True,151766.57999999996
ICICIBANK.NS,2022-08-10,2022-09-12,828.24,830,865,842.03,885.28,6.89,0.1576,0.965,4,12.03,1.452,166,3813.7,191.04,True,155580.27999999997
APOLLO.NS,2022-08-10,2022-09-12,14.31,15,20,15.35,16.26,13.59,0.3654,1.2,4,0.35,2.471,5655,5105.45,255.28,True,160685.72999999998
HDFCBANK.NS,2022-08-10,2022-09-12,694.06,695,730,706.86,706.96,1.86,0.1814,0.966,4,11.86,1.709,168,15.6,0.78,True,160701.32999999996
ABB.NS,2022-08-11,2022-09-13,2743.19,2745,2965,2818.47,3292.7,20.03,0.3039,1.063,3,73.47,2.678,27,3956.27,199.44,True,164657.59999999998
BHARTIARTL.NS,2022-08-11,2022-09-13,696.81,695,735,708.81,769.9,10.49,0.1838,0.957,3,13.81,1.982,144,3770.94,189.58,True,168428.53999999998
HDFCBANK.NS,2022-08-11,2022-09-13,703.24,705,735,715.08,716.21,1.84,0.1534,0.975,4,10.08,1.433,198,224.19,11.24,True,168652.72999999998
ABCAPITAL.NS,2022-08-11,2022-09-13,108.8,110,115,111.73,117.55,8.04,0.2732,1.086,4,1.73,1.589,1156,3781.13,189.16,True,172433.86
TCS.NS,2022-08-11,2022-09-13,3012.09,3010,3180,3068.43,2842.1,-5.64,0.1965,0.785,4,58.43,1.94,34,-1986.71,-100.0,False,170447.14999999997
ICICIBANK.NS,2022-08-11,2022-09-13,838.93,840,875,852.1,888.01,5.85,0.1493,1.015,4,12.1,1.443,165,3777.73,189.15,True,174224.87999999995
BAJFINANCE.NS,2022-08-12,2022-09-14,715.37,715,775,736.5,732.41,2.38,0.3952,0.874,4,21.5,3.006,93,-380.7,-19.04,False,173844.17999999996
ABB.NS,2022-08-12,2022-09-14,2742.16,2740,2960,2814.73,3223.89,17.57,0.3043,1.056,3,74.73,2.725,26,3777.09,194.4,True,177621.26999999996
ICICIBANK.NS,2022-08-12,2022-09-14,853.28,855,890,867.01,895.92,5.0,0.1503,1.028,3,12.01,1.408,166,3816.0,191.37,True,181437.26999999996
RELIANCE.NS,2022-08-12,2022-09-14,1192.53,1195,1270,1219.68,1176.14,-1.38,0.2276,0.838,4,24.68,2.069,81,-1998.97,-100.0,False,179438.29999999996
ABCAPITAL.NS,2022-08-12,2022-09-14,110.85,110,120,113.33,117.95,6.41,0.2631,1.146,4,3.33,3.005,600,2771.24,138.65,True,182209.53999999998
APARINDS.NS,2022-08-16,2022-09-15,1211.91,1210,1310,1248.84,1228.91,1.4,0.5947,1.062,3,38.84,3.205,51,-1016.12,-51.3,False,181193.41999999998
RELIANCE.NS,2022-08-16,2022-09-15,1200.82,1200,1280,1226.75,1164.48,-3.03,0.2275,0.807,4,26.75,2.227,74,-1979.35,-100.0,False,179214.06999999995
ABB.NS,2022-08-16,2022-09-15,2840.93,2840,3070,2918.91,3232.02,13.77,0.3232,1.062,3,78.91,2.777,25,3777.34,191.48,True,182991.40999999997
ABCAPITAL.NS,2022-08-16,2022-09-15,113.5,115,120,116.69,120.1,5.81,0.2677,1.149,4,1.69,1.488,1184,3920.69,196.1,True,186912.09999999998
TITAN.NS,2022-08-16,2022-09-15,2462.18,2460,2555,2494.51,2622.41,6.51,0.1316,0.858,4,34.51,1.402,57,3448.03,175.3,True,190360.12999999995
RELIANCE.NS,2022-08-17,2022-09-16,1207.09,1205,1285,1232.24,1135.63,-5.92,0.2272,0.729,3,27.24,2.256,73,-1988.34,-100.0,False,188371.78999999998
ABREL.NS,2022-08-17,2022-09-16,859.19,860,920,879.92,871.62,1.45,0.2535,0.908,4,19.92,2.318,100,-830.37,-41.69,False,187541.41999999998
BHARTIARTL.NS,2022-08-17,2022-09-16,709.72,710,750,723.46,765.39,7.84,0.1952,0.906,4,13.46,1.897,148,3927.72,197.15,True,191469.13999999996
BAJFINANCE.NS,2022-08-17,2022-09-16,736.68,735,795,757.14,711.92,-3.36,0.4032,0.948,4,22.14,3.005,90,-1992.35,-100.0,False,189476.78999999998
ABREL.NS,2022-08-18,2022-09-19,859.54,860,920,879.94,872.85,1.55,0.2502,0.891,4,19.94,2.32,100,-708.82,-35.54,False,188767.96999999997
BHARTIARTL.NS,2022-08-18,2022-09-19,719.79,720,760,733.56,768.43,6.76,0.1948,0.879,5,13.56,1.884,147,3886.41,194.95,True,192654.37999999995
INFY.NS,2022-08-18,2022-09-19,1405.66,1405,1510,1439.73,1234.58,-12.17,0.2591,0.827,4,34.73,2.471,57,-1979.45,-100.0,False,190674.92999999996
ANGELONE.NS,2022-08-18,2022-09-19,123.7,125,135,128.4,146.09,18.1,0.4397,0.839,4,3.4,2.752,587,3872.0,193.79,True,194546.92999999996
BAJFINANCE.NS,2022-08-18,2022-09-19,732.88,735,790,754.96,733.65,0.1,0.4058,0.932,3,19.96,2.724,100,-1996.14,-100.0,False,192550.78999999998
BHARTIARTL.NS,2022-08-19,2022-09-20,718.9,720,760,733.23,777.66,8.17,0.1938,0.906,4,13.23,1.84,151,4042.47,202.37,True,196593.25999999995
BHARTIARTL.NS,2022-08-22,2022-09-21,714.29,715,755,728.37,765.93,7.23,0.1958,0.872,3,13.37,1.872,149,3967.96,199.19,True,200561.21999999997
INFY.NS,2022-08-22,2022-09-21,1399.17,1400,1500,1433.11,1222.99,-12.59,0.2556,0.775,4,33.11,2.366,60,-1986.59,-100.0,False,198574.62999999998
ABREL.NS,2022-08-23,2022-09-22,840.58,840,900,859.72,871.27,3.65,0.2377,0.931,3,19.72,2.346,101,1166.72,58.58,True,199741.34999999998
TITAN.NS,2022-08-23,2022-09-22,2448.7,2450,2565,2489.46,2702.83,10.38,0.163,0.91,4,39.46,1.612,50,3776.87,191.41,True,203518.21999999997
BHARTIARTL.NS,2022-08-23,2022-09-22,724.1,725,765,738.46,769.75,6.3,0.1985,0.887,4,13.46,1.859,148,3927.36,197.09,True,207445.57999999996
ANANDRATHI.NS,2022-08-24,2022-09-23,158.07,160,165,161.52,160.59,1.6,0.1561,0.813,5,1.52,0.96,1318,-1220.2,-61.02,False,206225.37999999998
ICICIBANK.NS,2022-08-24,2022-09-23,852.2,850,895,865.99,860.94,1.02,0.1771,1.119,3,15.99,1.876,125,-631.88,-31.61,False,205593.49999999997
RELIANCE.NS,2022-08-24,2022-09-23,1199.49,1200,1265,1221.8,1108.5,-7.59,0.1839,0.688,4,21.8,1.817,91,-1983.65,-100.0,False,203609.84999999998
TITAN.NS,2022-08-24,2022-09-23,2429.45,2430,2545,2469.95,2638.51,8.61,0.1677,0.934,3,39.95,1.644,50,3752.4,187.84,True,207362.24999999997
ICICIBANK.NS,2022-08-25,2022-09-26,851.27,850,895,865.56,840.25,-1.3,0.1743,1.109,3,15.56,1.828,128,-1992.31,-100.0,False,205369.93999999997
TITAN.NS,2022-08-26,2022-09-27,2500.73,2500,2625,2543.3,2567.32,2.66,0.1737,0.966,4,43.3,1.732,46,1104.89,55.47,True,206474.82999999996
ABCAPITAL.NS,2022-08-26,2022-09-27,116.1,115,125,118.41,108.35,-6.68,0.2422,0.997,3,3.41,2.936,586,-1997.42,-100.0,False,204477.40999999997
HDFCBANK.NS,2022-08-26,2022-09-27,693.49,695,725,705.03,669.23,-3.5,0.1512,0.923,3,10.03,1.447,199,-1996.42,-100.0,False,202480.99
ABB.NS,2022-08-26,2022-09-27,3108.21,3110,3355,3192.44,2973.03,-4.35,0.3032,1.087,3,82.44,2.652,24,-1978.52,-100.0,False,200502.46999999997
APOLLO.NS,2022-08-26,2022-09-27,13.96,15,20,15.18,15.42,10.42,0.3187,0.97,3,0.18,1.291,11092,2636.13,131.82,True,203138.59999999998
ANANDRATHI.NS,2022-08-26,2022-09-27,157.7,160,165,161.41,160.57,1.82,0.1525,0.693,4,1.41,0.894,1417,-1195.1,-59.8,False,201943.49999999997
ANGELONE.NS,2022-08-26,2022-09-27,123.87,125,135,128.2,126.5,2.13,0.3513,0.782,5,3.2,2.582,625,-1060.39,-53.05,False,200883.11
RELIANCE.NS,2022-08-26,2022-09-27,1189.61,1190,1255,1211.91,1088.85,-8.47,0.1876,0.731,4,21.91,1.842,91,-1993.6,-100.0,False,198889.50999999995
ABREL.NS,2022-08-26,2022-09-27,846.23,845,900,863.79,801.04,-5.34,0.2263,1.028,3,18.79,2.22,106,-1991.78,-100.0,False,196897.72999999998
APOLLO.NS,2022-08-29,2022-09-28,15.17,15,20,15.86,15.83,4.34,0.4311,1.11,4,0.86,5.698,2313,-74.95,-3.75,False,196822.77999999997
ANANDRATHI.NS,2022-08-29,2022-09-28,157.89,160,165,161.45,160.22,1.48,0.1524,0.718,4,1.45,0.921,1375,-1702.59,-85.19,False,195120.18999999997
ANGELONE.NS,2022-08-29,2022-09-28,120.03,120,130,123.5,121.57,1.28,0.3624,0.842,4,3.5,2.919,570,-1104.04,-55.28,False,194016.14999999997
RELIANCE.NS,2022-08-29,2022-09-28,1180.36,1180,1245,1202.07,1059.86,-10.21,0.187,0.769,5,22.07,1.869,90,-1985.86,-100.0,False,192030.28999999998
ICICIBANK.NS,2022-08-29,2022-09-28,835.17,835,880,850.35,828.98,-0.74,0.185,1.093,3,15.35,1.838,130,-1995.32,-100.0,False,190034.96999999997
HDFCBANK.NS,2022-08-29,2022-09-28,681.32,680,715,692.15,657.73,-3.46,0.1643,1.027,3,12.15,1.784,164,-1993.22,-100.0,False,188041.74999999997
ABREL.NS,2022-08-29,2022-09-28,834.5,835,890,853.26,817.03,-2.09,0.2323,1.066,3,18.26,2.188,109,-1989.9,-100.0,False,186051.84999999998
APOLLO.NS,2022-08-30,2022-09-29,14.98,15,20,15.76,17.87,19.32,0.431,1.09,4,0.76,5.066,2635,5572.57,278.7,True,191624.41999999998
HDFCBANK.NS,2022-08-30,2022-09-29,703.43,705,745,717.94,654.32,-6.98,0.1946,1.121,3,12.94,1.84,154,-1993.52,-100.0,False,189630.89999999997
ICICIBANK.NS,2022-08-30,2022-09-29,865.86,865,920,883.67,823.51,-4.89,0.2197,1.237,3,18.67,2.156,107,-1997.7,-100.0,False,187633.19999999998
ANANDRATHI.NS,2022-08-30,2022-09-29,159.28,160,165,161.82,160.15,0.55,0.1547,0.718,4,1.82,1.14,1101,-1828.42,-91.48,False,185804.77999999997
BHARTIARTL.NS,2022-09-01,2022-09-30,721.6,720,760,733.73,785.27,8.82,0.1752,1.138,4,13.73,1.903,145,3808.51,191.24,True,189613.28999999998
ANGELONE.NS,2022-09-01,2022-09-30,122.32,120,130,124.18,126.57,3.47,0.3671,0.874,4,4.18,3.42,478,1139.23,56.97,True,190752.51999999996
HDFCBANK.NS,2022-09-01,2022-09-30,696.83,695,735,709.12,672.78,-3.45,0.1969,1.14,4,14.12,2.026,141,-1990.91,-100.0,False,188761.61
ABREL.NS,2022-09-01,2022-09-30,850.04,850,900,867.18,802.47,-5.6,0.2148,1.017,3,17.18,2.021,116,-1993.03,-100.0,False,186768.57999999996
AJMERA.NS,2022-09-02,2022-10-03,54.46,55,60,56.44,49.75,-8.64,0.3204,0.912,3,1.44,2.642,1390,-1999.82,-100.0,False,184768.75999999995
ANANTRAJ.NS,2022-09-05,2022-10-04,94.86,95,100,97.07,101.08,6.55,0.7458,1.663,4,2.07,2.187,964,2820.06,141.01,True,187588.81999999995
ICICIBANK.NS,2022-09-05,2022-10-04,861.13,860,920,879.85,846.69,-1.68,0.2286,1.294,3,19.85,2.306,100,-1985.47,-100.0,False,185603.34999999998
ANANDRATHI.NS,2022-09-05,2022-10-04,159.61,160,165,161.86,161.29,1.06,0.142,0.781,4,1.86,1.165,1075,-607.14,-30.37,False,184996.20999999996
ABREL.NS,2022-09-05,2022-10-04,875.13,875,940,896.19,797.97,-8.82,0.2502,1.023,4,21.19,2.421,94,-1991.58,-100.0,False,183004.62999999995
AJMERA.NS,2022-09-05,2022-10-04,55.43,55,60,56.77,53.39,-3.69,0.323,0.939,4,1.77,3.199,1127,-1998.57,-100.0,False,181006.05999999994
BHARTIARTL.NS,2022-09-05,2022-10-04,726.85,725,760,737.76,793.9,9.22,0.1671,1.159,3,12.76,1.755,156,3469.93,174.36,True,184475.98999999993
HDFCBANK.NS,2022-09-06,2022-10-06,704.97,705,745,718.5,680.19,-3.51,0.1951,1.149,3,13.5,1.915,148,-1998.0,-100.0,False,182477.98999999993
ANGELONE.NS,2022-09-06,2022-10-06,128.89,130,140,133.17,143.15,11.06,0.324,0.967,4,3.17,2.457,631,4311.72,215.77,True,186789.70999999996
ICICIBANK.NS,2022-09-06,2022-10-06,862.3,860,920,880.21,864.06,0.2,0.2262,1.248,3,20.21,2.344,98,-1583.34,-79.93,False,185206.36999999994
BHARTIARTL.NS,2022-09-06,2022-10-06,747.32,745,790,760.43,774.17,3.59,0.1881,1.247,4,15.43,2.065,129,1772.74,89.06,True,186979.10999999996
AJMERA.NS,2022-09-06,2022-10-06,54.98,55,60,56.48,54.25,-1.32,0.2627,0.965,3,1.48,2.7,1347,-1999.78,-100.0,False,184979.32999999996
ABREL.NS,2022-09-06,2022-10-06,872.36,870,935,891.95,817.22,-6.32,0.2509,1.057,4,21.95,2.517,91,-1997.81,-100.0,False,182981.51999999996
ANANTRAJ.NS,2022-09-06,2022-10-06,92.48,90,100,94.17,103.26,11.67,0.7441,1.75,3,4.17,4.51,479,2792.2,139.76,True,185773.71999999997
ABCAPITAL.NS,2022-09-06,2022-10-06,114.9,115,125,117.87,115.55,0.57,0.2358,1.1,3,2.87,2.498,696,-1614.56,-80.83,False,184159.15999999997
BHARTIARTL.NS,2022-09-07,2022-10-07,739.32,740,780,753.52,778.59,5.31,0.1926,1.486,4,13.52,1.829,147,3684.61,185.34,True,187843.76999999996
ANGELONE.NS,2022-09-07,2022-10-07,138.15,140,150,143.33,141.89,2.71,0.3959,1.112,4,3.33,2.408,601,-860.35,-43.04,False,186983.41999999995
ABREL.NS,2022-09-08,2022-10-10,915.96,915,990,940.13,821.88,-10.27,0.297,1.203,3,25.13,2.743,79,-1984.89,-100.0,False,184998.52999999997
ANGELONE.NS,2022-09-08,2022-10-10,148.2,150,160,153.56,149.68,1.0,0.4536,1.249,4,3.56,2.403,561,-1997.56,-100.0,False,183000.96999999997
APOLLO.NS,2022-09-08,2022-10-10,15.9,15,20,16.33,18.68,17.52,0.4439,1.291,4,1.33,8.365,1503,3535.67,176.9,True,186536.63999999996
ANGELONE.NS,2022-09-09,2022-10-11,147.06,145,160,150.72,145.7,-0.93,0.4459,1.23,3,5.72,3.893,349,-1753.67,-87.77,False,184782.96999999997
ABREL.NS,2022-09-09,2022-10-11,897.35,895,970,920.7,808.12,-9.94,0.3096,1.249,3,25.7,2.864,77,-1978.69,-100.0,False,182804.27999999997
APOLLO.NS,2022-09-09,2022-10-11,15.95,15,20,16.37,17.67,10.79,0.4424,1.304,3,1.37,8.557,1465,1917.65,95.89,True,184721.92999999993
TITAN.NS,2022-09-12,2022-10-12,2627.35,2625,2780,2677.85,2588.06,-1.5,0.202,1.021,3,52.85,2.012,37,-1955.51,-100.0,False,182766.41999999995
ICICIBANK.NS,2022-09-12,2022-10-12,885.28,885,945,904.83,847.37,-4.28,0.2291,1.168,3,19.83,2.24,100,-1983.42,-100.0,False,180782.99999999994
BAJFINANCE.NS,2022-09-12,2022-10-12,713.17,715,770,733.05,707.23,-0.83,0.2939,0.96,3,18.05,2.531,110,-1985.21,-100.0,False,178797.78999999995
ABCAPITAL.NS,2022-09-12,2022-10-12,118.85,120,125,121.71,111.9,-5.85,0.2296,1.054,4,1.71,1.436,1171,-1998.76,-100.0,False,176799.02999999997
ABB.NS,2022-09-12,2022-10-12,3264.03,3265,3525,3355.22,3183.55,-2.47,0.3359,1.112,3,90.22,2.764,22,-1984.74,-100.0,False,174814.28999999995
AJMERA.NS,2022-09-13,2022-10-13,54.53,55,60,56.26,50.45,-7.47,0.2482,0.951,4,1.26,2.319,1581,-1999.05,-100.0,False,172815.23999999993
INFY.NS,2022-09-13,2022-10-13,1371.91,1370,1470,1403.4,1260.87,-8.09,0.2486,0.899,3,33.4,2.435,59,-1970.72,-100.0,False,170844.51999999996
ABB.NS,2022-09-13,2022-10-13,3292.7,3295,3555,3385.01,3201.54,-2.77,0.3342,1.065,3,90.01,2.734,22,-1980.23,-100.0,False,168864.28999999995
ANANDRATHI.NS,2022-09-13,2022-10-13,160.92,160,170,163.23,165.24,2.68,0.1433,0.857,5,3.23,2.006,619,1244.07,62.27,True,170108.35999999996
ABCAPITAL.NS,2022-09-13,2022-10-13,117.55,120,125,121.42,110.2,-6.25,0.2294,0.942,3,1.42,1.205,1412,-1999.74,-100.0,False,168108.61999999994
TITAN.NS,2022-09-13,2022-10-13,2671.19,2670,2830,2724.15,2565.64,-3.95,0.2064,0.975,4,54.15,2.027,36,-1949.52,-100.0,False,166159.09999999995
BAJFINANCE.NS,2022-09-13,2022-10-13,724.58,725,785,744.67,699.93,-3.4,0.2993,0.935,4,19.67,2.714,101,-1986.42,-100.0,False,164172.67999999993
ANANTRAJ.NS,2022-09-14,2022-10-14,91.63,90,100,94.0,100.63,9.82,0.7296,1.276,3,4.0,4.369,499,2992.27,149.78,True,167164.94999999995
HDFCBANK.NS,2022-09-14,2022-10-14,723.57,725,760,736.9,681.13,-5.86,0.1797,0.959,4,11.9,1.645,168,-1999.68,-100.0,False,165165.26999999996
ANANDRATHI.NS,2022-09-14,2022-10-14,160.94,160,170,163.23,168.54,4.72,0.1426,0.825,4,3.23,2.009,618,3277.33,163.98,True,168442.59999999995
BAJFINANCE.NS,2022-09-14,2022-10-14,732.41,730,790,750.72,711.76,-2.82,0.301,0.89,5,20.72,2.829,96,-1988.79,-100.0,False,166453.80999999994
ICICIBANK.NS,2022-09-14,2022-10-14,895.92,895,955,915.0,849.23,-5.21,0.2239,0.989,4,20.0,2.233,99,-1980.23,-100.0,False,164473.57999999996
BHARTIARTL.NS,2022-09-14,2022-10-14,769.02,770,815,784.77,751.94,-2.22,0.1998,1.313,3,14.77,1.92,135,-1993.51,-100.0,False,162480.06999999995
APOLLO.NS,2022-09-15,2022-10-17,16.12,15,20,16.46,23.38,45.06,0.4235,1.128,3,1.46,9.056,1370,4850.45,242.58,True,167330.51999999996
ABCAPITAL.NS,2022-09-15,2022-10-17,120.1,120,130,122.94,110.4,-8.08,0.221,1.098,3,2.94,2.444,681,-1998.94,-100.0,False,165331.57999999996
ANANDRATHI.NS,2022-09-16,2022-10-18,161.25,160,170,163.38,171.8,6.55,0.142,0.851,4,3.38,2.097,591,3911.5,195.72,True,169243.07999999996
BAJFINANCE.NS,2022-09-19,2022-10-19,733.65,735,790,753.38,722.32,-1.54,0.2918,1.06,4,18.38,2.505,108,-1985.16,-100.0,False,167257.91999999993
APOLLO.NS,2022-09-19,2022-10-19,16.83,15,20,17.01,22.8,35.44,0.5252,1.295,4,2.01,11.953,994,2970.28,148.53,True,170228.19999999995
BAJFINANCE.NS,2022-09-20,2022-10-20,747.28,745,805,765.3,727.41,-2.66,0.2765,1.092,4,20.3,2.716,98,-1988.98,-100.0,False,168239.21999999994
AJMERA.NS,2022-09-20,2022-10-20,54.99,55,60,56.57,48.83,-11.2,0.2966,0.967,3,1.57,2.853,1274,-1998.78,-100.0,False,166240.43999999994
HDFCBANK.NS,2022-09-20,2022-10-20,719.81,720,760,733.28,685.77,-4.73,0.1834,1.074,3,13.28,1.845,150,-1991.61,-100.0,False,164248.82999999996
APOLLO.NS,2022-09-20,2022-10-20,17.54,20,25,20.28,21.67,23.56,0.5051,1.299,4,0.28,1.589,7177,10000.04,500.05,True,174248.86999999994
ANGELONE.NS,2022-09-20,2022-10-20,145.59,145,155,148.97,150.88,3.63,0.427,1.361,3,3.97,2.724,504,963.96,48.23,True,175212.82999999996
TCS.NS,2022-09-20,2022-10-20,2675.72,2675,2870,2739.59,2785.88,4.12,0.2538,0.976,3,64.59,2.414,30,1388.89,71.68,True,176601.71999999994
ABCAPITAL.NS,2022-09-21,2022-10-21,117.35,115,125,119.0,111.3,-5.16,0.2606,1.201,3,4.0,3.408,500,-1999.47,-100.0,False,174602.24999999994
TITAN.NS,2022-09-21,2022-10-21,2632.78,2635,2795,2688.36,2631.79,-0.04,0.2144,1.172,3,53.36,2.027,37,-1974.15,-100.0,False,172628.09999999995
APOLLO.NS,2022-09-21,2022-10-21,16.9,15,20,17.06,22.11,30.8,0.5372,1.337,3,2.06,12.185,971,2855.43,142.8,True,175483.52999999994
RELIANCE.NS,2022-09-21,2022-10-21,1140.42,1140,1205,1161.86,1123.08,-1.52,0.1902,0.894,4,21.86,1.917,91,-1989.08,-100.0,False,173494.44999999995
ICICIBANK.NS,2022-09-21,2022-10-21,893.14,895,945,911.85,885.23,-0.88,0.2109,1.037,3,16.85,1.886,118,-1988.0,-100.0,False,171506.44999999995
ANANDRATHI.NS,2022-09-22,2022-10-24,160.64,160,165,162.1,171.88,7.0,0.1127,0.891,5,2.1,1.304,954,2770.92,138.61,True,174277.36999999994
TITAN.NS,2022-09-22,2022-10-24,2702.83,2705,2875,2761.74,2649.81,-1.96,0.2241,1.244,4,56.74,2.099,35,-1985.84,-100.0,False,172291.52999999994
RELIANCE.NS,2022-09-22,2022-10-24,1129.67,1130,1190,1150.66,1126.83,-0.25,0.1917,0.924,3,20.66,1.829,96,-1983.45,-100.0,False,170308.07999999996
TCS.NS,2022-09-22,2022-10-24,2646.77,2645,2835,2708.3,2789.77,5.4,0.249,1.015,3,63.3,2.392,31,2525.4,128.69,True,172833.47999999992
RELIANCE.NS,2022-09-23,2022-10-25,1108.5,1110,1170,1130.39,1109.43,0.08,0.1999,0.943,3,20.39,1.839,98,-1997.99,-100.0,False,170835.48999999993
BAJFINANCE.NS,2022-09-23,2022-10-25,734.73,735,795,754.48,695.16,-5.38,0.2845,1.163,4,19.48,2.651,102,-1986.86,-100.0,False,168848.62999999995
ANANDRATHI.NS,2022-09-23,2022-10-25,160.59,160,165,162.07,171.05,6.51,0.1113,0.798,5,2.07,1.292,964,2820.46,141.06,True,171669.08999999994
TITAN.NS,2022-09-23,2022-10-25,2638.51,2640,2825,2701.07,2636.38,-0.08,0.2473,1.28,3,61.07,2.315,32,-1954.36,-100.0,False,169714.72999999992
TCS.NS,2022-09-23,2022-10-25,2624.46,2625,2810,2686.3,2790.12,6.31,0.248,0.983,3,61.3,2.336,32,3322.08,169.34,True,173036.80999999994
TCS.NS,2022-09-26,2022-10-27,2635.33,2635,2825,2697.69,2785.97,5.72,0.249,1.054,3,62.69,2.379,31,2736.85,140.84,True,175773.65999999995
ANANDRATHI.NS,2022-09-27,2022-10-28,160.57,160,165,162.08,174.87,8.91,0.1157,0.728,4,2.08,1.294,962,2811.31,140.66,True,178584.96999999994
ANANDRATHI.NS,2022-09-28,2022-10-31,160.22,160,165,161.94,176.58,10.22,0.1122,0.781,5,1.94,1.212,1030,3150.27,157.53,True,181735.23999999993
APOLLO.NS,2022-09-28,2022-10-31,15.83,15,20,16.4,21.22,34.05,0.5487,1.402,3,1.4,8.821,1432,5160.13,258.02,True,186895.36999999994
BHARTIARTL.NS,2022-09-28,2022-10-31,747.52,750,790,763.28,816.78,9.27,0.2034,0.893,4,13.28,1.777,150,4008.04,201.21,True,190903.40999999995
TCS.NS,2022-09-28,2022-10-31,2671.63,2670,2835,2725.94,2817.52,5.46,0.2145,1.012,3,55.94,2.094,35,3205.05,163.69,True,194108.45999999996
TCS.NS,2022-09-29,2022-11-01,2637.88,2640,2790,2690.48,2876.24,9.04,0.2016,1.065,3,50.48,1.914,39,3881.1,197.12,True,197989.55999999994
INFY.NS,2022-09-29,2022-11-01,1242.0,1240,1340,1273.41,1412.08,13.69,0.2823,0.952,3,33.41,2.69,59,3928.91,199.33,True,201918.46999999997
APOLLO.NS,2022-09-29,2022-11-01,17.87,20,25,20.61,20.99,17.45,0.6902,1.577,4,0.61,3.402,3288,1265.97,63.31,True,203184.43999999994
BHARTIARTL.NS,2022-09-29,2022-11-01,750.66,750,795,765.19,820.26,9.27,0.2007,0.911,3,15.19,2.023,131,3905.31,196.28,True,207089.74999999994
BHARTIARTL.NS,2022-09-30,2022-11-02,785.27,785,840,803.52,795.03,1.24,0.252,1.087,3,18.52,2.359,107,-908.5,-45.84,False,206181.24999999994
APARINDS.NS,2022-09-30,2022-11-02,1268.0,1270,1370,1307.38,1383.02,9.07,0.4793,1.04,3,37.38,2.948,53,3318.87,167.52,True,209500.11999999994
ABCAPITAL.NS,2022-09-30,2022-11-02,111.8,110,120,113.84,117.95,5.5,0.3036,1.051,3,3.84,3.431,521,2143.53,107.26,True,211643.64999999997
BAJFINANCE.NS,2022-09-30,2022-11-02,717.95,720,775,737.68,700.38,-2.45,0.2788,1.197,4,17.68,2.463,113,-1997.97,-100.0,False,209645.67999999993
INFY.NS,2022-09-30,2022-11-02,1255.14,1255,1355,1288.06,1394.4,11.1,0.2851,0.877,4,33.06,2.634,60,4016.27,202.46,True,213661.94999999995
APOLLO.NS,2022-09-30,2022-11-02,18.02,20,25,20.64,21.49,19.25,0.6863,1.574,4,0.64,3.576,3103,2630.64,131.53,True,216292.58999999997
BHARTIARTL.NS,2022-10-03,2022-11-03,788.65,790,845,808.03,803.67,1.9,0.2517,1.101,3,18.03,2.286,110,-478.87,-24.15,False,215813.71999999997
APOLLO.NS,2022-10-03,2022-11-03,18.11,20,25,20.64,22.57,24.58,0.6641,1.418,3,0.64,3.541,3118,5999.13,299.98,True,221812.84999999998
TCS.NS,2022-10-04,2022-11-04,2720.47,2720,2910,2783.04,2838.91,4.35,0.2421,1.082,3,63.04,2.317,31,1732.12,88.64,True,223544.96999999997
APARINDS.NS,2022-10-04,2022-11-04,1402.86,1405,1515,1447.33,1430.61,1.98,0.5789,1.073,4,42.33,3.017,47,-785.61,-39.49,False,222759.35999999996
APARINDS.NS,2022-10-06,2022-11-07,1439.17,1440,1555,1484.32,1386.44,-3.66,0.5804,1.127,4,44.32,3.08,45,-1994.55,-100.0,False,220764.80999999994
APOLLO.NS,2022-10-06,2022-11-07,18.93,20,25,20.91,22.76,20.2,0.6689,1.396,3,0.91,4.787,2206,4078.51,204.01,True,224843.31999999995
INFY.NS,2022-10-06,2022-11-07,1292.17,1290,1395,1326.06,1353.24,4.73,0.3104,0.946,3,36.06,2.79,55,1495.03,75.39,True,226338.34999999995
TCS.NS,2022-10-06,2022-11-07,2729.98,2730,2920,2792.86,2853.3,4.52,0.2409,1.072,3,62.86,2.302,31,1873.58,96.15,True,228211.92999999993
RELIANCE.NS,2022-10-07,2022-11-09,1105.25,1105,1175,1128.59,1183.25,7.06,0.2221,1.17,3,23.59,2.135,84,3898.18,196.7,True,232110.10999999996
INFY.NS,2022-10-07,2022-11-09,1288.66,1290,1390,1323.83,1356.61,5.27,0.3069,0.938,3,33.83,2.625,59,1934.02,96.91,True,234044.12999999995
TCS.NS,2022-10-10,2022-11-10,2744.59,2745,2935,2808.25,2828.55,3.06,0.2448,1.174,3,63.25,2.304,31,629.25,32.09,True,234673.37999999995
TCS.NS,2022-10-11,2022-11-11,2701.46,2700,2895,2764.51,2925.87,8.31,0.2472,1.158,4,64.51,2.388,31,4045.13,202.27,True,238718.50999999995
APOLLO.NS,2022-10-12,2022-11-14,19.86,20,25,21.36,23.8,19.88,0.8016,1.58,4,1.36,6.842,1472,3598.77,179.97,True,242317.27999999994
APOLLO.NS,2022-10-13,2022-11-15,21.58,20,25,21.99,24.31,12.68,0.8408,1.675,4,1.99,9.208,1006,2339.5,117.05,True,244656.77999999994
BHARTIARTL.NS,2022-10-13,2022-11-15,754.83,755,805,771.85,819.97,8.63,0.2403,1.067,3,16.85,2.233,118,3911.2,196.66,True,248567.97999999995
ANGELONE.NS,2022-10-14,2022-11-16,153.29,155,165,158.8,143.51,-6.38,0.6118,1.187,4,3.8,2.482,525,-1997.44,-100.0,False,246570.53999999995
APOLLO.NS,2022-10-14,2022-11-16,23.61,25,30,26.22,23.42,-0.8,0.8817,1.655,4,1.22,5.177,1635,-1998.84,-100.0,False,244571.69999999995
INFY.NS,2022-10-14,2022-11-16,1309.13,1310,1410,1342.71,1438.84,9.91,0.2696,1.142,4,32.71,2.498,61,4104.84,205.74,True,248676.53999999995
TCS.NS,2022-10-14,2022-11-16,2727.51,2730,2900,2786.47,2960.64,8.55,0.2197,1.159,3,56.47,2.07,35,3973.7,201.07,True,252650.23999999996
INFY.NS,2022-10-17,2022-11-17,1323.07,1325,1410,1352.74,1425.01,7.7,0.2229,1.075,3,27.74,2.097,72,4122.57,206.39,True,256772.80999999997
RELIANCE.NS,2022-10-17,2022-11-17,1094.53,1095,1165,1118.1,1181.0,7.9,0.2185,0.948,4,23.1,2.111,86,4033.36,203.02,True,260806.16999999995
ANANDRATHI.NS,2022-10-17,2022-11-17,170.75,170,180,173.22,172.44,0.99,0.1409,1.291,3,3.22,1.889,620,-485.49,-24.28,False,260320.67999999996
INFY.NS,2022-10-18,2022-11-18,1335.28,1335,1420,1363.61,1430.4,7.12,0.2228,1.062,3,28.61,2.142,69,3891.08,197.13,True,264211.75999999995
ANANDRATHI.NS,2022-10-18,2022-11-18,171.8,170,180,173.73,171.68,-0.07,0.1382,1.341,3,3.73,2.169,536,-1094.75,-54.81,False,263117.00999999995
RELIANCE.NS,2022-10-18,2022-11-18,1113.84,1115,1185,1138.46,1180.36,5.97,0.2289,0.944,3,23.46,2.106,85,3561.73,178.63,True,266678.74
APARINDS.NS,2022-10-18,2022-11-18,1466.58,1465,1585,1511.61,1494.67,1.92,0.6,1.166,4,46.61,3.178,42,-711.19,-36.33,False,265967.54999999993
BHARTIARTL.NS,2022-10-18,2022-11-18,768.82,770,825,787.88,821.98,6.91,0.2525,0.919,3,17.88,2.326,111,3785.02,190.7,True,269752.56999999995
TCS.NS,2022-10-18,2022-11-18,2774.77,2775,2925,2826.17,2950.14,6.32,0.1889,1.138,3,51.17,1.844,39,3854.39,193.14,True,273606.95999999996
ABCAPITAL.NS,2022-10-18,2022-11-18,112.05,110,120,113.96,125.0,11.56,0.3209,0.906,3,3.96,3.537,504,3042.71,152.34,True,276649.6699999999
ABB.NS,2022-10-18,2022-11-18,3148.35,3150,3400,3236.06,3031.75,-3.7,0.3283,1.043,3,86.06,2.734,23,-1979.4,-100.0,False,274670.26999999996
TCS.NS,2022-10-19,2022-11-21,2754.6,2755,2905,2806.19,2897.24,5.18,0.1916,1.041,3,51.19,1.858,39,3550.85,177.86,True,278221.12
APARINDS.NS,2022-10-19,2022-11-21,1497.9,1500,1620,1545.97,1485.68,-0.82,0.5761,0.996,3,45.97,3.069,43,-1976.62,-100.0,False,276244.5
TITAN.NS,2022-10-19,2022-11-21,2610.96,2610,2820,2680.72,2540.67,-2.69,0.3018,0.923,3,70.72,2.709,28,-1980.23,-100.0,False,274264.26999999996
ANGELONE.NS,2022-10-19,2022-11-21,149.65,150,160,153.97,138.79,-7.26,0.6147,1.012,3,3.97,2.655,503,-1998.6,-100.0,False,272265.6699999999
BHARTIARTL.NS,2022-10-19,2022-11-21,769.07,770,825,787.86,835.63,8.65,0.2486,0.904,3,17.86,2.322,111,4122.7,207.98,True,276388.37
RELIANCE.NS,2022-10-19,2022-11-21,1133.22,1135,1210,1159.7,1159.12,2.29,0.2379,1.019,4,24.7,2.18,80,-46.53,-2.35,False,276341.83999999997
ABB.NS,2022-10-19,2022-11-21,3174.53,3175,3430,3262.79,3022.24,-4.8,0.3291,0.977,3,87.79,2.766,22,-1931.48,-100.0,False,274410.36
ANANTRAJ.NS,2022-10-20,2022-11-22,107.94,110,115,111.96,101.18,-6.26,0.8023,0.992,3,1.96,1.812,1022,-1998.56,-100.0,False,272411.79999999993
ABCAPITAL.NS,2022-10-20,2022-11-22,111.4,110,120,113.71,125.7,12.84,0.3121,0.821,3,3.71,3.329,539,3390.94,169.63,True,275802.74
BHARTIARTL.NS,2022-10-20,2022-11-22,778.39,780,835,797.67,832.09,6.9,0.2461,0.827,3,17.67,2.27,113,3889.67,194.8,True,279692.41
BHARTIARTL.NS,2022-10-21,2022-11-23,782.86,785,840,802.55,827.82,5.74,0.2463,0.83,3,17.55,2.242,113,2855.72,144.0,True,282548.13
TITAN.NS,2022-10-21,2022-11-23,2631.79,2630,2840,2700.22,2568.71,-2.4,0.2892,0.796,3,70.22,2.668,28,-1966.09,-100.0,False,280582.04
TITAN.NS,2022-10-24,2022-11-24,2649.81,2650,2860,2718.77,2577.05,-2.75,0.2775,0.741,4,68.77,2.595,29,-1994.29,-100.0,False,278587.75
BHARTIARTL.NS,2022-10-24,2022-11-24,787.42,785,840,803.93,832.83,5.77,0.2381,0.805,3,18.93,2.404,105,3034.29,152.65,True,281622.04
ABCAPITAL.NS,2022-10-25,2022-11-25,115.9,115,125,118.41,135.3,16.74,0.263,0.863,5,3.41,2.946,585,3852.67,192.89,True,285474.70999999996
APOLLO.NS,2022-10-25,2022-11-25,22.9,25,30,25.95,24.69,7.8,0.7822,1.741,3,0.95,4.147,2106,-1999.87,-100.0,False,283474.83999999997
ANGELONE.NS,2022-10-25,2022-11-25,150.4,150,160,154.04,143.6,-4.52,0.5248,0.785,4,4.04,2.687,494,-1996.72,-100.0,False,281478.12
ANGELONE.NS,2022-10-27,2022-11-28,151.5,150,165,155.74,147.41,-2.7,0.5174,0.796,4,5.74,3.791,348,-1998.83,-100.0,False,279479.29000000004
ABCAPITAL.NS,2022-10-27,2022-11-28,117.35,115,125,119.01,137.05,16.79,0.2647,0.884,4,4.01,3.415,499,2990.06,149.51,True,282469.35
INFY.NS,2022-10-27,2022-11-28,1368.05,1370,1455,1398.17,1457.33,6.53,0.2224,0.838,4,28.17,2.059,71,4035.23,201.78,True,286504.58
APARINDS.NS,2022-10-27,2022-11-28,1504.93,1505,1625,1551.15,1467.16,-2.51,0.553,0.872,4,46.15,3.067,43,-1984.45,-100.0,False,284520.13
RELIANCE.NS,2022-10-28,2022-11-29,1147.87,1150,1215,1171.88,1232.41,7.36,0.211,1.126,4,21.88,1.906,91,3923.9,197.07,True,288444.03
TITAN.NS,2022-10-28,2022-11-29,2701.64,2700,2910,2769.07,2580.55,-4.48,0.2673,0.769,4,69.07,2.557,28,-1934.02,-100.0,False,286510.01
BHARTIARTL.NS,2022-10-28,2022-11-29,801.9,800,855,818.64,820.56,2.33,0.2283,0.775,4,18.64,2.324,107,205.67,10.31,True,286715.68000000005
ANGELONE.NS,2022-10-28,2022-11-29,152.72,155,165,158.57,147.97,-3.11,0.4843,0.789,3,3.57,2.336,560,-1997.61,-100.0,False,284718.07000000007
INFY.NS,2022-10-28,2022-11-29,1358.45,1360,1445,1388.37,1462.4,7.65,0.226,0.831,4,28.37,2.088,70,3964.05,199.6,True,288682.12
ANANDRATHI.NS,2022-10-28,2022-11-29,174.87,175,180,177.02,172.59,-1.31,0.1509,1.522,3,2.02,1.155,990,-1999.08,-100.0,False,286683.04000000004
TITAN.NS,2022-10-31,2022-11-30,2726.43,2725,2925,2791.52,2619.3,-3.93,0.2564,0.75,4,66.52,2.44,30,-1995.5,-100.0,False,284687.54000000004
HDFCBANK.NS,2022-10-31,2022-11-30,708.45,710,755,724.8,761.34,7.47,0.2312,0.907,3,14.8,2.089,135,4077.28,204.1,True,288764.82000000007
APARINDS.NS,2022-10-31,2022-11-30,1468.63,1470,1585,1514.47,1434.38,-2.33,0.5858,1.036,3,44.47,3.028,44,-1956.9,-100.0,False,286807.92000000004
ANANDRATHI.NS,2022-10-31,2022-11-30,176.58,175,185,178.74,172.5,-2.31,0.151,1.212,3,3.74,2.117,534,-1996.54,-100.0,False,284811.38
BHARTIARTL.NS,2022-10-31,2022-11-30,816.78,815,870,833.9,833.22,2.01,0.2343,0.78,4,18.9,2.314,105,-71.65,-3.61,False,284739.73000000004
BAJFINANCE.NS,2022-10-31,2022-11-30,699.19,700,755,718.17,657.78,-5.92,0.2923,0.881,4,18.17,2.598,110,-1998.47,-100.0,False,282741.26
TCS.NS,2022-10-31,2022-11-30,2817.52,2820,2960,2867.93,2991.91,6.19,0.1783,0.706,4,47.93,1.701,41,3774.93,192.1,True,286516.19000000006
RELIANCE.NS,2022-10-31,2022-11-30,1158.53,1160,1230,1183.06,1241.11,7.13,0.2101,1.098,3,23.06,1.991,86,4036.48,203.5,True,290552.67000000004
ABB.NS,2022-10-31,2022-11-30,2989.69,2990,3230,3074.89,2941.61,-1.61,0.3612,0.86,4,84.89,2.839,23,-1952.51,-100.0,False,288600.16000000003
RELIANCE.NS,2022-11-01,2022-12-01,1149.55,1150,1215,1172.16,1237.46,7.65,0.2035,1.113,3,22.16,1.928,90,3855.21,193.26,True,292455.37
BAJFINANCE.NS,2022-11-01,2022-12-01,705.6,705,760,723.18,660.4,-6.4,0.2698,0.852,4,18.18,2.577,109,-1982.0,-100.0,False,290473.37
TCS.NS,2022-11-01,2022-12-01,2876.24,2875,3030,2928.42,3066.78,6.62,0.1885,0.719,5,53.42,1.857,37,3758.31,190.13,True,294231.68000000005
ABB.NS,2022-11-01,2022-12-01,3090.07,3090,3335,3177.34,2934.89,-5.02,0.3643,0.908,4,87.34,2.826,22,-1921.47,-100.0,False,292310.21
BHARTIARTL.NS,2022-11-01,2022-12-01,820.26,820,860,834.13,833.07,1.56,0.178,0.828,5,14.13,1.723,141,-148.81,-7.47,False,292161.4
HDFCBANK.NS,2022-11-01,2022-12-01,716.28,715,760,730.45,766.57,7.02,0.2153,0.901,4,15.45,2.157,129,3812.21,191.3,True,295973.61
INFY.NS,2022-11-01,2022-12-01,1412.08,1410,1510,1443.35,1487.58,5.35,0.2371,0.752,4,33.35,2.362,59,2609.77,132.64,True,298583.38
TCS.NS,2022-11-02,2022-12-02,2860.35,2860,3015,2912.91,3034.58,6.09,0.1878,0.727,4,52.91,1.85,37,3777.16,192.92,True,302360.54000000004
ABB.NS,2022-11-02,2022-12-02,3108.41,3110,3355,3195.78,2919.45,-6.08,0.3445,0.881,3,85.78,2.76,23,-1973.04,-100.0,False,300387.5
HDFCBANK.NS,2022-11-02,2022-12-02,716.73,715,760,730.56,760.7,6.14,0.213,0.882,3,15.56,2.17,128,3768.87,189.28,True,304156.37
BAJFINANCE.NS,2022-11-02,2022-12-02,700.38,700,750,716.89,653.36,-6.71,0.2588,0.862,3,16.89,2.412,118,-1993.54,-100.0,False,302162.82999999996
HDFCBANK.NS,2022-11-03,2022-12-05,713.58,715,755,728.08,763.47,6.99,0.1941,0.847,3,13.08,1.833,152,4091.96,205.83,True,306254.79
BAJFINANCE.NS,2022-11-03,2022-12-05,696.99,695,735,709.29,651.86,-6.48,0.202,0.879,3,14.29,2.05,139,-1985.84,-100.0,False,304268.94999999995
RELIANCE.NS,2022-11-03,2022-12-05,1161.05,1160,1225,1182.44,1218.89,4.98,0.1947,0.989,3,22.44,1.933,89,3244.3,162.44,True,307513.25
ABB.NS,2022-11-04,2022-12-06,3156.49,3155,3410,3241.88,2886.12,-8.57,0.3135,0.872,4,86.88,2.752,23,-1998.13,-100.0,False,305515.12
APARINDS.NS,2022-11-04,2022-12-06,1430.61,1430,1545,1472.92,1576.52,10.2,0.4513,1.112,3,42.92,3.0,46,3315.79,167.96,True,308830.91
ABCAPITAL.NS,2022-11-04,2022-12-06,124.15,125,130,126.8,158.45,27.63,0.2252,0.985,4,1.8,1.447,1113,3566.22,178.42,True,312397.13
BAJFINANCE.NS,2022-11-04,2022-12-06,705.84,705,750,719.95,655.59,-7.12,0.2059,0.842,4,14.95,2.119,133,-1988.82,-100.0,False,310408.30999999994
ABB.NS,2022-11-07,2022-12-07,3198.1,3200,3455,3284.4,2910.58,-8.99,0.2933,0.82,3,84.4,2.639,23,-1941.22,-100.0,False,308467.08999999997
APARINDS.NS,2022-11-07,2022-12-07,1386.44,1385,1495,1426.54,1599.77,15.39,0.461,1.131,3,41.54,2.996,48,3286.0,164.79,True,311753.08999999997
ANANTRAJ.NS,2022-11-07,2022-12-07,113.8,115,125,118.45,100.53,-11.66,0.508,0.865,4,3.45,3.035,579,-1999.81,-100.0,False,309753.27999999997
ABCAPITAL.NS,2022-11-07,2022-12-07,128.5,130,140,132.66,159.55,24.16,0.249,1.064,4,2.66,2.069,752,5520.9,276.17,True,315274.17999999993
RELIANCE.NS,2022-11-09,2022-12-08,1183.25,1185,1250,1206.6,1203.81,1.74,0.1927,0.969,3,21.6,1.825,92,-256.84,-12.92,False,315017.33999999997
ANANTRAJ.NS,2022-11-09,2022-12-08,114.75,115,125,118.65,100.63,-12.31,0.4994,0.911,4,3.65,3.181,547,-1996.46,-100.0,False,313020.88
ABCAPITAL.NS,2022-11-09,2022-12-08,130.6,130,140,133.41,160.8,23.12,0.2482,1.082,3,3.41,2.611,586,3861.7,193.25,True,316882.57999999996
AJMERA.NS,2022-11-09,2022-12-08,48.49,50,55,50.87,62.06,27.99,0.2698,0.741,5,0.87,1.796,2296,9480.2,474.06,True,326362.78
ANANTRAJ.NS,2022-11-10,2022-12-09,114.0,115,125,118.49,101.57,-10.9,0.5015,0.921,3,3.49,3.058,573,-1997.82,-100.0,False,324364.95999999996
ANANDRATHI.NS,2022-11-10,2022-12-09,172.38,170,180,174.17,169.47,-1.69,0.1769,1.292,3,4.17,2.419,479,-1997.28,-100.0,False,322367.68
BHARTIARTL.NS,2022-11-10,2022-12-09,810.64,810,855,825.32,819.62,1.11,0.1858,0.982,3,15.32,1.89,130,-740.85,-37.19,False,321626.82999999996
APARINDS.NS,2022-11-10,2022-12-09,1374.33,1375,1485,1415.8,1557.85,13.35,0.4502,1.11,4,40.8,2.969,49,3390.65,169.59,True,325017.48
ANANDRATHI.NS,2022-11-11,2022-12-12,172.87,175,180,176.65,169.28,-2.08,0.1769,1.225,3,1.65,0.955,1211,-1998.43,-100.0,False,323019.05
INFY.NS,2022-11-11,2022-12-12,1409.48,1410,1515,1444.23,1388.92,-1.46,0.2561,1.064,4,34.23,2.428,58,-1985.3,-100.0,False,321033.75
TCS.NS,2022-11-11,2022-12-12,2925.87,2925,3065,2973.79,2899.84,-0.89,0.1663,0.971,4,48.79,1.667,40,-1951.52,-100.0,False,319082.23
APARINDS.NS,2022-11-11,2022-12-12,1464.82,1465,1580,1508.77,1573.29,7.41,0.501,1.231,4,43.77,2.988,45,2903.21,147.38,True,321985.44
HDFCBANK.NS,2022-11-11,2022-12-12,762.62,765,820,782.46,778.05,2.02,0.2541,1.149,4,17.46,2.289,114,-502.52,-25.25,False,321482.92000000004
BHARTIARTL.NS,2022-11-11,2022-12-12,811.77,810,855,825.66,813.24,0.18,0.1829,0.945,3,15.66,1.929,127,-1576.76,-79.29,False,319906.16000000003
ANANTRAJ.NS,2022-11-11,2022-12-12,115.94,115,125,118.92,101.33,-12.61,0.5017,0.901,3,3.92,3.382,509,-1996.17,-100.0,False,317909.99
HDFCBANK.NS,2022-11-14,2022-12-13,764.47,765,820,782.86,780.2,2.06,0.2455,1.201,4,17.86,2.336,112,-296.93,-14.85,False,317613.06
AJMERA.NS,2022-11-14,2022-12-13,54.21,55,60,56.67,61.85,14.09,0.524,1.073,4,1.67,3.082,1196,3981.54,199.23,True,321594.6
INFY.NS,2022-11-14,2022-12-13,1423.13,1425,1525,1457.9,1411.32,-0.83,0.2529,1.077,3,32.9,2.312,60,-1974.0,-100.0,False,319620.6
TCS.NS,2022-11-14,2022-12-13,2943.12,2945,3085,2992.96,2940.12,-0.1,0.1662,1.0,3,47.96,1.63,41,-1966.33,-100.0,False,317654.27
APARINDS.NS,2022-11-15,2022-12-14,1563.42,1565,1690,1612.81,1654.21,5.81,0.5566,1.169,4,47.81,3.058,41,1697.33,86.6,True,319351.6
TITAN.NS,2022-11-15,2022-12-14,2622.91,2625,2750,2667.86,2558.19,-2.47,0.1687,0.905,3,42.86,1.634,46,-1971.73,-100.0,False,317379.87
APOLLO.NS,2022-11-15,2022-12-14,24.31,25,30,25.87,27.83,14.45,0.4203,0.845,4,0.87,3.56,2311,4531.39,226.58,True,321911.26
BHARTIARTL.NS,2022-11-16,2022-12-15,825.81,825,870,840.46,811.23,-1.77,0.1838,0.937,3,15.46,1.872,129,-1994.16,-100.0,False,319917.1
APARINDS.NS,2022-11-16,2022-12-15,1509.18,1510,1630,1556.01,1670.96,10.72,0.5499,1.113,4,46.01,3.049,43,3181.56,160.81,True,323098.66000000003
ANANDRATHI.NS,2022-11-16,2022-12-15,170.71,170,175,172.19,167.68,-1.77,0.1333,0.967,3,2.19,1.285,911,-1998.38,-100.0,False,321100.28
ABB.NS,2022-11-16,2022-12-15,2975.87,2975,3215,3059.99,2872.5,-3.47,0.36,1.124,4,84.99,2.856,23,-1954.81,-100.0,False,319145.47
RELIANCE.NS,2022-11-17,2022-12-16,1181.0,1180,1245,1202.3,1165.8,-1.29,0.1871,0.821,4,22.3,1.888,89,-1984.47,-100.0,False,317161.0
TCS.NS,2022-11-17,2022-12-16,2955.03,2955,3095,3003.61,2859.08,-3.25,0.1652,0.982,3,48.61,1.645,41,-1993.12,-100.0,False,315167.88
BHARTIARTL.NS,2022-11-17,2022-12-16,830.67,830,870,844.2,807.7,-2.77,0.172,0.833,4,14.2,1.709,140,-1987.51,-100.0,False,313180.37
AJMERA.NS,2022-11-17,2022-12-16,56.33,55,60,57.15,59.62,5.84,0.5127,1.39,4,2.15,3.812,931,2305.56,115.33,True,315485.93
ABB.NS,2022-11-17,2022-12-16,3060.71,3060,3305,3147.88,2782.6,-9.09,0.3755,1.196,4,87.88,2.871,22,-1933.45,-100.0,False,313552.48
ABB.NS,2022-11-18,2022-12-19,3031.75,3030,3275,3117.82,2840.19,-6.32,0.3747,1.14,3,87.82,2.897,22,-1932.13,-100.0,False,311620.35
APOLLO.NS,2022-11-18,2022-12-19,23.99,25,30,25.82,27.19,13.31,0.4602,1.007,4,0.82,3.429,2431,3317.54,165.89,True,314937.89
ABCAPITAL.NS,2022-11-18,2022-12-19,125.0,125,135,128.13,154.55,23.64,0.25,1.28,3,3.13,2.506,638,4381.51,219.24,True,319319.4
ANANDRATHI.NS,2022-11-18,2022-12-19,171.68,170,180,173.65,165.71,-3.48,0.1362,0.846,3,3.65,2.128,547,-1998.82,-100.0,False,317320.57999999996
ICICIBANK.NS,2022-11-18,2022-12-19,898.11,900,940,913.62,884.55,-1.51,0.164,0.814,3,13.62,1.517,146,-1989.04,-100.0,False,315331.54
BHARTIARTL.NS,2022-11-21,2022-12-20,835.63,835,880,850.44,813.78,-2.61,0.1827,0.934,3,15.44,1.848,129,-1992.29,-100.0,False,313339.25
APOLLO.NS,2022-11-21,2022-12-20,24.68,25,30,26.02,27.09,9.77,0.423,0.996,4,1.02,4.144,1955,2081.96,104.15,True,315421.20999999996
ICICIBANK.NS,2022-11-21,2022-12-20,899.14,900,940,913.93,887.72,-1.27,0.1627,0.801,4,13.93,1.55,143,-1992.35,-100.0,False,313428.86
BHARTIARTL.NS,2022-11-22,2022-12-21,832.09,830,875,845.98,799.11,-3.96,0.1845,0.946,4,15.98,1.921,125,-1998.11,-100.0,False,311430.75
ANANDRATHI.NS,2022-11-22,2022-12-21,172.67,175,180,176.4,166.1,-3.81,0.1351,0.742,4,1.4,0.81,1430,-1999.57,-100.0,False,309431.17999999993
ABB.NS,2022-11-22,2022-12-21,2999.2,3000,3240,3083.54,2785.05,-7.14,0.3413,1.146,3,83.54,2.785,23,-1921.43,-100.0,False,307509.75
ABCAPITAL.NS,2022-11-23,2022-12-22,129.0,130,140,132.84,147.85,14.61,0.2512,1.079,3,2.84,2.205,703,5030.19,251.53,True,312539.93999999994
ANANDRATHI.NS,2022-11-23,2022-12-22,172.67,175,180,176.39,163.63,-5.24,0.1334,0.697,4,1.39,0.803,1441,-1999.04,-100.0,False,310540.89999999997
HDFCBANK.NS,2022-11-24,2022-12-23,769.25,770,820,786.54,756.23,-1.69,0.2299,1.062,4,16.54,2.151,120,-1985.31,-100.0,False,308555.58999999997
ABCAPITAL.NS,2022-11-24,2022-12-23,128.95,130,140,132.82,143.35,11.17,0.2505,0.964,3,2.82,2.19,708,5081.0,254.18,True,313636.58999999997
ICICIBANK.NS,2022-11-24,2022-12-23,916.17,915,950,927.97,857.67,-6.39,0.1343,0.737,4,12.97,1.416,154,-1997.54,-100.0,False,311639.04999999993
INFY.NS,2022-11-24,2022-12-23,1463.07,1465,1565,1498.05,1343.95,-8.14,0.2474,0.953,4,33.05,2.259,60,-1983.08,-100.0,False,309655.97
APOLLO.NS,2022-11-24,2022-12-23,24.57,25,30,25.93,24.41,-0.63,0.4028,0.891,4,0.93,3.806,2139,-1999.77,-100.0,False,307656.19999999995
ABCAPITAL.NS,2022-11-25,2022-12-26,135.3,135,145,138.53,147.55,9.05,0.2924,1.039,3,3.53,2.61,566,3661.32,183.19,True,311317.52
TCS.NS,2022-11-25,2022-12-26,2990.9,2990,3150,3044.98,2870.24,-4.03,0.1862,0.903,3,54.98,1.838,36,-1979.15,-100.0,False,309338.37
HDFCBANK.NS,2022-11-25,2022-12-26,765.7,765,815,782.06,771.28,0.73,0.2326,0.738,4,17.06,2.228,117,-1261.1,-63.18,False,308077.27
BHARTIARTL.NS,2022-11-25,2022-12-26,831.36,830,875,845.53,796.16,-4.23,0.1779,0.971,3,15.53,1.868,128,-1988.24,-100.0,False,306089.03
INFY.NS,2022-11-25,2022-12-26,1468.33,1470,1570,1503.15,1348.71,-8.15,0.2466,0.814,4,33.15,2.257,60,-1988.83,-100.0,False,304100.2
ANANDRATHI.NS,2022-11-28,2022-12-27,173.05,175,180,176.33,169.9,-1.82,0.1112,0.744,4,1.33,0.767,1507,-1998.96,-100.0,False,302101.24
ABB.NS,2022-11-28,2022-12-27,3042.24,3040,3285,3125.32,2688.64,-11.62,0.3326,0.714,4,85.32,2.805,23,-1962.35,-100.0,False,300138.89
TCS.NS,2022-11-28,2022-12-27,2995.84,2995,3155,3050.0,2876.06,-4.0,0.1863,0.943,4,55.0,1.836,36,-1980.01,-100.0,False,298158.88
AJMERA.NS,2022-11-28,2022-12-27,61.26,60,65,62.15,52.59,-14.16,0.6247,1.281,4,2.15,3.516,928,-1999.06,-100.0,False,296159.82
INFY.NS,2022-11-28,2022-12-27,1457.33,1455,1560,1490.28,1359.88,-6.69,0.2468,0.869,3,35.28,2.421,56,-1975.73,-100.0,False,294184.08999999997
ABCAPITAL.NS,2022-11-28,2022-12-27,137.05,135,150,140.05,148.05,8.03,0.2863,1.019,4,5.05,3.683,396,3168.73,158.51,True,297352.82
INFY.NS,2022-11-29,2022-12-28,1462.4,1460,1565,1495.14,1355.66,-7.3,0.2424,0.877,3,35.14,2.403,56,-1967.84,-100.0,False,295384.98
APOLLO.NS,2022-11-29,2022-12-28,27.2,25,30,27.32,26.63,-2.11,0.3996,0.92,4,2.32,8.519,863,-594.56,-29.73,False,294790.42000000004
ICICIBANK.NS,2022-11-29,2022-12-28,923.88,925,955,935.99,877.23,-5.05,0.1261,0.699,5,10.99,1.189,182,-1999.45,-100.0,False,292790.97
ABCAPITAL.NS,2022-11-29,2022-12-28,144.1,145,155,148.38,147.6,2.43,0.3222,1.179,4,3.38,2.348,590,-462.64,-23.17,False,292328.32999999996
AJMERA.NS,2022-11-29,2022-12-28,63.2,65,70,66.67,62.16,-1.65,0.6251,1.553,4,1.67,2.646,1196,-1999.61,-100.0,False,290328.72
RELIANCE.NS,2022-11-30,2022-12-29,1241.11,1240,1305,1262.8,1155.66,-6.88,0.1861,1.118,3,22.8,1.837,87,-1983.54,-100.0,False,288345.18
APARINDS.NS,2022-11-30,2022-12-29,1434.38,1435,1550,1477.5,1719.73,19.89,0.4418,0.853,4,42.5,2.963,47,3407.5,170.59,True,291752.68
ICICIBANK.NS,2022-11-30,2022-12-29,929.88,930,965,942.38,886.11,-4.71,0.1268,0.736,5,12.38,1.331,161,-1993.24,-100.0,False,289759.44
ABCAPITAL.NS,2022-11-30,2022-12-29,145.35,145,155,148.72,150.15,3.3,0.3222,1.158,3,3.72,2.562,537,765.92,38.3,True,290525.36
ANGELONE.NS,2022-11-30,2022-12-29,149.25,150,160,153.55,124.6,-16.52,0.35,0.885,4,3.55,2.382,562,-1997.77,-100.0,False,288527.59
HDFCBANK.NS,2022-11-30,2022-12-29,761.34,760,810,777.06,776.89,2.04,0.2254,0.698,4,17.06,2.241,117,-19.7,-0.99,False,288507.89
APOLLO.NS,2022-11-30,2022-12-29,27.46,25,30,27.47,27.75,1.05,0.3903,0.922,4,2.47,8.994,809,227.57,11.39,True,288735.46
BHARTIARTL.NS,2022-11-30,2022-12-29,833.22,835,875,848.62,805.73,-3.3,0.1801,0.949,4,13.62,1.634,146,-1987.98,-100.0,False,286747.48
ANGELONE.NS,2022-12-01,2022-12-30,150.43,150,160,153.84,122.54,-18.53,0.3507,0.889,4,3.84,2.556,520,-1999.08,-100.0,False,284748.4
TCS.NS,2022-12-01,2022-12-30,3066.78,3065,3235,3123.04,2873.59,-6.3,0.189,1.017,3,58.04,1.892,34,-1973.27,-100.0,False,282775.13
APARINDS.NS,2022-12-01,2022-12-30,1523.26,1525,1645,1570.13,1752.27,15.03,0.4872,0.878,5,45.13,2.963,44,3294.42,165.92,True,286069.55000000005
APARINDS.NS,2022-12-02,2023-01-02,1540.55,1540,1665,1587.12,1782.66,15.72,0.4869,0.843,4,47.12,3.059,42,3270.88,165.27,True,289340.43000000005
AJMERA.NS,2022-12-02,2023-01-02,65.73,65,70,67.08,59.86,-8.93,0.6192,1.565,3,2.08,3.167,960,-1998.76,-100.0,False,287341.67000000004
ABCAPITAL.NS,2022-12-05,2023-01-03,158.65,160,170,163.49,154.35,-2.71,0.3465,1.376,4,3.49,2.199,573,-1998.74,-100.0,False,285342.93000000005
ANANDRATHI.NS,2022-12-06,2023-01-04,173.1,175,180,175.8,174.97,1.08,0.0635,0.696,3,0.8,0.46,2514,-1999.96,-100.0,False,283342.9700000001
APARINDS.NS,2022-12-06,2023-01-04,1576.52,1575,1705,1623.8,1734.48,10.02,0.4754,0.843,4,48.8,3.096,40,3247.94,166.39,True,286590.91000000003
APARINDS.NS,2022-12-07,2023-01-05,1599.77,1600,1730,1648.53,1800.25,12.53,0.4705,0.846,5,48.53,3.034,41,3340.24,167.87,True,289931.15
APOLLO.NS,2022-12-08,2023-01-06,27.34,25,30,27.41,32.86,20.19,0.3713,1.003,3,2.41,8.801,831,2155.21,107.77,True,292086.36000000004
ABCAPITAL.NS,2022-12-08,2023-01-06,160.8,160,175,165.12,145.3,-9.64,0.3303,1.497,3,5.12,3.185,390,-1997.64,-100.0,False,290088.72000000003
ICICIBANK.NS,2022-12-08,2023-01-06,909.39,910,945,922.57,849.08,-6.63,0.1436,0.885,4,12.57,1.382,159,-1997.96,-100.0,False,288090.76
ICICIBANK.NS,2022-12-09,2023-01-09,907.43,905,945,919.59,852.25,-6.08,0.1426,0.868,4,14.59,1.607,137,-1998.15,-100.0,False,286092.61000000004
RELIANCE.NS,2022-12-12,2023-01-10,1187.38,1185,1250,1207.8,1162.53,-2.09,0.186,0.848,4,22.8,1.92,87,-1983.39,-100.0,False,284109.22000000003
HDFCBANK.NS,2022-12-12,2023-01-10,778.05,780,805,788.57,742.34,-4.59,0.1137,0.741,5,8.57,1.101,233,-1996.59,-100.0,False,282112.63
ICICIBANK.NS,2022-12-12,2023-01-10,907.82,910,940,920.73,840.54,-7.41,0.1326,0.812,3,10.73,1.182,186,-1995.88,-100.0,False,280116.75
ANGELONE.NS,2022-12-12,2023-01-10,138.57,140,150,143.18,119.92,-13.46,0.3196,0.826,4,3.18,2.292,629,-1997.95,-100.0,False,278118.80000000005
ANGELONE.NS,2022-12-13,2023-01-11,143.05,145,155,148.16,119.9,-16.18,0.3371,0.881,5,3.16,2.212,631,-1996.96,-100.0,False,276121.84
HDFCBANK.NS,2022-12-13,2023-01-11,780.2,780,805,789.33,753.04,-3.48,0.1138,0.722,4,9.33,1.196,214,-1996.45,-100.0,False,274125.39
APOLLO.NS,2022-12-13,2023-01-11,27.66,30,35,30.54,32.29,16.77,0.4312,1.092,4,0.54,1.943,3721,6534.06,326.78,True,280659.45
INFY.NS,2022-12-13,2023-01-11,1411.32,1410,1500,1440.42,1320.74,-6.42,0.2186,1.118,4,30.42,2.155,65,-1977.11,-100.0,False,278682.34
RELIANCE.NS,2022-12-13,2023-01-11,1192.79,1195,1255,1215.34,1147.87,-3.77,0.1859,0.835,4,20.34,1.706,98,-1993.65,-100.0,False,276688.69000000006
ICICIBANK.NS,2022-12-13,2023-01-11,910.41,910,940,921.21,845.37,-7.14,0.1173,0.773,3,11.21,1.231,178,-1995.0,-100.0,False,274693.69000000006
APARINDS.NS,2022-12-13,2023-01-11,1672.33,1670,1805,1719.86,1782.12,6.57,0.414,0.944,4,49.86,2.981,40,2490.74,124.9,True,277184.43000000005
RELIANCE.NS,2022-12-14,2023-01-12,1188.47,1190,1250,1210.5,1123.08,-5.5,0.1851,0.816,4,20.5,1.725,97,-1988.62,-100.0,False,275195.81000000006
APARINDS.NS,2022-12-14,2023-01-12,1654.21,1655,1785,1702.11,1756.28,6.17,0.3922,0.977,3,47.11,2.848,42,2275.04,114.98,True,277470.85000000003
HDFCBANK.NS,2022-12-14,2023-01-12,786.81,785,810,794.93,757.06,-3.78,0.1137,0.757,3,9.93,1.262,201,-1995.25,-100.0,False,275475.60000000003
ICICIBANK.NS,2022-12-14,2023-01-12,899.48,900,930,911.06,839.86,-6.63,0.1263,0.779,3,11.06,1.229,180,-1989.99,-100.0,False,273485.61000000004
APOLLO.NS,2022-12-14,2023-01-12,27.83,30,35,30.51,31.88,14.58,0.3992,1.034,4,0.51,1.842,3902,5352.05,267.66,True,278837.66000000003
ANANTRAJ.NS,2022-12-14,2023-01-12,109.08,110,120,113.13,110.82,1.6,0.3719,0.802,5,3.13,2.87,638,-1473.31,-73.76,False,277364.35000000003
AJMERA.NS,2022-12-14,2023-01-12,62.8,65,70,66.56,62.49,-0.48,0.566,1.269,3,1.56,2.478,1285,-1999.49,-100.0,False,275364.86000000004
ANGELONE.NS,2022-12-14,2023-01-12,142.63,145,155,148.06,119.87,-15.95,0.3372,0.879,4,3.06,2.145,653,-1998.03,-100.0,False,273366.8300000001
INFY.NS,2022-12-14,2023-01-12,1417.83,1420,1505,1448.39,1329.14,-6.26,0.2183,1.084,3,28.39,2.002,70,-1987.14,-100.0,False,271379.69000000006
ABCAPITAL.NS,2022-12-16,2023-01-16,152.75,155,165,158.22,147.65,-3.34,0.3425,1.282,3,3.22,2.107,621,-1999.11,-100.0,False,269380.5800000001
APARINDS.NS,2022-12-16,2023-01-16,1641.06,1640,1770,1687.14,1614.43,-1.62,0.3813,0.946,3,47.14,2.873,42,-1980.07,-100.0,False,267400.51
ABCAPITAL.NS,2022-12-19,2023-01-17,154.55,155,165,158.65,146.95,-4.92,0.3426,1.172,3,3.65,2.361,548,-1999.66,-100.0,False,265400.85000000003
APARINDS.NS,2022-12-19,2023-01-17,1685.53,1685,1820,1733.8,1665.1,-1.21,0.3868,1.007,3,48.8,2.895,40,-1951.85,-100.0,False,263449.0
ABCAPITAL.NS,2022-12-20,2023-01-18,153.65,155,165,158.43,148.15,-3.58,0.343,1.157,3,3.43,2.235,582,-1998.33,-100.0,False,261450.67000000004
HDFCBANK.NS,2022-12-23,2023-01-23,756.23,755,780,764.71,791.94,4.72,0.1211,1.059,3,9.71,1.284,205,3134.49,157.47,True,264585.16000000003
APARINDS.NS,2022-12-26,2023-01-24,1617.85,1620,1745,1665.84,1581.21,-2.27,0.4175,1.138,3,45.84,2.834,43,-1971.26,-100.0,False,262613.9
HDFCBANK.NS,2022-12-26,2023-01-24,771.28,770,800,781.14,802.55,4.05,0.1347,1.105,3,11.14,1.445,179,3375.15,169.19,True,265989.05000000005
HDFCBANK.NS,2022-12-27,2023-01-25,772.06,770,800,781.42,780.37,1.08,0.1344,1.168,3,11.42,1.48,175,-184.39,-9.22,False,265804.66000000003
ANANTRAJ.NS,2022-12-27,2023-01-25,97.55,100,105,101.82,112.81,15.65,0.6015,1.385,3,1.82,1.869,1096,3481.51,174.21,True,269286.17000000004
APOLLO.NS,2022-12-27,2023-01-25,25.36,25,30,26.34,33.25,31.1,0.4214,1.117,3,1.34,5.267,1497,5485.38,274.32,True,274771.55000000005
APARINDS.NS,2022-12-27,2023-01-25,1671.36,1670,1805,1719.64,1534.74,-8.17,0.4151,1.082,3,49.64,2.97,40,-1985.53,-100.0,False,272786.02
ABB.NS,2022-12-28,2023-01-27,2670.7,2670,2875,2737.55,2748.0,2.89,0.2677,0.982,3,67.55,2.529,29,302.96,15.47,True,273088.98
APARINDS.NS,2022-12-28,2023-01-27,1716.06,1715,1855,1766.34,1463.45,-14.72,0.4192,1.099,3,51.34,2.992,38,-1951.08,-100.0,False,271137.9
ANANTRAJ.NS,2022-12-28,2023-01-27,99.98,100,110,103.68,106.2,6.22,0.6037,1.363,4,3.68,3.68,543,1367.62,68.46,True,272505.52
APOLLO.NS,2022-12-28,2023-01-27,26.63,25,30,27.01,31.59,18.65,0.4589,1.145,3,2.01,7.562,993,2965.57,148.32,True,275471.09
HDFCBANK.NS,2022-12-28,2023-01-27,771.45,770,800,781.17,764.82,-0.86,0.1329,1.158,3,11.17,1.447,179,-1998.6,-100.0,False,273472.49
APARINDS.NS,2022-12-29,2023-01-30,1719.73,1720,1855,1768.51,1373.69,-20.12,0.3734,1.1,3,48.51,2.821,41,-1988.88,-100.0,False,271483.61
APOLLO.NS,2022-12-29,2023-01-30,27.75,30,35,30.65,32.28,16.33,0.476,1.2,4,0.65,2.353,3062,4992.0,249.64,True,276475.61
ANANTRAJ.NS,2022-12-29,2023-01-30,104.66,105,115,108.68,106.89,2.14,0.6237,1.368,4,3.68,3.514,543,-968.75,-48.51,False,275506.86
APOLLO.NS,2022-12-30,2023-01-31,29.13,30,35,31.13,31.82,9.22,0.5044,1.177,4,1.13,3.872,1772,1224.49,61.25,True,276731.35
AJMERA.NS,2022-12-30,2023-01-31,60.86,60,65,62.07,54.61,-10.28,0.9399,1.437,3,2.07,3.401,966,-1999.3,-100.0,False,274732.05000000005
ANANTRAJ.NS,2022-12-30,2023-01-31,111.47,110,120,114.08,110.82,-0.58,0.6592,1.451,4,4.08,3.658,490,-1595.66,-79.86,False,273136.39
APOLLO.NS,2023-01-02,2023-02-01,30.51,30,35,31.65,30.5,-0.05,0.5196,1.189,3,1.65,5.399,1214,-1397.06,-69.86,False,271739.33
INFY.NS,2023-01-02,2023-02-01,1368.1,1370,1445,1395.41,1392.43,1.78,0.2017,0.815,4,25.41,1.857,78,-232.56,-11.74,False,271506.77
TCS.NS,2023-01-03,2023-02-02,2921.81,2920,3065,2970.3,3122.73,6.88,0.1693,0.875,3,50.3,1.722,39,3693.2,188.26,True,275199.97000000003
APOLLO.NS,2023-01-03,2023-02-02,30.62,30,35,31.69,30.68,0.2,0.5182,1.287,3,1.69,5.507,1186,-1197.73,-59.9,False,274002.24
TCS.NS,2023-01-04,2023-02-03,2924.72,2925,3065,2973.69,3142.49,7.45,0.1694,0.872,4,48.69,1.665,41,3743.9,187.56,True,277746.14
ANANDRATHI.NS,2023-01-04,2023-02-03,174.97,175,185,178.19,186.48,6.58,0.1706,1.031,4,3.19,1.821,627,4272.3,213.86,True,282018.44
APARINDS.NS,2023-01-05,2023-02-06,1800.25,1800,1945,1852.45,1884.2,4.66,0.3938,0.991,4,52.45,2.914,38,1206.18,60.51,True,283224.62
ANANDRATHI.NS,2023-01-05,2023-02-06,179.33,180,190,183.11,193.13,7.69,0.1859,1.08,4,3.11,1.737,642,4420.55,221.09,True,287645.17
ANANDRATHI.NS,2023-01-06,2023-02-07,181.23,180,190,183.81,193.66,6.86,0.1871,1.073,4,3.81,2.104,524,3241.76,162.23,True,290886.93
AJMERA.NS,2023-01-06,2023-02-07,61.12,60,65,62.1,53.24,-12.89,0.929,1.127,3,2.1,3.438,951,-1998.43,-100.0,False,288888.5
APARINDS.NS,2023-01-06,2023-02-07,1798.74,1800,1945,1851.55,2171.35,20.72,0.3784,0.915,3,51.55,2.866,38,3551.28,181.31,True,292439.78
ABB.NS,2023-01-06,2023-02-07,2787.6,2790,3010,2864.34,2963.96,6.33,0.3106,0.71,5,74.34,2.667,26,2590.18,134.02,True,295029.95999999996
ANANDRATHI.NS,2023-01-09,2023-02-08,184.34,185,195,188.21,195.44,6.02,0.1924,0.984,3,3.21,1.743,622,4221.61,211.25,True,299251.56999999995
ABB.NS,2023-01-09,2023-02-08,2805.74,2805,3030,2881.52,3018.81,7.59,0.3111,0.653,3,76.52,2.727,26,3569.32,179.4,True,302820.89
AJMERA.NS,2023-01-09,2023-02-08,62.71,65,70,66.73,53.09,-15.33,0.9115,1.067,4,1.73,2.763,1154,-1999.07,-100.0,False,300821.81999999995
TCS.NS,2023-01-09,2023-02-08,2929.4,2930,3120,2993.23,3176.6,8.44,0.2253,1.055,4,63.23,2.158,31,3930.02,200.51,True,304751.83999999997
TCS.NS,2023-01-10,2023-02-09,2899.8,2900,3085,2961.9,3195.33,10.19,0.2226,1.116,4,61.9,2.135,32,3939.14,198.86,True,308690.98
AJMERA.NS,2023-01-10,2023-02-09,61.88,60,65,62.2,51.28,-17.14,0.9081,1.041,3,2.2,3.551,910,-1999.85,-100.0,False,306691.13
ABCAPITAL.NS,2023-01-11,2023-02-10,147.0,145,160,150.39,146.7,-0.2,0.334,1.104,3,5.39,3.664,371,-1367.41,-68.44,False,305323.72
APARINDS.NS,2023-01-11,2023-02-10,1782.12,1780,1925,1830.05,2123.57,19.16,0.3219,0.779,4,50.05,2.808,39,3703.08,189.71,True,309026.79999999993
ABB.NS,2023-01-11,2023-02-10,2843.09,2845,3070,2921.91,3103.95,9.18,0.3212,0.723,4,76.91,2.705,26,3850.25,192.54,True,312877.04999999993
AJMERA.NS,2023-01-12,2023-02-13,62.49,60,65,62.27,49.86,-20.21,0.9083,0.746,3,2.27,3.635,880,-1998.76,-100.0,False,310878.2899999999
HDFCBANK.NS,2023-01-12,2023-02-13,757.06,755,790,767.72,784.96,3.69,0.1523,1.085,3,12.72,1.68,157,2707.69,135.64,True,313585.98
TCS.NS,2023-01-12,2023-02-13,2942.11,2940,3125,3002.34,3142.58,6.81,0.2149,1.168,4,62.34,2.119,32,3925.0,196.74,True,317510.98
ABCAPITAL.NS,2023-01-12,2023-02-13,146.3,145,160,150.11,143.95,-1.61,0.3318,0.93,3,5.11,3.493,391,-1998.36,-100.0,False,315512.62
INFY.NS,2023-01-13,2023-02-14,1349.83,1350,1420,1374.05,1430.26,5.96,0.1828,1.058,4,24.05,1.782,83,3813.59,191.02,True,319326.20999999996
BAJFINANCE.NS,2023-01-13,2023-02-14,585.05,585,630,600.51,632.11,8.04,0.309,1.244,3,15.51,2.65,128,3775.34,190.23,True,323101.54999999993
AJMERA.NS,2023-01-13,2023-02-14,61.96,60,65,62.21,48.35,-21.97,0.884,0.711,4,2.21,3.572,903,-1998.68,-100.0,False,321102.87
TCS.NS,2023-01-13,2023-02-14,2977.58,2980,3150,3037.39,3158.56,6.08,0.2046,1.193,3,57.39,1.928,34,3828.59,196.2,True,324931.45999999996
HDFCBANK.NS,2023-01-13,2023-02-14,757.65,760,790,770.21,792.23,4.56,0.1509,1.08,3,10.21,1.348,195,3858.64,193.77,True,328790.1
ANANDRATHI.NS,2023-01-13,2023-02-14,188.83,190,200,193.2,193.97,2.72,0.2086,1.41,4,3.2,1.695,624,479.22,23.99,True,329269.31999999995
APOLLO.NS,2023-01-16,2023-02-15,32.5,35,40,35.93,33.17,2.06,0.5723,1.364,3,0.93,2.849,2160,-1999.97,-100.0,False,327269.35
ABCAPITAL.NS,2023-01-16,2023-02-15,147.65,150,160,153.12,145.3,-1.59,0.3366,0.896,3,3.12,2.113,641,-1999.87,-100.0,False,325269.48
TCS.NS,2023-01-16,2023-02-15,3008.71,3010,3180,3067.57,3177.1,5.6,0.1997,1.233,3,57.57,1.913,34,3724.07,190.26,True,328993.55
ANANDRATHI.NS,2023-01-16,2023-02-15,193.74,195,205,198.26,194.08,0.18,0.2159,1.529,4,3.26,1.685,612,-1998.08,-100.0,False,326995.47
ANANTRAJ.NS,2023-01-16,2023-02-15,114.3,115,125,118.72,105.75,-7.48,0.6483,0.776,4,3.72,3.253,537,-1996.83,-100.0,False,324998.64
ANANDRATHI.NS,2023-01-17,2023-02-16,198.2,200,210,203.19,190.45,-3.91,0.2211,1.807,4,3.19,1.608,627,-1997.85,-100.0,False,323000.79000000004
APOLLO.NS,2023-01-17,2023-02-16,34.02,35,40,36.34,32.64,-4.05,0.5845,1.384,3,1.34,3.949,1488,-1998.89,-100.0,False,321001.9
HDFCBANK.NS,2023-01-17,2023-02-16,761.56,760,795,772.79,787.75,3.44,0.1624,1.181,3,12.79,1.68,156,2333.98,116.95,True,323335.88
APARINDS.NS,2023-01-17,2023-02-16,1665.1,1665,1800,1713.82,2354.1,41.38,0.3982,0.973,4,48.82,2.932,40,3447.06,176.51,True,326782.94
ANANTRAJ.NS,2023-01-17,2023-02-16,118.93,120,130,123.7,109.08,-8.28,0.6569,0.836,4,3.7,3.112,540,-1998.3,-100.0,False,324784.64
ANANTRAJ.NS,2023-01-18,2023-02-17,119.32,120,130,123.77,111.82,-6.29,0.6554,0.839,4,3.77,3.156,531,-1999.71,-100.0,False,322784.93000000005
ANANDRATHI.NS,2023-01-18,2023-02-17,199.63,200,210,203.58,191.16,-4.24,0.2188,1.878,4,3.58,1.793,558,-1997.02,-100.0,False,320787.91000000003
HDFCBANK.NS,2023-01-18,2023-02-17,775.0,775,815,788.49,783.8,1.14,0.171,1.168,4,13.49,1.741,148,-694.03,-34.76,False,320093.88
TCS.NS,2023-01-18,2023-02-17,3059.2,3060,3235,3119.04,3159.5,3.28,0.1992,1.204,3,59.04,1.93,33,1335.18,68.52,True,321429.06000000006
ABCAPITAL.NS,2023-01-18,2023-02-17,148.15,150,160,153.17,143.95,-2.83,0.3171,0.76,3,3.17,2.138,631,-1998.74,-100.0,False,319430.32000000007
ABB.NS,2023-01-18,2023-02-17,2862.84,2865,3080,2935.0,3074.39,7.39,0.2615,0.824,4,70.0,2.445,28,3902.93,199.13,True,323333.25
AJMERA.NS,2023-01-18,2023-02-17,63.04,65,70,66.75,52.8,-16.25,0.82,0.569,4,1.75,2.768,1146,-1999.83,-100.0,False,321333.42000000004
ANANDRATHI.NS,2023-01-19,2023-02-20,206.29,205,220,210.13,191.72,-7.06,0.2146,1.779,3,5.13,2.489,389,-1997.51,-100.0,False,319335.91000000003
ANANTRAJ.NS,2023-01-19,2023-02-20,121.21,120,130,124.08,114.9,-5.21,0.6356,0.861,3,4.08,3.365,490,-1998.64,-100.0,False,317337.27
APOLLO.NS,2023-01-19,2023-02-20,35.79,35,40,36.85,32.68,-8.69,0.5492,1.372,3,1.85,5.17,1080,-1998.39,-100.0,False,315338.88
BAJFINANCE.NS,2023-01-19,2023-02-20,588.44,590,635,604.95,623.18,5.9,0.3021,0.841,3,14.95,2.541,133,2424.52,121.94,True,317763.4
HDFCBANK.NS,2023-01-20,2023-02-21,786.19,785,825,798.97,779.35,-0.87,0.1695,1.195,3,13.97,1.777,143,-1998.03,-100.0,False,315765.37
APOLLO.NS,2023-01-20,2023-02-21,36.24,35,40,36.97,32.07,-11.49,0.4881,1.315,4,1.97,5.446,1013,-1999.1,-100.0,False,313766.27
ABB.NS,2023-01-20,2023-02-21,2875.97,2875,3030,2928.23,3106.98,8.03,0.1875,0.79,4,53.23,1.851,37,3765.38,191.17,True,317531.65
HDFCBANK.NS,2023-01-23,2023-02-22,791.94,790,830,803.97,764.06,-3.52,0.1575,1.204,4,13.97,1.764,143,-1997.89,-100.0,False,315533.76
ABB.NS,2023-01-23,2023-02-22,2889.65,2890,3040,2941.48,3110.32,7.64,0.1823,0.803,5,51.48,1.781,38,3743.9,191.4,True,319277.66
ABB.NS,2023-01-24,2023-02-23,2887.05,2885,3040,2938.25,3076.55,6.56,0.1828,0.771,4,53.25,1.844,37,3764.79,191.09,True,323042.44999999995
HDFCBANK.NS,2023-01-24,2023-02-23,802.55,805,840,816.76,758.88,-5.44,0.1631,1.17,4,11.76,1.466,170,-1999.75,-100.0,False,321042.69999999995
INFY.NS,2023-01-30,2023-02-28,1381.38,1380,1460,1407.42,1335.38,-3.33,0.1987,0.811,4,27.42,1.985,72,-1973.91,-100.0,False,319068.79
BAJFINANCE.NS,2023-01-30,2023-02-28,589.36,590,635,605.83,598.19,1.5,0.3431,0.951,4,15.83,2.686,126,-962.17,-48.24,False,318106.62
TCS.NS,2023-01-30,2023-02-28,3098.59,3100,3280,3160.39,2989.58,-3.52,0.202,0.862,4,60.39,1.949,33,-1992.8,-100.0,False,316113.81999999995
INFY.NS,2023-01-31,2023-03-01,1376.85,1375,1455,1402.41,1343.01,-2.46,0.196,0.843,5,27.41,1.991,72,-1973.79,-100.0,False,314140.02999999997
ABB.NS,2023-01-31,2023-03-01,2783.58,2785,2960,2843.3,3246.24,16.62,0.22,0.97,3,58.3,2.095,34,3967.7,200.16,True,318107.73
ANANTRAJ.NS,2023-01-31,2023-03-01,110.82,110,120,113.72,107.04,-3.41,0.4012,1.152,3,3.72,3.353,538,-1998.96,-100.0,False,316108.77
ANANDRATHI.NS,2023-01-31,2023-03-01,203.43,205,215,208.34,185.22,-8.95,0.2292,1.456,3,3.34,1.64,599,-1998.76,-100.0,False,314110.01
ICICIBANK.NS,2023-02-01,2023-03-02,827.46,825,880,844.15,833.37,0.71,0.2306,1.39,4,19.15,2.314,104,-1121.27,-56.3,False,312988.74
BHARTIARTL.NS,2023-02-02,2023-03-03,763.52,765,815,781.45,750.41,-1.72,0.2375,0.889,4,16.45,2.154,121,-1989.97,-100.0,False,310998.77
ICICIBANK.NS,2023-02-02,2023-03-03,837.17,835,895,855.21,847.57,1.24,0.2365,1.467,3,20.21,2.414,98,-748.76,-37.81,False,310250.01
INFY.NS,2023-02-02,2023-03-03,1421.74,1420,1500,1447.86,1327.97,-6.6,0.1979,0.938,3,27.86,1.959,71,-1977.72,-100.0,False,308272.29
ABB.NS,2023-02-02,2023-03-03,2775.84,2775,2965,2838.22,3263.2,17.56,0.2365,1.198,3,63.22,2.277,31,3930.24,200.55,True,312202.52999999997
TCS.NS,2023-02-02,2023-03-03,3122.73,3125,3325,3191.45,3016.02,-3.42,0.2258,0.967,3,66.45,2.128,30,-1993.54,-100.0,False,310208.99
HDFCBANK.NS,2023-02-02,2023-03-03,758.93,760,805,774.88,764.87,0.78,0.2085,1.324,3,14.88,1.961,134,-1341.67,-67.28,False,308867.31999999995
ANANTRAJ.NS,2023-02-03,2023-03-06,99.83,100,110,103.48,115.3,15.49,0.4817,1.419,3,3.48,3.487,574,3741.81,187.26,True,312609.12999999995
INFY.NS,2023-02-03,2023-03-06,1435.78,1435,1515,1462.26,1353.24,-5.75,0.1898,0.98,3,27.26,1.899,73,-1990.33,-100.0,False,310618.79999999993
ICICIBANK.NS,2023-02-03,2023-03-06,842.93,845,900,862.63,846.79,0.46,0.2261,1.521,3,17.63,2.092,113,-1790.81,-89.87,False,308827.99
TCS.NS,2023-02-03,2023-03-06,3142.49,3140,3345,3209.12,3042.82,-3.17,0.2254,1.017,3,69.12,2.199,28,-1935.32,-100.0,False,306892.6699999999
ANGELONE.NS,2023-02-03,2023-03-06,114.24,115,125,117.96,105.64,-7.52,0.2989,1.0,3,2.96,2.593,675,-1999.61,-100.0,False,304893.05999999994
HDFCBANK.NS,2023-02-03,2023-03-06,785.17,785,840,803.17,770.26,-1.9,0.2396,1.441,3,18.17,2.314,110,-1998.21,-100.0,False,302894.85
BHARTIARTL.NS,2023-02-03,2023-03-06,778.39,780,835,797.75,752.57,-3.32,0.2488,0.922,3,17.75,2.28,112,-1987.76,-100.0,False,300907.08999999997
ABB.NS,2023-02-06,2023-03-08,2874.26,2875,3080,2942.87,3313.29,15.27,0.2517,1.346,3,67.87,2.361,29,3976.65,202.03,True,304883.74
BHARTIARTL.NS,2023-02-06,2023-03-08,774.81,775,830,793.06,752.53,-2.88,0.2446,0.915,3,18.06,2.331,110,-1987.03,-100.0,False,302896.70999999996
ANANTRAJ.NS,2023-02-06,2023-03-08,103.51,105,110,106.9,114.5,10.61,0.4911,1.413,3,1.9,1.838,1051,3255.63,162.83,True,306152.33999999997
HDFCBANK.NS,2023-02-06,2023-03-08,781.84,780,835,798.71,771.8,-1.28,0.2399,1.427,3,18.71,2.393,106,-1983.53,-100.0,False,304168.80999999994
ANGELONE.NS,2023-02-06,2023-03-08,112.89,115,120,116.62,107.06,-5.16,0.2911,0.987,3,1.62,1.435,1234,-1998.46,-100.0,False,302170.35
ANANDRATHI.NS,2023-02-06,2023-03-08,193.13,195,210,199.83,194.75,0.84,0.35,1.508,4,4.83,2.503,413,-1996.32,-100.0,False,300174.02999999997
ABB.NS,2023-02-07,2023-03-09,2963.96,2965,3195,3040.22,3321.28,12.06,0.2719,1.448,4,75.22,2.538,26,4024.18,205.75,True,304198.20999999996
APARINDS.NS,2023-02-07,2023-03-09,2171.35,2170,2345,2238.93,2233.75,2.87,1.1222,1.897,3,68.93,3.174,29,-150.1,-7.51,False,304048.11
ANANDRATHI.NS,2023-02-07,2023-03-09,193.66,195,210,199.96,194.27,0.32,0.3462,1.515,3,4.96,2.562,403,-1999.27,-100.0,False,302048.83999999997
TCS.NS,2023-02-08,2023-03-10,3176.6,3175,3315,3224.66,3005.96,-5.37,0.1538,1.029,3,49.66,1.563,40,-1986.38,-100.0,False,300062.45999999996
ABCAPITAL.NS,2023-02-08,2023-03-10,148.4,150,160,153.24,153.65,3.54,0.3188,1.192,3,3.24,2.183,617,253.65,12.69,True,300316.11
INFY.NS,2023-02-08,2023-03-10,1427.79,1430,1500,1453.78,1321.01,-7.48,0.1778,1.074,4,23.78,1.665,84,-1997.18,-100.0,False,298318.92999999993
ABB.NS,2023-02-08,2023-03-10,3018.81,3020,3255,3096.98,3310.89,9.68,0.2746,1.515,4,76.98,2.55,25,3950.4,205.26,True,302269.32999999996
BAJFINANCE.NS,2023-02-08,2023-03-10,621.64,620,670,637.51,574.9,-7.52,0.3151,1.384,4,17.51,2.816,114,-1995.58,-100.0,False,300273.75
ANANDRATHI.NS,2023-02-08,2023-03-10,195.44,195,210,200.44,195.83,0.2,0.3431,1.502,3,5.44,2.786,367,-1694.64,-84.82,False,298579.11
INFY.NS,2023-02-09,2023-03-13,1451.58,1450,1530,1477.34,1288.29,-11.25,0.1829,1.129,3,27.34,1.884,73,-1996.04,-100.0,False,296583.06999999995
ABB.NS,2023-02-09,2023-03-13,3066.45,3065,3305,3143.97,3209.97,4.68,0.2714,1.507,3,78.97,2.575,25,1649.8,83.56,True,298232.86999999994
BAJFINANCE.NS,2023-02-09,2023-03-13,631.75,630,680,647.68,570.93,-9.63,0.3175,1.421,4,17.68,2.799,113,-1998.32,-100.0,False,296234.54999999993
ANANDRATHI.NS,2023-02-09,2023-03-13,199.1,200,215,205.13,190.5,-4.32,0.3449,1.527,3,5.13,2.576,389,-1995.35,-100.0,False,294239.19999999995
ABB.NS,2023-02-10,2023-03-14,3103.95,3105,3345,3183.75,3245.94,4.57,0.273,1.417,3,78.75,2.537,25,1554.73,78.97,True,295793.92999999993
ANANDRATHI.NS,2023-02-10,2023-03-14,196.96,195,215,202.0,192.82,-2.1,0.3455,1.452,3,7.0,3.555,285,-1995.38,-100.0,False,293798.54999999993
INFY.NS,2023-02-14,2023-03-16,1430.26,1430,1515,1458.96,1260.46,-11.87,0.2108,1.083,3,28.96,2.025,69,-1998.07,-100.0,False,291800.4799999999
ICICIBANK.NS,2023-02-14,2023-03-16,844.39,845,900,863.04,804.0,-4.78,0.2228,1.094,3,18.04,2.137,110,-1984.83,-100.0,False,289815.6499999999
INFY.NS,2023-02-15,2023-03-17,1433.67,1435,1520,1463.38,1275.36,-11.04,0.2092,1.076,3,28.38,1.979,70,-1986.46,-100.0,False,287829.18999999994
ICICIBANK.NS,2023-02-15,2023-03-17,849.76,850,905,868.26,816.05,-3.97,0.224,0.871,4,18.26,2.149,109,-1990.23,-100.0,False,285838.95999999996
APARINDS.NS,2023-02-16,2023-03-20,2354.1,2355,2540,2427.94,2242.64,-4.73,1.1006,1.524,3,72.94,3.098,27,-1969.3,-100.0,False,283869.6599999999
ABCAPITAL.NS,2023-02-16,2023-03-20,146.45,145,160,150.05,149.85,2.32,0.3078,0.859,4,5.05,3.45,395,-79.89,-4.0,False,283789.7699999999
ANANTRAJ.NS,2023-02-16,2023-03-20,109.08,110,120,113.43,112.91,3.51,0.4931,0.722,4,3.43,3.148,582,-305.35,-15.28,False,283484.4199999999
ABB.NS,2023-02-16,2023-03-20,3125.61,3125,3375,3208.83,3233.89,3.46,0.2976,1.429,3,83.83,2.682,23,576.32,29.89,True,284060.73999999993
ANANTRAJ.NS,2023-02-17,2023-03-21,111.82,110,120,114.09,121.71,8.85,0.4991,0.672,4,4.09,3.657,489,2890.61,144.57,True,286951.3499999999
APARINDS.NS,2023-02-17,2023-03-21,2340.61,2340,2530,2414.77,2224.56,-4.96,1.1022,1.434,3,74.77,3.194,26,-1943.9,-100.0,False,285007.44999999995
ABCAPITAL.NS,2023-02-17,2023-03-21,143.95,145,155,148.31,152.65,6.04,0.3134,0.838,4,3.31,2.301,603,2615.81,130.98,True,287623.2599999999
ABCAPITAL.NS,2023-02-20,2023-03-22,144.3,145,155,148.4,156.15,8.21,0.3098,0.782,4,3.4,2.353,589,3890.19,194.53,True,291513.44999999995
ANANTRAJ.NS,2023-02-20,2023-03-22,114.9,115,125,118.7,120.86,5.19,0.5106,0.654,5,3.7,3.219,540,1169.77,58.58,True,292683.2199999999
ABB.NS,2023-02-20,2023-03-22,3111.64,3110,3360,3194.92,3244.72,4.28,0.3078,1.371,3,84.92,2.729,23,1145.23,58.63,True,293828.44999999995
INFY.NS,2023-02-20,2023-03-22,1429.54,1430,1515,1458.68,1247.13,-12.76,0.2103,0.972,3,28.68,2.006,69,-1979.11,-100.0,False,291849.33999999997
ANANDRATHI.NS,2023-02-20,2023-03-22,191.72,190,205,195.61,198.55,3.56,0.2952,0.95,3,5.61,2.924,356,1048.3,52.52,True,292897.6399999999
ANANTRAJ.NS,2023-02-21,2023-03-23,115.3,115,125,118.78,118.93,3.15,0.5065,0.675,5,3.78,3.28,528,76.02,3.81,True,292973.6599999999
ABCAPITAL.NS,2023-02-21,2023-03-23,143.05,145,155,148.06,154.15,7.76,0.3111,0.767,4,3.06,2.138,653,3977.45,199.12,True,296951.1099999999
INFY.NS,2023-02-21,2023-03-23,1417.92,1420,1500,1447.0,1233.94,-12.98,0.2079,0.998,3,27.0,1.905,74,-1998.37,-100.0,False,294952.73999999993
ABB.NS,2023-02-21,2023-03-23,3106.98,3105,3355,3190.03,3294.27,6.03,0.3084,1.279,3,85.03,2.737,23,2397.58,122.6,True,297350.31999999995
ANANDRATHI.NS,2023-02-21,2023-03-23,191.76,190,205,195.61,195.88,2.15,0.2926,0.925,3,5.61,2.924,356,95.24,4.77,True,297445.55999999994
ABCAPITAL.NS,2023-02-24,2023-03-28,142.15,140,155,145.19,146.8,3.27,0.2909,0.779,5,5.19,3.65,385,620.29,31.05,True,298065.8499999999
BAJFINANCE.NS,2023-02-24,2023-03-28,610.34,610,660,627.22,541.66,-11.25,0.3298,0.836,4,17.22,2.821,116,-1997.44,-100.0,False,296068.4099999999
ANANDRATHI.NS,2023-02-24,2023-03-28,187.69,190,205,194.2,199.52,6.3,0.2831,0.91,3,4.2,2.238,476,2530.76,126.6,True,298599.1699999999
BAJFINANCE.NS,2023-02-27,2023-03-29,606.26,605,655,621.86,550.54,-9.19,0.2948,0.791,4,16.86,2.781,118,-1989.42,-100.0,False,296609.7499999999
ABB.NS,2023-02-28,2023-03-31,3153.99,3155,3405,3238.85,3298.88,4.59,0.2997,1.07,4,83.85,2.659,23,1380.62,71.59,True,297990.3699999999
ABCAPITAL.NS,2023-02-28,2023-03-31,145.85,145,160,149.64,153.55,5.28,0.2796,0.786,5,4.64,3.179,431,1686.74,84.41,True,299677.10999999987
ANANTRAJ.NS,2023-03-01,2023-04-03,107.04,105,115,109.03,124.94,16.72,0.4004,0.839,4,4.03,3.768,495,2953.31,147.91,True,302630.4199999999
AJMERA.NS,2023-03-01,2023-04-03,54.12,55,60,56.33,54.79,1.23,0.3186,0.635,4,1.33,2.451,1507,-1999.0,-100.0,False,300631.4199999999
ABCAPITAL.NS,2023-03-01,2023-04-03,152.0,150,165,155.2,153.8,1.18,0.2797,0.878,5,5.2,3.421,384,-537.81,-26.93,False,300093.60999999987
ABB.NS,2023-03-01,2023-04-03,3246.24,3245,3505,3332.13,3307.31,1.88,0.2957,1.053,4,87.13,2.684,22,-546.12,-28.49,False,299547.4899999999
ABCAPITAL.NS,2023-03-02,2023-04-05,152.3,150,165,155.32,155.25,1.94,0.2776,0.897,5,5.32,3.492,376,-25.89,-1.29,False,299521.59999999986
ABB.NS,2023-03-02,2023-04-05,3257.95,3260,3520,3346.17,3307.7,1.53,0.2951,1.05,3,86.17,2.645,23,-884.73,-44.64,False,298636.8699999999
ANANTRAJ.NS,2023-03-02,2023-04-05,112.01,110,120,114.09,132.55,18.33,0.4286,0.884,5,4.09,3.65,489,2890.58,144.57,True,301527.44999999984
ANANDRATHI.NS,2023-03-03,2023-04-06,191.59,190,205,195.13,198.12,3.41,0.2185,0.973,3,5.13,2.675,390,1169.23,58.49,True,302696.6799999999
AJMERA.NS,2023-03-03,2023-04-06,55.26,55,60,56.67,58.0,4.96,0.2981,0.599,3,1.67,3.026,1195,1590.23,79.57,True,304286.9099999999
ANANTRAJ.NS,2023-03-03,2023-04-06,114.75,115,125,118.51,134.84,17.5,0.4176,0.902,4,3.51,3.055,570,3702.13,185.3,True,307989.0399999999
ABCAPITAL.NS,2023-03-06,2023-04-10,156.25,155,170,159.82,159.75,2.24,0.2586,0.914,3,4.82,3.083,415,-28.16,-1.41,False,307960.8799999999
BAJFINANCE.NS,2023-03-06,2023-04-10,600.42,600,635,612.08,570.47,-4.99,0.2081,0.794,3,12.08,2.012,165,-1993.32,-100.0,False,305967.5599999999
AJMERA.NS,2023-03-06,2023-04-10,56.0,55,60,56.95,61.53,9.87,0.2953,0.624,4,1.95,3.476,1027,3135.98,156.88,True,309103.5399999999
RELIANCE.NS,2023-03-06,2023-04-10,1094.5,1095,1165,1118.02,1056.4,-3.48,0.2167,0.944,3,23.02,2.104,86,-1980.02,-100.0,False,307123.5199999999
ANANTRAJ.NS,2023-03-06,2023-04-10,115.3,115,125,118.62,134.39,16.56,0.4031,0.891,4,3.62,3.141,552,3520.97,176.13,True,310644.4899999999
AJMERA.NS,2023-03-08,2023-04-11,55.38,55,60,56.72,60.3,8.88,0.2992,0.627,4,1.72,3.102,1164,3820.38,191.06,True,314464.8699999999
ABREL.NS,2023-03-08,2023-04-11,635.59,635,675,648.77,674.64,6.14,0.2271,0.949,3,13.77,2.167,145,3750.21,187.81,True,318215.0799999999
RELIANCE.NS,2023-03-08,2023-04-11,1098.43,1100,1165,1121.79,1061.63,-3.35,0.2161,0.95,3,21.79,1.984,91,-1983.23,-100.0,False,316231.84999999986
ABREL.NS,2023-03-15,2023-04-19,624.05,625,675,641.46,675.82,8.3,0.2997,1.016,4,16.46,2.637,121,4058.83,203.84,True,320290.6799999999
ANANDRATHI.NS,2023-03-15,2023-04-19,194.74,195,205,198.48,210.01,7.84,0.2002,0.943,3,3.48,1.786,574,3743.27,187.47,True,324033.94999999984
TITAN.NS,2023-03-15,2023-04-19,2368.63,2370,2480,2407.95,2536.67,7.09,0.1636,0.886,5,37.95,1.602,52,3746.65,189.86,True,327780.59999999986
ANANTRAJ.NS,2023-03-15,2023-04-19,113.8,115,125,118.33,134.74,18.39,0.4473,0.923,3,3.33,2.928,600,4000.57,200.09,True,331781.16999999987
APARINDS.NS,2023-03-15,2023-04-19,2264.34,2265,2445,2330.0,2597.23,14.7,0.3899,0.879,3,65.0,2.871,30,3449.99,176.92,True,335231.15999999986
ABCAPITAL.NS,2023-03-16,2023-04-20,148.8,150,160,153.33,161.3,8.4,0.3164,1.022,3,3.33,2.241,599,3992.94,199.94,True,339224.09999999986
AJMERA.NS,2023-03-16,2023-04-20,54.2,55,60,56.16,59.8,10.33,0.2536,0.801,4,1.16,2.142,1722,6267.34,313.53,True,345491.4399999998
ABREL.NS,2023-03-16,2023-04-20,645.93,645,700,663.72,672.46,4.11,0.3241,1.06,4,18.72,2.898,106,926.53,46.7,True,346417.96999999986
TITAN.NS,2023-03-16,2023-04-20,2419.23,2420,2545,2462.72,2546.49,5.26,0.181,0.985,4,42.72,1.766,46,3785.07,192.63,True,350203.03999999986
HDFCBANK.NS,2023-03-17,2023-04-21,744.4,745,780,757.22,792.65,6.48,0.1748,1.047,3,12.22,1.641,163,3713.61,186.48,True,353916.64999999985
ANANDRATHI.NS,2023-03-17,2023-04-21,198.58,200,210,203.16,209.74,5.62,0.2001,0.897,5,3.16,1.591,633,4167.64,208.44,True,358084.28999999986
ABREL.NS,2023-03-17,2023-04-21,664.93,665,720,683.91,662.66,-0.34,0.3399,1.133,4,18.91,2.844,105,-1985.61,-100.0,False,356098.6799999999
ABB.NS,2023-03-17,2023-04-21,3247.32,3245,3465,3318.84,3091.2,-4.81,0.2349,0.927,3,73.84,2.274,27,-1993.57,-100.0,False,354105.10999999987
ABCAPITAL.NS,2023-03-17,2023-04-21,153.65,155,165,158.41,158.05,2.86,0.3343,1.094,4,3.41,2.217,587,-209.03,-10.45,False,353896.07999999984
TITAN.NS,2023-03-17,2023-04-21,2424.46,2425,2550,2467.88,2535.68,4.59,0.1814,0.959,4,42.88,1.768,46,3119.02,158.14,True,357015.09999999986
ANANTRAJ.NS,2023-03-17,2023-04-21,116.89,115,125,119.1,138.71,18.67,0.4477,0.873,3,4.1,3.51,487,2872.02,143.75,True,359887.1199999999
ABREL.NS,2023-03-20,2023-04-24,669.09,670,725,688.55,669.78,0.1,0.3305,1.107,4,18.55,2.772,107,-1984.4,-100.0,False,357902.71999999986
ABB.NS,2023-03-20,2023-04-24,3233.89,3235,3445,3304.76,3154.04,-2.47,0.226,0.948,3,69.76,2.157,28,-1953.38,-100.0,False,355949.33999999985
ABCAPITAL.NS,2023-03-20,2023-04-24,149.85,150,160,153.68,160.15,6.87,0.3415,1.157,3,3.68,2.456,543,3431.44,171.7,True,359380.77999999985
ANANTRAJ.NS,2023-03-20,2023-04-24,112.91,115,120,116.85,139.46,23.51,0.4597,0.893,4,1.85,1.64,1080,3400.3,170.04,True,362781.07999999984
HDFCBANK.NS,2023-03-20,2023-04-24,739.24,740,775,752.14,799.07,8.09,0.1753,1.02,4,12.14,1.642,164,3749.59,188.38,True,366530.66999999987
ANANDRATHI.NS,2023-03-20,2023-04-24,197.39,195,210,200.42,208.9,5.83,0.202,0.915,3,5.42,2.744,369,3129.96,156.58,True,369660.6299999999
TITAN.NS,2023-03-21,2023-04-25,2482.12,2480,2620,2527.94,2599.76,4.74,0.1925,1.014,3,47.94,1.931,41,2944.65,149.83,True,372605.2799999999
HDFCBANK.NS,2023-03-21,2023-04-25,747.62,750,785,761.8,787.71,5.36,0.1804,1.033,3,11.8,1.579,169,3920.13,196.51,True,376525.4099999999
BHARTIARTL.NS,2023-03-21,2023-04-25,743.1,745,785,758.27,758.46,2.07,0.1973,0.943,3,13.27,1.786,150,28.7,1.44,True,376554.1099999999
ANGELONE.NS,2023-03-21,2023-04-25,102.79,105,110,106.76,116.26,13.11,0.4388,1.355,3,1.76,1.714,1135,3675.27,183.79,True,380229.37999999995
ABB.NS,2023-03-21,2023-04-25,3345.15,3345,3585,3424.4,3270.4,-2.23,0.2501,1.013,3,79.4,2.374,25,-1985.04,-100.0,False,378244.33999999997
ANANTRAJ.NS,2023-03-21,2023-04-25,121.71,120,130,124.13,140.11,15.11,0.5235,1.018,4,4.13,3.397,483,2832.85,141.84,True,381077.18999999994
AJMERA.NS,2023-03-22,2023-04-26,54.36,55,60,56.06,58.21,7.08,0.2114,0.795,4,1.06,1.949,1887,4056.61,202.88,True,385133.79999999993
ICICIBANK.NS,2023-03-22,2023-04-26,839.42,840,885,855.15,892.85,6.36,0.186,1.08,3,15.15,1.805,131,3909.84,196.95,True,389043.63999999996
ABCAPITAL.NS,2023-03-22,2023-04-26,156.15,155,170,160.27,161.9,3.68,0.3505,1.201,3,5.27,3.374,379,618.49,30.98,True,389662.12999999995
ANANTRAJ.NS,2023-03-22,2023-04-26,120.86,120,130,123.96,139.31,15.26,0.5246,1.037,3,3.96,3.275,505,3050.87,152.61,True,392712.99999999994
ANGELONE.NS,2023-03-22,2023-04-26,107.06,105,115,109.09,116.77,9.07,0.4582,1.388,3,4.09,3.822,488,2883.15,144.38,True,395596.14999999997
BHARTIARTL.NS,2023-03-23,2023-04-27,749.58,750,790,763.84,772.11,3.01,0.1986,0.874,4,13.84,1.846,144,1191.08,59.77,True,396787.23
ANGELONE.NS,2023-03-23,2023-04-27,111.27,110,120,113.94,117.01,5.15,0.4753,1.455,4,3.94,3.539,507,1555.21,77.9,True,398342.44
BHARTIARTL.NS,2023-03-24,2023-04-28,748.5,750,790,763.37,784.68,4.83,0.194,0.896,3,13.37,1.786,149,3175.07,159.42,True,401517.51
ANGELONE.NS,2023-03-28,2023-05-03,107.21,105,115,109.15,116.71,8.85,0.4946,1.354,3,4.15,3.874,481,2812.37,140.79,True,404329.88
ABCAPITAL.NS,2023-03-28,2023-05-03,146.8,145,160,150.59,169.3,15.33,0.4219,1.342,4,5.59,3.809,357,3358.59,168.23,True,407688.47000000003
ANANDRATHI.NS,2023-03-28,2023-05-03,199.52,200,210,203.44,214.53,7.53,0.1985,0.874,4,3.44,1.723,581,3812.46,190.86,True,411500.93000000005
ABREL.NS,2023-03-28,2023-05-03,615.24,615,665,632.57,682.9,11.0,0.3524,1.045,3,17.57,2.856,113,3664.16,184.51,True,415165.09
ABCAPITAL.NS,2023-03-29,2023-05-04,153.1,155,165,158.55,173.35,13.23,0.4358,1.382,4,3.55,2.317,563,3632.73,181.89,True,418797.82
ABREL.NS,2023-03-29,2023-05-04,638.95,640,690,657.76,702.1,9.88,0.3746,1.098,4,17.76,2.779,112,3611.26,181.58,True,422409.08
ABCAPITAL.NS,2023-03-31,2023-05-05,153.55,155,165,158.59,170.65,11.14,0.411,1.326,3,3.59,2.335,557,3572.96,178.91,True,425982.04000000004
TITAN.NS,2023-03-31,2023-05-05,2482.96,2485,2605,2526.18,2698.19,8.67,0.1725,0.755,4,41.18,1.659,48,3783.26,191.39,True,429765.30000000005
ABREL.NS,2023-03-31,2023-05-05,627.57,630,680,647.33,712.5,13.53,0.3781,1.057,4,17.33,2.762,115,3756.71,188.47,True,433522.01000000007
ICICIBANK.NS,2023-04-03,2023-05-08,862.45,860,910,877.66,915.24,6.12,0.1978,0.868,5,17.66,2.048,113,3654.49,183.14,True,437176.50000000006
AJMERA.NS,2023-04-03,2023-05-08,54.79,55,60,56.19,59.91,9.34,0.1981,0.556,4,1.19,2.17,1681,6252.06,312.75,True,443428.56000000006
TITAN.NS,2023-04-03,2023-05-08,2505.17,2505,2625,2546.67,2716.31,8.43,0.1671,0.762,4,41.67,1.663,47,3681.61,187.99,True,447110.17000000004
ANGELONE.NS,2023-04-03,2023-05-08,110.9,110,120,113.81,120.42,8.59,0.4488,1.153,3,3.81,3.437,524,3242.83,162.37,True,450353.00000000006
HDFCBANK.NS,2023-04-03,2023-05-08,762.34,760,800,774.28,778.38,2.1,0.1726,0.782,5,14.28,1.873,140,574.15,28.72,True,450927.1500000001
ABCAPITAL.NS,2023-04-03,2023-05-08,153.8,155,165,158.64,174.3,13.33,0.411,1.255,3,3.64,2.364,550,3500.06,175.01,True,454427.2100000001
AJMERA.NS,2023-04-05,2023-05-09,55.48,55,60,56.49,59.41,7.08,0.1893,0.568,4,1.49,2.685,1342,3916.21,195.93,True,458343.4200000001
ANGELONE.NS,2023-04-05,2023-05-09,110.91,110,120,113.75,123.42,11.28,0.407,0.954,3,3.75,3.382,533,3330.47,166.56,True,461673.8900000001
APOLLO.NS,2023-04-05,2023-05-09,29.34,30,35,31.21,35.99,22.66,0.5144,0.835,5,1.21,4.137,1647,6235.97,311.95,True,467909.86000000004
ICICIBANK.NS,2023-04-05,2023-05-09,863.23,865,910,880.06,911.83,5.63,0.1895,0.869,4,15.06,1.745,132,3951.69,198.75,True,471861.55000000005
ABCAPITAL.NS,2023-04-05,2023-05-09,155.25,155,170,160.2,170.9,10.08,0.409,1.181,3,5.2,3.35,384,3763.13,188.45,True,475624.68000000005
ANANTRAJ.NS,2023-04-05,2023-05-09,132.55,135,145,138.39,140.11,5.7,0.4985,1.017,4,3.39,2.555,590,1013.75,50.73,True,476638.43000000005
HDFCBANK.NS,2023-04-05,2023-05-09,782.78,785,825,798.16,778.41,-0.56,0.1838,0.829,4,13.16,1.681,151,-1987.07,-100.0,False,474651.36000000004
TITAN.NS,2023-04-05,2023-05-09,2540.02,2540,2660,2581.75,2713.49,6.83,0.1655,0.789,5,41.75,1.644,47,3677.77,187.43,True,478329.13000000006
ANANTRAJ.NS,2023-04-06,2023-05-10,134.84,135,145,138.83,142.04,5.35,0.4996,0.93,4,3.83,2.84,522,1677.87,83.93,True,480007.00000000006
ABB.NS,2023-04-06,2023-05-10,3330.2,3330,3555,3405.17,3746.37,12.5,0.2375,0.871,5,75.17,2.257,26,3895.64,199.33,True,483902.6400000001
HDFCBANK.NS,2023-04-06,2023-05-10,788.75,790,830,803.53,782.0,-0.86,0.1841,0.817,4,13.53,1.716,147,-1989.49,-100.0,False,481913.1500000001
AJMERA.NS,2023-04-06,2023-05-10,58.0,60,65,60.82,59.34,2.3,0.2428,0.693,5,0.82,1.416,2434,-1999.26,-100.0,False,479913.8900000001
APOLLO.NS,2023-04-06,2023-05-10,28.64,30,35,30.99,34.64,20.93,0.5184,0.838,3,0.99,3.463,2016,7353.18,367.75,True,487267.07000000007
APARINDS.NS,2023-04-06,2023-05-10,2661.73,2660,2875,2740.79,2582.04,-2.99,0.4686,0.952,3,80.79,3.035,24,-1939.01,-100.0,False,485328.06000000006
TITAN.NS,2023-04-06,2023-05-10,2516.08,2515,2640,2558.39,2710.58,7.73,0.1719,0.742,4,43.39,1.725,46,3754.01,188.08,True,489082.07000000007
ANGELONE.NS,2023-04-06,2023-05-10,112.55,115,120,116.76,125.36,11.38,0.4092,0.981,3,1.76,1.559,1139,3695.85,184.87,True,492777.92000000004
AJMERA.NS,2023-04-10,2023-05-11,61.53,60,65,62.19,58.54,-4.85,0.3114,0.86,5,2.19,3.553,914,-1997.93,-100.0,False,490779.99000000005
APOLLO.NS,2023-04-10,2023-05-11,30.07,30,35,31.52,34.64,15.19,0.5506,0.904,3,1.52,5.041,1319,4119.43,206.0,True,494899.42000000004
BHARTIARTL.NS,2023-04-10,2023-05-11,755.67,755,790,767.34,774.17,2.45,0.1581,0.833,4,12.34,1.633,162,1107.11,55.39,True,496006.53
TITAN.NS,2023-04-11,2023-05-12,2547.28,2545,2670,2588.53,2737.98,7.49,0.1656,0.772,4,43.53,1.709,45,3665.94,187.13,True,499672.47000000003
AJMERA.NS,2023-04-11,2023-05-12,60.3,60,65,61.78,57.59,-4.5,0.3203,0.966,3,1.78,2.954,1122,-1998.64,-100.0,False,497673.83
ANGELONE.NS,2023-04-11,2023-05-12,116.64,115,125,119.01,125.33,7.45,0.4122,0.835,3,4.01,3.434,499,2991.22,149.65,True,500665.05
ABREL.NS,2023-04-11,2023-05-12,674.64,675,730,694.75,766.05,13.55,0.3981,1.041,4,19.75,2.928,101,3560.1,178.46,True,504225.14999999997
BHARTIARTL.NS,2023-04-11,2023-05-12,759.99,760,795,772.08,777.46,2.3,0.1561,0.835,3,12.08,1.589,165,887.95,44.55,True,505113.1
HDFCBANK.NS,2023-04-12,2023-05-15,797.53,800,835,811.62,793.22,-0.54,0.1596,0.801,4,11.62,1.457,172,-1999.03,-100.0,False,503114.06999999995
ANGELONE.NS,2023-04-12,2023-05-15,118.75,120,130,123.29,124.12,4.52,0.4112,0.698,4,3.29,2.77,607,504.14,25.25,True,503618.20999999996
RELIANCE.NS,2023-04-13,2023-05-16,1070.33,1070,1140,1093.71,1115.0,4.17,0.2341,0.861,4,23.71,2.215,84,1788.37,89.81,True,505406.57999999996
ANGELONE.NS,2023-04-13,2023-05-16,119.96,120,130,123.47,122.62,2.21,0.3581,0.7,4,3.47,2.895,575,-493.02,-24.69,False,504913.55999999994
ICICIBANK.NS,2023-04-13,2023-05-16,877.28,875,920,890.9,923.49,5.27,0.1659,0.992,4,15.9,1.813,125,3637.41,183.01,True,508550.9699999999
ANANDRATHI.NS,2023-04-13,2023-05-16,208.15,210,220,212.97,205.41,-1.32,0.1808,0.852,5,2.97,1.428,672,-1997.44,-100.0,False,506553.5299999999
TITAN.NS,2023-04-17,2023-05-17,2572.51,2575,2680,2611.41,2727.31,6.02,0.1431,0.756,4,36.41,1.416,54,3703.62,188.35,True,510257.1499999999
ANANDRATHI.NS,2023-04-17,2023-05-17,208.74,210,220,213.14,207.91,-0.4,0.1785,0.866,3,3.14,1.504,637,-1999.33,-100.0,False,508257.8199999999
ANGELONE.NS,2023-04-17,2023-05-17,121.21,120,130,123.82,120.49,-0.59,0.3468,0.713,3,3.82,3.15,523,-1741.1,-87.19,False,506516.7199999999
ABCAPITAL.NS,2023-04-17,2023-05-17,164.65,165,180,170.08,164.55,-0.06,0.3914,0.975,4,5.08,3.087,393,-1997.84,-100.0,False,504518.8799999999
RELIANCE.NS,2023-04-17,2023-05-17,1075.76,1075,1150,1099.78,1108.41,3.03,0.2336,0.986,3,24.78,2.303,80,690.48,34.84,True,505209.35999999987
APOLLO.NS,2023-04-17,2023-05-17,32.4,30,35,32.38,33.69,3.99,0.5426,1.041,3,2.38,7.337,841,1104.81,55.26,True,506314.16999999987
ICICIBANK.NS,2023-04-17,2023-05-17,879.53,880,920,894.01,916.66,4.22,0.1658,1.079,4,14.01,1.592,142,3216.27,161.71,True,509530.4399999999
ABB.NS,2023-04-17,2023-05-17,3165.41,3165,3390,3239.81,3847.95,21.56,0.2497,0.881,4,74.81,2.363,26,3904.93,200.76,True,513435.3699999999
ICICIBANK.NS,2023-04-18,2023-05-18,875.18,875,915,889.19,923.63,5.54,0.1655,1.09,3,14.19,1.621,140,3613.84,181.95,True,517049.2099999999
ANANDRATHI.NS,2023-04-18,2023-05-18,208.77,210,220,213.14,208.51,-0.12,0.1776,0.857,3,3.14,1.504,637,-1999.6,-100.0,False,515049.6099999999
ABCAPITAL.NS,2023-04-18,2023-05-18,163.3,165,175,168.58,164.8,0.92,0.3948,0.938,4,3.58,2.191,559,-1999.85,-100.0,False,513049.75999999995
HDFCBANK.NS,2023-04-19,2023-05-19,788.44,790,820,800.65,788.48,0.01,0.1506,0.967,3,10.65,1.351,187,-1992.09,-100.0,False,511057.6699999999
BAJFINANCE.NS,2023-04-19,2023-05-19,582.11,580,625,595.5,663.97,14.06,0.2706,0.964,3,15.5,2.662,129,3805.89,190.38,True,514863.55999999994
ANANDRATHI.NS,2023-04-19,2023-05-19,210.01,210,220,213.54,210.74,0.35,0.1768,0.884,4,3.54,1.687,564,-1578.87,-78.99,False,513284.68999999994
APARINDS.NS,2023-04-20,2023-05-22,2744.06,2745,2965,2827.39,2730.33,-0.5,0.473,1.049,4,82.39,3.003,24,-1977.43,-100.0,False,511307.25999999995
ABCAPITAL.NS,2023-04-20,2023-05-22,161.3,160,175,165.49,166.2,3.04,0.3824,1.015,3,5.49,3.402,364,259.43,12.99,True,511566.68999999994
BHARTIARTL.NS,2023-04-20,2023-05-22,758.17,760,785,768.65,787.18,3.83,0.1198,0.865,4,8.65,1.141,231,3776.61,188.98,True,515343.29999999993
AJMERA.NS,2023-04-20,2023-05-22,59.8,60,65,61.67,65.8,10.03,0.3462,1.424,3,1.67,2.785,1200,4001.42,200.21,True,519344.7199999999
ABREL.NS,2023-04-20,2023-05-22,672.46,670,725,689.19,793.22,17.96,0.3066,0.993,3,19.19,2.853,104,3724.47,186.64,True,523069.1899999999
ABREL.NS,2023-04-21,2023-05-23,662.66,665,715,681.69,793.32,19.72,0.3105,1.029,4,16.69,2.519,119,3963.96,199.59,True,527033.1499999999
APARINDS.NS,2023-04-21,2023-05-23,2773.13,2775,2995,2857.29,2755.79,-0.63,0.4683,0.982,3,82.29,2.967,24,-1975.01,-100.0,False,525058.1399999999
BHARTIARTL.NS,2023-04-21,2023-05-23,751.2,750,780,760.74,785.31,4.54,0.1244,0.865,5,10.74,1.43,186,3582.08,179.29,True,528640.22
ANANTRAJ.NS,2023-04-21,2023-05-23,138.71,140,150,143.53,142.69,2.87,0.4272,0.992,3,3.53,2.543,567,-474.15,-23.71,False,528166.0699999998
HDFCBANK.NS,2023-04-24,2023-05-24,799.07,800,830,810.66,773.59,-3.19,0.1396,0.877,4,10.66,1.334,187,-1994.02,-100.0,False,526172.0499999998
TCS.NS,2023-04-24,2023-05-24,2865.0,2865,3010,2914.67,2981.01,4.05,0.174,1.063,3,49.67,1.734,40,2653.38,133.55,True,528825.4299999999
TITAN.NS,2023-04-24,2023-05-24,2596.15,2595,2700,2632.29,2672.87,2.95,0.1364,0.971,4,37.29,1.436,53,2150.35,108.8,True,530975.7799999998
APOLLO.NS,2023-04-24,2023-05-24,31.29,30,35,31.94,34.09,8.95,0.5027,0.938,3,1.94,6.205,1030,2213.11,110.67,True,533188.8899999999
ANANTRAJ.NS,2023-04-24,2023-05-24,139.46,140,150,143.52,140.11,0.46,0.3521,0.966,3,3.52,2.525,567,-1937.28,-97.01,False,531251.6099999999
ANANTRAJ.NS,2023-04-25,2023-05-25,140.11,140,150,143.68,142.99,2.06,0.3485,0.999,3,3.68,2.627,543,-375.83,-18.8,False,530875.7799999998
ICICIBANK.NS,2023-04-25,2023-05-25,891.38,890,935,905.87,917.14,2.89,0.1724,1.011,4,15.87,1.781,126,1420.23,71.02,True,532296.0099999998
RELIANCE.NS,2023-04-25,2023-05-25,1079.67,1080,1140,1100.47,1108.7,2.69,0.1985,0.807,4,20.47,1.896,97,798.34,40.2,True,533094.3499999999
BAJFINANCE.NS,2023-04-25,2023-05-25,594.59,595,635,607.97,669.54,12.61,0.2251,0.766,5,12.97,2.182,154,4162.22,208.34,True,537256.5699999998
BHARTIARTL.NS,2023-04-25,2023-05-25,758.46,760,790,770.17,807.65,6.48,0.1386,0.925,4,10.17,1.341,196,3886.95,195.02,True,541143.5199999998
HDFCBANK.NS,2023-04-25,2023-05-25,787.71,790,820,800.45,770.62,-2.17,0.152,0.917,4,10.45,1.327,191,-1996.47,-100.0,False,539147.0499999998
APOLLO.NS,2023-04-25,2023-05-25,31.31,30,35,31.95,34.44,10.01,0.4973,0.977,4,1.95,6.214,1028,2564.19,128.23,True,541711.2399999998
TITAN.NS,2023-04-25,2023-05-25,2599.76,2600,2700,2635.78,2673.56,2.84,0.1354,0.897,4,35.78,1.376,55,2077.64,105.57,True,543788.8799999999
ABB.NS,2023-04-26,2023-05-26,3333.19,3335,3570,3412.27,3932.24,17.97,0.2461,0.917,3,77.27,2.318,25,3943.17,204.12,True,547732.0499999998
APARINDS.NS,2023-04-26,2023-05-26,2662.32,2660,2875,2741.39,2688.85,1.0,0.4852,1.006,3,81.39,3.057,24,-1261.0,-64.56,False,546471.0499999998
ABCAPITAL.NS,2023-04-26,2023-05-26,161.9,160,175,165.62,165.25,2.07,0.3648,0.967,3,5.62,3.473,355,-132.62,-6.64,False,546338.4299999998
ANGELONE.NS,2023-04-26,2023-05-26,116.77,115,125,118.81,121.3,3.88,0.2775,0.86,4,3.81,3.261,525,1308.86,65.48,True,547647.2899999998
APOLLO.NS,2023-04-26,2023-05-26,31.2,30,35,31.9,34.99,12.14,0.4984,0.941,3,1.9,6.1,1050,3239.83,162.13,True,550887.1199999999
BAJFINANCE.NS,2023-04-26,2023-05-26,592.7,595,630,606.47,675.75,14.01,0.2257,0.808,4,11.47,1.935,174,4094.0,205.11,True,554981.1199999999
ANANTRAJ.NS,2023-04-26,2023-05-26,139.31,140,150,143.45,146.22,4.96,0.341,1.014,4,3.45,2.477,579,1603.62,80.26,True,556584.7399999998
RELIANCE.NS,2023-04-26,2023-05-26,1073.33,1075,1135,1094.76,1138.94,6.11,0.1931,0.851,4,19.76,1.841,101,4064.07,203.62,True,560648.8099999998
ICICIBANK.NS,2023-04-26,2023-05-26,892.85,895,935,908.66,927.73,3.91,0.1695,0.947,3,13.66,1.53,146,2784.66,139.64,True,563433.4699999997
TITAN.NS,2023-04-26,2023-05-26,2607.46,2605,2710,2642.74,2707.32,3.83,0.1352,0.888,4,37.74,1.447,52,3358.3,171.13,True,566791.7699999998
BHARTIARTL.NS,2023-04-26,2023-05-26,759.3,760,790,770.38,802.98,5.75,0.1354,0.971,4,10.38,1.367,192,3767.36,189.06,True,570559.1299999998
ANGELONE.NS,2023-04-27,2023-05-29,117.01,115,125,118.72,124.72,6.6,0.2192,0.855,4,3.72,3.182,537,3222.03,161.17,True,573781.1599999998
BAJFINANCE.NS,2023-04-27,2023-05-29,606.8,605,640,617.45,678.44,11.81,0.1997,0.886,4,12.45,2.052,160,3607.47,181.05,True,577388.6299999998
APOLLO.NS,2023-04-27,2023-05-29,31.33,30,35,31.95,35.19,12.33,0.4915,0.88,4,1.95,6.228,1025,3125.36,156.3,True,580513.9899999998
ABB.NS,2023-04-27,2023-05-29,3349.83,3350,3585,3427.99,3958.17,18.16,0.2459,0.853,3,77.99,2.328,25,3925.34,201.33,True,584439.3299999998
HDFCBANK.NS,2023-04-27,2023-05-29,795.68,795,830,807.31,783.02,-1.59,0.1456,0.906,3,12.31,1.547,162,-1994.52,-100.0,False,582444.8099999998
ABREL.NS,2023-04-27,2023-05-29,669.98,670,725,688.36,787.53,17.54,0.3059,1.081,4,18.36,2.74,108,3957.53,199.63,True,586402.3399999999
ABCAPITAL.NS,2023-04-27,2023-05-29,161.85,160,175,165.12,165.65,2.35,0.2545,0.963,3,5.12,3.164,390,206.3,10.33,True,586608.6399999998
ANANTRAJ.NS,2023-04-27,2023-05-29,141.4,140,155,145.07,150.05,6.12,0.3301,0.966,3,5.07,3.586,394,1961.61,98.2,True,588570.2499999998
BHARTIARTL.NS,2023-04-28,2023-05-30,784.68,785,820,797.12,803.48,2.4,0.155,1.089,4,12.12,1.545,164,1041.53,52.38,True,589611.7799999998
ABB.NS,2023-04-28,2023-05-30,3356.07,3355,3590,3433.28,3956.64,17.9,0.2443,0.822,3,78.28,2.332,25,3918.02,200.21,True,593529.7999999998
HDFCBANK.NS,2023-04-28,2023-05-30,798.81,800,830,810.72,783.62,-1.9,0.1456,0.911,3,10.72,1.342,186,-1993.43,-100.0,False,591536.3699999999
TITAN.NS,2023-04-28,2023-05-30,2608.3,2610,2710,2645.23,2766.91,6.08,0.1342,0.989,3,35.23,1.351,56,3627.17,183.86,True,595163.5399999998
RELIANCE.NS,2023-04-28,2023-05-30,1099.86,1100,1155,1119.0,1145.05,4.11,0.1767,0.869,5,19.0,1.728,105,2735.59,137.11,True,597899.1299999999
BAJFINANCE.NS,2023-04-28,2023-05-30,614.63,615,650,626.65,685.66,11.56,0.1938,0.951,4,11.65,1.895,171,3993.28,200.49,True,601892.4099999999
ABREL.NS,2023-04-28,2023-05-30,673.45,675,725,691.84,788.42,17.07,0.2998,1.067,4,16.84,2.5,118,3913.03,196.93,True,605805.44
APOLLO.NS,2023-04-28,2023-05-30,31.34,30,35,31.93,33.84,7.98,0.4446,0.827,3,1.93,6.171,1034,1971.52,98.59,True,607776.96
ANANDRATHI.NS,2023-04-28,2023-05-30,211.01,210,220,213.58,211.49,0.23,0.1273,0.659,4,3.58,1.698,558,-1165.16,-58.28,False,606611.7999999999
ABCAPITAL.NS,2023-04-28,2023-05-30,167.2,165,180,170.42,171.1,2.33,0.2706,1.027,4,5.42,3.241,369,251.2,12.56,True,606863.0
ANGELONE.NS,2023-04-28,2023-05-30,116.77,115,125,118.6,123.5,5.76,0.2172,0.863,4,3.6,3.084,555,2717.66,135.96,True,609580.6599999999
RELIANCE.NS,2023-05-02,2023-05-31,1109.2,1110,1165,1128.88,1122.31,1.18,0.1775,0.754,4,18.88,1.702,105,-689.38,-34.78,False,608891.2799999999
ABREL.NS,2023-05-02,2023-05-31,671.86,670,725,688.87,790.6,17.67,0.3001,0.974,3,18.87,2.808,106,3830.13,191.52,True,612721.4099999999
ABCAPITAL.NS,2023-05-02,2023-05-31,167.95,170,180,173.11,170.3,1.4,0.2707,0.9,4,3.11,1.854,642,-1806.81,-90.37,False,610914.5999999999
INFY.NS,2023-05-02,2023-05-31,1146.77,1145,1240,1179.92,1183.44,3.2,0.4183,0.618,3,34.92,3.045,57,200.87,10.09,True,611115.47
APARINDS.NS,2023-05-02,2023-05-31,2777.73,2780,3000,2862.46,2716.06,-2.22,0.4753,0.93,3,82.46,2.968,24,-1978.93,-100.0,False,609136.5399999999
APOLLO.NS,2023-05-02,2023-05-31,32.9,35,40,35.73,33.84,2.85,0.4159,0.866,5,0.73,2.216,2742,-1999.34,-100.0,False,607137.2
BHARTIARTL.NS,2023-05-02,2023-05-31,775.74,775,810,787.19,834.35,7.56,0.1457,0.967,4,12.19,1.572,164,3740.37,187.05,True,610877.5699999998
ANANDRATHI.NS,2023-05-02,2023-05-31,213.08,215,220,216.67,211.93,-0.54,0.1291,0.748,5,1.67,0.786,1194,-1999.12,-100.0,False,608878.45
ABREL.NS,2023-05-03,2023-06-01,682.9,685,735,701.32,793.86,16.25,0.2772,0.972,3,16.32,2.39,122,4109.06,206.39,True,612987.5099999999
ANANDRATHI.NS,2023-05-03,2023-06-01,214.53,215,220,217.01,209.77,-2.22,0.129,0.767,4,2.01,0.938,993,-1998.97,-100.0,False,610988.5399999999
APOLLO.NS,2023-05-03,2023-06-01,32.94,35,40,35.69,33.99,3.18,0.3963,0.889,5,0.69,2.108,2880,-1999.97,-100.0,False,608988.57
HDFCBANK.NS,2023-05-03,2023-06-01,801.43,800,835,812.62,767.94,-4.18,0.1451,0.698,4,12.62,1.574,158,-1993.24,-100.0,False,606995.33
APARINDS.NS,2023-05-03,2023-06-01,2903.06,2905,3135,2991.61,2657.09,-8.47,0.4861,0.951,4,86.61,2.983,23,-1992.09,-100.0,False,605003.24
APARINDS.NS,2023-05-04,2023-06-02,2890.01,2890,3120,2972.91,2645.07,-8.48,0.3834,0.988,3,82.91,2.869,24,-1989.89,-100.0,False,603013.3499999999
ANANDRATHI.NS,2023-05-04,2023-06-02,214.68,215,220,217.02,211.09,-1.67,0.1182,0.722,3,2.02,0.939,991,-1998.15,-100.0,False,601015.2
HDFCBANK.NS,2023-05-04,2023-06-02,817.84,820,855,831.69,769.14,-5.95,0.1531,0.817,5,11.69,1.43,171,-1999.3,-100.0,False,599015.8999999999
APOLLO.NS,2023-05-04,2023-06-02,34.59,35,40,36.24,34.29,-0.87,0.3965,0.94,4,1.24,3.59,1610,-1999.36,-100.0,False,597016.5399999999
RELIANCE.NS,2023-05-04,2023-06-02,1112.36,1110,1150,1124.95,1115.63,0.29,0.1142,0.757,3,14.95,1.344,133,-1238.92,-62.32,False,595777.6199999999
ABB.NS,2023-05-04,2023-06-02,3579.35,3580,3865,3675.77,3948.74,10.32,0.3017,1.069,4,95.77,2.676,20,3784.56,197.58,True,599562.1799999999
ABREL.NS,2023-05-04,2023-06-02,702.1,700,760,719.72,782.83,11.5,0.2781,0.962,4,19.72,2.809,101,4068.14,204.24,True,603630.32
ABCAPITAL.NS,2023-05-04,2023-06-02,173.35,175,185,178.14,172.55,-0.46,0.2455,0.854,4,3.14,1.811,637,-1999.99,-100.0,False,601630.33
ANGELONE.NS,2023-05-04,2023-06-02,116.05,115,125,118.22,124.64,7.4,0.2093,0.633,4,3.22,2.775,621,3987.86,199.4,True,605618.19
APOLLO.NS,2023-05-05,2023-06-05,33.84,35,40,35.95,34.64,2.36,0.3871,1.088,3,0.95,2.81,2103,-1999.84,-100.0,False,603618.3499999999
ABB.NS,2023-05-05,2023-06-05,3651.52,3650,3945,3749.75,3959.98,8.45,0.3068,1.125,4,99.75,2.732,20,3905.01,195.74,True,607523.3599999999
BAJFINANCE.NS,2023-05-05,2023-06-05,625.38,625,665,638.33,689.32,10.22,0.2144,1.075,3,13.33,2.132,150,4000.02,200.0,True,611523.3799999999
RELIANCE.NS,2023-05-05,2023-06-05,1109.52,1110,1145,1122.93,1125.65,1.45,0.1153,0.758,4,12.93,1.166,154,418.86,21.03,True,611942.24
ABREL.NS,2023-05-05,2023-06-05,712.5,710,765,728.67,786.09,10.33,0.2591,0.993,3,18.67,2.62,107,3887.77,194.66,True,615830.01
TITAN.NS,2023-05-05,2023-06-05,2698.19,2700,2815,2740.34,2819.43,4.49,0.1538,1.101,4,40.34,1.495,49,3658.53,185.1,True,619488.54
TCS.NS,2023-05-05,2023-06-05,2915.44,2915,3060,2964.94,2967.97,1.8,0.171,0.707,4,49.94,1.713,40,121.08,6.06,True,619609.62
ABREL.NS,2023-05-08,2023-06-06,741.65,740,800,759.95,786.69,6.07,0.2741,1.018,3,19.95,2.69,100,2673.33,133.98,True,622282.95
BAJFINANCE.NS,2023-05-08,2023-06-06,651.62,650,700,666.55,696.24,6.85,0.2488,1.185,4,16.55,2.539,120,3563.74,179.48,True,625846.6900000001
APARINDS.NS,2023-05-08,2023-06-06,2986.17,2985,3225,3071.02,2703.46,-9.47,0.3741,1.082,3,86.02,2.88,23,-1978.38,-100.0,False,623868.31
TITAN.NS,2023-05-08,2023-06-06,2716.31,2715,2835,2757.12,2844.85,4.73,0.1496,1.112,3,42.12,1.551,47,3660.14,184.87,True,627528.4500000001
TCS.NS,2023-05-08,2023-06-06,2933.4,2935,3075,2983.03,2916.89,-0.56,0.1666,0.649,4,48.03,1.637,41,-1969.03,-100.0,False,625559.42
APOLLO.NS,2023-05-08,2023-06-06,35.44,35,40,36.6,34.94,-1.41,0.4105,1.134,3,1.6,4.514,1250,-1999.61,-100.0,False,623559.81
ANANTRAJ.NS,2023-05-08,2023-06-06,142.54,145,155,148.02,159.84,12.14,0.3315,1.015,4,3.02,2.115,663,4630.96,231.66,True,628190.77
ICICIBANK.NS,2023-05-08,2023-06-06,915.24,915,950,927.63,919.34,0.45,0.1339,0.862,4,12.63,1.38,158,-1309.4,-65.63,False,626881.37
ABB.NS,2023-05-08,2023-06-06,3733.75,3735,4030,3835.4,3984.19,6.71,0.3122,1.164,3,100.4,2.689,19,2827.01,148.2,True,629708.38
HDFCBANK.NS,2023-05-09,2023-06-07,778.41,780,835,798.05,769.71,-1.12,0.26,1.161,4,18.05,2.319,110,-1985.74,-100.0,False,627722.64
BHARTIARTL.NS,2023-05-09,2023-06-07,779.08,780,815,791.8,828.8,6.38,0.1525,1.03,3,11.8,1.515,169,3920.0,196.49,True,631642.64
APOLLO.NS,2023-05-09,2023-06-07,35.99,35,40,36.81,35.04,-2.64,0.3914,1.211,3,1.81,5.026,1105,-1956.14,-97.87,False,629686.5
ABREL.NS,2023-05-09,2023-06-07,760.7,760,820,780.04,799.85,5.15,0.2813,1.018,4,20.04,2.634,99,1961.48,98.87,True,631647.98
TCS.NS,2023-05-09,2023-06-07,2962.87,2965,3105,3013.25,2955.33,-0.25,0.1685,0.643,3,48.25,1.629,41,-1978.39,-100.0,False,629669.59
ICICIBANK.NS,2023-05-09,2023-06-07,911.83,910,945,922.97,917.49,0.62,0.1262,0.816,4,12.97,1.422,154,-844.65,-42.29,False,628824.94
TCS.NS,2023-05-10,2023-06-08,2966.07,2965,3105,3013.77,2920.63,-1.53,0.1622,0.643,4,48.77,1.644,41,-1999.5,-100.0,False,626825.44
BHARTIARTL.NS,2023-05-10,2023-06-08,781.49,780,815,792.67,820.7,5.02,0.1521,0.98,3,12.67,1.621,157,3505.85,176.25,True,630331.2899999999
BAJFINANCE.NS,2023-05-10,2023-06-08,649.03,650,695,664.41,686.08,5.71,0.2337,1.216,3,14.41,2.221,138,2990.04,150.33,True,633321.33
RELIANCE.NS,2023-05-10,2023-06-08,1134.44,1135,1170,1147.96,1135.83,0.12,0.1129,0.763,4,12.96,1.142,154,-1867.96,-93.59,False,631453.37
HDFCBANK.NS,2023-05-10,2023-06-08,782.0,780,840,800.19,770.19,-1.51,0.2602,1.149,4,20.19,2.582,99,-1998.91,-100.0,False,629454.46
ANANTRAJ.NS,2023-05-10,2023-06-08,142.04,140,155,145.35,162.78,14.6,0.3373,1.067,3,5.35,3.768,373,3598.42,180.23,True,633052.88
ANANDRATHI.NS,2023-05-11,2023-06-09,215.41,215,225,218.38,214.61,-0.37,0.1296,0.908,3,3.38,1.568,592,-1999.12,-100.0,False,631053.76
ICICIBANK.NS,2023-05-11,2023-06-09,916.51,915,945,926.5,915.39,-0.12,0.1117,0.835,4,11.5,1.254,173,-1921.65,-96.63,False,629132.11
HDFCBANK.NS,2023-05-12,2023-06-12,789.43,790,850,809.32,766.41,-2.92,0.2576,1.25,3,19.32,2.447,103,-1990.04,-100.0,False,627142.07
APARINDS.NS,2023-05-12,2023-06-12,2625.82,2625,2835,2707.8,2974.0,13.26,0.7264,1.468,3,82.8,3.153,24,3052.72,153.61,True,630194.7899999999
ICICIBANK.NS,2023-05-12,2023-06-12,921.1,920,950,931.31,913.34,-0.84,0.1096,0.842,4,11.31,1.228,176,-1990.98,-100.0,False,628203.8099999999
ANGELONE.NS,2023-05-12,2023-06-12,125.33,125,135,128.25,141.73,13.09,0.2481,0.775,3,3.25,2.592,615,4152.38,207.87,True,632356.19
ANANDRATHI.NS,2023-05-12,2023-06-12,212.96,215,220,216.62,215.73,1.3,0.1249,0.949,3,1.62,0.762,1232,-1097.08,-54.87,False,631259.11
BHARTIARTL.NS,2023-05-15,2023-06-13,782.47,780,815,793.08,819.08,4.68,0.1545,0.919,4,13.08,1.672,152,3331.3,167.51,True,634590.41
ABCAPITAL.NS,2023-05-15,2023-06-13,165.7,165,180,170.06,177.65,7.21,0.3126,1.073,3,5.06,3.056,395,2996.75,149.84,True,637587.16
HDFCBANK.NS,2023-05-15,2023-06-13,793.22,795,850,813.09,767.7,-3.22,0.2577,1.246,3,18.09,2.281,110,-1990.42,-100.0,False,635596.74
INFY.NS,2023-05-15,2023-06-13,1129.62,1130,1220,1162.29,1187.11,5.09,0.3814,0.649,4,32.29,2.859,61,1513.86,76.85,True,637110.6
APARINDS.NS,2023-05-15,2023-06-13,2684.69,2685,2900,2769.57,2925.29,8.96,0.7233,1.501,3,84.57,3.15,23,2999.79,154.21,True,640110.39
INFY.NS,2023-05-16,2023-06-14,1134.96,1135,1185,1152.36,1183.06,4.24,0.1494,0.624,4,17.36,1.529,115,3530.9,176.88,True,643641.29
TITAN.NS,2023-05-16,2023-06-14,2754.81,2755,2865,2793.8,2870.13,4.19,0.1364,0.998,3,38.8,1.408,51,3631.39,183.53,True,647272.68
APARINDS.NS,2023-05-16,2023-06-14,2692.85,2695,2910,2779.36,2874.13,6.73,0.7232,1.531,3,84.36,3.133,23,2179.73,112.34,True,649452.41
ABCAPITAL.NS,2023-05-16,2023-06-14,165.05,165,180,169.58,175.55,6.36,0.2737,1.11,3,4.58,2.776,436,2602.04,130.25,True,652054.4500000001
ABB.NS,2023-05-17,2023-06-15,3847.95,3850,4140,3945.24,4235.55,10.07,0.2667,1.154,3,95.24,2.475,21,4090.05,204.51,True,656144.5000000001
APOLLO.NS,2023-05-17,2023-06-15,33.69,35,40,35.85,40.18,19.26,0.3663,1.378,3,0.85,2.521,2354,9770.53,488.65,True,665915.0300000001
BAJFINANCE.NS,2023-05-17,2023-06-15,656.22,655,700,670.34,697.48,6.29,0.238,1.127,3,15.34,2.338,130,3527.86,176.85,True,669442.8900000001
ANANDRATHI.NS,2023-05-17,2023-06-15,207.91,210,215,211.75,213.43,2.65,0.1584,0.888,4,1.75,0.841,1143,1920.57,96.1,True,671363.4600000001
APARINDS.NS,2023-05-17,2023-06-15,2728.91,2730,2945,2814.6,3039.48,11.38,0.7078,1.472,3,84.6,3.1,23,2999.11,154.12,True,674362.5700000001
ABREL.NS,2023-05-18,2023-06-16,814.5,815,880,836.61,775.11,-4.84,0.2974,1.008,4,21.61,2.653,92,-1987.68,-100.0,False,672374.89
ANANDRATHI.NS,2023-05-18,2023-06-16,208.51,210,220,212.87,213.32,2.31,0.1572,0.892,4,2.87,1.377,696,311.19,15.57,True,672686.08
APOLLO.NS,2023-05-18,2023-06-16,32.64,35,40,35.58,39.38,20.64,0.383,1.391,3,0.58,1.782,3437,13057.62,653.01,True,685743.7
BHARTIARTL.NS,2023-05-18,2023-06-16,784.73,785,820,797.24,822.47,4.81,0.159,0.835,5,12.24,1.56,163,3709.09,185.83,True,689452.7899999999
ICICIBANK.NS,2023-05-19,2023-06-19,931.24,930,960,941.39,900.85,-3.26,0.1083,0.825,4,11.39,1.223,175,-1992.65,-100.0,False,687460.1399999999
RELIANCE.NS,2023-05-19,2023-06-19,1109.61,1110,1150,1124.32,1159.53,4.5,0.1258,0.815,4,14.32,1.29,139,3570.04,179.4,True,691030.1799999999
ABREL.NS,2023-05-19,2023-06-19,795.6,795,860,817.16,805.3,1.22,0.3159,1.042,3,22.16,2.786,90,-1067.91,-53.54,False,689962.2699999999
TCS.NS,2023-05-19,2023-06-19,2908.36,2910,3015,2947.48,2918.67,0.35,0.1274,0.769,4,37.48,1.289,53,-1527.05,-76.86,False,688435.2199999999
ANANDRATHI.NS,2023-05-19,2023-06-19,210.74,210,220,213.71,211.94,0.57,0.162,0.931,3,3.71,1.762,538,-954.62,-47.79,False,687480.5999999999
INFY.NS,2023-05-19,2023-06-19,1139.09,1140,1185,1156.02,1177.24,3.35,0.1463,0.682,5,16.02,1.406,124,2631.25,132.46,True,690111.8499999999
BHARTIARTL.NS,2023-05-19,2023-06-19,791.01,790,825,802.7,813.0,2.78,0.1579,0.868,4,12.7,1.606,157,1616.58,81.07,True,691728.4299999998
INFY.NS,2023-05-22,2023-06-20,1160.55,1160,1215,1179.01,1185.79,2.18,0.1581,0.719,4,19.01,1.638,105,712.47,35.7,True,692440.8999999998
RELIANCE.NS,2023-05-22,2023-06-20,1115.54,1115,1155,1129.7,1161.94,4.16,0.1263,0.808,4,14.7,1.317,136,3441.41,172.19,True,695882.3099999998
ANANDRATHI.NS,2023-05-22,2023-06-20,211.21,210,220,213.88,211.73,0.25,0.1618,0.895,4,3.88,1.839,514,-1107.81,-55.49,False,694774.4999999998
TCS.NS,2023-05-22,2023-06-20,2976.81,2975,3095,3017.95,2934.4,-1.42,0.1374,0.877,4,42.95,1.443,46,-1975.8,-100.0,False,692798.6999999997
ABB.NS,2023-05-22,2023-06-20,3822.71,3825,4105,3917.06,4296.77,12.4,0.2588,0.935,3,92.06,2.408,21,3946.66,204.14,True,696745.3599999998
APOLLO.NS,2023-05-22,2023-06-20,34.39,35,40,36.19,43.37,26.12,0.4094,1.197,3,1.19,3.47,1676,6380.18,319.04,True,703125.5399999998
TCS.NS,2023-05-23,2023-06-21,2975.32,2975,3095,3017.41,2962.13,-0.44,0.1374,0.859,4,42.41,1.425,47,-1993.36,-100.0,False,701132.1799999998
ANANDRATHI.NS,2023-05-23,2023-06-21,208.64,210,220,213.01,212.33,1.77,0.1672,0.95,3,3.01,1.443,664,-450.92,-22.55,False,700681.2599999998
RELIANCE.NS,2023-05-23,2023-06-21,1115.34,1115,1155,1129.63,1165.21,4.47,0.1264,0.799,4,14.63,1.311,136,3450.8,173.48,True,704132.0599999998
INFY.NS,2023-05-23,2023-06-21,1167.06,1165,1220,1184.59,1182.11,1.29,0.1579,0.766,3,19.59,1.679,102,-253.57,-12.69,False,703878.4899999999
APARINDS.NS,2023-05-23,2023-06-21,2755.79,2755,2975,2841.54,3093.52,12.26,0.6947,0.877,4,86.54,3.14,23,3069.47,154.2,True,706947.9599999998
ABB.NS,2023-05-23,2023-06-21,3841.91,3840,4125,3934.33,4287.4,11.6,0.257,0.98,3,94.33,2.455,21,4004.05,202.13,True,710952.0099999999
TITAN.NS,2023-05-24,2023-06-22,2672.87,2675,2780,2711.9,2932.53,9.71,0.1395,0.939,3,36.9,1.381,54,3677.22,184.53,True,714629.2299999999
ABREL.NS,2023-05-24,2023-06-22,793.81,795,855,814.4,804.06,1.29,0.2659,0.927,3,19.4,2.444,103,-1065.5,-53.31,False,713563.7299999999
RELIANCE.NS,2023-05-24,2023-06-22,1108.84,1110,1150,1124.1,1152.12,3.9,0.1275,0.827,4,14.1,1.272,141,3651.37,183.61,True,717215.0999999999
TCS.NS,2023-05-24,2023-06-22,2981.01,2980,3100,3022.68,2944.22,-1.23,0.1373,0.868,3,42.68,1.432,46,-1963.44,-100.0,False,715251.6599999999
BAJFINANCE.NS,2023-05-24,2023-06-22,664.14,665,710,679.52,688.03,3.6,0.2294,0.794,4,14.52,2.186,137,1166.21,58.65,True,716417.8699999999
INFY.NS,2023-05-24,2023-06-22,1165.8,1165,1220,1184.13,1165.91,0.01,0.1578,0.76,3,19.13,1.641,104,-1894.33,-95.23,False,714523.5399999999
BHARTIARTL.NS,2023-05-24,2023-06-22,786.74,785,820,797.58,827.38,5.17,0.1433,0.879,5,12.58,1.599,158,3542.27,178.21,True,718065.8099999999
TCS.NS,2023-05-25,2023-06-23,2972.12,2970,3090,3013.0,2924.08,-1.62,0.137,0.877,3,43.0,1.447,46,-1977.99,-100.0,False,716087.82
TITAN.NS,2023-05-25,2023-06-23,2673.56,2675,2780,2712.14,2901.82,8.54,0.1394,0.982,3,37.14,1.389,53,3596.64,182.72,True,719684.46
BAJFINANCE.NS,2023-05-25,2023-06-23,669.54,670,715,684.66,684.08,2.17,0.2272,0.834,4,14.66,2.189,136,-78.79,-3.95,False,719605.6699999999
INFY.NS,2023-05-25,2023-06-23,1170.92,1170,1225,1189.21,1150.86,-1.71,0.1579,0.745,4,19.21,1.641,104,-1997.88,-100.0,False,717607.7899999999
BHARTIARTL.NS,2023-05-25,2023-06-23,807.65,810,845,821.94,839.16,3.9,0.1673,0.995,4,11.94,1.479,167,2875.37,144.17,True,720483.1599999999
ABB.NS,2023-05-26,2023-06-26,3932.24,3930,4205,4021.58,4207.76,7.01,0.2412,0.977,3,91.58,2.329,21,3851.86,200.29,True,724335.0199999999
TITAN.NS,2023-05-26,2023-06-26,2707.32,2705,2820,2745.9,2934.85,8.4,0.1429,1.052,3,40.9,1.511,48,3556.88,181.19,True,727891.8999999999
APARINDS.NS,2023-05-26,2023-06-26,2688.85,2690,2905,2774.22,3274.55,21.78,0.6888,0.697,4,84.22,3.132,23,3007.87,155.27,True,730899.7699999999
APOLLO.NS,2023-05-26,2023-06-26,34.99,35,40,36.43,52.61,50.36,0.4185,1.128,3,1.43,4.098,1394,4971.32,248.73,True,735871.0899999999
RELIANCE.NS,2023-05-26,2023-06-26,1138.94,1140,1190,1157.18,1133.97,-0.44,0.1532,0.928,4,17.18,1.508,116,-1992.8,-100.0,False,733878.2899999998
BAJFINANCE.NS,2023-05-26,2023-06-26,675.75,675,720,689.92,684.96,1.36,0.2181,0.802,4,14.92,2.208,134,-664.17,-33.22,False,733214.1199999998
ANGELONE.NS,2023-05-26,2023-06-26,121.3,120,130,123.87,159.7,31.66,0.3596,1.022,3,3.87,3.191,516,3162.58,158.33,True,736376.6999999997
RELIANCE.NS,2023-05-29,2023-06-27,1145.35,1145,1190,1161.35,1134.38,-0.96,0.1426,0.93,3,16.35,1.428,122,-1995.24,-100.0,False,734381.4599999997
ABB.NS,2023-05-29,2023-06-27,3958.17,3960,4230,4049.46,4216.75,6.53,0.2401,0.942,3,89.46,2.26,22,3680.41,187.01,True,738061.8699999998
HDFCBANK.NS,2023-05-29,2023-06-27,783.02,785,840,802.79,794.08,1.41,0.2528,0.832,4,17.79,2.272,112,-974.97,-48.94,False,737086.8999999998
ICICIBANK.NS,2023-05-29,2023-06-27,925.24,925,950,934.69,913.48,-1.27,0.0983,0.847,4,9.69,1.047,206,-1996.39,-100.0,False,735090.5099999998
BAJFINANCE.NS,2023-05-29,2023-06-27,678.44,680,720,693.25,686.98,1.26,0.2164,0.814,4,13.25,1.953,150,-940.85,-47.35,False,734149.6599999998
ANANDRATHI.NS,2023-05-29,2023-06-27,211.79,210,225,215.1,213.59,0.85,0.1782,0.797,4,5.1,2.409,391,-591.84,-29.66,False,733557.8199999998
TITAN.NS,2023-05-29,2023-06-27,2776.53,2775,2905,2820.55,2937.91,5.81,0.1612,1.138,4,45.55,1.64,43,3631.43,185.41,True,737189.2499999999
ABREL.NS,2023-05-29,2023-06-27,787.53,790,850,809.45,784.11,-0.43,0.2857,0.9,4,19.45,2.47,102,-1983.73,-100.0,False,735205.5199999999
ANGELONE.NS,2023-05-29,2023-06-27,124.72,125,135,128.49,163.98,31.47,0.3709,1.092,3,3.49,2.801,572,3721.75,186.25,True,738927.2699999999
BHARTIARTL.NS,2023-05-30,2023-06-28,803.48,805,835,815.67,856.24,6.57,0.147,1.003,3,10.67,1.329,187,3613.81,181.04,True,742541.08
ANANDRATHI.NS,2023-05-30,2023-06-28,211.49,210,220,214.04,213.98,1.18,0.1746,0.756,4,4.04,1.912,494,-29.97,-1.5,False,742511.11
BAJFINANCE.NS,2023-05-30,2023-06-28,685.66,685,730,699.89,693.92,1.2,0.214,0.774,4,14.89,2.172,134,-799.96,-40.09,False,741711.15
TITAN.NS,2023-05-30,2023-06-28,2766.91,2765,2895,2810.64,2989.64,8.05,0.1616,1.191,3,45.64,1.65,43,3627.27,184.81,True,745338.42
ICICIBANK.NS,2023-05-30,2023-06-28,927.0,925,955,936.37,914.8,-1.32,0.0976,0.846,4,11.37,1.226,175,-1989.45,-100.0,False,743348.9700000001
HDFCBANK.NS,2023-05-30,2023-06-28,783.62,785,840,802.99,802.49,2.41,0.2528,0.784,4,17.99,2.296,111,-56.07,-2.81,False,743292.9000000001
ABREL.NS,2023-05-30,2023-06-28,788.42,790,850,809.7,791.73,0.42,0.2843,0.883,4,19.7,2.499,101,-1814.66,-91.19,False,741478.2400000001
ABCAPITAL.NS,2023-05-30,2023-06-28,171.1,170,185,174.97,193.5,13.09,0.2606,0.837,5,4.97,2.907,402,4030.3,201.54,True,745508.5400000002
ICICIBANK.NS,2023-05-31,2023-06-30,926.22,925,950,935.03,912.02,-1.53,0.0979,0.85,5,10.03,1.083,199,-1995.82,-100.0,False,743512.7200000002
BAJFINANCE.NS,2023-05-31,2023-06-30,684.1,685,725,698.3,703.79,2.88,0.207,0.738,4,13.3,1.944,150,823.43,41.28,True,744336.1500000003
TITAN.NS,2023-05-31,2023-06-30,2787.39,2785,2915,2830.89,3008.94,7.95,0.1607,1.205,3,45.89,1.646,43,3616.77,183.29,True,747952.9200000003
HDFCBANK.NS,2023-05-31,2023-06-30,771.22,770,830,789.72,814.57,5.62,0.2577,0.822,4,19.72,2.558,101,2509.89,125.99,True,750462.8100000003
ABREL.NS,2023-05-31,2023-06-30,790.6,790,855,811.3,852.76,7.86,0.2831,0.881,3,21.3,2.694,93,3855.9,194.67,True,754318.7100000003
ABCAPITAL.NS,2023-05-31,2023-06-30,170.3,170,185,174.65,196.3,15.27,0.2599,0.835,5,4.65,2.731,430,4450.3,222.55,True,758769.0100000004
ANANDRATHI.NS,2023-05-31,2023-06-30,211.93,210,220,214.19,213.35,0.67,0.1728,0.74,4,4.19,1.977,477,-398.63,-19.94,False,758370.3800000004
APARINDS.NS,2023-05-31,2023-06-30,2716.06,2715,2935,2801.17,3391.04,24.85,0.6732,0.672,4,86.17,3.173,23,3078.01,155.3,True,761448.3900000004
BHARTIARTL.NS,2023-05-31,2023-06-30,834.35,835,880,850.02,862.67,3.39,0.1837,1.328,4,15.02,1.8,133,1683.22,84.28,True,763131.6100000003
ABB.NS,2023-05-31,2023-06-30,4051.2,4050,4340,4146.05,4342.92,7.2,0.2477,1.134,4,96.05,2.371,20,3878.96,201.92,True,767010.5700000003
ABCAPITAL.NS,2023-06-01,2023-07-03,171.85,170,185,175.2,195.05,13.5,0.2474,0.821,3,5.2,3.027,384,3762.8,188.4,True,770773.3700000003
ABREL.NS,2023-06-01,2023-07-03,793.86,795,855,814.61,857.36,8.0,0.2728,0.844,3,19.61,2.47,102,4120.07,206.01,True,774893.4400000003
APARINDS.NS,2023-06-01,2023-07-03,2657.09,2655,2870,2739.42,3464.23,30.38,0.6764,0.641,4,84.42,3.177,23,3003.33,154.68,True,777896.7700000003
ABCAPITAL.NS,2023-06-02,2023-07-04,172.55,175,185,177.89,193.75,12.29,0.2411,0.752,4,2.89,1.674,692,4921.05,246.18,True,782817.8200000003
TITAN.NS,2023-06-02,2023-07-04,2825.3,2825,2945,2867.2,3035.6,7.44,0.146,1.139,3,42.2,1.494,47,3656.42,184.33,True,786474.2400000003
ABREL.NS,2023-06-02,2023-07-04,782.83,785,845,804.33,869.39,11.06,0.2798,0.797,4,19.33,2.469,103,4189.0,210.4,True,790663.2400000003
APARINDS.NS,2023-06-05,2023-07-05,2707.17,2705,2925,2791.21,3430.08,26.7,0.6645,0.603,3,86.21,3.184,23,3077.19,155.19,True,793740.4300000003
ICICIBANK.NS,2023-06-05,2023-07-05,923.88,925,950,934.43,934.86,1.19,0.1071,0.928,3,9.43,1.021,212,89.79,4.49,True,793830.2200000003
BHARTIARTL.NS,2023-06-05,2023-07-05,819.23,820,870,836.52,850.79,3.85,0.2112,1.439,3,16.52,2.017,121,1726.98,86.39,True,795557.2000000003
ANGELONE.NS,2023-06-06,2023-07-06,137.23,135,150,140.65,167.8,22.27,0.435,1.228,4,5.65,4.118,353,3299.89,165.4,True,798857.0900000003
ABB.NS,2023-06-06,2023-07-06,3984.19,3985,4265,4077.87,4320.49,8.44,0.2476,1.235,3,92.87,2.331,21,3929.74,201.5,True,802786.8300000003
APARINDS.NS,2023-06-06,2023-07-06,2703.46,2705,2920,2778.43,3412.97,26.24,0.3211,0.618,4,73.43,2.716,27,3822.4,192.8,True,806609.2300000003
APOLLO.NS,2023-06-06,2023-07-06,34.94,35,40,36.23,47.82,36.86,0.326,0.891,4,1.23,3.529,1622,6110.11,305.52,True,812719.3400000003
ABB.NS,2023-06-07,2023-07-07,4075.94,4075,4375,4174.32,4320.09,5.99,0.2571,1.279,3,99.32,2.437,20,2915.46,146.77,True,815634.8000000003
APOLLO.NS,2023-06-07,2023-07-07,35.04,35,40,36.2,48.22,37.61,0.2959,0.859,5,1.2,3.437,1660,6300.84,315.17,True,821935.6400000002
ABCAPITAL.NS,2023-06-07,2023-07-07,173.45,175,185,178.17,189.25,9.11,0.2456,0.859,4,3.17,1.827,631,4310.61,215.6,True,826246.2500000002
ABREL.NS,2023-06-07,2023-07-07,799.85,800,855,818.09,908.24,13.55,0.2352,0.727,5,18.09,2.262,110,4060.09,204.03,True,830306.3400000002
APARINDS.NS,2023-06-07,2023-07-07,2740.1,2740,2960,2815.28,3403.1,24.2,0.3203,0.619,5,75.28,2.747,26,3762.61,192.23,True,834068.9500000002
TITAN.NS,2023-06-07,2023-07-07,2870.03,2870,2990,2912.65,3104.07,8.15,0.1486,1.092,3,42.65,1.486,46,3558.02,181.35,True,837626.9700000002
ANGELONE.NS,2023-06-07,2023-07-07,138.41,140,150,143.48,162.95,17.73,0.4335,1.315,4,3.48,2.511,575,3751.3,187.69,True,841378.2700000003
ANANTRAJ.NS,2023-06-07,2023-07-07,163.67,165,175,168.11,178.03,8.77,0.2412,0.936,4,3.11,1.899,643,4432.0,221.82,True,845810.2700000003
ANANDRATHI.NS,2023-06-07,2023-07-07,211.98,210,225,215.22,224.92,6.11,0.1812,0.689,5,5.22,2.461,383,3717.23,186.04,True,849527.5000000002
INFY.NS,2023-06-08,2023-07-10,1167.05,1165,1220,1184.37,1209.22,3.61,0.1521,0.705,4,19.37,1.659,103,2559.63,128.32,True,852087.1300000002
APOLLO.NS,2023-06-08,2023-07-10,35.14,35,40,36.25,45.97,30.82,0.296,0.869,4,1.25,3.564,1596,5981.25,299.25,True,858068.3800000002
ABB.NS,2023-06-08,2023-07-10,4037.85,4040,4340,4138.23,4290.54,6.26,0.2599,1.292,3,98.23,2.433,20,3046.2,155.06,True,861114.5800000002
APARINDS.NS,2023-06-08,2023-07-10,2779.39,2780,3000,2853.93,3306.02,18.95,0.2998,0.642,4,73.93,2.66,27,3943.95,197.59,True,865058.5300000001
ABREL.NS,2023-06-08,2023-07-10,796.49,795,850,813.63,892.55,12.06,0.2356,0.752,4,18.63,2.339,107,3891.6,195.22,True,868950.1300000001
RELIANCE.NS,2023-06-08,2023-07-10,1135.83,1135,1185,1152.6,1242.79,9.42,0.1473,0.972,3,17.6,1.549,113,3661.65,184.16,True,872611.7800000001
ANANDRATHI.NS,2023-06-08,2023-07-10,213.13,215,225,217.97,229.42,7.64,0.1765,0.708,4,2.97,1.396,672,4720.89,236.15,True,877332.6700000002
ANANTRAJ.NS,2023-06-08,2023-07-10,162.78,165,175,167.76,176.58,8.48,0.2297,0.957,3,2.76,1.698,723,5232.09,261.88,True,882564.7600000001
APARINDS.NS,2023-06-09,2023-07-11,2965.79,2965,3205,3048.55,3321.41,11.99,0.34,0.788,5,83.55,2.817,23,3598.43,187.27,True,886163.1900000002
ABB.NS,2023-06-09,2023-07-11,4076.04,4075,4370,4172.82,4417.79,8.38,0.2524,1.278,3,97.82,2.4,20,3943.65,201.58,True,890106.8400000002
ANGELONE.NS,2023-06-09,2023-07-11,141.39,140,155,145.42,165.64,17.16,0.4266,1.449,3,5.42,3.833,369,3535.43,176.81,True,893642.2700000003
ANANDRATHI.NS,2023-06-09,2023-07-11,214.61,215,225,218.43,231.21,7.73,0.1734,0.747,4,3.43,1.596,583,3832.97,191.93,True,897475.2400000002
BAJFINANCE.NS,2023-06-12,2023-07-12,694.65,695,715,702.58,730.46,5.15,0.1104,0.763,4,7.58,1.091,263,3266.8,163.9,True,900742.0400000003
APARINDS.NS,2023-06-12,2023-07-12,2974.0,2975,3210,3056.68,3404.67,14.48,0.3348,0.815,5,81.68,2.747,24,3679.61,187.7,True,904421.6500000003
ABREL.NS,2023-06-12,2023-07-12,797.43,795,840,810.61,879.39,10.28,0.1769,0.712,5,15.61,1.957,128,3762.03,188.29,True,908183.6800000003
INFY.NS,2023-06-12,2023-07-12,1175.37,1175,1230,1194.43,1212.99,3.2,0.1679,0.733,3,19.43,1.653,102,1893.06,95.5,True,910076.7400000003
ABCAPITAL.NS,2023-06-12,2023-07-12,177.35,175,185,179.24,188.45,6.26,0.1977,0.944,4,4.24,2.39,471,2713.31,135.89,True,912790.0500000004
ANANDRATHI.NS,2023-06-12,2023-07-12,215.73,215,225,218.42,229.87,6.56,0.1195,0.718,3,3.42,1.587,584,3840.62,192.09,True,916630.6700000004
ABREL.NS,2023-06-13,2023-07-13,794.7,795,835,808.66,887.85,11.72,0.1748,0.745,4,13.66,1.719,146,3845.93,192.87,True,920476.6000000004
HDFCBANK.NS,2023-06-13,2023-07-13,767.7,770,790,777.05,785.7,2.34,0.0986,0.785,3,7.05,0.918,283,2449.17,122.75,True,922925.7700000005
ANANDRATHI.NS,2023-06-13,2023-07-13,217.14,215,225,219.09,246.96,13.74,0.1188,0.792,4,4.09,1.882,489,2892.01,144.75,True,925817.7800000005
RELIANCE.NS,2023-06-13,2023-07-13,1145.46,1145,1195,1162.57,1246.41,8.81,0.1483,0.926,3,17.57,1.534,113,3664.8,184.61,True,929482.5800000005
ANANTRAJ.NS,2023-06-13,2023-07-13,167.6,170,180,172.76,181.62,8.36,0.2284,0.972,3,2.76,1.647,724,5241.41,262.26,True,934723.9900000006
ABCAPITAL.NS,2023-06-13,2023-07-13,177.65,180,190,182.64,187.45,5.52,0.196,0.935,4,2.64,1.483,758,3649.66,182.72,True,938373.6500000006
INFY.NS,2023-06-13,2023-07-13,1187.11,1185,1245,1206.16,1241.92,4.62,0.1701,0.727,4,21.16,1.782,94,3361.81,169.02,True,941735.4600000007
APOLLO.NS,2023-06-13,2023-07-13,36.49,35,40,36.99,53.06,45.42,0.3269,0.797,5,1.99,5.452,1005,3025.78,151.35,True,944761.2400000007
BAJFINANCE.NS,2023-06-13,2023-07-13,701.41,700,725,709.25,734.65,4.74,0.1095,0.774,4,9.25,1.319,216,3401.96,170.27,True,948163.2000000007
ABB.NS,2023-06-13,2023-07-13,4241.59,4240,4565,4347.05,4327.51,2.03,0.2657,1.421,4,107.05,2.524,18,-351.77,-18.26,False,947811.4300000006
TITAN.NS,2023-06-13,2023-07-13,2875.51,2875,3020,2924.9,3055.44,6.26,0.1736,1.052,3,49.9,1.735,40,3804.02,190.58,True,951615.4500000007
TITAN.NS,2023-06-14,2023-07-14,2870.13,2870,3010,2918.3,3026.52,5.45,0.1684,1.026,3,48.3,1.683,41,3759.69,189.85,True,955375.1400000006
RELIANCE.NS,2023-06-14,2023-07-14,1159.55,1160,1210,1177.43,1245.36,7.4,0.1504,0.865,5,17.43,1.503,114,3713.06,186.87,True,959088.2000000007
ABB.NS,2023-06-14,2023-07-14,4271.1,4270,4595,4377.21,4304.43,0.78,0.2655,1.165,3,107.21,2.51,18,-1309.99,-67.88,False,957778.2100000007
INFY.NS,2023-06-14,2023-07-14,1183.06,1185,1240,1203.42,1297.28,9.65,0.1607,0.72,4,18.42,1.557,108,3950.86,198.62,True,961729.0700000006
APOLLO.NS,2023-06-14,2023-07-14,38.28,40,45,40.85,55.7,45.5,0.3608,0.875,4,0.85,2.21,2363,9815.42,490.87,True,971544.4900000007
APOLLO.NS,2023-06-15,2023-07-17,40.18,40,45,41.52,58.45,45.47,0.3608,0.888,4,1.52,3.776,1318,4590.42,229.57,True,976134.9100000007
APARINDS.NS,2023-06-15,2023-07-17,3039.48,3040,3285,3127.49,3419.72,12.51,0.3779,0.981,4,87.49,2.878,22,3465.24,180.04,True,979600.1500000007
ANGELONE.NS,2023-06-15,2023-07-17,148.37,150,160,153.44,151.12,1.85,0.3826,1.362,3,3.44,2.317,581,-1346.08,-67.41,False,978254.0700000008
AJMERA.NS,2023-06-15,2023-07-17,73.83,75,80,76.76,72.57,-1.72,0.4858,1.089,4,1.76,2.384,1136,-1999.96,-100.0,False,976254.1100000008
BAJFINANCE.NS,2023-06-15,2023-07-17,697.48,695,715,703.43,738.22,5.84,0.1,0.762,4,8.43,1.208,237,2743.17,137.38,True,978997.2800000008
APOLLO.NS,2023-06-16,2023-07-18,39.38,40,45,41.25,61.24,55.51,0.3763,1.067,3,1.25,3.166,1604,6020.25,301.05,True,985017.5300000008
RELIANCE.NS,2023-06-16,2023-07-18,1171.16,1170,1220,1188.12,1281.6,9.43,0.1519,0.905,3,18.12,1.547,110,3506.53,175.9,True,988524.0600000009
BAJFINANCE.NS,2023-06-16,2023-07-18,704.98,705,725,712.61,729.28,3.45,0.1034,0.763,5,7.61,1.08,262,3245.69,162.75,True,991769.7500000008
TITAN.NS,2023-06-16,2023-07-18,2916.78,2915,3050,2962.16,2967.98,1.76,0.1564,1.044,4,47.16,1.617,42,244.52,12.35,True,992014.2700000008
ANANTRAJ.NS,2023-06-16,2023-07-18,166.56,165,180,170.07,192.54,15.6,0.2571,1.103,3,5.07,3.047,394,3910.52,195.58,True,995924.7900000009
ABCAPITAL.NS,2023-06-16,2023-07-18,178.0,180,190,182.89,183.1,2.87,0.2139,0.989,3,2.89,1.622,692,147.29,7.37,True,996072.0800000009
APOLLO.NS,2023-06-19,2023-07-19,41.33,40,45,42.0,58.2,40.82,0.3772,1.136,3,2.0,4.848,998,2990.55,149.57,True,999062.6300000009
ABREL.NS,2023-06-19,2023-07-19,805.3,805,850,820.47,938.76,16.57,0.1972,0.952,4,15.47,1.921,129,3809.73,190.94,True,1002872.3600000009
RELIANCE.NS,2023-06-19,2023-07-19,1159.53,1160,1210,1177.7,1291.32,11.37,0.158,0.943,3,17.7,1.527,112,3617.49,182.47,True,1006489.8500000009
HDFCBANK.NS,2023-06-19,2023-07-19,768.01,770,795,778.55,806.77,5.05,0.1157,0.809,4,8.55,1.113,233,3832.94,192.41,True,1010322.7900000009
ANANTRAJ.NS,2023-06-19,2023-07-19,168.25,170,180,173.08,196.13,16.57,0.2484,1.096,3,3.08,1.828,650,4500.86,225.14,True,1014823.6500000008
BAJFINANCE.NS,2023-06-19,2023-07-19,722.89,725,750,733.58,745.47,3.12,0.1294,0.867,5,8.58,1.187,233,2770.41,138.57,True,1017594.0600000009
TITAN.NS,2023-06-19,2023-07-19,2930.9,2930,3060,2976.01,2967.18,1.24,0.1564,1.113,4,46.01,1.57,43,-379.4,-19.18,False,1017214.6600000008
HDFCBANK.NS,2023-06-20,2023-07-20,769.62,770,795,779.12,808.52,5.05,0.1161,0.822,4,9.12,1.185,219,3477.59,174.1,True,1020692.2500000008
ABREL.NS,2023-06-20,2023-07-20,823.26,825,875,841.23,966.97,17.46,0.2112,1.058,4,16.23,1.972,123,4153.36,208.02,True,1024845.6100000008
APOLLO.NS,2023-06-20,2023-07-20,43.37,45,50,46.06,57.15,31.76,0.3861,1.219,3,1.06,2.449,1882,7410.85,370.7,True,1032256.4600000008
ABCAPITAL.NS,2023-06-21,2023-07-21,180.1,180,190,183.49,185.8,3.16,0.2034,0.943,3,3.49,1.939,572,1319.67,66.05,True,1033576.1300000008
ANGELONE.NS,2023-06-21,2023-07-21,154.42,155,165,158.45,155.46,0.68,0.2904,1.088,4,3.45,2.237,579,-1732.25,-86.62,False,1031843.8800000008
APARINDS.NS,2023-06-21,2023-07-21,3093.52,3095,3340,3183.66,3609.49,16.68,0.3941,1.146,3,88.66,2.866,22,3439.5,176.34,True,1035283.3800000008
ANANDRATHI.NS,2023-06-21,2023-07-21,212.33,210,220,214.14,258.31,21.65,0.1166,0.943,3,4.14,1.951,482,2822.87,141.35,True,1038106.2500000008
HDFCBANK.NS,2023-06-21,2023-07-21,783.07,785,810,793.86,802.29,2.45,0.1237,0.87,4,8.86,1.131,225,1898.54,95.28,True,1040004.7900000009
HDFCBANK.NS,2023-06-22,2023-07-24,786.9,785,815,796.21,803.56,2.12,0.1234,0.864,5,11.21,1.425,178,1308.71,65.58,True,1041313.5000000008
APOLLO.NS,2023-06-22,2023-07-24,47.77,50,55,51.09,55.75,16.72,0.4229,1.274,3,1.09,2.288,1829,7145.97,357.47,True,1048459.4700000008
ANANDRATHI.NS,2023-06-22,2023-07-24,211.19,210,220,213.59,260.82,23.5,0.1189,0.99,4,3.59,1.701,556,3562.33,178.32,True,1052021.8000000007
BHARTIARTL.NS,2023-06-22,2023-07-24,827.38,825,875,842.49,871.9,5.38,0.2039,0.795,4,17.49,2.114,114,3352.51,168.12,True,1055374.3100000008
ANANTRAJ.NS,2023-06-22,2023-07-24,165.71,165,175,168.74,189.3,14.23,0.2399,1.027,3,3.74,2.255,535,3350.42,167.56,True,1058724.730000001
TITAN.NS,2023-06-22,2023-07-24,2932.53,2935,3055,2977.09,2950.89,0.63,0.1472,1.046,3,42.09,1.435,47,-1231.15,-62.24,False,1057493.5800000008
BHARTIARTL.NS,2023-06-23,2023-07-25,839.16,840,890,856.57,867.48,3.38,0.2071,0.853,4,16.57,1.975,120,1309.42,65.85,True,1058803.000000001
APOLLO.NS,2023-06-23,2023-07-25,50.11,50,55,51.75,57.9,15.54,0.4375,1.344,4,1.75,3.496,1141,3705.96,185.39,True,1062508.960000001
ANANDRATHI.NS,2023-06-26,2023-07-26,213.92,215,220,216.75,271.22,26.78,0.1045,1.09,3,1.75,0.818,1142,3711.61,185.73,True,1066220.5700000008
APOLLO.NS,2023-06-26,2023-07-26,52.61,55,60,56.2,55.95,6.36,0.4479,1.426,4,1.2,2.29,1660,-419.36,-20.97,False,1065801.210000001
APARINDS.NS,2023-06-26,2023-07-26,3274.55,3275,3535,3370.46,3617.8,10.48,0.417,1.093,4,95.46,2.915,20,3290.7,172.35,True,1069091.9100000006
ANGELONE.NS,2023-06-26,2023-07-26,159.7,160,170,163.72,152.48,-4.52,0.3398,1.178,4,3.72,2.327,538,-1999.4,-100.0,False,1067092.5100000007
ABCAPITAL.NS,2023-06-26,2023-07-26,181.25,180,195,185.39,191.55,5.68,0.305,1.149,4,5.39,2.974,371,2285.07,114.25,True,1069377.5800000005
BHARTIARTL.NS,2023-06-26,2023-07-26,836.36,835,885,852.32,873.13,4.4,0.2079,0.845,3,17.32,2.071,115,2392.69,120.12,True,1071770.2700000005
ABB.NS,2023-06-26,2023-07-26,4207.76,4210,4545,4319.57,4318.86,2.64,0.2826,1.086,3,109.57,2.604,18,-12.65,-0.64,False,1071757.6200000006
ABCAPITAL.NS,2023-06-27,2023-07-27,192.3,190,210,197.08,191.6,-0.36,0.3491,1.293,4,7.08,3.682,282,-1545.36,-77.4,False,1070212.2600000007
RELIANCE.NS,2023-06-27,2023-07-27,1134.38,1135,1180,1150.78,1232.09,8.61,0.1377,0.95,3,15.78,1.391,126,3682.19,185.24,True,1073894.4500000007
ANANDRATHI.NS,2023-06-27,2023-07-27,213.59,215,220,216.66,276.37,29.39,0.1045,1.085,3,1.66,0.776,1206,4031.01,201.65,True,1077925.4600000004
BHARTIARTL.NS,2023-06-27,2023-07-27,849.08,850,900,866.78,878.77,3.5,0.212,0.918,3,16.78,1.976,119,1427.11,71.47,True,1079352.5700000005
APARINDS.NS,2023-06-27,2023-07-27,3320.72,3320,3585,3416.73,3641.84,9.67,0.4032,1.048,3,96.73,2.913,20,3365.4,173.96,True,1082717.9700000007
ABB.NS,2023-06-27,2023-07-27,4216.75,4215,4555,4326.84,4320.44,2.46,0.2824,0.957,3,111.84,2.652,17,-108.85,-5.72,False,1082609.1200000006
TITAN.NS,2023-06-27,2023-07-27,2937.91,2940,3050,2978.9,2973.57,1.21,0.132,0.939,3,38.9,1.324,51,-271.79,-13.7,False,1082337.3300000005
ANANTRAJ.NS,2023-06-27,2023-07-27,172.84,175,185,178.09,200.07,15.75,0.2621,1.083,3,3.09,1.788,646,4463.08,223.5,True,1086800.4100000006
ANGELONE.NS,2023-06-27,2023-07-27,163.98,165,175,168.57,152.3,-7.12,0.3326,1.173,4,3.57,2.174,560,-1996.63,-100.0,False,1084803.7800000005
HDFCBANK.NS,2023-06-27,2023-07-27,794.08,795,825,805.31,801.05,0.88,0.1271,1.051,4,10.31,1.298,193,-822.21,-41.32,False,1083981.5700000005
INFY.NS,2023-06-27,2023-07-27,1163.73,1165,1215,1182.34,1231.05,5.79,0.1547,0.866,4,17.34,1.49,115,3755.5,188.29,True,1087737.0700000005
ABCAPITAL.NS,2023-06-28,2023-07-28,193.5,195,210,199.92,193.95,0.23,0.3469,1.323,4,4.92,2.542,406,-1997.35,-100.0,False,1085739.7200000007
TITAN.NS,2023-06-28,2023-07-28,2989.64,2990,3110,3032.61,2958.62,-1.04,0.141,1.014,4,42.61,1.425,46,-1960.04,-100.0,False,1083779.6800000006
BHARTIARTL.NS,2023-06-28,2023-07-28,856.24,855,900,870.44,878.72,2.63,0.1692,0.885,4,15.44,1.803,129,1068.39,53.64,True,1084848.0700000005
HDFCBANK.NS,2023-06-28,2023-07-28,802.49,800,830,811.34,786.85,-1.95,0.1154,1.092,4,11.34,1.413,176,-1996.11,-100.0,False,1082851.9600000004
ABB.NS,2023-06-28,2023-07-28,4331.24,4330,4680,4445.3,4434.44,2.38,0.2856,1.012,4,115.3,2.662,17,-184.66,-9.42,False,1082667.3000000005
ANANTRAJ.NS,2023-06-28,2023-07-28,175.73,175,190,179.92,200.02,13.82,0.2642,1.105,3,4.92,2.799,406,4093.1,204.97,True,1086760.4000000004
BAJFINANCE.NS,2023-06-28,2023-07-28,693.92,695,730,706.8,725.51,4.55,0.1806,1.043,3,11.8,1.7,169,3162.1,158.59,True,1089922.5000000005
ICICIBANK.NS,2023-06-28,2023-07-28,914.8,915,945,925.83,972.13,6.27,0.1106,1.039,4,10.83,1.184,184,3527.06,176.98,True,1093449.5600000005
INFY.NS,2023-06-28,2023-07-28,1176.65,1175,1230,1194.6,1219.54,3.65,0.16,0.888,4,19.6,1.665,102,2544.72,127.32,True,1095994.2800000005
RELIANCE.NS,2023-06-28,2023-07-28,1149.39,1150,1190,1164.45,1244.47,8.27,0.1249,0.967,3,14.45,1.257,138,3526.57,176.91,True,1099520.8500000006
BHARTIARTL.NS,2023-06-30,2023-07-31,862.67,865,895,875.5,873.62,1.27,0.1355,0.922,3,10.5,1.217,190,-357.47,-17.92,False,1099163.3800000004
TITAN.NS,2023-06-30,2023-07-31,3008.94,3010,3130,3052.51,2975.51,-1.11,0.1411,1.046,3,42.51,1.413,47,-1997.84,-100.0,False,1097165.5400000005
TCS.NS,2023-06-30,2023-07-31,3002.18,3000,3150,3052.15,3118.63,3.88,0.1709,1.036,4,52.15,1.737,38,2526.5,127.5,True,1099692.0400000005
RELIANCE.NS,2023-06-30,2023-07-31,1158.82,1160,1200,1174.36,1255.0,8.3,0.1264,0.966,3,14.36,1.239,139,3564.47,178.62,True,1103256.5100000005
ABCAPITAL.NS,2023-06-30,2023-07-31,196.3,195,210,200.71,195.8,-0.25,0.348,1.373,3,5.71,2.907,350,-1717.46,-85.98,False,1101539.0500000005
ANANTRAJ.NS,2023-06-30,2023-07-31,176.88,175,190,180.36,201.12,13.7,0.2622,1.07,4,5.36,3.029,373,3596.73,179.99,True,1105135.7800000005
HDFCBANK.NS,2023-06-30,2023-07-31,814.57,815,845,825.46,790.54,-2.95,0.1216,1.098,3,10.46,1.285,191,-1998.59,-100.0,False,1103137.1900000004
BAJFINANCE.NS,2023-06-30,2023-07-31,703.79,705,740,716.95,717.52,1.95,0.1855,1.076,4,11.95,1.698,167,95.19,4.77,True,1103232.3800000004
ABB.NS,2023-06-30,2023-07-31,4342.92,4345,4620,4436.62,4470.37,2.93,0.2218,1.008,3,91.62,2.11,21,708.84,36.84,True,1103941.2200000004
INFY.NS,2023-06-30,2023-07-31,1214.99,1215,1285,1238.55,1233.37,1.51,0.197,1.026,4,23.55,1.939,84,-435.35,-22.0,False,1103505.8700000006
TCS.NS,2023-07-03,2023-08-01,2974.95,2975,3120,3025.42,3146.52,5.77,0.1729,1.006,3,50.42,1.695,39,3688.52,187.57,True,1107194.3900000006
BAJFINANCE.NS,2023-07-03,2023-08-01,720.73,720,760,734.05,714.51,-0.86,0.2017,1.141,4,14.05,1.949,142,-1994.79,-100.0,False,1105199.6000000006
ABB.NS,2023-07-03,2023-08-01,4331.38,4330,4600,4421.17,4437.82,2.46,0.2176,1.039,3,91.17,2.105,21,349.79,18.27,True,1105549.3900000006
APARINDS.NS,2023-07-03,2023-08-01,3464.23,3465,3740,3565.47,3627.43,4.71,0.4087,1.037,3,100.47,2.9,19,1177.1,61.66,True,1106726.4900000005
ANGELONE.NS,2023-07-03,2023-08-01,166.37,165,180,170.26,145.13,-12.77,0.3031,1.228,3,5.26,3.159,380,-1997.3,-100.0,False,1104729.1900000004
INFY.NS,2023-07-03,2023-08-01,1213.36,1215,1280,1237.07,1242.01,2.36,0.1968,1.008,4,22.07,1.819,90,445.08,22.41,True,1105174.2700000005
HDFCBANK.NS,2023-07-03,2023-08-01,823.38,825,855,835.18,795.83,-3.35,0.1246,1.178,4,10.18,1.237,196,-1995.59,-100.0,False,1103178.6800000004
ANANTRAJ.NS,2023-07-03,2023-08-01,185.66,185,200,190.18,203.26,9.48,0.2919,1.103,4,5.18,2.789,386,3791.25,189.68,True,1106969.9300000004
RELIANCE.NS,2023-07-03,2023-08-01,1188.56,1190,1240,1207.28,1237.26,4.1,0.1499,1.068,4,17.28,1.454,115,3447.62,173.52,True,1110417.5500000003
HDFCBANK.NS,2023-07-04,2023-08-02,827.41,825,855,836.63,785.42,-5.07,0.1234,1.23,4,11.63,1.405,172,-1999.7,-100.0,False,1108417.8500000006
TITAN.NS,2023-07-04,2023-08-02,3035.6,3035,3160,3079.26,2948.86,-2.86,0.1415,0.952,3,44.26,1.458,45,-1991.72,-100.0,False,1106426.1300000004
BAJFINANCE.NS,2023-07-04,2023-08-02,772.57,775,835,794.92,708.0,-8.36,0.3121,1.36,4,19.92,2.578,100,-1991.91,-100.0,False,1104434.2200000004
RELIANCE.NS,2023-07-04,2023-08-02,1176.32,1175,1230,1194.31,1224.04,4.06,0.1556,1.082,3,19.31,1.641,103,3062.44,154.01,True,1107496.6600000004
ICICIBANK.NS,2023-07-04,2023-08-02,921.88,920,950,931.33,963.11,4.47,0.0988,0.943,3,11.33,1.229,176,3286.56,164.87,True,1110783.2200000004
BAJFINANCE.NS,2023-07-05,2023-08-03,770.44,770,830,790.77,698.65,-9.32,0.3131,1.359,3,20.77,2.695,96,-1993.5,-100.0,False,1108789.7200000004
RELIANCE.NS,2023-07-06,2023-08-04,1199.04,1200,1255,1219.19,1235.46,3.04,0.1688,1.208,3,19.19,1.601,104,1691.81,84.76,True,1110481.5300000005
ANANDRATHI.NS,2023-07-07,2023-08-07,224.92,225,235,228.58,318.15,41.45,0.1696,1.202,3,3.58,1.589,559,3591.52,179.71,True,1114073.0500000005
APOLLO.NS,2023-07-07,2023-08-07,48.22,50,55,51.51,61.69,27.95,0.6479,1.496,3,1.51,3.129,1325,4626.01,231.42,True,1118699.0600000005
APOLLO.NS,2023-07-10,2023-08-08,45.97,45,50,47.03,59.99,30.51,0.6808,1.5,3,2.03,4.413,985,2926.63,146.45,True,1121625.6900000004
RELIANCE.NS,2023-07-10,2023-08-08,1242.79,1245,1315,1268.46,1235.02,-0.63,0.2063,1.4,3,23.46,1.888,85,-1994.04,-100.0,False,1119631.6500000004
ANANDRATHI.NS,2023-07-10,2023-08-08,229.42,230,240,233.51,320.16,39.55,0.1797,1.267,4,3.51,1.532,569,3690.52,184.57,True,1123322.1700000004
BHARTIARTL.NS,2023-07-10,2023-08-08,869.2,870,905,881.99,869.2,0.0,0.1352,1.056,3,11.99,1.38,166,-1990.85,-100.0,False,1121331.3200000005
BHARTIARTL.NS,2023-07-11,2023-08-09,875.58,875,910,887.56,867.53,-0.92,0.136,1.045,3,12.56,1.434,159,-1996.57,-100.0,False,1119334.7500000005
INFY.NS,2023-07-11,2023-08-09,1226.91,1225,1285,1246.4,1268.58,3.4,0.1702,1.088,3,21.4,1.744,93,2062.93,103.66,True,1121397.6800000006
ANANTRAJ.NS,2023-07-11,2023-08-09,184.01,185,200,190.07,194.23,5.56,0.3734,1.2,3,5.07,2.754,394,1641.59,82.22,True,1123039.2700000005
ABB.NS,2023-07-11,2023-08-09,4417.79,4420,4710,4516.37,4439.1,0.48,0.2309,0.976,4,96.37,2.181,20,-1545.48,-80.18,False,1121493.7900000005
ANANDRATHI.NS,2023-07-11,2023-08-09,231.21,230,245,235.07,317.39,37.28,0.1803,1.249,4,5.07,2.192,394,3913.16,195.97,True,1125406.9500000007
RELIANCE.NS,2023-07-11,2023-08-09,1256.27,1255,1330,1280.68,1243.16,-1.04,0.2068,1.433,4,25.68,2.044,77,-1977.66,-100.0,False,1123429.2900000005
APOLLO.NS,2023-07-11,2023-08-09,48.27,50,55,51.55,59.25,22.75,0.6895,1.498,3,1.55,3.213,1289,4445.82,222.38,True,1127875.1100000006
ANANTRAJ.NS,2023-07-12,2023-08-10,182.47,180,195,186.0,188.3,3.2,0.3763,1.151,3,6.0,3.286,333,767.32,38.43,True,1128642.4300000006
RELIANCE.NS,2023-07-12,2023-08-10,1257.65,1260,1330,1283.46,1248.7,-0.71,0.2043,1.47,4,23.46,1.866,85,-1994.3,-100.0,False,1126648.1300000004
ABCAPITAL.NS,2023-07-12,2023-08-10,188.45,190,205,194.95,185.05,-1.8,0.367,1.055,3,4.95,2.624,404,-1997.89,-100.0,False,1124650.2400000005
HDFCBANK.NS,2023-07-12,2023-08-10,781.8,780,825,795.45,783.19,0.18,0.1845,1.325,4,15.45,1.976,129,-1581.58,-79.35,False,1123068.6600000006
ABB.NS,2023-07-12,2023-08-10,4446.46,4445,4685,4527.58,4423.54,-0.52,0.189,0.976,3,82.58,1.857,24,-1981.81,-100.0,False,1121086.8500000006
APARINDS.NS,2023-07-12,2023-08-10,3404.67,3405,3675,3502.61,3927.37,15.35,0.3876,0.872,4,97.61,2.867,20,3447.8,176.61,True,1124534.6500000004
BHARTIARTL.NS,2023-07-12,2023-08-10,873.67,875,910,886.86,858.79,-1.7,0.1359,1.007,3,11.86,1.357,168,-1992.25,-100.0,False,1122542.4000000004
APOLLO.NS,2023-07-12,2023-08-10,50.66,50,55,52.0,57.9,14.29,0.69,1.476,3,2.0,3.948,1000,3000.08,150.01,True,1125542.4800000004
ANGELONE.NS,2023-07-13,2023-08-11,166.0,165,180,170.08,164.63,-0.82,0.2959,1.051,4,5.08,3.061,393,-1997.06,-100.0,False,1123545.4200000004
APARINDS.NS,2023-07-13,2023-08-11,3389.18,3390,3660,3486.81,4013.18,18.41,0.379,0.904,3,96.81,2.857,20,3463.74,178.89,True,1127009.1600000004
ABCAPITAL.NS,2023-07-13,2023-08-11,187.45,185,200,191.0,183.55,-2.08,0.3642,1.045,3,6.0,3.202,333,-1998.58,-100.0,False,1125010.5800000005
INFY.NS,2023-07-13,2023-08-11,1241.92,1240,1310,1264.19,1248.06,0.49,0.1904,1.273,4,24.19,1.948,82,-1322.64,-66.67,False,1123687.9400000004
TCS.NS,2023-07-13,2023-08-11,3037.0,3035,3190,3089.02,3143.56,3.51,0.1783,1.196,4,54.02,1.779,37,2018.1,100.97,True,1125706.0400000005
HDFCBANK.NS,2023-07-13,2023-08-11,785.7,785,825,799.18,775.03,-1.36,0.1849,1.329,3,14.18,1.805,141,-1999.61,-100.0,False,1123706.4300000004
ANANDRATHI.NS,2023-07-13,2023-08-11,246.96,245,265,252.28,351.42,42.3,0.2953,1.899,4,7.28,2.949,274,3484.73,174.65,True,1127191.1600000004
APOLLO.NS,2023-07-13,2023-08-11,53.06,55,60,56.58,54.95,3.57,0.6889,1.447,4,1.58,2.98,1264,-1998.66,-100.0,False,1125192.5000000005
ICICIBANK.NS,2023-07-14,2023-08-14,936.86,935,965,946.69,944.08,0.77,0.1103,1.039,3,11.69,1.248,171,-447.01,-22.36,False,1124745.4900000002
HDFCBANK.NS,2023-07-14,2023-08-14,787.33,785,825,799.59,771.25,-2.04,0.1778,1.303,3,14.59,1.853,137,-1998.93,-100.0,False,1122746.5600000003
INFY.NS,2023-07-14,2023-08-14,1297.28,1295,1385,1325.28,1267.81,-2.27,0.2336,1.304,4,30.28,2.334,66,-1998.7,-100.0,False,1120747.8600000003
ANANDRATHI.NS,2023-07-14,2023-08-14,256.93,255,275,262.47,349.42,36.0,0.3142,2.082,4,7.47,2.908,267,3345.42,167.73,True,1124093.2800000003
TCS.NS,2023-07-14,2023-08-14,3195.28,3195,3420,3269.89,3144.52,-1.59,0.2479,1.311,4,74.89,2.344,26,-1947.27,-100.0,False,1122146.0100000002
APOLLO.NS,2023-07-14,2023-08-14,55.7,55,60,57.04,55.05,-1.16,0.6891,1.42,3,2.04,3.655,982,-1946.99,-97.38,False,1120199.0200000005
ABREL.NS,2023-07-14,2023-08-14,941.55,940,1015,968.09,1003.34,6.56,0.4316,1.612,4,28.09,2.984,71,2502.89,125.49,True,1122701.9100000004
ANGELONE.NS,2023-07-14,2023-08-14,162.58,165,175,168.15,169.98,4.55,0.3098,1.164,4,3.15,1.939,634,1155.73,57.82,True,1123857.6400000004
BAJFINANCE.NS,2023-07-14,2023-08-14,735.41,735,795,755.66,689.78,-6.21,0.3277,1.58,3,20.66,2.809,96,-1983.17,-100.0,False,1121874.4700000002
APARINDS.NS,2023-07-14,2023-08-14,3446.88,3445,3725,3542.34,4095.68,18.82,0.3368,0.845,3,97.34,2.824,20,3653.21,187.65,True,1125527.6800000002
TCS.NS,2023-07-17,2023-08-16,3174.41,3175,3395,3247.95,3152.31,-0.7,0.2429,1.337,4,72.95,2.298,27,-1969.73,-100.0,False,1123557.9500000002
ABREL.NS,2023-07-17,2023-08-16,950.31,950,1025,977.83,1000.16,5.25,0.4279,1.609,3,27.83,2.929,71,1585.16,80.21,True,1125143.1100000003
ANANTRAJ.NS,2023-07-17,2023-08-16,187.2,185,200,190.92,203.31,8.6,0.3599,1.124,3,5.92,3.163,337,3059.79,153.36,True,1128202.9000000004
BAJFINANCE.NS,2023-07-17,2023-08-16,738.22,740,795,758.98,686.18,-7.05,0.3264,1.513,3,18.98,2.571,105,-1993.22,-100.0,False,1126209.6800000004
ABB.NS,2023-07-17,2023-08-16,4338.95,4340,4605,4429.05,4222.0,-2.7,0.2145,1.019,3,89.05,2.052,22,-1959.1,-100.0,False,1124250.5800000005
ICICIBANK.NS,2023-07-17,2023-08-16,945.3,945,975,956.18,941.07,-0.45,0.1109,1.116,3,11.18,1.183,178,-1990.84,-100.0,False,1122259.7400000005
APARINDS.NS,2023-07-17,2023-08-16,3419.72,3420,3695,3515.66,4242.85,24.07,0.3405,0.886,5,95.66,2.797,20,3586.77,187.47,True,1125846.5100000005
TITAN.NS,2023-07-17,2023-08-16,3004.63,3005,3155,3056.61,2982.49,-0.74,0.1742,1.28,3,51.61,1.718,38,-1961.15,-100.0,False,1123885.3600000003
INFY.NS,2023-07-17,2023-08-16,1294.55,1295,1380,1323.49,1290.51,-0.31,0.235,1.41,4,28.49,2.201,70,-1994.38,-100.0,False,1121890.9800000004
APOLLO.NS,2023-07-17,2023-08-16,58.45,60,65,61.7,54.8,-6.23,0.6838,1.429,3,1.7,2.905,1177,-1998.64,-100.0,False,1119892.3400000003
HDFCBANK.NS,2023-07-17,2023-08-16,803.8,805,845,818.73,769.0,-4.33,0.1861,1.333,4,13.73,1.708,145,-1990.17,-100.0,False,1117902.1700000004
INFY.NS,2023-07-18,2023-08-17,1342.09,1340,1440,1373.62,1284.18,-4.31,0.2593,1.547,3,33.62,2.505,59,-1983.63,-100.0,False,1115918.5400000005
TCS.NS,2023-07-18,2023-08-17,3179.09,3180,3400,3252.79,3131.67,-1.49,0.242,1.351,3,72.79,2.29,27,-1965.44,-100.0,False,1113953.1000000006
ABB.NS,2023-07-18,2023-08-17,4409.54,4410,4690,4503.56,4235.6,-3.94,0.2207,1.05,4,93.56,2.122,21,-1964.77,-100.0,False,1111988.3300000005
APOLLO.NS,2023-07-18,2023-08-17,61.24,60,65,62.15,57.6,-5.95,0.6829,1.51,4,2.15,3.506,931,-1999.2,-100.0,False,1109989.1300000004
ICICIBANK.NS,2023-07-18,2023-08-17,951.88,950,980,961.51,936.3,-1.64,0.0996,1.185,3,11.51,1.209,173,-1990.93,-100.0,False,1107998.2000000004
HDFCBANK.NS,2023-07-18,2023-08-17,803.13,805,845,818.51,764.73,-4.78,0.1863,1.326,4,13.51,1.682,148,-1999.72,-100.0,False,1105998.4800000004
ANANTRAJ.NS,2023-07-18,2023-08-17,192.54,195,210,199.77,199.67,3.7,0.3683,1.131,4,4.77,2.478,419,-42.85,-2.14,False,1105955.6300000004
ABREL.NS,2023-07-19,2023-08-18,938.76,940,1015,967.39,995.18,6.01,0.4291,1.686,3,27.39,2.918,73,2028.73,101.45,True,1107984.3600000003
ANANTRAJ.NS,2023-07-19,2023-08-18,196.13,195,210,200.73,196.33,0.1,0.3704,1.181,3,5.73,2.919,349,-1534.43,-76.79,False,1106449.9300000004
INFY.NS,2023-07-19,2023-08-18,1341.86,1340,1440,1373.59,1263.49,-5.84,0.2604,1.606,3,33.59,2.503,59,-1981.73,-100.0,False,1104468.2000000004
RELIANCE.NS,2023-07-19,2023-08-18,1291.32,1290,1370,1317.03,1258.72,-2.52,0.2091,1.536,4,27.03,2.093,73,-1973.29,-100.0,False,1102494.9100000004
ANANDRATHI.NS,2023-07-19,2023-08-18,252.52,255,275,261.26,342.95,35.81,0.3322,2.174,3,6.26,2.478,319,4383.94,219.63,True,1106878.8500000003
RELIANCE.NS,2023-07-20,2023-08-21,1289.76,1290,1365,1315.62,1244.99,-3.47,0.2102,1.475,4,25.62,1.987,78,-1998.47,-100.0,False,1104880.3800000004
BHARTIARTL.NS,2023-07-20,2023-08-21,868.66,870,905,881.96,859.93,-1.01,0.1404,1.011,3,11.96,1.377,167,-1997.44,-100.0,False,1102882.9400000004
ANGELONE.NS,2023-07-20,2023-08-21,149.47,150,160,153.89,168.67,12.85,0.5353,1.514,4,3.89,2.605,513,3132.53,156.83,True,1106015.4700000004
HDFCBANK.NS,2023-07-20,2023-08-21,808.52,810,850,823.46,761.0,-5.88,0.1779,1.089,3,13.46,1.664,148,-1991.43,-100.0,False,1104024.0400000005
APARINDS.NS,2023-07-20,2023-08-21,3640.33,3640,3930,3741.01,4911.9,34.93,0.3357,1.175,3,101.01,2.775,19,3590.85,187.11,True,1107614.8900000004
ICICIBANK.NS,2023-07-20,2023-08-21,971.55,970,1005,983.11,939.8,-3.27,0.1224,1.199,3,13.11,1.349,152,-1992.63,-100.0,False,1105622.2600000002
ANANTRAJ.NS,2023-07-20,2023-08-21,197.18,195,215,202.17,201.86,2.38,0.3636,1.229,3,7.17,3.636,278,-85.1,-4.27,False,1105537.1600000004
BAJFINANCE.NS,2023-07-20,2023-08-21,746.64,745,805,765.96,692.74,-7.22,0.3173,1.227,3,20.96,2.807,95,-1990.76,-100.0,False,1103546.4000000004
ABREL.NS,2023-07-20,2023-08-21,966.97,965,1045,994.75,972.6,0.58,0.4343,1.732,4,29.75,3.077,67,-1484.45,-74.47,False,1102061.9500000004
BHARTIARTL.NS,2023-07-21,2023-08-22,869.79,870,905,882.36,865.55,-0.49,0.1403,0.979,4,12.36,1.421,161,-1989.59,-100.0,False,1100072.3600000003
ANGELONE.NS,2023-07-21,2023-08-22,155.46,155,170,160.58,168.66,8.49,0.5401,1.504,4,5.58,3.587,358,2893.46,144.92,True,1102965.8200000003
ANANDRATHI.NS,2023-07-24,2023-08-23,260.82,260,280,267.24,347.02,33.05,0.3264,2.105,3,7.24,2.776,276,3521.56,176.22,True,1106487.3800000004
BHARTIARTL.NS,2023-07-24,2023-08-23,871.9,870,905,882.95,856.18,-1.8,0.1334,0.891,3,12.95,1.485,154,-1993.61,-100.0,False,1104493.7700000005
ABB.NS,2023-07-24,2023-08-23,4243.8,4245,4585,4361.69,4224.7,-0.45,0.3261,1.392,3,116.69,2.75,17,-1983.73,-100.0,False,1102510.0400000005
ABREL.NS,2023-07-25,2023-08-24,989.86,990,1070,1019.32,979.36,-1.06,0.4244,1.597,3,29.32,2.962,68,-1993.87,-100.0,False,1100516.1700000004
ANANDRATHI.NS,2023-07-25,2023-08-24,263.04,265,285,271.48,351.91,33.79,0.3264,2.152,3,6.48,2.465,308,4163.22,208.5,True,1104679.3900000006
ABB.NS,2023-07-25,2023-08-24,4254.65,4255,4595,4371.85,4258.43,0.09,0.3241,1.339,3,116.85,2.746,17,-1928.08,-97.06,False,1102751.3100000005
TCS.NS,2023-07-25,2023-08-24,3098.31,3100,3330,3175.58,3087.92,-0.34,0.2623,1.475,3,75.58,2.439,26,-1965.07,-100.0,False,1100786.2400000007
APOLLO.NS,2023-07-26,2023-08-25,55.95,55,60,57.08,56.05,0.18,0.7057,1.484,3,2.08,3.717,961,-988.05,-49.43,False,1099798.1900000004
ABCAPITAL.NS,2023-07-26,2023-08-25,191.55,190,205,195.11,179.75,-6.16,0.2183,0.919,3,5.11,2.667,391,-1997.39,-100.0,False,1097800.8000000005
HDFCBANK.NS,2023-07-26,2023-08-25,809.45,810,850,823.75,747.59,-7.64,0.1772,0.911,3,13.75,1.699,145,-1994.46,-100.0,False,1095806.3400000005
TCS.NS,2023-07-26,2023-08-25,3088.42,3090,3320,3165.61,3082.04,-0.21,0.2633,1.468,3,75.61,2.448,26,-1965.83,-100.0,False,1093840.5100000007
ANANDRATHI.NS,2023-07-26,2023-08-25,271.22,270,295,278.54,349.86,29.0,0.3308,2.179,3,8.54,3.15,234,3851.03,192.65,True,1097691.5400000005
AJMERA.NS,2023-07-26,2023-08-25,75.3,75,80,76.88,67.78,-9.98,0.298,0.971,4,1.88,2.503,1061,-1999.6,-100.0,False,1095691.9400000006
ABREL.NS,2023-07-26,2023-08-25,994.19,995,1075,1024.15,1000.31,0.62,0.421,1.593,3,29.15,2.932,68,-1621.37,-81.79,False,1094070.5700000008
AJMERA.NS,2023-07-27,2023-08-28,76.19,75,80,77.15,65.5,-14.03,0.2996,0.907,3,2.15,2.816,932,-1999.46,-100.0,False,1092071.1100000008
ABB.NS,2023-07-27,2023-08-28,4320.44,4320,4665,4437.67,4192.21,-2.97,0.3139,1.299,3,117.67,2.723,16,-1882.67,-100.0,False,1090188.4400000006
APOLLO.NS,2023-07-27,2023-08-28,54.9,55,60,56.9,54.95,0.09,0.6854,1.465,3,1.9,3.454,1054,-1998.61,-100.0,False,1088189.8300000005
ANANTRAJ.NS,2023-07-27,2023-08-28,200.07,200,215,205.49,213.08,6.51,0.3712,1.185,3,5.49,2.744,364,2764.12,138.31,True,1090953.9500000007
ABCAPITAL.NS,2023-07-28,2023-08-29,193.95,195,205,198.32,180.4,-6.99,0.2152,0.844,3,3.32,1.713,601,-1996.94,-100.0,False,1088957.0100000007
ABB.NS,2023-07-28,2023-08-29,4434.44,4435,4790,4557.22,4246.04,-4.25,0.3274,1.307,4,122.22,2.756,16,-1955.53,-100.0,False,1087001.4800000007
APARINDS.NS,2023-07-28,2023-08-29,3770.3,3770,4070,3872.79,4970.24,31.83,0.3173,1.515,4,102.79,2.726,19,3747.03,191.86,True,1090748.5100000007
ANANTRAJ.NS,2023-07-28,2023-08-29,200.02,200,215,205.48,218.42,9.2,0.372,1.2,3,5.48,2.74,364,3465.29,173.72,True,1094213.8000000007
RELIANCE.NS,2023-07-28,2023-08-29,1244.47,1245,1335,1274.73,1195.76,-3.91,0.2563,1.455,3,29.73,2.389,67,-1992.2,-100.0,False,1092221.6000000008
TCS.NS,2023-07-28,2023-08-29,3058.43,3060,3280,3132.38,3077.34,0.62,0.2525,1.088,4,72.38,2.367,27,-1486.06,-76.04,False,1090735.5400000007
INFY.NS,2023-07-31,2023-08-30,1233.37,1235,1330,1269.57,1305.65,5.86,0.4011,1.596,3,34.57,2.803,57,2056.52,104.36,True,1092792.0600000008
RELIANCE.NS,2023-07-31,2023-08-30,1255.0,1255,1345,1284.5,1194.62,-4.81,0.244,1.334,3,29.5,2.35,67,-1976.27,-100.0,False,1090815.7900000007
ICICIBANK.NS,2023-07-31,2023-08-30,974.18,975,1010,987.32,943.44,-3.16,0.124,1.187,3,12.32,1.265,162,-1996.36,-100.0,False,1088819.4300000006
ABCAPITAL.NS,2023-07-31,2023-08-30,195.8,195,210,199.84,181.2,-7.46,0.2169,0.784,4,4.84,2.471,413,-1998.37,-100.0,False,1086821.0600000008
ABREL.NS,2023-07-31,2023-08-30,1070.91,1070,1155,1100.7,1035.54,-3.3,0.3727,1.519,3,30.7,2.866,65,-1995.19,-100.0,False,1084825.8700000008
TCS.NS,2023-07-31,2023-08-30,3118.63,3120,3350,3195.45,3090.83,-0.89,0.2578,1.069,4,75.45,2.419,26,-1961.58,-100.0,False,1082864.290000001
APOLLO.NS,2023-07-31,2023-08-30,57.55,60,65,61.53,54.9,-4.6,0.6532,1.422,3,1.53,2.665,1304,-1999.6,-100.0,False,1080864.6900000009
ANANTRAJ.NS,2023-07-31,2023-08-30,201.12,200,215,205.66,215.88,7.34,0.3368,1.181,3,5.66,2.814,353,3297.04,165.02,True,1084161.730000001
ICICIBANK.NS,2023-08-01,2023-08-31,970.52,970,1005,982.84,943.29,-2.81,0.1263,1.133,3,12.84,1.323,155,-1990.58,-100.0,False,1082171.1500000008
TCS.NS,2023-08-01,2023-08-31,3146.52,3145,3380,3222.52,3059.71,-2.76,0.2569,1.061,3,77.52,2.464,25,-1937.93,-100.0,False,1080233.220000001
ANANTRAJ.NS,2023-08-01,2023-08-31,203.26,205,220,209.49,218.92,7.7,0.2705,1.065,3,4.49,2.207,445,4197.57,210.28,True,1084430.790000001
APOLLO.NS,2023-08-01,2023-08-31,57.65,60,65,61.52,54.5,-5.45,0.6195,1.302,3,1.52,2.638,1315,-1999.84,-100.0,False,1082430.950000001
AJMERA.NS,2023-08-01,2023-08-31,77.08,75,85,78.5,73.47,-4.68,0.2903,0.936,3,3.5,4.535,572,-1999.58,-100.0,False,1080431.370000001
ANANDRATHI.NS,2023-08-01,2023-08-31,309.35,310,335,318.81,351.46,13.62,0.3854,1.51,3,8.81,2.848,227,3675.28,183.79,True,1084106.6500000008
ANANDRATHI.NS,2023-08-02,2023-09-01,304.31,305,330,313.81,344.64,13.25,0.3966,1.55,3,8.81,2.896,226,3658.15,183.66,True,1087764.800000001
APARINDS.NS,2023-08-03,2023-09-04,3572.07,3570,3860,3671.34,4898.31,37.13,0.3423,1.528,3,101.34,2.837,19,3584.55,186.17,True,1091349.350000001
TCS.NS,2023-08-04,2023-09-05,3138.78,3140,3380,3218.29,3125.83,-0.41,0.2654,0.965,3,78.29,2.494,25,-1957.36,-100.0,False,1089391.9900000012
HDFCBANK.NS,2023-08-04,2023-09-05,791.02,790,825,802.54,754.01,-4.68,0.151,0.958,3,12.54,1.585,159,-1993.85,-100.0,False,1087398.140000001
INFY.NS,2023-08-04,2023-09-05,1253.98,1255,1355,1291.15,1345.46,7.29,0.4009,0.81,4,36.15,2.882,55,2987.03,150.25,True,1090385.170000001
ICICIBANK.NS,2023-08-07,2023-09-06,952.08,950,990,964.74,942.06,-1.05,0.1425,1.121,3,14.74,1.549,135,-1990.34,-100.0,False,1088394.830000001
INFY.NS,2023-08-07,2023-09-06,1267.31,1265,1370,1303.35,1344.14,6.06,0.402,0.809,4,38.35,3.026,52,2120.85,106.35,True,1090515.680000001
BHARTIARTL.NS,2023-08-07,2023-09-06,875.09,875,910,887.3,868.16,-0.79,0.1332,0.98,3,12.3,1.405,162,-1991.84,-100.0,False,1088523.8400000012
ANANTRAJ.NS,2023-08-07,2023-09-06,196.73,195,210,200.66,216.48,10.04,0.296,1.035,3,5.66,2.875,353,3298.38,165.2,True,1091822.2200000011
APARINDS.NS,2023-08-07,2023-09-06,3767.85,3770,4070,3874.9,4821.64,27.97,0.3482,1.545,3,104.9,2.784,19,3706.9,185.99,True,1095529.120000001
TCS.NS,2023-08-07,2023-09-06,3175.69,3175,3410,3252.63,3126.33,-1.55,0.2575,0.968,3,77.63,2.445,25,-1940.75,-100.0,False,1093588.370000001
ANANDRATHI.NS,2023-08-07,2023-09-06,318.15,320,345,328.72,340.0,6.87,0.4048,1.764,3,8.72,2.741,229,2581.71,129.26,True,1096170.080000001
ABB.NS,2023-08-07,2023-09-06,4444.01,4445,4800,4569.54,4424.43,-0.44,0.3495,1.075,3,124.54,2.802,16,-1992.61,-100.0,False,1094177.4700000011
ABB.NS,2023-08-08,2023-09-07,4395.6,4395,4745,4517.07,4373.61,-0.5,0.3365,1.07,3,122.07,2.777,16,-1953.15,-100.0,False,1092224.3200000012
ICICIBANK.NS,2023-08-08,2023-09-07,956.23,955,995,969.43,950.08,-0.64,0.1415,1.141,4,14.43,1.509,138,-1991.78,-100.0,False,1090232.540000001
ANGELONE.NS,2023-08-08,2023-09-07,162.85,165,175,168.83,175.3,7.65,0.6554,0.965,4,3.83,2.352,522,3220.84,161.11,True,1093453.380000001
APARINDS.NS,2023-08-08,2023-09-07,3864.63,3865,4175,3974.14,4824.41,24.84,0.3545,1.575,4,109.14,2.824,18,3615.55,184.05,True,1097068.930000001
ABCAPITAL.NS,2023-08-09,2023-09-08,186.65,185,200,190.14,186.9,0.13,0.2251,1.043,3,5.14,2.756,388,-1258.64,-63.06,False,1095810.290000001
ABB.NS,2023-08-09,2023-09-08,4439.1,4440,4795,4563.3,4383.39,-1.26,0.3376,1.099,4,123.3,2.777,16,-1972.72,-100.0,False,1093837.5700000012
ABREL.NS,2023-08-09,2023-09-08,1022.5,1020,1105,1050.61,1077.38,5.37,0.371,1.131,3,30.61,2.994,65,1739.82,87.44,True,1095577.390000001
APARINDS.NS,2023-08-09,2023-09-08,3930.92,3930,4245,4040.96,4812.5,22.43,0.3505,1.502,3,110.96,2.823,18,3672.69,183.88,True,1099250.080000001
ICICIBANK.NS,2023-08-09,2023-09-08,957.01,955,995,969.72,954.9,-0.22,0.1413,1.163,3,14.72,1.538,135,-1986.92,-100.0,False,1097263.160000001
INFY.NS,2023-08-09,2023-09-08,1268.58,1270,1370,1306.1,1336.99,5.39,0.3967,0.774,3,36.1,2.845,55,1699.35,85.59,True,1098962.510000001
ANGELONE.NS,2023-08-09,2023-09-08,166.02,165,180,170.9,179.68,8.23,0.6592,1.066,4,5.9,3.555,338,2966.43,148.7,True,1101928.9400000009
ABB.NS,2023-08-10,2023-09-11,4423.54,4425,4775,4545.27,4540.98,2.66,0.3226,1.099,3,120.27,2.719,16,-68.51,-3.56,False,1101860.430000001
ICICIBANK.NS,2023-08-10,2023-09-11,948.55,950,985,962.46,962.47,1.47,0.141,1.123,4,12.46,1.314,160,1.57,0.08,True,1101862.000000001
ABCAPITAL.NS,2023-08-10,2023-09-11,185.05,185,195,188.63,190.5,2.95,0.2264,1.052,3,3.63,1.961,551,1031.12,51.57,True,1102893.120000001
ANANDRATHI.NS,2023-08-10,2023-09-11,318.51,320,345,328.46,337.77,6.05,0.3523,1.626,3,8.46,2.658,236,2195.1,109.89,True,1105088.220000001
TITAN.NS,2023-08-10,2023-09-11,2960.15,2960,3085,3004.27,3182.77,7.52,0.1486,1.095,3,44.27,1.496,45,3632.65,182.33,True,1108720.870000001
TITAN.NS,2023-08-11,2023-09-12,2988.58,2990,3120,3035.05,3155.53,5.59,0.1506,1.125,4,45.05,1.508,44,3737.6,188.54,True,1112458.470000001
ANANDRATHI.NS,2023-08-11,2023-09-12,351.42,350,380,361.32,336.98,-4.11,0.4576,1.92,4,11.32,3.222,176,-1993.02,-100.0,False,1110465.450000001
ANANTRAJ.NS,2023-08-11,2023-09-12,190.54,190,205,195.2,217.47,14.13,0.2927,1.173,4,5.2,2.729,384,3763.44,188.5,True,1114228.8900000008
ABCAPITAL.NS,2023-08-14,2023-09-13,182.65,185,195,187.91,181.55,-0.6,0.2243,1.114,3,2.91,1.594,686,-1997.11,-100.0,False,1112231.7800000007
ANANDRATHI.NS,2023-08-14,2023-09-13,349.42,350,375,359.43,340.35,-2.59,0.4376,1.873,3,9.43,2.698,212,-1998.91,-100.0,False,1110232.8700000008
ANGELONE.NS,2023-08-14,2023-09-13,169.98,170,185,175.69,168.13,-1.08,0.6031,1.128,3,5.69,3.349,351,-1998.27,-100.0,False,1108234.6000000008
RELIANCE.NS,2023-08-16,2023-09-14,1267.75,1270,1340,1293.06,1212.03,-4.4,0.1922,1.003,3,23.06,1.819,86,-1982.88,-100.0,False,1106251.7200000007
ANANTRAJ.NS,2023-08-16,2023-09-14,203.31,205,220,210.1,221.66,9.03,0.3722,1.287,4,5.1,2.507,392,3882.34,194.34,True,1110134.0600000008
INFY.NS,2023-08-16,2023-09-14,1290.51,1290,1395,1326.6,1370.97,6.24,0.3427,0.804,4,36.6,2.836,54,2396.01,121.22,True,1112530.0700000008
ABCAPITAL.NS,2023-08-16,2023-09-14,181.9,180,195,185.06,181.9,0.0,0.207,1.139,3,5.06,2.782,395,-1248.23,-62.45,False,1111281.8400000008
TITAN.NS,2023-08-17,2023-09-15,3042.56,3045,3180,3091.78,3217.73,5.76,0.1581,1.085,3,46.78,1.538,42,3705.03,188.55,True,1114986.8700000008
INFY.NS,2023-08-17,2023-09-15,1284.18,1285,1385,1320.08,1375.2,7.09,0.3428,0.777,4,35.08,2.732,57,3142.2,157.15,True,1118129.0700000008
APARINDS.NS,2023-08-17,2023-09-15,4659.51,4660,5030,4797.86,5135.49,10.22,0.4487,1.242,4,137.86,2.959,14,3249.91,168.38,True,1121378.980000001
TCS.NS,2023-08-17,2023-09-15,3131.67,3130,3280,3182.24,3279.83,4.73,0.1637,0.948,3,52.24,1.668,38,3708.26,186.79,True,1125087.2400000007
APARINDS.NS,2023-08-18,2023-09-18,4804.55,4805,5190,4948.35,5174.27,7.7,0.4529,1.357,4,143.35,2.984,13,2937.04,157.61,True,1128024.2800000007
INFY.NS,2023-08-21,2023-09-20,1278.59,1280,1335,1298.9,1355.78,6.04,0.1509,0.78,4,18.9,1.478,105,3790.75,191.04,True,1131815.0300000007
APARINDS.NS,2023-08-21,2023-09-20,4911.9,4910,5305,5057.02,5385.91,9.65,0.4459,1.533,3,147.02,2.993,13,3223.77,168.67,True,1135038.8000000007
TITAN.NS,2023-08-22,2023-09-21,3046.38,3045,3190,3095.36,3273.1,7.44,0.1618,0.992,3,50.36,1.653,39,3690.81,187.9,True,1138729.6100000008
INFY.NS,2023-08-22,2023-09-21,1277.09,1275,1335,1296.07,1366.24,6.98,0.1514,0.752,4,21.07,1.65,94,3659.25,184.74,True,1142388.8600000008
ICICIBANK.NS,2023-08-24,2023-09-25,953.32,955,990,967.13,940.93,-1.3,0.1313,0.931,4,12.13,1.272,164,-1989.02,-100.0,False,1140399.8400000008
ABB.NS,2023-08-24,2023-09-25,4258.43,4260,4550,4355.83,4106.48,-3.57,0.237,0.9,3,95.83,2.25,20,-1916.54,-100.0,False,1138483.3000000007
ANANDRATHI.NS,2023-08-24,2023-09-25,351.91,350,380,361.47,400.48,13.8,0.4645,1.506,3,11.47,3.259,174,3224.23,161.55,True,1141707.5300000007
INFY.NS,2023-08-24,2023-09-25,1295.14,1295,1350,1314.56,1341.13,3.55,0.151,0.79,3,19.56,1.51,102,2711.02,135.92,True,1144418.5500000007
INFY.NS,2023-08-25,2023-09-26,1291.96,1290,1350,1311.17,1328.85,2.86,0.1521,0.799,4,21.17,1.638,94,1662.5,83.56,True,1146081.0500000007
ANANTRAJ.NS,2023-08-25,2023-09-26,211.39,210,230,217.13,213.98,1.23,0.3725,1.312,4,7.13,3.372,280,-880.7,-44.13,False,1145200.350000001
ANANDRATHI.NS,2023-08-25,2023-09-26,349.86,350,380,361.0,418.19,19.53,0.4686,1.569,3,11.0,3.145,181,3438.74,172.69,True,1148639.090000001
BAJFINANCE.NS,2023-08-25,2023-09-26,708.79,710,740,720.47,773.58,9.14,0.1611,0.848,5,10.47,1.478,190,3710.14,186.45,True,1152349.230000001
ICICIBANK.NS,2023-08-25,2023-09-26,954.75,955,990,967.59,933.4,-2.24,0.1301,0.916,3,12.59,1.319,158,-1988.97,-100.0,False,1150360.260000001
ANGELONE.NS,2023-08-28,2023-09-27,171.77,170,185,175.93,186.08,8.33,0.4887,0.922,3,5.93,3.452,337,3056.76,152.97,True,1153417.020000001
ANANTRAJ.NS,2023-08-28,2023-09-27,213.08,215,230,220.14,221.36,3.88,0.3728,1.201,4,5.14,2.414,388,473.01,23.7,True,1153890.030000001
ANGELONE.NS,2023-08-29,2023-09-28,169.96,170,185,175.51,179.44,5.58,0.4896,0.857,4,5.51,3.24,363,1429.0,71.48,True,1155319.030000001
ANANTRAJ.NS,2023-08-29,2023-09-28,218.42,220,235,225.3,217.77,-0.3,0.3805,1.234,3,5.3,2.426,377,-1997.33,-100.0,False,1153321.700000001
ABB.NS,2023-08-29,2023-09-28,4246.04,4245,4525,4338.69,4032.55,-5.03,0.2293,0.762,4,93.69,2.206,21,-1967.4,-100.0,False,1151354.300000001
ABREL.NS,2023-08-29,2023-09-28,1024.84,1025,1105,1051.78,1075.29,4.92,0.2905,0.867,4,26.78,2.613,74,1739.7,87.79,True,1153094.000000001
ANGELONE.NS,2023-08-30,2023-09-29,171.57,170,185,175.87,177.18,3.27,0.4817,0.813,3,5.87,3.422,340,443.15,22.2,True,1153537.1500000008
ABB.NS,2023-08-30,2023-09-29,4272.69,4275,4555,4368.02,4029.16,-5.7,0.2306,0.679,4,93.02,2.177,21,-1953.44,-100.0,False,1151583.710000001
TITAN.NS,2023-08-30,2023-09-29,3052.91,3055,3185,3100.5,3118.88,2.16,0.1527,0.877,4,45.5,1.49,43,790.39,40.4,True,1152374.1000000008
APARINDS.NS,2023-08-30,2023-09-29,4908.59,4910,5300,5052.52,5412.05,10.26,0.4106,1.521,3,142.52,2.903,14,3464.74,173.65,True,1155838.8400000008
INFY.NS,2023-08-30,2023-09-29,1305.65,1305,1360,1324.65,1305.93,0.02,0.1472,0.624,4,19.65,1.505,101,-1891.11,-95.29,False,1153947.7300000007
ANGELONE.NS,2023-08-31,2023-10-03,179.01,180,195,185.36,176.18,-1.58,0.4793,0.883,5,5.36,2.996,372,-1995.14,-100.0,False,1151952.5900000008
APARINDS.NS,2023-08-31,2023-10-03,4948.56,4950,5345,5091.97,5430.38,9.74,0.3844,1.256,3,141.97,2.869,14,3542.49,178.24,True,1155495.0800000008
ABB.NS,2023-08-31,2023-10-03,4307.69,4310,4575,4398.56,4022.97,-6.61,0.2161,0.662,5,88.56,2.056,22,-1948.39,-100.0,False,1153546.6900000009
TITAN.NS,2023-08-31,2023-10-03,3074.95,3075,3205,3121.05,3165.88,2.96,0.1497,0.814,5,46.05,1.498,43,1927.6,97.34,True,1155474.290000001
ABREL.NS,2023-08-31,2023-10-03,1023.44,1025,1095,1048.21,1107.98,8.26,0.2517,0.901,3,23.21,2.267,86,4024.24,201.64,True,1159498.530000001
ABREL.NS,2023-09-01,2023-10-04,1066.78,1065,1150,1093.85,1066.43,-0.03,0.2913,0.944,4,28.85,2.705,69,-1891.97,-95.04,False,1157606.560000001
ANGELONE.NS,2023-09-01,2023-10-04,183.36,185,200,190.27,177.93,-2.96,0.4808,0.919,4,5.27,2.875,379,-1998.16,-100.0,False,1155608.400000001
TCS.NS,2023-09-01,2023-10-04,3080.12,3080,3190,3119.77,3224.64,4.69,0.1238,0.751,3,39.77,1.291,50,3511.6,176.6,True,1159120.0000000012
TITAN.NS,2023-09-01,2023-10-04,3087.18,3085,3185,3122.15,3136.56,1.6,0.1084,0.775,3,37.15,1.203,53,763.72,38.79,True,1159883.7200000011
TCS.NS,2023-09-04,2023-10-05,3115.94,3115,3225,3155.12,3271.67,5.0,0.1222,0.783,5,40.12,1.288,49,3424.14,174.18,True,1163307.860000001
INFY.NS,2023-09-04,2023-10-05,1332.9,1335,1390,1353.92,1331.4,-0.11,0.1479,0.654,4,18.92,1.419,105,-1986.28,-100.0,False,1161321.580000001
TITAN.NS,2023-09-04,2023-10-05,3070.84,3070,3170,3106.95,3185.94,3.75,0.1126,0.784,3,36.95,1.203,54,3404.61,170.62,True,1164726.190000001
ABCAPITAL.NS,2023-09-04,2023-10-05,190.4,190,200,193.67,175.75,-7.69,0.2038,0.907,4,3.67,1.929,544,-1998.26,-100.0,False,1162727.930000001
BAJFINANCE.NS,2023-09-04,2023-10-05,714.56,715,750,726.91,771.63,7.99,0.1692,0.8,4,11.91,1.666,167,3856.33,193.91,True,1166584.2600000012
TCS.NS,2023-09-05,2023-10-06,3125.83,3125,3230,3163.43,3300.89,5.6,0.1145,0.774,4,38.43,1.229,52,3461.88,173.26,True,1170046.140000001
INFY.NS,2023-09-05,2023-10-06,1345.46,1345,1400,1364.84,1345.27,-0.01,0.1471,0.708,5,19.84,1.474,100,-1956.41,-98.62,False,1168089.7300000011
ABB.NS,2023-09-05,2023-10-06,4365.94,4365,4660,4463.52,4063.42,-6.93,0.2358,0.791,5,98.52,2.257,20,-1970.41,-100.0,False,1166119.3200000012
ABREL.NS,2023-09-05,2023-10-06,1109.47,1110,1200,1141.64,1118.23,0.79,0.3629,1.09,3,31.64,2.852,63,-1475.13,-74.0,False,1164644.1900000013
ABCAPITAL.NS,2023-09-05,2023-10-06,191.4,190,200,193.97,181.5,-5.17,0.1951,0.87,3,3.97,2.076,503,-1998.5,-100.0,False,1162645.6900000013
TITAN.NS,2023-09-05,2023-10-06,3106.35,3105,3210,3143.6,3278.3,5.54,0.1155,0.794,3,38.6,1.243,51,3386.44,172.03,True,1166032.1300000013
BAJFINANCE.NS,2023-09-06,2023-10-09,726.12,725,760,737.57,789.01,8.66,0.1709,0.762,4,12.57,1.732,159,3565.71,178.35,True,1169597.8400000012
ABREL.NS,2023-09-06,2023-10-09,1083.1,1085,1170,1115.06,1093.6,0.97,0.3713,1.096,4,30.06,2.775,66,-1416.34,-71.39,False,1168181.5000000012
APARINDS.NS,2023-09-06,2023-10-09,4821.64,4820,5205,4960.23,5193.79,7.72,0.3978,0.754,4,140.23,2.908,14,3269.76,166.55,True,1171451.2600000012
TITAN.NS,2023-09-06,2023-10-09,3145.87,3145,3255,3185.02,3236.45,2.88,0.1196,0.85,5,40.02,1.272,49,2520.21,128.52,True,1173971.4700000011
ABB.NS,2023-09-06,2023-10-09,4424.43,4425,4725,4524.81,4030.59,-8.9,0.2378,0.831,5,99.81,2.256,20,-1996.28,-100.0,False,1171975.190000001
BHARTIARTL.NS,2023-09-06,2023-10-09,868.16,870,905,881.81,911.8,5.03,0.1412,0.889,4,11.81,1.361,169,3918.76,196.31,True,1175893.9500000011
TITAN.NS,2023-09-07,2023-10-10,3142.65,3145,3250,3182.67,3238.14,3.04,0.1174,0.83,4,37.67,1.199,53,2939.79,147.26,True,1178833.7400000012
TCS.NS,2023-09-07,2023-10-10,3149.44,3150,3255,3188.31,3307.72,5.03,0.1172,0.814,4,38.31,1.216,52,3467.8,174.07,True,1182301.5400000012
ICICIBANK.NS,2023-09-07,2023-10-10,950.08,950,980,961.22,935.86,-1.5,0.1142,0.963,3,11.22,1.181,178,-1996.91,-100.0,False,1180304.6300000013
BAJFINANCE.NS,2023-09-07,2023-10-10,723.7,725,760,736.68,794.51,9.78,0.1691,0.771,4,11.68,1.615,171,3986.92,199.54,True,1184291.5500000012
BHARTIARTL.NS,2023-09-07,2023-10-10,863.23,865,900,876.84,935.28,8.35,0.1425,0.9,3,11.84,1.372,168,3890.82,195.6,True,1188182.3700000013
ABB.NS,2023-09-08,2023-10-11,4383.39,4385,4685,4484.14,4114.84,-6.13,0.2385,0.781,3,99.14,2.262,20,-1982.8,-100.0,False,1186199.5700000012
AJMERA.NS,2023-09-08,2023-10-11,77.22,75,85,78.78,83.44,8.05,0.3866,1.224,3,3.78,4.9,528,2456.0,122.93,True,1188655.5700000012
TCS.NS,2023-09-08,2023-10-11,3137.27,3135,3240,3174.15,3290.4,4.88,0.116,0.801,4,39.15,1.248,51,3358.45,168.21,True,1192014.0200000012
APARINDS.NS,2023-09-08,2023-10-11,4812.5,4815,5200,4954.26,5260.14,9.3,0.3995,0.589,4,139.26,2.894,14,3440.42,176.47,True,1195454.440000001
HDFCBANK.NS,2023-09-08,2023-10-11,777.23,775,805,786.09,737.11,-5.16,0.1156,0.9,3,11.09,1.427,180,-1996.58,-100.0,False,1193457.860000001
ICICIBANK.NS,2023-09-08,2023-10-11,954.9,955,985,966.1,937.73,-1.8,0.1111,0.966,3,11.1,1.162,180,-1997.64,-100.0,False,1191460.2200000011
ANANTRAJ.NS,2023-09-11,2023-10-12,231.34,230,250,237.34,231.04,-0.13,0.3763,1.051,4,7.34,3.174,272,-1715.25,-85.89,False,1189744.9700000011
HDFCBANK.NS,2023-09-11,2023-10-12,781.25,780,805,789.65,742.02,-5.02,0.1107,0.881,3,9.65,1.235,207,-1996.61,-100.0,False,1187748.360000001
APARINDS.NS,2023-09-11,2023-10-12,4970.79,4970,5370,5115.72,5416.64,8.97,0.4053,0.631,4,145.72,2.931,13,3305.69,174.51,True,1191054.050000001
ABB.NS,2023-09-11,2023-10-12,4540.98,4540,4890,4655.39,4144.97,-8.72,0.27,0.899,5,115.39,2.541,17,-1961.71,-100.0,False,1189092.340000001
TITAN.NS,2023-09-11,2023-10-12,3182.77,3185,3285,3221.54,3253.79,2.23,0.1133,0.825,4,36.54,1.148,54,1741.43,88.26,True,1190833.770000001
BHARTIARTL.NS,2023-09-11,2023-10-12,878.52,880,915,892.11,937.25,6.69,0.1447,0.897,3,12.11,1.378,165,3777.33,189.09,True,1194611.100000001
TCS.NS,2023-09-12,2023-10-13,3263.88,3265,3410,3315.68,3254.81,-0.28,0.1576,0.982,4,50.68,1.553,39,-1976.38,-100.0,False,1192634.7200000011
BHARTIARTL.NS,2023-09-12,2023-10-13,878.12,880,915,891.94,941.04,7.17,0.1435,0.822,4,11.94,1.36,167,3851.19,193.16,True,1196485.910000001
ICICIBANK.NS,2023-09-12,2023-10-13,974.53,975,1005,986.04,935.96,-3.96,0.11,1.013,4,11.04,1.133,181,-1998.39,-100.0,False,1194487.5200000012
ANANTRAJ.NS,2023-09-12,2023-10-13,217.47,215,235,222.76,233.98,7.59,0.4511,1.167,4,7.76,3.571,257,2881.9,144.41,True,1197369.420000001
INFY.NS,2023-09-13,2023-10-16,1363.15,1365,1415,1382.47,1304.74,-4.28,0.1303,0.81,4,17.47,1.282,114,-1992.01,-100.0,False,1195377.410000001
TCS.NS,2023-09-13,2023-10-16,3252.08,3250,3400,3302.77,3212.15,-1.23,0.1587,1.004,3,52.77,1.623,37,-1952.43,-100.0,False,1193424.9800000011
BHARTIARTL.NS,2023-09-13,2023-10-16,902.53,905,945,918.42,933.5,3.43,0.1623,0.989,4,13.42,1.487,149,2247.3,112.41,True,1195672.2800000012
HDFCBANK.NS,2023-09-13,2023-10-16,787.05,785,810,794.93,732.32,-6.95,0.109,0.9,4,9.93,1.262,201,-1996.3,-100.0,False,1193675.9800000011
ICICIBANK.NS,2023-09-13,2023-10-16,973.84,975,1005,985.77,936.06,-3.88,0.1089,0.963,4,10.77,1.105,185,-1991.67,-100.0,False,1191684.3100000012
TITAN.NS,2023-09-14,2023-10-17,3230.36,3230,3350,3273.11,3277.01,1.44,0.1279,0.944,4,43.11,1.335,46,179.44,9.05,True,1191863.7500000012
ANGELONE.NS,2023-09-14,2023-10-17,171.18,170,185,175.58,201.75,17.85,0.3928,1.062,3,5.58,3.262,358,3370.91,168.62,True,1195234.660000001
RELIANCE.NS,2023-09-14,2023-10-17,1212.03,1210,1255,1226.58,1163.59,-4.0,0.1203,0.625,4,16.58,1.368,120,-1989.47,-100.0,False,1193245.190000001
ABREL.NS,2023-09-14,2023-10-17,1060.76,1060,1145,1091.71,1189.18,12.11,0.4427,1.311,4,31.71,2.989,63,3357.51,168.09,True,1196602.7000000011
BHARTIARTL.NS,2023-09-14,2023-10-17,902.34,900,945,916.01,940.5,4.23,0.1623,0.972,4,16.01,1.774,124,3036.88,152.96,True,1199639.580000001
AJMERA.NS,2023-09-14,2023-10-17,75.38,75,80,77.02,85.42,13.33,0.4323,1.106,3,2.02,2.677,991,2955.38,147.8,True,1202594.960000001
ANANTRAJ.NS,2023-09-14,2023-10-17,221.66,220,240,227.33,238.07,7.4,0.3734,1.197,3,7.33,3.305,272,2921.67,146.61,True,1205516.6300000008
BAJFINANCE.NS,2023-09-14,2023-10-17,736.59,735,770,747.38,795.43,7.99,0.1517,0.804,4,12.38,1.68,161,3642.58,182.82,True,1209159.210000001
ABCAPITAL.NS,2023-09-14,2023-10-17,181.9,180,195,185.56,182.7,0.44,0.2925,1.127,3,5.56,3.058,359,-1027.73,-51.46,False,1208131.480000001
INFY.NS,2023-09-14,2023-10-17,1370.97,1370,1420,1388.38,1312.29,-4.28,0.1274,0.803,5,18.38,1.341,108,-1985.52,-100.0,False,1206145.960000001
INFY.NS,2023-09-15,2023-10-18,1375.2,1375,1415,1390.19,1310.57,-4.7,0.1046,0.777,5,15.19,1.105,131,-1989.79,-100.0,False,1204156.1700000009
ANGELONE.NS,2023-09-15,2023-10-18,181.28,180,195,185.81,206.89,14.13,0.4392,1.11,4,5.81,3.203,344,3162.63,158.34,True,1207318.8000000007
TCS.NS,2023-09-15,2023-10-18,3279.83,3280,3410,3326.0,3178.61,-3.09,0.1361,0.973,3,46.0,1.402,43,-1977.83,-100.0,False,1205340.9700000007
ABCAPITAL.NS,2023-09-15,2023-10-18,184.55,185,200,189.83,180.7,-2.09,0.2966,1.092,3,4.83,2.619,413,-1995.97,-100.0,False,1203345.0000000007
ABREL.NS,2023-09-15,2023-10-18,1086.58,1085,1175,1118.42,1180.57,8.65,0.4421,1.262,3,33.42,3.076,59,3337.99,169.27,True,1206682.9900000007
ABB.NS,2023-09-15,2023-10-18,4305.57,4305,4650,4419.38,4029.21,-6.42,0.2892,1.076,3,114.38,2.656,17,-1944.38,-100.0,False,1204738.6100000008
BHARTIARTL.NS,2023-09-15,2023-10-18,923.24,925,970,940.15,939.71,1.78,0.1758,1.101,4,15.15,1.641,131,-57.39,-2.89,False,1204681.220000001
ANGELONE.NS,2023-09-18,2023-10-19,181.69,180,195,185.91,210.66,15.94,0.4391,1.094,3,5.91,3.251,338,3073.21,153.91,True,1207754.4300000009
TCS.NS,2023-09-18,2023-10-19,3286.99,3285,3415,3331.56,3157.96,-3.93,0.1337,0.941,3,46.56,1.416,42,-1955.37,-100.0,False,1205799.0600000008
BAJFINANCE.NS,2023-09-18,2023-10-19,741.93,740,765,749.86,770.72,3.88,0.1195,0.751,3,9.86,1.329,202,3058.66,153.6,True,1208857.7200000007
TITAN.NS,2023-09-18,2023-10-19,3307.77,3310,3450,3359.0,3253.44,-1.64,0.1514,1.078,3,49.0,1.481,40,-1959.97,-100.0,False,1206897.7500000007
ANANDRATHI.NS,2023-09-18,2023-10-19,362.03,360,385,368.53,466.23,28.78,0.2011,0.888,5,8.53,2.356,234,3854.23,193.12,True,1210751.9800000007
APARINDS.NS,2023-09-20,2023-10-20,5385.91,5385,5815,5532.0,5245.91,-2.6,0.3154,1.211,3,147.0,2.729,13,-1910.97,-100.0,False,1208841.0100000007
AJMERA.NS,2023-09-20,2023-10-20,73.17,75,80,76.58,79.92,9.22,0.4363,1.096,3,1.58,2.163,1263,4217.61,210.95,True,1213058.6200000008
ANANDRATHI.NS,2023-09-20,2023-10-20,375.67,375,400,383.56,467.09,24.34,0.2322,0.937,4,8.56,2.28,233,3829.38,191.89,True,1216888.0000000007
BAJFINANCE.NS,2023-09-20,2023-10-20,740.98,740,765,749.54,763.6,3.05,0.1207,0.811,4,9.54,1.287,209,2939.94,147.48,True,1219827.9400000006
TITAN.NS,2023-09-20,2023-10-20,3275.23,3275,3425,3327.26,3235.16,-1.22,0.1585,1.094,4,52.26,1.596,38,-1986.06,-100.0,False,1217841.8800000006
ANANTRAJ.NS,2023-09-21,2023-10-23,214.68,215,230,220.5,222.96,3.86,0.3648,1.247,3,5.5,2.561,363,892.7,44.72,True,1218734.5800000005
ABB.NS,2023-09-21,2023-10-23,4204.11,4205,4540,4316.66,3876.23,-7.8,0.2952,1.071,3,111.66,2.656,17,-1898.25,-100.0,False,1216836.3300000005
APARINDS.NS,2023-09-21,2023-10-23,5169.78,5170,5585,5314.26,5135.25,-0.67,0.3384,1.273,3,144.26,2.79,13,-1875.35,-100.0,False,1214960.9800000004
ANGELONE.NS,2023-09-21,2023-10-23,178.62,180,195,185.22,215.22,20.49,0.4591,1.075,3,5.22,2.921,383,3746.52,187.47,True,1218707.5000000005
ANANDRATHI.NS,2023-09-21,2023-10-23,390.98,390,420,400.14,462.93,18.4,0.2642,1.039,4,10.14,2.594,197,3912.16,195.82,True,1222619.6600000004
ABCAPITAL.NS,2023-09-21,2023-10-23,175.8,175,190,180.18,172.55,-1.85,0.3046,1.019,3,5.18,2.946,386,-1999.15,-100.0,False,1220620.5100000005
TCS.NS,2023-09-22,2023-10-25,3284.71,3285,3410,3329.64,3098.05,-5.68,0.1324,1.046,3,44.64,1.359,44,-1964.0,-100.0,False,1218656.5100000005
INFY.NS,2023-09-22,2023-10-25,1361.15,1360,1405,1376.97,1262.56,-7.24,0.1171,0.772,4,16.97,1.247,117,-1985.37,-100.0,False,1216671.1400000004
AJMERA.NS,2023-09-25,2023-10-26,72.19,70,80,73.8,74.92,3.78,0.4451,1.116,3,3.8,5.257,526,594.14,29.76,True,1217265.2800000003
BAJFINANCE.NS,2023-09-25,2023-10-26,768.58,770,810,783.66,729.46,-5.09,0.1979,1.072,4,13.66,1.777,146,-1994.34,-100.0,False,1215270.9400000002
ANANDRATHI.NS,2023-09-26,2023-10-27,418.19,420,450,430.25,457.62,9.43,0.3226,1.25,4,10.25,2.45,195,3851.92,192.78,True,1219122.86
BAJFINANCE.NS,2023-09-26,2023-10-27,773.58,775,815,788.7,737.85,-4.62,0.198,1.102,4,13.7,1.771,145,-1986.87,-100.0,False,1217135.99
APARINDS.NS,2023-09-26,2023-10-27,5735.63,5735,6195,5902.96,4960.27,-13.52,0.4084,1.445,4,167.96,2.928,11,-1847.61,-100.0,False,1215288.38
HDFCBANK.NS,2023-09-26,2023-10-27,736.18,735,780,750.26,703.38,-4.45,0.2015,1.268,3,15.26,2.073,131,-1998.82,-100.0,False,1213289.5599999998
RELIANCE.NS,2023-09-26,2023-10-27,1157.29,1155,1200,1171.48,1119.4,-3.27,0.124,0.799,4,16.48,1.424,121,-1994.66,-100.0,False,1211294.9
ABB.NS,2023-09-26,2023-10-27,4134.31,4135,4465,4244.95,3940.92,-4.68,0.295,1.038,3,109.95,2.659,18,-1979.04,-100.0,False,1209315.8599999999
APARINDS.NS,2023-09-27,2023-10-30,5676.55,5675,6130,5841.66,5013.42,-11.68,0.4115,1.353,4,166.66,2.936,12,-1999.94,-100.0,False,1207315.92
BHARTIARTL.NS,2023-09-27,2023-10-30,907.56,910,950,923.73,913.48,0.65,0.1714,1.269,3,13.73,1.513,145,-1486.34,-74.65,False,1205829.5799999998
HDFCBANK.NS,2023-09-27,2023-10-30,731.01,730,775,745.09,711.02,-2.73,0.1994,1.319,3,15.09,2.064,132,-1992.04,-100.0,False,1203837.5399999998
TCS.NS,2023-09-27,2023-10-30,3271.63,3270,3400,3316.49,3087.5,-5.63,0.1352,1.114,3,46.49,1.421,43,-1999.19,-100.0,False,1201838.3499999999
ABB.NS,2023-09-27,2023-10-30,4161.98,4160,4495,4271.68,4001.58,-3.85,0.2921,0.876,4,111.68,2.683,17,-1898.61,-100.0,False,1199939.7399999998
ANGELONE.NS,2023-09-27,2023-10-30,186.08,185,200,190.81,246.86,32.66,0.4484,1.064,4,5.81,3.124,343,3150.81,158.0,True,1203090.5499999998
RELIANCE.NS,2023-09-27,2023-10-30,1170.34,1170,1215,1186.03,1142.47,-2.38,0.1293,0.783,4,16.03,1.37,124,-1987.98,-100.0,False,1201102.5699999998
HDFCBANK.NS,2023-09-28,2023-10-31,729.5,730,770,743.64,706.9,-3.1,0.1985,1.32,3,13.64,1.87,146,-1991.38,-100.0,False,1199111.19
ANGELONE.NS,2023-09-28,2023-10-31,179.44,180,195,185.44,248.62,38.55,0.4707,1.072,4,5.44,3.031,367,3508.76,175.77,True,1202619.95
BHARTIARTL.NS,2023-09-28,2023-10-31,912.89,915,960,929.81,901.79,-1.22,0.1715,1.146,4,14.81,1.622,135,-1999.21,-100.0,False,1200620.74
RELIANCE.NS,2023-09-28,2023-10-31,1153.14,1155,1200,1170.49,1130.32,-1.98,0.1381,0.83,4,15.49,1.343,129,-1998.51,-100.0,False,1198622.23
RELIANCE.NS,2023-09-29,2023-11-01,1158.53,1160,1205,1175.71,1135.01,-2.03,0.1395,0.872,3,15.71,1.356,127,-1995.48,-100.0,False,1196626.75
BAJFINANCE.NS,2023-09-29,2023-11-01,767.69,770,810,783.34,734.38,-4.34,0.1965,1.12,3,13.34,1.737,149,-1987.1,-100.0,False,1194639.65
ANANDRATHI.NS,2023-10-03,2023-11-02,427.71,430,460,440.21,491.53,14.92,0.3221,1.468,3,10.21,2.387,195,3858.76,193.79,True,1198498.41
APOLLO.NS,2023-10-05,2023-11-06,69.16,70,75,71.86,103.07,49.03,0.6256,1.25,4,1.86,2.694,1073,3366.09,168.4,True,1201864.5
AJMERA.NS,2023-10-05,2023-11-06,73.93,75,80,76.68,76.3,3.21,0.3989,0.896,3,1.68,2.278,1187,-455.31,-22.78,False,1201409.19
ANGELONE.NS,2023-10-05,2023-11-06,190.44,190,205,195.77,252.91,32.8,0.4831,1.086,4,5.77,3.029,346,3194.2,160.05,True,1204603.39
AJMERA.NS,2023-10-06,2023-11-07,77.32,75,85,78.88,77.09,-0.29,0.4218,0.923,4,3.88,5.012,516,-920.23,-46.02,False,1203683.16
ANANDRATHI.NS,2023-10-06,2023-11-07,448.33,450,485,461.53,505.95,12.85,0.3132,1.233,3,11.53,2.572,173,4060.05,203.52,True,1207743.21
ABCAPITAL.NS,2023-10-06,2023-11-07,181.5,180,195,185.61,174.05,-4.1,0.339,1.029,4,5.61,3.089,356,-1995.9,-100.0,False,1205747.31
ABREL.NS,2023-10-06,2023-11-07,1118.23,1120,1210,1153.45,1131.46,1.18,0.4786,1.294,4,33.45,2.991,59,-1297.17,-65.73,False,1204450.1400000001
ANGELONE.NS,2023-10-06,2023-11-07,189.33,190,205,195.53,244.25,29.01,0.4806,1.082,4,5.53,2.919,361,3419.74,171.39,True,1207869.8800000001
TCS.NS,2023-10-06,2023-11-07,3300.89,3300,3440,3349.82,3080.1,-6.69,0.1495,1.281,3,49.82,1.509,40,-1992.87,-100.0,False,1205877.01
APARINDS.NS,2023-10-06,2023-11-07,5373.37,5375,5805,5535.14,5018.91,-6.6,0.4564,1.09,3,160.14,2.98,12,-1921.72,-100.0,False,1203955.29
ANANDRATHI.NS,2023-10-09,2023-11-08,465.69,465,505,478.53,497.57,6.85,0.3212,1.443,4,13.53,2.905,147,2798.54,140.72,True,1206753.83
ANGELONE.NS,2023-10-09,2023-11-08,195.34,195,210,200.79,257.68,31.92,0.4901,1.16,4,5.79,2.966,345,3176.06,158.89,True,1209929.8900000001
APARINDS.NS,2023-10-09,2023-11-08,5193.79,5195,5610,5350.93,5065.29,-2.47,0.4773,1.084,3,155.93,3.002,12,-1871.14,-100.0,False,1208058.7500000002
TCS.NS,2023-10-09,2023-11-08,3316.34,3315,3460,3365.95,3090.24,-6.82,0.1486,1.249,4,50.95,1.536,39,-1987.04,-100.0,False,1206071.7100000002
ANGELONE.NS,2023-10-10,2023-11-09,198.34,200,215,205.42,260.39,31.29,0.4863,1.196,4,5.42,2.732,369,3535.18,176.78,True,1209606.8900000001
ANANDRATHI.NS,2023-10-10,2023-11-09,467.94,470,505,481.71,496.55,6.11,0.3184,1.398,3,11.71,2.502,170,2523.52,126.78,True,1212130.4100000001
AJMERA.NS,2023-10-10,2023-11-09,83.7,85,90,86.89,80.49,-3.84,0.6312,1.279,3,1.89,2.261,1056,-1998.41,-100.0,False,1210132.0000000002
BHARTIARTL.NS,2023-10-11,2023-11-10,942.43,940,990,957.76,922.6,-2.1,0.1784,0.885,4,17.76,1.885,112,-1989.47,-100.0,False,1208142.5300000003
APARINDS.NS,2023-10-11,2023-11-10,5260.14,5260,5680,5418.15,5046.52,-4.06,0.4777,1.003,3,158.15,3.006,12,-1897.75,-100.0,False,1206244.7800000003
ABCAPITAL.NS,2023-10-11,2023-11-10,178.75,180,195,184.86,175.05,-2.07,0.357,1.033,3,4.86,2.719,411,-1997.29,-100.0,False,1204247.4900000002
AJMERA.NS,2023-10-11,2023-11-10,83.44,85,90,86.86,79.52,-4.7,0.6305,1.328,4,1.86,2.228,1075,-1998.35,-100.0,False,1202249.1400000001
ANGELONE.NS,2023-10-11,2023-11-10,201.31,200,215,206.02,261.95,30.13,0.4874,1.242,3,6.02,2.991,332,2981.17,149.15,True,1205230.31
ABREL.NS,2023-10-11,2023-11-10,1166.94,1165,1260,1201.31,1165.59,-0.12,0.5059,1.153,3,36.31,3.111,55,-1964.22,-98.37,False,1203266.09
ABREL.NS,2023-10-12,2023-11-13,1173.55,1175,1265,1208.63,1198.28,2.11,0.4524,1.102,3,33.63,2.866,59,-610.48,-30.77,False,1202655.61
ABCAPITAL.NS,2023-10-12,2023-11-13,180.95,180,195,185.31,177.9,-1.69,0.3097,0.978,3,5.31,2.935,376,-1997.01,-100.0,False,1200658.6
APARINDS.NS,2023-10-12,2023-11-13,5416.64,5415,5850,5578.74,5363.48,-0.98,0.4757,0.933,3,163.74,3.023,12,-1964.89,-100.0,False,1198693.7100000002
ANANTRAJ.NS,2023-10-16,2023-11-16,239.02,240,260,246.8,251.98,5.42,0.3789,1.114,4,6.8,2.846,294,1522.41,76.12,True,1200216.12
BHARTIARTL.NS,2023-10-16,2023-11-16,933.5,935,975,948.91,936.46,0.32,0.1608,0.843,4,13.91,1.49,143,-1780.73,-89.51,False,1198435.3900000001
ABB.NS,2023-10-16,2023-11-16,4209.27,4210,4480,4300.07,4161.39,-1.14,0.2233,0.8,3,90.07,2.14,22,-1981.54,-100.0,False,1196453.85
APARINDS.NS,2023-10-16,2023-11-16,5430.77,5430,5865,5591.94,5494.0,1.16,0.4481,0.808,3,161.94,2.982,12,-1175.26,-60.48,False,1195278.59
APOLLO.NS,2023-10-16,2023-11-16,66.56,65,70,67.23,146.51,120.11,0.5529,1.572,3,2.23,3.346,897,2486.97,124.47,True,1197765.56
TITAN.NS,2023-10-17,2023-11-17,3277.01,3275,3470,3341.03,3307.12,0.92,0.2031,1.019,3,66.03,2.015,30,-1017.19,-51.35,False,1196748.37
ABCAPITAL.NS,2023-10-17,2023-11-17,182.7,185,195,188.36,170.95,-6.43,0.3081,0.939,3,3.36,1.837,596,-1999.76,-100.0,False,1194748.61
BAJFINANCE.NS,2023-10-17,2023-11-17,795.43,795,855,814.67,709.72,-10.77,0.2556,1.114,3,19.67,2.473,101,-1987.14,-100.0,False,1192761.4700000002
ANANTRAJ.NS,2023-10-17,2023-11-17,238.07,240,255,245.38,257.87,8.32,0.3796,1.101,3,5.38,2.261,371,3567.95,178.66,True,1196329.4200000002
RELIANCE.NS,2023-10-17,2023-11-17,1163.59,1165,1210,1180.79,1163.74,0.01,0.1401,0.663,4,15.79,1.357,126,-1989.45,-100.0,False,1194339.9700000002
HDFCBANK.NS,2023-10-17,2023-11-17,737.88,740,780,753.18,720.59,-2.34,0.1984,0.984,3,13.18,1.787,151,-1990.54,-100.0,False,1192349.4300000002
ANANDRATHI.NS,2023-10-18,2023-11-20,464.18,465,500,477.8,579.62,24.87,0.4046,1.48,3,12.8,2.757,156,3463.49,173.48,True,1195812.9200000002
ANGELONE.NS,2023-10-18,2023-11-20,206.89,205,225,212.34,288.5,39.45,0.3975,1.369,4,7.34,3.546,272,3444.37,172.6,True,1199257.2900000003
ANGELONE.NS,2023-10-19,2023-11-21,210.66,210,230,216.89,284.27,34.94,0.3713,1.259,3,6.89,3.271,290,3801.8,190.26,True,1203059.0900000003
ANANDRATHI.NS,2023-10-19,2023-11-21,466.23,465,505,479.48,564.73,21.13,0.3948,1.561,3,14.48,3.106,138,3521.72,176.24,True,1206580.8100000003
APOLLO.NS,2023-10-19,2023-11-21,76.75,75,85,78.87,138.82,80.87,0.6233,1.525,4,3.87,5.04,516,3163.83,158.49,True,1209744.6400000004
HDFCBANK.NS,2023-10-20,2023-11-22,729.07,730,755,739.09,724.16,-0.67,0.1338,0.908,3,9.09,1.247,219,-1990.99,-100.0,False,1207753.6500000004
ANGELONE.NS,2023-10-20,2023-11-22,225.66,225,245,232.3,285.06,26.33,0.4275,1.406,4,7.3,3.237,273,3466.1,173.84,True,1211219.7500000005
ANGELONE.NS,2023-10-23,2023-11-23,215.22,215,230,220.87,284.3,32.1,0.4695,1.485,4,5.87,2.727,340,3104.57,155.58,True,1214324.3200000005
ANANDRATHI.NS,2023-10-25,2023-11-24,452.22,450,490,464.4,621.23,37.37,0.3713,1.288,3,14.4,3.185,138,3532.31,177.71,True,1217856.6300000006
ABREL.NS,2023-10-26,2023-11-28,1076.18,1075,1160,1106.6,1227.54,14.06,0.419,1.058,3,31.6,2.937,63,3364.06,168.97,True,1221220.6900000006
ANGELONE.NS,2023-10-26,2023-11-28,232.44,230,250,237.95,295.56,27.16,0.4885,1.608,3,7.95,3.419,251,3025.13,151.65,True,1224245.8200000005
ABB.NS,2023-10-26,2023-11-28,3891.52,3890,4190,3989.07,4183.51,7.5,0.2696,1.009,3,99.07,2.546,20,3888.89,196.27,True,1228134.7100000004
APARINDS.NS,2023-10-26,2023-11-28,5103.63,5105,5510,5248.84,5383.89,5.49,0.3633,1.047,4,143.84,2.818,13,1755.6,93.89,True,1229890.3100000005
ANANTRAJ.NS,2023-10-26,2023-11-28,229.54,230,250,237.18,252.98,10.21,0.4582,1.107,4,7.18,3.128,278,3564.15,178.58,True,1233454.4600000004
APOLLO.NS,2023-10-26,2023-11-28,73.7,75,80,76.87,125.04,69.65,0.7465,1.652,4,1.87,2.541,1068,3340.14,167.02,True,1236794.6000000003
ANGELONE.NS,2023-10-27,2023-11-29,244.18,245,265,252.35,297.37,21.78,0.4931,1.671,4,7.35,3.009,272,3441.39,172.19,True,1240235.9900000002
ABB.NS,2023-10-27,2023-11-29,3940.92,3940,4250,4041.69,4172.5,5.88,0.2732,1.113,3,101.69,2.58,19,2485.36,128.63,True,1242721.3500000003
ANANTRAJ.NS,2023-10-27,2023-11-29,240.46,240,260,247.53,258.96,7.69,0.4712,1.18,4,7.53,3.131,265,3029.74,151.85,True,1245751.0900000003
ABREL.NS,2023-10-27,2023-11-29,1093.1,1095,1180,1126.08,1242.96,13.71,0.4218,1.045,3,31.08,2.843,64,3450.95,173.5,True,1249202.0400000003
ANANTRAJ.NS,2023-10-30,2023-11-30,239.66,240,260,247.33,267.64,11.67,0.4659,1.199,3,7.33,3.059,272,3446.18,172.84,True,1252648.2200000002
ABREL.NS,2023-10-30,2023-11-30,1088.92,1090,1175,1121.23,1257.54,15.48,0.4221,1.035,3,31.23,2.868,64,3440.96,172.13,True,1256089.1800000002
ANANDRATHI.NS,2023-10-30,2023-11-30,469.49,470,505,482.52,641.18,36.57,0.3543,1.329,3,12.52,2.667,159,3573.75,179.47,True,1259662.9300000002
ABB.NS,2023-10-30,2023-11-30,4001.58,4000,4295,4097.89,4345.24,8.59,0.2577,1.186,3,97.89,2.446,20,3942.12,201.35,True,1263605.0500000003
ANANDRATHI.NS,2023-10-31,2023-12-01,471.61,470,510,484.24,641.55,36.03,0.3516,1.228,3,14.24,3.019,140,3606.53,180.92,True,1267211.5800000003
APOLLO.NS,2023-10-31,2023-12-01,91.28,90,100,93.95,125.14,37.09,0.9407,1.873,4,3.95,4.332,505,3053.11,152.89,True,1270264.6900000004
TITAN.NS,2023-10-31,2023-12-01,3159.34,3160,3350,3223.85,3456.34,9.4,0.2099,1.173,4,63.85,2.021,31,3910.6,197.57,True,1274175.2900000005
ABREL.NS,2023-10-31,2023-12-01,1077.48,1075,1165,1107.98,1271.27,17.99,0.4056,1.055,3,32.98,3.061,60,3421.17,172.89,True,1277596.4600000004
ABCAPITAL.NS,2023-10-31,2023-12-01,172.45,170,185,175.73,169.9,-1.48,0.3107,1.135,4,5.73,3.325,348,-1995.19,-100.0,False,1275601.2700000005
APARINDS.NS,2023-10-31,2023-12-01,5117.51,5120,5525,5262.96,5464.86,6.79,0.3564,1.23,3,142.96,2.793,13,2624.74,141.24,True,1278226.0100000005
ANANTRAJ.NS,2023-10-31,2023-12-01,242.26,240,260,247.93,263.75,8.87,0.4664,1.167,4,7.93,3.275,252,3040.65,152.08,True,1281266.6600000004
APOLLO.NS,2023-11-01,2023-12-04,98.17,100,105,101.95,123.64,25.94,0.9543,2.093,4,1.95,1.986,1025,3126.86,156.49,True,1284393.5200000005
ANGELONE.NS,2023-11-01,2023-12-04,253.21,255,275,262.04,286.23,13.04,0.4376,1.562,3,7.04,2.778,284,3681.99,184.28,True,1288075.5100000005
APARINDS.NS,2023-11-01,2023-12-04,4993.66,4995,5395,5136.63,5470.89,9.56,0.3637,1.269,3,141.63,2.836,14,3617.2,182.43,True,1291692.7100000004
ANANDRATHI.NS,2023-11-01,2023-12-04,500.09,500,540,514.46,658.99,31.78,0.3878,1.302,4,14.46,2.891,138,3525.2,176.72,True,1295217.9100000004
ANANDRATHI.NS,2023-11-02,2023-12-05,491.53,490,530,504.78,648.78,31.99,0.3926,1.267,3,14.78,3.008,135,3404.24,170.57,True,1298622.1500000004
APARINDS.NS,2023-11-06,2023-12-07,5059.71,5060,5465,5202.57,5334.58,5.43,0.3528,1.222,3,142.57,2.818,14,1848.27,92.6,True,1300470.4200000004
APOLLO.NS,2023-11-06,2023-12-07,103.07,105,110,106.96,122.59,18.94,0.9471,1.96,3,1.96,1.898,1022,3110.55,155.57,True,1303580.9700000004
ABB.NS,2023-11-06,2023-12-07,4132.83,4135,4430,4232.16,4664.81,12.87,0.2509,1.037,3,97.16,2.351,20,3956.85,203.63,True,1307537.8200000005
ANANTRAJ.NS,2023-11-07,2023-12-08,245.85,245,265,252.38,278.66,13.35,0.3843,1.097,3,7.38,3.002,270,3407.06,170.96,True,1310944.8800000006
ABCAPITAL.NS,2023-11-07,2023-12-08,174.05,175,185,178.4,163.2,-6.23,0.2589,0.928,3,3.4,1.955,587,-1997.29,-100.0,False,1308947.5900000005
ABCAPITAL.NS,2023-11-08,2023-12-11,174.65,175,185,178.55,165.45,-5.27,0.2537,0.906,4,3.55,2.032,563,-1997.92,-100.0,False,1306949.6700000006
ABB.NS,2023-11-08,2023-12-11,4203.47,4205,4495,4301.01,4706.15,11.96,0.2422,0.956,3,96.01,2.284,20,3879.8,202.05,True,1310829.4700000007
ANANTRAJ.NS,2023-11-08,2023-12-11,247.14,245,265,252.7,287.49,16.32,0.374,1.026,3,7.7,3.116,259,3185.49,159.71,True,1314014.9600000007
APARINDS.NS,2023-11-09,2023-12-12,5123.39,5125,5535,5264.81,5202.53,1.54,0.3192,0.863,4,139.81,2.729,14,-871.86,-44.54,False,1313143.1000000006
ABB.NS,2023-11-09,2023-12-12,4237.83,4240,4535,4337.2,4641.71,9.53,0.2432,0.951,4,97.2,2.294,20,3955.93,203.49,True,1317099.0300000005
ANANTRAJ.NS,2023-11-09,2023-12-12,247.14,245,265,252.67,283.6,14.75,0.3663,0.972,3,7.67,3.105,260,3204.88,160.64,True,1320303.9100000004
ABREL.NS,2023-11-09,2023-12-12,1163.55,1165,1255,1196.55,1282.76,10.25,0.3463,0.704,3,31.55,2.711,63,3682.64,185.3,True,1323986.5500000003
ANGELONE.NS,2023-11-09,2023-12-12,260.39,260,280,267.84,295.23,13.38,0.5601,1.476,3,7.84,3.01,255,3101.11,155.14,True,1327087.6600000004
ANANDRATHI.NS,2023-11-10,2023-12-13,511.15,510,550,524.84,620.89,21.47,0.389,1.139,3,14.84,2.902,134,3372.03,169.62,True,1330459.6900000004
APOLLO.NS,2023-11-10,2023-12-13,116.7,115,125,119.12,120.19,3.0,0.9613,1.946,3,4.12,3.527,485,523.05,26.2,True,1330982.7400000005
ABREL.NS,2023-11-10,2023-12-13,1165.59,1165,1260,1198.22,1283.06,10.08,0.3457,0.702,3,33.22,2.85,60,3707.02,186.0,True,1334689.7600000005
ABCAPITAL.NS,2023-11-13,2023-12-14,177.9,180,190,183.13,166.3,-6.52,0.2569,0.835,4,3.13,1.758,639,-1998.94,-100.0,False,1332690.8200000005
ANGELONE.NS,2023-11-13,2023-12-14,271.05,270,295,279.49,307.51,13.45,0.5515,1.384,3,9.49,3.502,210,3256.72,163.39,True,1335947.5400000005
APOLLO.NS,2023-11-13,2023-12-14,121.14,120,130,124.07,119.05,-1.73,0.9613,1.956,3,4.07,3.357,491,-1997.04,-100.0,False,1333950.5000000005
APARINDS.NS,2023-11-13,2023-12-14,5363.48,5365,5795,5518.44,5311.66,-0.97,0.3755,0.778,5,153.44,2.861,13,-1994.68,-100.0,False,1331955.8200000005
ANANDRATHI.NS,2023-11-13,2023-12-14,515.87,515,555,529.75,640.3,24.12,0.3817,1.092,3,14.75,2.859,135,3409.05,171.23,True,1335364.8700000006
ABREL.NS,2023-11-13,2023-12-14,1198.28,1200,1295,1233.28,1237.44,3.27,0.3595,0.701,4,33.28,2.778,60,249.27,12.48,True,1335614.1400000006
TITAN.NS,2023-11-15,2023-12-15,3264.63,3265,3445,3326.11,3566.34,9.24,0.1916,0.936,3,61.11,1.872,32,3804.44,194.54,True,1339418.5800000005
AJMERA.NS,2023-11-15,2023-12-15,84.31,85,90,86.93,84.37,0.07,0.5288,1.053,4,1.93,2.292,1035,-1999.76,-100.0,False,1337418.8200000005
RELIANCE.NS,2023-11-15,2023-12-15,1164.19,1165,1220,1184.13,1232.93,5.91,0.1728,0.852,5,19.13,1.643,104,3730.59,187.52,True,1341149.4100000006
HDFCBANK.NS,2023-11-15,2023-12-15,720.26,720,750,730.43,793.1,10.11,0.1343,0.692,5,10.43,1.448,191,3738.6,187.74,True,1344888.0100000007
ANGELONE.NS,2023-11-15,2023-12-15,292.26,290,315,299.95,314.04,7.45,0.5843,1.535,4,9.95,3.404,201,2832.27,141.65,True,1347720.2800000007
APARINDS.NS,2023-11-15,2023-12-15,5554.23,5555,6000,5715.69,5339.23,-3.87,0.392,0.785,5,160.69,2.893,12,-1928.33,-100.0,False,1345791.9500000007
ABCAPITAL.NS,2023-11-15,2023-12-15,181.7,180,195,185.37,165.6,-8.86,0.2684,0.859,5,5.37,2.958,372,-1999.33,-100.0,False,1343792.6200000006
INFY.NS,2023-11-16,2023-12-18,1331.54,1330,1405,1355.93,1441.62,8.27,0.1945,0.957,4,25.93,1.947,77,3778.77,189.3,True,1347571.3900000006
ICICIBANK.NS,2023-11-16,2023-12-18,920.91,920,960,934.04,1004.98,9.13,0.1405,0.925,4,14.04,1.524,142,3686.59,184.94,True,1351257.9800000007
ANANDRATHI.NS,2023-11-16,2023-12-18,520.65,520,560,534.41,627.67,20.55,0.3465,0.971,3,14.41,2.767,138,3531.71,177.62,True,1354789.6900000006
HDFCBANK.NS,2023-11-16,2023-12-18,722.15,720,750,731.09,792.69,9.77,0.1313,0.695,4,11.09,1.535,180,3404.16,170.56,True,1358193.8500000006
TITAN.NS,2023-11-16,2023-12-18,3304.25,3305,3490,3367.76,3585.21,8.5,0.1963,1.007,4,62.76,1.899,31,3789.36,194.76,True,1361983.2100000007
RELIANCE.NS,2023-11-16,2023-12-18,1166.29,1165,1225,1185.78,1245.48,6.79,0.1721,0.801,5,20.78,1.781,96,3765.45,188.79,True,1365748.6600000006
APARINDS.NS,2023-11-16,2023-12-18,5494.0,5495,5935,5653.69,5353.46,-2.56,0.3902,0.753,3,158.69,2.888,12,-1904.23,-100.0,False,1363844.4300000006
APOLLO.NS,2023-11-16,2023-12-18,146.51,145,160,150.92,118.1,-19.39,0.9997,1.701,4,5.92,4.04,337,-1994.88,-100.0,False,1361849.5500000007
RELIANCE.NS,2023-11-17,2023-12-19,1163.74,1165,1220,1183.67,1263.81,8.6,0.1649,0.78,3,18.67,1.605,107,3887.04,194.55,True,1365736.5900000008
INFY.NS,2023-11-17,2023-12-19,1324.76,1325,1400,1350.3,1436.04,8.4,0.1954,0.946,3,25.3,1.909,79,3926.69,196.5,True,1369663.2800000007
ANANDRATHI.NS,2023-11-17,2023-12-19,537.29,535,580,550.77,628.45,16.97,0.3155,0.912,3,15.77,2.936,126,3682.53,185.29,True,1373345.8100000008
HDFCBANK.NS,2023-11-17,2023-12-19,720.59,720,745,729.32,791.35,9.82,0.1222,0.676,3,9.32,1.294,214,3354.83,168.15,True,1376700.6400000008
APOLLO.NS,2023-11-17,2023-12-19,153.8,155,165,158.95,118.2,-23.15,0.989,1.642,3,3.95,2.567,506,-1997.99,-100.0,False,1374702.6500000008
ANANTRAJ.NS,2023-11-17,2023-12-19,257.87,260,280,266.63,302.4,17.27,0.3637,0.807,5,6.63,2.572,301,4024.0,201.6,True,1378726.6500000008
TCS.NS,2023-11-17,2023-12-19,3200.72,3200,3375,3260.05,3487.45,8.96,0.1919,0.929,4,60.05,1.876,33,3793.37,191.43,True,1382520.020000001
APARINDS.NS,2023-11-17,2023-12-19,5728.22,5730,6185,5895.61,5286.86,-7.7,0.4035,0.87,4,165.61,2.891,12,-1987.38,-100.0,False,1380532.640000001
RELIANCE.NS,2023-11-20,2023-12-20,1160.68,1160,1215,1179.23,1248.52,7.57,0.1625,0.79,3,19.23,1.656,104,3720.48,186.07,True,1384253.120000001
ANANDRATHI.NS,2023-11-20,2023-12-20,579.62,580,625,596.4,610.99,5.41,0.3979,1.05,4,16.4,2.829,121,1765.81,88.99,True,1386018.930000001
ABB.NS,2023-11-20,2023-12-20,4273.72,4275,4510,4355.05,4536.56,6.15,0.1946,0.907,3,80.05,1.873,24,3718.84,193.57,True,1389737.7700000012
TITAN.NS,2023-11-20,2023-12-20,3314.06,3315,3500,3377.52,3520.33,6.22,0.194,0.905,3,62.52,1.886,31,3796.97,195.92,True,1393534.7400000012
ANANTRAJ.NS,2023-11-20,2023-12-20,253.33,255,275,261.7,289.78,14.39,0.3641,0.771,4,6.7,2.645,298,3963.27,198.49,True,1397498.0100000012
APARINDS.NS,2023-11-20,2023-12-20,5801.53,5800,6265,5969.68,5297.39,-8.69,0.4044,0.903,3,169.68,2.925,11,-1866.43,-100.0,False,1395631.5800000012
RELIANCE.NS,2023-11-21,2023-12-21,1175.28,1175,1230,1194.36,1266.01,7.72,0.1667,0.84,4,19.36,1.647,103,3671.34,184.15,True,1399302.9200000013
ABB.NS,2023-11-21,2023-12-21,4272.05,4270,4490,4345.82,4605.53,7.81,0.1764,0.92,4,75.82,1.775,26,3748.65,190.16,True,1403051.5700000012
HDFCBANK.NS,2023-11-21,2023-12-21,726.74,725,755,735.79,807.54,11.12,0.1243,0.678,4,10.79,1.485,185,3553.7,178.01,True,1406605.2700000012
ANANDRATHI.NS,2023-11-21,2023-12-21,564.73,565,610,581.47,629.48,11.47,0.4181,1.136,3,16.47,2.916,121,3452.23,173.24,True,1410057.5000000012
TITAN.NS,2023-11-21,2023-12-21,3362.2,3360,3555,3426.29,3545.98,5.47,0.198,0.89,5,66.29,1.972,30,3590.72,180.55,True,1413648.2200000011
ICICIBANK.NS,2023-11-21,2023-12-21,911.16,910,950,924.18,988.2,8.45,0.144,0.878,4,14.18,1.556,141,3641.17,182.16,True,1417289.390000001
ANANDRATHI.NS,2023-11-22,2023-12-22,600.54,600,650,618.53,637.56,6.16,0.4504,1.309,3,18.53,3.085,107,2036.46,102.72,True,1419325.850000001
TITAN.NS,2023-11-22,2023-12-22,3397.26,3395,3585,3459.85,3592.88,5.76,0.1904,0.895,3,64.85,1.909,30,3754.5,192.98,True,1423080.350000001
ANANDRATHI.NS,2023-11-23,2023-12-26,619.42,620,670,638.29,639.29,3.21,0.4331,1.375,4,18.29,2.954,109,108.51,5.44,True,1423188.860000001
HDFCBANK.NS,2023-11-24,2023-12-27,733.52,735,750,740.72,815.48,11.17,0.0809,0.72,4,5.72,0.78,349,3237.45,162.07,True,1426426.310000001
RELIANCE.NS,2023-11-24,2023-12-27,1182.69,1185,1230,1200.59,1278.01,8.06,0.1395,0.781,4,15.59,1.318,128,3764.79,188.69,True,1430191.100000001
ICICIBANK.NS,2023-11-24,2023-12-27,914.41,915,950,927.25,986.09,7.84,0.1313,0.779,4,12.25,1.34,163,3707.53,185.61,True,1433898.630000001
ANANDRATHI.NS,2023-11-24,2023-12-27,621.23,620,670,638.7,635.13,2.24,0.4291,1.377,3,18.7,3.01,106,-378.58,-19.1,False,1433520.050000001
ABB.NS,2023-11-24,2023-12-27,4190.49,4190,4420,4268.24,4653.8,11.06,0.1892,0.909,3,78.24,1.867,25,3794.0,193.97,True,1437314.050000001
ANGELONE.NS,2023-11-24,2023-12-27,293.02,295,315,302.61,319.36,8.99,0.5383,1.146,3,7.61,2.597,262,3246.0,162.79,True,1440560.050000001
ABCAPITAL.NS,2023-11-24,2023-12-27,168.7,170,180,173.3,161.75,-4.12,0.2676,0.926,3,3.3,1.957,605,-1997.11,-100.0,False,1438562.9400000009
HDFCBANK.NS,2023-11-28,2023-12-28,731.87,730,750,738.06,816.42,11.55,0.0822,0.703,4,8.06,1.102,248,2960.44,148.05,True,1441523.3800000008
TITAN.NS,2023-11-28,2023-12-28,3409.69,3410,3560,3462.48,3679.8,7.92,0.1533,0.837,4,52.48,1.539,38,3705.66,185.81,True,1445229.0400000007
RELIANCE.NS,2023-11-28,2023-12-28,1182.93,1185,1225,1199.32,1287.25,8.82,0.1298,0.814,5,14.32,1.211,139,3569.09,179.27,True,1448798.1300000008
ICICIBANK.NS,2023-11-28,2023-12-28,910.57,910,945,922.66,989.68,8.69,0.132,0.791,5,12.66,1.391,157,3506.81,176.38,True,1452304.9400000009
ABCAPITAL.NS,2023-11-28,2023-12-28,170.1,170,185,174.62,161.65,-4.97,0.266,0.951,3,4.62,2.715,433,-1999.79,-100.0,False,1450305.1500000008
ANGELONE.NS,2023-11-28,2023-12-28,295.56,295,320,304.51,329.23,11.39,0.5196,1.209,3,9.51,3.218,210,3252.59,162.84,True,1453557.740000001
ABREL.NS,2023-11-28,2023-12-28,1227.54,1230,1325,1261.68,1216.04,-0.94,0.3031,0.838,5,31.68,2.581,63,-1995.72,-100.0,False,1451562.020000001
INFY.NS,2023-11-28,2023-12-28,1329.51,1330,1395,1352.56,1440.05,8.31,0.1763,0.949,3,22.56,1.697,88,3734.63,188.11,True,1455296.6500000008
APOLLO.NS,2023-11-29,2023-12-29,118.8,120,130,123.8,113.8,-4.2,1.0977,1.456,3,3.8,3.198,526,-1998.14,-100.0,False,1453298.510000001
ANANTRAJ.NS,2023-11-29,2023-12-29,258.96,260,275,264.84,294.32,13.65,0.2136,0.927,4,4.84,1.87,413,4195.34,209.8,True,1457493.850000001
TCS.NS,2023-11-29,2023-12-29,3211.05,3210,3365,3263.69,3466.61,7.96,0.165,1.066,3,53.69,1.672,37,3748.36,188.68,True,1461242.2100000011
ABREL.NS,2023-11-29,2023-12-29,1242.96,1245,1340,1276.93,1216.54,-2.13,0.3017,0.829,5,31.93,2.569,62,-1979.79,-100.0,False,1459262.420000001
INFY.NS,2023-11-29,2023-12-29,1345.08,1345,1415,1368.91,1421.85,5.71,0.1785,0.967,3,23.91,1.777,83,3825.77,192.81,True,1463088.190000001
ICICIBANK.NS,2023-11-29,2023-12-29,924.45,925,960,937.43,980.53,6.07,0.1345,0.84,3,12.43,1.344,160,3611.63,181.64,True,1466699.820000001
HDFCBANK.NS,2023-11-29,2023-12-29,746.47,745,770,754.29,818.33,9.63,0.0993,0.807,4,9.29,1.245,215,3377.38,169.07,True,1470077.200000001
APARINDS.NS,2023-11-30,2024-01-01,5514.66,5515,5955,5673.93,5985.8,8.54,0.389,1.066,4,158.93,2.882,12,3372.79,176.84,True,1473449.990000001
APOLLO.NS,2023-11-30,2024-01-01,124.69,125,135,128.92,119.45,-4.21,0.9297,1.415,3,3.92,3.146,509,-1996.79,-100.0,False,1471453.200000001
ABB.NS,2023-11-30,2024-01-01,4345.24,4345,4630,4439.95,4603.27,5.94,0.2268,0.982,4,94.95,2.185,21,3429.57,171.99,True,1474882.770000001
ABREL.NS,2023-11-30,2024-01-01,1257.54,1260,1360,1292.67,1273.71,1.29,0.2952,0.807,3,32.67,2.598,61,-1156.61,-58.04,False,1473726.1600000008
BHARTIARTL.NS,2023-11-30,2024-01-01,1000.71,1000,1035,1012.8,999.08,-0.16,0.1167,1.093,4,12.8,1.279,156,-1996.73,-100.0,False,1471729.4300000009
HDFCBANK.NS,2023-11-30,2024-01-01,746.3,745,765,753.12,812.99,8.94,0.095,0.833,5,8.12,1.088,246,2923.19,146.39,True,1474652.6200000008
TCS.NS,2023-11-30,2024-01-01,3187.15,3185,3340,3239.17,3482.78,9.28,0.1676,0.986,4,54.17,1.7,36,3629.95,186.15,True,1478282.5700000008
ANANTRAJ.NS,2023-11-30,2024-01-01,267.64,270,285,274.74,297.56,11.18,0.2364,0.948,4,4.74,1.77,422,4330.66,216.61,True,1482613.2300000007
ABCAPITAL.NS,2023-12-01,2024-01-02,169.9,170,185,174.54,170.6,0.41,0.2665,0.938,4,4.54,2.675,440,-1735.72,-86.8,False,1480877.5100000007
TITAN.NS,2023-12-01,2024-01-02,3456.34,3455,3600,3506.41,3663.11,5.98,0.144,0.827,4,51.41,1.487,38,3556.39,182.04,True,1484433.9000000006
ICICIBANK.NS,2023-12-01,2024-01-02,931.43,930,970,944.15,966.41,3.76,0.1356,0.898,5,14.15,1.52,141,3137.86,157.22,True,1487571.7600000007
ANANTRAJ.NS,2023-12-01,2024-01-02,263.75,265,280,270.0,303.64,15.13,0.2341,1.024,3,5.0,1.894,400,4001.39,200.21,True,1491573.1500000006
APOLLO.NS,2023-12-01,2024-01-02,125.14,125,135,128.98,125.39,0.2,0.9054,1.299,3,3.98,3.177,503,-1804.61,-90.24,False,1489768.5400000005
APARINDS.NS,2023-12-01,2024-01-02,5464.86,5465,5900,5621.21,5956.8,9.0,0.3779,1.092,3,156.21,2.858,12,3345.46,178.47,True,1493114.0000000005
ABREL.NS,2023-12-01,2024-01-02,1271.27,1270,1375,1304.84,1259.58,-0.92,0.2927,0.854,4,34.84,2.741,57,-1985.99,-100.0,False,1491128.0100000005
BHARTIARTL.NS,2023-12-01,2024-01-02,1000.71,1000,1035,1012.78,1007.61,0.69,0.116,1.159,4,12.78,1.277,156,-805.57,-40.41,False,1490322.4400000004
INFY.NS,2023-12-04,2024-01-03,1349.46,1350,1415,1372.36,1373.1,1.75,0.1687,0.748,5,22.36,1.657,89,65.38,3.28,True,1490387.8200000003
ABREL.NS,2023-12-04,2024-01-03,1316.2,1315,1420,1350.91,1239.93,-5.79,0.3072,0.926,4,35.91,2.728,55,-1974.96,-100.0,False,1488412.8600000003
ICICIBANK.NS,2023-12-04,2024-01-03,975.21,975,1035,995.0,968.18,-0.72,0.2072,1.061,4,20.0,2.051,99,-1980.13,-100.0,False,1486432.7300000004
BAJFINANCE.NS,2023-12-04,2024-01-03,728.07,730,775,744.48,725.82,-0.31,0.2158,0.723,4,14.48,1.989,138,-1998.61,-100.0,False,1484434.1200000003
TCS.NS,2023-12-04,2024-01-03,3209.86,3210,3355,3260.83,3373.72,5.1,0.1595,0.842,4,50.83,1.583,39,3672.71,185.28,True,1488106.8300000003
ABCAPITAL.NS,2023-12-04,2024-01-03,172.55,175,185,178.04,170.4,-1.25,0.2667,0.74,4,3.04,1.762,657,-1997.14,-100.0,False,1486109.6900000004
RELIANCE.NS,2023-12-04,2024-01-03,1195.68,1195,1235,1209.73,1276.26,6.74,0.1126,0.85,5,14.73,1.232,135,3411.6,171.58,True,1489521.2900000005
BHARTIARTL.NS,2023-12-04,2024-01-03,1018.66,1020,1055,1032.36,1020.93,0.22,0.1225,1.293,3,12.36,1.214,161,-1841.08,-92.49,False,1487680.2100000004
TITAN.NS,2023-12-04,2024-01-03,3455.25,3455,3600,3506.04,3657.96,5.87,0.1442,0.895,4,51.04,1.477,39,3664.33,184.08,True,1491344.5400000005
HDFCBANK.NS,2023-12-04,2024-01-03,770.53,770,805,782.1,800.93,3.95,0.1467,0.988,4,12.1,1.571,165,3106.66,155.59,True,1494451.2000000004
ABB.NS,2023-12-05,2024-01-04,4764.9,4765,5145,4894.31,4743.41,-0.45,0.3125,1.295,4,129.31,2.714,15,-1939.68,-100.0,False,1492511.5200000005
ABCAPITAL.NS,2023-12-05,2024-01-04,172.5,170,185,175.58,174.1,0.93,0.2666,0.777,5,5.58,3.233,358,-528.47,-26.47,False,1491983.0500000005
HDFCBANK.NS,2023-12-05,2024-01-04,777.37,775,810,787.86,809.52,4.14,0.1476,1.108,4,12.86,1.655,155,3357.42,168.4,True,1495340.4700000004
RELIANCE.NS,2023-12-05,2024-01-04,1204.35,1205,1245,1219.34,1282.85,6.52,0.1137,0.881,5,14.34,1.19,139,3567.4,179.03,True,1498907.8700000003
ICICIBANK.NS,2023-12-05,2024-01-04,997.11,995,1060,1016.99,971.23,-2.6,0.2139,1.154,4,21.99,2.205,90,-1979.05,-100.0,False,1496928.8200000003
TCS.NS,2023-12-05,2024-01-04,3227.36,3225,3375,3277.7,3350.92,3.83,0.1588,0.831,4,52.7,1.633,37,2709.17,138.95,True,1499637.9900000002
APARINDS.NS,2023-12-05,2024-01-04,5477.75,5480,5915,5635.58,5813.78,6.13,0.3758,0.999,3,155.58,2.84,12,2138.44,114.54,True,1501776.4300000002
ANANTRAJ.NS,2023-12-05,2024-01-04,270.98,270,285,275.51,308.43,13.82,0.2011,1.011,3,5.51,2.032,363,3445.87,172.37,True,1505222.3000000003
INFY.NS,2023-12-05,2024-01-04,1339.88,1340,1405,1362.4,1394.02,4.04,0.1679,0.772,4,22.4,1.672,89,2814.24,141.18,True,1508036.5400000003
ANANDRATHI.NS,2023-12-05,2024-01-04,648.78,650,700,668.38,658.94,1.57,0.4296,1.378,3,18.38,2.833,108,-1019.18,-51.35,False,1507017.3600000003
APARINDS.NS,2023-12-06,2024-01-05,5377.96,5380,5810,5534.29,5749.81,6.91,0.3839,0.972,3,154.29,2.869,12,2586.21,139.68,True,1509603.5700000003
RELIANCE.NS,2023-12-06,2024-01-05,1215.89,1215,1255,1229.98,1288.31,5.96,0.1146,0.874,4,14.98,1.232,133,3327.24,166.97,True,1512930.8100000003
ICICIBANK.NS,2023-12-06,2024-01-05,987.07,985,1050,1006.99,977.67,-0.95,0.2172,1.244,3,21.99,2.228,90,-1979.2,-100.0,False,1510951.6100000003
ABCAPITAL.NS,2023-12-06,2024-01-05,173.05,175,185,178.15,175.1,1.18,0.2629,0.787,3,3.15,1.821,634,-1934.26,-96.83,False,1509017.3500000003
BAJFINANCE.NS,2023-12-07,2024-01-08,726.45,725,770,740.37,760.34,4.67,0.2057,0.697,4,15.37,2.116,130,2596.04,129.91,True,1511613.3900000004
RELIANCE.NS,2023-12-07,2024-01-08,1213.89,1215,1250,1228.1,1278.26,5.3,0.1107,0.871,3,13.1,1.079,152,3329.04,167.21,True,1514942.4300000004
TCS.NS,2023-12-07,2024-01-08,3303.49,3305,3465,3359.78,3361.43,1.75,0.1681,0.908,3,54.78,1.658,36,59.09,3.0,True,1515001.5200000005
TITAN.NS,2023-12-08,2024-01-09,3600.11,3600,3740,3650.07,3658.9,1.63,0.136,1.019,3,50.07,1.391,39,344.47,17.64,True,1515345.9900000005
ANANTRAJ.NS,2023-12-08,2024-01-09,278.66,280,295,285.0,317.86,14.07,0.2212,1.018,4,5.0,1.794,400,4000.66,200.1,True,1519346.6500000004
HDFCBANK.NS,2023-12-08,2024-01-09,791.5,790,825,802.63,790.21,-0.16,0.1473,1.208,3,12.63,1.595,158,-1962.62,-98.37,False,1517384.0300000003
ANANTRAJ.NS,2023-12-11,2024-01-10,287.49,285,305,292.46,318.45,10.77,0.2371,1.117,4,7.46,2.594,268,3361.29,168.17,True,1520745.3200000003
TCS.NS,2023-12-11,2024-01-10,3329.07,3330,3480,3382.45,3393.18,1.93,0.1602,0.887,3,52.45,1.575,38,407.82,20.46,True,1521153.1400000004
TITAN.NS,2023-12-11,2024-01-10,3596.0,3595,3730,3643.58,3679.15,2.31,0.1288,1.038,3,48.58,1.351,41,1458.49,73.22,True,1522611.6300000004
TCS.NS,2023-12-12,2024-01-11,3355.76,3355,3505,3407.93,3413.74,1.73,0.1576,0.921,3,52.93,1.577,37,214.9,10.97,True,1522826.5300000003
ABREL.NS,2023-12-13,2024-01-12,1283.06,1285,1385,1317.72,1485.36,15.77,0.2851,1.078,3,32.72,2.551,61,4103.78,205.58,True,1526930.3100000003
ANANDRATHI.NS,2023-12-13,2024-01-12,620.89,620,670,638.81,695.44,12.01,0.4545,1.124,3,18.81,3.03,106,3305.97,165.79,True,1530236.2800000003
BHARTIARTL.NS,2023-12-13,2024-01-12,986.11,985,1035,1002.18,1061.51,7.65,0.1643,1.335,3,17.18,1.742,116,3807.25,191.06,True,1534043.5300000003
ABCAPITAL.NS,2023-12-14,2024-01-15,166.3,165,180,170.13,179.15,7.73,0.2842,1.011,4,5.13,3.086,389,3507.75,175.69,True,1537551.2800000003
ABB.NS,2023-12-14,2024-01-15,4711.61,4710,5090,4840.9,4672.77,-0.82,0.3258,1.36,3,130.9,2.778,15,-1963.54,-100.0,False,1535587.7400000002
BHARTIARTL.NS,2023-12-14,2024-01-15,991.34,990,1035,1006.17,1087.2,9.67,0.1577,1.245,4,16.17,1.631,123,3546.6,178.36,True,1539134.3400000003
HDFCBANK.NS,2023-12-14,2024-01-15,790.04,790,825,802.32,800.88,1.37,0.1562,1.188,3,12.32,1.559,162,-232.86,-11.67,False,1538901.4800000002
AJMERA.NS,2023-12-14,2024-01-15,83.9,85,90,86.71,101.27,20.7,0.3585,0.824,4,1.71,2.039,1169,3845.15,192.27,True,1542746.6300000001
RELIANCE.NS,2023-12-14,2024-01-15,1217.39,1215,1255,1230.34,1377.51,13.15,0.1086,1.113,4,15.34,1.26,130,3205.15,160.67,True,1545951.78
ANANTRAJ.NS,2023-12-14,2024-01-15,295.61,295,320,302.95,327.08,10.64,0.2592,1.069,4,7.95,2.689,251,4279.77,214.5,True,1550231.55
ANANDRATHI.NS,2023-12-14,2024-01-15,640.3,640,690,658.87,695.44,8.61,0.4592,1.117,4,18.87,2.948,105,3268.22,164.91,True,1553499.77
ICICIBANK.NS,2023-12-14,2024-01-15,1016.98,1015,1080,1037.31,993.56,-2.3,0.2189,1.457,3,22.31,2.194,89,-1985.62,-100.0,False,1551514.15
ICICIBANK.NS,2023-12-15,2024-01-16,1020.67,1020,1085,1041.78,992.78,-2.73,0.2157,1.44,3,21.78,2.134,91,-1981.76,-100.0,False,1549532.39
ANANDRATHI.NS,2023-12-15,2024-01-16,631.72,630,680,649.12,652.86,3.35,0.4603,1.072,3,19.12,3.027,104,389.48,19.59,True,1549921.8699999999
RELIANCE.NS,2023-12-15,2024-01-16,1232.93,1235,1275,1249.04,1358.25,10.16,0.1147,1.167,4,14.04,1.139,142,3685.8,184.83,True,1553607.67
AJMERA.NS,2023-12-15,2024-01-16,84.37,85,90,86.79,100.37,18.97,0.3442,0.755,4,1.79,2.122,1117,3585.13,179.27,True,1557192.7999999998
ABB.NS,2023-12-15,2024-01-16,4753.59,4755,5135,4885.1,4728.22,-0.53,0.3228,1.426,4,130.1,2.737,15,-1951.54,-100.0,False,1555241.2599999998
HDFCBANK.NS,2023-12-15,2024-01-16,793.1,795,830,806.68,803.92,1.36,0.1561,1.224,4,11.68,1.472,171,-471.28,-23.6,False,1554769.9799999997
ANGELONE.NS,2023-12-15,2024-01-16,314.04,315,340,323.96,320.64,2.1,0.4179,1.15,4,8.96,2.853,223,-739.49,-37.01,False,1554030.4899999998
BHARTIARTL.NS,2023-12-15,2024-01-16,978.87,980,1025,995.51,1080.79,10.41,0.1668,1.284,4,15.51,1.584,128,3774.91,190.16,True,1557805.3999999997
BAJFINANCE.NS,2023-12-15,2024-01-16,738.62,740,785,754.56,732.89,-0.78,0.2078,0.803,4,14.56,1.971,137,-1994.11,-100.0,False,1555811.2899999996
ANANTRAJ.NS,2023-12-15,2024-01-16,297.26,295,320,303.59,319.0,7.31,0.2594,1.078,4,8.59,2.891,232,3574.93,179.31,True,1559386.2199999995
TCS.NS,2023-12-15,2024-01-16,3528.39,3530,3765,3608.18,3528.66,0.01,0.2355,1.398,4,78.18,2.216,25,-1954.44,-100.0,False,1557431.7799999996
BAJFINANCE.NS,2023-12-18,2024-01-17,745.76,745,785,759.12,723.27,-3.01,0.1951,0.773,4,14.12,1.893,141,-1990.31,-100.0,False,1555441.4699999995
ABREL.NS,2023-12-18,2024-01-17,1200.22,1200,1295,1232.58,1391.18,15.91,0.3147,1.171,3,32.58,2.714,61,3807.91,191.63,True,1559249.3799999994
APARINDS.NS,2023-12-18,2024-01-17,5353.46,5355,5730,5478.91,5408.49,1.03,0.2449,0.599,3,123.91,2.315,16,-1126.74,-56.83,False,1558122.6399999994
ANGELONE.NS,2023-12-18,2024-01-17,323.09,325,350,333.82,320.98,-0.65,0.417,1.162,3,8.82,2.731,226,-1994.35,-100.0,False,1556128.2899999993
AJMERA.NS,2023-12-18,2024-01-17,84.76,85,90,86.88,99.98,17.96,0.3427,0.695,3,1.88,2.214,1065,3326.56,166.46,True,1559454.8499999994
RELIANCE.NS,2023-12-18,2024-01-17,1245.48,1245,1285,1260.04,1345.35,8.02,0.116,1.11,4,15.04,1.208,132,3294.63,165.95,True,1562749.4799999993
ABB.NS,2023-12-18,2024-01-17,4805.99,4805,5190,4937.39,4692.58,-2.36,0.3225,1.302,3,132.39,2.755,15,-1985.81,-100.0,False,1560763.6699999992
TCS.NS,2023-12-18,2024-01-17,3526.74,3525,3765,3605.24,3549.95,0.66,0.2359,1.471,3,80.24,2.275,24,-1326.77,-68.9,False,1559436.8999999992
AJMERA.NS,2023-12-19,2024-01-18,84.97,85,90,86.92,113.59,33.68,0.3424,0.744,5,1.92,2.263,1040,3200.38,160.05,True,1562637.279999999
RELIANCE.NS,2023-12-19,2024-01-18,1263.81,1265,1305,1279.71,1351.65,6.95,0.1202,1.195,4,14.71,1.164,135,3413.58,171.85,True,1566050.8599999992
ABREL.NS,2023-12-19,2024-01-18,1216.44,1215,1315,1249.27,1382.12,13.62,0.3188,1.14,4,34.27,2.817,58,3812.51,191.83,True,1569863.3699999992
HDFCBANK.NS,2023-12-19,2024-01-18,791.35,790,825,802.78,711.52,-10.09,0.156,0.99,3,12.78,1.615,156,-1993.94,-100.0,False,1567869.4299999992
BAJFINANCE.NS,2023-12-19,2024-01-18,750.18,750,790,763.42,714.1,-4.81,0.1738,0.762,3,13.42,1.789,149,-1999.74,-100.0,False,1565869.6899999992
TITAN.NS,2023-12-19,2024-01-18,3576.14,3575,3725,3627.98,3699.21,3.44,0.143,1.038,3,52.98,1.482,37,2635.47,134.44,True,1568505.1599999992
AJMERA.NS,2023-12-20,2024-01-19,87.25,85,95,88.73,118.02,35.28,0.2936,0.903,4,3.73,4.275,536,3360.98,168.13,True,1571866.1399999992
RELIANCE.NS,2023-12-20,2024-01-19,1248.52,1250,1295,1265.88,1351.16,8.22,0.1293,1.276,3,15.88,1.272,125,3639.38,183.29,True,1575505.519999999
HDFCBANK.NS,2023-12-20,2024-01-19,793.32,795,830,806.74,704.1,-11.25,0.1556,0.994,3,11.74,1.48,170,-1995.54,-100.0,False,1573509.979999999
HDFCBANK.NS,2023-12-21,2024-01-23,807.54,810,845,821.7,683.37,-15.38,0.1595,1.08,3,11.7,1.449,170,-1988.58,-100.0,False,1571521.399999999
APARINDS.NS,2023-12-22,2024-01-24,5589.99,5590,6010,5728.28,5561.59,-0.51,0.2623,0.716,5,138.28,2.474,14,-1935.92,-100.0,False,1569585.479999999
ABB.NS,2023-12-22,2024-01-24,4678.77,4680,5055,4812.84,4651.49,-0.58,0.3646,1.252,3,132.84,2.839,15,-1992.66,-100.0,False,1567592.8199999991
ANANTRAJ.NS,2023-12-22,2024-01-24,302.35,300,325,309.22,313.82,3.79,0.3262,1.269,3,9.22,3.049,216,993.18,49.88,True,1568585.999999999
ABCAPITAL.NS,2023-12-22,2024-01-24,159.7,160,170,163.5,165.8,3.82,0.269,0.878,4,3.5,2.19,571,1314.46,65.81,True,1569900.459999999
TITAN.NS,2023-12-22,2024-01-24,3592.88,3595,3750,3649.03,3732.05,3.87,0.1526,1.136,3,54.03,1.504,37,3071.81,153.67,True,1572972.269999999
ANANDRATHI.NS,2023-12-22,2024-01-24,637.56,640,690,656.48,728.77,14.31,0.3161,1.133,3,16.48,2.585,121,4056.06,203.42,True,1577028.3299999991
APARINDS.NS,2023-12-26,2024-01-25,5554.87,5555,5965,5690.42,5400.68,-2.78,0.2589,0.755,4,135.42,2.438,14,-1895.81,-100.0,False,1575132.519999999
ANANDRATHI.NS,2023-12-26,2024-01-25,639.29,640,690,657.01,751.53,17.56,0.3161,1.042,3,17.01,2.66,117,3860.3,194.01,True,1578992.8199999991
TITAN.NS,2023-12-26,2024-01-25,3621.95,3620,3780,3676.47,3734.37,3.1,0.1515,1.123,3,56.47,1.559,35,2026.66,102.54,True,1581019.479999999
AJMERA.NS,2023-12-26,2024-01-25,88.72,90,95,91.45,111.19,25.33,0.2399,1.007,3,1.45,1.637,1377,4885.08,244.26,True,1585904.5599999991
ABCAPITAL.NS,2023-12-26,2024-01-25,159.9,160,170,163.55,165.75,3.66,0.2668,0.856,4,3.55,2.219,563,1239.75,62.07,True,1587144.3099999991
APARINDS.NS,2023-12-27,2024-01-29,5727.04,5725,6150,5865.33,5683.76,-0.76,0.2568,0.841,5,140.33,2.45,14,-1964.67,-100.0,False,1585179.6399999992
BHARTIARTL.NS,2023-12-27,2024-01-29,1007.12,1005,1060,1024.39,1146.13,13.8,0.1873,1.18,3,19.39,1.925,103,3667.79,183.65,True,1588847.4299999992
ABCAPITAL.NS,2023-12-27,2024-01-29,161.75,160,175,165.16,168.3,4.05,0.2688,0.862,4,5.16,3.192,387,1213.89,60.75,True,1590061.3199999991
ANGELONE.NS,2023-12-27,2024-01-29,319.36,320,345,329.15,285.18,-10.7,0.4318,1.041,3,9.15,2.865,218,-1994.46,-100.0,False,1588066.8599999992
HDFCBANK.NS,2023-12-27,2024-01-29,815.48,815,855,828.91,696.44,-14.6,0.168,1.063,3,13.91,1.706,143,-1989.12,-100.0,False,1586077.739999999
TCS.NS,2023-12-27,2024-01-29,3482.88,3485,3720,3562.86,3497.75,0.43,0.2383,1.661,3,77.86,2.236,25,-1627.74,-83.62,False,1584449.999999999
ANANDRATHI.NS,2023-12-27,2024-01-29,635.13,635,685,652.22,748.44,17.84,0.3167,1.051,3,17.22,2.711,116,3802.64,190.38,True,1588252.639999999
TITAN.NS,2023-12-28,2024-01-30,3679.8,3680,3835,3734.58,3700.25,0.56,0.1465,1.055,4,54.58,1.483,36,-1235.73,-62.89,False,1587016.909999999
TCS.NS,2023-12-28,2024-01-30,3472.55,3475,3710,3552.6,3497.34,0.71,0.2379,1.555,3,77.6,2.235,25,-1381.46,-71.21,False,1585635.449999999
APARINDS.NS,2023-12-28,2024-01-30,5921.63,5920,6395,6075.54,5996.18,1.26,0.2784,0.946,4,155.54,2.627,12,-952.4,-51.03,False,1584683.049999999
ABCAPITAL.NS,2023-12-28,2024-01-30,161.65,160,175,165.12,168.45,4.21,0.2686,0.876,5,5.12,3.168,390,1298.49,65.02,True,1585981.539999999
RELIANCE.NS,2023-12-28,2024-01-30,1287.25,1285,1335,1303.61,1390.85,8.05,0.1343,1.331,3,18.61,1.446,107,3358.8,168.68,True,1589340.3399999992
ANGELONE.NS,2023-12-28,2024-01-30,329.23,330,355,339.25,299.04,-9.17,0.442,1.058,3,9.25,2.809,216,-1997.88,-100.0,False,1587342.4599999993
ABB.NS,2023-12-28,2024-01-30,4564.68,4565,4930,4695.67,4650.02,1.87,0.3761,1.218,4,130.67,2.863,15,-684.79,-34.94,False,1586657.6699999992
BHARTIARTL.NS,2023-12-28,2024-01-30,1022.41,1020,1080,1040.65,1142.68,11.76,0.1907,1.228,3,20.65,2.02,96,3777.78,190.58,True,1590435.4499999993
HDFCBANK.NS,2023-12-28,2024-01-30,816.42,815,855,829.03,691.48,-15.3,0.1597,1.057,3,14.03,1.718,142,-1991.69,-100.0,False,1588443.7599999993
APARINDS.NS,2023-12-29,2024-01-31,5981.01,5980,6450,6133.89,6245.71,4.43,0.2721,0.937,4,153.89,2.573,12,1341.76,72.66,True,1589785.5199999993
ABCAPITAL.NS,2023-12-29,2024-01-31,166.4,165,180,170.2,171.1,2.82,0.2898,0.905,4,5.2,3.126,384,345.19,17.28,True,1590130.7099999993
ANGELONE.NS,2023-12-29,2024-01-31,335.85,335,365,345.97,317.56,-5.44,0.4427,1.007,3,10.97,3.268,182,-1997.36,-100.0,False,1588133.3499999992
ANANDRATHI.NS,2023-12-29,2024-01-31,640.74,640,690,657.21,755.5,17.91,0.3019,1.019,4,17.21,2.686,116,3803.26,190.47,True,1591936.6099999992
BAJFINANCE.NS,2023-12-29,2024-01-31,720.22,720,765,735.05,674.53,-6.34,0.2127,0.968,3,15.05,2.09,132,-1986.64,-100.0,False,1589949.9699999993
ANANTRAJ.NS,2023-12-29,2024-01-31,294.32,295,320,303.18,317.26,7.79,0.3248,1.146,3,8.18,2.78,244,3434.7,172.07,True,1593384.6699999992
ABB.NS,2023-12-29,2024-01-31,4596.04,4595,4965,4725.2,4592.85,-0.07,0.3514,1.193,3,130.2,2.833,15,-1952.94,-100.0,False,1591431.7299999993
AJMERA.NS,2024-01-01,2024-02-01,88.7,90,95,91.5,113.92,28.43,0.2557,1.052,3,1.5,1.686,1337,4685.86,234.39,True,1596117.5899999994
BAJFINANCE.NS,2024-01-01,2024-02-01,717.4,715,760,730.56,662.77,-7.61,0.2027,0.962,3,15.56,2.168,128,-1991.06,-100.0,False,1594126.5299999993
ANANTRAJ.NS,2024-01-02,2024-02-02,303.64,305,330,313.05,322.09,6.08,0.32,1.118,4,8.05,2.651,248,2242.82,112.33,True,1596369.3499999994
ABCAPITAL.NS,2024-01-02,2024-02-02,170.6,170,185,175.01,180.35,5.72,0.298,1.027,3,5.01,2.938,398,2124.31,106.48,True,1598493.6599999995
RELIANCE.NS,2024-01-02,2024-02-02,1290.29,1290,1340,1307.76,1440.33,11.63,0.1303,1.276,3,17.76,1.377,112,3610.66,181.5,True,1602104.3199999994
AJMERA.NS,2024-01-02,2024-02-02,89.14,90,95,91.61,118.85,33.34,0.2559,1.113,3,1.61,1.807,1241,4206.09,210.42,True,1606310.4099999995
ANANTRAJ.NS,2024-01-03,2024-02-05,309.03,310,335,318.25,325.68,5.39,0.3216,1.101,4,8.25,2.669,242,1799.99,90.19,True,1608110.3999999994
ABCAPITAL.NS,2024-01-03,2024-02-05,170.4,170,185,174.94,178.2,4.58,0.298,1.059,4,4.94,2.9,404,1316.63,65.96,True,1609427.0299999993
ABB.NS,2024-01-03,2024-02-05,4695.04,4695,5030,4805.89,4294.56,-8.53,0.249,1.076,4,110.89,2.362,18,-1995.94,-100.0,False,1607431.0899999994
ANANDRATHI.NS,2024-01-03,2024-02-05,641.92,640,695,658.19,857.19,33.53,0.2841,0.95,3,18.19,2.834,109,4012.18,202.35,True,1611443.2699999993
BAJFINANCE.NS,2024-01-04,2024-02-06,757.35,755,810,773.82,648.51,-14.37,0.2474,1.079,3,18.82,2.485,106,-1995.06,-100.0,False,1609448.2099999993
ANANTRAJ.NS,2024-01-04,2024-02-06,308.43,310,335,318.05,326.43,5.84,0.32,0.965,3,8.05,2.609,248,2079.48,104.19,True,1611527.6899999992
ABB.NS,2024-01-04,2024-02-06,4743.41,4745,5065,4851.4,4328.77,-8.74,0.2378,0.877,5,106.4,2.243,18,-1915.19,-100.0,False,1609612.4999999993
ANANDRATHI.NS,2024-01-04,2024-02-06,658.94,660,710,676.76,839.41,27.39,0.2964,1.014,4,16.76,2.544,119,3955.25,198.28,True,1613567.7499999993
AJMERA.NS,2024-01-04,2024-02-06,91.58,90,100,93.47,140.63,53.56,0.2892,0.964,4,3.47,3.792,575,3753.31,187.98,True,1617321.0599999994
ABCAPITAL.NS,2024-01-04,2024-02-06,174.1,175,190,179.62,180.15,3.48,0.308,0.912,3,4.62,2.656,432,227.37,11.38,True,1617548.4299999995
ABB.NS,2024-01-05,2024-02-07,4750.89,4750,5075,4858.2,4497.97,-5.32,0.2378,0.813,3,108.2,2.277,18,-1947.61,-100.0,False,1615600.8199999994
ANGELONE.NS,2024-01-05,2024-02-07,360.53,360,390,370.86,323.33,-10.32,0.394,0.984,3,10.86,3.012,184,-1998.14,-100.0,False,1613602.6799999995
BHARTIARTL.NS,2024-01-05,2024-02-07,1032.17,1030,1080,1048.09,1118.66,8.38,0.1697,1.256,3,18.09,1.753,110,3509.99,176.38,True,1617112.6699999995
ANANTRAJ.NS,2024-01-05,2024-02-07,317.86,320,345,328.01,322.39,1.43,0.3209,0.956,3,8.01,2.519,249,-1397.64,-70.1,False,1615715.0299999996
ANANDRATHI.NS,2024-01-05,2024-02-07,667.18,665,720,683.86,852.91,27.84,0.2974,0.946,4,18.86,2.827,106,3830.37,191.55,True,1619545.3999999997
TITAN.NS,2024-01-05,2024-02-07,3677.27,3675,3820,3727.27,3542.52,-3.66,0.1358,0.908,4,52.27,1.421,38,-1986.3,-100.0,False,1617559.0999999996
AJMERA.NS,2024-01-05,2024-02-07,90.96,90,100,93.2,135.56,49.04,0.2915,1.016,3,3.2,3.521,624,4241.72,212.27,True,1621800.8199999996
ICICIBANK.NS,2024-01-05,2024-02-07,977.67,980,1020,993.38,1005.67,2.86,0.1429,0.89,4,13.38,1.368,149,1831.0,91.86,True,1623631.8199999996
HDFCBANK.NS,2024-01-05,2024-02-07,805.38,805,835,816.12,684.61,-15.0,0.1386,1.072,3,11.12,1.38,179,-1989.6,-100.0,False,1621642.2199999995
RELIANCE.NS,2024-01-05,2024-02-07,1288.31,1290,1340,1307.33,1424.97,10.61,0.1368,1.028,3,17.33,1.345,115,3756.81,188.48,True,1625399.0299999996
BAJFINANCE.NS,2024-01-05,2024-02-07,757.9,760,810,776.41,659.42,-12.99,0.2462,1.033,3,16.41,2.165,121,-1985.5,-100.0,False,1623413.5299999996
ABREL.NS,2024-01-08,2024-02-08,1489.74,1490,1610,1535.77,1443.52,-3.1,0.5317,1.559,3,45.77,3.072,43,-1967.97,-100.0,False,1621445.5599999996
APARINDS.NS,2024-01-08,2024-02-08,5879.24,5880,6345,6032.11,6154.26,4.68,0.2765,1.03,3,152.11,2.587,13,1588.07,80.31,True,1623033.6299999997
ANANDRATHI.NS,2024-01-08,2024-02-08,681.73,680,735,698.34,839.55,23.15,0.2721,0.994,3,18.34,2.691,109,3995.62,199.84,True,1627029.2499999998
RELIANCE.NS,2024-01-08,2024-02-08,1278.26,1280,1330,1297.45,1432.85,12.09,0.1416,1.103,3,17.45,1.365,114,3710.44,186.5,True,1630739.6899999997
ANGELONE.NS,2024-01-08,2024-02-08,366.46,365,395,375.87,328.49,-10.36,0.3501,1.014,3,10.87,2.966,183,-1989.21,-100.0,False,1628750.4799999997
BHARTIARTL.NS,2024-01-08,2024-02-08,1034.59,1035,1085,1052.21,1126.4,8.87,0.1696,1.208,3,17.21,1.663,116,3803.91,190.57,True,1632554.3899999997
TITAN.NS,2024-01-08,2024-02-08,3670.83,3670,3805,3718.97,3515.38,-4.23,0.1287,0.906,4,48.97,1.334,40,-1958.65,-100.0,False,1630595.7399999998
BHARTIARTL.NS,2024-01-09,2024-02-09,1049.82,1050,1100,1067.58,1104.81,5.24,0.1748,1.257,3,17.58,1.674,113,3663.6,184.43,True,1634259.3399999999
APARINDS.NS,2024-01-09,2024-02-09,5735.43,5735,6195,5888.43,6074.38,5.91,0.2952,1.141,3,153.43,2.675,13,2417.42,121.2,True,1636676.7599999998
ABB.NS,2024-01-09,2024-02-09,4837.45,4835,5215,4960.26,4413.77,-8.76,0.2737,0.953,3,125.26,2.589,15,-1878.86,-100.0,False,1634797.8999999997
AJMERA.NS,2024-01-09,2024-02-09,93.16,95,100,96.52,124.3,33.42,0.2933,1.102,3,1.52,1.628,1318,4591.43,229.74,True,1639389.3299999996
ANANDRATHI.NS,2024-01-09,2024-02-09,687.39,685,740,703.63,843.95,22.78,0.2717,1.042,3,18.63,2.71,107,3891.64,195.23,True,1643280.9699999995
ABREL.NS,2024-01-09,2024-02-09,1532.63,1535,1655,1580.7,1423.82,-7.1,0.5327,1.635,3,45.7,2.982,43,-1964.93,-100.0,False,1641316.0399999996
RELIANCE.NS,2024-01-10,2024-02-12,1309.26,1310,1365,1329.41,1435.04,9.61,0.1526,1.254,3,19.41,1.483,103,3665.38,183.3,True,1644981.4199999995
AJMERA.NS,2024-01-10,2024-02-12,93.67,95,100,96.53,134.61,43.71,0.2518,1.08,3,1.53,1.628,1311,4555.5,227.83,True,1649536.9199999995
ABB.NS,2024-01-10,2024-02-12,4852.49,4850,5225,4973.6,4353.74,-10.28,0.2677,0.948,3,123.6,2.547,16,-1977.56,-100.0,False,1647559.3599999994
ANGELONE.NS,2024-01-10,2024-02-12,362.07,360,390,371.05,309.72,-14.46,0.3567,1.137,3,11.05,3.052,180,-1989.09,-100.0,False,1645570.2699999993
HDFCBANK.NS,2024-01-10,2024-02-12,792.81,795,825,805.11,665.49,-16.06,0.1359,1.116,3,10.11,1.275,197,-1991.75,-100.0,False,1643578.5199999993
ABREL.NS,2024-01-10,2024-02-12,1579.2,1580,1705,1627.83,1368.39,-13.35,0.5363,1.725,4,47.83,3.029,41,-1961.01,-100.0,False,1641617.5099999993
ICICIBANK.NS,2024-01-10,2024-02-12,977.04,975,1020,991.03,980.04,0.31,0.1486,1.009,3,16.03,1.64,124,-1362.97,-68.58,False,1640254.5399999993
RELIANCE.NS,2024-01-11,2024-02-13,1343.7,1345,1410,1367.14,1447.64,7.74,0.1706,1.389,4,22.14,1.648,90,3857.0,193.53,True,1644111.5399999993
ICICIBANK.NS,2024-01-11,2024-02-13,975.17,975,1015,989.39,1003.35,2.89,0.1486,1.012,3,14.39,1.476,138,1926.82,97.02,True,1646038.3599999994
HDFCBANK.NS,2024-01-11,2024-02-13,789.49,790,820,800.67,667.62,-15.44,0.1366,1.127,3,10.67,1.352,187,-1995.66,-100.0,False,1644042.6999999995
TCS.NS,2024-01-11,2024-02-13,3413.74,3415,3660,3495.89,3818.45,11.86,0.2528,1.065,3,80.89,2.369,24,3938.75,202.9,True,1647981.4499999995
AJMERA.NS,2024-01-11,2024-02-13,99.99,100,110,103.12,136.29,36.3,0.327,1.227,4,3.12,3.117,641,4411.85,220.8,True,1652393.2999999996
ABCAPITAL.NS,2024-01-11,2024-02-13,180.55,180,195,185.08,180.05,-0.28,0.2905,1.137,4,5.08,2.811,394,-1979.93,-99.01,False,1650413.3699999996
BHARTIARTL.NS,2024-01-12,2024-02-14,1061.51,1060,1115,1079.25,1100.47,3.67,0.1762,1.212,3,19.25,1.813,103,2185.32,110.22,True,1652598.6899999997
AJMERA.NS,2024-01-12,2024-02-14,100.79,100,110,103.41,134.76,33.7,0.3266,1.202,3,3.41,3.382,586,3862.25,193.33,True,1656460.9399999997
TCS.NS,2024-01-12,2024-02-14,3548.31,3550,3830,3641.42,3772.99,6.33,0.2776,1.201,3,91.42,2.576,21,2763.04,143.92,True,1659223.9799999997
RELIANCE.NS,2024-01-12,2024-02-14,1354.39,1355,1420,1377.39,1463.72,8.07,0.169,1.441,3,22.39,1.653,89,3792.04,190.27,True,1663016.0199999998
ABCAPITAL.NS,2024-01-12,2024-02-14,179.35,180,195,184.67,182.5,1.76,0.2912,1.076,3,4.67,2.601,428,-926.92,-46.42,False,1662089.0999999999
HDFCBANK.NS,2024-01-15,2024-02-15,800.88,800,835,812.47,677.0,-15.47,0.1476,1.229,3,12.47,1.557,160,-1995.76,-100.0,False,1660093.3399999999
ICICIBANK.NS,2024-01-15,2024-02-15,993.56,995,1035,1008.67,1000.25,0.67,0.1392,1.014,3,13.67,1.376,146,-1228.26,-61.55,False,1658865.0799999998
TCS.NS,2024-01-15,2024-02-15,3567.5,3565,3785,3639.29,3775.84,5.84,0.2107,1.229,3,74.29,2.082,26,3550.39,183.81,True,1662415.4699999997
TITAN.NS,2024-01-15,2024-02-15,3723.13,3725,3845,3768.86,3587.63,-3.64,0.1155,1.034,3,43.86,1.178,45,-1973.56,-100.0,False,1660441.9099999997
BHARTIARTL.NS,2024-01-15,2024-02-15,1087.2,1085,1145,1105.74,1105.25,1.66,0.1798,1.226,3,20.74,1.908,96,-47.41,-2.38,False,1660394.4999999998
TITAN.NS,2024-01-16,2024-02-16,3784.0,3785,3920,3833.63,3620.67,-4.32,0.1255,1.08,4,48.63,1.285,41,-1993.87,-100.0,False,1658400.6299999997
APARINDS.NS,2024-01-16,2024-02-16,5410.96,5410,5845,5564.56,6078.58,12.34,0.3645,1.052,3,154.56,2.856,12,3365.28,181.44,True,1661765.9099999997
ICICIBANK.NS,2024-01-16,2024-02-16,992.78,995,1030,1007.11,1006.75,1.41,0.1288,0.962,3,12.11,1.22,165,-60.2,-3.01,False,1661705.7099999997
HDFCBANK.NS,2024-01-16,2024-02-16,803.92,805,840,816.81,679.8,-15.44,0.148,1.28,3,11.81,1.469,169,-1995.66,-100.0,False,1659710.0499999998
BHARTIARTL.NS,2024-01-16,2024-02-16,1080.79,1080,1135,1099.35,1104.56,2.2,0.1822,1.277,3,19.35,1.791,103,536.04,26.89,True,1660246.0899999999
AJMERA.NS,2024-01-18,2024-02-20,113.59,115,125,118.46,140.76,23.92,0.5387,1.472,4,3.46,3.045,578,3780.88,189.13,True,1664026.9699999997
INFY.NS,2024-01-18,2024-02-20,1513.73,1515,1635,1556.83,1553.03,2.6,0.3458,1.351,3,41.83,2.763,47,-178.62,-9.09,False,1663848.3499999996
ANANDRATHI.NS,2024-01-18,2024-02-20,671.17,670,725,689.22,910.92,35.72,0.3327,0.861,4,19.22,2.864,104,3720.67,186.1,True,1667569.0199999996
ANANDRATHI.NS,2024-01-19,2024-02-21,686.38,685,740,704.34,902.26,31.45,0.3263,0.84,4,19.34,2.818,103,3672.72,184.35,True,1671241.7399999995
ICICIBANK.NS,2024-01-19,2024-02-21,983.09,985,1030,1000.26,1034.99,5.28,0.1662,1.216,4,15.26,1.553,131,3895.55,194.83,True,1675137.2899999996
BHARTIARTL.NS,2024-01-19,2024-02-21,1109.49,1110,1175,1131.57,1124.18,1.32,0.1984,1.332,4,21.57,1.945,92,-679.91,-34.25,False,1674457.3799999997
AJMERA.NS,2024-01-19,2024-02-21,118.02,120,125,121.94,144.65,22.56,0.5429,1.569,4,1.94,1.64,1033,3165.57,158.32,True,1677622.9499999997
ABB.NS,2024-01-19,2024-02-21,4739.19,4740,5050,4843.62,4900.67,3.41,0.2304,1.018,3,103.62,2.187,19,1083.8,55.05,True,1678706.7499999998
ANANDRATHI.NS,2024-01-23,2024-02-22,692.28,690,750,710.69,904.38,30.64,0.3252,0.869,4,20.69,2.989,96,3773.65,189.98,True,1682480.3999999997
ICICIBANK.NS,2024-01-23,2024-02-22,1012.45,1010,1070,1030.63,1045.56,3.27,0.1924,1.403,4,20.63,2.038,96,1433.1,72.35,True,1683913.4999999998
BHARTIARTL.NS,2024-01-23,2024-02-22,1142.04,1140,1210,1164.21,1119.89,-1.94,0.2126,1.451,4,24.21,2.12,82,-1984.95,-100.0,False,1681928.5499999998
ABB.NS,2024-01-23,2024-02-22,4690.13,4690,4995,4792.08,5333.54,13.72,0.2275,1.041,4,102.08,2.177,19,3855.39,198.77,True,1685783.9399999997
ANANTRAJ.NS,2024-01-24,2024-02-23,313.82,315,335,321.32,349.17,11.27,0.2237,1.152,3,6.32,2.014,316,4322.96,216.47,True,1690106.8999999997
BHARTIARTL.NS,2024-01-24,2024-02-23,1173.54,1175,1250,1199.64,1110.23,-5.4,0.2234,1.55,4,24.64,2.1,81,-1996.24,-100.0,False,1688110.6599999997
ANANDRATHI.NS,2024-01-24,2024-02-23,728.77,730,785,749.64,911.44,25.07,0.3657,0.969,4,19.64,2.695,101,3571.09,180.0,True,1691681.7499999998
RELIANCE.NS,2024-01-25,2024-02-26,1336.95,1335,1420,1363.68,1469.6,9.92,0.2114,1.487,3,28.68,2.145,69,3886.04,196.37,True,1695567.7899999998
AJMERA.NS,2024-01-25,2024-02-26,111.19,110,120,114.04,145.54,30.89,0.6931,1.723,3,4.04,3.63,495,2951.94,147.74,True,1698519.7299999997
BHARTIARTL.NS,2024-01-25,2024-02-26,1144.55,1145,1225,1171.55,1094.75,-4.35,0.2481,1.619,3,26.55,2.319,75,-1990.92,-100.0,False,1696528.8099999998
ICICIBANK.NS,2024-01-25,2024-02-26,993.66,995,1055,1015.21,1037.2,4.38,0.2238,1.474,3,20.21,2.034,98,2154.89,108.8,True,1698683.6999999997
ANANDRATHI.NS,2024-01-25,2024-02-26,751.53,750,810,771.85,911.4,21.27,0.3719,1.045,3,21.85,2.907,91,3471.73,174.61,True,1702155.4299999997
INFY.NS,2024-01-25,2024-02-26,1538.15,1540,1660,1581.91,1529.9,-0.54,0.3453,1.319,3,41.91,2.725,47,-1969.83,-100.0,False,1700185.5999999996
ANANTRAJ.NS,2024-01-25,2024-02-26,315.11,315,335,321.7,353.36,12.14,0.2175,1.145,3,6.7,2.126,298,3963.63,198.54,True,1704149.2299999995
RELIANCE.NS,2024-01-29,2024-02-27,1430.8,1430,1545,1469.34,1467.95,2.6,0.3146,1.647,4,39.34,2.75,50,-69.75,-3.55,False,1704079.4799999995
TITAN.NS,2024-01-29,2024-02-27,3829.91,3830,4035,3900.28,3619.13,-5.5,0.1884,1.45,3,70.28,1.835,28,-1967.71,-100.0,False,1702111.7699999996
ICICIBANK.NS,2024-01-29,2024-02-27,1000.01,1000,1065,1021.65,1043.1,4.31,0.2245,1.51,3,21.65,2.165,92,1973.36,99.06,True,1704085.1299999997
RELIANCE.NS,2024-01-30,2024-02-28,1390.85,1390,1500,1428.56,1438.28,3.41,0.3337,1.725,3,38.56,2.773,51,495.56,25.2,True,1704580.6899999997
INFY.NS,2024-01-31,2024-02-29,1530.59,1530,1655,1573.51,1542.57,0.78,0.3427,0.956,3,43.51,2.843,45,-1392.27,-71.11,False,1703188.4199999997
TCS.NS,2024-01-31,2024-02-29,3511.51,3510,3745,3588.4,3768.39,7.32,0.23,1.008,3,78.4,2.233,25,3915.08,199.76,True,1707103.4999999998
ANANTRAJ.NS,2024-01-31,2024-02-29,317.26,315,340,323.46,349.07,10.03,0.2268,1.095,3,8.46,2.667,236,3903.05,195.45,True,1711006.5499999998
RELIANCE.NS,2024-01-31,2024-02-29,1409.63,1410,1520,1448.46,1443.39,2.4,0.3351,1.703,3,38.46,2.728,52,-263.28,-13.17,False,1710743.2699999998
AJMERA.NS,2024-01-31,2024-02-29,114.53,115,125,118.78,144.62,26.28,0.6809,1.703,3,3.78,3.3,529,3290.46,164.56,True,1714033.7299999997
ANGELONE.NS,2024-02-01,2024-03-01,324.67,325,350,334.86,271.99,-16.22,0.7288,1.199,3,9.86,3.038,202,-1992.52,-100.0,False,1712041.2099999997
AJMERA.NS,2024-02-01,2024-03-01,113.92,115,125,118.68,144.9,27.2,0.6834,1.718,3,3.68,3.229,543,3432.45,171.83,True,1715473.6599999997
ANANDRATHI.NS,2024-02-01,2024-03-01,793.93,795,855,816.58,916.48,15.43,0.372,1.14,4,21.58,2.718,92,3534.65,178.04,True,1719008.3099999996
ICICIBANK.NS,2024-02-01,2024-03-01,1008.62,1010,1070,1030.01,1069.37,6.02,0.2139,1.611,3,20.01,1.984,99,3896.55,196.67,True,1722904.8599999996
TCS.NS,2024-02-01,2024-03-01,3546.66,3545,3780,3623.87,3767.7,6.23,0.2304,1.064,3,78.87,2.224,25,3595.83,182.37,True,1726500.6899999997
TCS.NS,2024-02-02,2024-03-04,3649.87,3650,3890,3730.02,3755.14,2.88,0.2289,1.085,4,80.02,2.192,24,602.93,31.4,True,1727103.6199999996
RELIANCE.NS,2024-02-02,2024-03-04,1440.33,1440,1555,1480.07,1489.44,3.41,0.3354,1.698,3,40.07,2.782,49,459.19,23.39,True,1727562.8099999996
ICICIBANK.NS,2024-02-02,2024-03-04,1007.49,1005,1070,1027.24,1074.73,6.67,0.2142,1.558,3,22.24,2.207,89,3805.73,192.28,True,1731368.5399999996
INFY.NS,2024-02-02,2024-03-04,1560.5,1560,1685,1602.97,1508.75,-3.32,0.3209,1.029,3,42.97,2.754,46,-1976.63,-100.0,False,1729391.9099999997
INFY.NS,2024-02-05,2024-03-05,1554.83,1555,1680,1597.71,1480.46,-4.78,0.321,1.02,3,42.71,2.747,46,-1964.81,-100.0,False,1727427.0999999996
ANANTRAJ.NS,2024-02-05,2024-03-05,325.68,325,345,332.14,353.11,8.42,0.2335,1.031,4,7.14,2.194,279,3586.79,179.95,True,1731013.8899999997
ANANDRATHI.NS,2024-02-05,2024-03-05,857.19,855,925,880.83,976.48,13.92,0.4009,1.294,3,25.83,3.014,77,3400.85,170.97,True,1734414.7399999998
TCS.NS,2024-02-05,2024-03-05,3656.31,3655,3895,3735.16,3692.01,0.98,0.2256,1.097,3,80.16,2.192,24,-1035.47,-53.83,False,1733379.2699999998
TCS.NS,2024-02-06,2024-03-06,3806.03,3805,4085,3897.4,3740.05,-1.73,0.2543,1.181,3,92.4,2.428,21,-1940.3,-100.0,False,1731438.9699999997
ANANDRATHI.NS,2024-02-06,2024-03-06,839.41,840,905,863.96,955.54,13.83,0.4188,1.427,3,23.96,2.854,83,3406.31,171.28,True,1734845.2799999998
INFY.NS,2024-02-06,2024-03-06,1593.76,1595,1720,1638.08,1490.64,-6.47,0.3273,1.106,3,43.08,2.703,46,-1981.85,-100.0,False,1732863.4299999997
AJMERA.NS,2024-02-06,2024-03-06,140.63,140,150,144.09,144.81,2.98,0.905,1.605,4,4.09,2.905,489,355.59,17.8,True,1733219.0199999998
ANANTRAJ.NS,2024-02-06,2024-03-06,326.43,325,345,332.19,347.68,6.51,0.2099,1.073,4,7.19,2.202,278,3561.56,178.22,True,1736780.5799999998
RELIANCE.NS,2024-02-07,2024-03-07,1424.97,1425,1540,1465.04,1461.3,2.55,0.3425,1.621,3,40.04,2.81,49,-183.04,-9.33,False,1736597.5399999998
BHARTIARTL.NS,2024-02-07,2024-03-07,1118.66,1120,1210,1149.0,1183.16,5.77,0.2814,1.378,3,29.0,2.592,68,2322.88,117.79,True,1738920.4199999997
AJMERA.NS,2024-02-07,2024-03-07,135.56,135,145,139.06,145.2,7.11,0.9284,1.544,4,4.06,2.994,492,2923.19,146.39,True,1741843.6099999996
TITAN.NS,2024-02-07,2024-03-07,3542.52,3545,3790,3625.79,3750.92,5.88,0.2436,1.38,3,80.79,2.281,24,3003.02,154.88,True,1744846.6299999997
ANANTRAJ.NS,2024-02-08,2024-03-11,342.44,340,370,350.51,335.56,-2.01,0.3017,1.128,4,10.51,3.069,190,-1996.79,-100.0,False,1742849.8399999996
BHARTIARTL.NS,2024-02-08,2024-03-11,1126.4,1125,1215,1154.91,1180.1,4.77,0.2789,1.252,3,29.91,2.655,66,1662.68,84.22,True,1744512.5199999996
RELIANCE.NS,2024-02-08,2024-03-11,1432.85,1435,1545,1473.4,1449.12,1.14,0.3412,1.612,3,38.4,2.68,52,-1262.18,-63.21,False,1743250.3399999996
ANANTRAJ.NS,2024-02-09,2024-03-12,345.28,345,375,354.81,318.11,-7.87,0.302,1.202,4,9.81,2.842,203,-1991.78,-100.0,False,1741258.5599999996
ICICIBANK.NS,2024-02-12,2024-03-13,980.04,980,1050,1003.38,1066.47,8.82,0.2553,1.191,3,23.38,2.385,85,3963.0,199.45,True,1745221.5599999996
AJMERA.NS,2024-02-12,2024-03-13,134.61,135,145,138.95,117.62,-12.62,0.9875,1.693,4,3.95,2.937,505,-1996.45,-100.0,False,1743225.1099999996
RELIANCE.NS,2024-02-13,2024-03-14,1447.64,1450,1565,1488.98,1414.42,-2.3,0.3248,1.119,3,38.98,2.693,51,-1988.22,-100.0,False,1741236.8899999997
ICICIBANK.NS,2024-02-13,2024-03-14,1003.35,1005,1080,1029.31,1066.12,6.26,0.2652,1.242,3,24.31,2.423,82,3019.07,151.47,True,1744255.9599999997
RELIANCE.NS,2024-02-14,2024-03-15,1463.72,1465,1580,1504.38,1401.33,-4.26,0.3222,1.083,3,39.38,2.69,50,-1968.97,-100.0,False,1742286.9899999998
ANANDRATHI.NS,2024-02-14,2024-03-15,853.99,855,920,879.57,883.46,3.45,0.4777,1.41,3,24.57,2.878,81,314.73,15.81,True,1742601.7199999997
ANANTRAJ.NS,2024-02-14,2024-03-15,340.55,340,370,349.98,298.01,-12.49,0.3151,1.502,4,9.98,2.932,200,-1996.62,-100.0,False,1740605.0999999996
ICICIBANK.NS,2024-02-14,2024-03-15,1006.21,1005,1085,1031.14,1062.93,5.64,0.2645,1.195,3,26.14,2.597,76,2416.16,121.64,True,1743021.2599999995
ANANDRATHI.NS,2024-02-15,2024-03-18,883.93,885,955,910.23,892.76,1.0,0.3976,1.361,3,25.23,2.854,79,-1379.7,-69.23,False,1741641.5599999996
ICICIBANK.NS,2024-02-15,2024-03-18,1000.25,1000,1075,1024.91,1063.76,6.35,0.2655,1.245,3,24.91,2.49,80,3108.33,155.98,True,1744749.8899999997
AJMERA.NS,2024-02-15,2024-03-18,142.73,145,155,148.81,138.59,-2.91,0.9984,1.765,3,3.81,2.672,524,-1998.23,-100.0,False,1742751.6599999997
APARINDS.NS,2024-02-15,2024-03-18,6034.27,6035,6515,6216.14,6034.22,-0.0,0.4842,1.242,3,181.14,3.002,11,-1992.51,-100.0,False,1740759.1499999997
APARINDS.NS,2024-02-16,2024-03-19,6078.58,6080,6565,6262.71,5974.14,-1.72,0.4838,1.225,3,182.71,3.006,10,-1827.08,-100.0,False,1738932.0699999996
ANANDRATHI.NS,2024-02-16,2024-03-19,900.73,900,975,927.03,900.02,-0.08,0.3968,1.359,3,27.03,3.001,73,-1971.77,-99.91,False,1736960.2999999996
AJMERA.NS,2024-02-16,2024-03-19,143.25,145,155,148.86,134.97,-5.78,0.9967,1.714,3,3.86,2.695,517,-1996.22,-100.0,False,1734964.0799999996
ABCAPITAL.NS,2024-02-16,2024-03-19,186.05,185,200,190.83,170.0,-8.63,0.4617,1.263,3,5.83,3.133,343,-1999.63,-100.0,False,1732964.4499999997
ABCAPITAL.NS,2024-02-19,2024-03-20,184.55,185,200,190.49,169.05,-8.4,0.4633,1.191,3,5.49,2.976,364,-1998.88,-100.0,False,1730965.5699999998
APARINDS.NS,2024-02-19,2024-03-20,6183.91,6185,6680,6370.77,6076.11,-1.74,0.4742,1.215,3,185.77,3.004,10,-1857.66,-100.0,False,1729107.91
ANANDRATHI.NS,2024-02-19,2024-03-20,910.45,910,985,937.03,890.03,-2.24,0.3952,1.177,3,27.03,2.969,73,-1973.44,-100.0,False,1727134.47
RELIANCE.NS,2024-02-19,2024-03-20,1456.44,1455,1575,1495.94,1426.55,-2.05,0.3176,0.887,4,40.94,2.811,48,-1965.26,-100.0,False,1725169.21
ANGELONE.NS,2024-02-19,2024-03-20,312.15,310,335,320.09,250.51,-19.75,0.6303,0.942,3,10.09,3.234,198,-1998.51,-100.0,False,1723170.7
TCS.NS,2024-02-19,2024-03-20,3776.4,3775,4020,3857.31,3654.1,-3.24,0.2257,1.082,3,82.31,2.18,24,-1975.47,-100.0,False,1721195.23
ANANTRAJ.NS,2024-02-19,2024-03-20,345.23,345,375,355.0,288.83,-16.34,0.3201,1.536,4,10.0,2.895,200,-1999.01,-100.0,False,1719196.22
ANANTRAJ.NS,2024-02-20,2024-03-21,344.34,345,370,353.69,306.69,-10.93,0.3186,1.497,3,8.69,2.525,230,-1999.69,-100.0,False,1717196.53
ABREL.NS,2024-02-20,2024-03-21,1452.13,1450,1570,1495.24,1449.89,-0.15,0.4792,1.021,3,45.24,3.115,44,-1990.55,-100.0,False,1715205.98
ICICIBANK.NS,2024-02-20,2024-03-21,1031.84,1030,1105,1055.28,1064.35,3.15,0.2502,1.205,3,25.28,2.45,79,717.12,35.91,True,1715923.1
RELIANCE.NS,2024-02-20,2024-03-21,1453.5,1455,1570,1494.04,1433.69,-1.36,0.3179,0.853,4,39.04,2.686,51,-1990.79,-100.0,False,1713932.31
BAJFINANCE.NS,2024-02-20,2024-03-21,664.77,665,720,683.28,660.06,-0.71,0.3087,0.798,4,18.28,2.75,109,-1992.76,-100.0,False,1711939.55
AJMERA.NS,2024-02-21,2024-03-22,144.65,145,155,149.0,142.0,-1.83,0.8214,1.346,4,4.0,2.766,499,-1996.48,-100.0,False,1709943.07
ABB.NS,2024-02-21,2024-03-22,4900.67,4900,5295,5046.77,5866.8,19.71,0.4479,1.195,4,146.77,2.995,13,3226.97,169.13,True,1713170.04
ICICIBANK.NS,2024-02-22,2024-03-26,1045.56,1045,1105,1065.54,1066.22,1.98,0.2003,1.101,3,20.54,1.964,97,66.3,3.33,True,1713236.34
RELIANCE.NS,2024-02-22,2024-03-26,1464.09,1465,1580,1503.36,1424.4,-2.71,0.2946,0.847,4,38.36,2.62,52,-1994.75,-100.0,False,1711241.59
TCS.NS,2024-02-22,2024-03-26,3761.03,3760,4010,3843.53,3568.15,-5.13,0.2305,0.995,4,83.53,2.221,23,-1921.12,-100.0,False,1709320.47
ABB.NS,2024-02-22,2024-03-26,5333.54,5335,5760,5497.45,5829.83,9.31,0.5326,1.33,4,162.45,3.046,12,3150.64,161.62,True,1712471.1099999999
APOLLO.NS,2024-02-23,2024-03-27,133.73,135,145,138.58,96.28,-28.01,0.4757,1.119,4,3.58,2.675,559,-1999.53,-100.0,False,1710471.5799999998
ABB.NS,2024-02-23,2024-03-27,5301.15,5300,5725,5462.77,6173.49,16.46,0.5343,1.39,4,162.77,3.071,12,3146.71,161.1,True,1713618.2899999998
ICICIBANK.NS,2024-02-23,2024-03-27,1044.18,1045,1105,1065.0,1066.27,2.12,0.1988,1.024,3,20.0,1.915,99,125.92,6.36,True,1713744.2099999997
RELIANCE.NS,2024-02-23,2024-03-27,1475.83,1475,1595,1514.99,1475.06,-0.05,0.2947,0.828,5,39.99,2.71,50,-1996.34,-99.85,False,1711747.8699999996
APOLLO.NS,2024-02-26,2024-03-28,140.37,140,150,143.96,95.18,-32.19,0.495,1.056,4,3.96,2.821,505,-1999.94,-100.0,False,1709747.9299999997
ANANTRAJ.NS,2024-02-26,2024-03-28,353.36,355,380,363.56,310.53,-12.12,0.3238,1.232,3,8.56,2.424,233,-1995.49,-100.0,False,1707752.4399999997
AJMERA.NS,2024-02-26,2024-03-28,145.54,145,155,149.1,143.06,-1.71,0.8087,1.127,3,4.1,2.818,487,-1997.69,-100.0,False,1705754.7499999998
ABCAPITAL.NS,2024-02-26,2024-03-28,189.35,190,205,195.27,175.4,-7.37,0.3875,0.976,4,5.27,2.781,379,-1995.99,-100.0,False,1703758.7599999998
RELIANCE.NS,2024-02-26,2024-03-28,1469.6,1470,1545,1495.71,1468.15,-0.1,0.1791,0.806,3,25.71,1.749,77,-1979.53,-100.0,False,1701779.2299999997
AJMERA.NS,2024-02-27,2024-04-01,146.13,145,160,150.85,147.2,0.73,0.809,1.053,3,5.85,4.006,341,-1246.98,-62.47,False,1700532.2499999998
APOLLO.NS,2024-02-27,2024-04-01,140.87,140,150,144.06,99.92,-29.07,0.495,1.039,3,4.06,2.879,493,-1999.46,-100.0,False,1698532.7899999998
ANANDRATHI.NS,2024-02-28,2024-04-02,905.64,905,980,931.7,851.99,-5.92,0.3754,0.788,4,26.7,2.948,74,-1975.67,-100.0,False,1696557.1199999999
TITAN.NS,2024-02-29,2024-04-03,3589.96,3590,3755,3647.32,3677.22,2.43,0.1587,0.973,4,57.32,1.597,34,1016.74,52.17,True,1697573.8599999999
INFY.NS,2024-02-29,2024-04-03,1542.57,1545,1630,1573.35,1364.48,-11.54,0.1962,0.88,5,28.35,1.838,70,-1984.4,-100.0,False,1695589.46
ANANDRATHI.NS,2024-02-29,2024-04-03,903.36,905,975,929.35,866.51,-4.08,0.345,0.752,5,24.35,2.696,82,-1996.91,-100.0,False,1693592.55
ANANDRATHI.NS,2024-03-01,2024-04-04,916.48,915,990,941.38,872.33,-4.82,0.3415,0.707,3,26.38,2.879,75,-1978.71,-100.0,False,1691613.84
TITAN.NS,2024-03-01,2024-04-04,3730.12,3730,3955,3805.57,3746.81,0.45,0.208,1.046,4,75.57,2.026,26,-1527.95,-77.76,False,1690085.8900000001
AJMERA.NS,2024-03-01,2024-04-04,144.9,145,155,149.03,158.8,9.59,0.8294,1.078,3,4.03,2.78,496,2961.66,148.21,True,1693047.55
ICICIBANK.NS,2024-03-01,2024-04-04,1069.37,1070,1140,1093.34,1061.45,-0.74,0.233,0.992,3,23.34,2.182,85,-1983.72,-100.0,False,1691063.83
AJMERA.NS,2024-03-04,2024-04-05,144.29,145,155,148.96,158.47,9.83,0.8263,1.061,3,3.96,2.745,505,3050.09,152.51,True,1694113.9200000002
APARINDS.NS,2024-03-04,2024-04-05,6175.71,6175,6670,6343.01,7258.3,17.53,0.3106,0.892,4,168.01,2.721,11,3596.84,194.62,True,1697710.7600000002
TITAN.NS,2024-03-04,2024-04-05,3696.93,3695,3910,3768.11,3718.77,0.59,0.2002,1.051,3,73.11,1.978,27,-1332.04,-67.48,False,1696378.7200000002
HDFCBANK.NS,2024-03-04,2024-04-05,685.93,685,720,697.46,741.87,8.16,0.1828,0.762,4,12.46,1.817,160,3606.35,180.89,True,1699985.0700000003
ANANDRATHI.NS,2024-03-04,2024-04-05,975.95,975,1055,1003.31,896.95,-8.09,0.358,0.892,4,28.31,2.9,70,-1981.44,-100.0,False,1698003.6300000004
ABB.NS,2024-03-04,2024-04-05,5536.61,5535,5980,5703.89,6557.41,18.44,0.5017,1.587,3,168.89,3.05,11,3037.26,163.49,True,1701040.8900000004
ICICIBANK.NS,2024-03-04,2024-04-05,1074.73,1075,1145,1098.5,1065.93,-0.82,0.2327,0.959,3,23.5,2.187,85,-1997.74,-100.0,False,1699043.1500000004
RELIANCE.NS,2024-03-04,2024-04-05,1489.44,1490,1555,1512.57,1442.7,-3.14,0.151,0.925,3,22.57,1.515,88,-1985.84,-100.0,False,1697057.3100000003
ABCAPITAL.NS,2024-03-04,2024-04-05,190.95,190,205,195.36,204.8,7.25,0.2987,1.029,4,5.36,2.809,372,3510.17,175.91,True,1700567.4800000002
HDFCBANK.NS,2024-03-05,2024-04-08,689.83,690,725,702.15,740.46,7.34,0.1841,0.691,3,12.15,1.761,164,3747.81,188.12,True,1704315.2900000003
ABB.NS,2024-03-05,2024-04-08,5585.08,5585,6030,5753.95,6586.81,17.94,0.5016,1.623,3,168.95,3.025,11,3036.6,163.4,True,1707351.8900000004
BHARTIARTL.NS,2024-03-05,2024-04-08,1152.78,1155,1210,1173.71,1188.09,3.06,0.1763,1.13,3,18.71,1.623,106,1524.48,76.87,True,1708876.3700000003
ANANDRATHI.NS,2024-03-05,2024-04-08,976.48,975,1055,1003.16,923.26,-5.45,0.344,0.942,4,28.16,2.884,71,-1999.39,-100.0,False,1706876.9800000004
ABCAPITAL.NS,2024-03-05,2024-04-08,192.0,190,205,195.71,203.15,5.81,0.2975,1.099,3,5.71,2.974,350,2604.25,130.33,True,1709481.2300000004
APOLLO.NS,2024-03-06,2024-04-09,119.2,120,130,123.73,110.36,-7.42,0.6377,1.201,3,3.73,3.131,535,-1996.31,-100.0,False,1707484.9200000004
HDFCBANK.NS,2024-03-06,2024-04-09,690.67,690,725,702.36,741.39,7.34,0.1805,0.659,3,12.36,1.79,161,3645.11,183.18,True,1711130.0300000005
BHARTIARTL.NS,2024-03-06,2024-04-09,1177.24,1175,1240,1197.79,1187.84,0.9,0.1892,1.164,3,22.79,1.936,87,-864.96,-43.63,False,1710265.0700000005
AJMERA.NS,2024-03-06,2024-04-09,144.81,145,155,148.89,162.82,12.44,0.503,1.035,3,3.89,2.689,513,3132.28,156.79,True,1713397.3500000006
ICICIBANK.NS,2024-03-06,2024-04-09,1079.41,1080,1150,1103.46,1089.2,0.91,0.2333,1.042,3,23.46,2.174,85,-1212.6,-60.8,False,1712184.7500000005
BHARTIARTL.NS,2024-03-07,2024-04-10,1183.16,1185,1245,1205.49,1212.45,2.48,0.1887,1.088,3,20.49,1.732,97,674.83,33.95,True,1712859.5800000005
APOLLO.NS,2024-03-07,2024-04-10,120.29,120,130,123.92,108.71,-9.63,0.6287,1.157,3,3.92,3.255,510,-1997.18,-100.0,False,1710862.4000000006
HDFCBANK.NS,2024-03-07,2024-04-10,692.35,690,725,702.64,735.55,6.24,0.1653,0.604,4,12.64,1.826,158,3532.14,176.8,True,1714394.5400000005
AJMERA.NS,2024-03-07,2024-04-10,145.2,145,155,148.95,165.56,14.03,0.4816,1.012,3,3.95,2.717,506,3063.81,153.48,True,1717458.3500000006
TITAN.NS,2024-03-07,2024-04-10,3750.92,3750,3970,3824.74,3675.94,-2.0,0.2048,1.016,3,74.74,1.993,26,-1943.18,-100.0,False,1715515.1700000006
ICICIBANK.NS,2024-03-07,2024-04-10,1070.4,1070,1130,1090.57,1091.51,1.97,0.1963,0.983,3,20.57,1.921,97,91.54,4.59,True,1715606.7100000007
ANANDRATHI.NS,2024-03-07,2024-04-10,975.42,975,1055,1003.02,965.2,-1.05,0.3518,1.034,3,28.02,2.872,71,-1989.32,-100.0,False,1713617.3900000006
ABB.NS,2024-03-11,2024-04-12,5742.88,5745,6200,5915.81,6639.11,15.61,0.4714,1.039,3,170.81,2.974,11,3126.04,166.37,True,1716743.4300000006
ANANDRATHI.NS,2024-03-11,2024-04-12,969.11,970,1045,996.55,990.38,2.19,0.3553,1.094,4,26.55,2.74,75,-462.97,-23.25,False,1716280.4600000007
HDFCBANK.NS,2024-03-13,2024-04-16,699.19,700,735,712.0,722.58,3.34,0.1835,0.698,5,12.0,1.716,166,1756.51,88.19,True,1718036.9700000007
ICICIBANK.NS,2024-03-13,2024-04-16,1066.47,1065,1115,1082.96,1049.84,-1.56,0.1656,1.063,4,17.96,1.684,111,-1993.99,-100.0,False,1716042.9800000007
APOLLO.NS,2024-03-14,2024-04-18,107.31,105,115,109.21,106.11,-1.12,0.6782,1.107,4,4.21,3.923,475,-1471.34,-73.57,False,1714571.6400000006
AJMERA.NS,2024-03-14,2024-04-18,136.42,135,145,139.18,160.78,17.86,0.7989,1.283,4,4.18,3.06,479,2790.12,139.51,True,1717361.7600000007
TCS.NS,2024-03-14,2024-04-18,3871.92,3870,4100,3947.87,3553.89,-8.21,0.2038,1.078,3,77.87,2.011,25,-1946.78,-100.0,False,1715414.9800000007
BHARTIARTL.NS,2024-03-15,2024-04-19,1203.18,1205,1280,1230.0,1271.23,5.66,0.2277,1.157,4,25.0,2.078,80,3298.39,164.92,True,1718713.3700000006
ABCAPITAL.NS,2024-03-15,2024-04-19,173.8,175,190,180.02,200.9,15.59,0.4037,1.374,3,5.02,2.887,398,3972.69,198.9,True,1722686.0600000005
ABCAPITAL.NS,2024-03-18,2024-04-22,172.9,175,185,178.56,202.7,17.24,0.39,1.349,3,3.56,2.061,561,3611.02,180.64,True,1726297.0800000005
ABB.NS,2024-03-18,2024-04-22,5669.53,5670,6125,5841.34,6415.29,13.15,0.4841,0.99,3,171.34,3.022,11,3120.22,165.55,True,1729417.3000000005
HDFCBANK.NS,2024-03-18,2024-04-22,692.32,690,725,702.7,723.99,4.57,0.1682,0.678,4,12.7,1.834,157,3343.16,167.7,True,1732760.4600000004
BHARTIARTL.NS,2024-03-18,2024-04-22,1208.41,1210,1285,1235.1,1279.66,5.9,0.227,1.13,3,25.1,2.077,79,3520.72,177.59,True,1736281.1800000004
ABB.NS,2024-03-19,2024-04-23,5533.71,5535,5975,5701.6,6201.12,12.06,0.4965,0.98,3,166.6,3.011,12,3280.84,164.11,True,1739562.0200000005
BAJFINANCE.NS,2024-03-19,2024-04-23,648.32,650,690,662.84,713.55,10.06,0.2135,1.155,4,12.84,1.98,155,4209.86,211.54,True,1743771.8800000006
ICICIBANK.NS,2024-03-19,2024-04-23,1066.47,1065,1115,1082.46,1072.67,0.58,0.151,0.948,3,17.46,1.637,114,-1116.4,-56.09,False,1742655.4800000007
BAJFINANCE.NS,2024-03-20,2024-04-24,653.55,655,695,667.98,720.35,10.22,0.2137,1.001,4,12.98,1.986,154,4161.38,208.21,True,1746816.8600000006
ABB.NS,2024-03-20,2024-04-24,5637.04,5635,6090,5807.32,6236.9,10.64,0.4969,1.019,3,172.32,3.057,11,3109.47,164.04,True,1749926.3300000005
BHARTIARTL.NS,2024-03-20,2024-04-24,1214.82,1215,1290,1240.33,1317.98,8.49,0.2198,1.049,3,25.33,2.085,78,3874.0,196.05,True,1753800.3300000005
ABCAPITAL.NS,2024-03-20,2024-04-24,169.05,170,185,174.98,216.3,27.95,0.3926,1.295,3,4.98,2.946,401,4017.95,201.19,True,1757818.2800000005
TITAN.NS,2024-03-21,2024-04-25,3593.08,3595,3840,3675.96,3537.17,-1.56,0.239,0.841,4,80.96,2.253,24,-1943.13,-100.0,False,1755875.1500000006
HDFCBANK.NS,2024-03-21,2024-04-25,692.18,690,720,701.24,723.3,4.5,0.1472,0.723,4,11.24,1.624,177,3320.66,166.92,True,1759195.8100000005
ABCAPITAL.NS,2024-03-21,2024-04-25,173.45,175,185,178.7,229.8,32.49,0.4064,1.063,3,3.7,2.134,540,3401.52,170.21,True,1762597.3300000005
ABB.NS,2024-03-21,2024-04-25,5766.03,5765,6225,5931.21,6323.27,9.66,0.3859,1.022,3,166.21,2.883,12,3525.53,176.77,True,1766122.8600000006
RELIANCE.NS,2024-03-21,2024-04-25,1433.69,1435,1515,1462.04,1442.58,0.62,0.2004,0.893,4,27.04,1.886,73,-1420.97,-71.98,False,1764701.8900000006
BHARTIARTL.NS,2024-03-21,2024-04-25,1203.97,1205,1280,1230.07,1320.24,9.66,0.223,1.001,3,25.07,2.083,79,3944.12,199.11,True,1768646.0100000007
BAJFINANCE.NS,2024-03-21,2024-04-25,660.06,660,700,673.54,716.99,8.62,0.2134,0.987,4,13.54,2.052,147,3889.32,195.38,True,1772535.3300000008
TITAN.NS,2024-03-22,2024-04-26,3671.48,3670,3935,3758.03,3550.74,-3.29,0.2514,0.894,4,88.03,2.398,22,-1936.68,-100.0,False,1770598.6500000008
ICICIBANK.NS,2024-03-22,2024-04-26,1072.72,1075,1120,1090.23,1090.03,1.61,0.1497,0.889,4,15.23,1.42,131,-25.78,-1.29,False,1770572.8700000008
ANANDRATHI.NS,2024-03-22,2024-04-26,898.12,900,970,924.33,978.01,8.9,0.3497,1.269,3,24.33,2.709,82,3745.01,187.72,True,1774317.8800000008
RELIANCE.NS,2024-03-22,2024-04-26,1437.69,1440,1520,1466.6,1435.24,-0.17,0.1973,0.842,4,26.6,1.85,75,-1994.65,-100.0,False,1772323.230000001
HDFCBANK.NS,2024-03-22,2024-04-26,690.79,690,720,700.51,722.84,4.64,0.1381,0.744,4,10.51,1.522,190,3702.36,185.34,True,1776025.590000001
BAJFINANCE.NS,2024-03-26,2024-04-29,679.17,680,725,694.63,670.96,-1.21,0.2271,0.978,3,14.63,2.154,136,-1989.86,-100.0,False,1774035.730000001
AJMERA.NS,2024-03-26,2024-04-29,143.34,145,155,148.84,166.05,15.85,0.7763,1.135,3,3.84,2.679,520,3202.97,160.39,True,1777238.700000001
BAJFINANCE.NS,2024-03-27,2024-04-30,690.24,690,735,705.17,680.49,-1.41,0.2297,0.978,4,15.17,2.198,131,-1987.4,-100.0,False,1775251.300000001
TITAN.NS,2024-03-27,2024-04-30,3723.68,3725,3985,3810.89,3555.14,-4.53,0.2444,0.926,3,85.89,2.307,23,-1975.5,-100.0,False,1773275.800000001
HDFCBANK.NS,2024-03-27,2024-04-30,689.76,690,720,700.42,727.77,5.51,0.1503,0.698,4,10.42,1.511,191,3739.27,187.83,True,1777015.070000001
AJMERA.NS,2024-03-27,2024-04-30,143.88,145,155,148.9,164.45,14.29,0.7734,1.11,3,3.9,2.714,512,3120.93,156.12,True,1780136.000000001
ABB.NS,2024-03-27,2024-04-30,6173.49,6175,6665,6341.06,6430.48,4.16,0.309,1.148,4,166.06,2.69,12,1073.1,53.85,True,1781209.100000001
ABCAPITAL.NS,2024-03-27,2024-04-30,175.55,175,190,180.48,231.4,31.81,0.4012,0.9,4,5.48,3.122,364,3465.12,173.7,True,1784674.2200000011
ICICIBANK.NS,2024-03-28,2024-05-02,1075.67,1075,1120,1091.28,1121.07,4.22,0.1506,0.805,5,16.28,1.514,122,3503.59,176.38,True,1788177.8100000012
AJMERA.NS,2024-03-28,2024-05-02,143.06,145,155,148.81,161.63,12.98,0.7734,0.96,3,3.81,2.661,525,3251.62,162.71,True,1791429.4300000013
TCS.NS,2024-03-28,2024-05-02,3567.05,3565,3795,3642.17,3555.08,-0.34,0.221,1.144,4,77.17,2.163,25,-1929.2,-100.0,False,1789500.2300000014
BHARTIARTL.NS,2024-03-28,2024-05-02,1211.66,1210,1290,1236.89,1286.07,6.14,0.2214,0.85,5,26.89,2.22,74,3639.2,182.86,True,1793139.4300000013
TITAN.NS,2024-03-28,2024-05-02,3765.67,3765,4030,3853.05,3534.54,-6.14,0.2455,0.842,4,88.05,2.338,22,-1937.05,-100.0,False,1791202.3800000013
ABB.NS,2024-03-28,2024-05-02,6253.62,6255,6755,6422.37,6569.85,5.06,0.3003,1.141,4,167.37,2.676,11,1622.19,88.11,True,1792824.5700000012
HDFCBANK.NS,2024-03-28,2024-05-02,693.21,695,725,704.93,733.59,5.83,0.1508,0.694,4,9.93,1.432,201,4034.96,202.25,True,1796859.5300000012
BAJFINANCE.NS,2024-03-28,2024-05-02,712.11,710,760,727.24,676.47,-5.0,0.2425,1.079,4,17.24,2.42,116,-1999.43,-100.0,False,1794860.1000000013
BHARTIARTL.NS,2024-04-01,2024-05-03,1200.57,1200,1280,1226.61,1259.79,4.93,0.2263,0.811,4,26.61,2.216,75,2488.78,124.73,True,1797348.8800000013
ICICIBANK.NS,2024-04-01,2024-05-03,1081.92,1080,1125,1096.44,1123.63,3.86,0.1406,0.753,4,16.44,1.52,121,3290.03,165.37,True,1800638.9100000013
HDFCBANK.NS,2024-04-01,2024-05-03,704.03,705,735,715.4,727.53,3.34,0.1556,0.715,4,10.4,1.477,192,2330.47,116.75,True,1802969.3800000013
ABREL.NS,2024-04-01,2024-05-03,1702.84,1705,1840,1757.18,1954.6,14.78,0.6074,1.042,4,52.18,3.064,38,3147.14,158.72,True,1806116.5200000012
ABCAPITAL.NS,2024-04-01,2024-05-03,181.85,180,195,185.89,231.1,27.08,0.4084,0.704,3,5.89,3.239,339,3088.04,154.64,True,1809204.5600000012
HDFCBANK.NS,2024-04-02,2024-05-06,708.65,710,740,720.28,728.99,2.87,0.1545,0.762,3,10.28,1.45,194,1691.27,84.83,True,1810895.8300000012
ANANTRAJ.NS,2024-04-02,2024-05-06,329.57,330,355,339.69,365.93,11.03,0.574,0.895,3,9.69,2.941,206,3153.44,157.94,True,1814049.2700000012
ABCAPITAL.NS,2024-04-02,2024-05-06,201.05,200,215,206.03,227.1,12.96,0.5418,0.93,4,6.03,2.998,331,2969.77,148.84,True,1817019.0400000012
HDFCBANK.NS,2024-04-03,2024-05-07,709.68,710,740,720.32,721.1,1.61,0.1414,0.85,3,10.32,1.454,193,149.36,7.5,True,1817168.4000000013
ABCAPITAL.NS,2024-04-03,2024-05-07,204.2,205,220,210.72,219.75,7.62,0.5409,0.993,4,5.72,2.803,349,3150.49,157.74,True,1820318.8900000013
ANANTRAJ.NS,2024-04-03,2024-05-07,327.98,330,355,339.41,357.8,9.09,0.5708,0.876,4,9.41,2.868,212,3305.76,165.76,True,1823624.6500000013
BHARTIARTL.NS,2024-04-03,2024-05-07,1208.8,1210,1290,1236.29,1268.42,4.93,0.231,0.887,5,26.29,2.175,76,2441.8,122.21,True,1826066.4500000014
ANGELONE.NS,2024-04-03,2024-05-07,306.54,305,330,314.96,249.74,-18.53,0.6317,0.998,4,9.96,3.25,200,-1992.6,-100.0,False,1824073.8500000013
ANANDRATHI.NS,2024-04-04,2024-05-08,872.33,870,940,894.94,987.03,13.15,0.3343,1.054,3,24.94,2.859,80,3604.98,180.7,True,1827678.8300000012
HDFCBANK.NS,2024-04-04,2024-05-08,731.36,730,770,743.68,709.84,-2.94,0.1735,0.972,4,13.68,1.871,146,-1997.91,-100.0,False,1825680.9200000013
ICICIBANK.NS,2024-04-04,2024-05-08,1061.45,1060,1095,1072.98,1104.89,4.09,0.103,0.76,4,12.98,1.223,154,3390.98,169.63,True,1829071.9000000013
APOLLO.NS,2024-04-04,2024-05-08,112.95,115,120,116.93,103.47,-8.4,0.6071,0.811,5,1.93,1.713,1033,-1998.54,-100.0,False,1827073.3600000013
AJMERA.NS,2024-04-04,2024-05-08,158.8,160,170,163.96,161.94,1.98,0.7845,0.823,5,3.96,2.495,504,-1017.81,-50.97,False,1826055.5500000012
BHARTIARTL.NS,2024-04-04,2024-05-08,1190.21,1190,1275,1217.87,1270.83,6.77,0.2413,0.901,3,27.87,2.341,71,3760.68,190.07,True,1829816.2300000011
AJMERA.NS,2024-04-05,2024-05-09,158.47,160,170,163.93,155.16,-2.09,0.7833,0.819,4,3.93,2.478,509,-1998.8,-100.0,False,1827817.430000001
APARINDS.NS,2024-04-05,2024-05-09,7258.3,7260,7840,7479.89,7525.17,3.68,0.5048,1.214,3,219.89,3.03,9,407.52,20.59,True,1828224.9500000011
APOLLO.NS,2024-04-05,2024-05-09,114.3,115,125,118.68,101.02,-11.62,0.6086,0.812,4,3.68,3.224,542,-1997.21,-100.0,False,1826227.7400000012
ANANDRATHI.NS,2024-04-05,2024-05-09,896.95,895,970,921.57,962.86,7.35,0.3544,1.083,3,26.57,2.963,75,3096.19,155.35,True,1829323.930000001
HDFCBANK.NS,2024-04-05,2024-05-09,741.87,740,780,754.07,693.02,-6.59,0.1777,0.983,3,14.07,1.897,142,-1998.13,-100.0,False,1827325.8000000012
ANANDRATHI.NS,2024-04-08,2024-05-10,923.26,925,995,949.93,977.0,5.82,0.3666,1.12,3,24.93,2.7,80,2165.45,108.57,True,1829491.2500000012
APARINDS.NS,2024-04-08,2024-05-10,7228.51,7230,7805,7448.19,7544.88,4.38,0.5033,1.207,3,218.19,3.018,9,870.27,44.32,True,1830361.5200000012
ANANDRATHI.NS,2024-04-09,2024-05-13,1005.95,1005,1085,1035.33,976.07,-2.97,0.476,1.227,4,30.33,3.015,65,-1971.53,-100.0,False,1828389.9900000012
BAJFINANCE.NS,2024-04-09,2024-05-13,707.03,705,745,718.82,660.36,-6.6,0.1773,0.995,3,13.82,1.955,144,-1990.3,-100.0,False,1826399.690000001
ABREL.NS,2024-04-09,2024-05-13,1822.8,1825,1970,1880.76,1953.8,7.19,0.582,1.174,4,55.76,3.059,35,2556.38,130.99,True,1828956.070000001
BHARTIARTL.NS,2024-04-09,2024-05-13,1187.84,1190,1260,1213.31,1268.22,6.77,0.2148,0.949,3,23.31,1.962,85,3968.57,200.29,True,1832924.640000001
ICICIBANK.NS,2024-04-09,2024-05-13,1089.2,1090,1125,1102.7,1109.81,1.89,0.115,0.823,4,12.7,1.166,157,1115.84,55.96,True,1834040.4800000011
ICICIBANK.NS,2024-04-10,2024-05-14,1091.51,1090,1125,1103.37,1102.48,1.01,0.1095,0.825,4,13.37,1.225,149,-132.34,-6.64,False,1833908.140000001
ANANTRAJ.NS,2024-04-10,2024-05-14,344.53,345,370,354.77,373.01,8.26,0.5704,0.767,5,9.77,2.836,204,3106.71,155.86,True,1837014.850000001
ANANDRATHI.NS,2024-04-10,2024-05-14,965.2,965,1040,993.67,975.27,1.04,0.4993,1.296,3,28.67,2.97,69,-1269.63,-64.18,False,1835745.2200000011
BHARTIARTL.NS,2024-04-10,2024-05-14,1212.45,1210,1290,1237.37,1266.59,4.47,0.2262,0.962,3,27.37,2.258,73,2132.99,106.74,True,1837878.2100000011
ABREL.NS,2024-04-10,2024-05-14,1831.7,1830,1980,1887.64,1986.89,8.47,0.5511,1.244,4,57.64,3.147,34,3140.22,160.23,True,1841018.430000001
AJMERA.NS,2024-04-10,2024-05-14,165.56,165,180,170.87,152.45,-7.92,0.7386,0.96,4,5.87,3.543,340,-1994.52,-100.0,False,1839023.910000001
ANGELONE.NS,2024-04-12,2024-05-15,278.48,280,300,287.71,259.14,-6.95,0.6099,0.911,3,7.71,2.768,259,-1996.73,-100.0,False,1837027.180000001
ABB.NS,2024-04-12,2024-05-15,6639.11,6640,7170,6821.27,7976.42,20.14,0.3193,0.908,3,181.27,2.73,11,3835.98,192.37,True,1840863.160000001
ANANTRAJ.NS,2024-04-12,2024-05-15,337.45,335,365,346.71,380.84,12.86,0.5398,0.76,5,11.71,3.469,170,3109.85,156.26,True,1843973.0100000012
ANANDRATHI.NS,2024-04-15,2024-05-16,1034.16,1035,1115,1065.58,976.15,-5.61,0.5184,1.393,3,30.58,2.957,65,-1987.48,-100.0,False,1841985.5300000012
ABCAPITAL.NS,2024-04-15,2024-05-16,205.55,205,220,210.72,221.65,7.83,0.3944,1.182,4,5.72,2.782,349,3238.97,162.27,True,1845224.5000000012
AJMERA.NS,2024-04-16,2024-05-17,164.66,165,180,170.02,151.94,-7.73,0.3759,1.018,3,5.02,3.051,398,-1999.7,-100.0,False,1843224.8000000012
HDFCBANK.NS,2024-04-18,2024-05-21,715.61,715,755,728.57,707.96,-1.07,0.185,1.069,3,13.57,1.896,147,-1994.94,-100.0,False,1841229.8600000013
HDFCBANK.NS,2024-04-19,2024-05-22,733.14,735,775,748.27,708.16,-3.41,0.2002,1.181,3,13.27,1.81,150,-1990.26,-100.0,False,1839239.6000000013
BAJFINANCE.NS,2024-04-19,2024-05-22,699.75,700,745,715.17,662.9,-5.27,0.2329,0.956,3,15.17,2.168,131,-1987.77,-100.0,False,1837251.8300000012
ICICIBANK.NS,2024-04-22,2024-05-23,1069.13,1070,1120,1087.29,1116.2,4.4,0.1688,0.998,3,17.29,1.617,115,3324.89,167.2,True,1840576.7200000011
BAJFINANCE.NS,2024-04-22,2024-05-23,716.72,715,765,732.11,670.96,-6.38,0.2408,1.034,3,17.11,2.388,116,-1985.02,-100.0,False,1838591.7000000011
AJMERA.NS,2024-04-22,2024-05-23,162.74,165,175,168.39,140.7,-13.55,0.3658,0.933,3,3.39,2.082,590,-1999.24,-100.0,False,1836592.4600000011
APOLLO.NS,2024-04-22,2024-05-23,109.56,110,120,113.55,110.21,0.59,0.4937,0.79,4,3.55,3.238,563,-1880.21,-94.15,False,1834712.2500000012
ANANTRAJ.NS,2024-04-22,2024-05-23,350.37,350,380,360.22,383.58,9.48,0.3325,0.836,5,10.22,2.918,195,3856.34,193.43,True,1838568.5900000012
HDFCBANK.NS,2024-04-22,2024-05-23,723.99,725,765,738.64,724.37,0.05,0.2076,1.157,3,13.64,1.884,146,-1991.09,-100.0,False,1836577.5000000012
ABREL.NS,2024-04-22,2024-05-23,1865.78,1865,2015,1920.68,2125.45,13.92,0.4389,1.223,4,55.68,2.984,35,3301.16,169.39,True,1839878.660000001
APARINDS.NS,2024-04-22,2024-05-23,7244.52,7245,7825,7460.36,7757.71,7.08,0.4452,0.962,3,215.36,2.973,9,2676.15,138.07,True,1842554.810000001
APARINDS.NS,2024-04-23,2024-05-24,7570.92,7570,8175,7796.54,7931.36,4.76,0.4613,0.95,4,226.54,2.992,8,1078.54,59.51,True,1843633.350000001
APOLLO.NS,2024-04-23,2024-05-24,108.06,110,115,111.87,110.76,2.5,0.4946,0.757,4,1.87,1.732,1068,-1190.33,-59.56,False,1842443.020000001
ABREL.NS,2024-04-23,2024-05-24,1909.32,1910,2060,1965.75,2214.71,15.99,0.4398,1.272,3,55.75,2.92,35,3298.88,169.08,True,1845741.9000000008
ABB.NS,2024-04-23,2024-05-24,6201.12,6200,6695,6380.03,8309.81,34.01,0.3974,1.037,4,180.03,2.903,11,3464.68,174.96,True,1849206.5800000008
ANANTRAJ.NS,2024-04-23,2024-05-24,359.1,360,390,369.97,379.44,5.67,0.3351,0.912,4,9.97,2.777,200,1893.97,94.96,True,1851100.5500000007
AJMERA.NS,2024-04-23,2024-05-24,165.13,165,180,170.12,139.18,-15.71,0.3661,0.961,3,5.12,3.103,390,-1998.32,-100.0,False,1849102.2300000007
ICICIBANK.NS,2024-04-23,2024-05-24,1072.67,1075,1125,1091.85,1113.69,3.82,0.1692,0.993,3,16.85,1.571,118,2577.92,129.67,True,1851680.1500000006
APOLLO.NS,2024-04-24,2024-05-27,109.01,110,120,113.42,111.16,1.97,0.4934,0.781,4,3.42,3.135,585,-1323.06,-66.17,False,1850357.0900000005
ICICIBANK.NS,2024-04-24,2024-05-27,1079.06,1080,1130,1097.39,1111.58,3.01,0.17,0.972,3,17.39,1.611,115,1632.24,81.63,True,1851989.3300000005
ANANTRAJ.NS,2024-04-24,2024-05-27,363.14,365,390,373.19,381.14,4.96,0.2807,0.908,3,8.19,2.256,244,1938.32,96.95,True,1853927.6500000006
ANANDRATHI.NS,2024-04-25,2024-05-28,975.72,975,1055,1005.34,1018.38,4.37,0.5071,1.168,3,30.34,3.11,65,847.25,42.96,True,1854774.9000000006
ICICIBANK.NS,2024-04-25,2024-05-28,1095.79,1095,1150,1114.27,1108.78,1.19,0.1762,1.017,3,19.27,1.758,103,-565.77,-28.51,False,1854209.1300000006
APOLLO.NS,2024-04-25,2024-05-28,109.51,110,120,113.49,108.81,-0.64,0.4667,0.736,3,3.49,3.185,573,-1998.47,-100.0,False,1852210.6600000006
ABB.NS,2024-04-25,2024-05-28,6323.27,6325,6830,6507.17,8123.78,28.47,0.3904,0.981,3,182.17,2.881,10,3228.29,177.21,True,1855438.9500000007
APOLLO.NS,2024-04-26,2024-05-29,109.56,110,120,113.44,106.66,-2.64,0.4366,0.714,3,3.44,3.139,581,-1998.35,-100.0,False,1853440.6000000006
ABB.NS,2024-04-26,2024-05-29,6302.38,6300,6805,6482.91,8088.95,28.35,0.3895,0.965,3,182.91,2.902,10,3220.88,176.09,True,1856661.4800000004
AJMERA.NS,2024-04-26,2024-05-29,165.12,165,180,170.13,131.02,-20.65,0.3694,0.896,4,5.13,3.11,389,-1997.43,-100.0,False,1854664.0500000005
ABREL.NS,2024-04-26,2024-05-29,1987.48,1985,2145,2045.37,2158.39,8.6,0.4653,1.231,4,60.37,3.037,33,3287.89,165.05,True,1857951.9400000004
ABREL.NS,2024-04-29,2024-05-30,1989.67,1990,2150,2049.61,2058.68,3.47,0.4581,1.229,4,59.61,2.996,33,299.43,15.22,True,1858251.3700000003
ANANDRATHI.NS,2024-04-29,2024-05-30,973.55,975,1050,1003.45,1024.23,5.21,0.5034,1.003,3,28.45,2.922,70,1455.06,73.07,True,1859706.4300000004
ICICIBANK.NS,2024-04-29,2024-05-30,1141.44,1140,1220,1166.73,1095.74,-4.0,0.2373,1.217,3,26.73,2.342,74,-1978.38,-100.0,False,1857728.0500000005
AJMERA.NS,2024-04-29,2024-05-30,166.05,165,180,170.42,134.07,-19.26,0.3693,0.9,4,5.42,3.264,368,-1994.7,-100.0,False,1855733.3500000006
ANANDRATHI.NS,2024-04-30,2024-05-31,987.71,990,1065,1018.34,1036.41,4.93,0.4976,0.827,4,28.34,2.869,70,1265.16,63.78,True,1856998.5100000005
BAJFINANCE.NS,2024-04-30,2024-05-31,680.49,680,735,699.56,658.29,-3.26,0.3614,1.409,4,19.56,2.875,102,-1995.32,-100.0,False,1855003.1900000004
RELIANCE.NS,2024-04-30,2024-05-31,1449.52,1450,1505,1469.52,1413.36,-2.49,0.1318,0.935,3,19.52,1.347,102,-1991.03,-100.0,False,1853012.1600000004
ABB.NS,2024-04-30,2024-05-31,6430.48,6430,6945,6608.95,8206.96,27.63,0.3355,0.943,3,178.95,2.783,11,3696.54,187.79,True,1856708.7000000004
ICICIBANK.NS,2024-04-30,2024-05-31,1131.85,1130,1210,1156.88,1102.97,-2.55,0.24,1.194,4,26.88,2.375,74,-1989.02,-100.0,False,1854719.6800000004
ABREL.NS,2024-05-02,2024-06-03,1999.77,2000,2160,2056.75,2103.96,5.21,0.3635,1.131,4,56.75,2.838,35,1652.31,83.19,True,1856371.9900000005
ABB.NS,2024-05-02,2024-06-03,6569.85,6570,7095,6752.28,8611.53,31.08,0.3348,0.978,3,182.28,2.774,10,3427.23,188.02,True,1859799.2200000004
ANANDRATHI.NS,2024-05-02,2024-06-03,986.84,985,1065,1015.5,1013.25,2.68,0.4899,0.758,4,30.5,3.091,65,-146.45,-7.39,False,1859652.7700000005
ANANDRATHI.NS,2024-05-03,2024-06-04,987.5,985,1065,1015.22,949.17,-3.88,0.448,0.757,3,30.22,3.06,66,-1994.34,-100.0,False,1857658.4300000004
ABB.NS,2024-05-03,2024-06-04,6609.16,6610,7140,6793.05,7564.44,14.45,0.3316,0.877,3,183.05,2.77,10,3469.54,189.54,True,1861127.9700000004
ANANDRATHI.NS,2024-05-06,2024-06-05,1000.47,1000,1080,1029.86,988.63,-1.18,0.4471,0.701,3,29.86,2.984,66,-1970.59,-100.0,False,1859157.3800000004
ABB.NS,2024-05-06,2024-06-05,6847.74,6850,7395,7041.44,7708.45,12.57,0.3508,0.961,3,191.44,2.796,10,3535.6,184.68,True,1862692.9800000004
ANANTRAJ.NS,2024-05-06,2024-06-05,365.93,365,395,374.67,354.16,-3.22,0.2536,0.927,4,9.67,2.644,206,-1992.87,-100.0,False,1860700.1100000003
INFY.NS,2024-05-07,2024-06-06,1327.9,1330,1400,1353.43,1383.89,4.22,0.1876,0.683,4,23.43,1.765,85,2588.63,129.96,True,1863288.7400000002
ABB.NS,2024-05-07,2024-06-06,6796.53,6795,7340,6987.24,7880.91,15.95,0.3527,0.931,3,192.24,2.829,10,3527.58,183.5,True,1866816.3200000003
ANANDRATHI.NS,2024-05-07,2024-06-06,988.64,990,1070,1019.41,989.39,0.08,0.4522,0.619,4,29.41,2.975,68,-1999.98,-100.0,False,1864816.3400000003
BHARTIARTL.NS,2024-05-07,2024-06-06,1268.42,1270,1360,1299.15,1351.7,6.57,0.245,1.011,3,29.15,2.298,68,3573.43,180.25,True,1868389.7700000003
ABB.NS,2024-05-08,2024-06-07,7090.85,7090,7660,7293.42,7965.52,12.34,0.3716,0.971,3,203.42,2.869,9,3299.22,180.21,True,1871688.9900000002
INFY.NS,2024-05-08,2024-06-07,1315.32,1315,1385,1339.22,1441.56,9.6,0.1894,0.695,3,24.22,1.841,82,3754.12,189.04,True,1875443.1100000003
BHARTIARTL.NS,2024-05-08,2024-06-07,1270.83,1270,1355,1298.77,1405.6,10.6,0.2373,0.905,3,28.77,2.264,69,3879.6,195.41,True,1879322.7100000004
ABREL.NS,2024-05-08,2024-06-07,1972.11,1970,2130,2030.53,2110.43,7.01,0.4829,1.337,4,60.53,3.069,33,2636.51,131.99,True,1881959.2200000004
ICICIBANK.NS,2024-05-09,2024-06-10,1097.71,1100,1175,1124.35,1105.68,0.73,0.2429,1.233,3,24.35,2.218,82,-1530.86,-76.68,False,1880428.3600000003
INFY.NS,2024-05-09,2024-06-10,1326.61,1325,1400,1350.84,1409.74,6.27,0.1929,0.731,3,25.84,1.948,77,3785.52,190.28,True,1884213.8800000004
ANANTRAJ.NS,2024-05-09,2024-06-10,364.83,365,390,373.49,398.94,9.35,0.2594,0.947,4,8.49,2.328,235,3879.46,194.41,True,1888093.3400000003
BHARTIARTL.NS,2024-05-09,2024-06-10,1257.87,1260,1345,1287.8,1406.39,11.81,0.2407,0.922,3,27.8,2.21,71,4061.45,205.79,True,1892154.7900000003
ABREL.NS,2024-05-09,2024-06-10,1990.67,1990,2150,2050.02,2080.03,4.49,0.466,1.303,4,60.02,3.015,33,990.34,50.0,True,1893145.1300000004
ICICIBANK.NS,2024-05-10,2024-06-11,1099.04,1100,1175,1124.48,1100.17,0.1,0.2346,1.153,3,24.48,2.227,81,-1969.24,-99.32,False,1891175.8900000004
BHARTIARTL.NS,2024-05-10,2024-06-11,1283.21,1285,1375,1314.38,1407.57,9.69,0.2478,0.987,3,29.38,2.29,68,4122.16,206.33,True,1895298.0500000003
ABREL.NS,2024-05-10,2024-06-11,1990.72,1990,2150,2049.34,2093.86,5.18,0.4376,1.208,3,59.34,2.981,33,1469.19,75.03,True,1896767.2400000002
ANANTRAJ.NS,2024-05-10,2024-06-11,367.82,370,395,377.85,422.43,14.85,0.2551,0.919,3,7.85,2.133,254,4356.85,218.59,True,1901124.0900000003
INFY.NS,2024-05-10,2024-06-11,1313.11,1315,1385,1338.41,1405.98,7.07,0.1885,0.744,3,23.41,1.783,85,3959.85,198.97,True,1905083.9400000004
ICICIBANK.NS,2024-05-13,2024-06-12,1109.81,1110,1185,1134.94,1101.5,-0.75,0.2369,1.172,3,24.94,2.248,80,-1995.49,-100.0,False,1903088.4500000004
BAJFINANCE.NS,2024-05-13,2024-06-12,660.36,660,715,679.48,709.4,7.43,0.3732,1.069,3,19.48,2.95,102,3052.2,153.6,True,1906140.6500000004
BHARTIARTL.NS,2024-05-13,2024-06-12,1268.22,1270,1355,1298.23,1418.57,11.86,0.2455,0.978,3,28.23,2.226,70,3974.01,201.11,True,1910114.6600000004
ABB.NS,2024-05-13,2024-06-12,7877.71,7880,8510,8120.16,8170.5,3.72,0.526,1.527,4,240.16,3.049,8,402.74,20.96,True,1910517.4000000004
ABCAPITAL.NS,2024-05-13,2024-06-12,222.35,220,240,227.81,234.22,5.34,0.4653,1.225,3,7.81,3.511,256,1641.88,82.16,True,1912159.2800000003
APARINDS.NS,2024-05-13,2024-06-12,7639.19,7640,8250,7855.02,8049.67,5.37,0.354,1.077,3,215.02,2.815,9,1751.92,90.53,True,1913911.2000000002
ABREL.NS,2024-05-14,2024-06-13,1986.89,1985,2145,2044.53,2170.48,9.24,0.4358,1.22,3,59.53,2.996,33,3315.66,168.79,True,1917226.86
APARINDS.NS,2024-05-14,2024-06-13,8204.9,8205,8860,8444.24,8410.16,2.5,0.4082,1.22,4,239.24,2.916,8,-272.62,-14.24,False,1916954.24
ABB.NS,2024-05-14,2024-06-13,7973.02,7975,8610,8217.33,8333.89,4.53,0.5254,1.586,4,242.33,3.039,8,932.46,48.1,True,1917886.7
ICICIBANK.NS,2024-05-14,2024-06-13,1102.48,1100,1180,1126.69,1089.49,-1.18,0.2377,0.953,3,26.69,2.421,74,-1974.97,-100.0,False,1915911.73
ICICIBANK.NS,2024-05-15,2024-06-14,1106.22,1105,1175,1128.83,1087.82,-1.66,0.2192,0.917,3,23.83,2.154,83,-1977.76,-100.0,False,1913933.97
ANANTRAJ.NS,2024-05-15,2024-06-14,380.84,380,405,388.65,423.38,11.17,0.2301,0.957,3,8.65,2.27,231,3777.61,189.13,True,1917711.58
APARINDS.NS,2024-05-15,2024-06-14,8016.97,8015,8660,8252.33,8275.84,3.23,0.4233,1.286,3,237.33,2.96,8,188.02,9.9,True,1917899.6
ABREL.NS,2024-05-15,2024-06-14,2037.88,2040,2200,2098.66,2234.41,9.64,0.4218,1.311,3,58.66,2.879,34,3445.51,172.75,True,1921345.11
ICICIBANK.NS,2024-05-16,2024-06-18,1112.81,1115,1180,1136.66,1104.74,-0.72,0.2144,0.924,3,21.66,1.947,92,-1992.95,-100.0,False,1919352.1600000001
BHARTIARTL.NS,2024-05-16,2024-06-18,1326.56,1325,1425,1358.39,1408.66,6.19,0.2621,1.081,4,33.39,2.517,59,2965.87,150.56,True,1922318.0300000003
INFY.NS,2024-05-16,2024-06-18,1339.32,1340,1395,1359.18,1408.28,5.15,0.1417,0.82,5,19.18,1.432,104,3725.67,186.81,True,1926043.7000000002
APARINDS.NS,2024-05-16,2024-06-18,7951.07,7950,8585,8184.3,8389.02,5.51,0.4262,1.302,3,234.3,2.947,8,1637.71,87.37,True,1927681.4100000001
ABB.NS,2024-05-16,2024-06-18,8194.33,8195,8850,8443.98,8748.68,6.77,0.5106,1.624,3,248.98,3.038,8,2437.61,122.38,True,1930119.0200000003
BAJFINANCE.NS,2024-05-16,2024-06-18,663.15,665,715,682.68,720.9,8.71,0.3661,1.031,3,17.68,2.667,113,3651.61,182.73,True,1933770.6300000004
ABB.NS,2024-05-17,2024-06-19,8259.64,8260,8920,8507.67,8429.99,2.06,0.4701,1.622,3,247.67,2.999,8,-621.44,-31.36,False,1933149.1900000004
HDFCBANK.NS,2024-05-17,2024-06-19,710.53,710,750,723.62,804.56,13.23,0.1899,1.024,3,13.62,1.917,146,3851.21,193.65,True,1937000.4000000004
BAJFINANCE.NS,2024-05-17,2024-06-19,661.21,660,715,679.61,711.0,7.53,0.3652,0.777,4,19.61,2.966,101,3169.68,160.0,True,1940170.0800000003
ABREL.NS,2024-05-17,2024-06-19,2154.61,2155,2325,2218.03,2278.25,5.74,0.4344,1.305,3,63.03,2.926,31,1866.58,95.52,True,1942036.6600000004
ANANTRAJ.NS,2024-05-21,2024-06-20,386.87,385,415,395.19,438.64,13.38,0.2477,1.006,3,10.19,2.635,196,3881.8,194.26,True,1945918.4600000004
ABREL.NS,2024-05-21,2024-06-20,2158.39,2160,2330,2222.71,2262.72,4.83,0.4317,1.29,3,62.71,2.906,31,1240.31,63.8,True,1947158.7700000005
BAJFINANCE.NS,2024-05-22,2024-06-21,662.9,665,715,682.08,704.72,6.31,0.3291,0.661,3,17.08,2.577,117,2648.5,132.53,True,1949807.2700000005
HDFCBANK.NS,2024-05-23,2024-06-24,724.37,725,760,737.22,811.62,12.05,0.1819,1.071,4,12.22,1.686,163,3713.81,186.51,True,1953521.0800000005
RELIANCE.NS,2024-05-23,2024-06-24,1468.34,1470,1540,1494.17,1424.3,-3.0,0.1756,1.021,4,24.17,1.646,82,-1981.99,-100.0,False,1951539.0900000005
BAJFINANCE.NS,2024-05-23,2024-06-24,670.96,670,725,689.18,699.54,4.26,0.334,0.699,4,19.18,2.859,104,1077.49,54.01,True,1952616.5800000005
INFY.NS,2024-05-23,2024-06-24,1356.88,1355,1415,1376.42,1435.49,5.79,0.148,0.835,5,21.42,1.579,93,3587.79,180.09,True,1956204.3700000006
BHARTIARTL.NS,2024-05-23,2024-06-24,1355.11,1355,1430,1380.76,1400.23,3.33,0.1971,1.019,4,25.76,1.901,77,1499.17,75.59,True,1957703.5400000005
RELIANCE.NS,2024-05-24,2024-06-25,1462.61,1465,1535,1488.83,1436.82,-1.76,0.1745,0.951,3,23.83,1.63,83,-1978.22,-100.0,False,1955725.3200000005
BAJFINANCE.NS,2024-05-24,2024-06-25,671.97,670,725,689.45,698.81,3.99,0.3312,0.62,3,19.45,2.894,102,955.08,48.15,True,1956680.4000000006
HDFCBANK.NS,2024-05-24,2024-06-25,736.3,735,775,749.13,830.53,12.8,0.1907,1.03,3,14.13,1.919,141,3647.95,183.12,True,1960328.3500000006
APOLLO.NS,2024-05-24,2024-06-25,110.76,110,120,113.54,108.55,-1.99,0.3326,1.01,3,3.54,3.195,565,-1999.27,-100.0,False,1958329.0800000005
BAJFINANCE.NS,2024-05-27,2024-06-26,677.73,680,730,697.27,707.08,4.33,0.3338,0.654,3,17.27,2.547,115,1129.11,56.87,True,1959458.1900000006
BAJFINANCE.NS,2024-05-28,2024-06-27,675.53,675,710,686.85,707.93,4.8,0.1662,0.636,4,11.85,1.755,168,3540.42,177.78,True,1962998.6100000006
ABCAPITAL.NS,2024-05-29,2024-06-28,225.85,225,245,231.74,238.71,5.69,0.3066,0.803,4,6.74,2.985,296,2062.35,103.33,True,1965060.9600000007
ABREL.NS,2024-05-29,2024-06-28,2158.39,2160,2330,2222.52,2304.07,6.75,0.4251,1.054,3,62.52,2.896,31,2528.12,130.45,True,1967589.0800000008
ABB.NS,2024-05-30,2024-07-01,8154.37,8155,8805,8397.85,8472.81,3.91,0.4575,0.938,3,242.85,2.978,8,599.68,30.87,True,1968188.7600000007
ANANTRAJ.NS,2024-05-31,2024-07-02,384.48,385,415,394.46,480.32,24.93,0.2579,0.829,4,9.46,2.459,211,4334.82,217.26,True,1972523.5800000008
ABB.NS,2024-05-31,2024-07-02,8206.96,8205,8865,8451.44,8400.59,2.36,0.4564,0.855,4,246.44,3.003,8,-406.84,-20.64,False,1972116.7400000007
ANANDRATHI.NS,2024-05-31,2024-07-02,1036.41,1035,1085,1052.7,961.98,-7.18,0.1649,0.754,5,17.7,1.708,112,-1982.42,-100.0,False,1970134.3200000008
APOLLO.NS,2024-05-31,2024-07-02,106.31,105,115,108.7,104.9,-1.32,0.3437,0.965,3,3.7,3.482,540,-1999.13,-100.0,False,1968135.1900000009
AIIL.NS,2024-06-03,2024-07-03,184.66,185,200,190.77,226.97,22.91,0.6291,,4,5.77,3.126,346,3193.0,159.89,True,1971328.1900000009
HDFCBANK.NS,2024-06-03,2024-07-03,763.0,765,810,779.71,858.33,12.5,0.2122,1.14,4,14.71,1.928,135,4089.3,205.94,True,1975417.490000001
BHARTIARTL.NS,2024-06-03,2024-07-03,1371.92,1370,1440,1394.42,1400.28,2.07,0.1707,1.097,3,24.42,1.78,81,474.59,24.0,True,1975892.080000001
APOLLO.NS,2024-06-03,2024-07-03,108.71,110,115,111.84,104.84,-3.56,0.352,0.967,3,1.84,1.69,1088,-1998.46,-100.0,False,1973893.620000001
TITAN.NS,2024-06-03,2024-07-03,3230.21,3230,3490,3319.39,3339.21,3.37,0.326,0.876,4,89.39,2.767,22,436.05,22.17,True,1974329.670000001
ABCAPITAL.NS,2024-06-03,2024-07-03,229.55,230,250,236.32,237.56,3.49,0.302,0.881,4,6.32,2.753,316,391.74,19.61,True,1974721.410000001
RELIANCE.NS,2024-06-03,2024-07-03,1492.33,1490,1600,1526.93,1533.93,2.79,0.2544,1.134,4,36.93,2.474,54,378.0,18.96,True,1975099.410000001
ABB.NS,2024-06-03,2024-07-03,8611.53,8610,9300,8869.53,8502.85,-1.26,0.4743,0.972,3,259.53,3.014,7,-1816.71,-100.0,False,1973282.7000000011
BAJFINANCE.NS,2024-06-03,2024-07-03,679.7,680,725,694.67,717.02,5.49,0.2213,0.873,5,14.67,2.159,136,3039.07,152.28,True,1976321.7700000012
ANANTRAJ.NS,2024-06-03,2024-07-03,397.84,400,430,409.37,486.11,22.19,0.277,0.896,4,9.37,2.355,213,4394.39,220.2,True,1980716.160000001
ABREL.NS,2024-06-03,2024-07-03,2103.96,2105,2270,2167.45,2339.49,11.19,0.4897,1.076,3,62.45,2.968,32,3281.63,164.22,True,1983997.790000001
AIIL.NS,2024-06-04,2024-07-04,164.48,165,180,170.7,228.08,38.66,0.7587,,4,5.7,3.468,350,3253.74,162.99,True,1987251.530000001
BAJFINANCE.NS,2024-06-05,2024-07-05,671.95,670,725,689.83,705.09,4.93,0.3577,1.252,3,19.83,2.951,100,1526.07,76.97,True,1988777.600000001
TITAN.NS,2024-06-05,2024-07-05,3286.12,3285,3485,3352.69,3248.88,-1.13,0.212,1.197,3,67.69,2.06,29,-1963.07,-100.0,False,1986814.530000001
BAJFINANCE.NS,2024-06-06,2024-07-08,680.71,680,735,699.58,701.16,3.0,0.3584,1.283,4,19.58,2.877,102,161.16,8.07,True,1986975.6900000009
AIIL.NS,2024-06-06,2024-07-08,193.89,195,210,200.84,229.24,18.23,0.8715,,4,5.84,3.012,342,3132.58,156.83,True,1990108.270000001
HDFCBANK.NS,2024-06-06,2024-07-08,756.93,755,815,776.44,793.64,4.85,0.3338,1.503,3,21.44,2.833,93,1599.74,80.22,True,1991708.010000001
ABB.NS,2024-06-06,2024-07-08,7880.91,7880,8510,8127.12,8445.33,7.16,0.6759,1.647,3,247.12,3.136,8,2545.65,128.76,True,1994253.6600000008
RELIANCE.NS,2024-06-06,2024-07-08,1414.54,1415,1530,1455.99,1581.82,11.83,0.3817,1.483,4,40.99,2.898,48,3552.4,180.54,True,1997806.0600000008
TITAN.NS,2024-06-06,2024-07-08,3290.09,3290,3490,3357.31,3136.44,-4.67,0.2114,1.174,4,67.31,2.046,29,-1952.1,-100.0,False,1995853.9600000007
BHARTIARTL.NS,2024-06-06,2024-07-08,1351.7,1350,1460,1388.44,1415.36,4.71,0.3352,1.584,4,38.44,2.844,52,1399.87,70.03,True,1997253.8300000008
ANANTRAJ.NS,2024-06-06,2024-07-08,377.15,375,405,387.14,542.86,43.94,0.7537,1.558,3,12.14,3.218,164,2929.63,147.19,True,2000183.4600000007
ANANDRATHI.NS,2024-06-06,2024-07-08,989.39,990,1070,1017.4,1013.64,2.45,0.3317,1.283,3,27.4,2.769,72,-270.99,-13.74,False,1999912.4700000007
APOLLO.NS,2024-06-06,2024-07-08,105.71,105,115,108.62,106.95,1.17,0.3952,0.903,4,3.62,3.424,552,-920.8,-46.08,False,1998991.6700000006
ABCAPITAL.NS,2024-06-06,2024-07-08,228.55,230,245,235.78,230.93,1.04,0.5445,1.332,4,5.78,2.527,346,-1676.58,-83.9,False,1997315.0900000005
APOLLO.NS,2024-06-07,2024-07-09,106.86,105,115,108.96,107.02,0.15,0.3851,0.934,3,3.96,3.704,505,-978.18,-48.93,False,1996336.9100000006
TITAN.NS,2024-06-07,2024-07-09,3411.32,3410,3650,3489.86,3195.02,-6.34,0.2444,1.276,4,79.86,2.341,25,-1996.53,-100.0,False,1994340.3800000006
RELIANCE.NS,2024-06-07,2024-07-09,1452.43,1450,1570,1493.42,1571.33,8.19,0.3862,1.564,4,43.42,2.99,46,3522.53,176.35,True,1997862.9100000006
BHARTIARTL.NS,2024-06-07,2024-07-09,1405.6,1405,1520,1445.39,1415.76,0.72,0.3544,1.678,4,40.39,2.874,49,-1452.17,-73.37,False,1996410.7400000007
BAJFINANCE.NS,2024-06-07,2024-07-09,706.81,705,765,726.35,698.18,-1.22,0.3626,1.391,4,21.35,3.02,93,-1985.15,-100.0,False,1994425.5900000008
ABB.NS,2024-06-07,2024-07-09,7965.52,7965,8605,8215.42,8476.36,6.41,0.6642,1.661,3,250.42,3.144,7,1826.56,104.2,True,1996252.1500000008
ANANTRAJ.NS,2024-06-07,2024-07-09,389.81,390,420,401.89,525.3,34.76,0.7596,1.618,3,11.89,3.05,168,3042.88,152.36,True,1999295.0300000007
ABCAPITAL.NS,2024-06-07,2024-07-09,231.9,230,250,237.88,230.13,-0.76,0.5226,1.364,4,7.88,3.399,253,-1961.41,-98.35,False,1997333.6200000008
AIIL.NS,2024-06-07,2024-07-09,211.26,210,230,217.89,228.65,8.23,0.9075,,4,7.89,3.733,253,2722.74,136.47,True,2000056.3600000008
TITAN.NS,2024-06-10,2024-07-10,3389.68,3390,3625,3468.05,3204.81,-5.45,0.2432,1.309,3,78.05,2.303,25,-1951.22,-100.0,False,1998105.1400000008
APARINDS.NS,2024-06-10,2024-07-10,8125.21,8125,8775,8364.31,8580.2,5.6,0.4245,1.302,3,239.31,2.945,8,1727.1,90.21,True,1999832.240000001
ANANTRAJ.NS,2024-06-11,2024-07-11,422.43,420,455,434.08,502.66,18.99,0.7856,1.729,4,14.08,3.332,142,2971.07,148.63,True,2002803.310000001
ANANDRATHI.NS,2024-06-11,2024-07-11,964.74,965,1040,991.16,1025.25,6.27,0.3307,1.429,3,26.16,2.711,76,2590.72,130.32,True,2005394.030000001
ICICIBANK.NS,2024-06-11,2024-07-11,1100.17,1100,1190,1131.81,1218.48,10.75,0.3662,1.597,3,31.81,2.891,62,3607.77,182.93,True,2009001.800000001
HDFCBANK.NS,2024-06-11,2024-07-11,759.41,760,820,780.48,787.12,3.65,0.32,1.485,3,20.48,2.696,97,644.16,32.43,True,2009645.960000001
APARINDS.NS,2024-06-11,2024-07-11,8026.06,8025,8670,8262.61,8497.85,5.88,0.4269,1.38,3,237.61,2.96,8,1881.9,99.0,True,2011527.8600000008
ABB.NS,2024-06-11,2024-07-11,7987.23,7985,8625,8230.78,8345.09,4.48,0.5433,1.658,3,245.78,3.077,8,914.45,46.51,True,2012442.3100000008
ABCAPITAL.NS,2024-06-11,2024-07-11,234.11,235,255,242.28,226.34,-3.32,0.5049,1.311,3,7.28,3.108,274,-1993.65,-100.0,False,2010448.6600000008
ABCAPITAL.NS,2024-06-12,2024-07-12,234.22,235,255,242.29,224.75,-4.04,0.503,1.294,3,7.29,3.115,274,-1998.8,-100.0,False,2008449.8600000008
ANANDRATHI.NS,2024-06-12,2024-07-12,971.67,970,1050,997.88,989.15,1.8,0.3319,1.443,3,27.88,2.87,71,-619.96,-31.32,False,2007829.9000000008
ICICIBANK.NS,2024-06-12,2024-07-12,1101.5,1100,1190,1132.17,1213.02,10.12,0.3655,1.557,3,32.17,2.921,62,3585.46,179.76,True,2011415.3600000008
BHARTIARTL.NS,2024-06-12,2024-07-12,1418.57,1420,1530,1458.57,1413.49,-0.36,0.3449,1.621,3,38.57,2.719,51,-1966.9,-100.0,False,2009448.460000001
ANANTRAJ.NS,2024-06-12,2024-07-12,419.64,420,455,433.68,495.8,18.15,0.7869,1.751,4,13.68,3.261,146,3112.09,155.77,True,2012560.550000001
BAJFINANCE.NS,2024-06-12,2024-07-12,709.4,710,765,729.63,691.88,-2.47,0.3667,1.445,3,19.63,2.768,101,-1983.01,-100.0,False,2010577.540000001
RELIANCE.NS,2024-06-12,2024-07-12,1445.89,1445,1560,1486.74,1577.7,9.12,0.3856,1.575,3,41.74,2.887,47,3442.99,175.48,True,2014020.530000001
HDFCBANK.NS,2024-06-12,2024-07-12,763.94,765,825,785.39,787.5,3.08,0.3201,1.468,3,20.39,2.669,98,207.02,10.36,True,2014227.550000001
ABB.NS,2024-06-12,2024-07-12,8170.5,8170,8825,8421.43,8099.7,-0.87,0.5475,1.722,3,251.43,3.077,7,-1760.02,-100.0,False,2012467.530000001
AIIL.NS,2024-06-12,2024-07-12,216.89,215,235,223.0,224.07,3.31,0.8816,,3,8.0,3.688,250,268.2,13.41,True,2012735.730000001
APARINDS.NS,2024-06-13,2024-07-15,8410.16,8410,9085,8649.67,8725.25,3.75,0.3648,1.488,3,239.67,2.85,8,604.63,31.53,True,2013340.3600000008
ABB.NS,2024-06-14,2024-07-16,8899.64,8900,9610,9175.09,8122.45,-8.73,0.5903,1.865,3,275.09,3.091,7,-1925.61,-100.0,False,2011414.7500000007
ANANDRATHI.NS,2024-06-18,2024-07-18,993.95,995,1075,1022.43,956.76,-3.74,0.336,1.218,3,27.43,2.76,72,-1975.16,-100.0,False,2009439.5900000008
ANANTRAJ.NS,2024-06-18,2024-07-18,441.68,440,475,454.07,478.47,8.33,0.7955,1.747,4,14.07,3.185,142,2972.3,148.79,True,2012411.8900000008
HDFCBANK.NS,2024-06-18,2024-07-18,780.27,780,845,801.75,783.67,0.44,0.3103,1.277,3,21.75,2.788,91,-1645.48,-83.13,False,2010766.4100000008
ABB.NS,2024-06-18,2024-07-18,8748.68,8750,9450,9021.1,7787.82,-10.98,0.5948,1.805,3,271.1,3.099,7,-1897.69,-100.0,False,2008868.720000001
TITAN.NS,2024-06-18,2024-07-18,3554.9,3555,3815,3640.76,3241.68,-8.81,0.255,1.246,3,85.76,2.412,23,-1972.5,-100.0,False,2006896.220000001
ABREL.NS,2024-06-18,2024-07-18,2347.31,2345,2535,2420.14,2253.8,-3.98,0.7597,1.549,4,75.14,3.201,26,-1953.51,-100.0,False,2004942.710000001
ICICIBANK.NS,2024-06-18,2024-07-18,1104.74,1105,1195,1136.85,1230.14,11.35,0.3711,1.42,3,31.85,2.883,62,3605.04,182.54,True,2008547.750000001
ANANDRATHI.NS,2024-06-19,2024-07-19,989.13,990,1070,1017.44,944.17,-4.55,0.3365,0.861,3,27.44,2.774,72,-1975.88,-100.0,False,2006571.870000001
HDFCBANK.NS,2024-06-19,2024-07-19,804.56,805,870,827.08,780.03,-3.05,0.3218,1.063,4,22.08,2.744,90,-1987.07,-100.0,False,2004584.800000001
ICICIBANK.NS,2024-06-19,2024-07-19,1125.99,1125,1215,1157.5,1228.51,9.1,0.376,1.132,4,32.5,2.886,61,3507.46,176.92,True,2008092.260000001
ABREL.NS,2024-06-19,2024-07-19,2278.25,2280,2460,2350.97,2180.24,-4.3,0.7693,1.227,3,70.97,3.115,28,-1987.19,-100.0,False,2006105.070000001
APOLLO.NS,2024-06-20,2024-07-22,115.46,115,125,118.63,114.03,-1.24,0.3852,0.975,4,3.63,3.144,550,-1996.59,-100.0,False,2004108.480000001
ICICIBANK.NS,2024-06-20,2024-07-22,1138.14,1140,1230,1171.87,1221.13,7.29,0.3756,0.941,3,31.87,2.801,62,3054.14,154.55,True,2007162.6200000008
APARINDS.NS,2024-06-20,2024-07-22,8364.37,8365,9035,8603.7,8090.43,-3.28,0.3699,0.971,3,238.7,2.854,8,-1909.6,-100.0,False,2005253.0200000007
RELIANCE.NS,2024-06-20,2024-07-22,1456.14,1455,1575,1498.14,1482.79,1.83,0.3868,0.852,4,43.14,2.962,46,-705.74,-35.57,False,2004547.2800000007
HDFCBANK.NS,2024-06-20,2024-07-22,810.14,810,875,832.3,797.14,-1.61,0.321,0.912,3,22.3,2.752,89,-1984.5,-100.0,False,2002562.7800000007
INFY.NS,2024-06-20,2024-07-22,1424.45,1425,1525,1457.81,1702.17,19.5,0.2418,1.088,3,32.81,2.303,60,4031.67,204.83,True,2006594.4500000007
ABCAPITAL.NS,2024-06-20,2024-07-22,243.02,245,260,250.73,217.54,-10.48,0.511,1.015,4,5.73,2.358,349,-1999.55,-100.0,False,2004594.9000000006
ANANTRAJ.NS,2024-06-21,2024-07-23,439.53,440,475,453.78,514.68,17.1,0.7951,1.081,3,13.78,3.136,145,3076.55,153.95,True,2007671.4500000007
BHARTIARTL.NS,2024-06-21,2024-07-23,1396.53,1395,1510,1435.58,1445.49,3.51,0.3553,0.973,4,40.58,2.906,49,485.51,24.41,True,2008156.9600000007
ANGELONE.NS,2024-06-21,2024-07-23,252.57,255,275,262.44,214.88,-14.92,0.6376,0.671,5,7.44,2.945,268,-1993.63,-100.0,False,2006163.3300000008
AJMERA.NS,2024-06-21,2024-07-23,140.36,140,150,143.93,139.45,-0.65,0.4661,0.666,4,3.93,2.8,508,-1996.8,-100.0,False,2004166.5300000007
INFY.NS,2024-06-21,2024-07-23,1440.71,1440,1540,1473.39,1726.65,19.85,0.2414,1.054,3,33.39,2.318,59,3929.72,199.45,True,2008096.2500000007
APOLLO.NS,2024-06-21,2024-07-23,112.04,110,120,114.07,111.61,-0.38,0.3998,1.029,3,4.07,3.63,491,-1208.68,-60.52,False,2006887.5700000008
ICICIBANK.NS,2024-06-21,2024-07-23,1139.96,1140,1230,1172.22,1206.97,5.88,0.3689,0.932,3,32.22,2.826,62,2154.38,107.85,True,2009041.9500000007
AIIL.NS,2024-06-21,2024-07-23,226.02,225,245,232.93,199.19,-11.87,0.9305,,3,7.93,3.508,252,-1997.82,-100.0,False,2007044.1300000006
BHARTIARTL.NS,2024-06-24,2024-07-24,1400.23,1400,1510,1439.1,1435.14,2.49,0.3537,0.873,4,39.1,2.792,51,-201.89,-10.13,False,2006842.2400000007
AJMERA.NS,2024-06-24,2024-07-24,142.19,140,155,145.75,144.21,1.42,0.4665,0.637,4,5.75,4.046,347,-535.82,-26.84,False,2006306.4200000006
ANGELONE.NS,2024-06-24,2024-07-24,249.18,250,270,257.67,210.84,-15.38,0.639,0.638,4,7.67,3.078,260,-1993.9,-100.0,False,2004312.5200000007
AIIL.NS,2024-06-24,2024-07-24,228.8,230,245,235.98,204.42,-10.66,0.9277,,3,5.98,2.612,334,-1995.85,-100.0,False,2002316.6700000006
ANANTRAJ.NS,2024-06-24,2024-07-24,448.01,450,485,463.63,517.78,15.57,0.7934,1.096,3,13.63,3.043,146,3119.66,156.74,True,2005436.3300000005
TCS.NS,2024-06-24,2024-07-24,3537.82,3540,3710,3598.22,4000.77,13.09,0.168,0.797,4,58.22,1.646,34,3800.58,192.0,True,2009236.9100000006
INFY.NS,2024-06-24,2024-07-24,1435.49,1435,1535,1468.24,1723.88,20.09,0.2409,0.863,3,33.24,2.315,60,4005.7,200.86,True,2013242.6100000006
ICICIBANK.NS,2024-06-25,2024-07-25,1178.63,1180,1275,1213.62,1178.58,-0.0,0.3777,0.991,3,33.62,2.852,59,-1983.34,-100.0,False,2011259.2700000005
HDFCBANK.NS,2024-06-25,2024-07-25,830.53,830,895,852.63,784.54,-5.54,0.3206,0.985,4,22.63,2.724,88,-1991.09,-100.0,False,2009268.1800000004
INFY.NS,2024-06-25,2024-07-25,1449.4,1450,1550,1483.08,1715.32,18.35,0.242,0.823,3,33.08,2.282,60,4015.45,202.34,True,2013283.6300000004
APARINDS.NS,2024-06-25,2024-07-25,8407.49,8405,9080,8646.29,7883.34,-6.23,0.371,0.982,4,241.29,2.87,8,-1930.36,-100.0,False,2011353.2700000003
TCS.NS,2024-06-25,2024-07-25,3557.89,3560,3730,3618.56,4015.86,12.87,0.1694,0.792,4,58.56,1.646,34,3788.92,190.3,True,2015142.1900000002
ABCAPITAL.NS,2024-06-26,2024-07-26,237.6,240,255,245.63,223.43,-5.96,0.5124,0.824,4,5.63,2.371,354,-1994.49,-100.0,False,2013147.7000000002
RELIANCE.NS,2024-06-26,2024-07-26,1495.98,1495,1615,1539.06,1491.04,-0.33,0.4107,0.917,4,44.06,2.946,45,-1982.92,-100.0,False,2011164.7800000003
ABB.NS,2024-06-26,2024-07-26,8278.88,8280,8940,8536.22,7746.48,-6.43,0.6039,1.099,3,256.22,3.095,7,-1793.57,-100.0,False,2009371.2100000002
AIIL.NS,2024-06-26,2024-07-26,229.05,230,245,236.0,209.61,-8.48,0.9001,,3,6.0,2.62,333,-1998.6,-100.0,False,2007372.61
ANGELONE.NS,2024-06-26,2024-07-26,251.17,250,270,258.0,205.85,-18.04,0.6383,0.654,3,8.0,3.184,250,-1999.6,-100.0,False,2005373.01
TCS.NS,2024-06-26,2024-07-26,3574.02,3575,3750,3635.07,4076.58,14.06,0.1701,0.786,4,60.07,1.681,33,3792.53,191.3,True,2009165.54
BHARTIARTL.NS,2024-06-26,2024-07-26,1439.38,1440,1555,1480.78,1493.52,3.76,0.3666,1.011,3,40.78,2.833,49,624.43,31.25,True,2009789.97
BAJFINANCE.NS,2024-06-26,2024-07-26,707.08,705,765,726.6,670.69,-5.15,0.3745,0.804,4,21.6,3.054,92,-1986.78,-100.0,False,2007803.19
BAJFINANCE.NS,2024-06-27,2024-07-29,707.93,710,765,729.31,672.93,-4.94,0.3718,0.797,4,19.31,2.728,103,-1989.11,-100.0,False,2005814.0799999998
ABREL.NS,2024-06-27,2024-07-29,2264.17,2265,2445,2336.05,2331.64,2.98,0.7775,0.995,3,71.05,3.138,28,-123.42,-6.2,False,2005690.66
TCS.NS,2024-06-27,2024-07-29,3646.59,3645,3835,3710.49,4070.31,11.62,0.1798,0.856,5,65.49,1.796,30,3735.22,190.11,True,2009425.88
BHARTIARTL.NS,2024-06-27,2024-07-29,1455.45,1455,1570,1496.25,1460.93,0.38,0.3677,1.054,4,41.25,2.834,48,-1695.63,-85.63,False,2007730.25
INFY.NS,2024-06-27,2024-07-29,1478.92,1480,1580,1513.26,1758.8,18.92,0.2427,0.9,4,33.26,2.249,60,4004.29,200.64,True,2011734.54
ABB.NS,2024-06-27,2024-07-29,8527.71,8530,9210,8794.13,7867.89,-7.74,0.6119,1.127,4,264.13,3.097,7,-1848.93,-100.0,False,2009885.61
RELIANCE.NS,2024-06-27,2024-07-29,1512.31,1510,1635,1555.75,1501.99,-0.68,0.409,0.947,4,45.75,3.025,43,-1967.37,-100.0,False,2007918.24
ABREL.NS,2024-06-28,2024-07-30,2304.07,2305,2490,2377.81,2344.91,1.77,0.7563,0.951,3,72.81,3.16,27,-888.42,-45.19,False,2007029.82
ANANDRATHI.NS,2024-06-28,2024-07-30,967.45,965,1045,993.05,931.69,-3.7,0.331,0.743,5,28.05,2.9,71,-1991.67,-100.0,False,2005038.1500000001
APARINDS.NS,2024-06-28,2024-07-30,8372.12,8370,9040,8607.88,9001.01,7.51,0.3601,0.848,4,237.88,2.841,8,3145.06,165.27,True,2008183.2100000002
INFY.NS,2024-06-28,2024-07-30,1472.72,1475,1570,1506.38,1764.49,19.81,0.2321,0.921,3,31.38,2.13,63,4008.31,202.78,True,2012191.5200000003
RELIANCE.NS,2024-06-28,2024-07-30,1546.75,1545,1670,1590.98,1495.12,-3.34,0.411,1.064,3,45.98,2.973,43,-1977.11,-100.0,False,2010214.4100000001
ABCAPITAL.NS,2024-07-01,2024-07-31,240.2,240,260,247.56,226.88,-5.55,0.5072,0.875,4,7.56,3.148,264,-1996.06,-100.0,False,2008218.35
HDFCBANK.NS,2024-07-01,2024-07-31,827.54,830,895,851.71,784.13,-5.25,0.32,1.068,3,21.71,2.623,92,-1996.9,-100.0,False,2006221.4500000002
ANANDRATHI.NS,2024-07-01,2024-07-31,970.63,970,1050,997.45,935.39,-3.63,0.3274,0.783,4,27.45,2.828,72,-1976.33,-100.0,False,2004245.12
TCS.NS,2024-07-02,2024-08-01,3723.76,3725,3895,3784.16,4085.17,9.71,0.1615,0.963,3,59.16,1.589,33,3657.62,187.34,True,2007902.7400000002
INFY.NS,2024-07-02,2024-08-01,1523.76,1525,1625,1558.4,1741.41,14.28,0.2372,1.123,3,33.4,2.192,59,3929.28,199.38,True,2011832.0200000003
ABCAPITAL.NS,2024-07-02,2024-08-01,236.56,235,255,242.81,220.09,-6.96,0.5046,0.775,4,7.81,3.303,255,-1992.25,-100.0,False,2009839.7700000003
ANANDRATHI.NS,2024-07-02,2024-08-01,961.98,960,1040,987.58,921.5,-4.21,0.3202,0.785,3,27.58,2.867,72,-1985.68,-100.0,False,2007854.0900000003
HDFCBANK.NS,2024-07-02,2024-08-01,839.87,840,905,862.36,795.32,-5.3,0.3126,1.101,3,22.36,2.662,89,-1990.1,-100.0,False,2005863.9900000002
AJMERA.NS,2024-07-02,2024-08-01,137.97,140,150,143.45,146.73,6.35,0.463,0.731,4,3.45,2.499,580,1904.83,95.25,True,2007768.8200000003
ANANDRATHI.NS,2024-07-03,2024-08-02,960.9,960,1020,980.47,919.03,-4.36,0.2182,0.758,3,20.47,2.13,97,-1985.32,-100.0,False,2005783.5000000002
HDFCBANK.NS,2024-07-03,2024-08-02,858.33,860,910,876.59,805.19,-6.19,0.2108,1.086,4,16.59,1.933,120,-1990.68,-100.0,False,2003792.8200000003
APARINDS.NS,2024-07-03,2024-08-02,8565.92,8565,9250,8790.51,8519.29,-0.54,0.2831,0.727,4,225.51,2.633,8,-1804.11,-100.0,False,2001988.7100000002
INFY.NS,2024-07-03,2024-08-02,1529.73,1530,1630,1563.42,1711.89,11.91,0.2302,1.181,3,33.42,2.185,59,3928.05,199.2,True,2005916.7600000002
AJMERA.NS,2024-07-03,2024-08-02,141.03,140,150,143.93,142.92,1.34,0.3524,0.731,5,3.93,2.789,508,-514.06,-25.73,False,2005402.7000000002
HDFCBANK.NS,2024-07-04,2024-08-05,838.19,840,885,854.97,784.13,-6.45,0.1943,1.137,3,14.97,1.786,133,-1991.28,-100.0,False,2003411.4200000002
ICICIBANK.NS,2024-07-04,2024-08-05,1213.12,1215,1280,1236.8,1153.69,-4.9,0.1923,1.081,3,21.8,1.797,91,-1984.12,-100.0,False,2001427.3
ANANDRATHI.NS,2024-07-04,2024-08-05,965.4,965,1010,980.72,888.94,-7.92,0.1601,0.768,3,15.72,1.628,127,-1996.28,-100.0,False,1999431.02
ABCAPITAL.NS,2024-07-04,2024-08-05,237.38,235,255,242.11,206.05,-13.2,0.262,0.652,4,7.11,2.995,281,-1997.78,-100.0,False,1997433.24
APARINDS.NS,2024-07-04,2024-08-05,8493.45,8495,9175,8719.4,8115.03,-4.46,0.2883,0.793,5,224.4,2.642,8,-1795.21,-100.0,False,1995638.03
AJMERA.NS,2024-07-04,2024-08-05,141.81,140,155,145.22,138.34,-2.45,0.3265,0.72,4,5.22,3.679,383,-1998.2,-100.0,False,1993639.83
ANANDRATHI.NS,2024-07-05,2024-08-06,992.8,995,1045,1011.98,884.93,-10.87,0.1908,0.805,5,16.98,1.711,117,-1987.19,-100.0,False,1991652.6400000001
ICICIBANK.NS,2024-07-05,2024-08-06,1213.51,1215,1280,1236.95,1148.03,-5.4,0.1926,1.086,3,21.95,1.809,91,-1997.71,-100.0,False,1989654.9300000002
ANANTRAJ.NS,2024-07-05,2024-08-06,513.19,515,555,529.48,498.65,-2.83,0.4312,1.172,3,14.48,2.821,138,-1997.85,-100.0,False,1987657.08
AJMERA.NS,2024-07-05,2024-08-06,143.38,145,155,148.21,137.07,-4.4,0.326,0.805,4,3.21,2.237,623,-1997.85,-100.0,False,1985659.23
APARINDS.NS,2024-07-05,2024-08-06,8755.58,8755,9455,8990.27,8027.39,-8.32,0.3009,0.815,3,235.27,2.687,8,-1882.17,-100.0,False,1983777.06
BHARTIARTL.NS,2024-07-05,2024-08-06,1409.99,1410,1515,1444.68,1423.65,0.97,0.2618,1.167,3,34.68,2.46,57,-1198.96,-60.65,False,1982578.1
ANANDRATHI.NS,2024-07-08,2024-08-07,1013.64,1015,1065,1032.2,888.13,-12.38,0.1839,0.849,5,17.2,1.697,116,-1995.36,-100.0,False,1980582.74
BHARTIARTL.NS,2024-07-08,2024-08-07,1415.36,1415,1505,1445.32,1429.8,1.02,0.2227,1.119,3,30.32,2.142,65,-1009.14,-51.2,False,1979573.6
AIIL.NS,2024-07-08,2024-08-07,229.24,230,250,237.15,215.56,-5.97,0.4715,0.702,4,7.15,3.12,279,-1995.59,-100.0,False,1977578.01
AJMERA.NS,2024-07-08,2024-08-07,147.73,150,160,152.84,138.2,-6.45,0.2728,0.908,3,2.84,1.922,704,-1998.95,-100.0,False,1975579.06
RELIANCE.NS,2024-07-08,2024-08-07,1581.82,1580,1680,1613.7,1447.37,-8.5,0.2121,1.093,3,33.7,2.13,59,-1988.19,-100.0,False,1973590.87
APARINDS.NS,2024-07-08,2024-08-07,8691.75,8690,9340,8904.35,8186.67,-5.81,0.26,0.792,4,214.35,2.466,9,-1929.17,-100.0,False,1971661.7000000002
ANANTRAJ.NS,2024-07-08,2024-08-07,542.86,545,585,559.8,509.04,-6.23,0.4512,1.234,4,14.8,2.726,135,-1997.69,-100.0,False,1969664.0100000002
AJMERA.NS,2024-07-09,2024-08-08,150.08,150,160,153.54,140.39,-6.45,0.2754,0.896,4,3.54,2.362,564,-1999.26,-100.0,False,1967664.7500000002
ANANDRATHI.NS,2024-07-09,2024-08-08,1020.02,1020,1070,1037.43,887.41,-13.0,0.1753,0.875,5,17.43,1.709,114,-1987.37,-100.0,False,1965677.3800000001
AIIL.NS,2024-07-09,2024-08-08,228.65,230,245,235.66,246.4,7.76,0.4642,0.712,4,5.66,2.474,353,3298.09,165.16,True,1968975.4700000002
RELIANCE.NS,2024-07-09,2024-08-08,1571.33,1570,1670,1603.6,1431.86,-8.88,0.2154,1.115,3,33.6,2.138,59,-1982.41,-100.0,False,1966993.0600000003
BHARTIARTL.NS,2024-07-09,2024-08-08,1415.76,1415,1505,1445.46,1439.76,1.7,0.2227,1.093,3,30.46,2.151,65,-370.24,-18.7,False,1966622.8200000003
ANANDRATHI.NS,2024-07-10,2024-08-09,1020.06,1020,1070,1037.39,897.25,-12.04,0.1736,0.962,3,17.39,1.705,115,-1999.99,-100.0,False,1964622.8300000003
AIIL.NS,2024-07-10,2024-08-09,229.92,230,250,237.29,282.15,22.72,0.4639,0.746,4,7.29,3.171,274,3482.63,174.36,True,1968105.4600000002
BHARTIARTL.NS,2024-07-10,2024-08-09,1425.13,1425,1515,1455.39,1451.96,1.88,0.2238,0.961,3,30.39,2.132,65,-222.88,-11.28,False,1967882.5800000003
ICICIBANK.NS,2024-07-10,2024-08-09,1223.15,1225,1290,1246.9,1152.71,-5.76,0.1923,0.975,3,21.9,1.791,91,-1993.31,-100.0,False,1965889.2700000003
AIIL.NS,2024-07-11,2024-08-12,226.81,225,245,232.68,290.71,28.17,0.4522,0.684,3,7.68,3.386,260,3203.43,160.45,True,1969092.7000000002
ANANDRATHI.NS,2024-07-11,2024-08-12,1025.25,1025,1075,1042.48,904.66,-11.76,0.173,0.954,3,17.48,1.705,114,-1992.41,-100.0,False,1967100.2900000003
INFY.NS,2024-07-12,2024-08-13,1609.01,1610,1685,1635.9,1689.57,5.01,0.1652,1.261,4,25.9,1.61,77,3780.89,189.6,True,1970881.1800000002
TCS.NS,2024-07-12,2024-08-13,3878.14,3880,4185,3979.74,3899.22,0.54,0.2777,1.23,4,99.74,2.572,20,-1610.39,-80.73,False,1969270.7900000003
APARINDS.NS,2024-07-15,2024-08-14,8725.25,8725,9255,8903.67,8206.03,-5.95,0.2121,0.836,5,178.67,2.048,11,-1965.34,-100.0,False,1967305.4500000002
INFY.NS,2024-07-15,2024-08-14,1604.6,1605,1680,1631.04,1713.82,6.81,0.1647,1.196,3,26.04,1.623,76,3721.24,188.06,True,1971026.6900000002
TCS.NS,2024-07-15,2024-08-14,3864.46,3865,4165,3963.51,3990.55,3.26,0.2729,1.186,4,98.51,2.549,20,540.75,27.45,True,1971567.4400000002
BHARTIARTL.NS,2024-07-16,2024-08-16,1446.28,1445,1540,1477.28,1471.25,1.73,0.2317,0.614,4,32.28,2.232,61,-367.64,-18.67,False,1971199.8000000003
APARINDS.NS,2024-07-16,2024-08-16,8920.34,8920,9485,9109.22,8325.34,-6.67,0.22,0.867,4,189.22,2.121,10,-1892.23,-100.0,False,1969307.5700000003
BHARTIARTL.NS,2024-07-18,2024-08-19,1463.2,1465,1550,1493.6,1457.47,-0.39,0.2113,0.622,4,28.6,1.954,69,-1973.12,-100.0,False,1967334.4500000002
INFY.NS,2024-07-18,2024-08-19,1652.53,1655,1735,1681.92,1752.88,6.07,0.1701,1.191,4,26.92,1.629,74,3927.59,197.13,True,1971262.0400000003
TCS.NS,2024-07-18,2024-08-19,4000.12,4000,4320,4105.67,4171.48,4.28,0.2864,1.312,3,105.67,2.642,18,1184.66,62.28,True,1972446.7000000002
ICICIBANK.NS,2024-07-18,2024-08-19,1230.14,1230,1295,1252.07,1166.9,-5.14,0.1787,0.859,4,22.07,1.794,90,-1986.23,-100.0,False,1970460.4700000002
RELIANCE.NS,2024-07-18,2024-08-19,1567.77,1570,1665,1601.22,1475.66,-5.88,0.2109,0.953,3,31.22,1.992,64,-1998.33,-100.0,False,1968462.1400000001
ICICIBANK.NS,2024-07-19,2024-08-20,1228.51,1230,1290,1250.57,1170.42,-4.73,0.1782,0.78,4,20.57,1.674,97,-1994.82,-100.0,False,1966467.32
INFY.NS,2024-07-19,2024-08-20,1685.34,1685,1770,1714.3,1759.83,4.42,0.1743,1.323,4,29.3,1.739,68,3096.24,155.4,True,1969563.56
ICICIBANK.NS,2024-07-22,2024-08-21,1221.13,1220,1285,1242.46,1165.85,-4.53,0.1815,0.757,3,22.46,1.839,89,-1999.03,-100.0,False,1967564.53
ANANTRAJ.NS,2024-07-22,2024-08-21,509.34,510,550,525.19,593.64,16.55,0.5194,1.321,4,15.19,2.982,131,3250.16,163.34,True,1970814.69
BHARTIARTL.NS,2024-07-23,2024-08-22,1445.49,1445,1530,1473.71,1474.03,1.97,0.2011,0.708,4,28.71,1.986,69,22.16,1.12,True,1970836.8499999999
ANANTRAJ.NS,2024-07-23,2024-08-22,514.68,515,555,530.29,584.55,13.57,0.5177,1.327,4,15.29,2.97,130,3212.7,161.66,True,1974049.5499999998
INFY.NS,2024-07-24,2024-08-23,1723.88,1725,1810,1754.06,1750.34,1.53,0.1735,1.399,3,29.06,1.686,68,-253.32,-12.82,False,1973796.2299999997
APOLLO.NS,2024-07-26,2024-08-27,120.58,120,130,123.81,104.86,-13.04,0.442,1.446,4,3.81,3.158,525,-1999.24,-100.0,False,1971796.9899999998
BHARTIARTL.NS,2024-07-26,2024-08-27,1493.52,1495,1590,1526.73,1510.13,1.11,0.2297,0.867,5,31.73,2.125,63,-1046.23,-52.33,False,1970750.7599999998
ABREL.NS,2024-07-26,2024-08-27,2340.42,2340,2530,2408.03,2505.18,7.04,0.381,0.99,3,68.03,2.907,29,2817.3,142.79,True,1973568.0599999998
BHARTIARTL.NS,2024-07-29,2024-08-28,1460.93,1460,1555,1492.23,1543.45,5.65,0.2302,0.92,3,32.23,2.206,62,3175.55,158.92,True,1976743.6099999999
TITAN.NS,2024-07-29,2024-08-28,3390.34,3390,3660,3483.57,3505.41,3.39,0.3297,1.147,4,93.57,2.76,21,458.76,23.35,True,1977202.3699999999
APOLLO.NS,2024-07-29,2024-08-28,121.84,120,130,124.12,105.78,-13.18,0.4419,1.487,3,4.12,3.379,485,-1996.91,-100.0,False,1975205.46
ABREL.NS,2024-07-29,2024-08-28,2331.64,2330,2520,2398.08,2485.68,6.61,0.3767,1.017,3,68.08,2.92,29,2540.51,128.68,True,1977745.97
TCS.NS,2024-07-29,2024-08-28,4070.31,4070,4395,4176.87,4186.39,2.85,0.2819,1.099,3,106.87,2.626,18,171.34,8.91,True,1977917.31
APARINDS.NS,2024-07-30,2024-08-29,9001.01,9000,9720,9270.68,8894.44,-1.18,0.473,1.439,3,270.68,3.007,7,-1894.79,-100.0,False,1976022.52
APARINDS.NS,2024-07-31,2024-08-30,9119.03,9120,9850,9394.05,9109.57,-0.1,0.4738,1.544,3,274.05,3.005,7,-1918.33,-100.0,False,1974104.19
ANGELONE.NS,2024-08-01,2024-09-02,216.27,215,235,222.05,247.48,14.43,0.3534,1.055,3,7.05,3.261,283,3664.22,183.6,True,1977768.41
TCS.NS,2024-08-01,2024-09-02,4085.17,4085,4405,4189.64,4200.33,2.82,0.2712,0.961,3,104.64,2.562,19,203.03,10.21,True,1977971.44
BHARTIARTL.NS,2024-08-01,2024-09-02,1484.74,1485,1575,1515.52,1558.32,4.96,0.2173,0.938,3,30.52,2.056,65,2782.05,140.23,True,1980753.49
TITAN.NS,2024-08-01,2024-09-02,3446.63,3445,3720,3540.52,3565.09,3.44,0.3286,1.195,3,95.52,2.771,20,491.36,25.72,True,1981244.85
ANGELONE.NS,2024-08-02,2024-09-03,216.98,215,235,222.29,245.96,13.36,0.3539,1.086,4,7.29,3.358,274,3483.52,174.48,True,1984728.37
TCS.NS,2024-08-07,2024-09-06,3902.47,3900,4215,4007.54,4140.59,6.1,0.3134,1.127,3,107.54,2.756,18,2395.01,123.73,True,1987123.3800000001
ANANTRAJ.NS,2024-08-07,2024-09-06,509.04,510,550,524.6,612.66,20.36,0.4264,0.969,3,14.6,2.867,137,3480.38,174.05,True,1990603.76
ANGELONE.NS,2024-08-07,2024-09-06,208.08,210,225,215.32,233.37,12.15,0.4361,0.97,3,5.32,2.557,375,3630.02,181.96,True,1994233.78
ANGELONE.NS,2024-08-08,2024-09-09,207.89,210,225,215.28,237.38,14.19,0.4352,0.968,3,5.28,2.538,379,3685.29,184.29,True,1997919.07
ABB.NS,2024-08-08,2024-09-09,7836.32,7835,8465,8059.62,7509.66,-4.17,0.3696,0.853,5,224.62,2.866,8,-1796.97,-100.0,False,1996122.1
ANANTRAJ.NS,2024-08-08,2024-09-09,519.18,520,560,534.55,607.87,17.08,0.404,1.003,3,14.55,2.802,137,3487.2,174.99,True,1999609.3
AIIL.NS,2024-08-08,2024-09-09,246.4,245,265,253.02,322.86,31.03,0.6459,1.046,4,8.02,3.253,249,2984.05,149.51,True,2002593.35
HDFCBANK.NS,2024-08-08,2024-09-09,797.21,795,840,810.61,799.05,0.23,0.18,1.005,3,15.61,1.958,128,-1479.47,-74.03,False,2001113.8800000001
BHARTIARTL.NS,2024-08-09,2024-09-10,1451.96,1450,1550,1483.92,1564.77,7.77,0.2412,0.918,3,33.92,2.336,58,3832.37,194.77,True,2004946.2500000002
ABCAPITAL.NS,2024-08-09,2024-09-10,211.8,210,230,216.88,217.42,2.65,0.3038,0.959,3,6.88,3.249,290,156.31,7.83,True,2005102.5600000003
ANANTRAJ.NS,2024-08-09,2024-09-10,519.18,520,560,534.54,608.82,17.27,0.4038,0.975,3,14.54,2.802,137,3487.35,175.01,True,2008589.9100000004
TCS.NS,2024-08-09,2024-09-10,3928.76,3930,4245,4035.95,4188.07,6.6,0.3067,1.09,3,105.95,2.697,18,2738.03,143.57,True,2011327.9400000004
AIIL.NS,2024-08-09,2024-09-10,282.15,280,305,290.02,325.02,15.19,0.7936,1.236,4,10.02,3.551,199,2981.23,149.53,True,2014309.1700000004
ABREL.NS,2024-08-09,2024-09-10,2185.18,2185,2360,2247.34,2478.4,13.42,0.3676,0.776,4,62.34,2.853,32,3605.05,180.71,True,2017914.2200000004
ABB.NS,2024-08-09,2024-09-10,7865.72,7865,8495,8089.77,7445.24,-5.35,0.3697,0.872,4,224.77,2.858,8,-1798.16,-100.0,False,2016116.0600000005
ABB.NS,2024-08-12,2024-09-11,7572.29,7570,8180,7788.91,7478.09,-1.24,0.3786,0.917,3,218.91,2.891,9,-1970.21,-100.0,False,2014145.8500000006
HDFCBANK.NS,2024-08-12,2024-09-11,805.65,805,845,819.22,797.79,-0.98,0.181,0.978,3,14.22,1.766,140,-1991.47,-100.0,False,2012154.3800000006
AIIL.NS,2024-08-12,2024-09-11,290.71,290,315,299.86,317.62,9.26,0.7914,1.323,4,9.86,3.392,202,3058.26,153.55,True,2015212.6400000006
ANGELONE.NS,2024-08-12,2024-09-11,203.41,205,220,210.38,231.62,13.87,0.4472,1.028,3,5.38,2.644,371,3569.78,178.92,True,2018782.4200000006
ABREL.NS,2024-08-12,2024-09-11,2200.99,2200,2375,2262.36,2606.46,18.42,0.3594,0.726,4,62.36,2.833,32,3604.57,180.64,True,2022386.9900000007
TCS.NS,2024-08-12,2024-09-11,3898.01,3900,4135,3978.51,4161.59,6.76,0.2101,1.09,3,78.51,2.014,25,3912.21,199.32,True,2026299.2000000007
ABCAPITAL.NS,2024-08-12,2024-09-11,212.59,215,230,219.66,213.86,0.6,0.3045,1.003,3,4.66,2.19,429,-1997.25,-100.0,False,2024301.9500000007
APARINDS.NS,2024-08-13,2024-09-12,8420.24,8420,9095,8677.62,10034.94,19.18,0.5251,1.002,3,257.62,3.06,7,2921.67,162.02,True,2027223.6200000006
HDFCBANK.NS,2024-08-13,2024-09-12,778.04,780,825,795.11,808.81,3.95,0.2217,1.024,4,15.11,1.942,132,1808.29,90.66,True,2029031.9100000006
ABREL.NS,2024-08-13,2024-09-12,2195.15,2195,2370,2256.72,2775.77,26.45,0.3517,0.725,4,61.72,2.812,32,3624.99,183.54,True,2032656.9000000006
RELIANCE.NS,2024-08-13,2024-09-12,1446.19,1445,1540,1476.92,1467.13,1.45,0.225,0.732,4,31.92,2.207,62,-606.81,-30.66,False,2032050.0900000005
ANGELONE.NS,2024-08-13,2024-09-12,202.33,200,220,207.57,233.16,15.24,0.442,1.051,3,7.57,3.74,264,3282.39,164.32,True,2035332.4800000004
TCS.NS,2024-08-14,2024-09-13,3990.55,3990,4245,4075.81,4201.77,5.29,0.2246,1.129,3,85.81,2.15,23,2897.13,146.8,True,2038229.6100000003
BHARTIARTL.NS,2024-08-14,2024-09-13,1459.5,1460,1555,1491.85,1620.9,11.06,0.2325,0.896,4,31.85,2.182,62,3915.46,198.3,True,2042145.0700000003
RELIANCE.NS,2024-08-16,2024-09-16,1460.59,1460,1555,1491.91,1458.75,-0.13,0.2261,0.886,3,31.91,2.185,62,-1978.58,-100.0,False,2040166.4900000002
TCS.NS,2024-08-16,2024-09-16,4102.78,4105,4360,4189.9,4193.08,2.2,0.2167,1.232,4,84.9,2.069,23,73.22,3.75,True,2040239.7100000002
ANANDRATHI.NS,2024-08-16,2024-09-16,891.76,890,945,908.84,979.19,9.8,0.2065,0.863,3,18.84,2.113,106,3832.7,191.89,True,2044072.4100000001
BHARTIARTL.NS,2024-08-16,2024-09-16,1471.25,1470,1570,1503.36,1621.89,10.24,0.2305,0.967,3,33.36,2.267,59,3932.01,199.8,True,2048004.4200000002
RELIANCE.NS,2024-08-19,2024-09-17,1475.66,1475,1570,1506.9,1459.69,-1.08,0.2223,0.911,4,31.9,2.162,62,-1977.64,-100.0,False,2046026.7800000003
ANGELONE.NS,2024-08-19,2024-09-17,226.3,225,245,232.67,247.24,9.25,0.5005,1.077,4,7.67,3.389,260,3206.02,160.78,True,2049232.8000000003
INFY.NS,2024-08-19,2024-09-17,1752.88,1755,1885,1797.61,1835.36,4.71,0.2666,1.253,3,42.61,2.431,46,1736.34,88.58,True,2050969.1400000004
APARINDS.NS,2024-08-19,2024-09-17,8249.01,8250,8910,8493.47,10071.62,22.09,0.4312,0.825,4,243.47,2.952,8,3332.2,171.08,True,2054301.3400000003
TCS.NS,2024-08-19,2024-09-17,4171.48,4170,4440,4260.44,4186.02,0.35,0.2233,1.196,3,90.44,2.168,22,-1637.13,-82.28,False,2052664.2100000004
ANGELONE.NS,2024-08-20,2024-09-18,260.68,260,280,268.01,252.88,-2.99,0.6949,1.312,4,8.01,3.073,249,-1994.5,-100.0,False,2050669.7100000004
RELIANCE.NS,2024-08-20,2024-09-18,1483.14,1485,1560,1510.59,1450.92,-2.17,0.1843,0.734,3,25.59,1.725,78,-1995.64,-100.0,False,2048674.0700000005
AIIL.NS,2024-08-21,2024-09-19,319.71,320,345,329.88,328.87,2.87,0.7949,1.811,3,9.88,3.09,202,-203.9,-10.22,False,2048470.1700000006
TITAN.NS,2024-08-21,2024-09-19,3538.11,3540,3775,3617.91,3757.28,6.19,0.2332,0.962,3,77.91,2.202,25,3484.15,178.88,True,2051954.3200000005
RELIANCE.NS,2024-08-21,2024-09-19,1485.84,1485,1565,1512.31,1457.09,-1.94,0.1816,0.703,3,27.31,1.838,73,-1993.57,-100.0,False,2049960.7500000005
HDFCBANK.NS,2024-08-21,2024-09-19,789.01,790,835,805.2,829.14,5.09,0.2089,0.845,5,15.2,1.926,131,3137.08,157.58,True,2053097.8300000005
ANGELONE.NS,2024-08-21,2024-09-19,260.97,260,280,268.05,244.01,-6.5,0.6831,1.363,4,8.05,3.084,248,-1995.71,-100.0,False,2051102.1200000006
ABREL.NS,2024-08-21,2024-09-19,2300.22,2300,2485,2367.06,2783.4,21.01,0.397,0.874,5,67.06,2.915,29,3420.36,175.89,True,2054522.4800000007
RELIANCE.NS,2024-08-22,2024-09-20,1485.3,1485,1560,1511.15,1473.2,-0.81,0.1808,0.706,3,26.15,1.761,76,-1987.59,-100.0,False,2052534.8900000006
HDFCBANK.NS,2024-08-22,2024-09-20,791.68,790,840,806.97,845.01,6.74,0.2063,0.797,4,16.97,2.143,117,3864.64,194.66,True,2056399.5300000005
ABREL.NS,2024-08-22,2024-09-20,2329.2,2330,2515,2395.88,2768.89,18.88,0.3686,0.872,5,65.88,2.829,30,3573.52,180.8,True,2059973.0500000005
BHARTIARTL.NS,2024-08-22,2024-09-20,1474.03,1475,1575,1508.08,1697.56,15.16,0.2393,0.895,5,33.08,2.244,60,4015.46,202.34,True,2063988.5100000005
AIIL.NS,2024-08-22,2024-09-20,328.85,330,355,339.82,337.74,2.7,0.795,1.783,3,9.82,2.985,203,-421.41,-21.15,False,2063567.1000000006
TITAN.NS,2024-08-22,2024-09-20,3581.83,3580,3825,3661.79,3773.42,5.35,0.2364,0.986,4,81.79,2.283,24,2679.31,136.5,True,2066246.4100000006
ABREL.NS,2024-08-23,2024-09-23,2344.16,2345,2530,2411.02,2818.75,20.25,0.3687,0.869,4,66.02,2.816,30,3569.32,180.21,True,2069815.7300000007
BHARTIARTL.NS,2024-08-23,2024-09-23,1494.26,1495,1600,1529.4,1735.94,16.17,0.2422,0.872,4,34.4,2.302,58,4095.01,205.26,True,2073910.7400000007
APARINDS.NS,2024-08-23,2024-09-23,8897.57,8900,9610,9164.68,9749.13,9.57,0.4563,0.772,5,264.68,2.975,7,3117.23,168.25,True,2077027.9700000007
ABREL.NS,2024-08-26,2024-09-24,2370.09,2370,2560,2437.47,2764.9,16.66,0.3641,0.93,3,67.47,2.847,29,3553.39,181.61,True,2080581.3600000006
ICICIBANK.NS,2024-08-26,2024-09-24,1204.01,1205,1260,1223.67,1308.5,8.68,0.155,0.844,3,18.67,1.55,107,3887.84,194.67,True,2084469.2000000007
BHARTIARTL.NS,2024-08-26,2024-09-24,1501.0,1500,1580,1527.7,1742.09,16.06,0.1857,0.834,4,27.7,1.845,72,3765.68,188.82,True,2088234.8800000006
APARINDS.NS,2024-08-26,2024-09-24,8939.23,8940,9655,9205.97,9853.21,10.22,0.4493,0.785,4,265.97,2.975,7,3143.21,168.83,True,2091378.0900000005
ANANDRATHI.NS,2024-08-27,2024-09-25,924.82,925,1000,950.02,965.53,4.4,0.3023,1.099,4,25.02,2.705,79,1225.89,62.03,True,2092603.9800000004
ICICIBANK.NS,2024-08-27,2024-09-25,1216.96,1215,1270,1234.94,1313.71,7.95,0.1585,0.845,5,19.94,1.638,100,3506.37,175.88,True,2096110.3500000006
INFY.NS,2024-08-27,2024-09-25,1786.06,1785,1910,1826.93,1781.55,-0.25,0.2462,0.714,4,41.93,2.348,47,-1970.61,-100.0,False,2094139.7400000005
ABCAPITAL.NS,2024-08-27,2024-09-25,222.77,225,240,230.21,233.24,4.7,0.3845,1.01,4,5.21,2.339,383,1160.24,58.14,True,2095299.9800000004
HDFCBANK.NS,2024-08-27,2024-09-25,794.81,795,840,810.42,863.41,8.63,0.2052,0.69,4,15.42,1.94,129,3816.26,191.89,True,2099116.24
ABREL.NS,2024-08-27,2024-09-25,2505.18,2505,2705,2578.25,2737.37,9.27,0.4121,1.04,4,73.25,2.924,27,3422.2,173.03,True,2102538.4400000004
ANANTRAJ.NS,2024-08-27,2024-09-25,606.42,605,655,624.39,722.28,19.11,0.5614,1.333,3,19.39,3.197,103,3153.23,157.92,True,2105691.6700000004
APARINDS.NS,2024-08-27,2024-09-25,8926.2,8925,9640,9186.54,9631.08,7.9,0.4107,0.782,3,261.54,2.93,7,3111.77,169.97,True,2108803.4400000004
BHARTIARTL.NS,2024-08-27,2024-09-25,1510.13,1510,1580,1534.66,1745.81,15.61,0.1667,0.814,4,24.66,1.633,81,3672.34,183.83,True,2112475.7800000003
HDFCBANK.NS,2024-08-28,2024-09-26,794.49,795,840,810.28,865.52,8.94,0.2042,0.531,4,15.28,1.924,130,3863.13,194.43,True,2116338.91
BHARTIARTL.NS,2024-08-28,2024-09-26,1543.45,1545,1620,1570.84,1756.42,13.8,0.1776,0.844,4,25.84,1.674,77,3785.66,190.3,True,2120124.5700000003
ICICIBANK.NS,2024-08-28,2024-09-26,1214.48,1215,1270,1234.05,1318.87,8.6,0.1583,0.78,4,19.05,1.568,104,3738.99,188.74,True,2123863.5600000005
ABB.NS,2024-08-28,2024-09-26,7843.11,7845,8470,8058.46,7973.52,1.66,0.3183,0.698,4,213.46,2.722,9,-764.46,-39.79,False,2123099.1000000006
ANANTRAJ.NS,2024-08-28,2024-09-26,608.52,610,655,627.38,728.77,19.76,0.5613,1.34,3,17.38,2.856,115,3176.44,158.94,True,2126275.54
INFY.NS,2024-08-28,2024-09-26,1822.72,1825,1955,1867.69,1786.2,-2.0,0.2557,0.793,5,42.69,2.342,46,-1963.93,-100.0,False,2124311.6100000003
BHARTIARTL.NS,2024-08-29,2024-09-27,1552.92,1555,1630,1580.5,1720.22,10.77,0.173,0.84,4,25.5,1.642,78,3860.67,194.07,True,2128172.2800000003
BAJFINANCE.NS,2024-08-29,2024-09-27,697.73,700,735,711.66,766.13,9.8,0.19,0.841,5,11.66,1.672,171,3990.46,200.07,True,2132162.74
INFY.NS,2024-08-29,2024-09-27,1817.31,1815,1950,1860.03,1792.31,-1.38,0.2552,0.793,4,45.03,2.478,44,-1981.12,-100.0,False,2130181.62
RELIANCE.NS,2024-08-29,2024-09-27,1507.9,1510,1590,1536.68,1513.11,0.35,0.1854,0.751,5,26.68,1.769,74,-1744.33,-88.35,False,2128437.29
HDFCBANK.NS,2024-08-29,2024-09-27,795.2,795,840,810.52,850.57,6.96,0.2042,0.543,5,15.52,1.952,128,3772.96,189.88,True,2132210.25
ANGELONE.NS,2024-08-29,2024-09-27,248.52,250,270,257.64,244.77,-1.51,0.7106,1.529,3,7.64,3.076,261,-1995.01,-100.0,False,2130215.24
TCS.NS,2024-08-29,2024-09-27,4191.74,4190,4465,4282.11,4003.04,-4.5,0.2267,0.99,3,92.11,2.197,21,-1934.23,-100.0,False,2128281.01
TITAN.NS,2024-08-30,2024-09-30,3542.83,3545,3755,3615.35,3800.01,7.26,0.2081,1.016,4,70.35,1.986,28,3910.07,198.49,True,2132191.08
INFY.NS,2024-08-30,2024-09-30,1827.04,1825,1960,1869.88,1763.03,-3.5,0.2526,0.745,4,44.88,2.456,44,-1974.76,-100.0,False,2130216.3200000003
HDFCBANK.NS,2024-08-30,2024-09-30,794.4,795,840,810.08,840.57,5.81,0.1979,0.602,4,15.08,1.899,132,3949.16,198.37,True,2134165.48
RELIANCE.NS,2024-08-30,2024-09-30,1496.7,1495,1575,1522.93,1463.93,-2.19,0.1862,0.8,5,27.93,1.866,71,-1982.88,-100.0,False,2132182.6
ABCAPITAL.NS,2024-08-30,2024-09-30,220.11,220,240,226.8,237.48,7.89,0.3635,0.789,4,6.8,3.088,294,3140.51,157.14,True,2135323.1100000003
ANGELONE.NS,2024-08-30,2024-09-30,250.0,250,270,257.86,247.61,-0.95,0.705,1.554,3,7.86,3.144,254,-1996.69,-100.0,False,2133326.42
TCS.NS,2024-08-30,2024-09-30,4230.71,4230,4510,4323.28,3965.7,-6.26,0.2284,0.942,4,93.28,2.205,21,-1958.94,-100.0,False,2131367.4800000004
ANANDRATHI.NS,2024-08-30,2024-09-30,944.17,945,1020,969.98,971.78,2.92,0.3003,1.09,4,24.98,2.646,80,144.07,7.21,True,2131511.5500000003
BAJFINANCE.NS,2024-08-30,2024-09-30,711.23,710,750,724.05,760.9,6.98,0.1975,0.825,5,14.05,1.975,142,3685.53,184.79,True,2135197.08
BAJFINANCE.NS,2024-09-02,2024-10-01,734.92,735,780,750.27,760.9,3.53,0.2199,0.951,4,15.27,2.078,130,1381.64,69.6,True,2136578.72
TCS.NS,2024-09-02,2024-10-01,4200.33,4200,4450,4284.32,3983.72,-5.16,0.2063,0.898,3,84.32,2.007,23,-1939.33,-100.0,False,2134639.39
INFY.NS,2024-09-02,2024-10-01,1846.59,1845,1975,1888.47,1790.05,-3.06,0.2433,0.78,4,43.47,2.354,46,-1999.8,-100.0,False,2132639.59
ANANDRATHI.NS,2024-09-02,2024-10-01,958.64,960,1035,985.09,961.41,0.29,0.304,1.125,3,25.09,2.617,79,-1870.64,-94.37,False,2130768.95
ABCAPITAL.NS,2024-09-02,2024-10-01,226.96,225,245,232.36,242.03,6.64,0.3475,0.828,5,7.36,3.241,271,2621.76,131.52,True,2133390.71
TITAN.NS,2024-09-02,2024-10-01,3565.09,3565,3780,3637.27,3752.31,5.25,0.2085,0.998,3,72.27,2.027,27,3105.99,159.17,True,2136496.7
BAJFINANCE.NS,2024-09-03,2024-10-03,726.4,725,770,740.46,734.31,1.09,0.2102,1.013,3,15.46,2.129,129,-793.55,-39.78,False,2135703.1500000004
TITAN.NS,2024-09-03,2024-10-03,3598.48,3600,3790,3664.48,3651.94,1.49,0.1836,1.066,3,64.48,1.792,31,-388.58,-19.44,False,2135314.5700000003
ANANTRAJ.NS,2024-09-04,2024-10-04,611.01,610,660,629.06,720.18,17.87,0.5012,0.972,3,19.06,3.119,104,3218.04,162.37,True,2138532.6100000003
RELIANCE.NS,2024-09-04,2024-10-04,1501.58,1500,1555,1520.27,1374.65,-8.45,0.1252,0.8,4,20.27,1.35,98,-1986.28,-100.0,False,2136546.33
APARINDS.NS,2024-09-04,2024-10-04,8925.61,8925,9640,9163.89,9458.1,5.97,0.2964,1.015,4,238.89,2.676,8,2353.68,123.16,True,2138900.01
TITAN.NS,2024-09-04,2024-10-04,3585.11,3585,3765,3647.22,3647.12,1.73,0.1764,0.963,3,62.22,1.735,32,-3.03,-0.15,False,2138896.98
HDFCBANK.NS,2024-09-04,2024-10-04,796.77,795,835,809.17,804.47,0.97,0.1657,0.615,4,14.17,1.778,141,-663.05,-33.19,False,2138233.9299999997
ANGELONE.NS,2024-09-04,2024-10-04,246.7,245,265,253.07,257.28,4.29,0.6511,0.943,3,8.07,3.271,247,1040.43,52.21,True,2139274.36
TITAN.NS,2024-09-05,2024-10-07,3699.54,3700,3910,3771.31,3566.78,-3.59,0.1995,1.044,4,71.31,1.928,28,-1996.74,-100.0,False,2137277.62
AIIL.NS,2024-09-05,2024-10-07,332.5,330,360,341.97,342.49,3.0,0.7625,1.308,3,11.97,3.599,167,86.83,4.34,True,2137364.45
APARINDS.NS,2024-09-05,2024-10-07,8961.34,8960,9680,9199.11,9351.33,4.35,0.2915,1.033,3,239.11,2.668,8,1217.78,63.66,True,2138582.23
ABREL.NS,2024-09-05,2024-10-07,2364.05,2365,2555,2434.15,2630.7,11.28,0.4113,1.075,4,69.15,2.925,28,3383.9,174.78,True,2141966.13
HDFCBANK.NS,2024-09-05,2024-10-07,798.55,800,835,811.95,785.13,-1.68,0.159,0.616,4,11.95,1.496,167,-1995.35,-100.0,False,2139970.78
ANANDRATHI.NS,2024-09-05,2024-10-07,972.7,975,1050,999.47,961.89,-1.11,0.2872,1.077,3,24.47,2.515,81,-1981.86,-100.0,False,2137988.92
ANANTRAJ.NS,2024-09-05,2024-10-07,623.75,625,675,643.7,663.75,6.41,0.5012,0.947,3,18.7,2.998,106,2125.56,107.24,True,2140114.4799999995
ABCAPITAL.NS,2024-09-05,2024-10-07,223.65,225,240,230.12,225.16,0.68,0.3156,0.791,3,5.12,2.287,390,-1932.79,-96.87,False,2138181.6899999995
ABREL.NS,2024-09-06,2024-10-08,2401.85,2400,2595,2471.49,2678.72,11.53,0.4132,1.1,3,71.49,2.977,27,3334.67,172.75,True,2141516.3599999994
HDFCBANK.NS,2024-09-09,2024-10-09,799.05,800,835,812.02,792.58,-0.81,0.1552,0.616,4,12.02,1.505,166,-1995.63,-100.0,False,2139520.7299999995
HDFCBANK.NS,2024-09-10,2024-10-10,800.92,800,835,812.64,806.77,0.73,0.1539,0.624,4,12.64,1.579,158,-927.98,-46.45,False,2138592.75
ABREL.NS,2024-09-10,2024-10-10,2478.4,2480,2675,2552.88,2679.47,8.11,0.4598,1.075,3,72.88,2.941,27,3297.23,167.56,True,2141889.9799999995
INFY.NS,2024-09-10,2024-10-10,1797.53,1800,1880,1827.47,1803.82,0.35,0.1603,0.969,4,27.47,1.528,72,-1702.45,-86.08,False,2140187.53
APARINDS.NS,2024-09-10,2024-10-10,9235.47,9235,9975,9483.5,10587.02,14.63,0.3011,0.963,3,248.5,2.691,8,3931.97,197.78,True,2144119.5
BHARTIARTL.NS,2024-09-10,2024-10-10,1564.77,1565,1640,1591.15,1664.19,6.35,0.1717,1.037,3,26.15,1.671,76,3712.64,186.81,True,2147832.1399999997
ICICIBANK.NS,2024-09-10,2024-10-10,1227.83,1230,1290,1250.2,1233.98,0.5,0.175,0.904,4,20.2,1.645,99,-1605.71,-80.3,False,2146226.4299999997
ABREL.NS,2024-09-11,2024-10-11,2606.46,2605,2815,2684.36,2695.03,3.4,0.4845,1.191,4,79.36,3.045,25,266.77,13.45,True,2146493.1999999997
INFY.NS,2024-09-11,2024-10-11,1795.51,1795,1880,1824.43,1818.96,1.31,0.1607,0.889,4,29.43,1.639,67,-366.34,-18.58,False,2146126.8599999994
APARINDS.NS,2024-09-11,2024-10-11,9897.8,9900,10690,10182.73,10367.02,4.74,0.3768,1.078,4,282.73,2.856,7,1290.06,65.18,True,2147416.92
BAJFINANCE.NS,2024-09-11,2024-10-11,725.59,725,765,738.89,721.29,-0.59,0.1947,1.37,3,13.89,1.914,144,-1999.6,-100.0,False,2145417.3199999994
ANANDRATHI.NS,2024-09-11,2024-10-11,969.87,970,1045,995.03,1000.63,3.17,0.2842,0.915,3,25.03,2.58,79,442.39,22.38,True,2145859.7099999995
TITAN.NS,2024-09-11,2024-10-11,3687.86,3690,3895,3759.18,3452.65,-6.38,0.1951,0.934,3,69.18,1.876,28,-1937.1,-100.0,False,2143922.6099999994
BHARTIARTL.NS,2024-09-11,2024-10-11,1564.72,1565,1640,1591.14,1673.41,6.95,0.1719,0.975,3,26.14,1.671,76,3713.13,186.88,True,2147635.7399999993
INFY.NS,2024-09-12,2024-10-14,1833.39,1835,1920,1864.44,1841.33,0.43,0.1683,0.936,4,29.44,1.606,67,-1548.7,-78.5,False,2146087.039999999
ANANTRAJ.NS,2024-09-12,2024-10-14,636.63,635,690,655.8,764.48,20.08,0.504,0.869,5,20.8,3.268,96,3282.77,164.37,True,2149369.8099999996
HDFCBANK.NS,2024-09-12,2024-10-14,808.81,810,830,817.55,819.24,1.29,0.0964,0.694,3,7.55,0.933,264,447.22,22.44,True,2149817.0299999993
ICICIBANK.NS,2024-09-12,2024-10-14,1242.56,1245,1305,1265.19,1222.32,-1.63,0.1741,0.987,4,20.19,1.625,99,-1998.94,-100.0,False,2147818.0899999994
BAJFINANCE.NS,2024-09-12,2024-10-14,733.76,735,775,748.31,712.08,-2.95,0.1934,1.274,4,13.31,1.814,150,-1996.23,-100.0,False,2145821.8599999994
ABB.NS,2024-09-12,2024-10-14,7627.53,7630,8095,7785.79,8467.62,11.01,0.213,0.702,5,155.79,2.043,12,3710.48,198.47,True,2149532.3399999994
APARINDS.NS,2024-09-12,2024-10-14,10034.94,10035,10840,10318.8,10438.8,4.02,0.3552,1.078,3,283.8,2.828,7,839.97,42.28,True,2150372.3099999996
BHARTIARTL.NS,2024-09-12,2024-10-14,1633.1,1635,1735,1668.39,1681.54,2.97,0.2203,1.123,4,33.39,2.044,59,776.24,39.41,True,2151148.5499999993
ABREL.NS,2024-09-12,2024-10-14,2775.77,2775,3000,2859.57,2724.6,-1.84,0.4791,1.332,4,84.57,3.047,23,-1945.03,-100.0,False,2149203.5199999996
BHARTIARTL.NS,2024-09-13,2024-10-15,1620.9,1620,1725,1655.36,1703.01,5.07,0.2249,1.048,3,35.36,2.182,56,2668.56,134.76,True,2151872.079999999
HDFCBANK.NS,2024-09-13,2024-10-15,808.49,810,830,817.12,817.3,1.09,0.083,0.627,4,7.12,0.88,280,51.41,2.58,True,2151923.4899999993
ANANTRAJ.NS,2024-09-13,2024-10-15,645.07,645,695,661.8,776.27,20.34,0.2884,0.894,4,16.8,2.605,119,3950.37,197.56,True,2155873.8599999994
BAJFINANCE.NS,2024-09-13,2024-10-15,750.58,750,795,765.02,693.13,-7.65,0.1957,1.352,4,15.02,2.002,133,-1998.14,-100.0,False,2153875.7199999997
ICICIBANK.NS,2024-09-13,2024-10-15,1240.78,1240,1300,1260.74,1245.89,0.41,0.1612,0.995,3,20.74,1.671,96,-1425.49,-71.61,False,2152450.2299999995
ABREL.NS,2024-09-13,2024-10-15,2888.47,2890,3120,2976.63,2850.87,-1.3,0.4877,1.4,3,86.63,2.999,23,-1992.46,-100.0,False,2150457.7699999996
AJMERA.NS,2024-09-13,2024-10-15,136.64,135,145,138.54,155.07,13.49,0.1728,0.721,4,3.54,2.588,565,3652.13,182.8,True,2154109.8999999994
ABB.NS,2024-09-13,2024-10-15,7592.16,7590,8025,7738.28,8544.48,12.54,0.2,0.74,5,148.28,1.953,13,3727.37,193.36,True,2157837.2699999996
HDFCBANK.NS,2024-09-16,2024-10-16,810.92,810,830,818.03,824.92,1.73,0.0831,0.604,3,8.03,0.991,248,1707.96,85.72,True,2159545.2299999995
ABB.NS,2024-09-16,2024-10-16,7671.99,7670,8115,7820.92,8664.08,12.93,0.2006,0.699,4,150.92,1.967,13,3823.04,194.86,True,2163368.2699999996
ANANTRAJ.NS,2024-09-16,2024-10-16,646.97,645,695,661.98,778.31,20.3,0.2649,0.909,3,16.98,2.624,117,3863.52,194.49,True,2167231.7899999996
TITAN.NS,2024-09-16,2024-10-16,3717.23,3715,3930,3788.45,3449.27,-7.21,0.2007,0.961,3,73.45,1.976,27,-1983.22,-100.0,False,2165248.5699999994
APARINDS.NS,2024-09-16,2024-10-16,10522.15,10520,11365,10818.26,10504.01,-0.17,0.3546,1.007,3,298.26,2.835,6,-1789.54,-100.0,False,2163459.0299999993
ANANDRATHI.NS,2024-09-16,2024-10-16,979.19,980,1060,1005.83,1022.68,4.44,0.2848,0.9,3,25.83,2.638,77,1297.91,65.26,True,2164756.9399999995
ABB.NS,2024-09-17,2024-10-17,7779.13,7780,8240,7935.18,8586.38,10.38,0.2065,0.686,3,155.18,1.995,12,3657.82,196.43,True,2168414.76
ANANDRATHI.NS,2024-09-17,2024-10-17,977.74,980,1055,1004.46,1009.6,3.26,0.2847,0.782,4,24.46,2.502,81,416.5,21.02,True,2168831.26
ICICIBANK.NS,2024-09-18,2024-10-18,1278.49,1280,1335,1299.22,1254.82,-1.85,0.1595,1.031,3,19.22,1.503,104,-1998.84,-100.0,False,2166832.4199999995
ABB.NS,2024-09-18,2024-10-18,7691.79,7690,8140,7842.49,8677.57,12.82,0.2028,0.674,3,152.49,1.983,13,3867.57,195.09,True,2170699.9899999993
HDFCBANK.NS,2024-09-18,2024-10-18,822.49,820,845,829.94,816.21,-0.76,0.0919,0.703,4,9.94,1.208,201,-1997.61,-100.0,False,2168702.3799999994
ANANTRAJ.NS,2024-09-18,2024-10-18,663.0,665,710,679.69,766.13,15.55,0.2534,0.973,3,14.69,2.216,136,4121.72,206.26,True,2172824.0999999996
BAJFINANCE.NS,2024-09-18,2024-10-18,753.8,755,810,773.0,681.53,-9.59,0.264,1.406,4,18.0,2.389,111,-1998.52,-100.0,False,2170825.579999999
ICICIBANK.NS,2024-09-19,2024-10-21,1282.11,1280,1340,1301.31,1249.41,-2.55,0.1559,1.042,3,21.31,1.662,93,-1981.54,-100.0,False,2168844.039999999
HDFCBANK.NS,2024-09-19,2024-10-21,829.14,830,850,837.7,838.95,1.18,0.0942,0.771,4,7.7,0.928,259,323.26,16.21,True,2169167.2999999993
BAJFINANCE.NS,2024-09-19,2024-10-21,749.77,750,805,768.34,669.81,-10.66,0.2667,1.426,3,18.34,2.446,109,-1999.22,-100.0,False,2167168.079999999
AJMERA.NS,2024-09-19,2024-10-21,135.1,135,140,136.85,178.14,31.86,0.1336,0.789,4,1.85,1.371,1079,3396.69,169.98,True,2170564.7699999996
ABCAPITAL.NS,2024-09-19,2024-10-21,229.54,230,245,235.06,215.75,-6.01,0.2543,1.104,4,5.06,2.203,395,-1997.15,-100.0,False,2168567.619999999
TITAN.NS,2024-09-20,2024-10-22,3773.42,3775,3980,3844.43,3308.95,-12.31,0.1896,0.871,5,69.43,1.84,28,-1944.18,-100.0,False,2166623.4399999995
ICICIBANK.NS,2024-09-20,2024-10-22,1328.2,1330,1400,1353.67,1257.79,-5.3,0.1906,1.168,4,23.67,1.782,84,-1988.2,-100.0,False,2164635.2399999993
ANANTRAJ.NS,2024-09-20,2024-10-22,721.98,720,780,740.72,688.22,-4.68,0.314,1.194,4,20.72,2.87,96,-1989.46,-100.0,False,2162645.7799999993
HDFCBANK.NS,2024-09-20,2024-10-22,845.01,845,870,854.46,832.08,-1.53,0.1082,0.857,4,9.46,1.12,211,-1997.0,-100.0,False,2160648.7799999993
AJMERA.NS,2024-09-20,2024-10-22,138.42,140,145,141.49,168.23,21.54,0.1595,0.815,5,1.49,1.075,1344,4720.03,236.01,True,2165368.8099999996
BHARTIARTL.NS,2024-09-23,2024-10-23,1735.94,1735,1850,1773.59,1671.82,-3.69,0.2297,1.236,3,38.59,2.223,51,-1968.31,-100.0,False,2163400.4999999995
HDFCBANK.NS,2024-09-23,2024-10-23,854.04,855,880,864.21,842.39,-1.36,0.1094,0.887,4,9.21,1.078,217,-1997.68,-100.0,False,2161402.8199999994
TITAN.NS,2024-09-23,2024-10-23,3796.18,3795,3995,3863.83,3268.01,-13.91,0.1831,0.837,4,68.83,1.813,29,-1996.16,-100.0,False,2159406.6599999997
ABB.NS,2024-09-23,2024-10-23,7844.34,7845,8470,8050.19,7611.32,-2.97,0.2814,0.897,4,205.19,2.616,9,-1846.67,-100.0,False,2157559.9899999998
ANANTRAJ.NS,2024-09-23,2024-10-23,740.51,740,800,760.08,689.52,-6.89,0.2957,1.212,4,20.08,2.711,99,-1987.73,-100.0,False,2155572.26
ICICIBANK.NS,2024-09-23,2024-10-23,1311.78,1310,1385,1336.08,1242.02,-5.32,0.2003,1.135,3,26.08,1.988,76,-1982.43,-100.0,False,2153589.83
BAJFINANCE.NS,2024-09-23,2024-10-23,750.24,750,810,769.39,691.04,-7.89,0.2671,1.43,3,19.39,2.584,103,-1996.77,-100.0,False,2151593.0599999996
AJMERA.NS,2024-09-23,2024-10-23,140.4,140,145,142.06,179.91,28.13,0.1679,0.901,4,2.06,1.469,969,2845.76,142.34,True,2154438.82
AJMERA.NS,2024-09-24,2024-10-24,140.24,140,145,142.01,179.53,28.01,0.1619,0.957,4,2.01,1.43,997,2985.4,149.3,True,2157424.2199999997
BHARTIARTL.NS,2024-09-24,2024-10-24,1742.09,1740,1855,1779.07,1664.53,-4.45,0.23,1.173,3,39.07,2.243,51,-1992.53,-100.0,False,2155431.6899999995
ABREL.NS,2024-09-24,2024-10-24,2764.9,2765,2985,2847.73,2760.86,-0.15,0.4726,1.38,3,82.73,2.992,24,-1985.46,-100.0,False,2153446.2299999995
BAJFINANCE.NS,2024-09-24,2024-10-24,746.2,745,805,764.71,695.5,-6.79,0.2686,1.393,3,19.71,2.641,101,-1990.74,-100.0,False,2151455.4899999998
ABB.NS,2024-09-24,2024-10-24,7981.23,7980,8620,8190.58,7556.29,-5.32,0.2832,0.944,4,210.58,2.638,9,-1895.24,-100.0,False,2149560.25
APARINDS.NS,2024-09-24,2024-10-24,9853.21,9855,10640,10145.86,9672.08,-1.84,0.4392,1.142,3,290.86,2.952,6,-1745.18,-100.0,False,2147815.07
ABCAPITAL.NS,2024-09-24,2024-10-24,232.79,235,250,239.57,212.45,-8.74,0.2541,1.102,3,4.57,1.962,437,-1996.35,-100.0,False,2145818.7199999997
INFY.NS,2024-09-25,2024-10-25,1781.55,1780,1870,1811.37,1750.29,-1.75,0.1736,1.019,3,31.37,1.761,63,-1976.59,-100.0,False,2143842.13
APARINDS.NS,2024-09-25,2024-10-25,9631.08,9630,10400,9916.99,9394.13,-2.46,0.4501,1.007,3,286.99,2.98,6,-1721.91,-100.0,False,2142120.2199999997
ABREL.NS,2024-09-25,2024-10-25,2737.37,2735,2955,2818.06,2631.9,-3.85,0.4734,1.251,3,83.06,3.034,24,-1993.33,-100.0,False,2140126.8899999997
ABB.NS,2024-09-26,2024-10-28,7973.52,7975,8610,8185.19,7250.85,-9.06,0.2888,0.989,3,210.19,2.636,9,-1891.72,-100.0,False,2138235.17
INFY.NS,2024-09-26,2024-10-28,1786.2,1785,1875,1816.31,1753.39,-1.84,0.1739,0.968,4,31.31,1.753,63,-1972.54,-100.0,False,2136262.63
ABB.NS,2024-09-27,2024-10-29,8035.82,8035,8680,8248.52,7402.56,-7.88,0.2889,0.983,3,213.52,2.657,9,-1921.64,-100.0,False,2134340.9899999998
ANGELONE.NS,2024-09-27,2024-10-29,244.77,245,265,251.99,287.04,17.27,0.3648,0.998,3,6.99,2.857,285,3706.99,186.0,True,2138047.9799999995
RELIANCE.NS,2024-09-27,2024-10-29,1513.11,1515,1575,1536.14,1328.53,-12.2,0.1474,0.841,5,21.14,1.397,94,-1987.55,-100.0,False,2136060.4299999997
BAJFINANCE.NS,2024-09-27,2024-10-29,766.13,765,825,784.71,693.68,-9.46,0.2606,1.212,3,19.71,2.573,101,-1990.86,-100.0,False,2134069.5699999994
APOLLO.NS,2024-09-27,2024-10-29,104.38,105,115,108.12,100.41,-3.81,0.3617,0.924,3,3.12,2.984,641,-1996.92,-100.0,False,2132072.6499999994
TITAN.NS,2024-09-27,2024-10-29,3792.8,3795,3985,3859.89,3262.84,-13.97,0.1759,0.923,4,64.89,1.711,30,-1946.74,-100.0,False,2130125.9099999997
APARINDS.NS,2024-09-27,2024-10-29,9436.73,9435,10190,9716.66,9496.72,0.64,0.4516,0.957,3,281.66,2.985,7,-1539.56,-78.09,False,2128586.3499999996
ABCAPITAL.NS,2024-09-27,2024-10-29,236.3,235,255,241.61,204.51,-13.45,0.2531,0.996,3,6.61,2.796,302,-1994.95,-100.0,False,2126591.3999999994
AIIL.NS,2024-09-30,2024-10-30,357.54,360,385,368.34,331.38,-7.32,0.3173,0.843,5,8.34,2.331,239,-1992.25,-100.0,False,2124599.1499999994
ABREL.NS,2024-09-30,2024-10-30,2842.54,2845,3070,2928.4,2688.15,-5.43,0.4475,1.03,3,83.4,2.934,23,-1918.1,-100.0,False,2122681.05
TITAN.NS,2024-09-30,2024-10-30,3800.01,3800,3990,3865.67,3287.74,-13.48,0.1757,0.945,3,65.67,1.728,30,-1970.15,-100.0,False,2120710.8999999994
AIIL.NS,2024-10-01,2024-10-31,364.57,365,395,375.01,331.18,-9.16,0.3185,0.829,5,10.01,2.745,199,-1991.49,-100.0,False,2118719.4099999997
ABCAPITAL.NS,2024-10-01,2024-10-31,242.03,240,260,246.8,203.23,-16.03,0.2352,1.023,3,6.8,2.811,294,-1999.96,-100.0,False,2116719.4499999997
ANGELONE.NS,2024-10-01,2024-10-31,251.33,250,270,257.49,294.97,17.36,0.3687,1.018,4,7.49,2.982,266,3326.44,166.86,True,2120045.8899999997
ANANTRAJ.NS,2024-10-01,2024-10-31,726.73,725,785,746.18,739.91,1.81,0.3403,1.236,3,21.18,2.914,94,-589.17,-29.6,False,2119456.7199999997
INFY.NS,2024-10-01,2024-10-31,1790.05,1790,1885,1822.36,1670.59,-6.67,0.1824,1.217,3,32.36,1.808,61,-1974.23,-100.0,False,2117482.4899999998
ABREL.NS,2024-10-01,2024-10-31,2883.18,2885,3115,2969.91,2735.57,-5.12,0.4394,1.002,3,84.91,2.945,23,-1952.82,-100.0,False,2115529.67
AJMERA.NS,2024-10-03,2024-11-01,132.34,130,140,133.99,184.53,39.43,0.2118,1.01,3,3.99,3.015,501,3010.93,150.62,True,2118540.5999999996
APOLLO.NS,2024-10-03,2024-11-01,102.14,100,110,103.97,102.47,0.32,0.362,0.678,4,3.97,3.892,503,-758.98,-37.96,False,2117781.6199999996
APARINDS.NS,2024-10-03,2024-11-01,9481.12,9480,10240,9760.72,10014.51,5.63,0.4311,0.923,3,280.72,2.961,7,1776.51,90.41,True,2119558.13
ANANTRAJ.NS,2024-10-03,2024-11-01,700.81,700,755,720.04,756.29,7.92,0.3765,1.234,3,20.04,2.859,99,3461.09,174.46,True,2123019.2199999997
INFY.NS,2024-10-03,2024-11-01,1779.76,1780,1870,1811.14,1674.01,-5.94,0.1804,1.121,3,31.14,1.75,64,-1992.9,-100.0,False,2121026.32
ANGELONE.NS,2024-10-03,2024-11-01,265.06,265,285,272.46,296.77,11.96,0.4126,1.175,4,7.46,2.815,268,3360.32,168.04,True,2124386.6399999997
INFY.NS,2024-10-04,2024-11-04,1803.03,1805,1900,1836.98,1676.67,-7.01,0.1857,1.154,4,31.98,1.774,62,-1983.06,-100.0,False,2122403.58
ANGELONE.NS,2024-10-04,2024-11-04,257.28,255,280,264.25,278.97,8.43,0.4227,1.12,4,9.25,3.594,216,3179.25,159.16,True,2125582.83
BHARTIARTL.NS,2024-10-07,2024-11-05,1648.27,1650,1770,1689.53,1565.31,-5.03,0.2626,1.011,3,39.53,2.398,50,-1976.67,-100.0,False,2123606.16
INFY.NS,2024-10-07,2024-11-05,1818.21,1820,1910,1850.79,1667.69,-8.28,0.1781,1.092,3,30.79,1.694,64,-1970.68,-100.0,False,2121635.48
HDFCBANK.NS,2024-10-08,2024-11-06,801.26,800,850,817.09,851.83,6.31,0.2126,1.297,3,17.09,2.133,117,3850.75,192.61,True,2125486.23
ICICIBANK.NS,2024-10-08,2024-11-06,1227.13,1225,1300,1250.89,1292.38,5.32,0.2111,1.057,3,25.89,2.11,77,3194.55,160.24,True,2128680.7800000003
INFY.NS,2024-10-08,2024-11-06,1831.6,1830,1925,1863.02,1733.76,-5.34,0.1787,1.126,3,33.02,1.803,60,-1981.43,-100.0,False,2126699.35
ANANTRAJ.NS,2024-10-08,2024-11-06,727.52,730,785,751.09,765.28,5.19,0.5761,1.442,4,21.09,2.899,94,1333.73,67.28,True,2128033.08
ABB.NS,2024-10-08,2024-11-06,8056.76,8055,8700,8281.27,7078.05,-12.15,0.345,1.129,3,226.27,2.808,8,-1810.18,-100.0,False,2126222.9000000004
BHARTIARTL.NS,2024-10-08,2024-11-06,1643.71,1645,1770,1685.56,1585.55,-3.54,0.2636,0.992,3,40.56,2.467,49,-1987.37,-100.0,False,2124235.5300000003
RELIANCE.NS,2024-10-08,2024-11-06,1385.39,1385,1480,1416.82,1314.0,-5.15,0.2418,1.384,3,31.82,2.297,62,-1973.0,-100.0,False,2122262.5300000003
BHARTIARTL.NS,2024-10-09,2024-11-07,1664.19,1665,1785,1704.66,1562.74,-6.1,0.2562,1.069,3,39.66,2.383,50,-1983.01,-100.0,False,2120279.52
ANANTRAJ.NS,2024-10-09,2024-11-07,737.76,740,795,761.19,747.2,1.28,0.5756,1.438,3,21.19,2.873,94,-1315.42,-66.03,False,2118964.1
AJMERA.NS,2024-10-09,2024-11-07,131.9,130,140,134.09,192.51,45.96,0.3428,1.077,3,4.09,3.103,488,2882.82,144.34,True,2121846.92
ABB.NS,2024-10-09,2024-11-07,8356.52,8355,9025,8592.68,6915.72,-17.24,0.3608,1.214,4,237.68,2.844,8,-1901.4,-100.0,False,2119945.5200000005
ANGELONE.NS,2024-10-09,2024-11-07,250.74,250,270,257.65,278.99,11.27,0.4616,1.217,3,7.65,3.05,261,3223.81,161.5,True,2123169.33
ICICIBANK.NS,2024-10-09,2024-11-07,1234.62,1235,1310,1260.14,1268.91,2.78,0.2121,1.136,3,25.14,2.036,79,692.67,34.87,True,2123862.0
HDFCBANK.NS,2024-10-09,2024-11-07,792.58,795,840,809.95,847.61,6.94,0.216,1.306,3,14.95,1.887,133,3996.04,200.91,True,2127858.04
HDFCBANK.NS,2024-10-10,2024-11-08,806.77,805,860,823.55,851.44,5.54,0.225,1.328,3,18.55,2.299,107,2985.12,150.44,True,2130843.16
AJMERA.NS,2024-10-10,2024-11-08,134.47,135,145,138.47,188.75,40.36,0.3491,1.06,3,3.47,2.58,576,3761.89,188.27,True,2134605.0500000003
AIIL.NS,2024-10-10,2024-11-08,365.46,365,395,376.15,328.88,-10.01,0.4414,0.901,3,11.15,3.051,179,-1995.85,-100.0,False,2132609.2
ABB.NS,2024-10-10,2024-11-08,8408.14,8410,9080,8647.28,6960.88,-17.21,0.3608,1.207,3,237.28,2.822,8,-1898.26,-100.0,False,2130710.9400000004
APARINDS.NS,2024-10-10,2024-11-08,10587.02,10585,11435,10900.4,8997.98,-15.01,0.4411,1.062,4,315.4,2.979,6,-1892.4,-100.0,False,2128818.54
ABCAPITAL.NS,2024-10-10,2024-11-08,224.39,225,240,229.96,201.11,-10.37,0.2551,1.026,3,4.96,2.212,402,-1995.27,-100.0,False,2126823.2700000005
APARINDS.NS,2024-10-11,2024-11-11,10367.02,10365,11195,10674.07,8683.04,-16.24,0.4474,1.049,3,309.07,2.981,6,-1854.45,-100.0,False,2124968.8200000003
ANGELONE.NS,2024-10-11,2024-11-11,261.28,260,280,267.85,268.64,2.82,0.4656,1.244,3,7.85,3.004,254,201.65,10.11,True,2125170.47
BHARTIARTL.NS,2024-10-11,2024-11-11,1673.41,1675,1775,1708.27,1547.61,-7.52,0.2096,1.094,3,33.27,1.988,60,-1996.14,-100.0,False,2123174.33
ABB.NS,2024-10-14,2024-11-12,8467.62,8470,9145,8707.92,6880.65,-18.74,0.3554,1.194,3,237.92,2.81,8,-1903.39,-100.0,False,2121270.9400000004
ANGELONE.NS,2024-10-14,2024-11-12,263.21,265,285,272.23,264.83,0.62,0.464,1.274,4,7.23,2.746,276,-1994.55,-100.0,False,2119276.3900000006
ABREL.NS,2024-10-14,2024-11-12,2724.6,2725,2945,2801.31,2702.01,-0.83,0.3398,1.079,3,76.31,2.801,26,-1984.03,-100.0,False,2117292.3600000003
ABCAPITAL.NS,2024-10-14,2024-11-12,224.08,225,240,229.64,194.77,-13.08,0.2281,1.037,3,4.64,2.072,430,-1996.41,-100.0,False,2115295.95
ANANTRAJ.NS,2024-10-14,2024-11-12,764.48,765,825,788.19,729.17,-4.62,0.577,1.427,3,23.19,3.033,86,-1994.07,-100.0,False,2113301.8800000004
ANANTRAJ.NS,2024-10-15,2024-11-13,776.27,775,840,800.09,673.39,-13.25,0.5771,1.426,3,25.09,3.232,79,-1981.94,-100.0,False,2111319.9400000004
APARINDS.NS,2024-10-15,2024-11-13,10891.67,10890,11765,11216.67,8686.42,-20.25,0.4569,1.188,3,326.67,2.999,6,-1960.03,-100.0,False,2109359.91
ANGELONE.NS,2024-10-15,2024-11-13,311.69,310,335,320.08,252.67,-18.93,0.7305,1.521,4,10.08,3.234,198,-1995.83,-100.0,False,2107364.08
ABCAPITAL.NS,2024-10-15,2024-11-13,225.85,225,240,230.28,187.61,-16.93,0.2299,1.055,3,5.28,2.338,378,-1996.36,-100.0,False,2105367.72
ABREL.NS,2024-10-15,2024-11-13,2850.87,2850,3080,2932.47,2551.21,-10.51,0.3781,1.056,3,82.47,2.893,24,-1979.32,-100.0,False,2103388.4000000004
AJMERA.NS,2024-10-16,2024-11-14,165.31,165,180,170.77,175.93,6.42,0.6527,1.543,4,5.77,3.489,346,1784.62,89.43,True,2105173.0200000005
ANGELONE.NS,2024-10-16,2024-11-14,312.79,315,340,324.54,260.56,-16.7,0.7272,1.564,4,9.54,3.049,209,-1993.33,-100.0,False,2103179.6900000004
ABREL.NS,2024-10-16,2024-11-14,2917.24,2915,3150,2999.42,2592.6,-11.13,0.3736,1.097,3,84.42,2.894,23,-1941.67,-100.0,False,2101238.0200000005
INFY.NS,2024-10-17,2024-11-18,1849.98,1850,1945,1882.55,1722.12,-6.91,0.1778,1.219,4,32.55,1.76,61,-1985.7,-100.0,False,2099252.3200000003
AIIL.NS,2024-10-18,2024-11-19,365.18,365,395,375.97,320.11,-12.34,0.4207,0.818,4,10.97,3.005,182,-1997.37,-100.0,False,2097254.95
AJMERA.NS,2024-10-18,2024-11-19,172.92,175,185,178.91,178.03,2.96,0.7105,1.7,3,3.91,2.261,511,-447.52,-22.4,False,2096807.4300000002
ABREL.NS,2024-10-18,2024-11-19,3044.76,3045,3290,3135.12,2560.54,-15.9,0.4279,1.272,4,90.12,2.96,22,-1982.53,-100.0,False,2094824.9000000001
AJMERA.NS,2024-10-21,2024-11-21,178.14,180,190,183.95,176.26,-1.06,0.712,1.794,4,3.95,2.22,505,-1997.24,-100.0,False,2092827.6600000001
AIIL.NS,2024-10-21,2024-11-21,373.24,375,405,385.57,312.88,-16.17,0.4178,0.8,5,10.57,2.833,189,-1998.58,-100.0,False,2090829.08
ABREL.NS,2024-10-21,2024-11-21,3022.52,3025,3265,3113.14,2534.75,-16.14,0.4286,1.158,4,88.14,2.916,22,-1939.11,-100.0,False,2088889.97
INFY.NS,2024-10-23,2024-11-25,1760.96,1760,1890,1802.95,1796.51,2.02,0.2536,1.335,3,42.95,2.439,46,-296.4,-15.0,False,2088593.57
ABREL.NS,2024-10-24,2024-11-26,2760.86,2760,2980,2845.29,2592.6,-6.09,0.5815,1.295,3,85.29,3.089,23,-1961.68,-100.0,False,2086631.8900000001
INFY.NS,2024-10-24,2024-11-26,1751.51,1750,1880,1793.07,1829.26,4.44,0.2541,1.264,3,43.07,2.459,46,1664.9,84.04,True,2088296.79
AJMERA.NS,2024-10-24,2024-11-26,179.53,180,195,185.81,200.21,11.52,0.7644,1.984,3,5.81,3.237,344,3161.05,158.14,True,2091457.84
AIIL.NS,2024-10-24,2024-11-26,332.86,335,360,344.53,313.54,-5.8,0.6268,1.039,3,9.53,2.864,209,-1992.65,-100.0,False,2089465.1900000002
HDFCBANK.NS,2024-10-24,2024-11-26,849.11,850,910,869.69,866.54,2.05,0.2502,1.39,3,19.69,2.319,101,-318.22,-16.0,False,2089146.9700000002
ANANTRAJ.NS,2024-10-24,2024-11-26,689.62,690,745,711.26,661.25,-4.11,0.5932,1.09,3,21.26,3.083,94,-1998.63,-100.0,False,2087148.3400000003
HDFCBANK.NS,2024-10-25,2024-11-27,846.08,845,905,865.31,879.52,3.95,0.25,1.401,3,20.31,2.4,98,1392.71,69.98,True,2088541.0500000003
ICICIBANK.NS,2024-10-28,2024-11-28,1282.95,1285,1365,1311.49,1276.5,-0.5,0.2245,1.235,4,26.49,2.065,75,-1986.59,-100.0,False,2086554.4600000002
INFY.NS,2024-10-28,2024-11-28,1753.39,1755,1880,1796.12,1765.09,0.67,0.2535,1.216,4,41.12,2.345,48,-1489.59,-75.47,False,2085064.87
ANANTRAJ.NS,2024-10-28,2024-11-28,680.33,680,735,701.42,666.95,-1.97,0.6219,1.248,3,21.42,3.149,93,-1992.22,-100.0,False,2083072.6500000001
ANGELONE.NS,2024-10-28,2024-11-28,277.03,275,300,284.97,278.74,0.62,0.7727,1.481,3,9.97,3.598,200,-1245.82,-62.49,False,2081826.83
ABB.NS,2024-10-28,2024-11-28,7250.85,7250,7830,7464.48,7306.08,0.76,0.4323,1.468,4,214.48,2.958,9,-1425.6,-73.85,False,2080401.23
ABCAPITAL.NS,2024-10-29,2024-11-29,204.51,205,220,210.22,194.33,-4.98,0.3283,1.193,4,5.22,2.551,383,-1998.09,-100.0,False,2078403.14
ICICIBANK.NS,2024-10-29,2024-11-29,1321.65,1320,1410,1350.05,1290.15,-2.38,0.2277,1.281,4,30.05,2.273,66,-1983.14,-100.0,False,2076420.0
AIIL.NS,2024-10-29,2024-11-29,328.21,330,355,339.52,315.87,-3.76,0.6083,1.051,3,9.52,2.902,209,-1990.7,-100.0,False,2074429.3
ANANTRAJ.NS,2024-10-29,2024-11-29,682.53,685,735,704.42,672.64,-1.45,0.6171,1.269,3,19.42,2.845,103,-1999.79,-100.0,False,2072429.51
ANGELONE.NS,2024-10-29,2024-11-29,287.04,285,310,295.02,280.03,-2.44,0.7795,1.231,3,10.02,3.492,199,-1994.84,-100.0,False,2070434.67
RELIANCE.NS,2024-10-29,2024-11-29,1328.53,1330,1410,1356.38,1281.14,-3.57,0.2081,0.995,3,26.38,1.985,75,-1978.3,-100.0,False,2068456.3699999999
AJMERA.NS,2024-10-29,2024-11-29,181.57,180,195,186.1,216.54,19.26,0.8693,2.025,3,6.1,3.361,327,2909.58,145.81,True,2071365.95
ABREL.NS,2024-10-29,2024-11-29,2728.39,2730,2945,2813.48,2745.55,0.63,0.6054,1.444,3,83.48,3.06,23,-1562.56,-81.38,False,2069803.39
ABB.NS,2024-10-29,2024-11-29,7402.56,7405,7995,7623.55,7332.16,-0.95,0.4414,1.524,3,218.55,2.952,9,-1966.98,-100.0,False,2067836.41
AIIL.NS,2024-10-30,2024-12-02,331.38,330,360,341.59,320.34,-3.33,0.6041,1.201,4,11.59,3.497,172,-1993.31,-100.0,False,2065843.0999999999
RELIANCE.NS,2024-10-30,2024-12-02,1332.39,1330,1410,1357.8,1297.94,-2.59,0.2095,0.98,3,27.8,2.087,71,-1974.01,-100.0,False,2063869.0899999999
ABCAPITAL.NS,2024-10-30,2024-12-02,215.37,215,235,221.91,194.18,-9.84,0.3799,1.343,4,6.91,3.206,289,-1995.58,-100.0,False,2061873.5099999998
ANGELONE.NS,2024-10-30,2024-12-02,292.74,295,315,302.83,283.75,-3.07,0.7803,1.174,3,7.83,2.676,255,-1997.21,-100.0,False,2059876.2999999998
AJMERA.NS,2024-10-30,2024-12-02,181.86,180,195,186.14,209.81,15.37,0.8699,1.911,3,6.14,3.376,325,2879.86,144.34,True,2062756.16
ICICIBANK.NS,2024-10-30,2024-12-02,1302.1,1300,1390,1330.36,1294.66,-0.57,0.2357,1.324,3,30.36,2.332,65,-1973.68,-100.0,False,2060782.48
ANANTRAJ.NS,2024-10-30,2024-12-02,691.92,690,745,711.71,709.65,2.56,0.6069,1.223,3,21.71,3.138,92,-190.09,-9.52,False,2060592.39
ANANTRAJ.NS,2024-10-31,2024-12-03,739.91,740,800,763.34,714.79,-3.39,0.6404,1.31,3,23.34,3.155,85,-1984.15,-100.0,False,2058608.24
ANANTRAJ.NS,2024-11-01,2024-12-04,756.29,755,815,778.66,721.38,-4.62,0.638,1.277,3,23.66,3.128,84,-1987.14,-100.0,False,2056621.1
ABREL.NS,2024-11-01,2024-12-04,2760.76,2760,2980,2845.48,2883.83,4.46,0.5949,1.209,3,85.48,3.096,23,882.14,44.87,True,2057503.24
AJMERA.NS,2024-11-01,2024-12-04,184.53,185,200,190.86,216.2,17.16,0.8417,1.766,3,5.86,3.178,341,3115.45,155.81,True,2060618.69
AJMERA.NS,2024-11-04,2024-12-05,180.19,180,195,185.92,225.13,24.94,0.8272,1.652,3,5.92,3.287,337,3059.18,153.28,True,2063677.8699999999
ABCAPITAL.NS,2024-11-04,2024-12-05,199.1,200,215,205.42,199.2,0.05,0.4247,1.335,4,5.42,2.723,368,-1995.03,-100.0,False,2061682.8399999999
AIIL.NS,2024-11-04,2024-12-05,337.02,335,365,346.69,321.95,-4.47,0.5711,1.224,3,11.69,3.468,171,-1998.49,-100.0,False,2059684.3499999999
HDFCBANK.NS,2024-11-05,2024-12-06,853.09,855,905,871.36,900.65,5.57,0.2074,1.188,4,16.36,1.917,122,3574.29,179.13,True,2063258.64
RELIANCE.NS,2024-11-06,2024-12-09,1314.0,1315,1375,1335.93,1284.06,-2.28,0.1673,1.005,4,20.93,1.593,95,-1988.75,-100.0,False,2061269.89
AJMERA.NS,2024-11-06,2024-12-09,192.26,190,210,197.92,222.11,15.53,0.8375,1.467,3,7.92,4.118,252,3044.75,152.6,True,2064314.64
ANANTRAJ.NS,2024-11-06,2024-12-09,765.28,765,825,787.89,739.26,-3.4,0.4958,1.123,3,22.89,2.99,87,-1991.01,-100.0,False,2062323.63
HDFCBANK.NS,2024-11-06,2024-12-09,851.83,850,900,867.45,907.52,6.54,0.2015,1.124,3,17.45,2.049,114,3710.57,186.51,True,2066034.2
TCS.NS,2024-11-06,2024-12-09,3855.37,3855,4100,3937.19,4146.41,7.55,0.2214,0.996,4,82.19,2.132,24,3907.49,198.1,True,2069941.69
ICICIBANK.NS,2024-11-06,2024-12-09,1292.38,1290,1380,1320.49,1312.18,1.53,0.2387,1.182,3,30.49,2.359,65,-540.17,-27.26,False,2069401.52
BAJFINANCE.NS,2024-11-06,2024-12-09,692.07,690,745,708.19,678.45,-1.97,0.2556,0.884,4,18.19,2.628,109,-1982.5,-100.0,False,2067419.02
ICICIBANK.NS,2024-11-07,2024-12-10,1268.91,1270,1360,1299.53,1320.26,4.05,0.2496,1.197,3,29.53,2.327,67,1389.13,70.21,True,2068808.15
BAJFINANCE.NS,2024-11-07,2024-12-10,682.02,680,735,698.13,685.15,0.46,0.2587,0.894,4,18.13,2.658,110,-1427.08,-71.57,False,2067381.0699999998
ABCAPITAL.NS,2024-11-07,2024-12-10,203.27,205,220,210.33,200.13,-1.54,0.4394,1.209,3,5.33,2.62,375,-1997.06,-100.0,False,2065384.0099999998
AJMERA.NS,2024-11-07,2024-12-10,192.51,195,210,200.67,233.0,21.03,0.8398,1.468,3,5.67,2.943,352,3285.58,164.74,True,2068669.5899999999
TCS.NS,2024-11-07,2024-12-10,3865.85,3865,4110,3947.41,4128.15,6.79,0.2211,1.051,4,82.41,2.132,24,3902.18,197.3,True,2072571.7699999998
RELIANCE.NS,2024-11-07,2024-12-10,1294.47,1295,1360,1317.15,1273.85,-1.59,0.1737,1.007,3,22.15,1.711,90,-1993.74,-100.0,False,2070578.0299999998
ANGELONE.NS,2024-11-11,2024-12-12,268.64,270,290,277.81,331.82,23.52,0.7542,0.882,4,7.81,2.907,256,3120.86,156.11,True,2073698.89
TITAN.NS,2024-11-11,2024-12-12,3186.52,3185,3365,3246.45,3424.18,7.46,0.195,0.989,3,61.45,1.928,32,3793.7,192.94,True,2077492.5899999999
HDFCBANK.NS,2024-11-11,2024-12-12,857.19,855,900,871.11,902.3,5.26,0.1804,1.071,3,16.11,1.88,124,3581.85,179.26,True,2081074.44
RELIANCE.NS,2024-11-12,2024-12-13,1263.34,1265,1325,1285.43,1261.95,-0.11,0.1698,1.01,3,20.43,1.617,97,-1982.07,-100.0,False,2079092.3699999999
ANGELONE.NS,2024-11-12,2024-12-13,264.83,265,285,272.43,327.57,23.69,0.4186,0.847,4,7.43,2.805,269,3381.57,169.21,True,2082473.94
TITAN.NS,2024-11-12,2024-12-13,3178.42,3180,3355,3239.21,3486.88,9.7,0.1932,0.967,3,59.21,1.863,33,3821.07,195.56,True,2086295.01
ICICIBANK.NS,2024-11-12,2024-12-13,1260.87,1260,1350,1289.69,1334.6,5.85,0.2402,0.999,3,29.69,2.355,67,3009.15,151.27,True,2089304.16
ANANTRAJ.NS,2024-11-12,2024-12-13,729.17,730,790,752.33,758.54,4.03,0.4899,0.937,3,22.33,3.062,89,552.58,27.81,True,2089856.74
ANANTRAJ.NS,2024-11-18,2024-12-18,650.92,650,705,671.11,799.14,22.77,0.5663,0.968,3,21.11,3.243,94,3185.71,160.55,True,2093042.45
AJMERA.NS,2024-11-18,2024-12-18,178.07,180,190,183.93,221.32,24.28,0.6748,1.268,3,3.93,2.21,508,3081.23,154.16,True,2096123.68
RELIANCE.NS,2024-11-18,2024-12-18,1249.96,1250,1315,1272.25,1242.52,-0.59,0.1806,1.103,3,22.25,1.78,89,-1980.56,-100.0,False,2094143.1199999999
AIIL.NS,2024-11-18,2024-12-18,319.6,320,345,329.56,354.09,10.79,0.5396,0.861,4,9.56,2.99,209,3227.81,161.62,True,2097370.9299999997
HDFCBANK.NS,2024-11-18,2024-12-18,827.49,825,880,843.76,878.74,6.19,0.2158,1.229,3,18.76,2.267,106,3708.56,186.54,True,2101079.49
ANGELONE.NS,2024-11-18,2024-12-18,257.99,260,280,267.09,300.86,16.61,0.4521,0.902,3,7.09,2.749,282,3640.09,182.01,True,2104719.58
HDFCBANK.NS,2024-11-19,2024-12-19,845.52,845,895,862.09,870.39,2.94,0.2068,1.254,4,17.09,2.021,117,971.98,48.62,True,2105691.56
AIIL.NS,2024-11-19,2024-12-19,320.11,320,345,329.63,350.9,9.62,0.5301,0.844,4,9.63,3.009,207,3181.3,159.57,True,2108872.8600000003
AJMERA.NS,2024-11-19,2024-12-19,178.03,180,190,183.93,222.87,25.18,0.6665,1.256,3,3.93,2.206,509,3091.31,154.67,True,2111964.17
ANGELONE.NS,2024-11-19,2024-12-19,258.8,260,280,267.24,294.36,13.74,0.4442,0.829,4,7.24,2.798,276,3521.08,176.15,True,2115485.25
TCS.NS,2024-11-21,2024-12-20,3793.16,3795,4050,3879.5,3883.91,2.39,0.2361,1.3,4,84.5,2.228,23,101.42,5.22,True,2115586.67
HDFCBANK.NS,2024-11-21,2024-12-20,845.01,845,895,861.84,859.72,1.74,0.2044,1.122,4,16.84,1.993,118,-250.12,-12.59,False,2115336.55
ANGELONE.NS,2024-11-21,2024-12-20,262.85,265,285,271.99,278.55,5.97,0.4225,0.847,4,6.99,2.658,286,1875.81,93.87,True,2117212.3600000003
ANANTRAJ.NS,2024-11-21,2024-12-20,671.69,670,725,691.18,846.28,25.99,0.5197,0.916,3,21.18,3.154,94,3178.81,159.64,True,2120391.17
HDFCBANK.NS,2024-11-22,2024-12-23,847.15,845,895,862.48,874.03,3.17,0.2,1.111,3,17.48,2.063,114,1317.34,66.11,True,2121708.5100000002
INFY.NS,2024-11-22,2024-12-23,1808.44,1810,1950,1855.4,1829.4,1.16,0.2699,1.039,4,45.4,2.511,44,-1144.12,-57.27,False,2120564.39
ANANTRAJ.NS,2024-11-22,2024-12-23,675.84,675,730,696.05,829.85,22.79,0.5203,0.879,4,21.05,3.114,95,3225.55,161.32,True,2123789.9400000004
TCS.NS,2024-11-22,2024-12-23,3953.11,3955,4265,4056.04,3872.74,-2.03,0.2742,1.295,4,101.04,2.556,19,-1919.68,-100.0,False,2121870.2600000002
ABB.NS,2024-11-22,2024-12-23,6821.77,6820,7370,7002.23,6875.66,0.79,0.2897,0.856,4,182.23,2.671,10,-1265.65,-69.45,False,2120604.6100000003
AIIL.NS,2024-11-25,2024-12-24,311.09,310,335,318.69,333.86,7.32,0.297,0.768,4,8.69,2.794,230,3489.47,174.53,True,2124094.08
AJMERA.NS,2024-11-25,2024-12-24,190.71,190,205,195.97,211.76,11.03,0.6176,1.11,3,5.97,3.132,334,3015.3,151.17,True,2127109.3800000004
INFY.NS,2024-11-25,2024-12-24,1796.51,1795,1935,1841.32,1814.9,1.02,0.2703,1.027,4,46.32,2.578,43,-1135.87,-57.03,False,2125973.5100000002
ICICIBANK.NS,2024-11-25,2024-12-24,1290.99,1290,1380,1319.82,1287.32,-0.28,0.2348,0.971,4,29.82,2.31,67,-1997.74,-100.0,False,2123975.7700000005
ABB.NS,2024-11-25,2024-12-24,7172.7,7175,7745,7375.29,6795.63,-5.26,0.3504,0.888,5,200.29,2.792,9,-1802.58,-100.0,False,2122173.1900000004
TCS.NS,2024-11-25,2024-12-24,4018.77,4020,4340,4124.25,3892.48,-3.14,0.2775,1.248,4,104.25,2.594,19,-1980.73,-100.0,False,2120192.46
HDFCBANK.NS,2024-11-25,2024-12-24,866.56,865,920,883.75,872.63,0.7,0.2138,1.188,3,18.75,2.164,106,-1178.89,-59.32,False,2119013.5700000003
INFY.NS,2024-11-26,2024-12-26,1829.26,1830,1975,1877.22,1813.33,-0.87,0.2767,1.053,4,47.22,2.582,42,-1983.38,-100.0,False,2117030.1900000004
ABB.NS,2024-11-26,2024-12-26,7241.71,7240,7820,7444.08,6861.93,-5.24,0.3488,0.879,3,204.08,2.818,9,-1836.7,-100.0,False,2115193.49
AJMERA.NS,2024-11-26,2024-12-26,200.21,200,215,205.86,210.32,5.05,0.5313,1.162,3,5.86,2.928,341,1521.03,76.09,True,2116714.5200000005
INFY.NS,2024-11-27,2024-12-27,1829.59,1830,1975,1877.34,1822.22,-0.4,0.2767,1.011,3,47.34,2.588,42,-1988.45,-100.0,False,2114726.0700000003
AJMERA.NS,2024-11-27,2024-12-27,207.92,210,225,215.46,206.31,-0.78,0.5014,1.207,3,5.46,2.624,366,-1996.99,-100.0,False,2112729.0800000005
ANGELONE.NS,2024-11-27,2024-12-27,281.38,280,305,289.25,278.84,-0.9,0.4243,0.876,4,9.25,3.289,216,-1998.75,-100.0,False,2110730.3300000005
ABB.NS,2024-11-27,2024-12-27,7406.21,7405,8000,7613.68,6764.71,-8.66,0.3471,0.86,3,208.68,2.818,9,-1878.16,-100.0,False,2108852.170000001
ICICIBANK.NS,2024-11-27,2024-12-27,1290.74,1290,1370,1316.94,1297.54,0.53,0.2118,0.874,4,26.94,2.087,74,-1435.73,-72.02,False,2107416.4400000004
AJMERA.NS,2024-11-28,2024-12-30,209.8,210,225,215.79,203.23,-3.13,0.4911,1.245,4,5.79,2.761,345,-1998.14,-100.0,False,2105418.3000000007
AIIL.NS,2024-11-28,2024-12-30,318.54,320,345,327.79,342.13,7.41,0.2806,0.71,4,7.79,2.446,256,3669.91,183.98,True,2109088.210000001
AJMERA.NS,2024-11-29,2024-12-31,216.54,215,235,222.64,214.68,-0.86,0.498,1.13,3,7.64,3.527,261,-1993.18,-100.0,False,2107095.0300000007
APARINDS.NS,2024-11-29,2024-12-31,10041.9,10040,10845,10344.38,10256.87,2.14,0.4899,0.957,3,304.38,3.031,6,-525.04,-28.75,False,2106569.9900000007
AIIL.NS,2024-11-29,2024-12-31,315.87,315,340,323.5,340.64,7.84,0.2785,0.657,4,8.5,2.691,235,3877.2,194.07,True,2110447.1900000004
AIIL.NS,2024-12-02,2025-01-01,320.34,320,345,328.43,376.99,17.68,0.2845,0.667,3,8.43,2.633,237,3925.96,196.39,True,2114373.1500000004
APARINDS.NS,2024-12-02,2025-01-01,10086.63,10085,10895,10384.39,10345.05,2.56,0.4331,0.919,3,299.39,2.968,6,-236.06,-13.14,False,2114137.090000001
BAJFINANCE.NS,2024-12-03,2025-01-02,659.4,660,705,674.8,729.9,10.69,0.2399,0.931,4,14.8,2.245,135,4076.76,204.02,True,2118213.8500000006
INFY.NS,2024-12-03,2025-01-02,1798.79,1800,1945,1847.05,1861.3,3.47,0.2824,1.125,3,47.05,2.616,42,598.34,30.28,True,2118812.1900000004
ANANTRAJ.NS,2024-12-03,2025-01-02,714.79,715,770,735.71,868.35,21.48,0.4567,0.754,5,20.71,2.897,96,3291.89,165.58,True,2122104.0800000005
ABREL.NS,2024-12-03,2025-01-02,2846.18,2845,3075,2931.08,2459.0,-13.6,0.4626,0.881,4,86.08,3.024,23,-1979.83,-100.0,False,2120124.2500000005
ABCAPITAL.NS,2024-12-03,2025-01-02,199.47,200,215,204.95,183.89,-7.81,0.2901,0.718,4,4.95,2.48,404,-1998.58,-100.0,False,2118125.6700000004
RELIANCE.NS,2024-12-03,2025-01-02,1311.97,1310,1410,1343.04,1231.17,-6.16,0.255,1.114,3,33.04,2.518,60,-1982.3,-100.0,False,2116143.37
AIIL.NS,2024-12-03,2025-01-02,331.58,330,360,340.15,380.02,14.61,0.3085,0.673,4,10.15,3.06,197,3911.2,195.68,True,2120054.5700000003
TITAN.NS,2024-12-03,2025-01-02,3311.88,3310,3555,3391.09,3367.73,1.69,0.2553,0.989,3,81.09,2.448,24,-560.64,-28.81,False,2119493.9300000006
ANANTRAJ.NS,2024-12-04,2025-01-03,721.38,720,780,742.27,878.04,21.72,0.4358,0.697,3,22.27,3.087,89,3357.88,169.41,True,2122851.8100000005
ABCAPITAL.NS,2024-12-04,2025-01-03,198.92,200,215,204.58,184.45,-7.27,0.2627,0.684,4,4.58,2.3,437,-1999.77,-100.0,False,2120852.04
HDFCBANK.NS,2024-12-04,2025-01-03,902.72,905,960,922.89,848.9,-5.96,0.2169,1.032,3,17.89,1.982,111,-1985.91,-100.0,False,2118866.1300000004
TITAN.NS,2024-12-04,2025-01-03,3343.38,3345,3575,3421.15,3430.04,2.59,0.2425,0.924,3,76.15,2.278,26,231.03,11.67,True,2119097.16
ICICIBANK.NS,2024-12-04,2025-01-03,1305.97,1305,1370,1327.58,1255.36,-3.88,0.1693,0.869,4,22.58,1.729,88,-1986.68,-100.0,False,2117110.4800000004
TCS.NS,2024-12-04,2025-01-03,4055.37,4055,4365,4156.89,3818.35,-5.84,0.266,1.123,4,101.89,2.512,19,-1935.84,-100.0,False,2115174.6400000006
ANANDRATHI.NS,2024-12-04,2025-01-03,1037.64,1040,1105,1061.36,981.92,-5.37,0.2277,0.869,4,21.36,2.058,93,-1986.22,-100.0,False,2113188.4200000004
BAJFINANCE.NS,2024-12-04,2025-01-03,665.77,665,710,680.34,731.68,9.9,0.2403,0.947,4,15.34,2.304,130,3856.22,193.41,True,2117044.6400000006
HDFCBANK.NS,2024-12-05,2025-01-06,905.46,905,960,923.37,830.11,-8.32,0.202,1.079,3,18.37,2.029,108,-1983.9,-100.0,False,2115060.74
ANANTRAJ.NS,2024-12-05,2025-01-06,729.07,730,785,750.37,855.12,17.29,0.4227,0.676,4,20.37,2.794,98,3393.39,169.96,True,2118454.1300000004
AJMERA.NS,2024-12-05,2025-01-06,225.13,225,245,232.33,218.26,-3.05,0.4757,1.173,4,7.33,3.256,272,-1993.51,-100.0,False,2116460.62
RELIANCE.NS,2024-12-05,2025-01-06,1310.73,1310,1400,1340.18,1207.57,-7.87,0.2402,1.017,3,30.18,2.302,66,-1991.82,-100.0,False,2114468.8000000003
TCS.NS,2024-12-05,2025-01-06,4157.49,4155,4485,4263.59,3813.78,-8.27,0.2752,1.183,4,108.59,2.612,18,-1954.64,-100.0,False,2112514.16
TITAN.NS,2024-12-05,2025-01-06,3419.5,3420,3670,3502.11,3448.67,0.85,0.253,0.941,4,82.11,2.401,24,-1282.61,-65.08,False,2111231.5500000003
BAJFINANCE.NS,2024-12-05,2025-01-06,676.68,675,725,691.73,725.97,7.28,0.2433,0.961,4,16.73,2.472,119,3959.67,198.95,True,2115191.22
ANANDRATHI.NS,2024-12-05,2025-01-06,1086.99,1085,1175,1114.57,957.35,-11.93,0.2773,0.954,4,29.57,2.72,67,-1981.11,-100.0,False,2113210.1100000003
ICICIBANK.NS,2024-12-05,2025-01-06,1326.27,1325,1390,1347.85,1254.42,-5.42,0.1695,0.905,4,22.85,1.723,87,-1987.94,-100.0,False,2111222.17
ANGELONE.NS,2024-12-05,2025-01-06,311.41,310,335,319.54,265.99,-14.58,0.4281,0.87,5,9.54,3.063,209,-1993.71,-100.0,False,2109228.46
INFY.NS,2024-12-05,2025-01-06,1839.43,1840,1985,1888.19,1842.28,0.16,0.2897,1.13,4,48.19,2.62,41,-1882.38,-95.26,False,2107346.08
AIIL.NS,2024-12-06,2025-01-07,330.7,330,355,339.03,386.86,16.98,0.3309,0.809,5,9.03,2.731,221,3528.79,176.77,True,2110874.87
ABREL.NS,2024-12-06,2025-01-07,2840.6,2840,3070,2925.21,2305.61,-18.83,0.4428,0.938,3,85.21,3.0,23,-1959.83,-100.0,False,2108915.04
ANGELONE.NS,2024-12-06,2025-01-07,318.28,320,345,328.9,266.92,-16.14,0.4321,0.97,4,8.9,2.796,224,-1993.59,-100.0,False,2106921.45
ANANTRAJ.NS,2024-12-06,2025-01-07,739.21,740,800,761.72,883.59,19.53,0.4177,0.7,5,21.72,2.939,92,3521.5,176.21,True,2110442.95
BAJFINANCE.NS,2024-12-06,2025-01-07,676.67,675,725,691.63,726.42,7.35,0.2395,0.891,4,16.63,2.458,120,4004.34,200.65,True,2114447.29
TITAN.NS,2024-12-06,2025-01-07,3448.37,3450,3690,3529.04,3483.15,1.01,0.2425,0.826,4,79.04,2.292,25,-1147.27,-58.06,False,2113300.0200000005
RELIANCE.NS,2024-12-06,2025-01-07,1300.32,1300,1390,1329.72,1230.23,-5.39,0.2355,0.896,4,29.72,2.286,67,-1991.17,-100.0,False,2111308.8500000006
INFY.NS,2024-12-06,2025-01-07,1827.6,1830,1965,1874.03,1835.63,0.44,0.2627,1.008,3,44.03,2.409,45,-1727.95,-87.22,False,2109580.9000000004
ANANDRATHI.NS,2024-12-06,2025-01-07,1068.15,1070,1155,1097.32,966.51,-9.52,0.2809,1.04,3,27.32,2.558,73,-1994.52,-100.0,False,2107586.3800000004
TCS.NS,2024-12-06,2025-01-07,4140.22,4140,4430,4235.96,3751.66,-9.38,0.2425,0.998,3,95.96,2.318,20,-1919.2,-100.0,False,2105667.1800000006
ICICIBANK.NS,2024-12-06,2025-01-07,1318.58,1320,1385,1341.93,1269.45,-3.73,0.1711,0.861,4,21.93,1.663,91,-1995.18,-100.0,False,2103672.0000000005
AJMERA.NS,2024-12-06,2025-01-07,226.16,225,245,232.58,230.25,1.81,0.4755,1.148,3,7.58,3.351,263,-611.73,-30.69,False,2103060.2700000005
AIIL.NS,2024-12-09,2025-01-08,341.15,340,370,350.39,378.94,11.08,0.336,0.852,4,10.39,3.045,192,3765.33,188.77,True,2106825.6000000006
ANANDRATHI.NS,2024-12-09,2025-01-08,1121.44,1120,1210,1151.19,950.9,-15.21,0.3189,1.093,3,31.19,2.781,64,-1995.87,-100.0,False,2104829.7300000004
ANGELONE.NS,2024-12-09,2025-01-08,331.1,330,360,340.97,256.5,-22.53,0.4381,0.97,3,10.97,3.312,182,-1995.69,-100.0,False,2102834.0400000005
ANANDRATHI.NS,2024-12-10,2025-01-09,1102.31,1100,1190,1131.37,977.98,-11.28,0.3235,1.095,3,31.37,2.846,63,-1976.21,-100.0,False,2100857.8300000005
AJMERA.NS,2024-12-10,2025-01-09,233.0,235,250,240.63,220.9,-5.19,0.4936,1.05,4,5.63,2.418,355,-1999.91,-100.0,False,2098857.920000001
AIIL.NS,2024-12-10,2025-01-09,358.97,360,390,370.23,369.84,3.03,0.3673,0.926,3,10.23,2.851,195,-76.09,-3.81,False,2098781.8300000005
ABB.NS,2024-12-10,2025-01-09,7600.9,7600,8210,7810.1,6404.63,-15.74,0.326,0.654,4,210.1,2.764,9,-1890.87,-100.0,False,2096890.9600000004
APARINDS.NS,2024-12-11,2025-01-10,10163.23,10165,10975,10453.27,10533.73,3.65,0.3671,0.888,4,288.27,2.836,6,482.77,27.91,True,2097373.7300000004
BAJFINANCE.NS,2024-12-11,2025-01-10,702.83,705,750,719.84,719.91,2.43,0.2437,0.907,4,14.84,2.111,134,9.85,0.5,True,2097383.5800000005
BHARTIARTL.NS,2024-12-11,2025-01-10,1572.85,1575,1680,1609.81,1602.5,1.89,0.2427,1.078,3,34.81,2.213,57,-416.24,-20.98,False,2096967.3400000005
AJMERA.NS,2024-12-11,2025-01-10,230.16,230,250,237.44,215.97,-6.16,0.4956,0.976,3,7.44,3.232,268,-1993.77,-100.0,False,2094973.5700000005
INFY.NS,2024-12-11,2025-01-10,1876.79,1875,2015,1921.35,1869.95,-0.36,0.2545,0.989,3,46.35,2.47,43,-1993.15,-100.0,False,2092980.4200000006
AIIL.NS,2024-12-11,2025-01-10,369.22,370,400,380.49,372.09,0.78,0.3769,1.022,4,10.49,2.841,190,-1595.7,-80.07,False,2091384.7200000007
APOLLO.NS,2024-12-12,2025-01-13,97.92,100,105,101.52,121.08,23.65,0.2965,0.856,4,1.52,1.55,1317,4585.49,229.33,True,2095970.2100000007
ABB.NS,2024-12-12,2025-01-13,7565.13,7565,8170,7762.78,6035.91,-20.21,0.2785,0.599,3,197.78,2.614,10,-1977.81,-100.0,False,2093992.4000000006
AIIL.NS,2024-12-12,2025-01-13,375.87,375,405,385.92,348.68,-7.23,0.3677,1.074,4,10.92,2.906,183,-1999.08,-100.0,False,2091993.3200000005
BAJFINANCE.NS,2024-12-12,2025-01-13,703.88,705,750,719.81,706.37,0.35,0.2276,0.821,4,14.81,2.104,135,-1814.33,-90.77,False,2090178.9900000005
BHARTIARTL.NS,2024-12-12,2025-01-13,1597.2,1595,1710,1633.57,1583.96,-0.83,0.2476,1.094,4,38.57,2.415,51,-1967.08,-100.0,False,2088211.9100000004
APARINDS.NS,2024-12-12,2025-01-13,9939.9,9940,10735,10224.7,10170.93,2.32,0.3759,0.915,3,284.7,2.864,7,-376.34,-18.88,False,2087835.5700000003
ANANTRAJ.NS,2024-12-12,2025-01-13,751.89,750,810,772.57,824.01,9.59,0.4268,0.672,5,22.57,3.002,88,3293.97,165.86,True,2091129.5400000003
ICICIBANK.NS,2024-12-13,2025-01-14,1334.6,1335,1385,1352.96,1230.8,-7.78,0.1342,0.81,4,17.96,1.346,111,-1993.58,-100.0,False,2089135.9600000002
HDFCBANK.NS,2024-12-13,2025-01-14,908.37,910,945,922.15,799.1,-12.03,0.1409,0.874,4,12.15,1.337,164,-1992.22,-100.0,False,2087143.7400000002
ANANTRAJ.NS,2024-12-13,2025-01-14,758.54,760,820,779.78,828.9,9.28,0.3006,0.707,4,19.78,2.608,101,4061.8,203.27,True,2091205.5400000003
ABB.NS,2024-12-13,2025-01-14,7610.78,7610,8175,7796.11,6072.82,-20.21,0.2577,0.628,4,186.11,2.445,10,-1861.07,-100.0,False,2089344.4700000002
BHARTIARTL.NS,2024-12-13,2025-01-14,1667.81,1670,1800,1712.75,1586.83,-4.86,0.287,1.011,4,42.75,2.563,46,-1966.44,-100.0,False,2087378.0300000003
ABCAPITAL.NS,2024-12-16,2025-01-15,196.62,195,210,200.04,173.79,-11.61,0.1991,0.733,4,5.04,2.565,396,-1997.01,-100.0,False,2085381.0200000003
HDFCBANK.NS,2024-12-16,2025-01-15,905.19,905,945,918.78,797.38,-11.91,0.1443,0.843,4,13.78,1.523,145,-1998.46,-100.0,False,2083382.5600000003
BHARTIARTL.NS,2024-12-16,2025-01-15,1648.77,1650,1780,1693.09,1594.12,-3.31,0.292,1.009,3,43.09,2.614,46,-1982.28,-100.0,False,2081400.2800000003
AJMERA.NS,2024-12-16,2025-01-15,231.13,230,250,237.45,198.17,-14.26,0.421,0.909,3,7.45,3.225,268,-1997.66,-100.0,False,2079402.6200000003
BAJFINANCE.NS,2024-12-16,2025-01-15,712.04,710,755,725.78,708.98,-0.43,0.2199,0.87,4,15.78,2.216,126,-1988.0,-100.0,False,2077414.6200000003
ICICIBANK.NS,2024-12-16,2025-01-15,1335.79,1335,1385,1353.39,1228.77,-8.01,0.1345,0.776,4,18.39,1.377,108,-1985.99,-100.0,False,2075428.6300000004
INFY.NS,2024-12-16,2025-01-15,1882.4,1880,2020,1926.87,1853.5,-1.54,0.2584,0.869,4,46.87,2.49,42,-1968.66,-100.0,False,2073459.9700000004
ABB.NS,2024-12-16,2025-01-15,7795.63,7795,8350,7978.86,6119.4,-21.5,0.2481,0.662,4,183.86,2.358,10,-1838.56,-100.0,False,2071621.4100000004
ANANTRAJ.NS,2024-12-16,2025-01-15,786.25,785,850,807.3,894.17,13.73,0.318,0.677,5,22.3,2.837,89,3799.93,191.43,True,2075421.3400000003
APOLLO.NS,2024-12-17,2025-01-16,96.53,95,105,98.47,127.81,32.4,0.2759,0.658,4,3.47,3.598,575,3752.66,187.88,True,2079174.0000000002
ANANTRAJ.NS,2024-12-17,2025-01-16,805.13,805,870,826.22,886.13,10.06,0.2795,0.778,5,21.22,2.636,94,4115.23,206.3,True,2083289.2300000002
ANANTRAJ.NS,2024-12-18,2025-01-17,799.14,800,865,820.99,898.42,12.42,0.2856,0.834,4,20.99,2.626,95,4181.38,209.74,True,2087470.61
ANANTRAJ.NS,2024-12-19,2025-01-20,836.64,835,905,858.71,918.49,9.78,0.3061,0.994,3,23.71,2.834,84,3888.42,195.24,True,2091359.03
AJMERA.NS,2024-12-19,2025-01-20,222.87,225,240,230.44,198.97,-10.72,0.4484,0.856,4,5.44,2.439,367,-1995.12,-100.0,False,2089363.91
ANANTRAJ.NS,2024-12-20,2025-01-21,846.28,845,915,868.69,864.66,2.17,0.3056,1.044,3,23.69,2.8,84,-338.89,-17.03,False,2089025.02
ICICIBANK.NS,2024-12-24,2025-01-23,1287.32,1285,1340,1304.99,1192.55,-7.36,0.144,0.882,4,19.99,1.553,100,-1999.23,-100.0,False,2087025.79
INFY.NS,2024-12-24,2025-01-23,1814.9,1815,1920,1850.59,1773.45,-2.28,0.2028,1.036,3,35.59,1.961,56,-1993.18,-100.0,False,2085032.61
ICICIBANK.NS,2024-12-26,2025-01-24,1287.42,1285,1340,1305.01,1199.94,-6.79,0.1436,0.914,3,20.01,1.554,99,-1981.23,-100.0,False,2083051.3800000001
ABB.NS,2024-12-26,2025-01-24,6861.93,6860,7410,7049.75,6104.73,-11.03,0.3254,0.938,3,189.75,2.765,10,-1897.49,-100.0,False,2081153.8900000001
AIIL.NS,2024-12-26,2025-01-24,335.98,335,365,345.72,351.8,4.71,0.3921,0.927,3,10.72,3.189,186,1131.42,56.76,True,2082285.31
BAJFINANCE.NS,2024-12-26,2025-01-24,673.26,675,715,687.85,734.78,9.14,0.2047,0.847,4,12.85,1.909,155,4207.59,211.18,True,2086492.9000000001
BAJFINANCE.NS,2024-12-27,2025-01-27,682.34,680,715,692.76,720.64,5.61,0.1746,0.914,3,12.76,1.871,156,3468.85,174.21,True,2089961.7500000002
INFY.NS,2024-12-27,2025-01-27,1822.22,1820,1905,1849.84,1732.15,-4.94,0.1541,1.007,3,29.84,1.638,67,-1999.39,-100.0,False,2087962.3600000003
ABB.NS,2024-12-27,2025-01-27,6764.71,6765,7305,6951.0,6010.27,-11.15,0.3257,0.961,3,186.0,2.75,10,-1860.04,-100.0,False,2086102.3200000003
ICICIBANK.NS,2024-12-27,2025-01-27,1297.54,1300,1350,1317.27,1218.55,-6.09,0.1401,0.926,3,17.27,1.331,115,-1986.38,-100.0,False,2084115.9400000004
AIIL.NS,2024-12-27,2025-01-27,341.28,340,370,350.87,341.2,-0.02,0.3944,0.86,4,10.87,3.185,184,-1779.27,-88.98,False,2082336.6700000004
BAJFINANCE.NS,2024-12-30,2025-01-28,680.42,680,715,692.04,751.38,10.43,0.1736,0.848,4,12.04,1.769,166,3811.88,190.77,True,2086148.5500000003
INFY.NS,2024-12-30,2025-01-28,1812.0,1810,1895,1839.81,1739.51,-4.0,0.1562,0.96,4,29.81,1.645,67,-1997.55,-100.0,False,2084151.0000000002
AIIL.NS,2024-12-30,2025-01-28,342.13,340,370,351.1,325.96,-4.73,0.392,0.812,4,11.1,3.243,180,-1997.2,-100.0,False,2082153.8000000003
ICICIBANK.NS,2024-12-30,2025-01-28,1284.74,1285,1335,1302.93,1237.35,-3.69,0.14,0.922,3,17.93,1.395,111,-1989.98,-100.0,False,2080163.8200000003
ANANTRAJ.NS,2024-12-31,2025-01-29,854.32,855,920,876.42,587.24,-31.26,0.2751,1.221,3,21.42,2.507,93,-1992.16,-100.0,False,2078171.6600000004
ANANTRAJ.NS,2025-01-01,2025-01-30,855.12,855,925,877.61,560.73,-34.43,0.2766,1.111,3,22.61,2.644,88,-1989.66,-100.0,False,2076182.0000000005
APOLLO.NS,2025-01-01,2025-01-30,120.58,120,130,123.86,130.48,8.21,0.4846,1.351,3,3.86,3.202,518,3180.28,159.04,True,2079362.2800000005
BHARTIARTL.NS,2025-01-01,2025-01-30,1582.47,1580,1695,1618.78,1627.15,2.82,0.2528,0.822,3,38.78,2.451,51,426.63,21.57,True,2079788.9100000004
BAJFINANCE.NS,2025-01-01,2025-01-30,685.07,685,720,697.16,780.52,13.93,0.1829,0.848,3,12.16,1.775,164,3745.35,187.77,True,2083534.2600000005
ANANTRAJ.NS,2025-01-02,2025-01-31,868.35,870,935,891.34,597.58,-31.18,0.2776,1.164,3,21.34,2.458,93,-1984.88,-100.0,False,2081549.3800000006
ICICIBANK.NS,2025-01-02,2025-01-31,1280.72,1280,1335,1299.32,1243.21,-2.93,0.1428,0.936,3,19.32,1.508,103,-1989.52,-100.0,False,2079559.8600000006
BHARTIARTL.NS,2025-01-02,2025-01-31,1596.35,1595,1705,1632.03,1612.82,1.03,0.241,0.841,4,37.03,2.319,54,-1037.26,-51.88,False,2078522.6000000006
APOLLO.NS,2025-01-02,2025-01-31,123.86,125,135,128.53,137.56,11.06,0.4874,1.436,3,3.53,2.852,566,3660.7,183.1,True,2082183.3000000005
BAJFINANCE.NS,2025-01-02,2025-01-31,729.9,730,790,749.48,778.89,6.71,0.2844,1.049,4,19.48,2.668,102,2999.93,151.02,True,2085183.2300000004
RELIANCE.NS,2025-01-02,2025-01-31,1231.17,1230,1290,1251.28,1254.27,1.88,0.173,0.787,5,21.28,1.728,94,281.22,14.06,True,2085464.4500000004
APARINDS.NS,2025-01-03,2025-02-01,10886.25,10885,11755,11176.57,7357.14,-32.42,0.2976,0.962,4,291.57,2.678,6,-1749.43,-100.0,False,2083715.0200000005
BAJFINANCE.NS,2025-01-03,2025-02-01,731.68,730,790,750.02,790.25,8.0,0.2811,1.028,4,20.02,2.736,99,3958.09,199.71,True,2087673.1100000006
APOLLO.NS,2025-01-03,2025-02-01,138.14,140,150,143.67,129.95,-5.92,0.5949,1.673,3,3.67,2.656,545,-1999.66,-100.0,False,2085673.4500000007
RELIANCE.NS,2025-01-03,2025-02-01,1240.44,1240,1300,1261.01,1253.77,1.08,0.1708,0.803,5,21.01,1.694,95,-687.78,-34.46,False,2084985.6700000006
APARINDS.NS,2025-01-06,2025-02-03,11088.5,11090,11975,11386.58,7196.59,-35.1,0.2997,1.038,4,296.58,2.675,6,-1779.48,-100.0,False,2083206.1900000006
APARINDS.NS,2025-01-07,2025-02-04,11597.34,11595,12525,11916.08,7091.81,-38.85,0.3273,1.089,3,321.08,2.769,6,-1926.49,-100.0,False,2081279.7000000007
ICICIBANK.NS,2025-01-07,2025-02-04,1269.45,1270,1325,1289.19,1258.49,-0.86,0.1523,0.929,3,19.19,1.512,104,-1996.01,-100.0,False,2079283.6900000006
RELIANCE.NS,2025-01-08,2025-02-05,1254.66,1255,1330,1280.49,1267.26,1.0,0.2157,0.905,4,25.49,2.032,78,-1032.53,-51.93,False,2078251.1600000006
BHARTIARTL.NS,2025-01-08,2025-02-05,1585.94,1585,1690,1619.94,1646.68,3.83,0.2235,0.822,4,34.94,2.203,57,1524.62,76.56,True,2079775.7800000007
ANANTRAJ.NS,2025-01-08,2025-02-05,934.43,935,1010,961.25,583.65,-37.54,0.3536,1.106,4,26.25,2.809,76,-1994.79,-100.0,False,2077780.9900000007
ICICIBANK.NS,2025-01-08,2025-02-05,1254.07,1255,1310,1274.01,1257.99,0.31,0.1538,1.007,3,19.01,1.516,105,-1681.86,-84.26,False,2076099.1300000006
ANANTRAJ.NS,2025-01-09,2025-02-06,904.06,905,975,930.13,595.48,-34.13,0.3769,1.144,3,25.13,2.779,79,-1984.9,-100.0,False,2074114.2300000007
BHARTIARTL.NS,2025-01-10,2025-02-07,1602.5,1605,1700,1636.83,1662.85,3.77,0.2176,0.844,4,31.83,1.987,62,1612.87,81.72,True,2075727.1000000008
RELIANCE.NS,2025-01-13,2025-02-10,1229.23,1230,1305,1255.01,1242.92,1.11,0.2134,1.006,4,25.01,2.035,79,-955.53,-48.36,False,2074771.5700000008
BHARTIARTL.NS,2025-01-13,2025-02-10,1583.96,1585,1650,1608.02,1679.01,6.0,0.1502,0.859,4,23.02,1.453,86,3610.4,182.38,True,2078381.9700000007
RELIANCE.NS,2025-01-14,2025-02-11,1228.14,1230,1305,1254.63,1224.28,-0.31,0.2132,1.053,3,24.63,2.005,81,-1994.69,-100.0,False,2076387.2800000007
BAJFINANCE.NS,2025-01-14,2025-02-11,724.55,725,785,744.58,809.12,11.67,0.2959,1.233,3,19.58,2.702,102,4123.17,206.49,True,2080510.4500000007
APOLLO.NS,2025-01-14,2025-02-11,128.85,130,140,133.83,118.98,-7.66,0.7888,2.125,3,3.83,2.97,522,-1997.44,-100.0,False,2078513.0100000007
BAJFINANCE.NS,2025-01-15,2025-02-12,708.98,710,765,728.49,811.38,14.44,0.3053,1.267,3,18.49,2.608,108,3943.17,197.47,True,2082456.1800000006
APOLLO.NS,2025-01-15,2025-02-12,126.47,125,135,129.15,120.15,-4.99,0.7928,2.049,3,4.15,3.281,482,-1999.72,-100.0,False,2080456.4600000007
APARINDS.NS,2025-01-15,2025-02-12,10242.41,10240,11060,10545.19,6734.13,-34.25,0.4455,1.551,3,305.19,2.98,6,-1831.17,-100.0,False,2078625.2900000007
AIIL.NS,2025-01-15,2025-02-12,354.35,355,385,366.21,335.5,-5.32,0.5397,1.464,3,11.21,3.164,178,-1995.5,-100.0,False,2076629.7900000007
RELIANCE.NS,2025-01-16,2025-02-13,1255.61,1255,1330,1280.58,1205.69,-3.98,0.2098,1.085,4,25.58,2.037,78,-1995.03,-100.0,False,2074634.7600000007
BHARTIARTL.NS,2025-01-16,2025-02-13,1616.68,1615,1670,1635.52,1700.38,5.18,0.1157,0.921,4,20.52,1.269,97,3344.36,168.0,True,2077979.1200000008
APARINDS.NS,2025-01-16,2025-02-13,9983.39,9985,10780,10281.47,6706.69,-32.82,0.4537,1.612,3,296.47,2.97,6,-1778.83,-100.0,False,2076200.2900000007
AIIL.NS,2025-01-16,2025-02-13,366.14,365,395,376.68,339.09,-7.39,0.552,1.575,3,11.68,3.19,171,-1997.08,-100.0,False,2074203.2100000007
ANANTRAJ.NS,2025-01-16,2025-02-13,886.13,885,955,912.01,596.88,-32.64,0.5239,1.363,3,27.01,3.048,74,-1999.01,-100.0,False,2072204.2000000007
AIIL.NS,2025-01-17,2025-02-14,349.85,350,380,361.38,328.19,-6.19,0.576,1.571,4,11.38,3.252,175,-1991.1,-100.0,False,2070213.1000000006
TITAN.NS,2025-01-17,2025-02-14,3336.38,3335,3550,3407.24,3193.13,-4.29,0.2233,1.116,3,72.24,2.165,27,-1950.4,-100.0,False,2068262.7000000007
APOLLO.NS,2025-01-17,2025-02-14,131.27,130,140,134.14,113.69,-13.4,0.79,1.803,3,4.14,3.154,482,-1995.93,-100.0,False,2066266.7700000007
BHARTIARTL.NS,2025-01-17,2025-02-14,1614.01,1615,1670,1634.54,1702.81,5.5,0.1158,0.905,3,19.54,1.211,102,3616.51,181.42,True,2069883.2800000007
ANANTRAJ.NS,2025-01-17,2025-02-14,898.42,900,970,926.42,554.78,-38.25,0.5028,1.399,3,26.42,2.941,75,-1981.71,-100.0,False,2067901.5700000008
BAJFINANCE.NS,2025-01-17,2025-02-14,709.44,710,765,728.44,828.99,16.85,0.2956,1.062,3,18.44,2.599,108,3948.98,198.34,True,2071850.5500000007
RELIANCE.NS,2025-01-17,2025-02-14,1291.2,1290,1370,1317.4,1206.83,-6.53,0.2188,1.187,4,27.4,2.122,72,-1973.07,-100.0,False,2069877.4800000007
BAJFINANCE.NS,2025-01-20,2025-02-17,734.93,735,795,755.24,832.38,13.26,0.3144,1.045,4,20.24,2.754,98,3896.33,196.42,True,2073773.8100000008
APOLLO.NS,2025-01-20,2025-02-17,151.16,150,165,155.9,113.21,-25.11,0.8895,1.891,4,5.9,3.905,338,-1994.99,-100.0,False,2071778.8200000008
TITAN.NS,2025-01-20,2025-02-17,3361.07,3360,3580,3433.44,3212.96,-4.41,0.2248,1.097,3,73.44,2.185,27,-1982.96,-100.0,False,2069795.8600000008
RELIANCE.NS,2025-01-20,2025-02-17,1294.27,1295,1370,1320.07,1214.41,-6.17,0.2005,1.071,3,25.07,1.937,79,-1980.92,-100.0,False,2067814.9400000009
BHARTIARTL.NS,2025-01-20,2025-02-17,1627.54,1630,1675,1646.56,1661.66,2.1,0.1045,0.869,4,16.56,1.017,120,1812.2,91.21,True,2069627.1400000008
ANANTRAJ.NS,2025-01-20,2025-02-17,918.49,920,990,946.62,518.43,-43.56,0.5064,1.413,3,26.62,2.898,75,-1996.22,-100.0,False,2067630.9200000009
TITAN.NS,2025-01-21,2025-02-18,3332.35,3330,3545,3402.44,3201.68,-3.92,0.2226,1.059,3,72.44,2.174,27,-1956.01,-100.0,False,2065674.9100000008
APARINDS.NS,2025-01-21,2025-02-18,10110.64,10110,10920,10410.96,6124.34,-39.43,0.445,1.31,3,300.96,2.977,6,-1805.77,-100.0,False,2063869.1400000008
AIIL.NS,2025-01-21,2025-02-18,365.73,365,395,376.75,305.28,-16.53,0.6245,1.553,3,11.75,3.212,170,-1996.78,-100.0,False,2061872.3600000008
APOLLO.NS,2025-01-21,2025-02-18,144.15,145,155,148.95,105.96,-26.49,0.9183,1.896,3,3.95,2.74,506,-1998.35,-100.0,False,2059874.0100000007
BHARTIARTL.NS,2025-01-21,2025-02-18,1612.67,1615,1665,1632.84,1655.06,2.63,0.1107,0.92,4,17.84,1.106,112,2489.22,124.59,True,2062363.2300000007
BAJFINANCE.NS,2025-01-23,2025-02-20,735.24,735,795,755.56,829.69,12.85,0.3253,1.131,3,20.56,2.796,97,3825.76,191.84,True,2066188.9900000007
BAJFINANCE.NS,2025-01-24,2025-02-21,734.78,735,795,755.39,829.42,12.88,0.324,1.166,3,20.39,2.775,98,3881.8,194.27,True,2070070.7900000007
ICICIBANK.NS,2025-01-27,2025-02-24,1218.55,1220,1285,1242.03,1209.02,-0.78,0.1931,1.103,4,22.03,1.808,90,-1982.31,-100.0,False,2068088.4800000007
BAJFINANCE.NS,2025-01-28,2025-02-25,751.38,750,810,771.6,838.52,11.6,0.3572,1.258,4,21.6,2.874,92,3533.01,177.81,True,2071621.4900000007
ICICIBANK.NS,2025-01-28,2025-02-25,1237.35,1235,1310,1260.64,1214.78,-1.82,0.201,1.174,4,25.64,2.073,77,-1974.65,-100.0,False,2069646.8400000008
TITAN.NS,2025-01-29,2025-02-27,3349.65,3350,3575,3424.72,3202.92,-4.38,0.2335,0.958,3,74.72,2.231,26,-1942.83,-100.0,False,2067704.0100000007
BAJFINANCE.NS,2025-01-29,2025-02-27,766.49,765,830,787.94,859.92,12.19,0.3589,1.226,4,22.94,2.992,87,3659.54,183.39,True,2071363.5500000007
BHARTIARTL.NS,2025-01-29,2025-02-27,1587.18,1585,1655,1610.14,1636.72,3.12,0.1504,0.876,4,25.14,1.584,79,2099.85,105.74,True,2073463.4000000008
ICICIBANK.NS,2025-01-29,2025-02-27,1242.07,1240,1315,1265.61,1213.09,-2.33,0.2015,1.167,3,25.61,2.062,78,-1997.71,-100.0,False,2071465.6900000009
APOLLO.NS,2025-01-30,2025-02-28,130.48,130,140,134.03,112.59,-13.71,0.9647,1.815,4,4.03,3.087,496,-1998.0,-100.0,False,2069467.6900000009
BAJFINANCE.NS,2025-01-30,2025-02-28,780.52,780,845,801.38,842.62,7.96,0.292,1.382,4,21.38,2.74,93,3834.97,192.85,True,2073302.6600000008
RELIANCE.NS,2025-01-30,2025-02-28,1242.32,1240,1325,1268.75,1189.82,-4.23,0.2315,1.125,3,28.75,2.314,69,-1983.57,-100.0,False,2071319.0900000008
BHARTIARTL.NS,2025-01-30,2025-02-28,1627.15,1625,1705,1653.41,1557.18,-4.3,0.1719,0.914,3,28.41,1.746,70,-1988.8,-100.0,False,2069330.2900000007
ABCAPITAL.NS,2025-01-30,2025-02-28,177.18,175,190,180.87,156.33,-11.77,0.3746,1.105,3,5.87,3.314,340,-1996.15,-100.0,False,2067334.1400000008
HDFCBANK.NS,2025-01-31,2025-03-03,824.41,825,870,840.0,825.77,0.16,0.1855,0.999,3,15.0,1.82,133,-1893.12,-94.86,False,2065441.0200000007
BAJFINANCE.NS,2025-01-31,2025-03-03,778.89,780,840,799.94,852.25,9.42,0.2926,1.411,3,19.94,2.56,100,4005.94,200.89,True,2069446.9600000007
ABREL.NS,2025-01-31,2025-03-03,2147.68,2150,2320,2216.67,1984.96,-7.58,0.7141,1.084,3,66.67,3.104,29,-1933.36,-100.0,False,2067513.6000000006
TITAN.NS,2025-01-31,2025-03-03,3468.4,3470,3680,3540.49,3062.7,-11.7,0.2136,1.039,3,70.49,2.032,28,-1973.79,-100.0,False,2065539.8100000005
RELIANCE.NS,2025-01-31,2025-03-03,1254.27,1255,1340,1282.86,1161.22,-7.42,0.2324,0.959,3,27.86,2.221,71,-1978.05,-100.0,False,2063561.7600000005
APOLLO.NS,2025-01-31,2025-03-03,137.56,140,150,143.76,110.13,-19.94,0.9009,1.813,3,3.76,2.733,531,-1996.38,-100.0,False,2061565.3800000006
BHARTIARTL.NS,2025-01-31,2025-03-03,1612.82,1615,1695,1641.88,1582.57,-1.88,0.1733,1.035,4,26.88,1.667,74,-1989.13,-100.0,False,2059576.2500000007
HDFCBANK.NS,2025-02-01,2025-03-04,820.63,820,860,834.03,829.87,1.13,0.169,0.997,3,14.03,1.709,142,-590.06,-29.62,False,2058986.1900000006
BAJFINANCE.NS,2025-02-01,2025-03-04,790.25,790,855,811.42,848.12,7.32,0.2922,1.423,4,21.42,2.71,93,3412.81,171.33,True,2062399.0000000007
ABREL.NS,2025-02-01,2025-03-04,2160.99,2160,2335,2228.65,1995.83,-7.64,0.6841,1.145,3,68.65,3.177,29,-1990.82,-100.0,False,2060408.1800000006
ABCAPITAL.NS,2025-02-01,2025-03-04,176.62,175,190,180.62,154.55,-12.5,0.3451,1.274,3,5.62,3.181,356,-1999.95,-100.0,False,2058408.2300000007
AJMERA.NS,2025-02-01,2025-03-04,190.66,190,205,195.84,156.32,-18.01,0.5006,1.155,3,5.84,3.064,342,-1998.11,-100.0,False,2056410.1200000006
TITAN.NS,2025-02-01,2025-03-04,3529.76,3530,3755,3605.18,3029.41,-14.18,0.2214,1.237,4,75.18,2.13,26,-1954.59,-100.0,False,2054455.5300000005
ANANTRAJ.NS,2025-02-01,2025-03-04,637.63,640,690,659.32,449.61,-29.49,1.296,1.725,3,19.32,3.03,103,-1989.8,-100.0,False,2052465.7300000004
RELIANCE.NS,2025-02-01,2025-03-04,1253.77,1255,1330,1279.9,1151.95,-8.12,0.2088,1.031,3,24.9,1.986,80,-1991.64,-100.0,False,2050474.0900000005
BHARTIARTL.NS,2025-02-01,2025-03-04,1609.79,1610,1690,1637.43,1562.29,-2.95,0.1715,1.069,3,27.43,1.704,72,-1975.13,-100.0,False,2048498.9600000007
APOLLO.NS,2025-02-01,2025-03-04,129.95,130,140,133.98,111.65,-14.09,0.8859,1.586,3,3.98,3.059,503,-1999.7,-100.0,False,2046499.2600000007
BHARTIARTL.NS,2025-02-03,2025-03-05,1638.65,1640,1725,1668.74,1604.83,-2.06,0.1814,1.111,3,28.74,1.754,69,-1982.91,-100.0,False,2044516.3500000008
INFY.NS,2025-02-03,2025-03-05,1771.41,1770,1915,1819.66,1627.1,-8.15,0.3207,1.042,3,49.66,2.803,40,-1986.28,-100.0,False,2042530.0700000008
BAJFINANCE.NS,2025-02-03,2025-03-05,832.3,830,900,854.56,819.74,-1.51,0.337,1.539,4,24.56,2.95,81,-1989.02,-100.0,False,2040541.0500000007
TITAN.NS,2025-02-03,2025-03-05,3557.88,3560,3785,3634.71,3067.22,-13.79,0.2205,1.247,4,74.71,2.1,26,-1942.34,-100.0,False,2038598.7100000007
RELIANCE.NS,2025-02-04,2025-03-06,1274.2,1275,1355,1301.81,1199.24,-5.88,0.2245,1.071,3,26.81,2.104,74,-1984.03,-100.0,False,2036614.6800000006
BHARTIARTL.NS,2025-02-04,2025-03-06,1647.68,1650,1735,1678.49,1613.41,-2.08,0.1815,1.169,4,28.49,1.729,70,-1994.09,-100.0,False,2034620.5900000005
RELIANCE.NS,2025-02-05,2025-03-07,1267.26,1265,1350,1293.62,1239.1,-2.22,0.2231,1.066,3,28.62,2.258,69,-1974.68,-100.0,False,2032645.9100000006
ABREL.NS,2025-02-05,2025-03-07,2272.85,2275,2455,2345.55,1967.35,-13.44,0.7016,1.114,3,70.55,3.104,28,-1975.37,-100.0,False,2030670.5400000005
HDFCBANK.NS,2025-02-05,2025-03-07,843.36,845,885,858.78,819.8,-2.79,0.1817,0.985,3,13.78,1.634,145,-1998.36,-100.0,False,2028672.1800000004
ICICIBANK.NS,2025-02-05,2025-03-07,1257.99,1260,1325,1281.78,1205.25,-4.19,0.1836,1.035,3,21.78,1.732,91,-1982.22,-100.0,False,2026689.9600000004
AJMERA.NS,2025-02-05,2025-03-07,197.9,200,215,205.47,165.19,-16.53,0.5507,1.175,4,5.47,2.765,365,-1996.95,-100.0,False,2024693.0100000005
AIIL.NS,2025-02-06,2025-03-10,362.33,360,390,371.93,293.48,-19.0,0.5764,0.848,4,11.93,3.292,167,-1991.66,-100.0,False,2022701.3500000006
INFY.NS,2025-02-06,2025-03-10,1821.18,1820,1965,1869.9,1617.54,-11.18,0.3157,1.015,3,49.9,2.74,40,-1996.08,-100.0,False,2020705.2700000005
ICICIBANK.NS,2025-02-06,2025-03-10,1262.66,1265,1330,1286.54,1205.55,-4.52,0.1799,1.044,3,21.54,1.706,92,-1982.13,-100.0,False,2018723.1400000006
HDFCBANK.NS,2025-02-06,2025-03-10,846.3,845,890,860.66,818.95,-3.23,0.1788,0.998,4,15.66,1.851,127,-1989.32,-100.0,False,2016733.8200000005
INFY.NS,2025-02-07,2025-03-11,1809.77,1810,1955,1859.37,1579.66,-12.72,0.3162,0.945,3,49.37,2.728,40,-1974.89,-100.0,False,2014758.9300000006
BHARTIARTL.NS,2025-02-07,2025-03-11,1662.85,1665,1775,1701.05,1649.16,-0.82,0.2321,1.325,4,36.05,2.168,55,-1982.82,-100.0,False,2012776.1100000006
BHARTIARTL.NS,2025-02-10,2025-03-12,1679.01,1680,1790,1716.69,1629.23,-2.97,0.2335,1.301,4,36.69,2.185,54,-1981.13,-100.0,False,2010794.9800000007
ANANTRAJ.NS,2025-02-10,2025-03-12,632.19,630,685,651.41,496.8,-21.42,1.2952,1.067,3,21.41,3.387,93,-1991.44,-100.0,False,2008803.5400000007
AJMERA.NS,2025-02-10,2025-03-12,188.51,190,205,195.39,157.16,-16.63,0.4981,1.028,3,5.39,2.862,370,-1995.95,-100.0,False,2006807.5900000008
ANANTRAJ.NS,2025-02-11,2025-03-13,589.84,590,635,607.63,489.96,-16.93,1.2645,1.047,3,17.63,2.988,113,-1991.81,-100.0,False,2004815.7800000007
TITAN.NS,2025-02-12,2025-03-17,3235.07,3235,3485,3316.89,2998.46,-7.31,0.268,1.445,3,81.89,2.531,24,-1965.32,-100.0,False,2002850.4600000007
BHARTIARTL.NS,2025-02-12,2025-03-17,1697.36,1695,1810,1733.75,1625.56,-4.23,0.2307,1.233,3,38.75,2.283,51,-1976.13,-100.0,False,2000874.3300000008
BAJFINANCE.NS,2025-02-13,2025-03-18,830.64,830,895,852.62,847.56,2.04,0.3188,1.307,3,22.62,2.723,88,-445.16,-22.36,False,2000429.1700000009
BHARTIARTL.NS,2025-02-13,2025-03-18,1700.38,1700,1815,1738.07,1625.56,-4.4,0.2302,1.123,3,38.07,2.239,52,-1979.44,-100.0,False,1998449.730000001
ICICIBANK.NS,2025-02-14,2025-03-19,1250.45,1250,1310,1270.65,1303.05,4.21,0.1601,0.894,4,20.65,1.651,96,3110.01,156.88,True,2001559.740000001
BAJFINANCE.NS,2025-02-14,2025-03-19,828.99,830,895,851.76,862.5,4.04,0.3034,1.229,3,21.76,2.625,91,977.57,49.37,True,2002537.310000001
HDFCBANK.NS,2025-02-17,2025-03-20,833.44,835,875,848.54,858.38,2.99,0.1746,1.025,3,13.54,1.624,147,1447.34,72.73,True,2003984.650000001
BAJFINANCE.NS,2025-02-17,2025-03-20,832.38,830,900,853.41,857.37,3.0,0.2874,1.086,3,23.41,2.813,85,336.5,16.91,True,2004321.150000001
ABREL.NS,2025-02-17,2025-03-20,2104.54,2105,2275,2170.39,1931.95,-8.2,0.5723,1.023,3,65.39,3.107,30,-1961.77,-100.0,False,2002359.380000001
BAJFINANCE.NS,2025-02-18,2025-03-21,836.26,835,905,858.05,880.73,5.32,0.2863,1.052,3,23.05,2.756,86,1950.61,98.42,True,2004309.9900000012
HDFCBANK.NS,2025-02-18,2025-03-21,836.2,835,875,849.34,859.16,2.75,0.1688,0.945,3,14.34,1.715,139,1365.03,68.49,True,2005675.0200000012
ABREL.NS,2025-02-18,2025-03-21,2059.11,2060,2225,2122.62,2033.03,-1.27,0.5153,0.996,3,62.62,3.041,31,-1941.37,-100.0,False,2003733.650000001
ANANTRAJ.NS,2025-02-19,2025-03-24,539.6,540,585,557.4,539.0,-0.11,1.3018,0.903,3,17.4,3.225,114,-1984.01,-100.0,False,2001749.640000001
ANGELONE.NS,2025-02-19,2025-03-24,225.33,225,245,232.65,231.69,2.82,0.607,0.911,3,7.65,3.396,261,-250.45,-12.54,False,2001499.190000001
ANANTRAJ.NS,2025-02-20,2025-03-25,542.35,540,585,557.64,521.92,-3.77,1.3018,0.879,4,17.64,3.252,113,-1992.98,-100.0,False,1999506.2100000011
ANANDRATHI.NS,2025-02-21,2025-03-26,993.54,995,1070,1019.49,911.37,-8.27,0.272,0.911,3,24.49,2.465,81,-1983.36,-100.0,False,1997522.850000001
ANANDRATHI.NS,2025-02-24,2025-03-27,992.97,995,1070,1019.26,928.38,-6.5,0.271,0.928,3,24.26,2.443,82,-1989.44,-100.0,False,1995533.410000001
BHARTIARTL.NS,2025-02-27,2025-04-01,1636.72,1635,1750,1673.56,1709.86,4.47,0.2425,0.963,4,38.56,2.356,51,1851.27,94.15,True,1997384.680000001
HDFCBANK.NS,2025-02-27,2025-04-01,825.36,825,865,838.86,857.95,3.95,0.1651,0.904,4,13.86,1.68,144,2747.78,137.63,True,2000132.4600000011
HDFCBANK.NS,2025-02-28,2025-04-02,840.74,840,885,855.36,872.04,3.72,0.1769,0.997,4,15.36,1.827,130,2168.64,108.59,True,2002301.100000001
HDFCBANK.NS,2025-03-03,2025-04-03,825.77,825,870,840.57,871.05,5.48,0.1885,1.074,3,15.57,1.886,128,3766.51,188.94,True,2006067.610000001
ABCAPITAL.NS,2025-03-05,2025-04-07,156.7,155,170,160.3,179.34,14.45,0.3117,0.984,4,5.3,3.383,377,3656.72,182.99,True,2009724.330000001
APARINDS.NS,2025-03-05,2025-04-07,5765.22,5765,6225,5936.91,4945.07,-14.23,0.4567,0.801,5,171.91,2.982,11,-1891.0,-100.0,False,2007833.330000001
ABCAPITAL.NS,2025-03-06,2025-04-08,159.58,160,170,163.59,184.02,15.32,0.3043,0.972,4,3.59,2.249,557,3571.01,178.64,True,2011404.340000001
RELIANCE.NS,2025-03-06,2025-04-08,1199.24,1200,1260,1220.69,1172.08,-2.27,0.1812,0.998,4,20.69,1.725,96,-1986.38,-100.0,False,2009417.9600000011
ABCAPITAL.NS,2025-03-07,2025-04-09,160.85,160,175,165.01,181.95,13.12,0.3039,0.977,3,5.01,3.112,399,3987.73,199.66,True,2013405.690000001
APARINDS.NS,2025-03-07,2025-04-09,6070.66,6070,6555,6254.92,4788.95,-21.11,0.5166,0.795,5,184.92,3.046,10,-1849.23,-100.0,False,2011556.4600000011
RELIANCE.NS,2025-03-07,2025-04-09,1239.1,1240,1315,1265.35,1175.2,-5.16,0.2203,1.084,4,25.35,2.045,78,-1976.95,-100.0,False,2009579.5100000012
ABCAPITAL.NS,2025-03-10,2025-04-11,158.06,160,170,163.21,185.33,17.25,0.308,0.986,3,3.21,2.032,622,4222.1,211.33,True,2013801.6100000013
APARINDS.NS,2025-03-10,2025-04-11,5657.9,5660,6110,5833.03,4998.8,-11.65,0.5582,0.857,4,173.03,3.058,11,-1903.3,-100.0,False,2011898.3100000012
RELIANCE.NS,2025-03-10,2025-04-11,1227.8,1230,1305,1254.75,1208.51,-1.57,0.2189,1.096,3,24.75,2.016,80,-1980.12,-100.0,False,2009918.190000001
HDFCBANK.NS,2025-03-11,2025-04-15,817.98,820,855,831.89,905.05,10.64,0.1584,0.942,3,11.89,1.453,168,3882.73,194.4,True,2013800.920000001
ICICIBANK.NS,2025-03-11,2025-04-15,1235.86,1235,1290,1254.51,1339.86,8.41,0.1538,0.802,4,19.51,1.578,102,3620.46,181.97,True,2017421.380000001
HDFCBANK.NS,2025-03-12,2025-04-16,830.43,830,870,843.94,911.4,9.75,0.1654,0.996,3,13.94,1.678,143,3727.01,187.01,True,2021148.390000001
ICICIBANK.NS,2025-03-12,2025-04-16,1234.43,1235,1290,1253.89,1346.01,9.04,0.1515,0.824,5,18.89,1.53,105,3791.36,191.13,True,2024939.7500000012
ABCAPITAL.NS,2025-03-12,2025-04-16,162.8,165,175,168.14,195.82,20.28,0.2945,0.982,3,3.14,1.928,637,4370.43,218.57,True,2029310.180000001
ICICIBANK.NS,2025-03-17,2025-04-21,1259.28,1260,1320,1280.36,1399.01,11.1,0.1614,0.803,4,20.36,1.617,98,3884.6,194.68,True,2033194.7800000012
HDFCBANK.NS,2025-03-17,2025-04-21,830.07,830,870,843.77,935.23,12.67,0.1643,0.883,3,13.77,1.659,145,3802.66,190.39,True,2036997.440000001
ICICIBANK.NS,2025-03-18,2025-04-22,1259.28,1260,1315,1279.31,1405.65,11.62,0.1586,0.758,4,19.31,1.534,103,3675.74,184.78,True,2040673.180000001
BHARTIARTL.NS,2025-03-18,2025-04-22,1625.56,1625,1755,1668.07,1836.84,13.0,0.2857,1.009,3,43.07,2.649,46,3998.87,201.85,True,2044672.0500000012
TITAN.NS,2025-03-19,2025-04-23,3057.04,3055,3250,3120.63,3336.28,9.13,0.2188,0.705,4,65.63,2.147,30,3881.09,197.12,True,2048553.1400000013
ICICIBANK.NS,2025-03-19,2025-04-23,1303.05,1305,1375,1328.64,1413.49,8.48,0.196,0.921,3,23.64,1.814,84,3894.19,196.1,True,2052447.3300000012
APOLLO.NS,2025-03-19,2025-04-23,118.39,120,130,123.55,117.78,-0.51,0.5946,0.581,5,3.55,2.996,563,-1997.02,-100.0,False,2050450.3100000012
HDFCBANK.NS,2025-03-19,2025-04-23,846.42,845,890,860.51,933.68,10.31,0.172,0.799,4,15.51,1.832,128,3774.74,190.14,True,2054225.0500000012
BHARTIARTL.NS,2025-03-20,2025-04-24,1691.11,1690,1825,1736.2,1830.3,8.23,0.3109,1.014,4,46.2,2.732,43,3818.47,192.22,True,2058043.5200000012
TITAN.NS,2025-03-20,2025-04-24,3173.11,3175,3410,3252.04,3361.42,5.93,0.2603,0.777,5,77.04,2.428,25,2734.62,141.99,True,2060778.1400000013
RELIANCE.NS,2025-03-20,2025-04-24,1258.28,1260,1335,1285.12,1290.46,2.56,0.2169,0.97,4,25.12,1.996,79,421.49,21.24,True,2061199.6300000013
ABCAPITAL.NS,2025-03-20,2025-04-24,176.78,175,190,180.58,203.1,14.89,0.3203,0.84,5,5.58,3.158,358,3371.25,168.67,True,2064570.8800000013
HDFCBANK.NS,2025-03-20,2025-04-24,858.38,860,900,873.81,930.23,8.37,0.1782,0.825,4,13.81,1.609,144,3771.44,189.66,True,2068342.3200000012
ICICIBANK.NS,2025-03-21,2025-04-25,1332.82,1335,1405,1358.76,1394.04,4.59,0.1946,0.994,4,23.76,1.783,84,2963.81,148.5,True,2071306.1300000013
HDFCBANK.NS,2025-03-21,2025-04-25,859.16,860,905,875.0,927.51,7.96,0.1781,0.803,4,15.0,1.746,133,3990.34,200.05,True,2075296.4700000014
TCS.NS,2025-03-21,2025-04-25,3393.7,3395,3600,3463.98,3270.3,-3.64,0.2136,0.836,5,68.98,2.033,28,-1931.39,-100.0,False,2073365.0800000015
RELIANCE.NS,2025-03-21,2025-04-25,1265.42,1265,1345,1291.83,1289.27,1.88,0.2173,0.865,5,26.83,2.12,74,-189.52,-9.55,False,2073175.5600000015
AJMERA.NS,2025-03-21,2025-04-25,190.79,190,205,196.02,162.41,-14.87,0.6904,0.906,3,6.02,3.157,332,-1999.52,-100.0,False,2071176.0400000014
BHARTIARTL.NS,2025-03-21,2025-04-25,1711.49,1710,1850,1757.37,1802.13,5.3,0.3077,1.003,4,47.37,2.768,42,1880.0,94.49,True,2073056.0400000014
APOLLO.NS,2025-03-21,2025-04-25,125.08,125,135,128.7,111.65,-10.74,0.423,0.69,4,3.7,2.956,540,-1996.41,-100.0,False,2071059.6300000015
ABCAPITAL.NS,2025-03-21,2025-04-25,185.52,185,200,190.41,195.94,5.62,0.3525,0.915,3,5.41,2.915,369,2041.41,102.3,True,2073101.0400000014
HDFCBANK.NS,2025-03-24,2025-04-28,873.55,875,915,888.47,931.88,6.68,0.1603,0.833,3,13.47,1.542,148,3926.45,196.96,True,2077027.4900000014
ANGELONE.NS,2025-03-24,2025-04-28,231.69,230,250,237.97,229.67,-0.87,0.6274,0.774,4,7.97,3.438,251,-1999.52,-100.0,False,2075027.9700000014
RELIANCE.NS,2025-03-24,2025-04-28,1290.95,1290,1375,1318.55,1357.08,5.12,0.2265,0.793,5,28.55,2.212,70,2696.84,134.92,True,2077724.8100000015
AJMERA.NS,2025-03-24,2025-04-28,186.83,185,200,191.16,162.0,-13.29,0.6965,0.948,3,6.16,3.297,324,-1995.91,-100.0,False,2075728.9000000015
ABB.NS,2025-03-24,2025-04-28,5465.79,5465,5905,5620.52,5469.55,0.07,0.3584,0.722,3,155.52,2.845,12,-1811.68,-97.08,False,2073917.2200000016
APOLLO.NS,2025-03-24,2025-04-28,125.31,125,135,128.75,114.58,-8.56,0.4227,0.657,4,3.75,2.995,532,-1996.45,-100.0,False,2071920.7700000016
RELIANCE.NS,2025-03-25,2025-04-29,1274.44,1275,1360,1303.12,1387.72,8.89,0.2321,0.8,3,28.12,2.206,71,4038.55,202.29,True,2075959.3200000017
HDFCBANK.NS,2025-03-25,2025-04-29,883.96,885,925,898.77,926.35,4.8,0.1632,0.92,4,13.77,1.558,145,3802.77,190.4,True,2079762.0900000017
BHARTIARTL.NS,2025-03-26,2025-04-30,1724.14,1725,1860,1770.04,1849.04,7.24,0.2923,0.993,3,45.04,2.612,44,3476.3,175.43,True,2083238.3900000018
APOLLO.NS,2025-03-27,2025-05-02,123.85,125,135,128.48,116.94,-5.57,0.4617,0.692,5,3.48,2.813,574,-1999.46,-100.0,False,2081238.9300000018
ANANDRATHI.NS,2025-03-28,2025-05-05,948.42,950,1025,977.58,865.79,-8.71,0.4429,0.882,3,27.58,2.908,72,-1985.92,-100.0,False,2079253.0100000019
APOLLO.NS,2025-04-02,2025-05-07,124.62,125,135,128.67,117.81,-5.46,0.4714,0.852,4,3.67,2.945,544,-1996.48,-100.0,False,2077256.530000002
ANGELONE.NS,2025-04-02,2025-05-07,229.69,230,250,237.33,231.77,0.9,0.4948,0.949,3,7.33,3.191,272,-1513.05,-75.89,False,2075743.4800000018
BHARTIARTL.NS,2025-04-02,2025-05-07,1740.05,1740,1845,1775.46,1881.07,8.1,0.2114,1.116,3,35.46,2.038,56,3894.17,196.1,True,2079637.6500000018
ANGELONE.NS,2025-04-03,2025-05-08,240.15,240,260,247.56,227.33,-5.34,0.5099,0.84,5,7.56,3.147,264,-1995.02,-100.0,False,2077642.6300000018
ICICIBANK.NS,2025-04-03,2025-05-08,1319.37,1320,1395,1345.1,1424.51,7.97,0.1952,1.186,3,25.1,1.902,79,3942.22,198.82,True,2081584.8500000017
AIIL.NS,2025-04-03,2025-05-08,355.6,355,385,366.29,350.28,-1.5,0.4866,0.892,3,11.29,3.175,177,-1998.43,-100.0,False,2079586.4200000018
HDFCBANK.NS,2025-04-03,2025-05-08,871.05,870,920,887.13,935.91,7.45,0.1938,1.156,3,17.13,1.966,116,3813.49,191.97,True,2083399.9100000018
APOLLO.NS,2025-04-03,2025-05-08,123.06,125,135,128.34,116.5,-5.33,0.475,0.823,4,3.34,2.713,599,-1999.93,-100.0,False,2081399.9800000018
HDFCBANK.NS,2025-04-04,2025-05-09,881.94,880,930,897.41,917.08,3.98,0.1893,1.213,4,17.41,1.974,114,2242.76,113.02,True,2083642.7400000019
ICICIBANK.NS,2025-04-04,2025-05-09,1325.08,1325,1400,1350.39,1378.27,4.01,0.1952,1.2,3,25.39,1.916,78,2173.94,109.75,True,2085816.6800000018
HDFCBANK.NS,2025-04-08,2025-05-13,858.58,860,915,878.15,933.05,8.67,0.2306,1.363,3,18.15,2.114,110,4053.5,203.03,True,2089870.1800000018
ANANDRATHI.NS,2025-04-08,2025-05-13,890.37,890,960,915.72,876.63,-1.54,0.4033,1.192,3,25.72,2.888,77,-1980.08,-100.0,False,2087890.1000000017
TITAN.NS,2025-04-09,2025-05-14,3154.28,3155,3405,3239.03,3565.14,13.03,0.3006,1.214,3,84.03,2.664,23,3817.33,197.52,True,2091707.4300000018
ANANDRATHI.NS,2025-04-09,2025-05-14,877.27,875,945,900.84,890.37,1.49,0.3862,1.173,3,25.84,2.945,77,-805.43,-40.49,False,2090902.0000000019
HDFCBANK.NS,2025-04-09,2025-05-14,856.56,855,915,875.03,927.22,8.25,0.2309,1.293,3,20.03,2.339,99,3956.77,199.51,True,2094858.7700000019
ANGELONE.NS,2025-04-09,2025-05-14,217.4,215,235,223.02,248.64,14.37,0.6405,1.023,3,8.02,3.687,249,2984.04,149.5,True,2097842.810000002
ICICIBANK.NS,2025-04-09,2025-05-14,1290.84,1290,1380,1320.17,1415.28,9.64,0.2439,1.219,3,30.17,2.337,66,3948.84,198.32,True,2101791.6500000022
ANANDRATHI.NS,2025-04-11,2025-05-15,892.97,895,965,919.64,893.56,0.07,0.3709,1.223,3,24.64,2.759,81,-1995.51,-100.0,False,2099796.140000002
BHARTIARTL.NS,2025-04-11,2025-05-15,1742.04,1740,1865,1781.59,1851.72,6.3,0.243,1.201,4,41.59,2.388,48,3366.03,168.6,True,2103162.170000002
HDFCBANK.NS,2025-04-11,2025-05-15,876.82,875,940,896.55,938.48,7.03,0.2423,1.387,4,21.55,2.458,92,3857.78,194.58,True,2107019.950000002
ICICIBANK.NS,2025-04-11,2025-05-15,1301.61,1300,1390,1329.99,1439.69,10.61,0.2314,1.222,3,29.99,2.304,66,3960.69,200.1,True,2110980.640000002
BHARTIARTL.NS,2025-04-15,2025-05-16,1783.89,1785,1910,1826.24,1798.96,0.85,0.2472,1.256,4,41.24,2.312,48,-1309.31,-66.15,False,2109671.330000002
ANANDRATHI.NS,2025-04-15,2025-05-16,879.83,880,950,904.02,904.62,2.82,0.3218,1.184,3,24.02,2.73,83,50.04,2.51,True,2109721.370000002
AIIL.NS,2025-04-15,2025-05-16,332.76,335,360,344.68,430.04,29.23,0.7585,1.231,4,9.68,2.909,206,3155.85,158.26,True,2112877.220000002
ABB.NS,2025-04-15,2025-05-16,5183.52,5185,5600,5330.1,5785.23,11.61,0.3472,0.869,4,145.1,2.799,13,3508.66,186.0,True,2116385.8800000018
HDFCBANK.NS,2025-04-15,2025-05-16,905.05,905,970,926.78,938.92,3.74,0.2594,1.421,4,21.78,2.406,91,1105.15,55.77,True,2117491.030000002
ICICIBANK.NS,2025-04-15,2025-05-16,1339.86,1340,1435,1371.49,1442.87,7.69,0.249,1.296,3,31.49,2.35,63,4001.42,201.73,True,2121492.450000002
TITAN.NS,2025-04-15,2025-05-16,3252.9,3255,3515,3341.99,3610.95,11.01,0.3042,1.25,3,86.99,2.674,22,3806.11,198.87,True,2125298.560000002
APOLLO.NS,2025-04-15,2025-05-16,117.76,120,125,121.92,140.27,19.12,0.5657,0.882,4,1.92,1.63,1042,3210.36,160.55,True,2128508.920000002
ANGELONE.NS,2025-04-15,2025-05-16,226.18,225,245,232.84,273.22,20.8,0.6291,1.058,3,7.84,3.467,255,3100.65,155.08,True,2131609.570000002
TITAN.NS,2025-04-16,2025-05-19,3251.61,3250,3510,3338.08,3595.05,10.56,0.3036,1.227,3,88.08,2.709,22,3782.33,195.2,True,2135391.9000000022
ABB.NS,2025-04-16,2025-05-19,5314.92,5315,5740,5465.17,5803.12,9.19,0.3567,0.932,4,150.17,2.825,13,3572.75,183.01,True,2138964.6500000022
AIIL.NS,2025-04-16,2025-05-19,344.4,345,370,354.94,434.26,26.09,0.7644,1.193,3,9.94,2.888,201,3026.09,151.39,True,2141990.740000002
HDFCBANK.NS,2025-04-16,2025-05-19,911.4,910,980,933.16,940.86,3.23,0.2582,1.402,3,23.16,2.541,86,662.52,33.27,True,2142653.260000002
ICICIBANK.NS,2025-04-16,2025-05-19,1346.01,1345,1440,1376.94,1437.91,6.83,0.2489,1.239,3,31.94,2.373,62,3779.96,190.89,True,2146433.220000002
ANGELONE.NS,2025-04-16,2025-05-19,229.51,230,250,237.57,273.38,19.12,0.6275,1.042,3,7.57,3.298,264,3281.87,164.25,True,2149715.090000002
BHARTIARTL.NS,2025-04-16,2025-05-19,1807.49,1805,1935,1848.5,1803.23,-0.24,0.2455,1.138,3,43.5,2.406,45,-1957.33,-100.0,False,2147757.760000002
APOLLO.NS,2025-04-16,2025-05-19,118.61,120,130,123.55,140.15,18.16,0.5659,0.87,4,3.55,2.995,563,3630.05,181.51,True,2151387.8100000024
ABB.NS,2025-04-17,2025-05-20,5504.62,5505,5945,5662.26,5704.22,3.63,0.3734,1.005,3,157.26,2.857,12,503.49,26.68,True,2151891.300000002
BHARTIARTL.NS,2025-04-17,2025-05-20,1873.44,1875,2015,1921.04,1793.9,-4.25,0.2679,1.178,4,46.04,2.458,43,-1979.92,-100.0,False,2149911.380000002
ANGELONE.NS,2025-04-17,2025-05-20,229.86,230,250,237.63,270.92,17.86,0.628,1.103,3,7.63,3.321,262,3240.11,162.01,True,2153151.490000002
ICICIBANK.NS,2025-04-17,2025-05-20,1395.93,1395,1505,1431.2,1427.19,2.24,0.2719,1.268,4,36.2,2.593,55,-220.53,-11.08,False,2152930.9600000023
ABCAPITAL.NS,2025-04-17,2025-05-20,198.18,200,215,205.14,213.84,7.9,0.4045,1.238,3,5.14,2.595,388,3374.84,169.16,True,2156305.8000000026
APOLLO.NS,2025-04-17,2025-05-20,119.64,120,130,123.75,134.89,12.74,0.5658,0.855,3,3.75,3.134,533,3331.47,166.7,True,2159637.2700000023
HDFCBANK.NS,2025-04-17,2025-05-20,925.33,925,995,948.03,929.31,0.43,0.2606,1.321,4,23.03,2.489,86,-1609.66,-81.28,False,2158027.610000002
ABCAPITAL.NS,2025-04-21,2025-05-21,202.49,200,220,207.5,221.46,9.37,0.4046,1.217,3,7.5,3.702,266,3326.05,166.81,True,2161353.6600000025
ABB.NS,2025-04-21,2025-05-21,5561.43,5560,6005,5719.52,5851.33,5.21,0.3739,1.021,3,159.52,2.868,12,1581.8,82.64,True,2162935.4600000028
HDFCBANK.NS,2025-04-21,2025-05-21,935.23,935,1005,958.1,935.09,-0.02,0.2603,1.355,3,23.1,2.47,86,-1979.39,-99.63,False,2160956.0700000026
AIIL.NS,2025-04-21,2025-05-21,364.56,365,395,376.72,443.14,21.56,0.7561,1.213,3,11.72,3.214,170,3108.23,156.05,True,2164064.3000000026
ANGELONE.NS,2025-04-21,2025-05-21,240.31,240,260,247.8,279.62,16.36,0.6393,1.201,3,7.8,3.244,256,3124.38,156.56,True,2167188.6800000025
ABREL.NS,2025-04-22,2025-05-22,1920.03,1920,2075,1978.37,2108.53,9.82,0.4869,0.882,3,58.37,3.04,34,3285.39,165.54,True,2170474.070000002
ANANTRAJ.NS,2025-04-22,2025-05-22,505.09,505,545,520.75,519.22,2.8,0.6934,1.037,4,15.75,3.118,126,-192.01,-9.68,False,2170282.0600000024
ANANDRATHI.NS,2025-04-22,2025-05-22,875.06,875,945,899.15,918.47,4.96,0.3268,1.043,3,24.15,2.759,82,1584.21,80.01,True,2171866.2700000023
HDFCBANK.NS,2025-04-22,2025-05-22,952.02,950,1025,974.74,931.74,-2.13,0.2592,1.391,3,24.74,2.599,80,-1979.16,-100.0,False,2169887.110000002
AIIL.NS,2025-04-22,2025-05-22,371.89,370,400,382.06,440.2,18.37,0.7165,1.264,3,12.06,3.243,165,2960.14,148.76,True,2172847.2500000023
ANGELONE.NS,2025-04-22,2025-05-22,245.91,245,265,252.77,284.24,15.59,0.519,1.185,4,7.77,3.161,257,3142.38,157.31,True,2175989.630000002
ANANDRATHI.NS,2025-04-23,2025-05-23,884.39,885,955,909.04,937.99,6.06,0.3261,1.013,3,24.04,2.718,83,2403.2,120.47,True,2178392.830000002
TITAN.NS,2025-04-24,2025-05-26,3361.42,3360,3625,3446.95,3587.7,6.73,0.2723,1.087,3,86.95,2.587,23,3237.13,161.87,True,2181629.960000002
INFY.NS,2025-04-25,2025-05-27,1407.2,1405,1520,1445.57,1492.67,6.07,0.3449,0.969,3,40.57,2.883,49,2307.95,116.1,True,2183937.910000002
APARINDS.NS,2025-04-28,2025-05-28,5570.02,5570,6015,5733.03,7792.86,39.91,0.4142,0.687,3,163.03,2.927,12,3383.62,172.95,True,2187321.530000002
RELIANCE.NS,2025-04-28,2025-05-28,1357.08,1355,1465,1393.04,1400.8,3.22,0.3182,1.238,4,38.04,2.803,52,403.91,20.42,True,2187725.4400000023
ICICIBANK.NS,2025-04-29,2025-05-29,1418.85,1420,1520,1452.96,1445.35,1.87,0.2502,1.174,3,32.96,2.323,60,-456.74,-23.1,False,2187268.700000002
APOLLO.NS,2025-04-29,2025-05-29,120.61,120,130,123.91,188.62,56.38,0.5338,0.801,5,3.91,3.245,511,3110.21,155.53,True,2190378.910000002
TITAN.NS,2025-04-29,2025-05-29,3357.45,3355,3595,3434.85,3565.83,6.21,0.2461,0.868,4,79.85,2.378,25,3274.49,164.02,True,2193653.4000000022
BHARTIARTL.NS,2025-04-29,2025-05-29,1808.68,1810,1950,1855.61,1848.15,2.18,0.2718,1.118,3,45.61,2.522,43,-320.77,-16.36,False,2193332.6300000018
RELIANCE.NS,2025-04-29,2025-05-29,1387.72,1390,1500,1427.19,1405.66,1.29,0.3213,1.237,4,37.19,2.68,53,-1140.82,-57.88,False,2192191.810000002
INFY.NS,2025-04-29,2025-05-29,1423.65,1425,1540,1464.28,1507.4,5.88,0.3321,0.904,3,39.28,2.759,50,2156.11,109.77,True,2194347.920000002
TCS.NS,2025-04-29,2025-05-29,3293.54,3295,3525,3371.03,3317.82,0.74,0.2457,0.861,4,76.03,2.308,26,-1383.4,-69.98,False,2192964.5200000023
HDFCBANK.NS,2025-04-30,2025-05-30,934.21,935,1005,957.95,943.87,1.03,0.2666,1.062,3,22.95,2.457,87,-1224.95,-61.35,False,2191739.570000002
AJMERA.NS,2025-04-30,2025-05-30,161.66,160,175,165.7,168.65,4.33,0.4235,0.728,4,5.7,3.528,350,1032.13,51.71,True,2192771.700000002
RELIANCE.NS,2025-04-30,2025-05-30,1392.97,1395,1505,1432.32,1408.73,1.13,0.3213,1.27,4,37.32,2.679,53,-1250.05,-63.2,False,2191521.6500000022
APOLLO.NS,2025-04-30,2025-05-30,117.67,120,125,121.9,188.76,60.41,0.5391,0.808,5,1.9,1.612,1054,3270.07,163.51,True,2194791.720000002
BHARTIARTL.NS,2025-04-30,2025-05-30,1849.04,1850,1995,1897.44,1840.81,-0.45,0.2775,1.076,4,47.44,2.566,42,-1992.62,-100.0,False,2192799.100000002
HDFCBANK.NS,2025-05-02,2025-06-02,932.71,935,1005,957.45,937.66,0.53,0.267,1.063,3,22.45,2.407,89,-1761.78,-88.16,False,2191037.320000002
AJMERA.NS,2025-05-02,2025-06-02,164.97,165,180,170.31,169.84,2.95,0.4315,0.718,4,5.31,3.219,376,-178.56,-8.94,False,2190858.7600000016
AIIL.NS,2025-05-02,2025-06-02,355.7,355,385,366.78,477.5,34.24,0.703,0.976,4,11.78,3.312,169,3078.81,154.62,True,2193937.570000002
ANANDRATHI.NS,2025-05-02,2025-06-02,853.09,855,920,876.25,980.37,14.92,0.2834,0.721,4,21.25,2.49,94,4112.96,205.95,True,2198050.530000002
HDFCBANK.NS,2025-05-05,2025-06-03,939.94,940,1000,960.33,934.02,-0.63,0.2308,1.018,3,20.33,2.163,98,-1992.11,-100.0,False,2196058.420000002
ANANDRATHI.NS,2025-05-05,2025-06-03,865.79,865,930,886.47,976.49,12.79,0.2555,0.712,4,21.47,2.48,93,4048.19,202.73,True,2200106.610000002
ABCAPITAL.NS,2025-05-05,2025-06-03,199.32,200,215,205.3,222.52,11.64,0.3716,1.0,3,5.3,2.658,377,3657.37,183.08,True,2203763.9800000023
AJMERA.NS,2025-05-05,2025-06-03,164.22,165,175,168.82,166.25,1.24,0.4277,0.727,4,3.82,2.324,523,-1340.54,-67.15,False,2202423.4400000023
ABB.NS,2025-05-05,2025-06-03,5454.72,5455,5890,5604.35,5959.18,9.25,0.3219,0.778,4,149.35,2.738,13,3713.43,191.26,True,2206136.8700000024
APOLLO.NS,2025-05-05,2025-06-03,124.83,125,135,128.84,197.73,58.4,0.582,0.909,4,3.84,3.073,521,3211.53,160.7,True,2209348.4000000022
ANGELONE.NS,2025-05-05,2025-06-03,233.34,235,250,240.81,305.64,30.99,0.5733,0.918,3,5.81,2.489,344,3162.4,158.31,True,2212510.800000002
INFY.NS,2025-05-05,2025-06-03,1434.2,1435,1550,1473.76,1487.55,3.72,0.3112,0.813,4,38.76,2.702,51,703.13,35.57,True,2213213.930000002
ICICIBANK.NS,2025-05-05,2025-06-03,1418.46,1420,1515,1451.04,1426.89,0.59,0.2318,1.011,3,31.04,2.188,64,-1545.53,-77.8,False,2211668.4000000022
AIIL.NS,2025-05-05,2025-06-03,370.89,370,400,381.91,494.72,33.39,0.7119,1.025,4,11.91,3.21,167,3021.74,151.98,True,2214690.1400000025
BHARTIARTL.NS,2025-05-05,2025-06-03,1850.53,1850,2000,1898.99,1826.03,-1.32,0.28,0.992,3,48.99,2.647,40,-1959.54,-100.0,False,2212730.6000000024
APOLLO.NS,2025-05-06,2025-06-04,118.48,120,130,123.56,202.86,71.22,0.5934,1.017,4,3.56,3.006,561,3611.7,180.74,True,2216342.3000000026
ABB.NS,2025-05-06,2025-06-04,5302.13,5300,5725,5447.86,6005.41,13.26,0.3334,0.791,4,147.86,2.789,13,3602.85,187.44,True,2219945.1500000027
ANGELONE.NS,2025-05-06,2025-06-04,224.31,225,240,230.92,307.88,37.26,0.5885,0.87,4,5.92,2.637,338,3070.68,153.59,True,2223015.830000003
BHARTIARTL.NS,2025-05-06,2025-06-04,1885.24,1885,2035,1934.36,1859.85,-1.35,0.2807,1.004,4,49.36,2.618,40,-1974.47,-100.0,False,2221041.3600000027
ANANDRATHI.NS,2025-05-06,2025-06-04,846.79,845,905,865.28,982.27,16.0,0.2399,0.713,3,20.28,2.395,98,3892.89,195.91,True,2224934.250000003
TITAN.NS,2025-05-07,2025-06-05,3317.99,3320,3505,3382.71,3482.06,4.94,0.1986,0.993,4,62.71,1.89,31,3079.75,158.41,True,2228014.000000003
HDFCBANK.NS,2025-05-07,2025-06-05,944.21,945,1005,965.02,946.15,0.21,0.2274,0.89,3,20.02,2.121,99,-1868.47,-94.25,False,2226145.5300000026
TITAN.NS,2025-05-08,2025-06-06,3348.2,3350,3525,3409.7,3537.61,5.66,0.185,1.023,4,59.7,1.783,33,3804.99,193.15,True,2229950.520000003
AIIL.NS,2025-05-08,2025-06-06,350.28,350,380,361.68,499.02,42.46,0.6983,1.035,3,11.68,3.334,171,3132.9,156.87,True,2233083.4200000027
ABCAPITAL.NS,2025-05-08,2025-06-06,194.62,195,210,200.47,233.41,19.93,0.4155,1.181,3,5.47,2.811,365,3477.82,174.14,True,2236561.2400000026
ICICIBANK.NS,2025-05-08,2025-06-06,1424.51,1425,1520,1456.4,1448.52,1.69,0.2307,0.967,4,31.4,2.204,63,-496.43,-25.09,False,2236064.8100000024
APARINDS.NS,2025-05-08,2025-06-06,5995.5,5995,6475,6172.45,8056.3,34.37,0.4327,0.93,4,177.45,2.96,11,3328.08,170.5,True,2239392.8900000025
TCS.NS,2025-05-09,2025-06-09,3263.0,3265,3400,3312.24,3274.4,0.35,0.1459,0.886,4,47.24,1.448,42,-1589.29,-80.11,False,2237803.6000000024
APARINDS.NS,2025-05-09,2025-06-09,6056.14,6055,6540,6232.51,8137.82,34.37,0.4108,0.956,3,177.51,2.931,11,3382.41,173.23,True,2241186.0100000026
ABB.NS,2025-05-09,2025-06-09,5408.0,5410,5840,5553.35,6177.87,14.24,0.2961,0.948,3,143.35,2.651,13,3726.41,199.96,True,2244912.4200000027
TITAN.NS,2025-05-09,2025-06-09,3488.32,3490,3695,3559.02,3511.77,0.67,0.2074,1.158,4,69.02,1.979,28,-1322.91,-68.45,False,2243589.5100000026
APARINDS.NS,2025-05-12,2025-06-10,6263.42,6265,6765,6447.84,8109.49,29.47,0.4141,0.999,3,182.84,2.919,10,3171.64,173.47,True,2246761.1500000027
ABCAPITAL.NS,2025-05-12,2025-06-10,205.54,205,220,210.78,242.66,18.06,0.4208,1.173,3,5.78,2.812,346,3190.47,159.56,True,2249951.620000003
TCS.NS,2025-05-12,2025-06-10,3433.82,3435,3655,3508.54,3313.63,-3.5,0.2259,0.999,3,73.54,2.142,27,-1985.65,-100.0,False,2247965.970000003
ANANDRATHI.NS,2025-05-12,2025-06-10,857.2,855,910,873.97,989.14,15.39,0.2168,0.766,3,18.97,2.213,105,3782.72,189.87,True,2251748.690000003
RELIANCE.NS,2025-05-12,2025-06-10,1424.2,1425,1540,1462.34,1426.18,0.14,0.2824,1.268,3,37.34,2.622,53,-1916.39,-96.83,False,2249832.300000003
INFY.NS,2025-05-12,2025-06-10,1546.67,1545,1670,1588.27,1538.64,-0.52,0.3233,0.749,5,43.27,2.797,46,-1990.27,-100.0,False,2247842.030000003
TITAN.NS,2025-05-12,2025-06-10,3540.59,3540,3730,3605.18,3502.13,-1.09,0.1875,1.107,3,65.18,1.841,30,-1955.36,-100.0,False,2245886.670000003
ABB.NS,2025-05-12,2025-06-10,5553.62,5555,6000,5703.96,6131.15,10.4,0.3014,0.923,4,148.96,2.682,13,3848.57,198.75,True,2249735.240000003
ICICIBANK.NS,2025-05-12,2025-06-10,1437.41,1435,1545,1471.65,1412.0,-1.77,0.2607,1.16,3,36.65,2.55,54,-1979.01,-100.0,False,2247756.2300000032
AIIL.NS,2025-05-13,2025-06-11,387.01,385,420,398.32,507.28,31.08,0.5082,1.142,4,13.32,3.441,150,3252.61,162.84,True,2251008.840000003
RELIANCE.NS,2025-05-13,2025-06-11,1403.58,1405,1515,1441.55,1436.49,2.35,0.2945,1.118,3,36.55,2.604,54,-273.11,-13.84,False,2250735.7300000032
ABB.NS,2025-05-13,2025-06-11,5602.83,5605,6050,5753.86,6040.69,7.82,0.2989,0.964,4,148.86,2.657,13,3728.87,192.69,True,2254464.6000000034
ICICIBANK.NS,2025-05-13,2025-06-11,1419.65,1420,1530,1455.85,1420.04,0.03,0.268,1.123,3,35.85,2.526,55,-1969.67,-99.88,False,2252494.9300000034
ABCAPITAL.NS,2025-05-13,2025-06-11,204.89,205,220,210.62,246.25,20.19,0.4174,1.206,4,5.62,2.745,355,3328.74,166.75,True,2255823.6700000037
INFY.NS,2025-05-13,2025-06-11,1491.24,1490,1610,1532.37,1572.48,5.45,0.3479,0.821,5,42.37,2.841,47,1885.18,94.67,True,2257708.850000004
ANANDRATHI.NS,2025-05-13,2025-06-11,876.63,875,935,895.16,1009.36,15.14,0.2274,0.779,4,20.16,2.3,99,3943.93,197.58,True,2261652.780000004
AIIL.NS,2025-05-14,2025-06-12,427.02,425,460,438.85,499.56,16.99,0.5927,1.275,4,13.85,3.243,144,3046.07,152.77,True,2264698.850000004
APARINDS.NS,2025-05-14,2025-06-12,6886.73,6885,7440,7088.55,7943.47,15.34,0.4176,1.155,4,203.55,2.956,9,3163.05,172.66,True,2267861.9000000036
ABCAPITAL.NS,2025-05-14,2025-06-12,218.33,220,235,225.52,242.97,11.29,0.4635,1.335,4,5.52,2.53,362,3430.06,171.51,True,2271291.9600000037
RELIANCE.NS,2025-05-14,2025-06-12,1412.2,1410,1525,1448.36,1429.26,1.21,0.2858,1.024,3,38.36,2.716,52,-993.36,-49.8,False,2270298.600000004
ANANDRATHI.NS,2025-05-14,2025-06-12,890.37,890,950,909.8,1017.48,14.28,0.2253,0.753,4,19.8,2.224,101,4060.41,203.06,True,2274359.010000004
TCS.NS,2025-05-15,2025-06-13,3395.41,3395,3635,3474.74,3297.17,-2.89,0.2475,0.975,4,79.74,2.348,25,-1993.45,-100.0,False,2272365.560000004
APARINDS.NS,2025-05-15,2025-06-13,7894.26,7895,8525,8139.22,7849.03,-0.57,0.5952,1.414,4,244.22,3.094,8,-1953.72,-100.0,False,2270411.8400000036
BHARTIARTL.NS,2025-05-15,2025-06-13,1851.72,1850,1990,1896.47,1825.14,-1.44,0.2613,0.993,4,46.47,2.51,43,-1998.32,-100.0,False,2268413.5200000037
RELIANCE.NS,2025-05-15,2025-06-13,1441.75,1440,1555,1478.64,1415.67,-1.81,0.2876,1.022,4,38.64,2.68,51,-1970.68,-100.0,False,2266442.8400000036
ICICIBANK.NS,2025-05-15,2025-06-13,1439.69,1440,1545,1474.72,1405.26,-2.39,0.2576,1.157,3,34.72,2.411,57,-1978.85,-100.0,False,2264463.9900000035
ANANDRATHI.NS,2025-05-15,2025-06-13,893.56,895,950,913.14,1002.64,12.21,0.2188,0.721,3,18.14,2.03,110,4054.75,203.22,True,2268518.7400000035
INFY.NS,2025-05-15,2025-06-13,1533.45,1535,1655,1577.09,1544.42,0.72,0.3497,0.858,4,42.09,2.745,47,-1535.48,-77.61,False,2266983.2600000035
AIIL.NS,2025-05-15,2025-06-13,429.46,430,465,443.4,489.76,14.04,0.5888,1.237,4,13.4,3.121,149,3217.96,161.14,True,2270201.2200000035
ANANDRATHI.NS,2025-05-16,2025-06-16,904.62,905,955,922.18,1047.91,15.84,0.2024,0.716,3,17.18,1.899,116,3806.95,191.01,True,2274008.1700000037
RELIANCE.NS,2025-05-16,2025-06-16,1443.93,1445,1560,1482.71,1425.49,-1.28,0.2869,0.995,3,37.71,2.612,53,-1998.76,-100.0,False,2272009.410000004
APARINDS.NS,2025-05-16,2025-06-16,8179.57,8180,8835,8433.18,7690.97,-5.97,0.5823,1.565,4,253.18,3.095,7,-1772.26,-100.0,False,2270237.150000004
ICICIBANK.NS,2025-05-16,2025-06-16,1442.87,1445,1550,1479.15,1415.97,-1.86,0.2576,1.121,3,34.15,2.367,58,-1980.69,-100.0,False,2268256.460000004
TCS.NS,2025-05-16,2025-06-16,3377.77,3380,3620,3458.92,3345.59,-0.95,0.2497,0.942,3,78.92,2.336,25,-1972.98,-100.0,False,2266283.480000004
BHARTIARTL.NS,2025-05-16,2025-06-16,1798.96,1800,1945,1846.91,1845.87,2.61,0.2792,0.988,4,46.91,2.608,42,-43.81,-2.22,False,2266239.670000004
ANGELONE.NS,2025-05-16,2025-06-16,273.22,275,295,282.55,288.39,5.55,0.5556,1.091,4,7.55,2.762,265,1548.68,77.45,True,2267788.3500000043
ABREL.NS,2025-05-19,2025-06-17,2167.57,2170,2340,2230.99,2463.89,13.67,0.3838,0.841,4,60.99,2.814,32,3488.48,178.76,True,2271276.8300000043
ANGELONE.NS,2025-05-19,2025-06-17,273.38,275,295,282.57,282.79,3.44,0.5557,1.084,3,7.57,2.771,264,56.92,2.85,True,2271333.750000004
ANANTRAJ.NS,2025-05-19,2025-06-17,519.77,520,560,535.46,533.56,2.65,0.5501,0.904,3,15.46,2.975,129,-245.48,-12.31,False,2271088.270000004
HDFCBANK.NS,2025-05-21,2025-06-19,935.09,935,990,953.5,939.21,0.44,0.2013,1.05,3,18.5,1.978,108,-1543.05,-77.24,False,2269545.2200000044
BHARTIARTL.NS,2025-05-21,2025-06-19,1807.39,1805,1930,1847.3,1861.44,2.99,0.2411,0.942,3,42.3,2.341,47,664.41,33.42,True,2270209.6300000045
INFY.NS,2025-05-21,2025-06-19,1491.15,1490,1610,1532.35,1560.24,4.63,0.3481,0.945,3,42.35,2.84,47,1310.75,65.86,True,2271520.3800000045
ICICIBANK.NS,2025-05-21,2025-06-19,1433.64,1435,1530,1466.13,1400.49,-2.31,0.2292,1.107,3,31.13,2.171,64,-1992.05,-100.0,False,2269528.3300000047
RELIANCE.NS,2025-05-21,2025-06-19,1416.96,1415,1530,1453.36,1421.03,0.29,0.2864,1.004,3,38.36,2.707,52,-1681.36,-84.29,False,2267846.970000005
ANGELONE.NS,2025-05-22,2025-06-20,284.24,285,305,292.77,278.27,-2.1,0.5461,1.154,4,7.77,2.733,257,-1996.44,-100.0,False,2265850.530000005
ABB.NS,2025-05-22,2025-06-20,5888.61,5890,6360,6043.78,5932.84,0.75,0.2809,1.035,3,153.78,2.611,13,-1442.17,-72.14,False,2264408.360000005
ANANDRATHI.NS,2025-05-23,2025-06-23,937.99,940,995,958.05,1042.33,11.12,0.2083,0.673,5,18.05,1.924,110,4064.84,204.76,True,2268473.200000005
BHARTIARTL.NS,2025-05-23,2025-06-23,1816.51,1815,1935,1855.18,1920.25,5.71,0.2244,0.866,3,40.18,2.212,49,3188.4,161.96,True,2271661.6000000047
BAJFINANCE.NS,2025-05-26,2025-06-24,916.88,915,990,940.99,910.9,-0.65,0.3183,0.687,4,25.99,2.834,76,-1974.99,-100.0,False,2269686.6100000045
INFY.NS,2025-05-26,2025-06-24,1502.56,1505,1625,1545.99,1524.76,1.48,0.3351,0.796,4,40.99,2.728,48,-1019.37,-51.8,False,2268667.2400000044
HDFCBANK.NS,2025-05-26,2025-06-24,941.59,940,995,958.73,951.63,1.07,0.1904,0.813,4,18.73,1.989,106,-752.39,-37.89,False,2267914.8500000043
TCS.NS,2025-05-26,2025-06-24,3355.0,3355,3590,3432.75,3244.25,-3.3,0.2429,0.849,4,77.75,2.318,25,-1943.84,-100.0,False,2265971.0100000044
ICICIBANK.NS,2025-05-26,2025-06-24,1449.42,1450,1540,1480.31,1413.2,-2.5,0.2221,0.795,4,30.31,2.091,65,-1970.18,-100.0,False,2264000.8300000043
TITAN.NS,2025-05-26,2025-06-24,3587.7,3590,3785,3656.01,3503.92,-2.33,0.1917,0.831,4,66.01,1.84,30,-1980.22,-100.0,False,2262020.610000004
BHARTIARTL.NS,2025-05-26,2025-06-24,1832.08,1830,1945,1869.3,1917.57,4.67,0.219,0.831,4,39.3,2.145,50,2413.27,122.8,True,2264433.880000004
RELIANCE.NS,2025-05-26,2025-06-24,1422.52,1425,1535,1461.44,1438.38,1.12,0.2946,0.88,4,36.44,2.562,54,-1245.6,-63.29,False,2263188.280000004
APARINDS.NS,2025-05-26,2025-06-24,7577.14,7575,8185,7814.04,7830.64,3.35,0.6713,1.518,3,239.04,3.155,8,132.8,6.94,True,2263321.080000004
ANANDRATHI.NS,2025-05-26,2025-06-24,955.02,955,1015,974.95,1036.75,8.56,0.2134,0.694,4,19.95,2.089,100,4005.17,200.78,True,2267326.2500000037
INFY.NS,2025-05-27,2025-06-25,1492.67,1495,1610,1534.92,1556.86,4.3,0.3369,0.717,4,39.92,2.674,50,1097.06,54.96,True,2268423.310000004
HDFCBANK.NS,2025-05-27,2025-06-25,934.84,935,985,952.2,961.0,2.8,0.1918,0.776,5,17.2,1.84,116,1020.38,51.13,True,2269443.6900000037
ICICIBANK.NS,2025-05-27,2025-06-25,1435.32,1435,1525,1465.3,1414.88,-1.42,0.2184,0.813,5,30.3,2.111,66,-1999.8,-100.0,False,2267443.890000004
APARINDS.NS,2025-05-27,2025-06-25,7601.0,7600,8210,7839.04,8035.43,5.72,0.6727,1.549,3,239.04,3.145,8,1571.08,82.16,True,2269014.970000004
RELIANCE.NS,2025-05-27,2025-06-25,1409.92,1410,1510,1442.81,1454.74,3.18,0.2417,0.836,4,32.81,2.327,60,715.9,36.37,True,2269730.870000004
ANANDRATHI.NS,2025-05-27,2025-06-25,964.64,965,1020,983.67,1030.78,6.86,0.203,0.719,4,18.67,1.936,107,3887.17,194.57,True,2273618.0400000038
BAJFINANCE.NS,2025-05-27,2025-06-25,907.14,905,980,931.02,922.33,1.67,0.3209,0.686,4,26.02,2.868,76,-660.27,-33.39,False,2272957.7700000037
ABREL.NS,2025-05-27,2025-06-25,2219.64,2220,2395,2281.63,2352.29,5.98,0.3476,0.982,3,61.63,2.777,32,2260.94,114.64,True,2275218.7100000037
TITAN.NS,2025-05-27,2025-06-25,3566.93,3565,3765,3633.51,3629.33,1.75,0.1944,0.865,5,68.51,1.921,29,-121.15,-6.1,False,2275097.560000004
ANANTRAJ.NS,2025-05-27,2025-06-25,520.42,520,560,535.24,565.57,8.67,0.4663,0.77,4,15.24,2.928,131,3243.73,162.49,True,2278341.2900000038
ABB.NS,2025-05-27,2025-06-25,5978.57,5980,6400,6118.67,5930.85,-0.8,0.2448,0.804,4,138.67,2.319,14,-1941.33,-100.0,False,2276399.9600000037
BHARTIARTL.NS,2025-05-27,2025-06-25,1828.51,1830,1945,1868.06,1949.3,6.61,0.2191,0.729,3,38.06,2.082,52,4000.81,202.14,True,2280400.7700000037
APARINDS.NS,2025-05-28,2025-06-26,7792.86,7795,8415,8037.83,8620.96,10.63,0.671,1.44,3,242.83,3.116,8,3017.35,155.32,True,2283418.120000004
BAJFINANCE.NS,2025-05-28,2025-06-26,916.68,915,990,941.03,945.69,3.16,0.3228,0.71,3,26.03,2.84,76,353.89,17.89,True,2283772.010000004
TITAN.NS,2025-05-28,2025-06-26,3552.32,3550,3750,3618.72,3671.57,3.36,0.1961,0.858,3,68.72,1.934,29,1532.57,76.9,True,2285304.580000004
AIIL.NS,2025-05-28,2025-06-26,464.4,465,500,478.46,529.28,13.97,0.5316,0.856,5,13.46,2.899,148,3187.44,159.97,True,2288492.0200000037
ABREL.NS,2025-05-28,2025-06-26,2216.25,2215,2395,2278.0,2328.35,5.06,0.3447,0.91,4,63.0,2.843,31,1560.81,79.92,True,2290052.830000004
BHARTIARTL.NS,2025-05-28,2025-06-26,1840.71,1840,1955,1878.99,1997.6,8.52,0.2202,0.673,3,38.99,2.118,51,3876.5,194.95,True,2293929.330000004
APOLLO.NS,2025-05-28,2025-06-26,177.16,175,190,181.15,196.6,10.97,0.9091,1.597,4,6.15,3.472,325,2875.8,143.85,True,2296805.1300000036
AIIL.NS,2025-05-29,2025-06-27,466.22,465,505,480.1,524.1,12.41,0.4909,0.894,4,15.1,3.239,132,3286.59,164.87,True,2300091.7200000035
TITAN.NS,2025-05-29,2025-06-27,3565.83,3565,3765,3633.3,3643.25,2.17,0.1959,0.767,3,68.3,1.916,29,288.28,14.55,True,2300380.0000000033
ABREL.NS,2025-05-29,2025-06-27,2255.44,2255,2435,2317.91,2391.28,6.02,0.3393,0.914,3,62.91,2.789,31,2274.6,116.64,True,2302654.6000000034
ICICIBANK.NS,2025-05-29,2025-06-27,1445.35,1445,1535,1475.42,1451.0,0.39,0.2188,0.703,4,30.42,2.105,65,-1587.2,-80.26,False,2301067.400000003
ANANTRAJ.NS,2025-05-29,2025-06-27,544.19,545,590,561.56,553.33,1.68,0.471,0.87,4,16.56,3.043,120,-987.42,-49.68,False,2300079.9800000032
RELIANCE.NS,2025-05-29,2025-06-27,1405.66,1405,1500,1436.6,1502.43,6.88,0.2308,0.702,4,31.6,2.248,63,3993.96,200.6,True,2304073.940000003
APOLLO.NS,2025-05-29,2025-06-27,188.62,190,205,195.79,192.63,2.13,0.906,1.631,3,5.79,3.069,345,-1089.14,-54.54,False,2302984.800000003
INFY.NS,2025-05-29,2025-06-27,1507.4,1505,1630,1548.56,1550.21,2.84,0.3365,0.707,4,43.56,2.89,45,74.32,3.79,True,2303059.120000003
ANANTRAJ.NS,2025-05-30,2025-06-30,560.53,560,605,577.01,565.77,0.94,0.4741,0.79,5,17.01,3.034,117,-1314.72,-66.08,False,2301744.4000000027
INFY.NS,2025-05-30,2025-06-30,1506.54,1505,1625,1547.23,1544.23,2.5,0.3366,0.678,5,42.23,2.803,47,-141.01,-7.1,False,2301603.390000003
RELIANCE.NS,2025-05-30,2025-06-30,1408.73,1410,1500,1439.96,1487.75,5.61,0.2279,0.728,5,29.96,2.127,66,3154.46,159.54,True,2304757.850000003
HDFCBANK.NS,2025-05-30,2025-06-30,943.87,945,995,961.93,982.02,4.04,0.1908,0.728,5,16.93,1.793,118,2371.59,118.75,True,2307129.4400000027
AIIL.NS,2025-05-30,2025-06-30,475.84,475,515,490.08,526.14,10.57,0.4871,0.9,3,15.08,3.169,132,3289.36,165.24,True,2310418.8000000026
ANANDRATHI.NS,2025-06-02,2025-07-01,980.37,980,1055,1004.48,1050.2,7.12,0.2585,0.958,4,24.48,2.497,81,3703.65,186.8,True,2314122.4500000025
ANANTRAJ.NS,2025-06-02,2025-07-01,579.2,580,625,596.91,564.27,-2.58,0.4786,0.876,5,16.91,2.919,118,-1994.87,-100.0,False,2312127.5800000024
APOLLO.NS,2025-06-02,2025-07-01,197.05,195,215,202.92,191.61,-2.76,0.8931,1.704,3,7.92,4.018,252,-1995.17,-100.0,False,2310132.4100000025
ANGELONE.NS,2025-06-02,2025-07-01,309.93,310,335,319.44,291.72,-5.88,0.498,1.121,4,9.44,3.045,211,-1990.99,-100.0,False,2308141.4200000023
AIIL.NS,2025-06-02,2025-07-01,477.5,480,515,492.98,498.48,4.39,0.4775,0.923,3,12.98,2.719,154,846.48,42.34,True,2308987.9000000022
ANANDRATHI.NS,2025-06-03,2025-07-02,976.49,975,1045,998.3,1046.52,7.17,0.2393,0.953,3,23.3,2.386,85,3969.53,200.43,True,2312957.430000002
ANGELONE.NS,2025-06-03,2025-07-02,305.64,305,330,314.46,286.71,-6.19,0.4689,1.101,3,9.46,3.095,211,-1996.0,-100.0,False,2310961.430000002
ANANTRAJ.NS,2025-06-03,2025-07-02,580.45,580,625,596.93,552.88,-4.75,0.4398,0.847,4,16.93,2.917,118,-1997.95,-100.0,False,2308963.480000002
AIIL.NS,2025-06-03,2025-07-02,494.72,495,535,509.75,500.0,1.07,0.4452,0.898,5,14.75,2.982,135,-1316.77,-66.11,False,2307646.710000002
ANANDRATHI.NS,2025-06-04,2025-07-03,982.27,980,1050,1003.48,1046.66,6.56,0.2349,0.956,3,23.48,2.391,85,3670.43,183.88,True,2311317.140000002
BHARTIARTL.NS,2025-06-04,2025-07-03,1859.85,1860,1970,1896.83,2002.56,7.67,0.202,0.629,4,36.83,1.98,54,3951.02,198.65,True,2315268.160000002
RELIANCE.NS,2025-06-04,2025-07-03,1411.31,1410,1505,1441.72,1504.8,6.62,0.2274,0.745,4,31.72,2.248,63,3974.18,198.86,True,2319242.340000002
INFY.NS,2025-06-04,2025-07-03,1495.45,1495,1615,1536.9,1560.52,4.35,0.3393,0.664,4,41.9,2.802,47,1110.43,56.39,True,2320352.7700000023
ABB.NS,2025-06-04,2025-07-03,6005.41,6005,6360,6125.23,5836.42,-2.81,0.2069,0.652,4,120.23,2.002,16,-1923.67,-100.0,False,2318429.1000000024
HDFCBANK.NS,2025-06-04,2025-07-03,942.07,940,995,958.95,974.96,3.49,0.1916,0.772,4,18.95,2.012,105,1680.7,84.46,True,2320109.8000000026
AIIL.NS,2025-06-04,2025-07-03,505.0,505,545,519.86,536.72,6.28,0.4386,0.892,3,14.86,2.943,134,2258.85,113.42,True,2322368.6500000027
ABCAPITAL.NS,2025-06-05,2025-07-04,225.2,225,245,231.8,275.05,22.14,0.3493,0.711,4,6.8,3.022,293,3866.14,193.9,True,2326234.790000003
HDFCBANK.NS,2025-06-05,2025-07-04,946.15,945,1000,963.58,976.04,3.16,0.1893,0.768,4,18.58,1.963,107,1333.32,67.08,True,2327568.1100000027
ANANDRATHI.NS,2025-06-05,2025-07-04,981.52,980,1045,1002.12,1050.05,6.98,0.2285,0.976,3,22.12,2.254,90,3859.17,193.85,True,2331427.2800000026
ANGELONE.NS,2025-06-05,2025-07-04,321.97,320,350,331.2,273.19,-15.15,0.4595,1.055,4,11.2,3.478,178,-1993.3,-100.0,False,2329433.980000003
ICICIBANK.NS,2025-06-05,2025-07-04,1443.66,1445,1540,1476.36,1431.75,-0.82,0.2316,0.812,4,31.36,2.172,63,-1975.78,-100.0,False,2327458.200000003
BHARTIARTL.NS,2025-06-05,2025-07-04,1863.22,1865,1970,1900.15,2000.48,7.37,0.1978,0.645,4,35.15,1.887,56,3911.56,198.71,True,2331369.760000003
RELIANCE.NS,2025-06-05,2025-07-04,1430.05,1430,1525,1461.7,1514.22,5.89,0.2318,0.738,5,31.7,2.217,63,3309.13,165.71,True,2334678.890000003
ABB.NS,2025-06-05,2025-07-04,5995.47,5995,6315,6104.33,5826.98,-2.81,0.1848,0.62,4,109.33,1.824,18,-1967.96,-100.0,False,2332710.930000003
HDFCBANK.NS,2025-06-06,2025-07-07,960.27,960,1010,977.15,975.11,1.54,0.1787,0.842,4,17.15,1.786,116,-237.57,-11.94,False,2332473.360000003
ABCAPITAL.NS,2025-06-06,2025-07-07,233.41,235,250,240.34,276.25,18.35,0.3587,0.817,5,5.34,2.288,374,3612.57,180.86,True,2336085.930000003
ICICIBANK.NS,2025-06-06,2025-07-07,1448.52,1450,1530,1476.83,1424.71,-1.64,0.1944,0.831,5,26.83,1.852,74,-1985.62,-100.0,False,2334100.310000003
BAJFINANCE.NS,2025-06-06,2025-07-07,931.42,930,1000,953.62,919.0,-1.33,0.2656,0.73,5,23.62,2.536,84,-1984.25,-100.0,False,2332116.060000003
ABREL.NS,2025-06-06,2025-07-07,2349.59,2350,2540,2420.38,2269.8,-3.4,0.4484,1.131,4,70.38,2.996,28,-1970.77,-100.0,False,2330145.290000003
ANGELONE.NS,2025-06-06,2025-07-07,316.58,315,340,324.75,275.0,-13.14,0.4709,0.948,3,9.75,3.081,205,-1999.29,-100.0,False,2328146.000000003
RELIANCE.NS,2025-06-06,2025-07-07,1431.14,1430,1520,1460.41,1528.3,6.79,0.2158,0.692,3,30.41,2.125,65,3873.15,195.92,True,2332019.1500000027
ANANDRATHI.NS,2025-06-06,2025-07-07,985.25,985,1050,1006.66,1047.01,6.27,0.2267,0.952,3,21.66,2.198,92,3712.49,186.3,True,2335731.640000003
ABB.NS,2025-06-06,2025-07-07,6015.35,6015,6300,6114.19,5809.09,-3.43,0.1658,0.641,4,99.19,1.649,20,-1983.85,-100.0,False,2333747.790000003
ABB.NS,2025-06-09,2025-07-08,6177.87,6180,6470,6280.54,5805.11,-6.03,0.166,0.7,4,100.54,1.627,19,-1910.29,-100.0,False,2331837.500000003
ABCAPITAL.NS,2025-06-09,2025-07-08,240.23,240,260,246.74,277.4,15.47,0.3102,0.882,5,6.74,2.806,296,3924.88,196.72,True,2335762.3800000027
BAJFINANCE.NS,2025-06-09,2025-07-08,954.88,955,1020,976.57,921.98,-3.45,0.2373,0.858,5,21.57,2.259,92,-1984.69,-100.0,False,2333777.6900000027
ABREL.NS,2025-06-09,2025-07-08,2453.92,2455,2650,2527.44,2234.8,-8.93,0.4479,1.275,4,72.44,2.952,27,-1955.81,-100.0,False,2331821.8800000027
APARINDS.NS,2025-06-09,2025-07-08,8137.82,8140,8790,8392.83,8569.26,5.3,0.623,0.717,4,252.83,3.107,7,1235.07,69.79,True,2333056.9500000025
INFY.NS,2025-06-09,2025-07-08,1516.37,1515,1605,1545.5,1579.81,4.18,0.1999,0.651,4,30.5,2.011,65,2229.99,112.49,True,2335286.9400000027
HDFCBANK.NS,2025-06-09,2025-07-08,960.37,960,995,972.84,981.97,2.25,0.1301,0.838,4,12.84,1.337,155,1415.99,71.15,True,2336702.930000003
RELIANCE.NS,2025-06-09,2025-07-08,1436.4,1435,1500,1458.15,1524.44,6.13,0.1569,0.693,3,23.15,1.612,86,3598.84,180.74,True,2340301.770000003
BHARTIARTL.NS,2025-06-10,2025-07-09,1841.7,1840,1925,1870.06,2002.96,8.76,0.1584,0.663,4,30.06,1.632,66,3626.22,182.79,True,2343927.990000003
BAJFINANCE.NS,2025-06-10,2025-07-09,943.95,945,1010,966.34,934.85,-0.96,0.2432,0.893,3,21.34,2.26,93,-1984.17,-100.0,False,2341943.820000003
AJMERA.NS,2025-06-10,2025-07-09,189.07,190,205,195.32,182.16,-3.65,0.4249,1.008,3,5.32,2.815,375,-1995.76,-100.0,False,2339948.0600000033
INFY.NS,2025-06-10,2025-07-09,1538.64,1540,1610,1563.89,1574.99,2.36,0.1573,0.677,5,23.89,1.553,83,920.64,46.42,True,2340868.7000000034
TCS.NS,2025-06-10,2025-07-09,3313.63,3315,3445,3361.22,3237.94,-2.28,0.1401,0.668,4,46.22,1.395,43,-1987.32,-100.0,False,2338881.3800000036
RELIANCE.NS,2025-06-10,2025-07-09,1426.18,1425,1485,1446.71,1505.99,5.6,0.1495,0.678,3,21.71,1.522,92,3522.78,176.38,True,2342404.1600000034
APARINDS.NS,2025-06-10,2025-07-09,8109.49,8110,8760,8362.84,8756.16,7.97,0.621,0.757,4,252.84,3.118,7,2753.19,155.56,True,2345157.3500000034
ABB.NS,2025-06-10,2025-07-09,6131.15,6130,6435,6235.23,5862.76,-4.38,0.1715,0.714,4,105.23,1.716,19,-1999.3,-100.0,False,2343158.0500000035
ABCAPITAL.NS,2025-06-10,2025-07-09,242.66,245,260,250.01,273.3,12.63,0.3075,0.883,5,5.01,2.063,399,3987.49,199.62,True,2347145.5400000038
HDFCBANK.NS,2025-06-10,2025-07-09,953.77,955,985,965.8,986.78,3.46,0.1145,0.82,3,10.8,1.132,185,3552.24,177.81,True,2350697.780000004
ABCAPITAL.NS,2025-06-11,2025-07-10,246.25,245,265,251.49,272.0,10.46,0.2308,0.941,3,6.49,2.637,308,4160.09,208.01,True,2354857.870000004
INFY.NS,2025-06-11,2025-07-10,1572.48,1570,1650,1597.82,1557.73,-0.94,0.1664,0.748,5,27.82,1.769,71,-1974.98,-100.0,False,2352882.890000004
TCS.NS,2025-06-11,2025-07-10,3322.24,3320,3450,3367.08,3236.22,-2.59,0.1357,0.677,4,47.08,1.417,42,-1977.52,-100.0,False,2350905.370000004
ICICIBANK.NS,2025-06-11,2025-07-10,1420.04,1420,1475,1439.8,1413.2,-0.48,0.1383,0.88,4,19.8,1.395,100,-1980.42,-100.0,False,2348924.950000004
APARINDS.NS,2025-06-11,2025-07-10,8083.64,8085,8730,8334.83,8847.62,9.45,0.5929,0.739,3,249.83,3.091,8,3161.33,158.17,True,2352086.280000004
AJMERA.NS,2025-06-11,2025-07-10,190.06,190,205,195.56,183.14,-3.64,0.4237,1.079,4,5.56,2.924,359,-1994.84,-100.0,False,2350091.440000004
ANANDRATHI.NS,2025-06-11,2025-07-10,1009.36,1010,1075,1031.5,1055.83,4.6,0.2238,0.855,5,21.5,2.13,93,2262.37,113.13,True,2352353.8100000042
INFY.NS,2025-06-12,2025-07-11,1550.79,1550,1625,1576.32,1537.58,-0.85,0.1701,0.739,4,26.32,1.697,76,-1999.98,-100.0,False,2350353.8300000043
ANANDRATHI.NS,2025-06-12,2025-07-11,1017.48,1015,1085,1038.54,1101.55,8.26,0.2236,0.891,5,23.54,2.313,84,3902.83,197.39,True,2354256.6600000043
AIIL.NS,2025-06-12,2025-07-11,499.56,500,535,511.58,525.72,5.24,0.2514,0.816,4,11.58,2.317,172,2432.55,122.16,True,2356689.210000004
APOLLO.NS,2025-06-13,2025-07-14,193.86,195,210,200.83,184.09,-5.04,0.8309,1.249,3,5.83,3.007,343,-1999.18,-100.0,False,2354690.030000004
APOLLO.NS,2025-06-16,2025-07-15,194.67,195,210,200.93,181.28,-6.88,0.8297,1.187,3,5.93,3.045,337,-1997.85,-100.0,False,2352692.180000004
TCS.NS,2025-06-16,2025-07-15,3345.59,3345,3480,3393.13,3112.11,-6.98,0.1407,0.748,4,48.13,1.439,41,-1973.51,-100.0,False,2350718.670000004
ANANDRATHI.NS,2025-06-16,2025-07-15,1047.91,1050,1130,1075.82,1223.43,16.75,0.2725,0.952,3,25.82,2.464,77,4171.82,209.83,True,2354890.490000004
ABCAPITAL.NS,2025-06-17,2025-07-16,255.11,255,275,261.37,270.2,5.92,0.2496,1.128,4,6.37,2.496,314,2773.76,138.75,True,2357664.2500000037
APOLLO.NS,2025-06-17,2025-07-16,200.87,200,215,206.1,179.25,-10.76,0.8053,1.162,3,6.1,3.035,328,-1999.56,-100.0,False,2355664.6900000037
INFY.NS,2025-06-17,2025-07-16,1580.96,1580,1650,1604.67,1550.11,-1.95,0.1506,0.842,5,24.67,1.56,81,-1998.22,-100.0,False,2353666.4700000035
RELIANCE.NS,2025-06-17,2025-07-16,1418.95,1420,1470,1437.95,1472.88,3.8,0.1273,0.768,4,17.95,1.265,111,3557.03,178.48,True,2357223.5000000033
ANANDRATHI.NS,2025-06-17,2025-07-16,1039.39,1040,1120,1066.19,1247.38,20.01,0.2722,0.962,3,26.19,2.52,76,4089.24,205.41,True,2361312.7400000035
AIIL.NS,2025-06-18,2025-07-17,508.22,510,550,523.06,558.7,9.93,0.3059,0.902,4,13.06,2.569,153,4122.42,206.37,True,2365435.1600000034
ABB.NS,2025-06-18,2025-07-17,6007.89,6010,6245,6093.53,5603.82,-6.73,0.1387,0.776,4,83.53,1.39,23,-1921.19,-100.0,False,2363513.9700000035
HDFCBANK.NS,2025-06-18,2025-07-17,938.53,940,970,950.62,974.86,3.87,0.114,0.782,4,10.62,1.131,188,3643.68,182.52,True,2367157.6500000036
ABCAPITAL.NS,2025-06-18,2025-07-17,256.23,255,275,261.6,269.0,4.98,0.2299,1.145,4,6.6,2.575,303,2242.45,112.15,True,2369400.100000004
AIIL.NS,2025-06-19,2025-07-18,509.96,510,550,523.55,560.96,10.0,0.302,0.932,3,13.55,2.657,147,3888.32,195.23,True,2373288.4200000037
HDFCBANK.NS,2025-06-19,2025-07-18,939.21,940,970,950.83,960.39,2.25,0.1132,0.803,4,10.83,1.153,184,1758.05,88.21,True,2375046.4700000035
ABCAPITAL.NS,2025-06-19,2025-07-18,255.68,255,275,261.39,264.35,3.39,0.2309,1.18,3,6.39,2.499,313,926.92,46.35,True,2375973.3900000034
AIIL.NS,2025-06-20,2025-07-21,517.58,520,560,532.93,577.0,11.48,0.3031,0.949,3,12.93,2.499,154,4168.41,209.3,True,2380141.8000000035
TCS.NS,2025-06-20,2025-07-21,3287.6,3290,3420,3335.89,3032.32,-7.77,0.1419,0.867,4,45.89,1.396,43,-1973.07,-100.0,False,2378168.7300000037
ABCAPITAL.NS,2025-06-20,2025-07-21,260.28,260,280,266.32,271.05,4.14,0.2335,1.177,4,6.32,2.429,316,1493.72,74.76,True,2379662.450000004
ANANDRATHI.NS,2025-06-20,2025-07-21,1029.28,1030,1110,1056.28,1306.9,26.97,0.2792,1.137,3,26.28,2.553,76,4082.54,204.39,True,2383744.990000004
INFY.NS,2025-06-20,2025-07-21,1564.57,1565,1630,1587.78,1527.36,-2.38,0.1438,0.934,4,22.78,1.456,87,-1981.65,-100.0,False,2381763.340000004
HDFCBANK.NS,2025-06-20,2025-07-21,953.48,955,985,965.92,981.53,2.94,0.1226,0.775,5,10.92,1.146,183,2856.45,142.89,True,2384619.790000004
RELIANCE.NS,2025-06-20,2025-07-21,1453.65,1455,1510,1474.34,1416.37,-2.56,0.1338,0.852,5,19.34,1.33,103,-1991.61,-100.0,False,2382628.1800000044
HDFCBANK.NS,2025-06-23,2025-07-22,945.57,945,980,957.71,984.77,4.15,0.1263,0.791,3,12.71,1.344,157,3499.26,175.34,True,2386127.440000004
RELIANCE.NS,2025-06-23,2025-07-22,1444.33,1445,1500,1464.59,1400.7,-3.02,0.1356,0.896,4,19.59,1.356,102,-1998.39,-100.0,False,2384129.050000004
ABB.NS,2025-06-23,2025-07-22,5888.11,5890,6200,5995.72,5720.62,-2.84,0.1845,0.84,4,105.72,1.796,18,-1902.99,-100.0,False,2382226.060000004
ABCAPITAL.NS,2025-06-23,2025-07-22,264.62,265,280,270.25,268.55,1.49,0.2327,1.158,3,5.25,1.984,381,-647.26,-32.37,False,2381578.800000004
APOLLO.NS,2025-06-23,2025-07-22,213.82,215,230,220.91,183.66,-14.11,0.7803,1.202,3,5.91,2.763,338,-1996.63,-100.0,False,2379582.170000004
AIIL.NS,2025-06-24,2025-07-23,532.98,535,575,548.23,577.8,8.41,0.3033,1.04,3,13.23,2.483,151,4041.77,202.27,True,2383623.940000004
APOLLO.NS,2025-06-24,2025-07-23,204.0,205,220,210.86,180.58,-11.48,0.7328,1.327,3,5.86,2.874,341,-1999.3,-100.0,False,2381624.6400000043
TITAN.NS,2025-06-24,2025-07-23,3503.92,3505,3665,3560.34,3460.05,-1.25,0.1583,0.956,3,55.34,1.579,36,-1992.14,-100.0,False,2379632.500000004
TCS.NS,2025-06-25,2025-07-24,3296.31,3295,3440,3346.29,3022.53,-8.31,0.1532,0.942,3,51.29,1.556,38,-1949.03,-100.0,False,2377683.4700000044
HDFCBANK.NS,2025-06-25,2025-07-24,961.0,960,995,973.02,988.25,2.84,0.1284,0.835,4,13.02,1.355,153,2331.32,117.05,True,2380014.790000004
ANANDRATHI.NS,2025-06-25,2025-07-24,1030.78,1030,1110,1056.36,1310.49,27.14,0.2666,1.26,3,26.36,2.557,75,4023.31,203.54,True,2384038.1000000043
INFY.NS,2025-06-25,2025-07-24,1556.86,1555,1640,1584.17,1496.7,-3.86,0.1815,0.995,3,29.17,1.873,68,-1983.23,-100.0,False,2382054.8700000043
TITAN.NS,2025-06-25,2025-07-24,3629.33,3630,3840,3701.02,3473.0,-4.31,0.2028,1.074,4,71.02,1.957,28,-1988.54,-100.0,False,2380066.3300000043
ABREL.NS,2025-06-25,2025-07-24,2352.29,2350,2540,2420.02,2028.56,-13.76,0.4171,1.013,3,70.02,2.977,28,-1960.67,-100.0,False,2378105.6600000043
RELIANCE.NS,2025-06-26,2025-07-25,1482.5,1480,1545,1503.41,1379.78,-6.93,0.1468,0.962,4,23.41,1.579,85,-1989.71,-100.0,False,2376115.9500000044
TCS.NS,2025-06-26,2025-07-25,3293.44,3295,3440,3345.27,3010.81,-8.58,0.1532,0.93,3,50.27,1.526,39,-1960.52,-100.0,False,2374155.4300000044
INFY.NS,2025-06-26,2025-07-25,1557.92,1560,1640,1586.82,1461.23,-6.21,0.1798,0.96,3,26.82,1.721,74,-1984.36,-100.0,False,2372171.0700000045
BAJFINANCE.NS,2025-06-26,2025-07-25,945.69,945,1015,968.33,908.17,-3.97,0.259,1.074,3,23.33,2.467,85,-1983.27,-100.0,False,2370187.8000000045
ANANDRATHI.NS,2025-06-26,2025-07-25,1032.32,1030,1110,1056.7,1293.05,25.26,0.2608,1.219,3,26.7,2.587,74,3944.0,199.59,True,2374131.8000000045
AJMERA.NS,2025-06-26,2025-07-25,183.68,185,200,190.18,186.44,1.51,0.4246,1.024,3,5.18,2.818,386,-1441.26,-72.13,False,2372690.5400000047
TITAN.NS,2025-06-26,2025-07-25,3671.57,3670,3890,3744.38,3451.47,-5.99,0.206,0.989,4,74.38,2.026,26,-1933.83,-100.0,False,2370756.7100000046
ABB.NS,2025-06-26,2025-07-25,5976.58,5975,6310,6089.0,5609.29,-6.15,0.1934,0.816,4,114.0,1.907,17,-1937.96,-100.0,False,2368818.7500000047
HDFCBANK.NS,2025-06-26,2025-07-25,981.19,980,1020,994.7,985.99,0.49,0.1457,0.92,4,14.7,1.498,136,-1184.14,-59.23,False,2367634.6100000045
ABCAPITAL.NS,2025-06-26,2025-07-25,276.8,275,295,282.0,260.35,-5.94,0.2245,1.105,3,7.0,2.528,285,-1994.0,-100.0,False,2365640.6100000045
TCS.NS,2025-06-27,2025-07-28,3292.77,3295,3435,3343.64,2956.56,-10.21,0.149,0.898,3,48.64,1.477,41,-1994.04,-100.0,False,2363646.5700000045
AJMERA.NS,2025-06-27,2025-07-28,184.93,185,200,190.32,184.99,0.03,0.374,0.914,3,5.32,2.877,375,-1995.31,-100.0,False,2361651.2600000044
INFY.NS,2025-06-27,2025-07-28,1550.21,1550,1630,1577.61,1461.52,-5.72,0.1812,0.926,3,27.61,1.781,72,-1987.6,-100.0,False,2359663.6600000043
ABB.NS,2025-06-27,2025-07-28,6033.24,6035,6365,6146.96,5512.37,-8.63,0.191,0.84,5,111.96,1.856,17,-1903.31,-100.0,False,2357760.3500000043
HDFCBANK.NS,2025-06-27,2025-07-28,988.6,990,1030,1003.84,987.91,-0.07,0.1449,0.905,3,13.84,1.4,144,-1992.43,-100.0,False,2355767.920000004
ANANDRATHI.NS,2025-06-27,2025-07-28,1034.06,1035,1110,1059.71,1316.66,27.33,0.2601,1.291,4,24.71,2.39,80,4022.88,203.47,True,2359790.800000004
TCS.NS,2025-06-30,2025-07-29,3312.77,3315,3455,3363.84,2934.19,-11.43,0.1496,0.832,3,48.84,1.474,40,-1953.69,-100.0,False,2357837.110000004
ANANDRATHI.NS,2025-06-30,2025-07-29,1075.65,1075,1150,1100.09,1338.92,24.48,0.243,1.218,4,25.09,2.333,79,3942.9,198.92,True,2361780.010000004
ABB.NS,2025-06-30,2025-07-29,6044.17,6045,6375,6157.38,5545.67,-8.25,0.191,0.851,3,112.38,1.859,17,-1910.46,-100.0,False,2359869.550000004
ABCAPITAL.NS,2025-07-01,2025-07-30,280.8,280,300,287.0,248.8,-11.4,0.2613,1.049,3,7.0,2.492,285,-1994.57,-100.0,False,2357874.980000004
RELIANCE.NS,2025-07-01,2025-07-30,1515.31,1515,1585,1539.51,1398.03,-7.74,0.1613,1.045,3,24.51,1.617,81,-1985.07,-100.0,False,2355889.9100000043
TITAN.NS,2025-07-01,2025-07-30,3677.33,3675,3890,3748.26,3365.46,-8.48,0.2018,0.989,3,73.26,1.992,27,-1978.11,-100.0,False,2353911.8000000045
ANGELONE.NS,2025-07-02,2025-07-31,286.71,285,310,294.02,255.95,-10.73,0.3509,0.966,3,9.02,3.145,221,-1992.89,-100.0,False,2351918.9100000043
ANGELONE.NS,2025-07-03,2025-08-01,290.37,290,315,298.31,252.89,-12.91,0.3083,0.896,4,8.31,2.863,240,-1995.02,-100.0,False,2349923.8900000043
AIIL.NS,2025-07-03,2025-08-01,536.72,535,580,551.68,551.26,2.71,0.4163,1.143,4,16.68,3.108,119,-50.14,-2.53,False,2349873.750000004
AIIL.NS,2025-07-04,2025-08-04,513.58,515,555,529.69,558.64,8.77,0.4493,1.209,3,14.69,2.861,136,3441.65,172.23,True,2353315.400000004
ANANDRATHI.NS,2025-07-04,2025-08-04,1050.05,1050,1130,1076.2,1319.5,25.66,0.2628,1.169,3,26.2,2.495,76,4088.59,205.31,True,2357403.990000004
INFY.NS,2025-07-04,2025-08-04,1581.73,1580,1665,1609.34,1427.29,-9.76,0.1816,0.982,3,29.34,1.855,68,-1995.22,-100.0,False,2355408.7700000037
ABCAPITAL.NS,2025-07-04,2025-08-04,275.05,275,295,281.84,278.45,1.24,0.2784,1.022,3,6.84,2.485,292,-988.42,-49.52,False,2354420.350000004
ABCAPITAL.NS,2025-07-07,2025-08-05,276.25,275,295,282.15,282.0,2.08,0.2677,1.001,3,7.15,2.589,279,-42.17,-2.11,False,2354378.180000004
BHARTIARTL.NS,2025-07-07,2025-08-05,2017.04,2015,2115,2049.8,1931.8,-4.23,0.1665,0.983,3,34.8,1.725,57,-1983.41,-100.0,False,2352394.7700000037
INFY.NS,2025-07-07,2025-08-05,1568.53,1570,1650,1597.39,1407.82,-10.25,0.1851,0.905,3,27.39,1.746,73,-1999.22,-100.0,False,2350395.5500000035
RELIANCE.NS,2025-07-07,2025-08-05,1528.3,1530,1600,1553.86,1379.78,-9.72,0.1603,0.959,3,23.86,1.561,83,-1980.02,-100.0,False,2348415.5300000035
BHARTIARTL.NS,2025-07-08,2025-08-06,2013.17,2015,2110,2047.4,1929.7,-4.15,0.165,0.944,3,32.4,1.609,61,-1976.48,-100.0,False,2346439.0500000035
AIIL.NS,2025-07-08,2025-08-06,533.92,535,575,550.05,580.02,8.63,0.4689,1.207,3,15.05,2.818,132,3293.71,165.82,True,2349732.7600000035
BAJFINANCE.NS,2025-07-08,2025-08-06,921.98,920,970,937.64,871.29,-5.5,0.1852,0.919,3,17.64,1.913,113,-1993.12,-100.0,False,2347739.6400000034
HDFCBANK.NS,2025-07-08,2025-08-06,981.97,980,1020,994.88,976.5,-0.56,0.1422,0.941,3,14.88,1.516,134,-1994.36,-100.0,False,2345745.2800000035
AIIL.NS,2025-07-09,2025-08-07,538.9,540,580,555.07,573.68,6.45,0.4669,1.179,4,15.07,2.796,132,2456.5,123.49,True,2348201.7800000035
ANANDRATHI.NS,2025-07-09,2025-08-07,1046.27,1045,1125,1071.48,1294.5,23.73,0.2604,1.101,3,26.48,2.531,75,4013.72,202.07,True,2352215.5000000037
HDFCBANK.NS,2025-07-09,2025-08-07,986.78,985,1025,999.74,981.47,-0.54,0.1385,0.931,3,14.74,1.494,135,-1989.95,-100.0,False,2350225.5500000035
APARINDS.NS,2025-07-09,2025-08-07,8756.16,8755,9455,9009.89,8689.0,-0.77,0.4011,1.057,3,254.89,2.911,7,-1784.2,-100.0,False,2348441.3500000034
HDFCBANK.NS,2025-07-10,2025-08-08,984.33,985,1025,998.83,970.89,-1.37,0.1379,0.829,4,13.83,1.405,144,-1991.04,-100.0,False,2346450.3100000033
ABCAPITAL.NS,2025-07-10,2025-08-08,272.0,270,295,278.29,271.8,-0.07,0.2703,0.922,3,8.29,3.046,241,-1563.18,-78.28,False,2344887.130000003
ANANDRATHI.NS,2025-07-10,2025-08-08,1055.83,1055,1135,1081.46,1288.87,22.07,0.2608,1.109,3,26.46,2.506,75,4015.61,202.36,True,2348902.740000003
APARINDS.NS,2025-07-10,2025-08-08,8847.62,8850,9555,9104.97,8696.5,-1.71,0.3934,0.871,4,254.97,2.882,7,-1784.81,-100.0,False,2347117.930000003
BAJFINANCE.NS,2025-07-10,2025-08-08,941.86,940,995,958.86,871.79,-7.44,0.1913,0.922,3,18.86,2.003,106,-1999.48,-100.0,False,2345118.450000003
ANGELONE.NS,2025-07-10,2025-08-08,268.4,270,290,276.96,251.2,-6.41,0.3796,0.919,3,6.96,2.594,287,-1998.57,-100.0,False,2343119.880000003
ANANDRATHI.NS,2025-07-11,2025-08-11,1101.55,1100,1190,1130.06,1341.56,21.79,0.2898,1.1,4,30.06,2.729,66,3955.95,199.39,True,2347075.8300000033
ANGELONE.NS,2025-07-11,2025-08-11,263.63,265,285,271.92,250.76,-4.88,0.3703,0.91,3,6.92,2.626,288,-1993.59,-100.0,False,2345082.2400000035
APARINDS.NS,2025-07-11,2025-08-11,8620.46,8620,9310,8871.47,8719.5,1.15,0.4046,0.786,3,251.47,2.917,7,-1063.79,-60.43,False,2344018.4500000034
ANANTRAJ.NS,2025-07-11,2025-08-11,560.63,560,605,575.69,538.75,-3.9,0.3279,0.705,5,15.69,2.799,127,-1992.55,-100.0,False,2342025.9000000036
ANANDRATHI.NS,2025-07-14,2025-08-12,1265.16,1265,1365,1303.49,1372.44,8.48,0.543,1.394,4,38.49,3.042,51,3137.14,159.83,True,2345163.0400000038
APARINDS.NS,2025-07-14,2025-08-12,8684.58,8685,9380,8936.53,8813.5,1.48,0.3937,0.742,4,251.53,2.896,7,-861.18,-48.91,False,2344301.8600000036
ANANTRAJ.NS,2025-07-14,2025-08-12,570.81,570,615,585.88,536.45,-6.02,0.3301,0.712,3,15.88,2.782,125,-1985.18,-100.0,False,2342316.6800000034
ANGELONE.NS,2025-07-14,2025-08-12,263.62,265,285,271.92,246.69,-6.42,0.3699,0.944,3,6.92,2.624,289,-1999.19,-100.0,False,2340317.4900000035
TITAN.NS,2025-07-15,2025-08-13,3403.83,3405,3675,3494.15,3455.46,1.52,0.2869,0.929,3,89.15,2.619,22,-851.13,-43.4,False,2339466.3600000036
ANANTRAJ.NS,2025-07-15,2025-08-13,606.47,605,655,622.97,536.95,-11.46,0.3639,0.831,5,17.97,2.964,111,-1994.99,-100.0,False,2337471.3700000034
APARINDS.NS,2025-07-15,2025-08-13,8987.29,8985,9705,9246.58,8748.5,-2.66,0.3965,0.79,4,261.58,2.911,7,-1831.05,-100.0,False,2335640.3200000036
ANANDRATHI.NS,2025-07-15,2025-08-13,1223.43,1225,1320,1261.55,1378.57,12.68,0.561,1.404,4,36.55,2.987,54,3156.35,159.92,True,2338796.6700000037
APARINDS.NS,2025-07-16,2025-08-14,8959.95,8960,9675,9219.58,8565.5,-4.4,0.3969,0.796,3,259.58,2.897,7,-1817.05,-100.0,False,2336979.620000004
INFY.NS,2025-07-16,2025-08-14,1550.11,1550,1630,1577.26,1395.67,-9.96,0.1753,0.976,3,27.26,1.759,73,-1990.07,-100.0,False,2334989.550000004
TITAN.NS,2025-07-16,2025-08-14,3406.12,3405,3680,3494.93,3477.99,2.11,0.2792,0.955,3,89.93,2.64,22,-372.82,-18.84,False,2334616.730000004
ANANDRATHI.NS,2025-07-17,2025-08-18,1288.22,1290,1390,1328.43,1389.13,7.83,0.5585,1.496,3,38.43,2.983,52,3156.18,157.93,True,2337772.9100000043
ANGELONE.NS,2025-07-17,2025-08-18,269.65,270,290,277.18,262.45,-2.67,0.3591,0.993,3,7.18,2.662,278,-1995.71,-100.0,False,2335777.2000000044
APARINDS.NS,2025-07-18,2025-08-19,8849.61,8850,9560,9105.37,8428.5,-4.76,0.3848,0.789,4,255.37,2.886,7,-1787.56,-100.0,False,2333989.6400000043
BAJFINANCE.NS,2025-07-18,2025-08-19,936.24,935,990,953.82,896.79,-4.21,0.1983,0.771,4,18.82,2.01,106,-1994.7,-100.0,False,2331994.940000004
AIIL.NS,2025-07-18,2025-08-19,560.96,560,605,577.2,581.96,3.74,0.4917,1.154,3,17.2,3.066,116,552.49,27.7,True,2332547.4300000044
HDFCBANK.NS,2025-07-21,2025-08-20,981.53,980,1025,996.02,977.93,-0.37,0.1531,1.035,4,16.02,1.632,124,-1986.7,-100.0,False,2330560.730000004
APARINDS.NS,2025-07-21,2025-08-20,9203.51,9205,9940,9471.58,8353.5,-9.24,0.398,0.844,5,266.58,2.897,7,-1866.09,-100.0,False,2328694.6400000043
INFY.NS,2025-07-21,2025-08-20,1527.36,1525,1595,1550.17,1442.43,-5.56,0.1583,1.022,3,25.17,1.648,79,-1988.22,-100.0,False,2326706.420000004
BAJFINANCE.NS,2025-07-21,2025-08-20,942.66,945,995,961.68,882.38,-6.39,0.196,0.805,4,16.68,1.77,119,-1985.01,-100.0,False,2324721.4100000043
AIIL.NS,2025-07-21,2025-08-20,577.0,575,625,593.98,572.12,-0.85,0.4991,1.181,3,18.98,3.29,105,-1993.06,-100.0,False,2322728.3500000043
TITAN.NS,2025-07-22,2025-08-21,3461.04,3460,3740,3551.81,3604.47,4.14,0.2822,0.787,4,91.81,2.653,21,1105.89,57.36,True,2323834.2400000044
BAJFINANCE.NS,2025-07-22,2025-08-21,946.73,945,1000,964.02,890.13,-5.98,0.1962,0.86,3,19.02,2.009,105,-1996.8,-100.0,False,2321837.4400000046
HDFCBANK.NS,2025-07-22,2025-08-21,984.77,985,1030,1000.38,979.4,-0.55,0.1523,1.013,3,15.38,1.562,130,-1999.49,-100.0,False,2319837.9500000044
ANGELONE.NS,2025-07-23,2025-08-22,278.09,280,300,286.78,247.85,-10.87,0.3437,0.795,4,6.78,2.438,295,-1999.67,-100.0,False,2317838.2800000045
ANANDRATHI.NS,2025-07-23,2025-08-22,1338.03,1340,1445,1380.18,1397.65,4.46,0.5525,1.674,3,40.18,3.003,49,855.82,43.47,True,2318694.1000000043
BAJFINANCE.NS,2025-07-23,2025-08-22,962.38,960,1015,979.48,889.03,-7.62,0.1995,0.833,4,19.48,2.024,102,-1987.13,-100.0,False,2316706.9700000044
ICICIBANK.NS,2025-07-23,2025-08-22,1477.2,1475,1540,1498.48,1436.4,-2.76,0.1515,0.906,3,23.48,1.59,85,-1995.86,-100.0,False,2314711.1100000045
APARINDS.NS,2025-07-24,2025-08-25,9092.17,9090,9820,9339.83,8095.5,-10.96,0.3181,0.913,3,249.83,2.748,8,-1998.67,-100.0,False,2312712.4400000046
BAJFINANCE.NS,2025-07-24,2025-08-25,953.09,955,1005,971.52,895.3,-6.06,0.1841,0.861,3,16.52,1.734,121,-1999.35,-100.0,False,2310713.0900000045
HDFCBANK.NS,2025-07-24,2025-08-25,988.25,990,1025,1002.44,966.07,-2.24,0.135,1.118,3,12.44,1.258,160,-1989.61,-100.0,False,2308723.4800000046
AJMERA.NS,2025-07-25,2025-08-26,186.44,185,200,190.45,178.39,-4.32,0.2912,1.118,4,5.45,2.921,367,-1998.44,-100.0,False,2306725.0400000047
APOLLO.NS,2025-07-28,2025-08-28,181.28,180,195,185.68,242.27,33.64,0.3841,0.775,5,5.68,3.133,352,3280.83,164.11,True,2310005.870000005
APARINDS.NS,2025-07-29,2025-08-29,9681.5,9680,10455,9975.95,7732.0,-20.14,0.5229,1.32,4,295.95,3.057,6,-1775.68,-100.0,False,2308230.1900000046
ANANDRATHI.NS,2025-07-29,2025-08-29,1338.92,1340,1445,1380.3,1391.52,3.93,0.547,1.148,3,40.3,3.01,49,549.98,27.85,True,2308780.1700000046
AIIL.NS,2025-07-29,2025-08-29,565.12,565,610,582.06,646.58,14.41,0.4914,1.383,3,17.06,3.018,117,3269.49,163.84,True,2312049.660000005
AIIL.NS,2025-07-30,2025-09-01,567.72,570,615,586.59,643.96,13.43,0.4913,1.326,3,16.59,2.922,120,3409.1,171.23,True,2315458.760000005
AIIL.NS,2025-07-31,2025-09-02,555.24,555,600,571.65,635.94,14.53,0.4373,1.301,3,16.65,3.0,120,3401.43,170.19,True,2318860.190000005
HDFCBANK.NS,2025-08-01,2025-09-03,989.73,990,1025,1002.59,938.92,-5.13,0.1232,0.948,3,12.59,1.272,158,-1988.57,-100.0,False,2316871.6200000052
ANANDRATHI.NS,2025-08-01,2025-09-03,1295.49,1295,1400,1335.4,1457.76,12.53,0.5607,1.019,3,40.4,3.118,49,3165.41,159.9,True,2320037.0300000054
AIIL.NS,2025-08-04,2025-09-04,558.64,560,605,575.81,619.34,10.87,0.3838,1.272,3,15.81,2.83,126,3677.78,184.61,True,2323714.810000005
BHARTIARTL.NS,2025-08-04,2025-09-04,1914.6,1915,2025,1952.38,1880.4,-1.79,0.204,1.178,3,37.38,1.952,53,-1981.16,-100.0,False,2321733.650000005
BAJFINANCE.NS,2025-08-04,2025-09-04,879.89,880,950,902.69,929.04,5.59,0.2717,1.191,3,22.69,2.579,88,2318.84,116.14,True,2324052.490000005
ANGELONE.NS,2025-08-04,2025-09-04,258.58,260,280,266.53,222.12,-14.1,0.3194,0.856,4,6.53,2.525,306,-1998.17,-100.0,False,2322054.320000005
BAJFINANCE.NS,2025-08-05,2025-09-05,886.45,885,955,908.34,931.87,5.12,0.2732,1.143,3,23.34,2.633,85,1999.88,100.79,True,2324054.200000005
ANGELONE.NS,2025-08-05,2025-09-05,255.99,255,275,262.05,226.03,-11.71,0.2946,0.819,4,7.05,2.755,283,-1995.83,-100.0,False,2322058.370000005
BHARTIARTL.NS,2025-08-05,2025-09-05,1931.8,1930,2045,1969.46,1895.3,-1.89,0.208,1.168,3,39.46,2.043,50,-1973.17,-100.0,False,2320085.200000005
APOLLO.NS,2025-08-06,2025-09-08,180.69,180,195,185.6,275.3,52.36,0.4157,1.074,4,5.6,3.102,356,3344.73,167.63,True,2323429.930000005
AIIL.NS,2025-08-07,2025-09-09,573.68,575,620,591.1,622.26,8.47,0.3967,1.341,3,16.1,2.807,124,3582.99,179.42,True,2327012.920000005
APOLLO.NS,2025-08-07,2025-09-09,179.04,180,195,185.17,273.2,52.59,0.4134,1.026,3,5.17,2.89,386,3792.55,189.87,True,2330805.470000005
HDFCBANK.NS,2025-08-07,2025-09-09,981.47,980,1020,994.32,949.45,-3.26,0.1298,0.887,4,14.32,1.459,139,-1990.29,-100.0,False,2328815.180000005
ANGELONE.NS,2025-08-07,2025-09-09,260.0,260,280,266.77,229.88,-11.58,0.2925,0.843,3,6.77,2.602,295,-1995.76,-100.0,False,2326819.420000005
AIIL.NS,2025-08-08,2025-09-10,568.72,570,615,586.02,622.68,9.49,0.3919,0.92,3,16.02,2.817,124,3593.72,180.93,True,2330413.1400000053
HDFCBANK.NS,2025-08-08,2025-09-10,970.89,970,1005,983.06,950.18,-2.13,0.1293,0.922,3,13.06,1.345,153,-1997.7,-100.0,False,2328415.440000005
ANGELONE.NS,2025-08-08,2025-09-10,251.2,250,270,257.17,229.94,-8.46,0.31,0.872,4,7.17,2.853,279,-1999.49,-100.0,False,2326415.950000005
HDFCBANK.NS,2025-08-11,2025-09-11,981.57,980,1020,994.53,952.05,-3.01,0.1351,0.945,3,14.53,1.48,137,-1990.13,-100.0,False,2324425.820000005
APOLLO.NS,2025-08-11,2025-09-11,186.13,185,200,190.78,297.9,60.05,0.4252,0.963,4,5.78,3.105,346,3190.62,159.58,True,2327616.440000005
APOLLO.NS,2025-08-12,2025-09-12,187.51,190,205,194.94,322.35,71.91,0.4216,0.939,3,4.94,2.635,404,4063.88,203.59,True,2331680.320000005
AIIL.NS,2025-08-14,2025-09-16,579.54,580,625,595.93,656.92,13.35,0.3553,1.095,4,15.93,2.749,125,3633.57,182.46,True,2335313.890000005
APOLLO.NS,2025-08-14,2025-09-16,189.74,190,205,195.48,343.8,81.19,0.4236,0.909,4,5.48,2.888,364,3465.46,173.75,True,2338779.3500000047
APOLLO.NS,2025-08-18,2025-09-17,195.79,195,210,200.78,339.9,73.61,0.4301,0.927,4,5.78,2.954,345,3179.7,159.36,True,2341959.050000005
AIIL.NS,2025-08-18,2025-09-17,593.46,595,640,610.89,655.12,10.39,0.3637,1.118,3,15.89,2.677,125,3639.14,183.25,True,2345598.190000005
HDFCBANK.NS,2025-08-18,2025-09-17,985.5,985,1025,999.08,950.77,-3.52,0.1326,1.055,4,14.08,1.428,142,-1998.85,-100.0,False,2343599.340000005
BAJFINANCE.NS,2025-08-18,2025-09-17,899.67,900,970,924.27,1001.34,11.3,0.3256,0.962,4,24.27,2.698,82,3749.79,188.41,True,2347349.130000005
TITAN.NS,2025-08-19,2025-09-18,3556.43,3555,3715,3611.26,3499.82,-1.59,0.1554,1.09,3,56.26,1.582,35,-1969.27,-100.0,False,2345379.860000005
ABB.NS,2025-08-19,2025-09-18,5047.36,5045,5380,5157.47,5413.86,7.26,0.2312,0.761,4,112.47,2.228,17,3783.05,197.86,True,2349162.910000005
ABCAPITAL.NS,2025-08-19,2025-09-18,287.35,285,310,294.72,290.9,1.24,0.4769,1.074,3,9.72,3.384,205,-783.73,-39.32,False,2348379.180000005
ANGELONE.NS,2025-08-19,2025-09-18,263.52,265,285,271.77,222.96,-15.39,0.3486,0.904,3,6.77,2.568,295,-1996.58,-100.0,False,2346382.6000000047
BAJFINANCE.NS,2025-08-19,2025-09-18,896.79,895,970,920.87,990.41,10.44,0.324,1.012,3,25.87,2.884,77,3783.32,189.96,True,2350165.9200000046
RELIANCE.NS,2025-08-19,2025-09-18,1413.56,1415,1490,1440.51,1408.49,-0.36,0.192,0.984,4,25.51,1.804,78,-1989.55,-100.0,False,2348176.370000005
BHARTIARTL.NS,2025-08-19,2025-09-18,1909.7,1910,2025,1948.82,1941.1,1.64,0.2124,0.967,3,38.82,2.033,51,-393.72,-19.89,False,2347782.6500000046
ANGELONE.NS,2025-08-20,2025-09-19,267.75,270,290,276.47,223.06,-16.69,0.3274,0.868,4,6.47,2.416,309,-1998.71,-100.0,False,2345783.9400000046
ABB.NS,2025-08-20,2025-09-19,5100.64,5100,5450,5216.21,5414.75,6.16,0.2376,0.759,4,116.21,2.278,17,3375.26,170.85,True,2349159.2000000044
INFY.NS,2025-08-20,2025-09-19,1442.43,1440,1535,1472.29,1484.85,2.94,0.2246,0.942,4,32.29,2.239,61,765.93,38.89,True,2349925.1300000045
TITAN.NS,2025-08-21,2025-09-22,3604.47,3605,3765,3660.68,3446.19,-4.39,0.1533,0.972,3,55.68,1.545,35,-1948.88,-100.0,False,2347976.2500000047
APOLLO.NS,2025-08-21,2025-09-22,205.06,205,220,210.67,332.05,61.93,0.4221,1.006,4,5.67,2.767,352,3282.88,164.38,True,2351259.1300000045
ABB.NS,2025-08-21,2025-09-22,5120.56,5120,5475,5237.68,5340.96,4.3,0.2399,0.755,3,117.68,2.298,16,1652.44,87.76,True,2352911.5700000045
INFY.NS,2025-08-21,2025-09-22,1442.62,1445,1535,1474.75,1445.61,0.21,0.2241,0.934,3,29.75,2.062,67,-1952.19,-97.95,False,2350959.3800000045
TITAN.NS,2025-08-22,2025-09-23,3609.16,3610,3770,3665.59,3427.95,-5.02,0.1532,0.955,3,55.59,1.54,35,-1945.73,-100.0,False,2349013.6500000046
AIIL.NS,2025-08-22,2025-09-23,596.62,595,645,612.91,602.98,1.07,0.3637,1.138,3,17.91,3.002,111,-1102.4,-55.45,False,2347911.2500000047
APOLLO.NS,2025-08-22,2025-09-23,234.97,235,255,242.61,338.25,43.96,0.5775,1.261,4,7.61,3.24,262,3245.28,162.69,True,2351156.5300000045
ABB.NS,2025-08-25,2025-09-24,5079.72,5080,5440,5198.93,5215.97,2.68,0.2461,0.703,3,118.93,2.341,16,272.53,14.32,True,2351429.0600000042
APOLLO.NS,2025-08-25,2025-09-24,250.53,250,270,257.85,341.55,36.33,0.5994,1.441,4,7.85,3.134,254,3085.39,154.69,True,2354514.4500000044
INFY.NS,2025-08-25,2025-09-24,1477.04,1475,1575,1508.75,1440.88,-2.45,0.2316,1.01,3,33.75,2.285,59,-1990.98,-100.0,False,2352523.4700000044
TCS.NS,2025-08-25,2025-09-24,3015.42,3015,3190,3074.27,2914.41,-3.35,0.2012,1.046,3,59.27,1.966,33,-1956.03,-100.0,False,2350567.4400000046
AIIL.NS,2025-08-25,2025-09-24,608.42,610,655,625.9,611.9,0.57,0.3532,1.144,3,15.9,2.613,125,-1749.53,-88.05,False,2348817.910000005
AIIL.NS,2025-08-26,2025-09-25,625.14,625,675,642.58,600.52,-3.94,0.3472,1.196,4,17.58,2.812,113,-1986.27,-100.0,False,2346831.640000005
INFY.NS,2025-08-26,2025-09-25,1474.63,1475,1575,1507.9,1431.44,-2.93,0.2317,1.024,4,32.9,2.231,60,-1973.75,-100.0,False,2344857.890000005
TCS.NS,2025-08-26,2025-09-25,3031.36,3030,3195,3086.77,2839.52,-6.33,0.1899,1.093,4,56.77,1.873,35,-1986.84,-100.0,False,2342871.050000005
AIIL.NS,2025-08-28,2025-09-26,639.28,640,690,656.93,593.1,-7.22,0.3122,1.26,3,16.93,2.649,118,-1998.33,-100.0,False,2340872.720000005
APOLLO.NS,2025-08-29,2025-09-29,262.57,265,285,272.47,329.9,25.64,0.6091,1.627,4,7.47,2.843,267,3346.77,167.91,True,2344219.490000005
BAJFINANCE.NS,2025-08-29,2025-09-29,872.49,870,935,892.23,984.9,12.88,0.2589,1.027,3,22.23,2.547,89,3806.86,192.45,True,2348026.3500000047
TCS.NS,2025-09-01,2025-09-30,2988.54,2990,3165,3048.65,2773.27,-7.2,0.2039,1.168,3,58.65,1.963,34,-1994.18,-100.0,False,2346032.1700000046
AJMERA.NS,2025-09-01,2025-09-30,178.97,180,195,185.41,198.17,10.73,0.5037,0.853,4,5.41,3.023,369,3538.29,177.21,True,2349570.4600000046
BHARTIARTL.NS,2025-09-01,2025-09-30,1900.6,1900,2000,1934.44,1878.4,-1.17,0.183,0.928,3,34.44,1.812,58,-1997.25,-100.0,False,2347573.2100000046
BAJFINANCE.NS,2025-09-01,2025-09-30,883.92,885,950,906.27,992.8,12.32,0.2627,1.066,3,21.27,2.406,94,4110.71,205.61,True,2351683.9200000046
ABB.NS,2025-09-01,2025-09-30,5106.51,5105,5495,5233.4,5162.19,1.09,0.265,0.799,4,128.4,2.514,15,-1068.15,-55.46,False,2350615.7700000047
INFY.NS,2025-09-01,2025-09-30,1445.51,1445,1555,1481.18,1389.98,-3.84,0.2625,1.09,3,36.18,2.503,55,-1990.11,-100.0,False,2348625.660000005
ANANDRATHI.NS,2025-09-01,2025-09-30,1454.47,1455,1570,1492.99,1407.91,-3.2,0.2864,0.962,4,37.99,2.612,52,-1975.66,-100.0,False,2346650.0000000047
ANANDRATHI.NS,2025-09-02,2025-10-01,1462.64,1465,1580,1501.9,1437.94,-1.69,0.2745,0.874,4,36.9,2.523,54,-1992.58,-100.0,False,2344657.4200000046
BAJFINANCE.NS,2025-09-02,2025-10-01,884.66,885,950,906.49,981.67,10.97,0.2615,0.85,3,21.49,2.429,93,4046.87,202.53,True,2348704.2900000047
ABREL.NS,2025-09-02,2025-10-01,1818.13,1820,1965,1868.61,1645.33,-9.5,0.3091,0.981,4,48.61,2.674,41,-1993.0,-100.0,False,2346711.2900000047
ABB.NS,2025-09-02,2025-10-01,5127.23,5125,5505,5250.61,5177.82,0.99,0.2564,0.8,4,125.61,2.45,15,-1091.86,-57.95,False,2345619.430000005
RELIANCE.NS,2025-09-02,2025-10-01,1360.21,1360,1435,1385.53,1362.4,0.16,0.1904,1.108,3,25.53,1.877,78,-1804.17,-90.6,False,2343815.260000005
AJMERA.NS,2025-09-02,2025-10-01,189.18,190,205,195.57,200.67,6.07,0.5202,0.959,4,5.57,2.947,358,1824.16,91.4,True,2345639.420000005
TITAN.NS,2025-09-03,2025-10-03,3678.53,3680,3825,3731.35,3442.01,-6.43,0.1392,1.005,3,51.35,1.396,38,-1951.4,-100.0,False,2343688.020000005
BHARTIARTL.NS,2025-09-03,2025-10-03,1883.9,1885,1975,1915.77,1896.7,0.68,0.1656,0.885,3,30.77,1.633,64,-1220.48,-61.98,False,2342467.540000005
ANANDRATHI.NS,2025-09-03,2025-10-03,1457.76,1460,1570,1495.91,1430.62,-1.86,0.2724,0.861,3,35.91,2.463,55,-1974.81,-100.0,False,2340492.730000005
ABB.NS,2025-09-03,2025-10-03,5167.27,5165,5405,5248.92,5162.39,-0.09,0.1595,0.792,3,83.92,1.624,23,-1930.11,-100.0,False,2338562.6200000052
ABCAPITAL.NS,2025-09-03,2025-10-03,279.25,280,300,286.49,303.95,8.85,0.262,0.902,3,6.49,2.323,308,4162.22,208.34,True,2342724.8400000054
APOLLO.NS,2025-09-03,2025-10-03,303.35,305,330,314.43,342.75,12.99,0.6365,1.982,4,9.43,3.107,212,3301.74,165.23,True,2346026.5800000057
AJMERA.NS,2025-09-03,2025-10-03,193.71,195,210,200.49,202.31,4.44,0.5033,1.011,3,5.49,2.834,364,662.76,33.17,True,2346689.3400000054
BAJFINANCE.NS,2025-09-03,2025-10-03,890.82,890,955,911.89,983.7,10.43,0.2597,0.854,4,21.89,2.457,91,3923.12,196.96,True,2350612.4600000056
ABREL.NS,2025-09-03,2025-10-03,1815.73,1815,1960,1863.8,1616.38,-10.98,0.298,0.947,3,48.8,2.688,40,-1951.98,-100.0,False,2348660.4800000056
RELIANCE.NS,2025-09-03,2025-10-03,1366.28,1365,1440,1390.7,1357.13,-0.67,0.1848,1.018,3,25.7,1.881,77,-1978.87,-100.0,False,2346681.6100000055
TITAN.NS,2025-09-04,2025-10-06,3679.03,3680,3815,3728.57,3414.2,-7.2,0.1304,1.025,3,48.57,1.32,41,-1991.45,-100.0,False,2344690.1600000053
APOLLO.NS,2025-09-04,2025-10-06,312.74,315,340,324.4,337.8,8.01,0.6362,2.092,4,9.4,3.004,212,2841.58,142.65,True,2347531.7400000053
AJMERA.NS,2025-09-04,2025-10-06,196.47,195,210,201.04,198.87,1.22,0.4997,1.035,3,6.04,3.074,331,-717.9,-35.92,False,2346813.8400000054
BAJFINANCE.NS,2025-09-04,2025-10-06,929.04,930,1005,954.69,1002.74,7.93,0.298,1.003,4,24.69,2.658,80,3843.43,194.56,True,2350657.2700000056
BHARTIARTL.NS,2025-09-04,2025-10-06,1880.4,1880,1965,1910.07,1903.1,1.21,0.1616,0.84,4,30.07,1.599,66,-460.1,-23.18,False,2350197.1700000055
RELIANCE.NS,2025-09-04,2025-10-06,1353.04,1355,1425,1378.41,1368.67,1.16,0.1814,1.039,3,23.41,1.73,85,-827.42,-41.59,False,2349369.7500000056
ABREL.NS,2025-09-04,2025-10-06,1814.14,1815,1960,1863.15,1565.97,-13.68,0.2957,0.89,4,48.15,2.654,41,-1973.99,-100.0,False,2347395.7600000054
ABB.NS,2025-09-04,2025-10-06,5141.77,5140,5380,5223.75,5196.75,1.07,0.1606,0.805,3,83.75,1.629,23,-621.08,-32.24,False,2346774.6800000053
ABCAPITAL.NS,2025-09-04,2025-10-06,277.55,280,300,285.9,304.05,9.55,0.2586,0.923,3,5.9,2.124,339,4781.59,239.27,True,2351556.270000005
BAJFINANCE.NS,2025-09-05,2025-10-07,931.87,930,1005,955.38,1010.34,8.42,0.2888,0.972,3,25.38,2.723,78,3870.54,195.53,True,2355426.810000005
BHARTIARTL.NS,2025-09-05,2025-10-07,1895.3,1895,1985,1926.3,1929.0,1.78,0.1649,0.909,3,31.3,1.651,63,170.3,8.64,True,2355597.110000005
ABCAPITAL.NS,2025-09-05,2025-10-07,281.1,280,300,287.05,303.5,7.97,0.255,0.922,4,7.05,2.509,283,3664.4,183.62,True,2359261.510000005
ABREL.NS,2025-09-05,2025-10-07,1799.26,1800,1945,1848.02,1611.79,-10.42,0.296,0.852,3,48.02,2.669,41,-1968.89,-100.0,False,2357292.620000005
AJMERA.NS,2025-09-05,2025-10-07,199.28,200,215,205.3,198.13,-0.58,0.375,1.032,3,5.3,2.66,377,-1998.58,-100.0,False,2355294.0400000047
ABCAPITAL.NS,2025-09-08,2025-10-08,288.9,290,310,296.58,295.25,2.2,0.272,0.967,3,6.58,2.276,304,-403.35,-20.17,False,2354890.6900000046
AJMERA.NS,2025-09-08,2025-10-08,202.76,205,220,209.71,204.37,0.79,0.3249,1.035,3,4.71,2.324,424,-1998.32,-100.0,False,2352892.370000005
RELIANCE.NS,2025-09-08,2025-10-08,1372.16,1370,1445,1396.15,1361.11,-0.81,0.1868,1.055,3,26.15,1.906,76,-1987.31,-100.0,False,2350905.0600000047
BHARTIARTL.NS,2025-09-09,2025-10-09,1893.7,1895,1955,1916.67,1942.0,2.55,0.1101,0.868,3,21.67,1.144,92,2330.55,116.91,True,2353235.6100000045
ABCAPITAL.NS,2025-09-09,2025-10-09,289.7,290,310,296.68,297.95,2.85,0.2555,0.966,3,6.68,2.307,299,378.78,18.96,True,2353614.3900000043
BAJFINANCE.NS,2025-09-10,2025-10-10,962.04,960,1040,986.86,1017.59,5.78,0.2938,0.955,3,26.86,2.792,74,2274.52,114.44,True,2355888.9100000043
AIIL.NS,2025-09-10,2025-10-10,622.68,625,670,640.2,659.9,5.98,0.3076,0.917,3,15.2,2.441,131,2581.02,129.64,True,2358469.9300000044
ABB.NS,2025-09-11,2025-10-13,5196.85,5195,5430,5277.27,5126.53,-1.35,0.1549,0.805,4,82.27,1.583,24,-1974.39,-100.0,False,2356495.540000004
RELIANCE.NS,2025-09-11,2025-10-13,1376.93,1375,1445,1399.49,1368.67,-0.6,0.1713,0.953,3,24.49,1.778,81,-1983.46,-100.0,False,2354512.0800000043
AIIL.NS,2025-09-11,2025-10-13,619.86,620,670,636.83,636.18,2.63,0.3089,0.857,3,16.83,2.715,118,-76.83,-3.87,False,2354435.250000004
ANANDRATHI.NS,2025-09-11,2025-10-13,1468.22,1470,1565,1501.12,1461.74,-0.44,0.2248,0.942,3,31.12,2.12,64,-1991.77,-100.0,False,2352443.480000004
APOLLO.NS,2025-09-11,2025-10-13,297.9,300,320,307.88,316.9,6.38,0.7929,1.91,3,7.88,2.645,253,2282.51,114.52,True,2354725.990000004
ABB.NS,2025-09-12,2025-10-14,5227.22,5225,5460,5307.74,5098.65,-2.46,0.1556,0.766,4,82.74,1.583,24,-1985.72,-100.0,False,2352740.2700000037
APOLLO.NS,2025-09-12,2025-10-14,322.35,320,350,331.91,301.05,-6.61,0.8086,1.847,4,11.91,3.694,167,-1988.44,-100.0,False,2350751.830000004
ABCAPITAL.NS,2025-09-12,2025-10-14,291.5,290,315,298.15,298.0,2.23,0.252,0.98,4,8.15,2.794,245,-35.55,-1.78,False,2350716.280000004
ANANDRATHI.NS,2025-09-12,2025-10-14,1482.76,1485,1580,1516.18,1575.45,6.25,0.2259,0.922,3,31.18,2.103,64,3793.37,190.09,True,2354509.650000004
AIIL.NS,2025-09-12,2025-10-14,626.96,625,675,642.15,626.86,-0.02,0.2849,0.854,3,17.15,2.735,116,-1773.09,-89.15,False,2352736.5600000042
RELIANCE.NS,2025-09-12,2025-10-14,1388.58,1390,1460,1413.52,1369.57,-1.37,0.1736,0.787,4,23.52,1.693,85,-1998.81,-100.0,False,2350737.750000004
APARINDS.NS,2025-09-12,2025-10-14,8630.0,8630,9320,8865.81,8505.0,-1.45,0.3176,0.743,4,235.81,2.732,8,-1886.5,-100.0,False,2348851.250000004
AIIL.NS,2025-09-15,2025-10-15,655.38,655,710,673.05,649.94,-0.83,0.2938,0.83,5,18.05,2.754,110,-1985.54,-100.0,False,2346865.710000004
APOLLO.NS,2025-09-15,2025-10-15,329.65,330,355,339.92,291.15,-11.68,0.808,1.84,3,9.92,3.01,201,-1994.51,-100.0,False,2344871.2000000044
ABREL.NS,2025-09-15,2025-10-15,1862.95,1865,2010,1913.71,1641.34,-11.9,0.3024,0.822,5,48.71,2.615,41,-1997.1,-100.0,False,2342874.1000000043
BAJFINANCE.NS,2025-09-15,2025-10-15,1003.68,1005,1085,1030.88,1053.42,4.96,0.2821,1.059,4,25.88,2.578,77,1736.25,87.14,True,2344610.3500000043
ABB.NS,2025-09-15,2025-10-15,5317.05,5315,5555,5399.52,5152.43,-3.1,0.157,0.757,5,84.52,1.59,23,-1944.03,-100.0,False,2342666.3200000045
APARINDS.NS,2025-09-15,2025-10-15,8575.5,8575,9260,8807.36,8355.5,-2.57,0.3092,0.762,3,232.36,2.71,8,-1858.92,-100.0,False,2340807.4000000046
ANANDRATHI.NS,2025-09-15,2025-10-15,1513.94,1515,1605,1545.36,1559.36,3.0,0.2139,0.857,5,30.36,2.006,65,910.06,46.11,True,2341717.4600000046
ANANDRATHI.NS,2025-09-16,2025-10-16,1525.94,1525,1610,1554.35,1545.57,1.29,0.1964,0.845,4,29.35,1.923,68,-597.13,-29.92,False,2341120.3300000047
AIIL.NS,2025-09-16,2025-10-16,656.92,655,710,673.43,647.58,-1.42,0.2866,0.793,4,18.43,2.806,108,-1990.67,-100.0,False,2339129.660000005
APOLLO.NS,2025-09-16,2025-10-16,343.8,345,370,354.89,293.45,-14.65,0.8096,1.752,3,9.89,2.876,202,-1997.25,-100.0,False,2337132.410000005
ABB.NS,2025-09-16,2025-10-16,5327.21,5325,5565,5409.64,5190.77,-2.56,0.157,0.741,3,84.64,1.589,23,-1946.8,-100.0,False,2335185.610000005
ABREL.NS,2025-09-16,2025-10-16,1918.85,1920,2070,1970.17,1629.26,-15.09,0.2949,0.799,5,50.17,2.615,39,-1956.71,-100.0,False,2333228.900000005
ICICIBANK.NS,2025-09-16,2025-10-16,1421.6,1420,1465,1437.1,1417.3,-0.3,0.1082,0.891,3,17.1,1.203,116,-1984.01,-100.0,False,2331244.8900000053
ANANTRAJ.NS,2025-09-16,2025-10-16,595.15,595,645,613.31,633.35,6.42,0.4409,1.199,4,18.31,3.077,109,2184.35,109.45,True,2333429.2400000053
RELIANCE.NS,2025-09-16,2025-10-16,1398.83,1400,1470,1423.66,1391.86,-0.5,0.173,0.652,3,23.66,1.691,84,-1987.12,-100.0,False,2331442.1200000052
ANGELONE.NS,2025-09-17,2025-10-17,221.27,220,240,227.36,245.68,11.03,0.4108,0.774,4,7.36,3.327,271,3425.04,171.69,True,2334867.1600000053
AJMERA.NS,2025-09-17,2025-10-17,198.02,200,215,204.69,204.11,3.08,0.3194,0.916,3,4.69,2.369,426,-247.94,-12.4,False,2334619.2200000053
RELIANCE.NS,2025-09-17,2025-10-17,1407.29,1405,1465,1426.73,1410.28,0.21,0.1436,0.634,4,21.73,1.544,92,-1513.06,-75.7,False,2333106.1600000053
BHARTIARTL.NS,2025-09-17,2025-10-17,1941.3,1940,2010,1965.52,2012.0,3.64,0.1219,0.811,4,25.52,1.315,78,3469.18,174.26,True,2336575.3400000054
ANANDRATHI.NS,2025-09-17,2025-10-17,1523.16,1525,1610,1553.34,1559.49,2.39,0.1957,0.818,3,28.34,1.861,70,430.41,21.7,True,2337005.7500000056
ABREL.NS,2025-09-17,2025-10-17,1927.74,1930,2080,1979.88,1629.76,-15.46,0.2941,0.829,3,49.88,2.587,40,-1995.12,-100.0,False,2335010.6300000055
RELIANCE.NS,2025-09-18,2025-10-20,1408.49,1410,1465,1429.39,1460.05,3.66,0.1425,0.61,3,19.39,1.376,103,3158.31,158.17,True,2338168.9400000055
ICICIBANK.NS,2025-09-18,2025-10-20,1421.7,1420,1465,1437.12,1390.3,-2.21,0.1076,0.851,3,17.12,1.204,116,-1985.82,-100.0,False,2336183.1200000057
AJMERA.NS,2025-09-18,2025-10-20,200.18,200,215,205.29,204.72,2.27,0.3125,0.853,4,5.29,2.642,378,-214.62,-10.74,False,2335968.5000000056
ABCAPITAL.NS,2025-09-18,2025-10-20,290.9,290,310,296.92,305.35,4.97,0.2362,0.971,4,6.92,2.378,289,2436.66,121.86,True,2338405.1600000057
ANGELONE.NS,2025-09-18,2025-10-20,222.96,225,240,230.33,245.98,10.33,0.4052,0.732,4,5.33,2.389,375,3627.99,181.67,True,2342033.150000006
ANANTRAJ.NS,2025-09-19,2025-10-21,640.4,640,690,659.32,644.05,0.57,0.5337,1.409,4,19.32,3.016,103,-1572.33,-79.03,False,2340460.820000006
ANGELONE.NS,2025-09-19,2025-10-21,223.06,225,240,230.07,245.81,10.2,0.3371,0.724,4,5.07,2.274,394,3911.8,195.77,True,2344372.6200000057
BHARTIARTL.NS,2025-09-19,2025-10-21,1962.4,1960,2030,1986.12,2043.5,4.13,0.1232,0.856,4,26.12,1.331,76,3335.2,168.04,True,2347707.820000006
ABCAPITAL.NS,2025-09-19,2025-10-21,289.15,290,305,295.19,304.85,5.43,0.2163,0.903,3,5.19,1.794,385,3719.75,186.22,True,2351427.570000006
AJMERA.NS,2025-09-19,2025-10-21,210.58,210,225,215.62,208.08,-1.19,0.3441,0.944,4,5.62,2.668,355,-1994.48,-100.0,False,2349433.090000006
AJMERA.NS,2025-09-22,2025-10-23,205.64,205,220,210.6,206.21,0.28,0.3464,1.014,3,5.6,2.724,357,-1567.71,-78.4,False,2347865.380000006
ANANTRAJ.NS,2025-09-22,2025-10-23,677.6,680,730,699.17,627.4,-7.41,0.5565,1.53,4,19.17,2.83,104,-1993.99,-100.0,False,2345871.3900000057
ABCAPITAL.NS,2025-09-23,2025-10-24,291.45,290,310,296.87,306.15,5.04,0.2104,0.829,5,6.87,2.358,291,2699.74,134.99,True,2348571.130000006
AJMERA.NS,2025-09-23,2025-10-24,214.74,215,230,220.53,204.63,-4.71,0.3693,1.076,3,5.53,2.575,361,-1995.85,-100.0,False,2346575.280000006
BAJFINANCE.NS,2025-09-23,2025-10-24,1019.23,1020,1090,1042.99,1083.09,6.27,0.2392,0.997,4,22.99,2.255,87,3489.03,174.45,True,2350064.3100000056
ABCAPITAL.NS,2025-09-24,2025-10-27,291.95,290,310,296.98,310.75,6.44,0.2019,0.864,5,6.98,2.392,286,3722.32,186.33,True,2353786.6300000055
BAJFINANCE.NS,2025-09-24,2025-10-27,1023.46,1025,1085,1044.71,1077.77,5.31,0.203,0.972,3,19.71,1.926,101,3339.35,167.73,True,2357125.9800000056
ANANTRAJ.NS,2025-09-24,2025-10-27,677.1,675,730,696.45,630.75,-6.85,0.5507,1.682,3,21.45,3.168,93,-1994.74,-100.0,False,2355131.2400000053
AJMERA.NS,2025-09-24,2025-10-27,207.44,205,225,212.5,203.09,-2.1,0.3954,1.077,3,7.5,3.615,266,-1994.96,-100.0,False,2353136.2800000054
APOLLO.NS,2025-09-25,2025-10-28,341.7,340,370,351.85,276.3,-19.14,0.7,1.322,3,11.85,3.469,168,-1991.25,-100.0,False,2351145.0300000054
ANANTRAJ.NS,2025-09-25,2025-10-28,677.8,680,730,699.1,624.8,-7.82,0.5331,1.761,3,19.1,2.818,104,-1986.36,-100.0,False,2349158.6700000055
RELIANCE.NS,2025-09-26,2025-10-29,1371.26,1370,1410,1385.41,1497.28,9.19,0.1007,0.696,4,15.41,1.124,129,3172.47,159.62,True,2352331.1400000057
ABB.NS,2025-09-29,2025-10-30,5186.59,5185,5390,5258.26,5257.5,1.37,0.136,0.828,4,73.26,1.413,27,-20.66,-1.04,False,2352310.4800000056
RELIANCE.NS,2025-09-29,2025-10-30,1366.48,1365,1405,1380.48,1481.65,8.43,0.1012,0.735,5,15.48,1.133,129,3162.58,158.33,True,2355473.0600000056
ABB.NS,2025-09-30,2025-10-31,5162.19,5160,5365,5233.44,5198.74,0.71,0.1367,0.832,4,73.44,1.423,27,-937.04,-47.25,False,2354536.0200000056
APOLLO.NS,2025-09-30,2025-10-31,326.1,325,350,335.0,276.8,-15.12,0.6294,1.078,3,10.0,3.066,200,-1999.56,-100.0,False,2352536.4600000056
RELIANCE.NS,2025-09-30,2025-10-31,1357.72,1360,1395,1372.98,1479.56,8.97,0.0989,0.757,5,12.98,0.956,154,3390.51,169.57,True,2355926.9700000053
ABB.NS,2025-10-01,2025-11-03,5177.82,5180,5375,5249.68,5234.59,1.1,0.1343,0.837,4,69.68,1.346,28,-422.61,-21.66,False,2355504.3600000055
ABCAPITAL.NS,2025-10-01,2025-11-03,299.85,300,325,307.81,334.25,11.47,0.2661,1.065,3,7.81,2.605,256,4400.13,220.02,True,2359904.4900000053
RELIANCE.NS,2025-10-01,2025-11-03,1362.4,1360,1400,1375.71,1477.87,8.48,0.0983,0.809,4,15.71,1.153,127,3085.21,154.66,True,2362989.7000000053
ANANTRAJ.NS,2025-10-01,2025-11-03,699.05,700,755,720.95,650.2,-6.99,0.5338,1.621,3,20.95,2.997,95,-1990.32,-100.0,False,2360999.3800000055
ANANTRAJ.NS,2025-10-03,2025-11-04,719.8,720,775,741.18,645.45,-10.33,0.5235,1.699,3,21.18,2.943,94,-1991.05,-100.0,False,2359008.3300000057
ANGELONE.NS,2025-10-03,2025-11-04,216.63,215,235,221.61,247.83,14.41,0.2686,0.756,4,6.61,3.053,302,4042.94,202.44,True,2363051.2700000056
BAJFINANCE.NS,2025-10-03,2025-11-04,983.7,985,1045,1004.89,1050.54,6.79,0.2165,0.978,3,19.89,2.022,100,4011.02,201.66,True,2367062.2900000056
AIIL.NS,2025-10-03,2025-11-04,638.22,640,690,656.72,573.56,-10.13,0.3183,0.858,3,16.72,2.619,119,-1989.45,-100.0,False,2365072.8400000054
APOLLO.NS,2025-10-03,2025-11-04,342.75,345,370,354.58,277.9,-18.92,0.6249,1.005,3,9.58,2.794,208,-1992.15,-100.0,False,2363080.6900000055
ABCAPITAL.NS,2025-10-03,2025-11-04,303.95,305,325,311.69,331.45,9.05,0.2658,1.038,4,6.69,2.202,298,3965.51,198.82,True,2367046.2000000053
AJMERA.NS,2025-10-03,2025-11-04,202.31,200,220,207.18,210.32,3.96,0.3438,1.142,3,7.18,3.549,278,872.76,43.72,True,2367918.960000005
ABB.NS,2025-10-03,2025-11-04,5162.39,5160,5360,5232.03,5222.64,1.17,0.1335,0.824,4,72.03,1.395,27,-253.57,-13.04,False,2367665.3900000053
ANANTRAJ.NS,2025-10-06,2025-11-06,705.0,705,760,726.19,623.3,-11.59,0.5372,1.491,3,21.19,3.005,94,-1991.56,-100.0,False,2365673.830000005
ABCAPITAL.NS,2025-10-06,2025-11-06,304.05,305,325,311.71,327.05,7.56,0.2644,1.073,3,6.71,2.207,298,3960.14,198.02,True,2369633.9700000053
AJMERA.NS,2025-10-06,2025-11-06,198.87,200,215,205.07,203.36,2.26,0.3464,1.054,3,5.07,2.551,394,-675.21,-33.78,False,2368958.7600000054
APOLLO.NS,2025-10-06,2025-11-06,337.8,340,365,349.54,266.35,-21.15,0.6181,0.993,3,9.54,2.825,209,-1994.35,-100.0,False,2366964.4100000053
ANGELONE.NS,2025-10-06,2025-11-06,222.92,225,240,229.7,244.7,9.77,0.2815,0.828,5,4.7,2.111,425,4375.38,218.81,True,2371339.790000005
ABB.NS,2025-10-06,2025-11-06,5196.75,5195,5390,5265.62,5206.71,0.19,0.1309,0.854,3,70.62,1.359,28,-1649.7,-83.43,False,2369690.090000005
AIIL.NS,2025-10-06,2025-11-06,640.88,640,690,657.53,560.14,-12.6,0.3181,0.812,4,17.53,2.735,114,-1997.97,-100.0,False,2367692.120000005
BAJFINANCE.NS,2025-10-06,2025-11-06,1002.74,1005,1065,1025.01,1035.53,3.27,0.2241,1.085,4,20.01,1.996,99,1041.65,52.58,True,2368733.7700000047
AIIL.NS,2025-10-07,2025-11-07,650.02,650,700,667.34,560.02,-13.85,0.3165,0.77,3,17.34,2.668,115,-1994.51,-100.0,False,2366739.260000005
ABB.NS,2025-10-07,2025-11-07,5198.24,5200,5395,5269.34,4996.07,-3.89,0.1305,0.864,4,69.34,1.334,28,-1941.43,-100.0,False,2364797.8300000047
BAJFINANCE.NS,2025-10-07,2025-11-07,1010.34,1010,1075,1031.86,1060.08,4.92,0.2242,1.074,3,21.86,2.164,91,2568.28,129.1,True,2367366.1100000045
AJMERA.NS,2025-10-08,2025-11-10,204.37,205,220,210.31,198.54,-2.85,0.3579,1.045,4,5.31,2.596,376,-1995.11,-100.0,False,2365371.0000000047
APOLLO.NS,2025-10-09,2025-11-11,332.0,330,360,341.37,276.45,-16.73,0.4763,0.887,4,11.37,3.424,175,-1989.23,-100.0,False,2363381.7700000047
BAJFINANCE.NS,2025-10-10,2025-11-12,1017.59,1020,1080,1039.84,1007.01,-1.04,0.2161,1.014,3,19.84,1.95,100,-1983.91,-100.0,False,2361397.8600000045
ANGELONE.NS,2025-10-14,2025-11-14,236.64,235,255,241.63,270.16,14.17,0.2411,0.957,4,6.63,2.802,301,4024.21,201.64,True,2365422.0700000045
ABCAPITAL.NS,2025-10-14,2025-11-14,298.0,300,320,306.53,331.4,11.21,0.2847,0.974,3,6.53,2.19,306,4123.16,206.48,True,2369545.2300000046
ABCAPITAL.NS,2025-10-15,2025-11-17,303.5,305,330,312.7,334.8,10.31,0.2905,0.979,3,7.7,2.536,259,4481.77,224.85,True,2374027.0000000047
BAJFINANCE.NS,2025-10-15,2025-11-17,1053.42,1055,1125,1078.07,1020.53,-3.12,0.2387,1.142,4,23.07,2.19,86,-1983.69,-100.0,False,2372043.3100000047
ANGELONE.NS,2025-10-15,2025-11-17,240.63,240,255,245.41,280.21,16.45,0.2405,1.006,4,5.41,2.248,369,3538.94,177.3,True,2375582.2500000047
BAJFINANCE.NS,2025-10-16,2025-11-18,1059.24,1060,1130,1083.4,1007.41,-4.89,0.2389,1.131,4,23.4,2.209,85,-1988.86,-100.0,False,2373593.390000005
ANGELONE.NS,2025-10-16,2025-11-18,244.31,245,260,250.05,274.9,12.52,0.2432,1.042,4,5.05,2.068,395,3929.65,196.94,True,2377523.0400000047
HDFCBANK.NS,2025-10-16,2025-11-18,978.17,980,1010,990.81,976.3,-0.19,0.1173,1.031,3,10.81,1.105,184,-1989.43,-100.0,False,2375533.6100000045
RELIANCE.NS,2025-10-16,2025-11-18,1391.86,1390,1440,1408.36,1512.41,8.66,0.1162,0.908,4,18.36,1.319,108,3416.63,172.26,True,2378950.2400000044
ABB.NS,2025-10-16,2025-11-18,5190.77,5190,5390,5261.58,5059.81,-2.52,0.1331,1.128,4,71.58,1.379,27,-1932.62,-100.0,False,2377017.6200000043
ABCAPITAL.NS,2025-10-16,2025-11-18,300.0,300,325,308.05,333.1,11.03,0.2824,0.919,3,8.05,2.685,248,4202.47,210.38,True,2381220.0900000045
AIIL.NS,2025-10-16,2025-11-18,647.58,650,700,666.87,558.98,-13.68,0.3316,0.848,4,16.87,2.605,118,-1990.45,-100.0,False,2379229.6400000043
HDFCBANK.NS,2025-10-17,2025-11-19,986.24,985,1020,997.86,978.42,-0.79,0.115,1.082,3,12.86,1.304,155,-1993.51,-100.0,False,2377236.1300000045
BAJFINANCE.NS,2025-10-17,2025-11-19,1063.56,1065,1135,1088.02,999.46,-6.03,0.2332,1.122,3,23.02,2.164,86,-1979.6,-100.0,False,2375256.5300000045
TITAN.NS,2025-10-17,2025-11-19,3662.78,3665,3905,3744.8,3920.24,7.03,0.2318,1.085,3,79.8,2.179,25,4004.9,200.74,True,2379261.4300000044
RELIANCE.NS,2025-10-17,2025-11-19,1410.28,1410,1460,1428.31,1511.91,7.21,0.126,0.96,4,18.31,1.298,109,3454.31,173.09,True,2382715.7400000044
ICICIBANK.NS,2025-10-17,2025-11-19,1436.6,1435,1495,1456.48,1383.1,-3.72,0.1394,1.04,4,21.48,1.495,93,-1997.64,-100.0,False,2380718.1000000043
ANANDRATHI.NS,2025-10-20,2025-11-20,1598.02,1600,1725,1644.11,1432.39,-10.36,0.3602,1.44,3,44.11,2.76,45,-1984.84,-100.0,False,2378733.2600000044
RELIANCE.NS,2025-10-20,2025-11-20,1460.05,1460,1535,1485.54,1541.97,5.61,0.1741,1.111,4,25.54,1.749,78,3858.26,193.71,True,2382591.520000004
BHARTIARTL.NS,2025-10-20,2025-11-20,2051.5,2050,2145,2083.52,2158.3,5.21,0.1601,1.128,4,33.52,1.634,59,3627.45,183.43,True,2386218.9700000044
TITAN.NS,2025-10-20,2025-11-20,3724.98,3725,3970,3806.88,3889.64,4.42,0.2302,1.108,3,81.88,2.198,24,1986.21,101.08,True,2388205.1800000044
AIIL.NS,2025-10-20,2025-11-20,632.28,630,685,649.06,541.14,-14.41,0.3285,0.842,3,19.06,3.014,104,-1982.0,-100.0,False,2386223.1800000044
ABCAPITAL.NS,2025-10-21,2025-11-21,304.85,305,330,313.01,325.65,6.82,0.2769,0.895,4,8.01,2.626,249,3148.53,157.95,True,2389371.710000004
RELIANCE.NS,2025-10-21,2025-11-21,1458.46,1460,1530,1483.69,1539.48,5.56,0.1665,1.091,3,23.69,1.624,84,3890.21,195.51,True,2393261.920000004
AIIL.NS,2025-10-21,2025-11-21,638.18,640,690,656.21,534.32,-16.27,0.2928,0.823,4,16.21,2.541,123,-1994.38,-100.0,False,2391267.540000004
AJMERA.NS,2025-10-21,2025-11-21,208.08,210,225,214.79,198.14,-4.78,0.314,1.072,3,4.79,2.304,417,-1999.17,-100.0,False,2389268.3700000043
ABB.NS,2025-10-21,2025-11-21,5218.66,5220,5400,5285.34,5071.26,-2.82,0.1223,1.053,3,65.34,1.252,30,-1960.22,-100.0,False,2387308.150000004
INFY.NS,2025-10-21,2025-11-21,1419.48,1420,1500,1447.04,1512.28,6.54,0.1973,0.954,3,27.04,1.905,73,3866.16,195.87,True,2391174.3100000042
BAJFINANCE.NS,2025-10-21,2025-11-21,1079.86,1080,1150,1103.49,997.97,-7.58,0.2297,0.99,3,23.49,2.175,85,-1996.54,-100.0,False,2389177.770000004
AJMERA.NS,2025-10-23,2025-11-24,206.21,205,220,210.46,195.96,-4.97,0.2717,0.884,4,5.46,2.65,366,-1999.97,-100.0,False,2387177.800000004
TCS.NS,2025-10-23,2025-11-24,2961.71,2960,3155,3025.33,3027.25,2.21,0.2263,0.999,3,65.33,2.206,30,57.39,2.93,True,2387235.190000004
INFY.NS,2025-10-23,2025-11-24,1473.57,1475,1575,1507.93,1515.21,2.83,0.2396,1.022,4,32.93,2.235,60,436.72,22.1,True,2387671.9100000043
HDFCBANK.NS,2025-10-23,2025-11-24,992.39,990,1020,1001.9,982.89,-0.96,0.0997,1.057,3,11.9,1.199,168,-1999.64,-100.0,False,2385672.270000004
APARINDS.NS,2025-10-23,2025-11-24,8642.5,8640,9335,8872.94,8892.5,2.89,0.2983,1.163,3,232.94,2.695,8,156.45,8.4,True,2385828.7200000044
INFY.NS,2025-10-24,2025-11-25,1470.58,1470,1570,1503.57,1498.18,1.88,0.2396,1.011,3,33.57,2.283,59,-318.28,-16.07,False,2385510.4400000046
APARINDS.NS,2025-10-27,2025-11-26,8991.0,8990,9710,9235.8,9156.5,1.84,0.3159,1.188,3,245.8,2.734,8,-634.38,-32.26,False,2384876.0600000047
ABREL.NS,2025-10-27,2025-11-26,1752.15,1750,1890,1799.1,1770.21,1.03,0.3313,0.821,4,49.1,2.802,40,-1155.36,-58.83,False,2383720.700000005
ABB.NS,2025-10-27,2025-11-26,5216.66,5215,5395,5280.88,5176.33,-0.77,0.119,1.023,3,65.88,1.263,30,-1976.31,-100.0,False,2381744.390000005
ANANDRATHI.NS,2025-10-27,2025-11-26,1609.84,1610,1740,1655.88,1444.97,-10.24,0.361,1.474,3,45.88,2.85,43,-1972.88,-100.0,False,2379771.510000005
ANGELONE.NS,2025-10-27,2025-11-26,253.6,255,270,259.82,270.58,6.69,0.2297,0.976,3,4.82,1.901,414,4214.26,211.16,True,2383985.7700000047
BHARTIARTL.NS,2025-10-27,2025-11-26,2080.1,2080,2195,2118.96,2126.8,2.25,0.1896,1.303,4,38.96,1.873,51,399.75,20.12,True,2384385.5200000047
HDFCBANK.NS,2025-10-28,2025-11-27,987.22,985,1020,998.08,993.08,0.59,0.1094,1.201,4,13.08,1.325,152,-760.42,-38.25,False,2383625.1000000047
APARINDS.NS,2025-10-28,2025-11-27,9107.5,9110,9810,9339.26,9145.5,0.42,0.2689,1.159,4,229.26,2.517,8,-1550.08,-84.52,False,2382075.0200000047
ABREL.NS,2025-10-28,2025-11-27,1691.65,1690,1825,1737.8,1742.76,3.02,0.3458,0.966,3,47.8,2.826,41,203.3,10.37,True,2382278.3200000045
ANGELONE.NS,2025-10-28,2025-11-27,249.75,250,265,254.97,272.02,8.92,0.2088,0.941,3,4.97,1.989,402,4032.59,201.89,True,2386310.9100000043
ICICIBANK.NS,2025-10-28,2025-11-27,1363.1,1365,1435,1388.58,1392.2,2.13,0.1828,1.305,4,23.58,1.73,84,304.01,15.35,True,2386614.920000004
ABREL.NS,2025-10-29,2025-11-28,1814.64,1815,1960,1867.46,1770.51,-2.43,0.3944,1.142,3,52.46,2.891,38,-1993.35,-100.0,False,2384621.570000004
ICICIBANK.NS,2025-10-29,2025-11-28,1370.4,1370,1440,1394.32,1388.8,1.34,0.1808,1.31,4,24.32,1.775,82,-453.03,-22.71,False,2384168.540000004
APARINDS.NS,2025-10-29,2025-11-28,9462.0,9460,10220,9713.29,9159.5,-3.2,0.2937,1.302,4,253.29,2.677,7,-1773.02,-100.0,False,2382395.520000004
APARINDS.NS,2025-10-30,2025-12-01,9251.5,9250,9990,9497.59,8975.0,-2.99,0.296,1.37,3,247.59,2.676,8,-1980.68,-100.0,False,2380414.840000004
ICICIBANK.NS,2025-10-30,2025-12-01,1362.4,1360,1435,1385.95,1390.1,2.03,0.1823,1.293,3,25.95,1.905,77,319.55,15.99,True,2380734.390000004
ABB.NS,2025-10-30,2025-12-01,5257.5,5255,5475,5333.37,5168.36,-1.7,0.1447,1.028,3,78.37,1.491,25,-1959.24,-100.0,False,2378775.1500000036
RELIANCE.NS,2025-10-30,2025-12-01,1481.65,1480,1560,1507.71,1558.89,5.21,0.1846,1.341,3,27.71,1.87,72,3685.04,184.69,True,2382460.1900000037
ABCAPITAL.NS,2025-10-30,2025-12-01,326.8,325,350,333.86,356.1,8.97,0.2703,1.012,4,8.86,2.71,225,3632.07,182.25,True,2386092.2600000035
ABREL.NS,2025-10-30,2025-12-01,1887.11,1885,2040,1941.77,1766.72,-6.38,0.4129,1.125,4,56.77,3.008,35,-1986.95,-100.0,False,2384105.3100000033
AJMERA.NS,2025-10-30,2025-12-01,208.93,210,225,214.41,202.1,-3.27,0.228,0.803,4,4.41,2.109,453,-1995.96,-100.0,False,2382109.3500000034
BHARTIARTL.NS,2025-10-30,2025-12-01,2066.3,2065,2175,2102.88,2089.7,1.13,0.1828,1.343,3,37.88,1.833,52,-685.53,-34.8,False,2381423.8200000036
TITAN.NS,2025-10-31,2025-12-02,3734.45,3735,3955,3809.15,3873.09,3.71,0.2053,0.981,3,74.15,1.986,26,1662.46,86.23,True,2383086.2800000035
AJMERA.NS,2025-10-31,2025-12-02,214.42,215,230,219.75,197.2,-8.03,0.2404,0.844,5,4.75,2.216,420,-1995.29,-100.0,False,2381090.9900000035
TITAN.NS,2025-11-03,2025-12-03,3712.32,3710,3930,3785.03,3805.31,2.51,0.2062,0.987,3,75.03,2.021,26,527.32,27.03,True,2381618.3100000033
HDFCBANK.NS,2025-11-03,2025-12-03,976.5,975,1010,988.0,984.22,0.79,0.1181,1.126,3,13.0,1.331,153,-577.74,-29.05,False,2381040.570000003
BAJFINANCE.NS,2025-11-03,2025-12-03,1036.73,1035,1095,1055.8,1015.16,-2.08,0.1983,0.935,3,20.8,2.006,96,-1996.56,-100.0,False,2379044.010000003
AJMERA.NS,2025-11-03,2025-12-03,213.48,215,230,219.44,197.56,-7.46,0.2411,0.869,5,4.44,2.078,450,-1996.3,-100.0,False,2377047.710000003
ABCAPITAL.NS,2025-11-03,2025-12-03,334.25,335,360,343.18,350.0,4.71,0.2784,1.143,3,8.18,2.449,244,1663.05,83.28,True,2378710.760000003
ANANTRAJ.NS,2025-11-03,2025-12-03,650.2,650,700,668.33,553.35,-14.9,0.3881,0.708,3,18.33,2.819,109,-1997.7,-100.0,False,2376713.060000003
ANGELONE.NS,2025-11-04,2025-12-04,247.83,250,265,254.57,258.33,4.23,0.2337,0.976,3,4.57,1.843,437,1641.94,82.26,True,2378355.000000003
BAJFINANCE.NS,2025-11-04,2025-12-04,1050.54,1050,1110,1070.31,1022.81,-2.64,0.1928,0.972,3,20.31,1.933,98,-1990.35,-100.0,False,2376364.6500000027
TITAN.NS,2025-11-04,2025-12-04,3801.03,3800,4035,3878.94,3787.97,-0.34,0.2126,1.022,4,78.94,2.077,25,-1973.42,-100.0,False,2374391.230000003
TITAN.NS,2025-11-06,2025-12-05,3762.06,3760,3995,3839.65,3800.83,1.03,0.2183,1.086,3,79.65,2.117,25,-970.52,-48.74,False,2373420.7100000028
BHARTIARTL.NS,2025-11-06,2025-12-05,2094.9,2095,2210,2134.05,2108.8,0.66,0.1899,1.324,4,39.05,1.864,51,-1287.63,-64.66,False,2372133.080000003
BAJFINANCE.NS,2025-11-06,2025-12-05,1035.53,1035,1095,1055.45,1041.6,0.59,0.2005,1.031,3,20.45,1.974,97,-1343.41,-67.74,False,2370789.6700000027
RELIANCE.NS,2025-11-07,2025-12-08,1471.2,1470,1550,1497.84,1535.9,4.4,0.1925,1.061,3,27.84,1.892,71,2702.01,136.69,True,2373491.6800000025
ANGELONE.NS,2025-11-07,2025-12-08,257.48,255,280,263.35,250.22,-2.82,0.2775,1.2,4,8.35,3.244,239,-1996.23,-100.0,False,2371495.4500000025
ANANDRATHI.NS,2025-11-07,2025-12-08,1557.69,1560,1680,1602.8,1416.97,-9.03,0.371,0.944,3,42.8,2.748,46,-1968.89,-100.0,False,2369526.5600000024
HDFCBANK.NS,2025-11-07,2025-12-08,966.32,965,1000,977.74,986.78,2.12,0.1139,1.09,3,12.74,1.318,156,1410.11,70.95,True,2370936.6700000023
HDFCBANK.NS,2025-11-10,2025-12-09,968.48,970,1000,980.77,980.88,1.28,0.1139,1.028,3,10.77,1.112,185,20.58,1.03,True,2370957.2500000023
ANGELONE.NS,2025-11-10,2025-12-09,256.49,255,275,262.1,249.32,-2.8,0.2763,1.274,3,7.1,2.767,281,-1994.4,-100.0,False,2368962.8500000024
RELIANCE.NS,2025-11-10,2025-12-09,1482.45,1480,1565,1509.3,1522.36,2.69,0.1925,1.101,3,29.3,1.976,68,888.31,44.59,True,2369851.1600000025
INFY.NS,2025-11-10,2025-12-09,1481.44,1480,1570,1510.89,1565.13,5.65,0.2137,0.808,5,30.89,2.085,64,3471.24,175.57,True,2373322.4000000027
BAJFINANCE.NS,2025-11-10,2025-12-09,1078.37,1080,1145,1101.77,1010.49,-6.29,0.2213,1.188,3,21.77,2.019,91,-1981.05,-100.0,False,2371341.350000003
RELIANCE.NS,2025-11-11,2025-12-10,1486.53,1485,1570,1514.01,1529.83,2.91,0.1925,1.034,3,29.01,1.951,68,1075.69,54.53,True,2372417.040000003
INFY.NS,2025-11-11,2025-12-10,1497.89,1500,1590,1530.0,1551.23,3.56,0.2166,0.831,5,30.0,2.003,66,1401.43,70.78,True,2373818.470000003
BHARTIARTL.NS,2025-11-11,2025-12-10,2042.3,2040,2195,2091.54,2067.0,1.21,0.2619,1.318,4,51.54,2.524,38,-932.5,-47.61,False,2372885.970000003
APARINDS.NS,2025-11-11,2025-12-10,8531.0,8530,9215,8780.21,8815.5,3.33,0.4097,1.436,3,250.21,2.933,7,247.06,14.11,True,2373133.030000003
TITAN.NS,2025-11-11,2025-12-10,3799.93,3800,3980,3862.44,3833.12,0.87,0.1649,1.077,3,62.44,1.643,32,-938.21,-46.95,False,2372194.820000003
HDFCBANK.NS,2025-11-11,2025-12-10,975.56,975,1010,987.57,973.7,-0.19,0.116,1.041,3,12.57,1.289,159,-1999.1,-100.0,False,2370195.720000003
ANGELONE.NS,2025-11-12,2025-12-11,263.69,265,285,271.24,253.64,-3.81,0.2742,1.264,3,6.24,2.366,320,-1996.61,-100.0,False,2368199.110000003
RELIANCE.NS,2025-11-12,2025-12-11,1504.54,1505,1585,1532.52,1537.89,2.22,0.1917,1.145,3,27.52,1.829,72,386.35,19.5,True,2368585.460000003
INFY.NS,2025-11-12,2025-12-11,1518.83,1520,1610,1550.31,1564.15,2.98,0.2127,0.879,4,30.31,1.996,65,899.71,45.67,True,2369485.170000003
APARINDS.NS,2025-11-12,2025-12-11,8980.0,8980,9700,9247.35,8987.0,0.08,0.4451,1.531,4,267.35,2.977,7,-1822.42,-97.38,False,2367662.7500000033
ABCAPITAL.NS,2025-11-13,2025-12-12,331.8,330,360,339.93,362.95,9.39,0.2819,1.317,3,9.93,2.993,201,4034.16,202.13,True,2371696.9100000034
ANGELONE.NS,2025-11-13,2025-12-12,267.03,265,285,272.31,255.4,-4.36,0.2648,1.277,4,7.31,2.736,273,-1994.87,-100.0,False,2369702.0400000033
ICICIBANK.NS,2025-11-13,2025-12-12,1385.9,1385,1465,1412.54,1366.0,-1.44,0.2043,0.997,4,27.54,1.987,72,-1983.17,-100.0,False,2367718.8700000034
INFY.NS,2025-11-13,2025-12-12,1509.14,1510,1600,1540.41,1564.35,3.66,0.2145,0.897,4,30.41,2.015,65,1555.81,78.7,True,2369274.6800000034
ANANTRAJ.NS,2025-11-14,2025-12-15,616.1,615,665,632.06,550.55,-10.64,0.3025,0.714,4,17.06,2.77,117,-1996.43,-100.0,False,2367278.2500000033
BHARTIARTL.NS,2025-11-14,2025-12-15,2100.7,2100,2260,2152.63,2069.7,-1.48,0.263,1.296,3,52.63,2.505,38,-1999.92,-100.0,False,2365278.3300000033
RELIANCE.NS,2025-11-17,2025-12-16,1511.31,1510,1590,1537.9,1535.2,1.58,0.1859,1.103,3,27.9,1.846,71,-191.61,-9.67,False,2365086.7200000035
ANANTRAJ.NS,2025-11-17,2025-12-16,633.4,635,685,650.94,539.25,-14.86,0.2797,0.759,4,15.94,2.517,125,-1992.78,-100.0,False,2363093.9400000037
BHARTIARTL.NS,2025-11-17,2025-12-16,2112.2,2110,2270,2163.25,2102.0,-0.48,0.2627,1.294,3,53.25,2.521,37,-1970.26,-100.0,False,2361123.680000004
ANGELONE.NS,2025-11-17,2025-12-16,280.21,280,305,287.87,249.21,-11.06,0.2829,1.261,3,7.87,2.807,254,-1997.9,-100.0,False,2359125.780000004
TITAN.NS,2025-11-17,2025-12-16,3855.95,3855,4025,3914.61,3916.65,1.57,0.1512,1.1,3,59.61,1.546,33,67.12,3.41,True,2359192.900000004
HDFCBANK.NS,2025-11-17,2025-12-16,980.34,980,1010,991.17,978.12,-0.23,0.1035,0.94,3,11.17,1.14,179,-1999.85,-100.0,False,2357193.050000004
ANANTRAJ.NS,2025-11-18,2025-12-17,621.25,620,670,636.73,525.45,-15.42,0.2794,0.744,3,16.73,2.694,119,-1991.33,-100.0,False,2355201.720000004
ANGELONE.NS,2025-11-18,2025-12-17,274.9,275,295,281.93,246.48,-10.34,0.2976,1.262,3,6.93,2.521,288,-1996.04,-100.0,False,2353205.680000004
TITAN.NS,2025-11-19,2025-12-18,3920.24,3920,4085,3978.19,3906.48,-0.35,0.1459,0.977,4,58.19,1.484,34,-1978.59,-100.0,False,2351227.090000004
AJMERA.NS,2025-11-19,2025-12-18,205.26,205,220,210.16,180.84,-11.9,0.2735,1.004,3,5.16,2.512,387,-1995.62,-100.0,False,2349231.470000004
INFY.NS,2025-11-21,2025-12-22,1512.28,1510,1605,1542.58,1653.81,9.36,0.2177,1.155,3,32.58,2.155,61,3807.45,191.56,True,2353038.920000004
TCS.NS,2025-11-21,2025-12-22,3036.31,3035,3175,3084.33,3204.28,5.53,0.1617,0.942,4,49.33,1.625,40,3626.85,183.81,True,2356665.770000004
INFY.NS,2025-11-24,2025-12-23,1515.21,1515,1610,1546.88,1632.96,7.77,0.2174,1.147,4,31.88,2.104,62,3913.14,197.95,True,2360578.9100000043
RELIANCE.NS,2025-11-26,2025-12-26,1562.67,1565,1630,1587.23,1552.02,-0.68,0.1462,1.026,4,22.23,1.423,89,-1978.5,-100.0,False,2358600.4100000043
HDFCBANK.NS,2025-11-26,2025-12-26,987.57,990,1020,1000.74,975.96,-1.18,0.1198,1.071,3,10.74,1.087,186,-1997.27,-100.0,False,2356603.1400000043
ANGELONE.NS,2025-11-26,2025-12-26,270.58,270,290,277.25,245.61,-9.23,0.3243,1.098,3,7.25,2.68,275,-1994.06,-100.0,False,2354609.0800000043
ICICIBANK.NS,2025-11-26,2025-12-26,1375.0,1375,1435,1395.89,1350.4,-1.79,0.1483,1.003,3,20.89,1.519,95,-1984.62,-100.0,False,2352624.460000004
APARINDS.NS,2025-11-26,2025-12-26,9156.5,9155,9890,9425.43,8625.0,-5.8,0.423,0.918,3,270.43,2.953,7,-1893.01,-100.0,False,2350731.4500000044
ANGELONE.NS,2025-11-27,2025-12-29,272.02,270,295,278.74,237.19,-12.81,0.3198,1.012,3,8.74,3.213,228,-1992.55,-100.0,False,2348738.9000000046
ABCAPITAL.NS,2025-11-27,2025-12-29,351.75,350,380,360.4,346.75,-1.42,0.3037,0.863,3,10.4,2.957,192,-1996.94,-100.0,False,2346741.9600000046
AIIL.NS,2025-11-27,2025-12-29,548.76,550,595,564.84,575.0,4.78,0.3177,1.115,3,14.84,2.704,134,1361.29,68.45,True,2348103.2500000047
TITAN.NS,2025-11-27,2025-12-29,3890.53,3890,4040,3944.0,3970.67,2.06,0.136,0.944,3,54.0,1.388,37,986.79,49.39,True,2349090.0400000047
APARINDS.NS,2025-11-27,2025-12-29,9145.5,9145,9875,9410.4,8562.5,-6.37,0.3986,0.9,4,265.4,2.902,7,-1857.79,-100.0,False,2347232.2500000047
AJMERA.NS,2025-11-27,2025-12-29,203.22,205,220,209.63,193.14,-4.96,0.2915,0.968,3,4.63,2.278,431,-1995.54,-100.0,False,2345236.7100000046
BAJFINANCE.NS,2025-11-27,2025-12-29,1027.48,1025,1110,1055.58,991.9,-3.46,0.3671,0.949,4,30.58,2.976,65,-1987.67,-100.0,False,2343249.0400000047
ABB.NS,2025-11-27,2025-12-29,5219.15,5220,5540,5327.65,5143.96,-1.44,0.2154,0.97,3,107.65,2.063,18,-1937.62,-100.0,False,2341311.4200000046
ICICIBANK.NS,2025-11-27,2025-12-29,1392.2,1390,1455,1412.97,1343.3,-3.51,0.1535,0.922,4,22.97,1.65,87,-1998.14,-100.0,False,2339313.2800000045
HDFCBANK.NS,2025-11-27,2025-12-29,993.08,995,1025,1005.94,975.56,-1.76,0.1205,1.117,4,10.94,1.102,182,-1991.99,-100.0,False,2337321.290000004
AJMERA.NS,2025-11-28,2025-12-30,204.02,205,220,209.8,192.28,-5.75,0.2803,0.994,3,4.8,2.353,416,-1996.66,-100.0,False,2335324.630000004
ABCAPITAL.NS,2025-11-28,2025-12-30,358.05,360,385,367.87,349.3,-2.44,0.26,0.895,4,7.87,2.198,254,-1998.52,-100.0,False,2333326.110000004
TITAN.NS,2025-11-28,2025-12-30,3894.92,3895,4045,3948.81,3961.1,1.7,0.136,0.928,3,53.81,1.381,37,454.89,22.85,True,2333781.000000004
APARINDS.NS,2025-11-28,2025-12-30,9159.5,9160,9890,9424.12,8384.0,-8.47,0.391,0.905,3,264.12,2.884,7,-1848.84,-100.0,False,2331932.1600000043
ICICIBANK.NS,2025-11-28,2025-12-30,1388.8,1390,1450,1410.74,1342.5,-3.33,0.152,0.866,4,20.74,1.494,96,-1991.21,-100.0,False,2329940.9500000044
AIIL.NS,2025-11-28,2025-12-30,541.3,540,585,555.5,599.86,10.82,0.315,1.107,3,15.5,2.863,129,3805.86,190.37,True,2333746.8100000042
ABCAPITAL.NS,2025-12-01,2025-12-31,356.1,355,380,363.8,357.7,0.45,0.2585,0.893,3,8.8,2.472,227,-1385.6,-69.33,False,2332361.210000004
AJMERA.NS,2025-12-01,2025-12-31,202.1,200,215,205.69,192.04,-4.98,0.2625,1.001,3,5.69,2.814,351,-1995.91,-100.0,False,2330365.300000004
RELIANCE.NS,2025-12-01,2025-12-31,1558.89,1560,1620,1581.17,1563.17,0.27,0.1363,1.05,3,21.17,1.358,94,-1692.06,-85.02,False,2328673.240000004
ICICIBANK.NS,2025-12-01,2025-12-31,1390.1,1390,1445,1409.85,1342.9,-3.4,0.1433,0.89,3,19.85,1.428,100,-1984.63,-100.0,False,2326688.610000004
ANGELONE.NS,2025-12-01,2025-12-31,271.95,270,295,278.83,230.67,-15.18,0.3364,0.981,3,8.83,3.248,226,-1996.22,-100.0,False,2324692.390000004
ANGELONE.NS,2025-12-02,2026-01-01,276.94,275,300,283.84,232.52,-16.04,0.3291,0.964,4,8.84,3.192,226,-1997.62,-100.0,False,2322694.7700000037
TITAN.NS,2025-12-02,2026-01-01,3873.09,3875,4025,3927.87,4036.06,4.21,0.1347,0.887,3,52.87,1.365,37,3593.69,183.7,True,2326288.4600000037
ABB.NS,2025-12-02,2026-01-01,5161.89,5160,5480,5267.94,5155.41,-0.13,0.2149,0.891,4,107.94,2.091,18,-1942.95,-100.0,False,2324345.5100000035
BHARTIARTL.NS,2025-12-02,2026-01-01,2104.0,2105,2240,2150.04,2110.4,0.3,0.2264,0.901,3,45.04,2.141,44,-1744.15,-88.01,False,2322601.3600000036
INFY.NS,2025-12-02,2026-01-01,1527.94,1530,1625,1561.52,1595.28,4.41,0.2226,0.999,3,31.52,2.063,63,2126.72,107.09,True,2324728.080000004
INFY.NS,2025-12-03,2026-01-02,1545.26,1545,1640,1577.22,1605.65,3.91,0.2179,0.909,4,32.22,2.085,62,1762.87,88.24,True,2326490.950000004
BHARTIARTL.NS,2025-12-03,2026-01-02,2086.0,2085,2215,2129.05,2106.3,0.97,0.2182,0.937,3,44.05,2.112,45,-1023.89,-51.65,False,2325467.060000004
BHARTIARTL.NS,2025-12-04,2026-01-05,2103.8,2105,2235,2148.49,2105.0,0.06,0.2183,0.973,3,43.49,2.067,45,-1957.04,-100.0,False,2323510.0200000037
INFY.NS,2025-12-04,2026-01-05,1563.76,1565,1660,1596.96,1572.37,0.55,0.2192,0.963,3,31.96,2.044,62,-1524.31,-76.93,False,2321985.7100000037
TCS.NS,2025-12-04,2026-01-05,3112.05,3110,3255,3161.04,3099.43,-0.41,0.1611,0.97,4,51.04,1.64,39,-1990.41,-100.0,False,2319995.3000000035
ABB.NS,2025-12-05,2026-01-06,5152.43,5150,5400,5237.02,5203.22,0.99,0.1671,0.901,3,87.02,1.689,22,-743.56,-38.84,False,2319251.7400000035
TCS.NS,2025-12-05,2026-01-06,3120.73,3120,3260,3169.27,3137.69,0.54,0.1569,0.992,4,49.27,1.579,40,-1263.18,-64.1,False,2317988.5600000033
ANGELONE.NS,2025-12-05,2026-01-06,259.97,260,280,267.06,237.3,-8.72,0.3379,1.041,3,7.06,2.714,283,-1996.84,-100.0,False,2315991.7200000035
BHARTIARTL.NS,2025-12-05,2026-01-06,2108.8,2110,2190,2138.41,2105.3,-0.17,0.1347,0.964,3,28.41,1.347,70,-1988.79,-100.0,False,2314002.9300000034
APARINDS.NS,2025-12-05,2026-01-06,8899.0,8900,9610,9140.19,8182.0,-8.06,0.308,0.909,3,240.19,2.699,8,-1921.53,-100.0,False,2312081.4000000036
INFY.NS,2025-12-05,2026-01-06,1581.97,1580,1680,1614.2,1578.05,-0.25,0.2205,0.986,3,34.2,2.162,58,-1983.7,-100.0,False,2310097.7000000034
INFY.NS,2025-12-08,2026-01-07,1576.68,1575,1670,1607.53,1604.28,1.75,0.2088,0.924,3,32.53,2.063,61,-198.09,-9.98,False,2309899.6100000036
ABB.NS,2025-12-10,2026-01-09,5131.01,5130,5405,5224.11,5072.25,-1.15,0.1856,0.997,3,94.11,1.834,21,-1976.29,-100.0,False,2307923.3200000036
ANANDRATHI.NS,2025-12-11,2026-01-12,1439.43,1440,1515,1465.82,1562.78,8.57,0.1879,0.692,5,25.82,1.794,77,3786.75,190.46,True,2311710.0700000036
ABB.NS,2025-12-11,2026-01-12,5221.15,5220,5510,5318.83,5027.44,-3.71,0.1922,1.027,4,98.83,1.893,20,-1976.52,-100.0,False,2309733.5500000035
APARINDS.NS,2025-12-11,2026-01-12,8987.0,8985,9665,9209.2,7879.0,-12.33,0.2636,0.979,3,224.2,2.495,8,-1793.56,-100.0,False,2307939.9900000035
ANGELONE.NS,2025-12-12,2026-01-13,255.4,255,275,262.37,240.05,-6.01,0.3873,1.161,3,7.37,2.884,271,-1996.15,-100.0,False,2305943.8400000036
ABB.NS,2025-12-12,2026-01-13,5256.5,5255,5545,5354.19,4945.77,-5.91,0.1919,1.002,3,99.19,1.887,20,-1983.88,-100.0,False,2303959.9600000037
ANANDRATHI.NS,2025-12-12,2026-01-13,1466.62,1465,1550,1494.03,1573.01,7.25,0.1958,0.727,5,29.03,1.979,68,3806.1,192.82,True,2307766.060000004
ABREL.NS,2025-12-12,2026-01-13,1671.09,1670,1805,1715.64,1549.2,-7.29,0.3042,1.052,3,45.64,2.731,43,-1962.61,-100.0,False,2305803.450000004
TCS.NS,2025-12-15,2026-01-14,3113.02,3115,3230,3155.89,3076.68,-1.17,0.1308,1.07,3,40.89,1.313,48,-1962.58,-100.0,False,2303840.870000004
APARINDS.NS,2025-12-15,2026-01-14,9090.5,9090,9730,9302.03,7478.0,-17.74,0.2449,0.896,4,212.03,2.332,9,-1908.28,-100.0,False,2301932.590000004
ABB.NS,2025-12-15,2026-01-14,5263.47,5265,5540,5359.07,4914.9,-6.62,0.1839,1.023,3,94.07,1.787,21,-1975.55,-100.0,False,2299957.040000004
AJMERA.NS,2025-12-15,2026-01-14,200.48,200,215,205.4,185.05,-7.7,0.3185,1.009,4,5.4,2.696,370,-1999.67,-100.0,False,2297957.3700000043
ANANDRATHI.NS,2025-12-15,2026-01-14,1487.73,1490,1575,1518.24,1539.08,3.45,0.2028,0.757,4,28.24,1.898,70,1458.6,73.78,True,2299415.9700000044
ABREL.NS,2025-12-15,2026-01-14,1718.5,1720,1855,1766.21,1530.03,-10.97,0.3218,1.11,3,46.21,2.689,43,-1987.12,-100.0,False,2297428.8500000043
ABREL.NS,2025-12-16,2026-01-15,1697.44,1695,1835,1743.29,1530.03,-9.86,0.3243,1.104,3,48.29,2.845,41,-1979.82,-100.0,False,2295449.0300000045
TCS.NS,2025-12-16,2026-01-15,3088.83,3090,3205,3131.25,3076.68,-0.39,0.1332,1.1,3,41.25,1.336,48,-1980.1,-100.0,False,2293468.9300000044
INFY.NS,2025-12-16,2026-01-15,1559.16,1560,1640,1587.03,1565.91,0.43,0.1757,0.985,3,27.03,1.733,74,-1562.23,-78.12,False,2291906.7000000044
ANANDRATHI.NS,2025-12-16,2026-01-15,1493.27,1495,1565,1519.16,1539.08,3.07,0.1718,0.765,4,24.16,1.618,82,1633.85,82.49,True,2293540.5500000045
APARINDS.NS,2025-12-16,2026-01-15,8937.5,8940,9575,9149.52,7478.0,-16.33,0.2483,0.882,4,209.52,2.344,9,-1885.65,-100.0,False,2291654.9000000046
TCS.NS,2025-12-17,2026-01-16,3101.07,3100,3205,3138.55,3146.55,1.47,0.1165,1.043,3,38.55,1.243,51,407.79,20.74,True,2292062.6900000046
INFY.NS,2025-12-17,2026-01-16,1568.07,1570,1625,1589.52,1654.01,5.48,0.1271,0.956,3,19.52,1.245,102,3619.0,181.77,True,2295681.6900000046
ABREL.NS,2025-12-17,2026-01-16,1743.26,1745,1885,1792.24,1527.04,-12.4,0.3177,1.108,3,47.24,2.71,42,-1983.96,-100.0,False,2293697.7300000046
INFY.NS,2025-12-18,2026-01-19,1592.34,1590,1655,1613.47,1645.59,3.34,0.1341,0.946,3,23.47,1.474,85,2730.63,136.9,True,2296428.3600000045
TCS.NS,2025-12-18,2026-01-19,3161.78,3160,3280,3203.69,3104.26,-1.82,0.1329,1.034,3,43.69,1.382,45,-1965.85,-100.0,False,2294462.5100000044
INFY.NS,2025-12-19,2026-01-20,1603.99,1605,1665,1626.41,1623.76,1.23,0.1347,0.933,4,21.41,1.335,93,-246.5,-12.38,False,2294216.0100000044
TCS.NS,2025-12-19,2026-01-20,3162.94,3165,3285,3207.36,3044.11,-3.76,0.1331,1.028,3,42.36,1.339,47,-1990.99,-100.0,False,2292225.020000004
APARINDS.NS,2025-12-22,2026-01-21,8870.5,8870,9515,9083.0,6966.0,-21.47,0.253,0.909,4,213.0,2.401,9,-1916.97,-100.0,False,2290308.050000004
BHARTIARTL.NS,2025-12-22,2026-01-21,2147.6,2150,2250,2183.98,1996.1,-7.05,0.1625,0.924,3,33.98,1.582,58,-1970.85,-100.0,False,2288337.200000004
RELIANCE.NS,2025-12-22,2026-01-21,1568.15,1570,1620,1588.16,1398.14,-10.84,0.1189,0.843,4,18.16,1.158,110,-1997.21,-100.0,False,2286339.990000004
INFY.NS,2025-12-22,2026-01-21,1653.81,1655,1735,1682.17,1619.36,-2.08,0.1665,1.003,4,27.17,1.643,73,-1983.16,-100.0,False,2284356.830000004
ABB.NS,2025-12-22,2026-01-21,5159.9,5160,5455,5259.75,4688.33,-9.14,0.1979,1.028,3,99.75,1.933,20,-1994.95,-100.0,False,2282361.8800000036
TCS.NS,2025-12-23,2026-01-22,3189.92,3190,3315,3234.37,3091.31,-3.09,0.1349,0.978,3,44.37,1.391,45,-1996.87,-100.0,False,2280365.0100000035
RELIANCE.NS,2025-12-23,2026-01-22,1563.47,1565,1615,1583.28,1396.05,-10.71,0.1198,0.796,4,18.28,1.169,109,-1992.08,-100.0,False,2278372.9300000034
APARINDS.NS,2025-12-23,2026-01-22,8891.5,8890,9535,9103.45,7214.5,-18.86,0.2527,0.839,4,213.45,2.401,9,-1921.06,-100.0,False,2276451.8700000034
ABB.NS,2025-12-23,2026-01-22,5182.8,5185,5475,5283.38,4736.13,-8.62,0.1981,0.939,3,98.38,1.898,20,-1967.63,-100.0,False,2274484.2400000035
INFY.NS,2025-12-23,2026-01-22,1632.96,1635,1710,1660.89,1628.27,-0.29,0.1683,1.013,3,25.89,1.585,77,-1993.56,-100.0,False,2272490.6800000034
BHARTIARTL.NS,2025-12-23,2026-01-22,2122.9,2125,2225,2159.18,2002.2,-5.69,0.1665,0.976,3,34.18,1.61,58,-1982.47,-100.0,False,2270508.210000003
APARINDS.NS,2025-12-24,2026-01-23,8690.0,8690,9305,8893.62,7033.0,-19.07,0.2466,0.85,4,203.62,2.343,9,-1832.55,-100.0,False,2268675.6600000034
ANANDRATHI.NS,2025-12-24,2026-01-23,1528.25,1530,1590,1551.24,1476.8,-3.37,0.1462,0.69,4,21.24,1.39,94,-1996.33,-100.0,False,2266679.3300000033
ANANTRAJ.NS,2025-12-24,2026-01-23,566.8,565,610,582.25,501.4,-11.54,0.4612,1.029,3,17.25,3.044,115,-1984.29,-100.0,False,2264695.0400000033
TCS.NS,2025-12-24,2026-01-23,3198.6,3200,3315,3241.39,3103.18,-2.98,0.1286,0.946,3,41.39,1.294,48,-1986.68,-100.0,False,2262708.360000003
ABB.NS,2025-12-24,2026-01-23,5193.76,5195,5460,5285.69,4675.38,-9.98,0.1779,0.91,3,90.69,1.746,22,-1995.23,-100.0,False,2260713.130000003
BAJFINANCE.NS,2025-12-24,2026-01-23,1005.52,1005,1055,1022.34,922.18,-8.29,0.1706,0.759,4,17.34,1.724,115,-1993.97,-100.0,False,2258719.160000003
APARINDS.NS,2025-12-26,2026-01-27,8625.0,8625,9235,8827.18,7208.5,-16.42,0.2472,0.772,3,202.18,2.344,9,-1819.64,-100.0,False,2256899.520000003
ABB.NS,2025-12-26,2026-01-27,5161.89,5160,5425,5251.28,4688.33,-9.17,0.1765,0.879,4,91.28,1.768,21,-1916.97,-100.0,False,2254982.5500000026
ANANDRATHI.NS,2025-12-26,2026-01-27,1513.78,1515,1580,1537.55,1447.51,-4.38,0.1518,0.788,4,22.55,1.49,88,-1984.71,-100.0,False,2252997.8400000026
TITAN.NS,2025-12-26,2026-01-27,3978.94,3980,4155,4041.26,3983.93,0.13,0.1553,0.879,5,61.26,1.54,32,-1834.54,-93.59,False,2251163.3000000026
ANANDRATHI.NS,2025-12-29,2026-01-28,1537.83,1540,1610,1563.68,1436.93,-6.56,0.1585,0.816,3,23.68,1.54,84,-1988.78,-100.0,False,2249174.520000003
ANANDRATHI.NS,2025-12-30,2026-01-29,1542.92,1545,1610,1567.62,1461.33,-5.29,0.1548,0.844,5,22.62,1.466,88,-1990.53,-100.0,False,2247183.990000003
RELIANCE.NS,2025-12-31,2026-01-30,1563.17,1565,1615,1583.14,1388.98,-11.14,0.119,0.835,4,18.14,1.161,110,-1995.49,-100.0,False,2245188.500000003
ANANTRAJ.NS,2025-12-31,2026-01-30,547.3,545,590,562.21,504.3,-7.86,0.4612,0.98,3,17.21,3.145,116,-1996.87,-100.0,False,2243191.6300000027
ANANDRATHI.NS,2025-12-31,2026-01-30,1553.15,1555,1620,1577.78,1439.88,-7.29,0.155,0.863,3,22.78,1.466,87,-1981.46,-100.0,False,2241210.1700000027
ABREL.NS,2025-12-31,2026-01-30,1671.89,1670,1805,1716.26,1264.2,-24.39,0.3118,0.76,4,46.26,2.767,43,-1989.18,-100.0,False,2239220.9900000026
APOLLO.NS,2026-01-01,2026-02-02,276.0,275,300,284.46,246.65,-10.63,0.5264,1.073,4,9.46,3.428,211,-1996.25,-100.0,False,2237224.7400000026
ANANTRAJ.NS,2026-01-01,2026-02-02,552.5,550,595,567.31,558.2,1.03,0.4624,0.928,3,17.31,3.132,115,-1047.24,-52.62,False,2236177.5000000023
BHARTIARTL.NS,2026-01-01,2026-02-02,2110.4,2110,2205,2143.48,1965.4,-6.87,0.1589,0.921,3,33.48,1.586,59,-1975.31,-100.0,False,2234202.1900000023
ABREL.NS,2026-01-01,2026-02-02,1677.68,1680,1810,1723.89,1193.32,-28.87,0.3084,0.706,4,43.89,2.616,45,-1975.26,-100.0,False,2232226.9300000025
RELIANCE.NS,2026-01-01,2026-02-02,1568.35,1570,1620,1588.15,1384.0,-11.75,0.1174,0.918,3,18.15,1.158,110,-1996.96,-100.0,False,2230229.9700000025
AIIL.NS,2026-01-01,2026-02-02,627.2,625,675,643.96,509.6,-18.75,0.4275,1.123,4,18.96,3.024,105,-1991.17,-100.0,False,2228238.8000000026
ABCAPITAL.NS,2026-01-01,2026-02-02,361.95,360,385,368.9,333.05,-7.98,0.2337,0.875,4,8.9,2.458,224,-1992.64,-100.0,False,2226246.1600000025
ABB.NS,2026-01-01,2026-02-02,5155.41,5155,5400,5239.95,5445.73,5.63,0.1644,0.82,4,84.95,1.648,23,3681.12,188.4,True,2229927.2800000026
INFY.NS,2026-01-01,2026-02-02,1595.28,1595,1675,1622.72,1594.89,-0.02,0.1758,1.042,3,27.72,1.737,72,-1995.57,-100.0,False,2227931.7100000028
TCS.NS,2026-01-02,2026-02-03,3132.77,3135,3250,3176.11,3164.8,1.02,0.1327,0.869,4,41.11,1.312,48,-542.72,-27.51,False,2227388.9900000026
ABB.NS,2026-01-02,2026-02-03,5184.3,5185,5420,5267.05,5645.41,8.89,0.1593,0.765,4,82.05,1.583,24,3670.85,186.42,True,2231059.8400000026
ANANTRAJ.NS,2026-01-02,2026-02-03,584.05,585,630,602.0,566.55,-3.0,0.4932,0.997,4,17.0,2.91,117,-1988.57,-100.0,False,2229071.270000003
INFY.NS,2026-01-02,2026-02-03,1605.65,1605,1685,1632.76,1620.92,0.95,0.1726,1.005,3,27.76,1.729,72,-852.23,-42.64,False,2228219.040000003
BHARTIARTL.NS,2026-01-02,2026-02-03,2106.3,2105,2200,2138.59,1997.3,-5.17,0.1563,0.913,3,33.59,1.595,59,-1981.78,-100.0,False,2226237.260000003
RELIANCE.NS,2026-01-02,2026-02-03,1584.97,1585,1640,1604.99,1430.49,-9.75,0.1212,0.927,3,19.99,1.261,100,-1999.36,-100.0,False,2224237.900000003
ABCAPITAL.NS,2026-01-02,2026-02-03,361.25,360,385,368.64,345.45,-4.37,0.2338,0.867,3,8.64,2.392,231,-1995.88,-100.0,False,2222242.0200000033
ANANDRATHI.NS,2026-01-05,2026-02-04,1558.74,1560,1625,1582.83,1475.01,-5.37,0.1513,0.954,3,22.83,1.464,87,-1985.99,-100.0,False,2220256.030000003
ABCAPITAL.NS,2026-01-05,2026-02-04,363.3,365,385,371.55,346.6,-4.6,0.2156,0.873,3,6.55,1.803,305,-1998.23,-100.0,False,2218257.800000003
ABB.NS,2026-01-05,2026-02-04,5147.45,5145,5385,5229.18,5731.56,11.35,0.1615,0.792,4,84.18,1.635,23,3583.89,185.11,True,2221841.690000003
ANANTRAJ.NS,2026-01-05,2026-02-04,588.05,590,635,606.75,555.15,-5.59,0.4801,0.959,3,16.75,2.849,119,-1993.57,-100.0,False,2219848.1200000034
BHARTIARTL.NS,2026-01-05,2026-02-04,2105.0,2105,2200,2138.11,2025.8,-3.76,0.1561,0.887,4,33.11,1.573,60,-1986.53,-100.0,False,2217861.5900000036
TCS.NS,2026-01-05,2026-02-04,3099.43,3100,3220,3142.95,2942.84,-5.05,0.1379,0.928,3,42.95,1.386,46,-1975.88,-100.0,False,2215885.7100000037
ANANDRATHI.NS,2026-01-06,2026-02-05,1571.52,1570,1625,1590.5,1468.92,-6.53,0.122,0.985,3,20.5,1.305,97,-1988.8,-100.0,False,2213896.910000004
BHARTIARTL.NS,2026-01-06,2026-02-05,2105.3,2105,2195,2136.92,1992.4,-5.36,0.1509,0.826,4,31.92,1.516,62,-1978.76,-100.0,False,2211918.150000004
ABB.NS,2026-01-06,2026-02-05,5203.22,5205,5415,5279.12,5746.5,10.44,0.1418,0.82,4,74.12,1.424,26,3532.9,183.33,True,2215451.050000004
TITAN.NS,2026-01-06,2026-02-05,4098.35,4100,4260,4156.79,4084.2,-0.35,0.1382,0.947,3,56.79,1.386,35,-1987.62,-100.0,False,2213463.430000004
APOLLO.NS,2026-01-06,2026-02-05,266.55,265,290,274.39,245.1,-8.05,0.488,1.04,3,9.39,3.523,212,-1990.7,-100.0,False,2211472.7300000037
TCS.NS,2026-01-06,2026-02-05,3137.69,3140,3270,3185.23,2935.39,-6.45,0.145,0.943,3,45.23,1.441,44,-1990.06,-100.0,False,2209482.6700000037
TITAN.NS,2026-01-07,2026-02-06,4259.22,4260,4470,4332.63,4127.46,-3.09,0.1745,1.154,4,72.63,1.705,27,-1961.01,-100.0,False,2207521.660000004
ANANDRATHI.NS,2026-01-07,2026-02-06,1579.95,1580,1635,1599.93,1472.81,-6.78,0.1207,0.956,3,19.93,1.262,100,-1993.16,-100.0,False,2205528.5000000037
INFY.NS,2026-01-07,2026-02-06,1604.28,1605,1695,1635.13,1475.18,-8.05,0.1918,0.981,3,30.13,1.878,66,-1988.88,-100.0,False,2203539.620000004
TCS.NS,2026-01-07,2026-02-06,3176.04,3175,3310,3222.78,2886.42,-9.12,0.1467,1.027,3,47.78,1.504,41,-1959.01,-100.0,False,2201580.610000004
ABB.NS,2026-01-07,2026-02-06,5277.42,5275,5495,5353.43,5792.31,9.76,0.1444,0.878,4,78.43,1.486,25,3539.34,180.52,True,2205119.950000004
ICICIBANK.NS,2026-01-08,2026-02-09,1435.0,1435,1495,1456.01,1396.3,-2.7,0.1418,1.149,3,21.01,1.464,95,-1995.52,-100.0,False,2203124.430000004
AIIL.NS,2026-01-09,2026-02-10,609.56,610,660,628.27,497.85,-18.33,0.437,1.022,3,18.27,2.998,109,-1991.69,-100.0,False,2201132.740000004
ANANDRATHI.NS,2026-01-09,2026-02-10,1569.62,1570,1625,1590.12,1478.8,-5.79,0.1284,0.913,3,20.12,1.282,99,-1991.67,-100.0,False,2199141.070000004
ABB.NS,2026-01-12,2026-02-11,5027.44,5025,5375,5141.37,5801.77,15.4,0.2395,1.298,3,116.37,2.315,17,3971.78,200.78,True,2203112.850000004
AIIL.NS,2026-01-12,2026-02-11,619.72,620,670,638.39,500.95,-19.17,0.4355,1.047,4,18.39,2.967,108,-1985.92,-100.0,False,2201126.930000004
TCS.NS,2026-01-12,2026-02-11,3122.08,3120,3285,3176.73,2855.22,-8.55,0.1797,1.197,3,56.73,1.817,35,-1985.66,-100.0,False,2199141.2700000037
TCS.NS,2026-01-13,2026-02-12,3149.45,3150,3315,3206.29,2698.51,-14.32,0.182,1.269,4,56.29,1.787,35,-1970.12,-100.0,False,2197171.1500000036
AIIL.NS,2026-01-13,2026-02-12,667.9,670,720,688.81,495.7,-25.78,0.4912,1.129,4,18.81,2.817,106,-1994.18,-100.0,False,2195176.9700000035
ANANTRAJ.NS,2026-01-13,2026-02-12,566.55,565,610,581.76,548.85,-3.12,0.3981,1.149,3,16.76,2.958,119,-1994.09,-100.0,False,2193182.8800000036
ANGELONE.NS,2026-01-14,2026-02-13,248.52,250,270,256.47,267.88,7.79,0.3295,1.022,4,6.47,2.602,309,3525.29,176.4,True,2196708.1700000037
ABCAPITAL.NS,2026-01-14,2026-02-13,358.6,360,375,365.03,336.2,-6.25,0.1626,1.155,3,5.03,1.404,397,-1998.15,-100.0,False,2194710.0200000037
AIIL.NS,2026-01-14,2026-02-13,666.5,665,720,685.84,486.35,-27.03,0.4765,1.125,4,20.84,3.126,95,-1979.56,-100.0,False,2192730.4600000037
ABCAPITAL.NS,2026-01-15,2026-02-16,358.6,360,375,365.02,345.05,-3.78,0.1616,1.062,3,5.02,1.4,398,-1998.53,-100.0,False,2190731.9300000034
INFY.NS,2026-01-16,2026-02-17,1654.01,1655,1785,1697.15,1361.73,-17.67,0.2723,1.185,4,42.15,2.548,47,-1980.98,-100.0,False,2188750.950000004
ABCAPITAL.NS,2026-01-16,2026-02-17,362.0,360,380,367.15,348.95,-3.6,0.1601,1.061,3,7.15,1.977,279,-1996.24,-100.0,False,2186754.7100000037
ANGELONE.NS,2026-01-16,2026-02-17,270.84,270,295,279.09,255.16,-5.79,0.4432,1.174,4,9.09,3.356,220,-1999.84,-100.0,False,2184754.870000004
TCS.NS,2026-01-16,2026-02-17,3146.55,3145,3330,3207.83,2666.43,-15.26,0.2028,1.359,4,62.83,1.997,31,-1947.79,-100.0,False,2182807.080000004
ICICIBANK.NS,2026-01-16,2026-02-17,1410.8,1410,1485,1435.64,1407.5,-0.23,0.1791,1.486,4,25.64,1.817,78,-1999.77,-100.0,False,2180807.3100000033
ANANDRATHI.NS,2026-01-16,2026-02-17,1543.07,1545,1605,1566.11,1498.06,-2.92,0.1428,1.054,3,21.11,1.368,94,-1984.43,-100.0,False,2178822.8800000036
ANGELONE.NS,2026-01-19,2026-02-18,265.22,265,285,272.62,257.3,-2.99,0.4508,1.245,3,7.62,2.872,262,-1995.95,-100.0,False,2176826.9300000034
ANANDRATHI.NS,2026-01-19,2026-02-18,1545.87,1545,1610,1568.04,1501.06,-2.9,0.1424,1.079,3,23.04,1.49,86,-1981.33,-100.0,False,2174845.6000000034
INFY.NS,2026-01-19,2026-02-18,1645.59,1645,1775,1687.6,1344.6,-18.29,0.2726,1.076,3,42.6,2.588,46,-1959.4,-100.0,False,2172886.200000004
TCS.NS,2026-01-21,2026-02-20,3064.03,3065,3250,3127.33,2635.81,-13.98,0.2136,1.339,3,62.33,2.034,32,-1994.72,-100.0,False,2170891.4800000037
INFY.NS,2026-01-22,2026-02-23,1628.27,1630,1745,1667.77,1299.38,-20.2,0.2509,1.046,3,37.77,2.32,52,-1964.06,-100.0,False,2168927.4200000037
TCS.NS,2026-01-22,2026-02-23,3091.31,3090,3285,3155.47,2626.1,-15.05,0.2165,1.214,3,65.47,2.118,30,-1964.14,-100.0,False,2166963.280000004
TCS.NS,2026-01-28,2026-02-26,3140.07,3140,3335,3205.63,2598.04,-17.26,0.2175,1.102,3,65.63,2.09,30,-1968.93,-100.0,False,2164994.350000004
INFY.NS,2026-01-28,2026-02-26,1631.2,1630,1745,1668.57,1261.8,-22.65,0.2471,1.07,4,38.57,2.365,51,-1967.32,-100.0,False,2163027.030000004
ANGELONE.NS,2026-01-28,2026-02-26,259.62,260,280,267.43,244.72,-5.74,0.4448,1.178,3,7.43,2.861,269,-1997.8,-100.0,False,2161029.2300000037
TCS.NS,2026-01-29,2026-02-27,3085.42,3085,3280,3150.69,2587.93,-16.12,0.222,1.063,3,65.69,2.129,30,-1970.7,-100.0,False,2159058.530000004
TCS.NS,2026-02-03,2026-03-05,3164.8,3165,3375,3234.98,2530.43,-20.04,0.2316,1.278,4,69.98,2.211,28,-1959.41,-100.0,False,2157099.120000004
BAJFINANCE.NS,2026-02-06,2026-03-10,975.7,975,1055,1002.74,934.06,-4.27,0.3359,1.349,3,27.74,2.843,72,-1997.01,-100.0,False,2155102.110000004
BAJFINANCE.NS,2026-02-09,2026-03-11,977.14,975,1055,1003.09,888.19,-9.1,0.3322,1.33,3,28.09,2.875,71,-1994.44,-100.0,False,2153107.6700000037
ABB.NS,2026-02-09,2026-03-11,5791.81,5790,6255,5963.18,6254.42,7.99,0.4475,1.89,3,173.18,2.99,11,3203.65,168.17,True,2156311.320000004
TITAN.NS,2026-02-10,2026-03-12,4255.14,4255,4505,4339.61,4116.09,-3.27,0.2052,1.413,4,84.61,1.988,23,-1946.11,-100.0,False,2154365.2100000037
ANANTRAJ.NS,2026-02-11,2026-03-13,564.05,565,610,582.1,450.0,-20.22,0.5439,1.123,3,17.1,3.031,116,-1983.18,-100.0,False,2152382.030000004
TCS.NS,2026-02-11,2026-03-13,2855.22,2855,3085,2935.02,2365.28,-17.16,0.3395,1.59,3,80.02,2.802,24,-1920.36,-100.0,False,2150461.6700000037
ICICIBANK.NS,2026-02-12,2026-03-16,1430.0,1430,1515,1458.44,1272.9,-10.99,0.2021,1.2,4,28.44,1.989,70,-1990.91,-100.0,False,2148470.7600000035
BHARTIARTL.NS,2026-02-12,2026-03-16,2014.5,2015,2100,2045.05,1788.8,-11.2,0.1508,1.246,3,30.05,1.492,66,-1983.26,-100.0,False,2146487.5000000037
APARINDS.NS,2026-02-12,2026-03-16,9525.5,9525,10290,9825.78,9119.0,-4.27,0.7136,1.53,3,300.78,3.158,6,-1804.67,-100.0,False,2144682.830000004
BAJFINANCE.NS,2026-02-12,2026-03-16,993.0,995,1070,1021.45,872.78,-12.11,0.3529,1.364,4,26.45,2.663,75,-1983.44,-100.0,False,2142699.390000004
BAJFINANCE.NS,2026-02-13,2026-03-17,1018.49,1020,1100,1048.15,863.29,-15.24,0.3617,1.453,4,28.15,2.764,71,-1998.94,-100.0,False,2140700.450000004
ICICIBANK.NS,2026-02-13,2026-03-17,1414.6,1415,1500,1443.35,1288.7,-8.9,0.2061,1.173,3,28.35,2.004,70,-1984.69,-100.0,False,2138715.760000004
ABB.NS,2026-02-16,2026-03-18,5864.02,5865,6335,6038.41,6311.69,7.63,0.4335,1.165,3,173.41,2.957,11,3005.99,157.58,True,2141721.7500000037
ABCAPITAL.NS,2026-02-17,2026-03-19,348.95,350,375,358.39,312.3,-10.5,0.2914,1.053,3,8.39,2.404,238,-1996.77,-100.0,False,2139724.980000004
BHARTIARTL.NS,2026-02-17,2026-03-19,2020.3,2020,2110,2051.8,1827.0,-9.57,0.1583,1.003,3,31.8,1.574,62,-1971.8,-100.0,False,2137753.180000004
ABB.NS,2026-02-17,2026-03-19,5812.23,5810,6275,5982.65,6188.69,6.48,0.4368,1.028,3,172.65,2.97,11,2266.45,119.34,True,2140019.6300000036
ANANDRATHI.NS,2026-02-17,2026-03-19,1498.06,1500,1580,1527.1,1508.49,0.7,0.1941,0.778,4,27.1,1.809,73,-1358.18,-68.66,False,2138661.450000004
APARINDS.NS,2026-02-17,2026-03-19,9556.0,9555,10320,9855.7,9598.0,0.44,0.7009,0.808,4,300.7,3.147,6,-1546.21,-85.7,False,2137115.240000004
ABCAPITAL.NS,2026-02-18,2026-03-20,349.55,350,380,359.43,311.25,-10.96,0.2866,0.992,3,9.43,2.697,212,-1998.55,-100.0,False,2135116.690000004
BAJFINANCE.NS,2026-02-18,2026-03-20,1017.54,1020,1100,1047.09,825.48,-18.88,0.328,1.069,3,27.09,2.662,73,-1977.34,-100.0,False,2133139.350000004
APARINDS.NS,2026-02-18,2026-03-20,10182.0,10180,10995,10500.5,9673.0,-5.0,0.701,0.933,4,320.5,3.148,6,-1923.01,-100.0,False,2131216.3400000036
ANANTRAJ.NS,2026-02-18,2026-03-20,556.15,555,600,572.39,465.85,-16.24,0.5338,0.846,5,17.39,3.127,114,-1982.74,-100.0,False,2129233.600000004
BHARTIARTL.NS,2026-02-18,2026-03-20,2021.8,2020,2110,2052.19,1846.1,-8.69,0.156,0.947,3,32.19,1.592,62,-1995.58,-100.0,False,2127238.0200000037
TITAN.NS,2026-02-18,2026-03-20,4234.7,4235,4490,4321.04,4093.17,-3.34,0.2112,1.227,3,86.04,2.032,23,-1978.89,-100.0,False,2125259.1300000036
ANANTRAJ.NS,2026-02-19,2026-03-23,545.75,545,590,562.26,442.15,-18.98,0.5396,0.93,4,17.26,3.163,115,-1985.3,-100.0,False,2123273.830000004
APARINDS.NS,2026-02-19,2026-03-23,10063.5,10065,10870,10381.13,9805.0,-2.57,0.702,0.977,3,316.13,3.141,6,-1896.76,-100.0,False,2121377.070000004
APARINDS.NS,2026-02-20,2026-03-24,10519.0,10520,11360,10850.16,9859.0,-6.27,0.7056,1.169,3,330.16,3.139,6,-1980.95,-100.0,False,2119396.120000004
ANANTRAJ.NS,2026-02-20,2026-03-24,548.7,550,595,566.84,449.3,-18.12,0.5293,0.931,3,16.84,3.07,118,-1987.41,-100.0,False,2117408.7100000037
ABB.NS,2026-02-20,2026-03-24,5962.61,5965,6440,6141.1,6136.9,2.92,0.4442,1.163,4,176.1,2.953,11,-46.16,-2.38,False,2117362.550000004
RELIANCE.NS,2026-02-20,2026-03-24,1412.87,1415,1500,1443.03,1405.3,-0.54,0.2117,0.922,3,28.03,1.984,71,-1990.1,-100.0,False,2115372.450000004
ANANDRATHI.NS,2026-02-20,2026-03-24,1505.75,1505,1585,1532.61,1482.39,-1.55,0.1849,0.734,4,27.61,1.834,72,-1988.04,-100.0,False,2113384.410000004
ANANTRAJ.NS,2026-02-23,2026-03-25,547.65,550,590,564.84,455.75,-16.78,0.4589,0.873,3,14.84,2.71,134,-1988.79,-100.0,False,2111395.620000004
BAJFINANCE.NS,2026-02-23,2026-03-25,1024.7,1025,1105,1052.66,877.36,-14.38,0.3232,1.095,3,27.66,2.7,72,-1991.68,-100.0,False,2109403.940000004
APARINDS.NS,2026-02-23,2026-03-25,10690.0,10690,11545,11025.51,10014.0,-6.32,0.6862,1.263,4,335.51,3.139,5,-1677.55,-100.0,False,2107726.390000004
ICICIBANK.NS,2026-02-23,2026-03-25,1399.4,1400,1470,1424.19,1259.7,-9.98,0.1802,0.836,4,24.19,1.729,82,-1983.64,-100.0,False,2105742.7500000037
ANANDRATHI.NS,2026-02-23,2026-03-25,1530.8,1530,1610,1557.73,1493.42,-2.44,0.1827,0.743,4,27.73,1.811,72,-1996.42,-100.0,False,2103746.330000004
ABB.NS,2026-02-23,2026-03-25,5893.4,5895,6365,6069.29,6187.19,4.99,0.4433,1.274,4,174.29,2.957,11,1296.94,67.65,True,2105043.270000004
ABCAPITAL.NS,2026-02-23,2026-03-25,346.2,345,370,353.68,314.7,-9.1,0.2528,0.944,3,8.68,2.507,230,-1996.49,-100.0,False,2103046.780000004
RELIANCE.NS,2026-02-23,2026-03-25,1421.43,1420,1505,1449.11,1406.6,-1.04,0.2073,0.934,3,29.11,2.048,68,-1979.3,-100.0,False,2101067.480000004
TITAN.NS,2026-02-23,2026-03-25,4258.73,4260,4515,4345.82,4026.09,-5.46,0.2104,1.072,3,85.82,2.015,23,-1973.91,-100.0,False,2099093.570000004
BAJFINANCE.NS,2026-02-24,2026-03-27,1017.3,1015,1100,1044.26,838.64,-17.56,0.3185,1.08,3,29.26,2.876,68,-1989.7,-100.0,False,2097103.870000004
ABB.NS,2026-02-24,2026-03-27,6031.33,6030,6515,6210.13,6080.13,0.81,0.4438,1.329,3,180.13,2.987,11,-1430.02,-72.17,False,2095673.850000004
ANANDRATHI.NS,2026-02-24,2026-03-27,1525.26,1525,1595,1549.74,1513.33,-0.78,0.1652,0.772,3,24.74,1.622,80,-1979.53,-100.0,False,2093694.320000004
ABCAPITAL.NS,2026-02-25,2026-03-30,353.1,355,380,362.79,292.25,-17.23,0.2572,0.946,4,7.79,2.206,256,-1994.12,-100.0,False,2091700.200000004
ABB.NS,2026-02-25,2026-03-30,6142.38,6140,6635,6319.22,5917.3,-3.66,0.3919,1.352,3,179.22,2.918,11,-1971.37,-100.0,False,2089728.8300000038
ABCAPITAL.NS,2026-02-26,2026-04-01,356.15,355,380,363.78,302.9,-14.95,0.2544,0.959,3,8.78,2.465,227,-1992.99,-100.0,False,2087735.8400000038
APOLLO.NS,2026-02-26,2026-04-01,248.25,250,270,256.81,195.77,-21.14,0.3977,0.925,4,6.81,2.744,293,-1995.87,-100.0,False,2085739.9700000037
ICICIBANK.NS,2026-02-26,2026-04-01,1404.9,1405,1475,1429.38,1212.7,-13.68,0.1797,0.842,5,24.38,1.735,82,-1999.15,-100.0,False,2083740.8200000038
TITAN.NS,2026-02-26,2026-04-01,4328.4,4330,4575,4412.91,4052.2,-6.38,0.1992,0.831,4,82.91,1.915,24,-1989.83,-100.0,False,2081750.9900000037
TITAN.NS,2026-02-27,2026-04-02,4313.35,4315,4560,4397.95,4083.8,-5.32,0.2005,0.741,5,82.95,1.923,24,-1990.76,-100.0,False,2079760.2300000037
ANANDRATHI.NS,2026-02-27,2026-04-02,1534.94,1535,1595,1556.53,1600.96,4.3,0.1394,0.678,5,21.53,1.403,92,3539.07,178.66,True,2083299.3000000038
APARINDS.NS,2026-02-27,2026-04-02,11180.5,11180,12075,11531.6,9832.0,-12.06,0.6976,1.6,4,351.6,3.145,5,-1758.01,-100.0,False,2081541.2900000038
RELIANCE.NS,2026-02-27,2026-04-02,1387.48,1385,1475,1415.7,1344.28,-3.11,0.2211,0.939,3,30.7,2.213,65,-1995.56,-100.0,False,2079545.7300000037
APOLLO.NS,2026-02-27,2026-04-02,237.8,240,255,245.42,197.13,-17.1,0.4073,0.946,3,5.42,2.279,369,-1999.88,-100.0,False,2077545.8500000038
ANANDRATHI.NS,2026-03-02,2026-04-06,1571.17,1570,1640,1594.79,1638.24,4.27,0.153,0.807,5,24.79,1.578,80,3475.33,175.21,True,2081021.180000004
ANANDRATHI.NS,2026-03-04,2026-04-07,1566.28,1565,1625,1586.67,1643.08,4.9,0.1285,0.859,5,21.67,1.384,92,3525.91,176.82,True,2084547.0900000038
ANANDRATHI.NS,2026-03-05,2026-04-08,1595.82,1595,1660,1618.21,1695.92,6.27,0.1396,0.951,4,23.21,1.455,86,3593.55,180.0,True,2088140.6400000039
ANANDRATHI.NS,2026-03-06,2026-04-09,1596.22,1595,1660,1618.23,1773.37,11.1,0.1371,0.973,3,23.23,1.455,86,3592.07,179.79,True,2091732.710000004
APARINDS.NS,2026-03-06,2026-04-09,10394.0,10395,11225,10706.08,10767.0,3.59,0.4674,1.697,3,311.08,2.993,6,365.52,19.58,True,2092098.230000004
RELIANCE.NS,2026-03-06,2026-04-09,1398.33,1400,1495,1431.02,1323.88,-5.32,0.2366,1.121,4,31.02,2.219,64,-1985.54,-100.0,False,2090112.690000004
ABCAPITAL.NS,2026-03-09,2026-04-10,324.3,325,350,333.36,341.9,5.43,0.3057,1.159,3,8.36,2.578,239,2041.17,102.16,True,2092153.8600000038
RELIANCE.NS,2026-03-09,2026-04-10,1417.45,1415,1515,1448.75,1343.99,-5.18,0.2416,1.217,3,33.75,2.381,59,-1991.13,-100.0,False,2090162.730000004
TITAN.NS,2026-03-10,2026-04-13,4206.3,4205,4430,4281.96,4424.78,5.19,0.1837,1.098,3,76.96,1.83,25,3570.48,185.57,True,2093733.210000004
APOLLO.NS,2026-03-10,2026-04-13,217.67,220,235,225.57,232.47,6.8,0.5466,1.272,4,5.57,2.56,358,2469.26,123.77,True,2096202.470000004
RELIANCE.NS,2026-03-10,2026-04-13,1402.32,1400,1500,1433.55,1309.05,-6.65,0.2418,1.243,3,33.55,2.393,59,-1979.65,-100.0,False,2094222.820000004
ABCAPITAL.NS,2026-03-10,2026-04-13,332.5,330,360,340.55,337.45,1.49,0.3158,1.167,3,10.55,3.172,189,-585.39,-29.37,False,2093637.4300000041
RELIANCE.NS,2026-03-11,2026-04-15,1383.8,1385,1480,1416.44,1337.91,-3.32,0.2452,1.316,3,31.44,2.272,63,-1980.57,-100.0,False,2091656.860000004
ABCAPITAL.NS,2026-03-11,2026-04-15,323.8,325,350,333.39,343.7,6.15,0.3258,1.179,3,8.39,2.591,238,2454.17,122.93,True,2094111.030000004
TITAN.NS,2026-03-11,2026-04-15,4126.76,4125,4355,4203.89,4507.41,9.22,0.1947,1.134,3,78.89,1.912,25,3777.76,191.55,True,2097888.7900000038
APOLLO.NS,2026-03-11,2026-04-15,212.66,215,230,220.53,235.58,10.78,0.5438,1.214,3,5.53,2.601,361,3418.43,171.22,True,2101307.220000004
ABB.NS,2026-03-11,2026-04-15,6254.42,6255,6755,6426.52,6845.0,9.44,0.3225,1.046,3,171.52,2.742,11,3613.3,191.51,True,2104920.520000004
ANANDRATHI.NS,2026-03-16,2026-04-20,1532.34,1530,1605,1556.47,1828.36,19.32,0.1651,1.153,4,26.47,1.728,75,3639.43,183.29,True,2108559.950000004
RELIANCE.NS,2026-03-17,2026-04-21,1391.17,1390,1485,1421.59,1347.07,-3.17,0.2301,1.188,3,31.59,2.271,63,-1990.28,-100.0,False,2106569.6700000037
RELIANCE.NS,2026-03-18,2026-04-22,1401.62,1400,1495,1431.85,1355.83,-3.27,0.2299,1.093,3,31.85,2.272,62,-1974.6,-100.0,False,2104595.070000004
RELIANCE.NS,2026-03-20,2026-04-24,1407.89,1410,1500,1439.86,1321.69,-6.12,0.2319,1.093,3,29.86,2.121,66,-1970.82,-100.0,False,2102624.2500000037
RELIANCE.NS,2026-03-23,2026-04-27,1401.32,1400,1495,1431.8,1359.51,-2.98,0.231,0.99,3,31.8,2.269,62,-1971.42,-100.0,False,2100652.830000004
ABB.NS,2026-03-23,2026-04-27,6016.89,6015,6500,6183.03,7400.23,22.99,0.3321,1.135,3,168.03,2.793,11,3486.7,188.64,True,2104139.530000004
INFY.NS,2026-03-24,2026-04-28,1251.22,1250,1350,1283.4,1127.7,-9.87,0.2858,0.894,4,33.4,2.669,59,-1970.64,-100.0,False,2102168.890000004
ABB.NS,2026-03-25,2026-04-29,6187.19,6185,6680,6356.32,7234.91,16.93,0.3272,1.088,3,171.32,2.769,11,3560.44,188.93,True,2105729.330000004
AIIL.NS,2026-03-25,2026-04-29,526.7,525,570,542.85,486.7,-7.59,0.897,1.101,3,17.85,3.39,112,-1999.67,-100.0,False,2103729.660000004
ANGELONE.NS,2026-03-25,2026-04-29,239.92,240,260,247.56,313.1,30.5,0.5346,0.998,3,7.56,3.152,264,3283.54,164.47,True,2107013.200000004
APARINDS.NS,2026-03-27,2026-04-30,10608.0,10610,11455,10935.98,12331.0,16.24,0.5704,1.034,4,325.98,3.073,6,3114.11,159.22,True,2110127.3100000042
ABB.NS,2026-03-27,2026-04-30,6080.13,6080,6565,6247.46,7230.0,18.91,0.3272,1.049,3,167.46,2.754,11,3492.91,189.62,True,2113620.220000004
ANGELONE.NS,2026-04-01,2026-05-04,240.6,240,260,247.73,307.7,27.89,0.5498,1.082,3,7.73,3.212,258,3166.24,158.81,True,2116786.4600000037
ABB.NS,2026-04-01,2026-05-04,6038.3,6040,6520,6208.31,7236.5,19.84,0.3474,0.995,3,168.31,2.787,11,3428.63,185.19,True,2120215.0900000036
ANANDRATHI.NS,2026-04-01,2026-05-04,1554.25,1555,1660,1589.69,1799.77,15.8,0.2356,1.108,3,34.69,2.232,57,4007.55,202.66,True,2124222.640000004
BHARTIARTL.NS,2026-04-02,2026-05-05,1789.7,1790,1915,1831.57,1806.1,0.92,0.2472,1.095,3,41.57,2.323,48,-1222.73,-61.27,False,2122999.910000004
ABB.NS,2026-04-02,2026-05-05,6116.98,6115,6605,6287.12,7328.0,19.8,0.3456,1.022,3,172.12,2.814,11,3496.66,184.68,True,2126496.570000004
RELIANCE.NS,2026-04-02,2026-05-05,1344.28,1345,1450,1379.07,1456.86,8.37,0.2701,1.046,3,34.07,2.535,58,4113.89,208.18,True,2130610.4600000037
ANGELONE.NS,2026-04-02,2026-05-05,240.85,240,260,247.76,314.4,30.54,0.5368,1.169,3,7.76,3.22,257,3146.72,157.87,True,2133757.1800000034
ANANDRATHI.NS,2026-04-02,2026-05-05,1600.96,1600,1715,1638.02,1802.86,12.61,0.2445,1.232,4,38.02,2.375,52,4003.19,202.51,True,2137760.370000004
INFY.NS,2026-04-02,2026-05-05,1273.25,1275,1370,1306.04,1153.15,-9.43,0.2679,1.008,3,31.04,2.438,64,-1986.6,-100.0,False,2135773.7700000033
ANANDRATHI.NS,2026-04-06,2026-05-06,1638.24,1640,1760,1679.04,1805.66,10.22,0.2561,1.291,3,39.04,2.383,51,4128.93,207.37,True,2139902.7000000034
INFY.NS,2026-04-06,2026-05-06,1278.53,1280,1375,1311.0,1142.48,-10.64,0.2633,0.921,3,31.0,2.424,64,-1983.82,-100.0,False,2137918.8800000036
TITAN.NS,2026-04-07,2026-05-07,4216.76,4215,4555,4336.34,4293.41,1.82,0.3691,1.347,3,121.34,2.878,16,-686.83,-35.38,False,2137232.0500000035
ICICIBANK.NS,2026-04-07,2026-05-07,1245.5,1245,1345,1278.31,1279.0,2.69,0.2912,1.091,4,33.31,2.674,60,41.41,2.07,True,2137273.460000003
ANANDRATHI.NS,2026-04-07,2026-05-07,1643.08,1645,1760,1682.75,1803.56,9.77,0.2486,1.296,3,37.75,2.297,52,4017.24,204.67,True,2141290.700000003
TCS.NS,2026-04-07,2026-05-07,2492.16,2490,2670,2549.86,2356.35,-5.45,0.2478,0.896,5,59.86,2.402,33,-1975.5,-100.0,False,2139315.200000003
INFY.NS,2026-04-07,2026-05-07,1311.03,1310,1415,1344.61,1138.07,-13.19,0.2779,0.91,4,34.61,2.64,57,-1972.98,-100.0,False,2137342.2200000035
BAJFINANCE.NS,2026-04-07,2026-05-07,849.88,850,920,876.15,966.81,13.76,0.4825,1.279,3,26.15,3.077,76,3332.55,167.68,True,2140674.7700000033
ANANTRAJ.NS,2026-04-08,2026-05-08,485.2,485,525,500.63,560.85,15.59,0.6797,1.116,3,15.63,3.221,127,3095.27,155.95,True,2143770.0400000033
ANGELONE.NS,2026-04-08,2026-05-08,267.62,270,290,277.47,326.0,21.81,0.5898,1.165,4,7.47,2.793,267,3344.44,167.59,True,2147114.4800000032
TCS.NS,2026-04-08,2026-05-08,2511.2,2510,2690,2569.75,2349.49,-6.44,0.2478,0.885,5,59.75,2.379,33,-1971.69,-100.0,False,2145142.7900000033
BHARTIARTL.NS,2026-04-08,2026-05-08,1861.6,1860,1995,1905.03,1834.5,-1.46,0.2513,1.158,3,45.03,2.419,44,-1981.44,-100.0,False,2143161.3500000034
RELIANCE.NS,2026-04-08,2026-05-08,1341.6,1340,1450,1376.65,1428.59,6.48,0.2914,1.134,3,36.65,2.732,54,2804.95,141.72,True,2145966.3000000035
ICICIBANK.NS,2026-04-08,2026-05-08,1309.2,1310,1415,1345.99,1264.8,-3.39,0.3289,1.243,4,35.99,2.749,55,-1979.4,-100.0,False,2143986.900000003
TITAN.NS,2026-04-08,2026-05-08,4477.81,4480,4835,4610.6,4494.25,0.37,0.4258,1.439,4,130.6,2.917,15,-1745.27,-89.09,False,2142241.6300000036
ABB.NS,2026-04-08,2026-05-08,6538.26,6540,7060,6723.74,7012.5,7.25,0.3574,1.1,4,183.74,2.81,10,2887.59,157.15,True,2145129.2200000035
ANANDRATHI.NS,2026-04-08,2026-05-08,1695.92,1695,1830,1739.06,1800.87,6.19,0.2706,1.274,3,44.06,2.598,45,2781.12,140.25,True,2147910.3400000036
INFY.NS,2026-04-08,2026-05-08,1317.69,1320,1425,1353.59,1154.22,-12.41,0.2783,0.907,4,33.59,2.55,59,-1982.1,-100.0,False,2145928.2400000035
BAJFINANCE.NS,2026-04-08,2026-05-08,909.46,910,980,937.01,949.51,4.4,0.5476,1.403,3,27.01,2.97,74,924.87,46.26,True,2146853.1100000036
AIIL.NS,2026-04-08,2026-05-08,441.4,440,475,453.97,494.9,12.12,1.0385,1.229,3,13.97,3.166,143,3006.74,150.47,True,2149859.8500000034
APOLLO.NS,2026-04-08,2026-05-08,208.05,210,225,215.67,324.85,56.14,0.6214,1.038,3,5.67,2.725,352,3284.15,164.55,True,2153144.0000000037
ABREL.NS,2026-04-08,2026-05-08,1261.1,1260,1360,1298.83,1483.21,17.61,0.5676,1.083,4,38.83,3.079,51,3119.56,157.52,True,2156263.5600000033
ABCAPITAL.NS,2026-04-08,2026-05-08,338.4,340,365,349.58,362.95,7.25,0.5876,1.26,4,9.58,2.832,208,2780.45,139.5,True,2159044.0100000035
AJMERA.NS,2026-04-08,2026-05-08,119.1,120,130,123.69,129.72,8.92,0.6103,1.084,4,3.69,3.099,541,3261.49,163.32,True,2162305.5000000037
HDFCBANK.NS,2026-04-08,2026-05-08,802.82,805,865,827.31,768.15,-4.32,0.4508,1.363,3,22.31,2.779,89,-1985.92,-100.0,False,2160319.580000004
APARINDS.NS,2026-04-08,2026-05-08,10489.0,10490,11330,10811.64,12810.0,22.13,0.5399,1.126,3,321.64,3.066,6,3110.19,161.17,True,2163429.7700000033
ANANDRATHI.NS,2026-04-09,2026-05-11,1773.37,1775,1915,1821.68,1786.6,0.75,0.2992,1.383,4,46.68,2.632,42,-1473.61,-75.16,False,2161956.1600000034
AIIL.NS,2026-04-09,2026-05-11,430.25,430,465,443.83,502.75,16.85,1.0152,1.179,3,13.83,3.214,144,3048.72,153.1,True,2165004.8800000036
TCS.NS,2026-04-09,2026-05-11,2540.44,2540,2720,2599.73,2348.01,-7.57,0.2469,0.897,4,59.73,2.351,33,-1971.04,-100.0,False,2163033.8400000036
TITAN.NS,2026-04-09,2026-05-11,4425.28,4425,4780,4555.39,4191.85,-5.28,0.4207,1.276,3,130.39,2.946,15,-1955.81,-100.0,False,2161078.030000003
ANGELONE.NS,2026-04-09,2026-05-11,281.8,280,305,289.82,317.2,12.56,0.6053,1.196,4,9.82,3.486,203,3081.04,154.52,True,2164159.070000003
HDFCBANK.NS,2026-04-09,2026-05-11,784.72,785,845,807.59,751.23,-4.27,0.4527,1.288,3,22.59,2.878,88,-1987.55,-100.0,False,2162171.5200000033
BAJFINANCE.NS,2026-04-09,2026-05-11,897.73,900,970,926.62,930.33,3.63,0.5477,1.329,3,26.62,2.966,75,278.01,13.92,True,2162449.530000003
ABB.NS,2026-04-09,2026-05-11,6587.06,6585,7115,6771.73,6387.5,-3.03,0.3517,1.014,4,186.73,2.835,10,-1867.25,-100.0,False,2160582.280000003
APARINDS.NS,2026-04-09,2026-05-11,10767.0,10765,11630,11096.44,12843.0,19.28,0.5388,1.136,4,331.44,3.078,6,3201.38,160.98,True,2163783.660000003
APOLLO.NS,2026-04-09,2026-05-11,232.52,235,250,240.82,317.7,36.63,0.7164,1.163,4,5.82,2.502,343,3149.44,157.82,True,2166933.1000000034
ICICIBANK.NS,2026-04-09,2026-05-11,1281.3,1280,1385,1316.12,1266.4,-1.16,0.3235,1.252,4,36.12,2.819,55,-1986.64,-100.0,False,2164946.460000003
AJMERA.NS,2026-04-09,2026-05-11,121.23,120,130,124.07,124.94,3.06,0.6057,1.062,3,4.07,3.36,491,425.67,21.28,True,2165372.130000003
ABREL.NS,2026-04-09,2026-05-11,1287.16,1285,1390,1325.59,1375.6,6.87,0.5538,1.058,3,40.59,3.153,49,2450.67,123.22,True,2167822.800000003
BHARTIARTL.NS,2026-04-09,2026-05-11,1859.4,1860,1995,1904.26,1759.8,-5.36,0.2512,1.091,3,44.26,2.38,45,-1991.59,-100.0,False,2165831.2100000028
ABB.NS,2026-04-10,2026-05-12,6831.56,6830,7380,7022.96,6328.5,-7.36,0.3477,1.039,3,192.96,2.825,10,-1929.59,-100.0,False,2163901.620000003
APARINDS.NS,2026-04-10,2026-05-12,11342.0,11340,12250,11690.58,12459.0,9.85,0.5614,1.196,4,350.58,3.091,5,2797.11,159.57,True,2166698.7300000032
APOLLO.NS,2026-04-10,2026-05-12,237.57,240,255,245.84,294.85,24.11,0.7091,1.158,3,5.84,2.46,342,3131.54,156.7,True,2169830.2700000033
ABREL.NS,2026-04-10,2026-05-12,1358.73,1360,1465,1400.66,1318.9,-2.93,0.5779,1.14,3,40.66,2.993,49,-1992.37,-100.0,False,2167837.900000003
ICICIBANK.NS,2026-04-13,2026-05-13,1351.1,1350,1460,1388.22,1235.6,-8.55,0.3339,1.382,3,38.22,2.828,52,-1987.18,-100.0,False,2165850.720000003
ANGELONE.NS,2026-04-15,2026-05-14,297.76,300,320,307.69,303.7,1.99,0.5911,1.203,4,7.69,2.583,260,-1037.68,-51.89,False,2164813.040000003
ANANTRAJ.NS,2026-04-15,2026-05-14,503.35,505,545,520.45,494.4,-1.78,0.6748,1.146,4,15.45,3.069,129,-1993.02,-100.0,False,2162820.0200000033
AIIL.NS,2026-04-15,2026-05-14,445.35,445,480,458.89,505.6,13.53,0.7505,0.961,3,13.89,3.119,143,3018.66,151.97,True,2165838.680000003
APOLLO.NS,2026-04-16,2026-05-15,242.17,240,260,248.13,294.55,21.63,0.6801,1.134,3,8.13,3.359,245,2906.94,145.85,True,2168745.620000003
TCS.NS,2026-04-16,2026-05-15,2528.56,2530,2730,2595.44,2221.53,-12.14,0.2809,0.968,3,65.44,2.588,30,-1963.06,-100.0,False,2166782.560000003
INFY.NS,2026-04-16,2026-05-15,1291.26,1290,1395,1325.34,1095.3,-15.18,0.2992,0.9,5,35.34,2.737,56,-1978.96,-100.0,False,2164803.600000003
AIIL.NS,2026-04-16,2026-05-15,448.25,450,485,463.59,505.5,12.77,0.7223,0.773,3,13.59,3.032,147,3146.86,157.49,True,2167950.4600000028
INFY.NS,2026-04-17,2026-05-18,1290.77,1290,1395,1325.18,1118.3,-13.36,0.2993,0.838,4,35.18,2.726,56,-1970.19,-100.0,False,2165980.2700000033
APOLLO.NS,2026-04-17,2026-05-18,282.9,285,305,292.83,311.0,9.93,0.8384,1.303,4,7.83,2.766,255,3104.42,155.57,True,2169084.690000003
AIIL.NS,2026-04-20,2026-05-19,466.5,465,505,480.77,496.7,6.47,0.7188,0.743,4,15.77,3.381,126,2007.06,101.0,True,2171091.750000003
TCS.NS,2026-04-20,2026-05-19,2531.21,2530,2735,2596.99,2283.45,-9.79,0.2783,0.791,4,66.99,2.647,29,-1942.7,-100.0,False,2169149.050000003
ANGELONE.NS,2026-04-20,2026-05-19,319.16,320,345,329.71,328.0,2.77,0.673,1.337,4,9.71,3.042,205,-350.63,-17.61,False,2168798.420000003
BAJFINANCE.NS,2026-04-20,2026-05-19,912.14,910,985,938.75,917.91,0.63,0.5102,1.03,3,28.75,3.152,69,-1438.28,-72.5,False,2167360.1400000034
APOLLO.NS,2026-04-20,2026-05-19,289.29,290,310,298.0,340.7,17.77,0.836,1.409,4,8.0,2.766,249,2987.71,149.96,True,2170347.8500000034
HDFCBANK.NS,2026-04-20,2026-05-19,782.51,785,845,807.05,750.04,-4.15,0.4478,1.055,3,22.05,2.818,90,-1984.66,-100.0,False,2168363.190000003
TITAN.NS,2026-04-20,2026-05-19,4498.24,4500,4860,4631.95,4088.58,-9.11,0.4224,1.147,4,131.95,2.933,15,-1979.25,-100.0,False,2166383.940000003
ABCAPITAL.NS,2026-04-20,2026-05-19,341.6,340,370,351.64,351.2,2.81,0.5715,1.055,3,11.64,3.407,171,-74.98,-3.77,False,2166308.960000003
INFY.NS,2026-04-20,2026-05-19,1284.8,1285,1390,1319.6,1171.55,-8.81,0.2945,0.782,4,34.6,2.693,57,-1972.23,-100.0,False,2164336.7300000032
HDFCBANK.NS,2026-04-21,2026-05-20,798.54,800,860,822.47,747.14,-6.44,0.4554,1.063,3,22.47,2.814,89,-1999.9,-100.0,False,2162336.8300000033
AIIL.NS,2026-04-21,2026-05-20,470.7,470,510,485.67,507.85,7.89,0.7171,0.772,4,15.67,3.33,127,2816.58,141.51,True,2165153.4100000034
ANGELONE.NS,2026-04-21,2026-05-20,324.05,325,350,334.66,325.0,0.29,0.6273,1.36,3,9.66,2.982,206,-1990.43,-100.0,False,2163162.9800000032
AJMERA.NS,2026-04-21,2026-05-20,124.45,125,135,128.78,122.04,-1.94,0.5913,1.018,3,3.78,3.034,529,-1997.35,-100.0,False,2161165.6300000036
ABCAPITAL.NS,2026-04-21,2026-05-20,344.6,345,370,354.77,353.1,2.47,0.5632,0.997,3,9.77,2.835,204,-340.5,-17.09,False,2160825.1300000036
INFY.NS,2026-04-21,2026-05-20,1285.39,1285,1390,1319.19,1168.42,-9.1,0.2803,0.821,4,34.19,2.66,58,-1982.74,-100.0,False,2158842.3900000034
BAJFINANCE.NS,2026-04-21,2026-05-20,933.11,935,1010,963.14,917.46,-1.68,0.5139,1.023,3,28.14,3.016,71,-1998.01,-100.0,False,2156844.3800000036
TCS.NS,2026-04-21,2026-05-20,2561.53,2560,2760,2626.15,2283.74,-10.84,0.2732,0.847,4,66.15,2.582,30,-1984.5,-100.0,False,2154859.8800000036
AJMERA.NS,2026-04-22,2026-05-21,125.45,125,135,128.92,118.46,-5.57,0.546,1.003,3,3.92,3.128,509,-1997.55,-100.0,False,2152862.3300000033
AIIL.NS,2026-04-22,2026-05-21,484.8,485,525,500.63,527.2,8.75,0.7246,0.846,3,15.63,3.224,127,3094.69,155.88,True,2155957.0200000033
ABCAPITAL.NS,2026-04-22,2026-05-21,350.7,350,380,361.42,349.4,-0.37,0.5293,1.016,3,11.42,3.256,175,-1998.16,-100.0,False,2153958.860000003
BAJFINANCE.NS,2026-04-22,2026-05-21,929.04,930,1005,957.82,902.1,-2.9,0.4654,1.026,3,27.82,2.994,71,-1974.93,-100.0,False,2151983.9300000034
ABB.NS,2026-04-22,2026-05-21,7556.1,7555,8160,7766.21,6598.0,-12.68,0.3401,1.306,4,211.21,2.795,9,-1900.93,-100.0,False,2150083.0000000037
ABB.NS,2026-04-23,2026-05-22,7544.64,7545,8150,7756.06,6689.5,-11.33,0.3422,1.216,3,211.06,2.797,9,-1899.51,-100.0,False,2148183.4900000035
BHARTIARTL.NS,2026-04-23,2026-05-22,1841.2,1840,1955,1878.78,1871.4,1.64,0.2141,0.786,4,38.78,2.106,51,-376.54,-19.04,False,2147806.9500000034
ABCAPITAL.NS,2026-04-23,2026-05-22,349.75,350,380,361.22,357.3,2.16,0.5291,0.821,4,11.22,3.207,178,-697.24,-34.92,False,2147109.7100000037
AIIL.NS,2026-04-23,2026-05-22,501.75,500,540,516.01,510.75,1.79,0.73,0.806,3,16.01,3.191,124,-652.05,-32.85,False,2146457.6600000034
ABREL.NS,2026-04-27,2026-05-26,1466.24,1465,1585,1508.29,1266.49,-13.62,0.3877,0.931,3,43.29,2.952,46,-1991.18,-100.0,False,2144466.4800000032
HDFCBANK.NS,2026-04-27,2026-05-26,776.95,775,840,798.2,766.23,-1.38,0.3601,0.832,4,23.2,2.986,86,-1994.95,-100.0,False,2142471.5300000035
AJMERA.NS,2026-04-27,2026-05-26,126.03,125,135,128.96,119.4,-5.26,0.4493,0.856,4,3.96,3.143,504,-1996.3,-100.0,False,2140475.2300000032
ANANDRATHI.NS,2026-04-28,2026-05-27,1786.05,1785,1910,1826.95,1783.35,-0.15,0.2467,0.955,3,41.95,2.349,47,-1971.85,-100.0,False,2138503.3800000036
AJMERA.NS,2026-04-28,2026-05-27,126.39,125,135,129.02,121.4,-3.95,0.4277,0.805,4,4.02,3.184,496,-1996.12,-100.0,False,2136507.2600000035
APARINDS.NS,2026-04-28,2026-05-27,11862.0,11860,12810,12220.77,13426.0,13.18,0.5034,1.024,3,360.77,3.041,5,2946.17,163.33,True,2139453.4300000034
ABREL.NS,2026-04-28,2026-05-27,1508.77,1510,1630,1553.05,1250.62,-17.11,0.3871,0.906,3,43.05,2.854,46,-1980.46,-100.0,False,2137472.9700000035
ANGELONE.NS,2026-04-28,2026-05-27,319.27,320,345,329.59,336.95,5.54,0.5838,1.153,3,9.59,3.004,208,1530.6,76.72,True,2139003.570000003
TCS.NS,2026-04-28,2026-05-27,2398.84,2400,2590,2465.43,2271.74,-5.3,0.3271,0.942,3,65.43,2.728,30,-1962.89,-100.0,False,2137040.6800000034
BHARTIARTL.NS,2026-04-28,2026-05-27,1843.8,1845,1945,1878.83,1852.2,0.46,0.1909,0.807,4,33.83,1.835,59,-1571.2,-78.72,False,2135469.4800000032
ANANTRAJ.NS,2026-04-28,2026-05-27,493.1,495,535,510.44,508.3,3.08,0.7248,1.088,3,15.44,3.131,129,-275.89,-13.85,False,2135193.5900000036
APOLLO.NS,2026-04-28,2026-05-27,305.9,305,330,314.96,417.85,36.6,0.7746,1.489,3,9.96,3.256,200,3008.26,151.04,True,2138201.8500000034
APARINDS.NS,2026-04-29,2026-05-28,12387.5,12390,13380,12763.31,13426.0,8.38,0.4872,1.059,4,373.31,3.014,5,3083.47,165.2,True,2141285.3200000036
ABREL.NS,2026-04-29,2026-05-28,1547.7,1550,1670,1592.05,1250.62,-19.2,0.3502,0.901,3,42.05,2.717,47,-1976.55,-100.0,False,2139308.7700000033
TCS.NS,2026-04-29,2026-05-28,2428.28,2430,2625,2496.75,2271.74,-6.45,0.3291,0.892,4,66.75,2.749,29,-1935.77,-100.0,False,2137373.0000000037
RELIANCE.NS,2026-04-29,2026-05-28,1418.84,1420,1530,1456.91,1344.28,-5.25,0.297,0.895,5,36.91,2.602,54,-1993.31,-100.0,False,2135379.690000003
BHARTIARTL.NS,2026-04-29,2026-05-28,1888.1,1890,2000,1926.89,1852.2,-1.9,0.208,0.841,4,36.89,1.954,54,-1992.04,-100.0,False,2133387.650000003
ANANDRATHI.NS,2026-04-29,2026-05-28,1789.74,1790,1915,1831.59,1783.35,-0.36,0.2473,0.931,3,41.59,2.324,48,-1996.46,-100.0,False,2131391.190000003
BAJFINANCE.NS,2026-04-30,2026-05-29,931.28,930,1005,955.95,902.7,-3.07,0.318,0.762,5,25.95,2.787,77,-1998.22,-100.0,False,2129392.9700000035
ABCAPITAL.NS,2026-04-30,2026-05-29,345.5,345,375,355.94,363.3,5.15,0.4347,0.8,4,10.94,3.167,182,1339.18,67.25,True,2130732.150000003
APARINDS.NS,2026-04-30,2026-05-29,12331.0,12330,13315,12686.89,13118.0,6.38,0.3927,1.088,4,356.89,2.894,5,2155.56,120.8,True,2132887.7100000037
RELIANCE.NS,2026-04-30,2026-05-29,1424.22,1425,1540,1463.0,1315.12,-7.66,0.2962,0.946,3,38.0,2.668,52,-1975.84,-100.0,False,2130911.8700000034
BHARTIARTL.NS,2026-04-30,2026-05-29,1886.8,1885,1975,1916.58,1829.0,-3.06,0.1619,0.84,5,31.58,1.674,63,-1989.28,-100.0,False,2128922.5900000036
ANANDRATHI.NS,2026-04-30,2026-05-29,1797.27,1795,1925,1838.36,1725.35,-4.0,0.2463,0.886,4,43.36,2.412,46,-1994.43,-100.0,False,2126928.1600000034
ABCAPITAL.NS,2026-05-01,2026-06-01,345.5,345,375,355.88,350.55,1.46,0.4232,0.757,4,10.88,3.149,183,-975.12,-48.98,False,2125953.0400000033
APOLLO.NS,2026-05-01,2026-06-01,297.11,295,320,305.06,404.15,36.03,0.715,1.195,3,10.06,3.387,198,2957.4,148.42,True,2128910.440000003
RELIANCE.NS,2026-05-01,2026-06-01,1424.22,1425,1540,1462.74,1313.92,-7.74,0.2905,0.879,3,37.74,2.65,52,-1962.39,-100.0,False,2126948.0500000035
BAJFINANCE.NS,2026-05-01,2026-06-01,931.28,930,1005,955.9,883.62,-5.12,0.316,0.731,4,25.9,2.781,77,-1994.53,-100.0,False,2124953.5200000033
BHARTIARTL.NS,2026-05-01,2026-06-01,1886.8,1885,1975,1916.57,1810.6,-4.04,0.1618,0.801,3,31.57,1.673,63,-1989.01,-100.0,False,2122964.5100000035
ABB.NS,2026-05-01,2026-06-01,7230.0,7230,7810,7425.18,7027.5,-2.8,0.304,1.095,3,195.18,2.7,10,-1951.8,-100.0,False,2121012.710000003
AJMERA.NS,2026-05-04,2026-06-02,126.19,125,135,128.75,115.44,-8.52,0.2986,0.727,4,3.75,2.968,533,-1996.51,-100.0,False,2119016.200000003
AIIL.NS,2026-05-04,2026-06-02,464.05,465,500,477.92,453.65,-2.24,0.4285,0.832,4,12.92,2.784,154,-1989.91,-100.0,False,2117026.2900000033
BAJFINANCE.NS,2026-05-04,2026-06-02,944.39,945,1020,970.5,876.61,-7.18,0.3166,0.751,3,25.5,2.7,78,-1988.63,-100.0,False,2115037.6600000034
ABB.NS,2026-05-04,2026-06-02,7236.5,7235,7815,7430.92,7146.0,-1.25,0.305,1.025,3,195.92,2.707,10,-1959.21,-100.0,False,2113078.4500000034
ABCAPITAL.NS,2026-05-04,2026-06-02,345.85,345,375,355.93,351.3,1.58,0.4158,0.836,5,10.93,3.16,183,-847.1,-42.36,False,2112231.3500000034
APARINDS.NS,2026-05-05,2026-06-03,12794.0,12795,13820,13164.96,13538.0,5.82,0.3902,0.886,3,369.96,2.892,5,1865.2,100.83,True,2114096.5500000035
ABCAPITAL.NS,2026-05-05,2026-06-03,360.85,360,390,371.07,348.75,-3.35,0.4154,0.925,4,11.07,3.068,180,-1992.62,-100.0,False,2112103.9300000034
BAJFINANCE.NS,2026-05-05,2026-06-03,952.74,955,1030,979.82,871.44,-8.53,0.3063,0.742,3,24.82,2.605,80,-1985.21,-100.0,False,2110118.7200000035
ANANTRAJ.NS,2026-05-05,2026-06-03,520.45,520,560,535.64,548.0,5.29,0.568,1.031,3,15.64,3.005,127,1569.83,79.04,True,2111688.5500000035
ABB.NS,2026-05-06,2026-06-04,7182.5,7180,7755,7377.87,7156.0,-0.37,0.3214,0.822,3,197.87,2.755,10,-1978.68,-100.0,False,2109709.8700000034
BAJFINANCE.NS,2026-05-06,2026-06-04,974.76,975,1055,1001.81,869.06,-10.84,0.312,0.77,4,26.81,2.751,74,-1984.15,-100.0,False,2107725.7200000035
ANANTRAJ.NS,2026-05-06,2026-06-04,556.65,555,600,572.72,589.35,5.87,0.6075,1.156,4,17.72,3.184,112,1862.34,93.83,True,2109588.0600000033
ABCAPITAL.NS,2026-05-06,2026-06-04,369.3,370,400,380.77,353.65,-4.24,0.4143,0.941,4,10.77,2.915,185,-1991.56,-100.0,False,2107596.5000000037
APOLLO.NS,2026-05-06,2026-06-04,312.75,315,340,324.52,419.2,34.04,0.714,1.149,3,9.52,3.043,210,3251.67,162.72,True,2110848.1700000037
AJMERA.NS,2026-05-06,2026-06-04,128.87,130,140,133.36,118.66,-7.92,0.3845,0.804,5,3.36,2.608,595,-1999.66,-100.0,False,2108848.5100000035
AIIL.NS,2026-05-06,2026-06-04,474.35,475,510,488.18,451.3,-4.86,0.4481,0.771,4,13.18,2.778,151,-1989.84,-100.0,False,2106858.6700000037
APOLLO.NS,2026-05-07,2026-06-05,314.55,315,340,324.78,421.35,33.95,0.7093,1.004,3,9.78,3.108,204,3105.44,155.7,True,2109964.110000003
AJMERA.NS,2026-05-07,2026-06-05,133.94,135,145,138.41,121.67,-9.16,0.3758,0.873,5,3.41,2.544,587,-1999.88,-100.0,False,2107964.2300000032
AIIL.NS,2026-05-07,2026-06-05,490.05,490,530,504.44,462.7,-5.58,0.3984,0.747,4,14.44,2.947,138,-1992.86,-100.0,False,2105971.3700000034
ANGELONE.NS,2026-05-07,2026-06-05,322.6,325,350,334.01,332.6,3.1,0.4799,0.799,4,9.01,2.793,221,-311.6,-15.65,False,2105659.7700000033
BAJFINANCE.NS,2026-05-07,2026-06-05,966.81,965,1025,985.81,883.97,-8.57,0.2175,0.76,3,20.81,2.152,96,-1997.76,-100.0,False,2103662.0100000035
ABREL.NS,2026-05-07,2026-06-05,1588.43,1590,1715,1634.27,1235.65,-22.21,0.3649,0.977,3,44.27,2.787,45,-1992.3,-100.0,False,2101669.710000003
AJMERA.NS,2026-05-08,2026-06-08,129.72,130,140,133.6,116.21,-10.41,0.3959,0.862,3,3.6,2.776,555,-1998.86,-100.0,False,2099670.8500000034
AIIL.NS,2026-05-08,2026-06-08,494.9,495,535,509.3,456.6,-7.74,0.3816,0.707,5,14.3,2.89,139,-1987.88,-100.0,False,2097682.9700000035
ANGELONE.NS,2026-05-08,2026-06-08,326.0,325,350,334.64,325.7,-0.09,0.4533,0.807,3,9.64,2.958,207,-1851.32,-92.74,False,2095831.6500000032
APARINDS.NS,2026-05-08,2026-06-08,12810.0,12810,13835,13185.88,13276.0,3.64,0.417,0.863,4,375.88,2.934,5,450.62,23.98,True,2096282.2700000033
APOLLO.NS,2026-05-08,2026-06-08,324.85,325,350,334.79,407.0,25.29,0.6261,1.05,3,9.79,3.014,204,3102.71,155.35,True,2099384.9800000032
ABREL.NS,2026-05-08,2026-06-08,1483.21,1485,1600,1527.99,1213.58,-18.18,0.4603,1.048,4,42.99,2.898,46,-1977.37,-100.0,False,2097407.610000003
AIIL.NS,2026-05-11,2026-06-09,502.75,505,545,518.79,470.7,-6.37,0.3772,0.772,3,13.79,2.742,145,-1999.06,-100.0,False,2095408.550000003
AIIL.NS,2026-05-12,2026-06-10,478.35,480,515,492.76,465.15,-2.76,0.4095,0.733,3,12.76,2.669,156,-1991.32,-100.0,False,2093417.230000003
APARINDS.NS,2026-05-14,2026-06-12,12735.0,12735,13755,13106.03,15221.0,19.52,0.4024,0.73,4,371.03,2.913,5,3244.86,174.91,True,2096662.090000003
ANANDRATHI.NS,2026-05-14,2026-06-12,1784.1,1785,1840,1805.21,1765.3,-1.05,0.1099,0.768,4,20.21,1.133,98,-1980.8,-100.0,False,2094681.290000003
APOLLO.NS,2026-05-14,2026-06-12,305.55,305,330,314.87,409.4,33.99,0.7068,0.994,3,9.87,3.23,202,3056.31,153.3,True,2097737.6000000034
AIIL.NS,2026-05-15,2026-06-15,505.5,505,545,519.9,558.7,10.52,0.4259,0.808,4,14.9,2.947,134,3363.75,168.5,True,2101101.3500000034
ANANDRATHI.NS,2026-05-15,2026-06-15,1791.55,1790,1840,1809.29,1781.6,-0.56,0.0937,0.844,4,19.29,1.077,103,-1986.77,-100.0,False,2099114.580000003
BAJFINANCE.NS,2026-05-15,2026-06-15,904.89,905,965,925.18,936.54,3.5,0.2381,0.825,4,20.18,2.23,99,1124.81,56.3,True,2100239.3900000034
ANGELONE.NS,2026-05-15,2026-06-15,306.85,305,330,314.07,352.3,14.81,0.3205,1.057,3,9.07,2.956,220,3504.44,175.61,True,2103743.830000003
BHARTIARTL.NS,2026-05-15,2026-06-15,1905.4,1905,2060,1957.53,1841.2,-3.37,0.3141,1.165,4,52.53,2.757,38,-1996.24,-100.0,False,2101747.590000003
AJMERA.NS,2026-05-15,2026-06-15,126.31,125,135,129.07,133.8,5.93,0.5059,1.219,4,4.07,3.222,491,2322.78,116.25,True,2104070.370000003
ABCAPITAL.NS,2026-05-15,2026-06-15,357.15,355,385,365.69,368.2,3.09,0.3141,1.036,3,10.69,2.994,187,469.02,23.46,True,2104539.3900000034
BAJFINANCE.NS,2026-05-18,2026-06-16,915.47,915,980,936.4,953.79,4.19,0.2389,0.84,4,21.4,2.337,93,1617.08,81.26,True,2106156.4700000035
AJMERA.NS,2026-05-18,2026-06-16,122.68,125,130,126.9,139.61,13.8,0.5008,1.248,3,1.9,1.546,1054,3270.32,163.54,True,2109426.7900000033
APOLLO.NS,2026-05-18,2026-06-16,311.0,310,335,319.7,435.45,40.02,0.5116,1.25,3,9.7,3.118,206,3152.6,157.83,True,2112579.3900000034
BHARTIARTL.NS,2026-05-18,2026-06-16,1938.1,1940,2095,1992.46,1853.0,-4.39,0.3187,1.133,4,52.46,2.707,38,-1993.34,-100.0,False,2110586.0500000035
ANANDRATHI.NS,2026-05-18,2026-06-16,1787.85,1790,1835,1806.78,1772.9,-0.84,0.0914,0.815,3,16.78,0.938,119,-1996.67,-100.0,False,2108589.3800000036
BAJFINANCE.NS,2026-05-19,2026-06-17,917.91,920,975,938.32,952.54,3.77,0.2239,0.793,4,18.32,1.996,109,1550.42,77.64,True,2110139.8000000035
ABCAPITAL.NS,2026-05-19,2026-06-17,351.2,350,380,360.4,372.45,6.05,0.3227,0.884,3,10.4,2.961,192,2313.53,115.86,True,2112453.3300000033
APOLLO.NS,2026-05-19,2026-06-17,340.7,340,370,351.51,438.75,28.78,0.5959,1.398,4,11.51,3.38,173,3198.05,160.55,True,2115651.3800000036
ANANDRATHI.NS,2026-05-19,2026-06-17,1783.35,1785,1830,1801.89,1787.1,0.21,0.0905,0.819,4,16.89,0.947,118,-1745.13,-87.57,False,2113906.2500000037
APARINDS.NS,2026-05-19,2026-06-17,12327.0,12325,13315,12684.73,16103.0,30.63,0.3996,0.938,3,359.73,2.918,5,3151.33,175.2,True,2117057.580000004
APARINDS.NS,2026-05-20,2026-06-18,12676.0,12675,13690,13045.92,15812.0,24.74,0.4095,0.943,3,370.92,2.926,5,3220.4,173.64,True,2120277.9800000032
ABCAPITAL.NS,2026-05-20,2026-06-18,353.1,355,380,363.44,370.6,4.96,0.3173,0.889,4,8.44,2.389,237,1697.7,84.91,True,2121975.6800000034
APOLLO.NS,2026-05-20,2026-06-18,356.7,355,385,366.83,426.6,19.6,0.6095,1.467,4,11.83,3.317,169,3070.39,153.55,True,2125046.070000003
APOLLO.NS,2026-05-21,2026-06-19,358.6,360,385,369.77,433.15,20.79,0.6097,1.548,3,9.77,2.725,204,3106.66,155.85,True,2128152.7300000032
APARINDS.NS,2026-05-21,2026-06-19,12855.0,12855,13885,13231.41,16280.0,26.64,0.4112,0.91,3,376.41,2.928,5,3267.95,173.64,True,2131420.6800000034
ANGELONE.NS,2026-05-21,2026-06-19,339.65,340,365,349.41,353.7,4.14,0.4398,1.189,3,9.41,2.771,212,909.1,45.56,True,2132329.780000003
AIIL.NS,2026-05-21,2026-06-19,527.2,525,570,541.8,543.8,3.15,0.4281,0.898,4,16.8,3.188,119,237.43,11.87,True,2132567.210000003
APOLLO.NS,2026-05-22,2026-06-22,355.05,355,385,366.51,424.75,19.63,0.6008,1.478,3,11.51,3.242,173,3198.4,160.6,True,2135765.610000003
ANGELONE.NS,2026-05-22,2026-06-22,339.35,340,365,349.31,354.8,4.55,0.4311,1.139,3,9.31,2.744,214,1174.63,58.95,True,2136940.240000003
AJMERA.NS,2026-05-25,2026-06-23,131.37,130,140,134.15,132.75,1.05,0.604,1.273,4,4.15,3.155,482,-672.52,-33.66,False,2136267.720000003
TITAN.NS,2026-05-25,2026-06-23,4145.6,4145,4475,4261.62,4291.22,3.51,0.3527,0.761,4,116.62,2.813,17,503.12,25.38,True,2136770.840000003
APOLLO.NS,2026-05-25,2026-06-23,408.2,410,440,421.76,406.95,-0.31,0.7379,1.694,4,11.76,2.88,170,-1998.63,-100.0,False,2134772.210000003
ABCAPITAL.NS,2026-05-25,2026-06-23,363.65,365,395,374.7,383.75,5.53,0.3173,0.935,3,9.7,2.669,206,1863.36,93.21,True,2136635.570000003
AJMERA.NS,2026-05-26,2026-06-24,119.4,120,130,123.8,134.32,12.5,0.6962,1.296,4,3.8,3.185,525,3253.38,162.94,True,2139888.950000003
ABCAPITAL.NS,2026-05-26,2026-06-24,363.05,365,390,373.48,394.8,8.75,0.3126,0.874,4,8.48,2.337,235,3881.51,194.71,True,2143770.460000003
APARINDS.NS,2026-05-26,2026-06-24,12536.0,12535,13540,12890.89,16665.0,32.94,0.3597,0.998,3,355.89,2.839,5,3245.57,182.39,True,2147016.030000003
APOLLO.NS,2026-05-26,2026-06-24,412.1,410,445,423.96,395.0,-4.15,0.7382,1.667,3,13.96,3.387,143,-1995.76,-100.0,False,2145020.2700000033
APARINDS.NS,2026-05-27,2026-06-25,13426.0,13425,14500,13817.04,16022.0,19.34,0.4057,1.101,4,392.04,2.92,5,3414.8,174.21,True,2148435.070000003
TITAN.NS,2026-05-27,2026-06-25,4124.37,4125,4455,4241.3,4277.26,3.71,0.3553,0.649,4,116.3,2.82,17,611.48,30.93,True,2149046.5500000035
ABB.NS,2026-05-27,2026-06-25,7219.0,7220,7795,7435.39,6993.0,-3.13,0.4648,0.929,4,215.39,2.984,9,-1938.47,-100.0,False,2147108.0800000033
ABCAPITAL.NS,2026-05-28,2026-06-26,364.9,365,395,374.85,390.8,7.1,0.2947,0.78,3,9.85,2.699,203,3238.39,162.0,True,2150346.4700000035
APARINDS.NS,2026-05-28,2026-06-26,13426.0,13425,14500,13816.83,16022.0,19.34,0.4047,1.036,3,391.83,2.918,5,3415.83,174.35,True,2153762.3000000035
TITAN.NS,2026-05-28,2026-06-26,4124.37,4125,4455,4241.17,4277.26,3.71,0.3539,0.584,3,116.17,2.817,17,613.56,31.07,True,2154375.860000003
TCS.NS,2026-06-02,2026-07-01,2433.56,2435,2630,2500.61,1971.79,-18.98,0.3098,0.913,4,65.61,2.696,30,-1968.41,-100.0,False,2152407.4500000034
ANANTRAJ.NS,2026-06-02,2026-07-01,552.2,550,595,567.32,516.9,-6.39,0.4782,0.809,5,17.32,3.137,115,-1992.09,-100.0,False,2150415.360000003
TITAN.NS,2026-06-03,2026-07-02,4075.43,4075,4400,4190.61,4466.44,9.59,0.363,0.665,4,115.61,2.837,17,3559.66,181.12,True,2153975.0200000033
ANANTRAJ.NS,2026-06-03,2026-07-02,548.0,550,590,564.61,537.65,-1.89,0.4143,0.816,3,14.61,2.666,136,-1987.14,-100.0,False,2151987.8800000036
TITAN.NS,2026-06-04,2026-07-03,4217.16,4215,4555,4337.67,4446.51,5.44,0.3846,0.785,5,122.67,2.909,16,1741.41,88.72,True,2153729.2900000033
ABCAPITAL.NS,2026-06-04,2026-07-03,353.65,355,380,363.21,401.25,13.46,0.2777,0.737,4,8.21,2.322,243,4079.94,204.5,True,2157809.2300000032
ANANTRAJ.NS,2026-06-04,2026-07-03,589.35,590,635,607.08,554.7,-5.88,0.4896,0.917,3,17.08,2.897,117,-1997.81,-100.0,False,2155811.420000003
TITAN.NS,2026-06-05,2026-07-06,4246.27,4245,4585,4364.34,4469.73,5.26,0.3448,0.821,4,119.34,2.81,16,1686.34,88.32,True,2157497.7600000035
ABCAPITAL.NS,2026-06-05,2026-07-06,357.5,360,385,367.89,409.75,14.62,0.2758,0.77,4,7.89,2.207,253,4328.42,216.79,True,2161826.1800000034
APOLLO.NS,2026-06-05,2026-07-06,421.35,420,455,433.94,423.85,0.59,0.82,1.46,3,13.94,3.308,143,-1442.48,-72.38,False,2160383.700000003
APARINDS.NS,2026-06-05,2026-07-06,13878.0,13880,14990,14284.58,14323.0,3.21,0.4074,1.146,3,404.58,2.915,4,153.69,9.5,True,2160537.3900000034
ANANTRAJ.NS,2026-06-05,2026-07-06,570.05,570,615,587.15,550.9,-3.36,0.5054,0.988,4,17.15,3.009,116,-1989.59,-100.0,False,2158547.800000003
ABCAPITAL.NS,2026-06-08,2026-07-07,344.0,345,370,353.35,405.4,17.85,0.2917,0.835,4,8.35,2.429,239,3978.18,199.23,True,2162525.9800000032
APARINDS.NS,2026-06-08,2026-07-07,13276.0,13275,14340,13670.11,14154.0,6.61,0.4422,1.129,3,395.11,2.976,5,2419.44,122.47,True,2164945.4200000027
APOLLO.NS,2026-06-08,2026-07-07,407.0,405,440,418.95,401.35,-1.39,0.8282,1.249,3,13.95,3.429,143,-1995.54,-100.0,False,2162949.8800000027
ABCAPITAL.NS,2026-06-09,2026-07-08,351.35,350,380,359.93,385.75,9.79,0.2751,0.881,3,9.93,2.828,201,4033.17,201.98,True,2166983.0500000026
ICICIBANK.NS,2026-06-10,2026-07-09,1293.3,1295,1360,1316.94,1380.7,6.76,0.1781,0.909,4,21.94,1.697,91,3918.27,196.23,True,2170901.320000003
APARINDS.NS,2026-06-10,2026-07-09,14085.0,14085,15210,14503.02,14070.0,-0.11,0.4442,1.107,3,418.02,2.968,4,-1672.08,-100.0,False,2169229.240000003
ICICIBANK.NS,2026-06-11,2026-07-10,1317.0,1315,1385,1339.66,1401.2,6.39,0.1858,1.07,3,24.66,1.872,81,3672.53,183.86,True,2172901.770000003
ANANDRATHI.NS,2026-06-11,2026-07-10,1743.9,1745,1840,1777.1,2146.8,23.1,0.1911,1.088,3,32.1,1.841,62,3900.0,195.98,True,2176801.770000003
APARINDS.NS,2026-06-11,2026-07-10,14551.0,14550,15715,14983.75,14058.0,-3.39,0.4493,1.28,4,433.75,2.981,4,-1735.0,-100.0,False,2175066.770000003
APARINDS.NS,2026-06-12,2026-07-13,15221.0,15220,16440,15677.1,13847.0,-9.03,0.4661,1.284,4,457.1,3.003,4,-1828.39,-100.0,False,2173238.3800000027
ANANDRATHI.NS,2026-06-12,2026-07-13,1765.3,1765,1865,1798.97,2117.7,19.96,0.1961,0.969,3,33.97,1.924,58,3829.8,194.39,True,2177068.180000003
APARINDS.NS,2026-06-15,2026-07-14,15986.0,15985,17265,16461.3,13595.0,-14.96,0.4481,1.313,4,476.3,2.979,4,-1905.19,-100.0,False,2175162.990000003
ANANDRATHI.NS,2026-06-15,2026-07-14,1781.6,1780,1885,1815.65,2080.8,16.79,0.1991,0.983,3,35.65,2.001,56,3883.65,194.54,True,2179046.640000003
ABB.NS,2026-06-15,2026-07-14,6922.5,6920,7475,7114.59,6892.0,-0.44,0.3432,0.843,4,194.59,2.811,10,-1945.89,-100.0,False,2177100.750000003
ANANTRAJ.NS,2026-06-15,2026-07-14,537.3,535,580,552.3,573.65,6.77,0.4913,1.222,3,17.3,3.219,115,2455.68,123.46,True,2179556.430000003
APOLLO.NS,2026-06-15,2026-07-14,421.65,420,455,433.97,405.9,-3.74,0.8008,1.252,3,13.97,3.314,143,-1998.1,-100.0,False,2177558.330000003
ABB.NS,2026-06-16,2026-07-15,7021.0,7020,7585,7216.67,7204.5,2.61,0.3389,0.817,4,196.67,2.801,10,-121.68,-6.19,False,2177436.650000003
APARINDS.NS,2026-06-16,2026-07-15,16168.0,16170,17460,16649.85,14136.0,-12.57,0.4482,1.267,4,479.85,2.968,4,-1919.4,-100.0,False,2175517.250000003
AJMERA.NS,2026-06-16,2026-07-15,139.61,140,150,143.98,135.55,-2.91,0.8684,1.087,4,3.98,2.849,502,-1996.87,-100.0,False,2173520.3800000027
TITAN.NS,2026-06-16,2026-07-15,4323.81,4325,4655,4433.35,4579.4,5.91,0.2684,1.05,3,108.35,2.506,18,2628.83,134.79,True,2176149.2100000028
APOLLO.NS,2026-06-16,2026-07-15,435.45,435,470,448.85,404.75,-7.05,0.7525,1.143,3,13.85,3.182,144,-1995.09,-100.0,False,2174154.120000003
ANANTRAJ.NS,2026-06-16,2026-07-15,540.7,540,585,556.98,573.2,6.01,0.4906,1.174,3,16.98,3.14,117,1898.07,95.56,True,2176052.190000003
ABCAPITAL.NS,2026-06-16,2026-07-15,373.8,375,405,385.35,404.3,8.16,0.367,1.142,3,10.35,2.769,193,3657.52,183.12,True,2179709.7100000028
ANANDRATHI.NS,2026-06-17,2026-07-16,1787.1,1785,1890,1820.85,2079.6,16.37,0.1988,0.795,3,35.85,2.006,55,3803.06,192.86,True,2183512.7700000033
BHARTIARTL.NS,2026-06-17,2026-07-16,1875.7,1875,1960,1905.05,1921.8,2.46,0.16,0.995,3,30.05,1.602,66,1105.51,55.74,True,2184618.280000003
ABB.NS,2026-06-17,2026-07-16,7164.0,7165,7735,7359.27,7667.5,7.03,0.3144,0.837,3,194.27,2.712,10,3082.29,158.66,True,2187700.570000003
ANANDRATHI.NS,2026-06-18,2026-07-17,1805.3,1805,1905,1839.09,2072.7,14.81,0.1922,0.844,3,34.09,1.888,58,3822.88,193.36,True,2191523.450000003
ABB.NS,2026-06-18,2026-07-17,7229.0,7230,7805,7425.97,7506.0,3.83,0.3143,0.83,3,195.97,2.711,10,800.26,40.83,True,2192323.7100000028
ANGELONE.NS,2026-06-18,2026-07-17,352.8,355,380,363.54,328.95,-6.76,0.3394,1.126,4,8.54,2.421,234,-1998.31,-100.0,False,2190325.400000003
BHARTIARTL.NS,2026-06-18,2026-07-17,1874.8,1875,1960,1904.48,1908.8,1.81,0.156,0.969,3,29.48,1.573,67,289.21,14.64,True,2190614.610000003
ANANDRATHI.NS,2026-06-19,2026-07-20,1867.5,1870,1990,1909.36,2088.8,11.85,0.2247,0.993,3,39.36,2.107,50,4032.18,204.91,True,2194646.790000003
ABB.NS,2026-06-19,2026-07-20,7248.0,7250,7830,7446.51,7440.0,2.65,0.3124,0.838,3,196.51,2.711,10,-65.11,-3.31,False,2194581.6800000025
